model,split,test_subject,test_trial,task,auroc,n_folds
L0,cross_session,1,1,delta_volume,0.4546272653061224,
L0,cross_session,1,1,face_num,0.4895660408163265,
L0,cross_session,1,1,frame_brightness,0.5677583673469387,
L0,cross_session,1,1,global_flow,0.5226031020408164,
L0,cross_session,1,1,gpt2_surprisal,0.492924081632653,
L0,cross_session,1,1,local_flow,0.5477002448979591,
L0,cross_session,1,1,onset,0.4152543201188521,
L0,cross_session,1,1,pitch,0.7045720816326531,
L0,cross_session,1,1,speech,0.3511353469387755,
L0,cross_session,1,1,volume,0.3588741224489796,
L0,cross_session,1,1,word_gap,0.5057149387755102,
L0,cross_session,1,1,word_head_pos,0.5354592653061224,
L0,cross_session,1,1,word_index,0.4898533752092316,
L0,cross_session,1,1,word_length,0.4875219591836734,
L0,cross_session,1,1,word_part_speech,0.4897287583210059,
L0,cross_session,1,2,delta_volume,0.4798915918367347,
L0,cross_session,1,2,face_num,0.6369332244897958,
L0,cross_session,1,2,frame_brightness,0.5554155102040816,
L0,cross_session,1,2,global_flow,0.3359294693877551,
L0,cross_session,1,2,gpt2_surprisal,0.4842435918367347,
L0,cross_session,1,2,local_flow,0.6971324081632653,
L0,cross_session,1,2,onset,0.4618838215342813,
L0,cross_session,1,2,pitch,0.5792300408163265,
L0,cross_session,1,2,speech,0.4945475918367347,
L0,cross_session,1,2,volume,0.5,
L0,cross_session,1,2,word_gap,0.6669884633231815,
L0,cross_session,1,2,word_head_pos,0.5095823673469388,
L0,cross_session,1,2,word_index,0.5049173394848135,
L0,cross_session,1,2,word_length,0.4327144489795918,
L0,cross_session,1,2,word_part_speech,0.4542061607562274,
L0,cross_session,2,0,delta_volume,0.5679412244897959,
L0,cross_session,2,0,face_num,0.5,
L0,cross_session,2,0,frame_brightness,0.6726844081632652,
L0,cross_session,2,0,global_flow,0.6084819591836734,
L0,cross_session,2,0,gpt2_surprisal,0.5143836734693877,
L0,cross_session,2,0,local_flow,0.5469217959183674,
L0,cross_session,2,0,onset,0.3766753179460845,
L0,cross_session,2,0,pitch,0.6260349387755102,
L0,cross_session,2,0,speech,0.4289933061224489,
L0,cross_session,2,0,volume,0.767235918367347,
L0,cross_session,2,0,word_gap,0.5,
L0,cross_session,2,0,word_head_pos,0.5028088163265306,
L0,cross_session,2,0,word_index,0.500232450023245,
L0,cross_session,2,0,word_length,0.5617658775510204,
L0,cross_session,2,0,word_part_speech,0.5635709342560553,
L0,cross_session,2,4,delta_volume,0.5456666122448979,
L0,cross_session,2,4,face_num,0.5179363265306123,
L0,cross_session,2,4,frame_brightness,0.0430733061224489,
L0,cross_session,2,4,global_flow,0.8168711836734694,
L0,cross_session,2,4,gpt2_surprisal,0.5851088979591836,
L0,cross_session,2,4,local_flow,0.5689665306122449,
L0,cross_session,2,4,onset,0.3056689496411107,
L0,cross_session,2,4,pitch,0.5897182040816327,
L0,cross_session,2,4,speech,0.7251774693877551,
L0,cross_session,2,4,volume,0.6661929795918367,
L0,cross_session,2,4,word_gap,0.5376064765483629,
L0,cross_session,2,4,word_head_pos,0.5378076734693877,
L0,cross_session,2,4,word_index,0.5,
L0,cross_session,2,4,word_length,0.5269472653061225,
L0,cross_session,2,4,word_part_speech,0.5186068702290076,
L0,cross_session,3,0,delta_volume,0.4720875102040817,
L0,cross_session,3,0,face_num,0.6301309387755102,
L0,cross_session,3,0,frame_brightness,0.121277387755102,
L0,cross_session,3,0,global_flow,0.3693635918367347,
L0,cross_session,3,0,gpt2_surprisal,0.5300244897959183,
L0,cross_session,3,0,local_flow,0.4432666122448979,
L0,cross_session,3,0,onset,0.5725779591836735,
L0,cross_session,3,0,pitch,0.6058318367346939,
L0,cross_session,3,0,speech,0.5881116734693876,
L0,cross_session,3,0,volume,0.250366693877551,
L0,cross_session,3,0,word_gap,0.4554710204081632,
L0,cross_session,3,0,word_head_pos,0.4881985306122449,
L0,cross_session,3,0,word_index,0.4953765285608477,
L0,cross_session,3,0,word_length,0.4593188571428571,
L0,cross_session,3,0,word_part_speech,0.5735776549648256,
L0,cross_session,3,1,delta_volume,0.4885002448979592,
L0,cross_session,3,1,face_num,0.4870164897959184,
L0,cross_session,3,1,frame_brightness,0.3785430204081633,
L0,cross_session,3,1,global_flow,0.4919510204081632,
L0,cross_session,3,1,gpt2_surprisal,0.5342027755102041,
L0,cross_session,3,1,local_flow,0.419008,
L0,cross_session,3,1,onset,0.5740068187378662,
L0,cross_session,3,1,pitch,0.6545175510204082,
L0,cross_session,3,1,speech,0.4481097142857142,
L0,cross_session,3,1,volume,0.4378958367346939,
L0,cross_session,3,1,word_gap,0.5234074613715399,
L0,cross_session,3,1,word_head_pos,0.5085270204081633,
L0,cross_session,3,1,word_index,0.526443800160628,
L0,cross_session,3,1,word_length,0.5106782040816327,
L0,cross_session,3,1,word_part_speech,0.4988248221971246,
L0,cross_session,4,0,delta_volume,0.5,
L0,cross_session,4,0,face_num,0.587530201826334,
L0,cross_session,4,0,frame_brightness,0.0443172143708496,
L0,cross_session,4,0,global_flow,0.5287828480617516,
L0,cross_session,4,0,gpt2_surprisal,0.501458652590953,
L0,cross_session,4,0,local_flow,0.5242905386230774,
L0,cross_session,4,0,onset,0.4088469926538108,
L0,cross_session,4,0,pitch,0.4770162892332141,
L0,cross_session,4,0,speech,0.453245387755102,
L0,cross_session,4,0,volume,0.3888799023781145,
L0,cross_session,4,0,word_gap,0.391740973600121,
L0,cross_session,4,0,word_head_pos,0.5026703673469388,
L0,cross_session,4,0,word_index,0.5225674708433329,
L0,cross_session,4,0,word_length,0.494096638685307,
L0,cross_session,4,0,word_part_speech,0.5594035043061389,
L0,cross_session,4,1,delta_volume,0.5027526530612245,
L0,cross_session,4,1,face_num,0.5337704489795918,
L0,cross_session,4,1,frame_brightness,0.1077028571428571,
L0,cross_session,4,1,global_flow,0.5567164081632654,
L0,cross_session,4,1,gpt2_surprisal,0.5705547755102041,
L0,cross_session,4,1,local_flow,0.4841404081632653,
L0,cross_session,4,1,onset,0.4080624880929701,
L0,cross_session,4,1,pitch,0.4872555102040816,
L0,cross_session,4,1,speech,0.4233678367346939,
L0,cross_session,4,1,volume,0.5010024489795919,
L0,cross_session,4,1,word_gap,0.4246869390217173,
L0,cross_session,4,1,word_head_pos,0.4985377959183673,
L0,cross_session,4,1,word_index,0.5353564547206167,
L0,cross_session,4,1,word_length,0.5321835102040816,
L0,cross_session,4,1,word_part_speech,0.5618029162630102,
L0,cross_session,7,0,delta_volume,0.5,
L0,cross_session,7,0,face_num,0.6301309387755102,
L0,cross_session,7,0,frame_brightness,0.8787226122448979,
L0,cross_session,7,0,global_flow,0.6306364081632654,
L0,cross_session,7,0,gpt2_surprisal,0.4699755102040816,
L0,cross_session,7,0,local_flow,0.4432666122448979,
L0,cross_session,7,0,onset,0.4469929795918367,
L0,cross_session,7,0,pitch,0.6058318367346939,
L0,cross_session,7,0,speech,0.4615353469387755,
L0,cross_session,7,0,volume,0.250366693877551,
L0,cross_session,7,0,word_gap,0.4554710204081632,
L0,cross_session,7,0,word_head_pos,0.4881985306122449,
L0,cross_session,7,0,word_index,0.4953765285608477,
L0,cross_session,7,0,word_length,0.4593188571428571,
L0,cross_session,7,0,word_part_speech,0.5735776549648256,
L0,cross_session,7,1,delta_volume,0.4972473469387755,
L0,cross_session,7,1,face_num,0.5337704489795918,
L0,cross_session,7,1,frame_brightness,0.8922971428571429,
L0,cross_session,7,1,global_flow,0.5567164081632654,
L0,cross_session,7,1,gpt2_surprisal,0.4294452244897959,
L0,cross_session,7,1,local_flow,0.4841404081632653,
L0,cross_session,7,1,onset,0.3379615164793293,
L0,cross_session,7,1,pitch,0.5127444897959184,
L0,cross_session,7,1,speech,0.3437320387127336,
L0,cross_session,7,1,volume,0.5010024489795919,
L0,cross_session,7,1,word_gap,0.5753130609782827,
L0,cross_session,7,1,word_head_pos,0.4985377959183673,
L0,cross_session,7,1,word_index,0.5353564547206167,
L0,cross_session,7,1,word_length,0.4678164897959184,
L0,cross_session,7,1,word_part_speech,0.5618029162630102,
L0,cross_session,10,0,delta_volume,0.5317237551020408,
L0,cross_session,10,0,face_num,0.3084016326530612,
L0,cross_session,10,0,frame_brightness,0.7436342857142857,
L0,cross_session,10,0,global_flow,0.5004995918367348,
L0,cross_session,10,0,gpt2_surprisal,0.5089018775510203,
L0,cross_session,10,0,local_flow,0.3913769795918367,
L0,cross_session,10,0,onset,0.7032904436402627,
L0,cross_session,10,0,pitch,0.5589564081632653,
L0,cross_session,10,0,speech,0.7065417142857142,
L0,cross_session,10,0,volume,0.6720365714285714,
L0,cross_session,10,0,word_gap,0.5018644897959184,
L0,cross_session,10,0,word_head_pos,0.496189387755102,
L0,cross_session,10,0,word_index,0.5069575304869423,
L0,cross_session,10,0,word_length,0.5216888163265305,
L0,cross_session,10,0,word_part_speech,0.5170709298931482,
L0,cross_session,10,1,delta_volume,0.5452212244897959,
L0,cross_session,10,1,face_num,0.4917250612244898,
L0,cross_session,10,1,frame_brightness,0.9729162448979592,
L0,cross_session,10,1,global_flow,0.7817913469387756,
L0,cross_session,10,1,gpt2_surprisal,0.5496568163265306,
L0,cross_session,10,1,local_flow,0.1598824489795918,
L0,cross_session,10,1,onset,0.5491604897959184,
L0,cross_session,10,1,pitch,0.2300995918367346,
L0,cross_session,10,1,speech,0.4924368979591836,
L0,cross_session,10,1,volume,0.8365988571428571,
L0,cross_session,10,1,word_gap,0.6121861224489795,
L0,cross_session,10,1,word_head_pos,0.510343836734694,
L0,cross_session,10,1,word_index,0.5021830432501347,
L0,cross_session,10,1,word_length,0.5074808163265305,
L0,cross_session,10,1,word_part_speech,0.5,
L0,cross_subject,1,1,delta_volume,0.5453727346938775,
L0,cross_subject,1,1,face_num,0.5,
L0,cross_subject,1,1,frame_brightness,0.4322416326530612,
L0,cross_subject,1,1,global_flow,0.5226031020408164,
L0,cross_subject,1,1,gpt2_surprisal,0.507075918367347,
L0,cross_subject,1,1,local_flow,0.4522997551020408,
L0,cross_subject,1,1,onset,0.5847456798811479,
L0,cross_subject,1,1,pitch,0.7045720816326531,
L0,cross_subject,1,1,speech,0.6488646530612244,
L0,cross_subject,1,1,volume,0.6411258775510205,
L0,cross_subject,1,1,word_gap,0.5,
L0,cross_subject,1,1,word_head_pos,0.5354592653061224,
L0,cross_subject,1,1,word_index,0.5101466247907683,
L0,cross_subject,1,1,word_length,0.5124780408163265,
L0,cross_subject,1,1,word_part_speech,0.4897287583210059,
L0,cross_subject,1,2,delta_volume,0.4798915918367347,
L0,cross_subject,1,2,face_num,0.5,
L0,cross_subject,1,2,frame_brightness,0.4445844897959184,
L0,cross_subject,1,2,global_flow,0.6640705306122449,
L0,cross_subject,1,2,gpt2_surprisal,0.4842435918367347,
L0,cross_subject,1,2,local_flow,0.3028675918367347,
L0,cross_subject,1,2,onset,0.4618838215342813,
L0,cross_subject,1,2,pitch,0.5792300408163265,
L0,cross_subject,1,2,speech,0.4945475918367347,
L0,cross_subject,1,2,volume,0.5368097959183674,
L0,cross_subject,1,2,word_gap,0.5,
L0,cross_subject,1,2,word_head_pos,0.5095823673469388,
L0,cross_subject,1,2,word_index,0.5049173394848135,
L0,cross_subject,1,2,word_length,0.4327144489795918,
L0,cross_subject,1,2,word_part_speech,0.5457938392437727,
L0,cross_subject,3,0,delta_volume,0.5279124897959184,
L0,cross_subject,3,0,face_num,0.5,
L0,cross_subject,3,0,frame_brightness,0.8787226122448979,
L0,cross_subject,3,0,global_flow,0.6306364081632654,
L0,cross_subject,3,0,gpt2_surprisal,0.5300244897959183,
L0,cross_subject,3,0,local_flow,0.4432666122448979,
L0,cross_subject,3,0,onset,0.5725779591836735,
L0,cross_subject,3,0,pitch,0.6058318367346939,
L0,cross_subject,3,0,speech,0.5881116734693876,
L0,cross_subject,3,0,volume,0.7496333061224489,
L0,cross_subject,3,0,word_gap,0.5,
L0,cross_subject,3,0,word_head_pos,0.4881985306122449,
L0,cross_subject,3,0,word_index,0.4953765285608477,
L0,cross_subject,3,0,word_length,0.5406811428571429,
L0,cross_subject,3,0,word_part_speech,0.5735776549648256,
L0,cross_subject,3,1,delta_volume,0.4885002448979592,
L0,cross_subject,3,1,face_num,0.5,
L0,cross_subject,3,1,frame_brightness,0.3785430204081633,
L0,cross_subject,3,1,global_flow,0.4919510204081632,
L0,cross_subject,3,1,gpt2_surprisal,0.5342027755102041,
L0,cross_subject,3,1,local_flow,0.580992,
L0,cross_subject,3,1,onset,0.4259931812621338,
L0,cross_subject,3,1,pitch,0.6545175510204082,
L0,cross_subject,3,1,speech,0.4481097142857142,
L0,cross_subject,3,1,volume,0.4378958367346939,
L0,cross_subject,3,1,word_gap,0.5,
L0,cross_subject,3,1,word_head_pos,0.4914729795918367,
L0,cross_subject,3,1,word_index,0.526443800160628,
L0,cross_subject,3,1,word_length,0.5106782040816327,
L0,cross_subject,3,1,word_part_speech,0.4988248221971246,
L0,cross_subject,4,0,delta_volume,0.521698166751802,
L0,cross_subject,4,0,face_num,0.5,
L0,cross_subject,4,0,frame_brightness,0.0443172143708496,
L0,cross_subject,4,0,global_flow,0.5287828480617516,
L0,cross_subject,4,0,gpt2_surprisal,0.498541347409047,
L0,cross_subject,4,0,local_flow,0.5242905386230774,
L0,cross_subject,4,0,onset,0.4088469926538108,
L0,cross_subject,4,0,pitch,0.4770162892332141,
L0,cross_subject,4,0,speech,0.453245387755102,
L0,cross_subject,4,0,volume,0.6111200976218856,
L0,cross_subject,4,0,word_gap,0.5,
L0,cross_subject,4,0,word_head_pos,0.5026703673469388,
L0,cross_subject,4,0,word_index,0.5225674708433329,
L0,cross_subject,4,0,word_length,0.505903361314693,
L0,cross_subject,4,0,word_part_speech,0.5594035043061389,
L0,cross_subject,4,1,delta_volume,0.4972473469387755,
L0,cross_subject,4,1,face_num,0.5,
L0,cross_subject,4,1,frame_brightness,0.8922971428571429,
L0,cross_subject,4,1,global_flow,0.5567164081632654,
L0,cross_subject,4,1,gpt2_surprisal,0.4294452244897959,
L0,cross_subject,4,1,local_flow,0.5158595918367346,
L0,cross_subject,4,1,onset,0.5919375119070298,
L0,cross_subject,4,1,pitch,0.5127444897959184,
L0,cross_subject,4,1,speech,0.5766321632653062,
L0,cross_subject,4,1,volume,0.5010024489795919,
L0,cross_subject,4,1,word_gap,0.5,
L0,cross_subject,4,1,word_head_pos,0.5014622040816327,
L0,cross_subject,4,1,word_index,0.5353564547206167,
L0,cross_subject,4,1,word_length,0.4678164897959184,
L0,cross_subject,4,1,word_part_speech,0.5618029162630102,
L0,cross_subject,7,0,delta_volume,0.5279124897959184,
L0,cross_subject,7,0,face_num,0.5,
L0,cross_subject,7,0,frame_brightness,0.8787226122448979,
L0,cross_subject,7,0,global_flow,0.6306364081632654,
L0,cross_subject,7,0,gpt2_surprisal,0.5300244897959183,
L0,cross_subject,7,0,local_flow,0.4432666122448979,
L0,cross_subject,7,0,onset,0.4469929795918367,
L0,cross_subject,7,0,pitch,0.6058318367346939,
L0,cross_subject,7,0,speech,0.4615353469387755,
L0,cross_subject,7,0,volume,0.7496333061224489,
L0,cross_subject,7,0,word_gap,0.5,
L0,cross_subject,7,0,word_head_pos,0.4881985306122449,
L0,cross_subject,7,0,word_index,0.4953765285608477,
L0,cross_subject,7,0,word_length,0.5406811428571429,
L0,cross_subject,7,0,word_part_speech,0.5735776549648256,
L0,cross_subject,7,1,delta_volume,0.4972473469387755,
L0,cross_subject,7,1,face_num,0.5,
L0,cross_subject,7,1,frame_brightness,0.8922971428571429,
L0,cross_subject,7,1,global_flow,0.5567164081632654,
L0,cross_subject,7,1,gpt2_surprisal,0.4294452244897959,
L0,cross_subject,7,1,local_flow,0.5158595918367346,
L0,cross_subject,7,1,onset,0.6620384835206706,
L0,cross_subject,7,1,pitch,0.5127444897959184,
L0,cross_subject,7,1,speech,0.6562679612872663,
L0,cross_subject,7,1,volume,0.5010024489795919,
L0,cross_subject,7,1,word_gap,0.5,
L0,cross_subject,7,1,word_head_pos,0.5014622040816327,
L0,cross_subject,7,1,word_index,0.5353564547206167,
L0,cross_subject,7,1,word_length,0.4678164897959184,
L0,cross_subject,7,1,word_part_speech,0.5618029162630102,
L0,cross_subject,10,0,delta_volume,0.5317237551020408,
L0,cross_subject,10,0,face_num,0.5,
L0,cross_subject,10,0,frame_brightness,0.7436342857142857,
L0,cross_subject,10,0,global_flow,0.5004995918367348,
L0,cross_subject,10,0,gpt2_surprisal,0.5089018775510203,
L0,cross_subject,10,0,local_flow,0.6086230204081633,
L0,cross_subject,10,0,onset,0.2967095563597373,
L0,cross_subject,10,0,pitch,0.5589564081632653,
L0,cross_subject,10,0,speech,0.2934582857142857,
L0,cross_subject,10,0,volume,0.6720365714285714,
L0,cross_subject,10,0,word_gap,0.5,
L0,cross_subject,10,0,word_head_pos,0.503810612244898,
L0,cross_subject,10,0,word_index,0.5069575304869423,
L0,cross_subject,10,0,word_length,0.5216888163265305,
L0,cross_subject,10,0,word_part_speech,0.5170709298931482,
L0,cross_subject,10,1,delta_volume,0.5452212244897959,
L0,cross_subject,10,1,face_num,0.5,
L0,cross_subject,10,1,frame_brightness,0.9729162448979592,
L0,cross_subject,10,1,global_flow,0.7817913469387756,
L0,cross_subject,10,1,gpt2_surprisal,0.5496568163265306,
L0,cross_subject,10,1,local_flow,0.1598824489795918,
L0,cross_subject,10,1,onset,0.4508395102040816,
L0,cross_subject,10,1,pitch,0.7699004081632652,
L0,cross_subject,10,1,speech,0.5075631020408162,
L0,cross_subject,10,1,volume,0.8365988571428571,
L0,cross_subject,10,1,word_gap,0.5,
L0,cross_subject,10,1,word_head_pos,0.4896561632653061,
L0,cross_subject,10,1,word_index,0.5021830432501347,
L0,cross_subject,10,1,word_length,0.5074808163265305,
L0,cross_subject,10,1,word_part_speech,0.5525200558977279,
L0,within,1,1,delta_volume,0.5988004555761052,
L0,within,1,1,face_num,0.5098142169002017,
L0,within,1,1,frame_brightness,0.6151609667408546,
L0,within,1,1,global_flow,0.3096193431762849,
L0,within,1,1,gpt2_surprisal,0.556327910305842,
L0,within,1,1,local_flow,0.3903743874277713,
L0,within,1,1,onset,0.49207036130778836,
L0,within,1,1,pitch,0.7528760853891727,
L0,within,1,1,speech,0.6439897390886388,
L0,within,1,1,volume,0.2704774145011128,
L0,within,1,1,word_gap,0.5610299572636177,
L0,within,1,1,word_head_pos,0.5516049653615874,
L0,within,1,1,word_index,0.5291623858953012,
L0,within,1,1,word_length,0.5628533065839105,
L0,within,1,1,word_part_speech,0.5223106971153846,
L0,within,1,2,delta_volume,0.5209293334587213,
L0,within,1,2,face_num,0.6502068900661422,
L0,within,1,2,frame_brightness,0.42746570117969135,
L0,within,1,2,global_flow,0.723365516232511,
L0,within,1,2,gpt2_surprisal,0.5077400917421606,
L0,within,1,2,local_flow,0.8003458616762275,
L0,within,1,2,onset,0.6149631190727081,
L0,within,1,2,pitch,0.7026556116318192,
L0,within,1,2,speech,0.5494655339957994,
L0,within,1,2,volume,0.382250295184059,
L0,within,1,2,word_gap,0.7796217378086181,
L0,within,1,2,word_head_pos,0.5312320407928696,
L0,within,1,2,word_index,0.4877931564782776,
L0,within,1,2,word_length,0.5981578424918759,
L0,within,1,2,word_part_speech,0.5476098714045298,
L0,within,2,0,delta_volume,0.6254715108199325,
L0,within,2,0,face_num,0.6049731983323406,
L0,within,2,0,frame_brightness,0.08784991066110776,
L0,within,2,0,global_flow,0.8048937859837204,
L0,within,2,0,gpt2_surprisal,0.5566988495658443,
L0,within,2,0,local_flow,0.2905917264871529,
L0,within,2,0,onset,0.6459936622906293,
L0,within,2,0,pitch,0.7878358045202345,
L0,within,2,0,speech,0.3103011399851624,
L0,within,2,0,volume,0.853058420321202,
L0,within,2,0,word_gap,0.36988608954109026,
L0,within,2,0,word_head_pos,0.536485272144029,
L0,within,2,0,word_index,0.49627982703384044,
L0,within,2,0,word_length,0.5869408482492712,
L0,within,2,0,word_part_speech,0.6614514128797946,
L0,within,2,4,delta_volume,0.5425509127195595,
L0,within,2,4,face_num,0.481014179283826,
L0,within,2,4,frame_brightness,0.7596653187465388,
L0,within,2,4,global_flow,0.17504414699643686,
L0,within,2,4,gpt2_surprisal,0.6012481322424584,
L0,within,2,4,local_flow,0.16574193076497074,
L0,within,2,4,onset,0.7627613028682547,
L0,within,2,4,pitch,0.3862679330846473,
L0,within,2,4,speech,0.794173118919992,
L0,within,2,4,volume,0.3121767342716529,
L0,within,2,4,word_gap,0.41320953136610367,
L0,within,2,4,word_head_pos,0.49326562385714134,
L0,within,2,4,word_index,0.5611184917180169,
L0,within,2,4,word_length,0.5659932290523808,
L0,within,2,4,word_part_speech,0.5446069576365014,
L0,within,3,0,delta_volume,0.5846917024544686,
L0,within,3,0,face_num,0.7483516713164686,
L0,within,3,0,frame_brightness,0.9989185291997116,
L0,within,3,0,global_flow,0.7205207778230567,
L0,within,3,0,gpt2_surprisal,0.5966009424991902,
L0,within,3,0,local_flow,0.5668657199878792,
L0,within,3,0,onset,0.4810925467331223,
L0,within,3,0,pitch,0.5032209021660763,
L0,within,3,0,speech,0.492980888791365,
L0,within,3,0,volume,0.7685965957180025,
L0,within,3,0,word_gap,0.3941125147592029,
L0,within,3,0,word_head_pos,0.561860652226158,
L0,within,3,0,word_index,0.48381837942277506,
L0,within,3,0,word_length,0.5896027292770342,
L0,within,3,0,word_part_speech,0.5745393140533805,
L0,within,3,1,delta_volume,0.514795774427134,
L0,within,3,1,face_num,0.4850344294327241,
L0,within,3,1,frame_brightness,0.9228446339195218,
L0,within,3,1,global_flow,0.5161802660313679,
L0,within,3,1,gpt2_surprisal,0.6130058618852073,
L0,within,3,1,local_flow,0.47548927410843966,
L0,within,3,1,onset,0.2187086934417895,
L0,within,3,1,pitch,0.7705165982257609,
L0,within,3,1,speech,0.22656813266041817,
L0,within,3,1,volume,0.5496536158741105,
L0,within,3,1,word_gap,0.6649865361533822,
L0,within,3,1,word_head_pos,0.45226116213702805,
L0,within,3,1,word_index,0.5168375484164958,
L0,within,3,1,word_length,0.4354748544977691,
L0,within,3,1,word_part_speech,0.5654845886694162,
L0,within,4,0,delta_volume,0.41371315192743763,
L0,within,4,0,face_num,0.4617003569085002,
L0,within,4,0,frame_brightness,0.7798724489795918,
L0,within,4,0,global_flow,0.6945124716553288,
L0,within,4,0,gpt2_surprisal,0.5057312925170068,
L0,within,4,0,local_flow,0.35893424036281174,
L0,within,4,0,onset,0.43404929981634527,
L0,within,4,0,pitch,0.5500907029478457,
L0,within,4,0,speech,0.337698400259135,
L0,within,4,0,volume,0.6951077097505669,
L0,within,4,0,word_gap,0.695245484204663,
L0,within,4,0,word_head_pos,0.5089547872062528,
L0,within,4,0,word_index,0.5511883765852019,
L0,within,4,0,word_length,0.4759177179224912,
L0,within,4,0,word_part_speech,0.6221697234500161,
L0,within,4,1,delta_volume,0.5247615017293084,
L0,within,4,1,face_num,0.5924082839618403,
L0,within,4,1,frame_brightness,0.28304494111992307,
L0,within,4,1,global_flow,0.6415916951401732,
L0,within,4,1,gpt2_surprisal,0.6236377125064,
L0,within,4,1,local_flow,0.5620408973595394,
L0,within,4,1,onset,0.6433572287414577,
L0,within,4,1,pitch,0.5959008599521436,
L0,within,4,1,speech,0.6709298559083832,
L0,within,4,1,volume,0.45297691817393393,
L0,within,4,1,word_gap,0.7365772541518127,
L0,within,4,1,word_head_pos,0.5018964922729695,
L0,within,4,1,word_index,0.5516198224852071,
L0,within,4,1,word_length,0.5658652288851969,
L0,within,4,1,word_part_speech,0.6003955068438802,
L0,within,7,0,delta_volume,0.5846917024544686,
L0,within,7,0,face_num,0.7483516713164686,
L0,within,7,0,frame_brightness,0.9989185291997116,
L0,within,7,0,global_flow,0.7205207778230567,
L0,within,7,0,gpt2_surprisal,0.5966009424991902,
L0,within,7,0,local_flow,0.5668657199878792,
L0,within,7,0,onset,0.7365730436872406,
L0,within,7,0,pitch,0.5032209021660763,
L0,within,7,0,speech,0.7263669895405578,
L0,within,7,0,volume,0.7685965957180025,
L0,within,7,0,word_gap,0.3941125147592029,
L0,within,7,0,word_head_pos,0.561860652226158,
L0,within,7,0,word_index,0.48381837942277506,
L0,within,7,0,word_length,0.5896027292770342,
L0,within,7,0,word_part_speech,0.5745393140533805,
L0,within,7,1,delta_volume,0.5247615017293084,
L0,within,7,1,face_num,0.5924082839618403,
L0,within,7,1,frame_brightness,0.28304494111992307,
L0,within,7,1,global_flow,0.6415916951401732,
L0,within,7,1,gpt2_surprisal,0.6236377125064,
L0,within,7,1,local_flow,0.5620408973595394,
L0,within,7,1,onset,0.6029861650152961,
L0,within,7,1,pitch,0.5959008599521436,
L0,within,7,1,speech,0.6186759600349825,
L0,within,7,1,volume,0.5454296103570422,
L0,within,7,1,word_gap,0.7365772541518127,
L0,within,7,1,word_head_pos,0.5122540568216252,
L0,within,7,1,word_index,0.5516198224852071,
L0,within,7,1,word_length,0.5658652288851969,
L0,within,7,1,word_part_speech,0.6003955068438802,
L0,within,10,0,delta_volume,0.5412891967858897,
L0,within,10,0,face_num,0.7970962247787425,
L0,within,10,0,frame_brightness,0.825337241256805,
L0,within,10,0,global_flow,0.40260754626291756,
L0,within,10,0,gpt2_surprisal,0.49607640303856726,
L0,within,10,0,local_flow,0.6280733101365683,
L0,within,10,0,onset,0.7253361271171643,
L0,within,10,0,pitch,0.305572970544288,
L0,within,10,0,speech,0.7079767614390353,
L0,within,10,0,volume,0.7934207914067479,
L0,within,10,0,word_gap,0.6221774657011796,
L0,within,10,0,word_head_pos,0.46539554663908134,
L0,within,10,0,word_index,0.5273145323480893,
L0,within,10,0,word_length,0.4771767865166191,
L0,within,10,0,word_part_speech,0.4470100905859419,
L0,within,10,1,delta_volume,0.6258476745765544,
L0,within,10,1,face_num,0.26585373499263343,
L0,within,10,1,frame_brightness,0.8735828552918925,
L0,within,10,1,global_flow,0.7345877349717355,
L0,within,10,1,gpt2_surprisal,0.5543190913555478,
L0,within,10,1,local_flow,0.7967357345119798,
L0,within,10,1,onset,0.6957775618319174,
L0,within,10,1,pitch,0.8746721628371108,
L0,within,10,1,speech,0.2987236554757949,
L0,within,10,1,volume,0.8714538729193443,
L0,within,10,1,word_gap,0.7831703290387971,
L0,within,10,1,word_head_pos,0.5291161196618706,
L0,within,10,1,word_index,0.5152184235517568,
L0,within,10,1,word_length,0.5150256522784029,
L0,within,10,1,word_part_speech,0.6168927423896121,
L1,cross_session,1,1,delta_volume,0.5884839183673469,
L1,cross_session,1,1,face_num,0.5260029387755103,
L1,cross_session,1,1,frame_brightness,0.5184104489795918,
L1,cross_session,1,1,global_flow,0.6024319999999999,
L1,cross_session,1,1,gpt2_surprisal,0.5309008979591837,
L1,cross_session,1,1,local_flow,0.5672032653061225,
L1,cross_session,1,1,onset,0.7808777725649647,
L1,cross_session,1,1,pitch,0.5553946122448981,
L1,cross_session,1,1,speech,0.7977286530612245,
L1,cross_session,1,1,volume,0.6709733877551021,
L1,cross_session,1,1,word_gap,0.520389224489796,
L1,cross_session,1,1,word_head_pos,0.549505306122449,
L1,cross_session,1,1,word_index,0.5376143750258767,
L1,cross_session,1,1,word_length,0.5552261224489796,
L1,cross_session,1,1,word_part_speech,0.5151381633690828,
L1,cross_session,1,2,delta_volume,0.574211918367347,
L1,cross_session,1,2,face_num,0.5269015510204083,
L1,cross_session,1,2,frame_brightness,0.5257743673469388,
L1,cross_session,1,2,global_flow,0.631869387755102,
L1,cross_session,1,2,gpt2_surprisal,0.5326458775510204,
L1,cross_session,1,2,local_flow,0.5840927346938776,
L1,cross_session,1,2,onset,0.870019437717451,
L1,cross_session,1,2,pitch,0.557184,
L1,cross_session,1,2,speech,0.9127902040816326,
L1,cross_session,1,2,volume,0.6497084081632654,
L1,cross_session,1,2,word_gap,0.5211679085172998,
L1,cross_session,1,2,word_head_pos,0.5624202448979592,
L1,cross_session,1,2,word_index,0.524163783160323,
L1,cross_session,1,2,word_length,0.5613231020408163,
L1,cross_session,1,2,word_part_speech,0.5196843046788029,
L1,cross_session,2,0,delta_volume,0.5978540408163266,
L1,cross_session,2,0,face_num,0.5274932244897959,
L1,cross_session,2,0,frame_brightness,0.5791425306122449,
L1,cross_session,2,0,global_flow,0.5678419591836734,
L1,cross_session,2,0,gpt2_surprisal,0.5447902040816328,
L1,cross_session,2,0,local_flow,0.536390530612245,
L1,cross_session,2,0,onset,0.7274661929281574,
L1,cross_session,2,0,pitch,0.579128163265306,
L1,cross_session,2,0,speech,0.8178782040816326,
L1,cross_session,2,0,volume,0.5178318367346939,
L1,cross_session,2,0,word_gap,0.5125912593596846,
L1,cross_session,2,0,word_head_pos,0.5384267755102041,
L1,cross_session,2,0,word_index,0.6327377349718868,
L1,cross_session,2,0,word_length,0.560002612244898,
L1,cross_session,2,0,word_part_speech,0.5191750865051903,
L1,cross_session,2,4,delta_volume,0.5960058775510204,
L1,cross_session,2,4,face_num,0.5372395102040817,
L1,cross_session,2,4,frame_brightness,0.5654608979591838,
L1,cross_session,2,4,global_flow,0.547646693877551,
L1,cross_session,2,4,gpt2_surprisal,0.5467493877551021,
L1,cross_session,2,4,local_flow,0.5717263673469388,
L1,cross_session,2,4,onset,0.7677049672567131,
L1,cross_session,2,4,pitch,0.5757701224489796,
L1,cross_session,2,4,speech,0.809286530612245,
L1,cross_session,2,4,volume,0.5887516734693878,
L1,cross_session,2,4,word_gap,0.4866506308203502,
L1,cross_session,2,4,word_head_pos,0.546949224489796,
L1,cross_session,2,4,word_index,0.6352712137486574,
L1,cross_session,2,4,word_length,0.5564421224489795,
L1,cross_session,2,4,word_part_speech,0.4875043703746867,
L1,cross_session,3,0,delta_volume,0.572739918367347,
L1,cross_session,3,0,face_num,0.5019389387755102,
L1,cross_session,3,0,frame_brightness,0.5130161632653061,
L1,cross_session,3,0,global_flow,0.607486693877551,
L1,cross_session,3,0,gpt2_surprisal,0.5667578775510205,
L1,cross_session,3,0,local_flow,0.5476545306122449,
L1,cross_session,3,0,onset,0.8917577142857142,
L1,cross_session,3,0,pitch,0.5328901224489796,
L1,cross_session,3,0,speech,0.933315918367347,
L1,cross_session,3,0,volume,0.5970599183673468,
L1,cross_session,3,0,word_gap,0.5267905306122449,
L1,cross_session,3,0,word_head_pos,0.5281502040816326,
L1,cross_session,3,0,word_index,0.6190935955378871,
L1,cross_session,3,0,word_length,0.5495209795918368,
L1,cross_session,3,0,word_part_speech,0.5612276850487162,
L1,cross_session,3,1,delta_volume,0.6589479183673469,
L1,cross_session,3,1,face_num,0.4992835918367347,
L1,cross_session,3,1,frame_brightness,0.4555924897959184,
L1,cross_session,3,1,global_flow,0.6337449795918367,
L1,cross_session,3,1,gpt2_surprisal,0.5893551020408163,
L1,cross_session,3,1,local_flow,0.584892081632653,
L1,cross_session,3,1,onset,0.8486183000181113,
L1,cross_session,3,1,pitch,0.5515937959183674,
L1,cross_session,3,1,speech,0.874307918367347,
L1,cross_session,3,1,volume,0.6046262857142857,
L1,cross_session,3,1,word_gap,0.5470079482940589,
L1,cross_session,3,1,word_head_pos,0.541378612244898,
L1,cross_session,3,1,word_index,0.7229908692705099,
L1,cross_session,3,1,word_length,0.5270857142857143,
L1,cross_session,3,1,word_part_speech,0.5552944049326943,
L1,cross_session,4,0,delta_volume,0.547955332311709,
L1,cross_session,4,0,face_num,0.498044644610151,
L1,cross_session,4,0,frame_brightness,0.5650817299506214,
L1,cross_session,4,0,global_flow,0.500725069527215,
L1,cross_session,4,0,gpt2_surprisal,0.5367387479425619,
L1,cross_session,4,0,local_flow,0.5515806799477836,
L1,cross_session,4,0,onset,0.7845536329201102,
L1,cross_session,4,0,pitch,0.5586057665020716,
L1,cross_session,4,0,speech,0.7116551836734695,
L1,cross_session,4,0,volume,0.5228333049548782,
L1,cross_session,4,0,word_gap,0.4871905205868057,
L1,cross_session,4,0,word_head_pos,0.5163755102040817,
L1,cross_session,4,0,word_index,0.5531346048587428,
L1,cross_session,4,0,word_length,0.5458084074775436,
L1,cross_session,4,0,word_part_speech,0.5221373721946458,
L1,cross_session,4,1,delta_volume,0.5160816326530613,
L1,cross_session,4,1,face_num,0.5254569795918367,
L1,cross_session,4,1,frame_brightness,0.5503621224489795,
L1,cross_session,4,1,global_flow,0.5630406530612244,
L1,cross_session,4,1,gpt2_surprisal,0.5353782857142857,
L1,cross_session,4,1,local_flow,0.5809097142857143,
L1,cross_session,4,1,onset,0.7104953324442751,
L1,cross_session,4,1,pitch,0.5389505306122448,
L1,cross_session,4,1,speech,0.6844852244897959,
L1,cross_session,4,1,volume,0.5607810612244898,
L1,cross_session,4,1,word_gap,0.4970174748980616,
L1,cross_session,4,1,word_head_pos,0.5125394285714286,
L1,cross_session,4,1,word_index,0.5427115755150438,
L1,cross_session,4,1,word_length,0.5450200816326531,
L1,cross_session,4,1,word_part_speech,0.5147924584544303,
L1,cross_session,7,0,delta_volume,0.526338612244898,
L1,cross_session,7,0,face_num,0.4783242448979591,
L1,cross_session,7,0,frame_brightness,0.4669022040816326,
L1,cross_session,7,0,global_flow,0.5199542857142857,
L1,cross_session,7,0,gpt2_surprisal,0.5174217142857143,
L1,cross_session,7,0,local_flow,0.5455229387755102,
L1,cross_session,7,0,onset,0.7883324081632653,
L1,cross_session,7,0,pitch,0.5290736326530612,
L1,cross_session,7,0,speech,0.7891604897959184,
L1,cross_session,7,0,volume,0.5701864489795918,
L1,cross_session,7,0,word_gap,0.4770272653061224,
L1,cross_session,7,0,word_head_pos,0.5264195918367347,
L1,cross_session,7,0,word_index,0.5473475973819852,
L1,cross_session,7,0,word_length,0.4916166530612245,
L1,cross_session,7,0,word_part_speech,0.5158149455456988,
L1,cross_session,7,1,delta_volume,0.5548891428571429,
L1,cross_session,7,1,face_num,0.5279111836734693,
L1,cross_session,7,1,frame_brightness,0.4046928979591837,
L1,cross_session,7,1,global_flow,0.523457306122449,
L1,cross_session,7,1,gpt2_surprisal,0.534716081632653,
L1,cross_session,7,1,local_flow,0.5236819591836734,
L1,cross_session,7,1,onset,0.7877938654981902,
L1,cross_session,7,1,pitch,0.5716989387755103,
L1,cross_session,7,1,speech,0.7712003233238756,
L1,cross_session,7,1,volume,0.5640137142857142,
L1,cross_session,7,1,word_gap,0.4702825292682352,
L1,cross_session,7,1,word_head_pos,0.5169515102040816,
L1,cross_session,7,1,word_index,0.5230658070253447,
L1,cross_session,7,1,word_length,0.5062308571428571,
L1,cross_session,7,1,word_part_speech,0.5223501502844226,
L1,cross_session,10,0,delta_volume,0.5321887346938776,
L1,cross_session,10,0,face_num,0.4197903673469387,
L1,cross_session,10,0,frame_brightness,0.257597387755102,
L1,cross_session,10,0,global_flow,0.4942497959183674,
L1,cross_session,10,0,gpt2_surprisal,0.5293361632653062,
L1,cross_session,10,0,local_flow,0.5680091428571428,
L1,cross_session,10,0,onset,0.7843612873900807,
L1,cross_session,10,0,pitch,0.5070981224489796,
L1,cross_session,10,0,speech,0.7774928979591837,
L1,cross_session,10,0,volume,0.5108362448979592,
L1,cross_session,10,0,word_gap,0.4781648979591836,
L1,cross_session,10,0,word_head_pos,0.5152470204081632,
L1,cross_session,10,0,word_index,0.5917777211894859,
L1,cross_session,10,0,word_length,0.5584744489795919,
L1,cross_session,10,0,word_part_speech,0.5098788885113958,
L1,cross_session,10,1,delta_volume,0.5809763265306123,
L1,cross_session,10,1,face_num,0.4813766530612245,
L1,cross_session,10,1,frame_brightness,0.4742791836734694,
L1,cross_session,10,1,global_flow,0.587267918367347,
L1,cross_session,10,1,gpt2_surprisal,0.5107996734693878,
L1,cross_session,10,1,local_flow,0.4898977959183673,
L1,cross_session,10,1,onset,0.7388891428571429,
L1,cross_session,10,1,pitch,0.5660251428571429,
L1,cross_session,10,1,speech,0.7525603265306122,
L1,cross_session,10,1,volume,0.6158302040816326,
L1,cross_session,10,1,word_gap,0.5246667755102041,
L1,cross_session,10,1,word_head_pos,0.5100943673469387,
L1,cross_session,10,1,word_index,0.5935076127549554,
L1,cross_session,10,1,word_length,0.5193051428571429,
L1,cross_session,10,1,word_part_speech,0.5244697479426531,
L1,cross_subject,1,1,delta_volume,0.5947023673469387,
L1,cross_subject,1,1,face_num,0.5473044897959184,
L1,cross_subject,1,1,frame_brightness,0.5139617959183673,
L1,cross_subject,1,1,global_flow,0.5604976326530613,
L1,cross_subject,1,1,gpt2_surprisal,0.5314742857142857,
L1,cross_subject,1,1,local_flow,0.5177534693877551,
L1,cross_subject,1,1,onset,0.531192170354732,
L1,cross_subject,1,1,pitch,0.5452042448979593,
L1,cross_subject,1,1,speech,0.674108081632653,
L1,cross_subject,1,1,volume,0.5301498775510203,
L1,cross_subject,1,1,word_gap,0.5396009795918367,
L1,cross_subject,1,1,word_head_pos,0.4957805714285714,
L1,cross_subject,1,1,word_index,0.5963411821069255,
L1,cross_subject,1,1,word_length,0.5230733061224491,
L1,cross_subject,1,1,word_part_speech,0.520155325443787,
L1,cross_subject,1,2,delta_volume,0.4844068571428571,
L1,cross_subject,1,2,face_num,0.5162631836734695,
L1,cross_subject,1,2,frame_brightness,0.5280639999999999,
L1,cross_subject,1,2,global_flow,0.5000084897959183,
L1,cross_subject,1,2,gpt2_surprisal,0.4774034285714286,
L1,cross_subject,1,2,local_flow,0.4905155918367347,
L1,cross_subject,1,2,onset,0.549274519655051,
L1,cross_subject,1,2,pitch,0.4966622040816326,
L1,cross_subject,1,2,speech,0.7366164897959184,
L1,cross_subject,1,2,volume,0.5090716734693879,
L1,cross_subject,1,2,word_gap,0.4876952781229832,
L1,cross_subject,1,2,word_head_pos,0.5481195102040817,
L1,cross_subject,1,2,word_index,0.5464936562860438,
L1,cross_subject,1,2,word_length,0.4952228571428571,
L1,cross_subject,1,2,word_part_speech,0.5004697464012922,
L1,cross_subject,3,0,delta_volume,0.5155957551020408,
L1,cross_subject,3,0,face_num,0.5259376326530611,
L1,cross_subject,3,0,frame_brightness,0.486718693877551,
L1,cross_subject,3,0,global_flow,0.4466795102040816,
L1,cross_subject,3,0,gpt2_surprisal,0.4851996734693877,
L1,cross_subject,3,0,local_flow,0.4291970612244898,
L1,cross_subject,3,0,onset,0.6195500408163265,
L1,cross_subject,3,0,pitch,0.4855967346938775,
L1,cross_subject,3,0,speech,0.6825730612244898,
L1,cross_subject,3,0,volume,0.5037609795918367,
L1,cross_subject,3,0,word_gap,0.4967079183673469,
L1,cross_subject,3,0,word_head_pos,0.4846445714285714,
L1,cross_subject,3,0,word_index,0.5402772949196608,
L1,cross_subject,3,0,word_length,0.5000032653061224,
L1,cross_subject,3,0,word_part_speech,0.4858343402283097,
L1,cross_subject,3,1,delta_volume,0.5258579591836734,
L1,cross_subject,3,1,face_num,0.4735464489795918,
L1,cross_subject,3,1,frame_brightness,0.5047836734693878,
L1,cross_subject,3,1,global_flow,0.4694870204081632,
L1,cross_subject,3,1,gpt2_surprisal,0.4921808979591836,
L1,cross_subject,3,1,local_flow,0.4674873469387754,
L1,cross_subject,3,1,onset,0.5332405527435411,
L1,cross_subject,3,1,pitch,0.4953534693877551,
L1,cross_subject,3,1,speech,0.6282109387755103,
L1,cross_subject,3,1,volume,0.505155918367347,
L1,cross_subject,3,1,word_gap,0.5467510997786433,
L1,cross_subject,3,1,word_head_pos,0.4606876734693877,
L1,cross_subject,3,1,word_index,0.5481513547997563,
L1,cross_subject,3,1,word_length,0.5271079183673469,
L1,cross_subject,3,1,word_part_speech,0.5208835709125688,
L1,cross_subject,4,0,delta_volume,0.5318349509052727,
L1,cross_subject,4,0,face_num,0.4838262458378578,
L1,cross_subject,4,0,frame_brightness,0.4725211419490323,
L1,cross_subject,4,0,global_flow,0.5002284465633691,
L1,cross_subject,4,0,gpt2_surprisal,0.4949259322322492,
L1,cross_subject,4,0,local_flow,0.5191313354900959,
L1,cross_subject,4,0,onset,0.4860214359504132,
L1,cross_subject,4,0,pitch,0.548816618423293,
L1,cross_subject,4,0,speech,0.5292969795918367,
L1,cross_subject,4,0,volume,0.4995331744139849,
L1,cross_subject,4,0,word_gap,0.4965476162017005,
L1,cross_subject,4,0,word_head_pos,0.4905443265306123,
L1,cross_subject,4,0,word_index,0.5053471432781778,
L1,cross_subject,4,0,word_length,0.5155450682676038,
L1,cross_subject,4,0,word_part_speech,0.5578337787959781,
L1,cross_subject,4,1,delta_volume,0.5152639999999999,
L1,cross_subject,4,1,face_num,0.5118589387755101,
L1,cross_subject,4,1,frame_brightness,0.4522840816326531,
L1,cross_subject,4,1,global_flow,0.4754442448979591,
L1,cross_subject,4,1,gpt2_surprisal,0.5122442448979592,
L1,cross_subject,4,1,local_flow,0.4552659591836735,
L1,cross_subject,4,1,onset,0.476365021908935,
L1,cross_subject,4,1,pitch,0.5453557551020407,
L1,cross_subject,4,1,speech,0.4929397551020408,
L1,cross_subject,4,1,volume,0.4805968979591836,
L1,cross_subject,4,1,word_gap,0.5453954268552248,
L1,cross_subject,4,1,word_head_pos,0.5028284081632652,
L1,cross_subject,4,1,word_index,0.5118867644879206,
L1,cross_subject,4,1,word_length,0.5120666122448979,
L1,cross_subject,4,1,word_part_speech,0.4923584718185657,
L1,cross_subject,7,0,delta_volume,0.5081417142857143,
L1,cross_subject,7,0,face_num,0.4994364081632653,
L1,cross_subject,7,0,frame_brightness,0.5022928979591836,
L1,cross_subject,7,0,global_flow,0.5240764081632653,
L1,cross_subject,7,0,gpt2_surprisal,0.5084473469387756,
L1,cross_subject,7,0,local_flow,0.500668081632653,
L1,cross_subject,7,0,onset,0.4187010612244898,
L1,cross_subject,7,0,pitch,0.5148813061224491,
L1,cross_subject,7,0,speech,0.442170775510204,
L1,cross_subject,7,0,volume,0.4756375510204081,
L1,cross_subject,7,0,word_gap,0.4704274285714286,
L1,cross_subject,7,0,word_head_pos,0.5115924897959183,
L1,cross_subject,7,0,word_index,0.5500268301162387,
L1,cross_subject,7,0,word_length,0.5134942040816326,
L1,cross_subject,7,0,word_part_speech,0.4737204509796527,
L1,cross_subject,7,1,delta_volume,0.5266272653061225,
L1,cross_subject,7,1,face_num,0.4792842448979592,
L1,cross_subject,7,1,frame_brightness,0.4930011428571428,
L1,cross_subject,7,1,global_flow,0.4978246530612245,
L1,cross_subject,7,1,gpt2_surprisal,0.4972852244897959,
L1,cross_subject,7,1,local_flow,0.5387951020408163,
L1,cross_subject,7,1,onset,0.4199580872547152,
L1,cross_subject,7,1,pitch,0.4720431020408163,
L1,cross_subject,7,1,speech,0.4270806934899598,
L1,cross_subject,7,1,volume,0.5274684081632652,
L1,cross_subject,7,1,word_gap,0.517718535854607,
L1,cross_subject,7,1,word_head_pos,0.5238334693877551,
L1,cross_subject,7,1,word_index,0.5415147472950941,
L1,cross_subject,7,1,word_length,0.5152222040816327,
L1,cross_subject,7,1,word_part_speech,0.4806213826166877,
L1,cross_subject,10,0,delta_volume,0.4743366530612244,
L1,cross_subject,10,0,face_num,0.5003062857142857,
L1,cross_subject,10,0,frame_brightness,0.4594115918367347,
L1,cross_subject,10,0,global_flow,0.5004382040816326,
L1,cross_subject,10,0,gpt2_surprisal,0.5158726530612245,
L1,cross_subject,10,0,local_flow,0.5178501224489795,
L1,cross_subject,10,0,onset,0.6779426933095576,
L1,cross_subject,10,0,pitch,0.4293054693877551,
L1,cross_subject,10,0,speech,0.7088953469387755,
L1,cross_subject,10,0,volume,0.4147787755102041,
L1,cross_subject,10,0,word_gap,0.4746788571428572,
L1,cross_subject,10,0,word_head_pos,0.5012950204081632,
L1,cross_subject,10,0,word_index,0.5611606258665083,
L1,cross_subject,10,0,word_length,0.4762331428571428,
L1,cross_subject,10,0,word_part_speech,0.4867571693120427,
L1,cross_subject,10,1,delta_volume,0.5609364897959184,
L1,cross_subject,10,1,face_num,0.4827676734693877,
L1,cross_subject,10,1,frame_brightness,0.4922644897959183,
L1,cross_subject,10,1,global_flow,0.4735830204081632,
L1,cross_subject,10,1,gpt2_surprisal,0.5289364897959183,
L1,cross_subject,10,1,local_flow,0.4867552653061224,
L1,cross_subject,10,1,onset,0.6706716734693878,
L1,cross_subject,10,1,pitch,0.4552267755102041,
L1,cross_subject,10,1,speech,0.5642553469387755,
L1,cross_subject,10,1,volume,0.468224,
L1,cross_subject,10,1,word_gap,0.5458716734693878,
L1,cross_subject,10,1,word_head_pos,0.5029368163265306,
L1,cross_subject,10,1,word_index,0.580449714032018,
L1,cross_subject,10,1,word_length,0.488896,
L1,cross_subject,10,1,word_part_speech,0.5031457999068372,
L1,within,1,1,delta_volume,0.6229924871738608,
L1,within,1,1,face_num,0.5305606929772316,
L1,within,1,1,frame_brightness,0.5221048451981651,
L1,within,1,1,global_flow,0.5796892469410573,
L1,within,1,1,gpt2_surprisal,0.5257698295769203,
L1,within,1,1,local_flow,0.5476787561518448,
L1,within,1,1,onset,0.7936113858808831,
L1,within,1,1,pitch,0.5242024805909951,
L1,within,1,1,speech,0.8210218070488908,
L1,within,1,1,volume,0.6722542658014901,
L1,within,1,1,word_gap,0.5227370092891549,
L1,within,1,1,word_head_pos,0.5469682246115586,
L1,within,1,1,word_index,0.621018882630106,
L1,within,1,1,word_length,0.5213028849670334,
L1,within,1,1,word_part_speech,0.5274102024778107,
L1,within,1,2,delta_volume,0.6602379235760635,
L1,within,1,2,face_num,0.49089631464008443,
L1,within,1,2,frame_brightness,0.5010083278476118,
L1,within,1,2,global_flow,0.5253858290753686,
L1,within,1,2,gpt2_surprisal,0.5718028692935436,
L1,within,1,2,local_flow,0.5128992821541644,
L1,within,1,2,onset,0.8877954237543279,
L1,within,1,2,pitch,0.5558890525897829,
L1,within,1,2,speech,0.9004132576826223,
L1,within,1,2,volume,0.6447316176086435,
L1,within,1,2,word_gap,0.539708996261114,
L1,within,1,2,word_head_pos,0.5730854832136923,
L1,within,1,2,word_index,0.6052210688196847,
L1,within,1,2,word_length,0.5710766642633982,
L1,within,1,2,word_part_speech,0.5238113590524274,
L1,within,2,0,delta_volume,0.6046936877631841,
L1,within,2,0,face_num,0.585976928622927,
L1,within,2,0,frame_brightness,0.5279170976876378,
L1,within,2,0,global_flow,0.5538070906868124,
L1,within,2,0,gpt2_surprisal,0.5510119849952457,
L1,within,2,0,local_flow,0.49431574767771125,
L1,within,2,0,onset,0.8174721223935478,
L1,within,2,0,pitch,0.5901539136704179,
L1,within,2,0,speech,0.8734261203933,
L1,within,2,0,volume,0.6322816421637775,
L1,within,2,0,word_gap,0.529987083923375,
L1,within,2,0,word_head_pos,0.567121720322247,
L1,within,2,0,word_index,0.6052677649200819,
L1,within,2,0,word_length,0.5417254422536388,
L1,within,2,0,word_part_speech,0.5113052529010541,
L1,within,2,4,delta_volume,0.6502983187569877,
L1,within,2,4,face_num,0.5564480737280962,
L1,within,2,4,frame_brightness,0.5058357627242616,
L1,within,2,4,global_flow,0.5896601987398513,
L1,within,2,4,gpt2_surprisal,0.5820010866952968,
L1,within,2,4,local_flow,0.5735086674398922,
L1,within,2,4,onset,0.7248920472418428,
L1,within,2,4,pitch,0.5764526712851217,
L1,within,2,4,speech,0.7393707616271172,
L1,within,2,4,volume,0.6544256710865908,
L1,within,2,4,word_gap,0.5156389718013628,
L1,within,2,4,word_head_pos,0.545999080488595,
L1,within,2,4,word_index,0.6674628300073492,
L1,within,2,4,word_length,0.5681561706529575,
L1,within,2,4,word_part_speech,0.5633121612959617,
L1,within,3,0,delta_volume,0.5635873483589857,
L1,within,3,0,face_num,0.5170057364972884,
L1,within,3,0,frame_brightness,0.43943241068723027,
L1,within,3,0,global_flow,0.6320360908226493,
L1,within,3,0,gpt2_surprisal,0.5679106193118293,
L1,within,3,0,local_flow,0.5550661943721722,
L1,within,3,0,onset,0.8711404031221591,
L1,within,3,0,pitch,0.5595488124719183,
L1,within,3,0,speech,0.8738362433779505,
L1,within,3,0,volume,0.6891502878697637,
L1,within,3,0,word_gap,0.4900943544089527,
L1,within,3,0,word_head_pos,0.5371644567045966,
L1,within,3,0,word_index,0.6108901400797005,
L1,within,3,0,word_length,0.5458867538112703,
L1,within,3,0,word_part_speech,0.5504688832054561,
L1,within,3,1,delta_volume,0.6924417207402067,
L1,within,3,1,face_num,0.4956845657920859,
L1,within,3,1,frame_brightness,0.45120842606814826,
L1,within,3,1,global_flow,0.6146985987900065,
L1,within,3,1,gpt2_surprisal,0.5734433612321453,
L1,within,3,1,local_flow,0.6894715944118784,
L1,within,3,1,onset,0.8280439755973564,
L1,within,3,1,pitch,0.5371722934495262,
L1,within,3,1,speech,0.8376252573064585,
L1,within,3,1,volume,0.6430493296970837,
L1,within,3,1,word_gap,0.5279320402236305,
L1,within,3,1,word_head_pos,0.5661395149577337,
L1,within,3,1,word_index,0.6842219184324448,
L1,within,3,1,word_length,0.5211565990616804,
L1,within,3,1,word_part_speech,0.5728646624701541,
L1,within,4,0,delta_volume,0.5191326530612245,
L1,within,4,0,face_num,0.4208079256093852,
L1,within,4,0,frame_brightness,0.5599149659863946,
L1,within,4,0,global_flow,0.5637528344671201,
L1,within,4,0,gpt2_surprisal,0.5392346938775511,
L1,within,4,0,local_flow,0.54046768707483,
L1,within,4,0,onset,0.6979310146923783,
L1,within,4,0,pitch,0.5158815192743764,
L1,within,4,0,speech,0.6538614254516578,
L1,within,4,0,volume,0.5073497732426304,
L1,within,4,0,word_gap,0.5539229728654412,
L1,within,4,0,word_head_pos,0.5020244924401535,
L1,within,4,0,word_index,0.5675792950925227,
L1,within,4,0,word_length,0.5248011137629276,
L1,within,4,0,word_part_speech,0.4878744771291639,
L1,within,4,1,delta_volume,0.537362987576147,
L1,within,4,1,face_num,0.5066586209418722,
L1,within,4,1,frame_brightness,0.5032156776694565,
L1,within,4,1,global_flow,0.5368091909344535,
L1,within,4,1,gpt2_surprisal,0.49251590859220706,
L1,within,4,1,local_flow,0.5364278026812117,
L1,within,4,1,onset,0.744551238147421,
L1,within,4,1,pitch,0.5318406946490706,
L1,within,4,1,speech,0.701905896366885,
L1,within,4,1,volume,0.5570097071147194,
L1,within,4,1,word_gap,0.5237261977219372,
L1,within,4,1,word_head_pos,0.5203180673542104,
L1,within,4,1,word_index,0.5405325443786982,
L1,within,4,1,word_length,0.5121887506138784,
L1,within,4,1,word_part_speech,0.5034839317595715,
L1,within,7,0,delta_volume,0.48611067573639277,
L1,within,7,0,face_num,0.4709883702705244,
L1,within,7,0,frame_brightness,0.41606062505877556,
L1,within,7,0,global_flow,0.5047281694408743,
L1,within,7,0,gpt2_surprisal,0.504670699978057,
L1,within,7,0,local_flow,0.4995559177873212,
L1,within,7,0,onset,0.7543650669258017,
L1,within,7,0,pitch,0.48094626082776926,
L1,within,7,0,speech,0.7227673113695495,
L1,within,7,0,volume,0.5056163338662321,
L1,within,7,0,word_gap,0.5264542386341077,
L1,within,7,0,word_head_pos,0.5130925885290952,
L1,within,7,0,word_index,0.5178307269653424,
L1,within,7,0,word_length,0.5147539784541759,
L1,within,7,0,word_part_speech,0.5169814414059938,
L1,within,7,1,delta_volume,0.5409365432640565,
L1,within,7,1,face_num,0.5329953084020355,
L1,within,7,1,frame_brightness,0.4829681410196127,
L1,within,7,1,global_flow,0.4992111010104176,
L1,within,7,1,gpt2_surprisal,0.5240953784102902,
L1,within,7,1,local_flow,0.508006541069768,
L1,within,7,1,onset,0.7275961523826918,
L1,within,7,1,pitch,0.5527125586449746,
L1,within,7,1,speech,0.7173528476399968,
L1,within,7,1,volume,0.5717009916094584,
L1,within,7,1,word_gap,0.5121547401675216,
L1,within,7,1,word_head_pos,0.530069590294975,
L1,within,7,1,word_index,0.5156286982248521,
L1,within,7,1,word_length,0.5004284087228196,
L1,within,7,1,word_part_speech,0.538775788534021,
L1,within,10,0,delta_volume,0.5731821364011578,
L1,within,10,0,face_num,0.46349382986949206,
L1,within,10,0,frame_brightness,0.45032809838772037,
L1,within,10,0,global_flow,0.5282331797331328,
L1,within,10,0,gpt2_surprisal,0.5117394439045797,
L1,within,10,0,local_flow,0.5562208081251372,
L1,within,10,0,onset,0.7724463069669985,
L1,within,10,0,pitch,0.5198086789337847,
L1,within,10,0,speech,0.7880526211299541,
L1,within,10,0,volume,0.542561361712799,
L1,within,10,0,word_gap,0.503291432870443,
L1,within,10,0,word_head_pos,0.5154409997596732,
L1,within,10,0,word_index,0.5684699342417463,
L1,within,10,0,word_length,0.5620095503798208,
L1,within,10,0,word_part_speech,0.499140006879945,
L1,within,10,1,delta_volume,0.630319843683061,
L1,within,10,1,face_num,0.5258272990397375,
L1,within,10,1,frame_brightness,0.6946725807968401,
L1,within,10,1,global_flow,0.6280315141636104,
L1,within,10,1,gpt2_surprisal,0.5472738576638141,
L1,within,10,1,local_flow,0.6497236241288152,
L1,within,10,1,onset,0.8276856524873828,
L1,within,10,1,pitch,0.5796683489545782,
L1,within,10,1,speech,0.8471625758858133,
L1,within,10,1,volume,0.6964985423654431,
L1,within,10,1,word_gap,0.4909067636333239,
L1,within,10,1,word_head_pos,0.5191085963867381,
L1,within,10,1,word_index,0.5808119658119657,
L1,within,10,1,word_length,0.5114129128658453,
L1,within,10,1,word_part_speech,0.5263382357812448,
L2,cross_session,1,1,delta_volume,0.5749916734693878,
L2,cross_session,1,1,face_num,0.5527993469387755,
L2,cross_session,1,1,frame_brightness,0.504182857142857,
L2,cross_session,1,1,global_flow,0.5517374693877551,
L2,cross_session,1,1,gpt2_surprisal,0.5094034285714286,
L2,cross_session,1,1,local_flow,0.5453008979591838,
L2,cross_session,1,1,onset,0.8039314384757734,
L2,cross_session,1,1,pitch,0.5969057959183673,
L2,cross_session,1,1,speech,0.8473782857142858,
L2,cross_session,1,1,volume,0.700738612244898,
L2,cross_session,1,1,word_gap,0.5112163265306122,
L2,cross_session,1,1,word_head_pos,0.5224489795918368,
L2,cross_session,1,1,word_index,0.5406752192865719,
L2,cross_session,1,1,word_length,0.5285224489795919,
L2,cross_session,1,1,word_part_speech,0.5300365199704142,
L2,cross_session,1,2,delta_volume,0.5370984489795918,
L2,cross_session,1,2,face_num,0.5473488979591836,
L2,cross_session,1,2,frame_brightness,0.5091056326530612,
L2,cross_session,1,2,global_flow,0.6141061224489797,
L2,cross_session,1,2,gpt2_surprisal,0.522949224489796,
L2,cross_session,1,2,local_flow,0.5523343673469387,
L2,cross_session,1,2,onset,0.9141240513998732,
L2,cross_session,1,2,pitch,0.5719170612244897,
L2,cross_session,1,2,speech,0.934467918367347,
L2,cross_session,1,2,volume,0.7167529795918367,
L2,cross_session,1,2,word_gap,0.507685784232675,
L2,cross_session,1,2,word_head_pos,0.5322684081632654,
L2,cross_session,1,2,word_index,0.530872741253364,
L2,cross_session,1,2,word_length,0.5496176326530613,
L2,cross_session,1,2,word_part_speech,0.5581455956448718,
L2,cross_session,2,0,delta_volume,0.5696927346938776,
L2,cross_session,2,0,face_num,0.5495980408163266,
L2,cross_session,2,0,frame_brightness,0.507395918367347,
L2,cross_session,2,0,global_flow,0.5236571428571428,
L2,cross_session,2,0,gpt2_surprisal,0.5683657142857144,
L2,cross_session,2,0,local_flow,0.5419859591836735,
L2,cross_session,2,0,onset,0.8291696159664681,
L2,cross_session,2,0,pitch,0.5592790204081632,
L2,cross_session,2,0,speech,0.8974915918367348,
L2,cross_session,2,0,volume,0.6588368979591837,
L2,cross_session,2,0,word_gap,0.5457231792929884,
L2,cross_session,2,0,word_head_pos,0.5437322448979591,
L2,cross_session,2,0,word_index,0.5969141162951852,
L2,cross_session,2,0,word_length,0.5522886530612245,
L2,cross_session,2,0,word_part_speech,0.5671529411764706,
L2,cross_session,2,4,delta_volume,0.5534393469387755,
L2,cross_session,2,4,face_num,0.5163585306122449,
L2,cross_session,2,4,frame_brightness,0.5380519183673469,
L2,cross_session,2,4,global_flow,0.5012244897959184,
L2,cross_session,2,4,gpt2_surprisal,0.5581923265306122,
L2,cross_session,2,4,local_flow,0.5668741224489796,
L2,cross_session,2,4,onset,0.870356601561383,
L2,cross_session,2,4,pitch,0.559417469387755,
L2,cross_session,2,4,speech,0.9073619591836736,
L2,cross_session,2,4,volume,0.6665678367346939,
L2,cross_session,2,4,word_gap,0.5079790420105547,
L2,cross_session,2,4,word_head_pos,0.5584365714285715,
L2,cross_session,2,4,word_index,0.6355680083667816,
L2,cross_session,2,4,word_length,0.5805871020408164,
L2,cross_session,2,4,word_part_speech,0.5774867431967834,
L2,cross_session,3,0,delta_volume,0.5596604081632653,
L2,cross_session,3,0,face_num,0.5094935510204082,
L2,cross_session,3,0,frame_brightness,0.5236244897959184,
L2,cross_session,3,0,global_flow,0.6116871836734694,
L2,cross_session,3,0,gpt2_surprisal,0.551105306122449,
L2,cross_session,3,0,local_flow,0.5994788571428571,
L2,cross_session,3,0,onset,0.8720796734693878,
L2,cross_session,3,0,pitch,0.4904633469387755,
L2,cross_session,3,0,speech,0.9210488163265308,
L2,cross_session,3,0,volume,0.6531043265306122,
L2,cross_session,3,0,word_gap,0.527297306122449,
L2,cross_session,3,0,word_head_pos,0.5400476734693878,
L2,cross_session,3,0,word_index,0.601319588252188,
L2,cross_session,3,0,word_length,0.5543000816326531,
L2,cross_session,3,0,word_part_speech,0.5421838445408805,
L2,cross_session,3,1,delta_volume,0.6110302040816327,
L2,cross_session,3,1,face_num,0.520896,
L2,cross_session,3,1,frame_brightness,0.4858318367346939,
L2,cross_session,3,1,global_flow,0.6305031836734694,
L2,cross_session,3,1,gpt2_surprisal,0.5685433469387755,
L2,cross_session,3,1,local_flow,0.6545985306122448,
L2,cross_session,3,1,onset,0.8902964848230656,
L2,cross_session,3,1,pitch,0.520892081632653,
L2,cross_session,3,1,speech,0.9341257142857144,
L2,cross_session,3,1,volume,0.6723670204081633,
L2,cross_session,3,1,word_gap,0.5308264918228773,
L2,cross_session,3,1,word_head_pos,0.5564943673469388,
L2,cross_session,3,1,word_index,0.7100836746202175,
L2,cross_session,3,1,word_length,0.5484133877551021,
L2,cross_session,3,1,word_part_speech,0.5439869221194578,
L2,cross_session,4,0,delta_volume,0.5330892786196719,
L2,cross_session,4,0,face_num,0.5145710038425939,
L2,cross_session,4,0,frame_brightness,0.4827686020773029,
L2,cross_session,4,0,global_flow,0.5762188546455531,
L2,cross_session,4,0,gpt2_surprisal,0.5302202168113967,
L2,cross_session,4,0,local_flow,0.57877859129349,
L2,cross_session,4,0,onset,0.8257719237832875,
L2,cross_session,4,0,pitch,0.5595422555196095,
L2,cross_session,4,0,speech,0.8374321632653061,
L2,cross_session,4,0,volume,0.5874467903967309,
L2,cross_session,4,0,word_gap,0.4918561194648307,
L2,cross_session,4,0,word_head_pos,0.5021740408163264,
L2,cross_session,4,0,word_index,0.5647130647130647,
L2,cross_session,4,0,word_length,0.5352773961850833,
L2,cross_session,4,0,word_part_speech,0.490789529506597,
L2,cross_session,4,1,delta_volume,0.5370501224489795,
L2,cross_session,4,1,face_num,0.5382282448979592,
L2,cross_session,4,1,frame_brightness,0.5311242448979592,
L2,cross_session,4,1,global_flow,0.6040437551020408,
L2,cross_session,4,1,gpt2_surprisal,0.5251983673469387,
L2,cross_session,4,1,local_flow,0.5952091428571429,
L2,cross_session,4,1,onset,0.7810211468851209,
L2,cross_session,4,1,pitch,0.5452617142857143,
L2,cross_session,4,1,speech,0.7764401632653062,
L2,cross_session,4,1,volume,0.6079124897959184,
L2,cross_session,4,1,word_gap,0.4976333622558867,
L2,cross_session,4,1,word_head_pos,0.5054654693877552,
L2,cross_session,4,1,word_index,0.5295168222913887,
L2,cross_session,4,1,word_length,0.5523996734693877,
L2,cross_session,4,1,word_part_speech,0.4958764935290757,
L2,cross_session,7,0,delta_volume,0.521340081632653,
L2,cross_session,7,0,face_num,0.4707199999999999,
L2,cross_session,7,0,frame_brightness,0.4421015510204081,
L2,cross_session,7,0,global_flow,0.5492937142857143,
L2,cross_session,7,0,gpt2_surprisal,0.541049469387755,
L2,cross_session,7,0,local_flow,0.5424483265306123,
L2,cross_session,7,0,onset,0.6903170612244898,
L2,cross_session,7,0,pitch,0.5050906122448979,
L2,cross_session,7,0,speech,0.7007098775510205,
L2,cross_session,7,0,volume,0.5090951836734694,
L2,cross_session,7,0,word_gap,0.5053923265306122,
L2,cross_session,7,0,word_head_pos,0.4999719183673469,
L2,cross_session,7,0,word_index,0.5196804570944873,
L2,cross_session,7,0,word_length,0.5005322448979592,
L2,cross_session,7,0,word_part_speech,0.5222842116135293,
L2,cross_session,7,1,delta_volume,0.513466775510204,
L2,cross_session,7,1,face_num,0.5168261224489796,
L2,cross_session,7,1,frame_brightness,0.462849306122449,
L2,cross_session,7,1,global_flow,0.5551137959183674,
L2,cross_session,7,1,gpt2_surprisal,0.4879399183673469,
L2,cross_session,7,1,local_flow,0.5126909387755102,
L2,cross_session,7,1,onset,0.6843855972566202,
L2,cross_session,7,1,pitch,0.5549975510204082,
L2,cross_session,7,1,speech,0.6929417006637084,
L2,cross_session,7,1,volume,0.536261224489796,
L2,cross_session,7,1,word_gap,0.507971212700322,
L2,cross_session,7,1,word_head_pos,0.4997877551020408,
L2,cross_session,7,1,word_index,0.5039980732177265,
L2,cross_session,7,1,word_length,0.5076741224489796,
L2,cross_session,7,1,word_part_speech,0.553841567926075,
L2,cross_session,10,0,delta_volume,0.5479144489795917,
L2,cross_session,10,0,face_num,0.5016842448979592,
L2,cross_session,10,0,frame_brightness,0.403646693877551,
L2,cross_session,10,0,global_flow,0.5606256326530612,
L2,cross_session,10,0,gpt2_surprisal,0.5161991836734694,
L2,cross_session,10,0,local_flow,0.571905306122449,
L2,cross_session,10,0,onset,0.8067035541336689,
L2,cross_session,10,0,pitch,0.547202612244898,
L2,cross_session,10,0,speech,0.7953684897959183,
L2,cross_session,10,0,volume,0.6042736326530613,
L2,cross_session,10,0,word_gap,0.5135777959183674,
L2,cross_session,10,0,word_head_pos,0.5167216326530613,
L2,cross_session,10,0,word_index,0.5595025889143537,
L2,cross_session,10,0,word_length,0.5348009795918367,
L2,cross_session,10,0,word_part_speech,0.5398361573540178,
L2,cross_session,10,1,delta_volume,0.5779787755102042,
L2,cross_session,10,1,face_num,0.5253642448979592,
L2,cross_session,10,1,frame_brightness,0.5239575510204082,
L2,cross_session,10,1,global_flow,0.5798700408163265,
L2,cross_session,10,1,gpt2_surprisal,0.5140675918367347,
L2,cross_session,10,1,local_flow,0.5249763265306122,
L2,cross_session,10,1,onset,0.7934210612244899,
L2,cross_session,10,1,pitch,0.5569188571428572,
L2,cross_session,10,1,speech,0.8162181224489795,
L2,cross_session,10,1,volume,0.6284917551020408,
L2,cross_session,10,1,word_gap,0.4973257142857142,
L2,cross_session,10,1,word_head_pos,0.4928875102040816,
L2,cross_session,10,1,word_index,0.5527550979223697,
L2,cross_session,10,1,word_length,0.5288555102040817,
L2,cross_session,10,1,word_part_speech,0.5565881683142695,
L2,cross_subject,1,1,delta_volume,0.620030693877551,
L2,cross_subject,1,1,face_num,0.540416,
L2,cross_subject,1,1,frame_brightness,0.5262288979591836,
L2,cross_subject,1,1,global_flow,0.5034762448979592,
L2,cross_subject,1,1,gpt2_surprisal,0.509312,
L2,cross_subject,1,1,local_flow,0.5182576326530612,
L2,cross_subject,1,1,onset,0.742508210180624,
L2,cross_subject,1,1,pitch,0.5395840000000001,
L2,cross_subject,1,1,speech,0.8126484897959184,
L2,cross_subject,1,1,volume,0.5107931428571428,
L2,cross_subject,1,1,word_gap,0.5382191020408164,
L2,cross_subject,1,1,word_head_pos,0.4651611428571428,
L2,cross_subject,1,1,word_index,0.588607744675314,
L2,cross_subject,1,1,word_length,0.5361828571428571,
L2,cross_subject,1,1,word_part_speech,0.541566024870562,
L2,cross_subject,1,2,delta_volume,0.4889978775510204,
L2,cross_subject,1,2,face_num,0.5343229387755102,
L2,cross_subject,1,2,frame_brightness,0.4921116734693878,
L2,cross_subject,1,2,global_flow,0.4967471020408163,
L2,cross_subject,1,2,gpt2_surprisal,0.4515748571428571,
L2,cross_subject,1,2,local_flow,0.4744019591836734,
L2,cross_subject,1,2,onset,0.8938583963224516,
L2,cross_subject,1,2,pitch,0.5390288979591837,
L2,cross_subject,1,2,speech,0.894913306122449,
L2,cross_subject,1,2,volume,0.6226651428571428,
L2,cross_subject,1,2,word_gap,0.4706702793230536,
L2,cross_subject,1,2,word_head_pos,0.5149204897959183,
L2,cross_subject,1,2,word_index,0.5507189542483659,
L2,cross_subject,1,2,word_length,0.4935732244897959,
L2,cross_subject,1,2,word_part_speech,0.5612214693410037,
L2,cross_subject,3,0,delta_volume,0.5273430204081633,
L2,cross_subject,3,0,face_num,0.5134380408163266,
L2,cross_subject,3,0,frame_brightness,0.5248378775510204,
L2,cross_subject,3,0,global_flow,0.4442684081632653,
L2,cross_subject,3,0,gpt2_surprisal,0.4643996734693877,
L2,cross_subject,3,0,local_flow,0.4965420408163266,
L2,cross_subject,3,0,onset,0.8158275918367346,
L2,cross_subject,3,0,pitch,0.5206491428571429,
L2,cross_subject,3,0,speech,0.8122657959183673,
L2,cross_subject,3,0,volume,0.4565838367346938,
L2,cross_subject,3,0,word_gap,0.4771069387755101,
L2,cross_subject,3,0,word_head_pos,0.5294367346938775,
L2,cross_subject,3,0,word_index,0.5641334250343879,
L2,cross_subject,3,0,word_length,0.5126243265306123,
L2,cross_subject,3,0,word_part_speech,0.4808225443921824,
L2,cross_subject,3,1,delta_volume,0.5881782857142857,
L2,cross_subject,3,1,face_num,0.425152,
L2,cross_subject,3,1,frame_brightness,0.5506964897959183,
L2,cross_subject,3,1,global_flow,0.4543503673469388,
L2,cross_subject,3,1,gpt2_surprisal,0.4824672653061224,
L2,cross_subject,3,1,local_flow,0.5166824489795918,
L2,cross_subject,3,1,onset,0.8312410039368203,
L2,cross_subject,3,1,pitch,0.515070693877551,
L2,cross_subject,3,1,speech,0.8663941224489795,
L2,cross_subject,3,1,volume,0.4649260408163265,
L2,cross_subject,3,1,word_gap,0.543035357922298,
L2,cross_subject,3,1,word_head_pos,0.4986409795918367,
L2,cross_subject,3,1,word_index,0.6226041091130717,
L2,cross_subject,3,1,word_length,0.4892708571428571,
L2,cross_subject,3,1,word_part_speech,0.4943818700419536,
L2,cross_subject,4,0,delta_volume,0.4629207105965151,
L2,cross_subject,4,0,face_num,0.4502967091529063,
L2,cross_subject,4,0,frame_brightness,0.4511365571258301,
L2,cross_subject,4,0,global_flow,0.5010627731426301,
L2,cross_subject,4,0,gpt2_surprisal,0.4835731312787331,
L2,cross_subject,4,0,local_flow,0.4961462058005562,
L2,cross_subject,4,0,onset,0.6842932162534434,
L2,cross_subject,4,0,pitch,0.5197145127419263,
L2,cross_subject,4,0,speech,0.6691017142857143,
L2,cross_subject,4,0,volume,0.5418298427833588,
L2,cross_subject,4,0,word_gap,0.4657052584606312,
L2,cross_subject,4,0,word_head_pos,0.5021087346938775,
L2,cross_subject,4,0,word_index,0.5182588803278458,
L2,cross_subject,4,0,word_length,0.5161260993776291,
L2,cross_subject,4,0,word_part_speech,0.4960035637011581,
L2,cross_subject,4,1,delta_volume,0.5060728163265307,
L2,cross_subject,4,1,face_num,0.4828068571428571,
L2,cross_subject,4,1,frame_brightness,0.4506710204081633,
L2,cross_subject,4,1,global_flow,0.5142517551020409,
L2,cross_subject,4,1,gpt2_surprisal,0.4980088163265306,
L2,cross_subject,4,1,local_flow,0.501500081632653,
L2,cross_subject,4,1,onset,0.6453057725281006,
L2,cross_subject,4,1,pitch,0.5394821224489796,
L2,cross_subject,4,1,speech,0.6235415510204081,
L2,cross_subject,4,1,volume,0.5231582040816327,
L2,cross_subject,4,1,word_gap,0.5092863133526191,
L2,cross_subject,4,1,word_head_pos,0.5157237551020408,
L2,cross_subject,4,1,word_index,0.5286053060619536,
L2,cross_subject,4,1,word_length,0.5168391836734694,
L2,cross_subject,4,1,word_part_speech,0.4787894030851777,
L2,cross_subject,7,0,delta_volume,0.5043735510204082,
L2,cross_subject,7,0,face_num,0.5011983673469388,
L2,cross_subject,7,0,frame_brightness,0.5305443265306122,
L2,cross_subject,7,0,global_flow,0.5409828571428572,
L2,cross_subject,7,0,gpt2_surprisal,0.4887588571428571,
L2,cross_subject,7,0,local_flow,0.5025645714285714,
L2,cross_subject,7,0,onset,0.5124048979591838,
L2,cross_subject,7,0,pitch,0.5049208163265306,
L2,cross_subject,7,0,speech,0.5119686530612245,
L2,cross_subject,7,0,volume,0.5082814693877551,
L2,cross_subject,7,0,word_gap,0.4944417959183673,
L2,cross_subject,7,0,word_head_pos,0.5113077551020409,
L2,cross_subject,7,0,word_index,0.5198788487990689,
L2,cross_subject,7,0,word_length,0.5055921632653061,
L2,cross_subject,7,0,word_part_speech,0.4915183101870447,
L2,cross_subject,7,1,delta_volume,0.5220466938775511,
L2,cross_subject,7,1,face_num,0.4810684081632653,
L2,cross_subject,7,1,frame_brightness,0.4663209795918367,
L2,cross_subject,7,1,global_flow,0.5636035918367347,
L2,cross_subject,7,1,gpt2_surprisal,0.4934151836734693,
L2,cross_subject,7,1,local_flow,0.5434004897959184,
L2,cross_subject,7,1,onset,0.5011945132406173,
L2,cross_subject,7,1,pitch,0.4766759183673469,
L2,cross_subject,7,1,speech,0.4872086648148424,
L2,cross_subject,7,1,volume,0.5273861224489795,
L2,cross_subject,7,1,word_gap,0.5077411606578401,
L2,cross_subject,7,1,word_head_pos,0.5225782857142858,
L2,cross_subject,7,1,word_index,0.5246331702979101,
L2,cross_subject,7,1,word_length,0.5205511836734694,
L2,cross_subject,7,1,word_part_speech,0.4977923094120277,
L2,cross_subject,10,0,delta_volume,0.4946337959183673,
L2,cross_subject,10,0,face_num,0.4456189387755102,
L2,cross_subject,10,0,frame_brightness,0.5106768979591836,
L2,cross_subject,10,0,global_flow,0.4926811428571428,
L2,cross_subject,10,0,gpt2_surprisal,0.4969286530612244,
L2,cross_subject,10,0,local_flow,0.4984163265306122,
L2,cross_subject,10,0,onset,0.73335693431933,
L2,cross_subject,10,0,pitch,0.4442357551020408,
L2,cross_subject,10,0,speech,0.7310902857142856,
L2,cross_subject,10,0,volume,0.6431869387755101,
L2,cross_subject,10,0,word_gap,0.4803683265306122,
L2,cross_subject,10,0,word_head_pos,0.5066318367346939,
L2,cross_subject,10,0,word_index,0.5408029878618115,
L2,cross_subject,10,0,word_length,0.4841456326530612,
L2,cross_subject,10,0,word_part_speech,0.5084050703173972,
L2,cross_subject,10,1,delta_volume,0.5721508571428571,
L2,cross_subject,10,1,face_num,0.4888973061224489,
L2,cross_subject,10,1,frame_brightness,0.5080111020408163,
L2,cross_subject,10,1,global_flow,0.4821328979591837,
L2,cross_subject,10,1,gpt2_surprisal,0.5199294693877551,
L2,cross_subject,10,1,local_flow,0.5078504489795919,
L2,cross_subject,10,1,onset,0.5281867755102041,
L2,cross_subject,10,1,pitch,0.5156048979591836,
L2,cross_subject,10,1,speech,0.5372486530612245,
L2,cross_subject,10,1,volume,0.5672241632653061,
L2,cross_subject,10,1,word_gap,0.5072979591836735,
L2,cross_subject,10,1,word_head_pos,0.4868414693877551,
L2,cross_subject,10,1,word_index,0.5606658103850655,
L2,cross_subject,10,1,word_length,0.5044610612244897,
L2,cross_subject,10,1,word_part_speech,0.526794679364422,
L2,within,1,1,delta_volume,0.6127315758126705,
L2,within,1,1,face_num,0.5502048002674942,
L2,within,1,1,frame_brightness,0.5193985559491343,
L2,within,1,1,global_flow,0.6111172063571675,
L2,within,1,1,gpt2_surprisal,0.5096261350218907,
L2,within,1,1,local_flow,0.5509675767739779,
L2,within,1,1,onset,0.8368746095376927,
L2,within,1,1,pitch,0.5500976980867893,
L2,within,1,1,speech,0.8695808908811635,
L2,within,1,1,volume,0.6835992602112786,
L2,within,1,1,word_gap,0.5234815000574695,
L2,within,1,1,word_head_pos,0.5319608580713249,
L2,within,1,1,word_index,0.584723845963085,
L2,within,1,1,word_length,0.5428643825167445,
L2,within,1,1,word_part_speech,0.5217472956730769,
L2,within,1,2,delta_volume,0.5971860861206023,
L2,within,1,2,face_num,0.5084401742892072,
L2,within,1,2,frame_brightness,0.4547245122932405,
L2,within,1,2,global_flow,0.5352392297002183,
L2,within,1,2,gpt2_surprisal,0.5723305434521384,
L2,within,1,2,local_flow,0.5752640983041284,
L2,within,1,2,onset,0.9205517085654071,
L2,within,1,2,pitch,0.5415634828584266,
L2,within,1,2,speech,0.9244250441469964,
L2,within,1,2,volume,0.6983140549408065,
L2,within,1,2,word_gap,0.5227133325155076,
L2,within,1,2,word_head_pos,0.5270916272217172,
L2,within,1,2,word_index,0.5695809304113801,
L2,within,1,2,word_length,0.5698541320543766,
L2,within,1,2,word_part_speech,0.520336326614509,
L2,within,2,0,delta_volume,0.6064778533588289,
L2,within,2,0,face_num,0.5225515396591538,
L2,within,2,0,frame_brightness,0.5306233869366687,
L2,within,2,0,global_flow,0.5409287065191268,
L2,within,2,0,gpt2_surprisal,0.5384575196179848,
L2,within,2,0,local_flow,0.5453068346864779,
L2,within,2,0,onset,0.8653236758714349,
L2,within,2,0,pitch,0.6097483882427928,
L2,within,2,0,speech,0.9187512408179472,
L2,within,2,0,volume,0.7266909083309823,
L2,within,2,0,word_gap,0.5098465632343101,
L2,within,2,0,word_head_pos,0.5330344921266836,
L2,within,2,0,word_index,0.5654137707673186,
L2,within,2,0,word_length,0.5638459609416633,
L2,within,2,0,word_part_speech,0.5867548055629374,
L2,within,2,4,delta_volume,0.588411544047731,
L2,within,2,4,face_num,0.5320444500172408,
L2,within,2,4,frame_brightness,0.45516075776098974,
L2,within,2,4,global_flow,0.5758753644086392,
L2,within,2,4,gpt2_surprisal,0.5352366174519085,
L2,within,2,4,local_flow,0.5422139326875854,
L2,within,2,4,onset,0.7417033658383139,
L2,within,2,4,pitch,0.5342413508458461,
L2,within,2,4,speech,0.8137466955058881,
L2,within,2,4,volume,0.6464295790100624,
L2,within,2,4,word_gap,0.5236174607372703,
L2,within,2,4,word_head_pos,0.5075180506358212,
L2,within,2,4,word_index,0.6561846345186274,
L2,within,2,4,word_length,0.5433371994608319,
L2,within,2,4,word_part_speech,0.5925791037818309,
L2,within,3,0,delta_volume,0.5104698912259804,
L2,within,3,0,face_num,0.5259370134687522,
L2,within,3,0,frame_brightness,0.5167210014315121,
L2,within,3,0,global_flow,0.6195417071565155,
L2,within,3,0,gpt2_surprisal,0.5752771595456778,
L2,within,3,0,local_flow,0.5871576648589908,
L2,within,3,0,onset,0.8281218979551319,
L2,within,3,0,pitch,0.5767243451093487,
L2,within,3,0,speech,0.8596752452901162,
L2,within,3,0,volume,0.7181462441093801,
L2,within,3,0,word_gap,0.5465110811573305,
L2,within,3,0,word_head_pos,0.5240901539136704,
L2,within,3,0,word_index,0.5701228716338607,
L2,within,3,0,word_length,0.5195422296061775,
L2,within,3,0,word_part_speech,0.5235884320283297,
L2,within,3,1,delta_volume,0.6593497591507059,
L2,within,3,1,face_num,0.504715108199325,
L2,within,3,1,frame_brightness,0.48707981985935656,
L2,within,3,1,global_flow,0.578730551811333,
L2,within,3,1,gpt2_surprisal,0.5523154969018735,
L2,within,3,1,local_flow,0.6906471061513223,
L2,within,3,1,onset,0.8512646161667514,
L2,within,3,1,pitch,0.5288940785555312,
L2,within,3,1,speech,0.8637529649018316,
L2,within,3,1,volume,0.7019764270712516,
L2,within,3,1,word_gap,0.5251770822320757,
L2,within,3,1,word_head_pos,0.5666906993511176,
L2,within,3,1,word_index,0.6573706994759626,
L2,within,3,1,word_length,0.5586397500600817,
L2,within,3,1,word_part_speech,0.5631647492945517,
L2,within,4,0,delta_volume,0.5086167800453515,
L2,within,4,0,face_num,0.4865279044829628,
L2,within,4,0,frame_brightness,0.5524348072562358,
L2,within,4,0,global_flow,0.6598837868480726,
L2,within,4,0,gpt2_surprisal,0.5404450113378685,
L2,within,4,0,local_flow,0.6242573696145125,
L2,within,4,0,onset,0.7747503443526171,
L2,within,4,0,pitch,0.5172080498866214,
L2,within,4,0,speech,0.822022298151573,
L2,within,4,0,volume,0.6352409297052154,
L2,within,4,0,word_gap,0.5678920983528288,
L2,within,4,0,word_head_pos,0.5126511185647263,
L2,within,4,0,word_index,0.5411382660059909,
L2,within,4,0,word_length,0.5592141152403682,
L2,within,4,0,word_part_speech,0.4958678385747429,
L2,within,4,1,delta_volume,0.5107285038086581,
L2,within,4,1,face_num,0.48899459787049515,
L2,within,4,1,frame_brightness,0.5129672006102212,
L2,within,4,1,global_flow,0.5694649070562051,
L2,within,4,1,gpt2_surprisal,0.47810935916324454,
L2,within,4,1,local_flow,0.5517773737500392,
L2,within,4,1,onset,0.7523819308098565,
L2,within,4,1,pitch,0.5113711168928874,
L2,within,4,1,speech,0.7548640063529879,
L2,within,4,1,volume,0.5689711921256386,
L2,within,4,1,word_gap,0.4724806538561863,
L2,within,4,1,word_head_pos,0.5133276908769839,
L2,within,4,1,word_index,0.5354068047337278,
L2,within,4,1,word_length,0.5263366874601632,
L2,within,4,1,word_part_speech,0.4751847351715929,
L2,within,7,0,delta_volume,0.5189570859847654,
L2,within,7,0,face_num,0.4427107823161238,
L2,within,7,0,frame_brightness,0.3458956354555238,
L2,within,7,0,global_flow,0.5092107875406204,
L2,within,7,0,gpt2_surprisal,0.5211513745650607,
L2,within,7,0,local_flow,0.5258743195093152,
L2,within,7,0,onset,0.6446584746559669,
L2,within,7,0,pitch,0.5071079276511707,
L2,within,7,0,speech,0.6393947943115681,
L2,within,7,0,volume,0.5156787143558719,
L2,within,7,0,word_gap,0.5154801834843212,
L2,within,7,0,word_head_pos,0.48396601987398513,
L2,within,7,0,word_index,0.4971621784808598,
L2,within,7,0,word_length,0.49368880808334115,
L2,within,7,0,word_part_speech,0.5330415109187487,
L2,within,7,1,delta_volume,0.5332800434678118,
L2,within,7,1,face_num,0.560123507100091,
L2,within,7,1,frame_brightness,0.5208692517475941,
L2,within,7,1,global_flow,0.5680412317273231,
L2,within,7,1,gpt2_surprisal,0.49950628506943356,
L2,within,7,1,local_flow,0.5495674116798845,
L2,within,7,1,onset,0.5998394289454059,
L2,within,7,1,pitch,0.5093178897213253,
L2,within,7,1,speech,0.6321621657435136,
L2,within,7,1,volume,0.5628088983626427,
L2,within,7,1,word_gap,0.5022171985044779,
L2,within,7,1,word_head_pos,0.539520704680104,
L2,within,7,1,word_index,0.49989644970414193,
L2,within,7,1,word_length,0.5150517747615018,
L2,within,7,1,word_part_speech,0.5022564967268399,
L2,within,10,0,delta_volume,0.5441234862021044,
L2,within,10,0,face_num,0.5470962247787425,
L2,within,10,0,frame_brightness,0.5397897662560213,
L2,within,10,0,global_flow,0.5681927421292958,
L2,within,10,0,gpt2_surprisal,0.5178808396810968,
L2,within,10,0,local_flow,0.5502779432201708,
L2,within,10,0,onset,0.787963447994878,
L2,within,10,0,pitch,0.5307827340835711,
L2,within,10,0,speech,0.7766188102776297,
L2,within,10,0,volume,0.5900389747447834,
L2,within,10,0,word_gap,0.5369345788533275,
L2,within,10,0,word_head_pos,0.5225933356321117,
L2,within,10,0,word_index,0.5295742661514474,
L2,within,10,0,word_length,0.5184163505846211,
L2,within,10,0,word_part_speech,0.5442562015059436,
L2,within,10,1,delta_volume,0.5741434437791919,
L2,within,10,1,face_num,0.5367334357334672,
L2,within,10,1,frame_brightness,0.4604374993469379,
L2,within,10,1,global_flow,0.5896941579678798,
L2,within,10,1,gpt2_surprisal,0.5049005778293261,
L2,within,10,1,local_flow,0.5769385494707585,
L2,within,10,1,onset,0.8630215353750667,
L2,within,10,1,pitch,0.5653062077468836,
L2,within,10,1,speech,0.9035819148825011,
L2,within,10,1,volume,0.6643496024158073,
L2,within,10,1,word_gap,0.5023013907610002,
L2,within,10,1,word_head_pos,0.505404741753132,
L2,within,10,1,word_index,0.5344017094017094,
L2,within,10,1,word_length,0.521438721879147,
L2,within,10,1,word_part_speech,0.5421676769684322,
L3,cross_session,1,1,delta_volume,0.625093224489796,
L3,cross_session,1,1,face_num,0.5518537142857143,
L3,cross_session,1,1,frame_brightness,0.4778187755102041,
L3,cross_session,1,1,global_flow,0.566910693877551,
L3,cross_session,1,1,gpt2_surprisal,0.5321469387755102,
L3,cross_session,1,1,local_flow,0.562563918367347,
L3,cross_session,1,1,onset,0.8395659029895484,
L3,cross_session,1,1,pitch,0.6092290612244897,
L3,cross_session,1,1,speech,0.8676819591836734,
L3,cross_session,1,1,volume,0.7303026938775511,
L3,cross_session,1,1,word_gap,0.5305835102040817,
L3,cross_session,1,1,word_head_pos,0.5173485714285715,
L3,cross_session,1,1,word_index,0.5451053107865926,
L3,cross_session,1,1,word_length,0.5525577142857143,
L3,cross_session,1,1,word_part_speech,0.5199140740569526,
L3,cross_session,1,2,delta_volume,0.5899284897959184,
L3,cross_session,1,2,face_num,0.5387284897959184,
L3,cross_session,1,2,frame_brightness,0.5281671836734694,
L3,cross_session,1,2,global_flow,0.6253466122448981,
L3,cross_session,1,2,gpt2_surprisal,0.5397838367346939,
L3,cross_session,1,2,local_flow,0.5744261224489796,
L3,cross_session,1,2,onset,0.9319868056849208,
L3,cross_session,1,2,pitch,0.5957472653061224,
L3,cross_session,1,2,speech,0.952897306122449,
L3,cross_session,1,2,volume,0.722691918367347,
L3,cross_session,1,2,word_gap,0.5184037463531194,
L3,cross_session,1,2,word_head_pos,0.5412688979591838,
L3,cross_session,1,2,word_index,0.509273356401384,
L3,cross_session,1,2,word_length,0.5726328163265306,
L3,cross_session,1,2,word_part_speech,0.5470003796580504,
L3,cross_session,2,0,delta_volume,0.582018612244898,
L3,cross_session,2,0,face_num,0.5390524081632653,
L3,cross_session,2,0,frame_brightness,0.5374288979591837,
L3,cross_session,2,0,global_flow,0.560582530612245,
L3,cross_session,2,0,gpt2_surprisal,0.5632535510204082,
L3,cross_session,2,0,local_flow,0.5582497959183674,
L3,cross_session,2,0,onset,0.8388109348470758,
L3,cross_session,2,0,pitch,0.5657417142857142,
L3,cross_session,2,0,speech,0.8911137959183675,
L3,cross_session,2,0,volume,0.6306285714285714,
L3,cross_session,2,0,word_gap,0.5539998285843404,
L3,cross_session,2,0,word_head_pos,0.5446060408163265,
L3,cross_session,2,0,word_index,0.6166504390235346,
L3,cross_session,2,0,word_length,0.562108081632653,
L3,cross_session,2,0,word_part_speech,0.5655086505190312,
L3,cross_session,2,4,delta_volume,0.5970977959183674,
L3,cross_session,2,4,face_num,0.5213871020408163,
L3,cross_session,2,4,frame_brightness,0.5787846530612245,
L3,cross_session,2,4,global_flow,0.5181126530612246,
L3,cross_session,2,4,gpt2_surprisal,0.5443931428571429,
L3,cross_session,2,4,local_flow,0.5707833469387755,
L3,cross_session,2,4,onset,0.8807711830478424,
L3,cross_session,2,4,pitch,0.5492754285714285,
L3,cross_session,2,4,speech,0.917626775510204,
L3,cross_session,2,4,volume,0.675139918367347,
L3,cross_session,2,4,word_gap,0.5028388492020958,
L3,cross_session,2,4,word_head_pos,0.5409071020408163,
L3,cross_session,2,4,word_index,0.5989209395669626,
L3,cross_session,2,4,word_length,0.5976111020408164,
L3,cross_session,2,4,word_part_speech,0.5451568964512556,
L3,cross_session,3,0,delta_volume,0.5749955918367347,
L3,cross_session,3,0,face_num,0.5204545306122449,
L3,cross_session,3,0,frame_brightness,0.5468891428571429,
L3,cross_session,3,0,global_flow,0.6284617142857143,
L3,cross_session,3,0,gpt2_surprisal,0.5780271020408163,
L3,cross_session,3,0,local_flow,0.6036819591836735,
L3,cross_session,3,0,onset,0.8780290612244899,
L3,cross_session,3,0,pitch,0.515836081632653,
L3,cross_session,3,0,speech,0.9427422040816328,
L3,cross_session,3,0,volume,0.6612963265306122,
L3,cross_session,3,0,word_gap,0.5256724897959184,
L3,cross_session,3,0,word_head_pos,0.5328626938775509,
L3,cross_session,3,0,word_index,0.5857902413954683,
L3,cross_session,3,0,word_length,0.5620924081632652,
L3,cross_session,3,0,word_part_speech,0.5583455335669002,
L3,cross_session,3,1,delta_volume,0.6562951836734694,
L3,cross_session,3,1,face_num,0.5237381224489797,
L3,cross_session,3,1,frame_brightness,0.4946716734693878,
L3,cross_session,3,1,global_flow,0.6244937142857143,
L3,cross_session,3,1,gpt2_surprisal,0.612156081632653,
L3,cross_session,3,1,local_flow,0.6128666122448979,
L3,cross_session,3,1,onset,0.9161892596935064,
L3,cross_session,3,1,pitch,0.5383745306122449,
L3,cross_session,3,1,speech,0.9309139591836736,
L3,cross_session,3,1,volume,0.6976940408163266,
L3,cross_session,3,1,word_gap,0.5431318706977873,
L3,cross_session,3,1,word_head_pos,0.53024,
L3,cross_session,3,1,word_index,0.7143955662134529,
L3,cross_session,3,1,word_length,0.5433142857142857,
L3,cross_session,3,1,word_part_speech,0.5620605801613707,
L3,cross_session,4,0,delta_volume,0.5572904251092571,
L3,cross_session,4,0,face_num,0.5102075160976235,
L3,cross_session,4,0,frame_brightness,0.4471791815653556,
L3,cross_session,4,0,global_flow,0.5880994948634997,
L3,cross_session,4,0,gpt2_surprisal,0.5445414041659572,
L3,cross_session,4,0,local_flow,0.5896262557466372,
L3,cross_session,4,0,onset,0.8734360651974289,
L3,cross_session,4,0,pitch,0.5816717747885805,
L3,cross_session,4,0,speech,0.8480287346938775,
L3,cross_session,4,0,volume,0.5974374255065555,
L3,cross_session,4,0,word_gap,0.4910572701266206,
L3,cross_session,4,0,word_head_pos,0.5053635918367347,
L3,cross_session,4,0,word_index,0.5628885801299595,
L3,cross_session,4,0,word_length,0.5448253426165721,
L3,cross_session,4,0,word_part_speech,0.4977557167706079,
L3,cross_session,4,1,delta_volume,0.5401743673469388,
L3,cross_session,4,1,face_num,0.5327229387755102,
L3,cross_session,4,1,frame_brightness,0.53344,
L3,cross_session,4,1,global_flow,0.5948329795918368,
L3,cross_session,4,1,gpt2_surprisal,0.5279007346938775,
L3,cross_session,4,1,local_flow,0.5970455510204082,
L3,cross_session,4,1,onset,0.7926481234520861,
L3,cross_session,4,1,pitch,0.5378782040816328,
L3,cross_session,4,1,speech,0.7969737142857143,
L3,cross_session,4,1,volume,0.6174563265306122,
L3,cross_session,4,1,word_gap,0.5127008653217378,
L3,cross_session,4,1,word_head_pos,0.5120875102040816,
L3,cross_session,4,1,word_index,0.5418667555950792,
L3,cross_session,4,1,word_length,0.5631817142857143,
L3,cross_session,4,1,word_part_speech,0.5000031050500534,
L3,cross_session,7,0,delta_volume,0.5351340408163265,
L3,cross_session,7,0,face_num,0.4706115918367347,
L3,cross_session,7,0,frame_brightness,0.4429518367346938,
L3,cross_session,7,0,global_flow,0.552321306122449,
L3,cross_session,7,0,gpt2_surprisal,0.529025306122449,
L3,cross_session,7,0,local_flow,0.5534524081632652,
L3,cross_session,7,0,onset,0.7883506938775511,
L3,cross_session,7,0,pitch,0.5208803265306123,
L3,cross_session,7,0,speech,0.7968927346938774,
L3,cross_session,7,0,volume,0.5482827755102041,
L3,cross_session,7,0,word_gap,0.5030517551020408,
L3,cross_session,7,0,word_head_pos,0.5044323265306122,
L3,cross_session,7,0,word_index,0.5343614432335202,
L3,cross_session,7,0,word_length,0.4968176326530612,
L3,cross_session,7,0,word_part_speech,0.5201480094629001,
L3,cross_session,7,1,delta_volume,0.5370344489795918,
L3,cross_session,7,1,face_num,0.5294445714285714,
L3,cross_session,7,1,frame_brightness,0.435324081632653,
L3,cross_session,7,1,global_flow,0.5659493877551021,
L3,cross_session,7,1,gpt2_surprisal,0.4887157551020408,
L3,cross_session,7,1,local_flow,0.4938488163265306,
L3,cross_session,7,1,onset,0.7849228424461803,
L3,cross_session,7,1,pitch,0.5676421224489796,
L3,cross_session,7,1,speech,0.7820247163876508,
L3,cross_session,7,1,volume,0.5542530612244898,
L3,cross_session,7,1,word_gap,0.5124961733469312,
L3,cross_session,7,1,word_head_pos,0.4992718367346939,
L3,cross_session,7,1,word_index,0.5111382836816363,
L3,cross_session,7,1,word_length,0.5023164081632653,
L3,cross_session,7,1,word_part_speech,0.565410984425069,
L3,cross_session,10,0,delta_volume,0.5528058775510204,
L3,cross_session,10,0,face_num,0.4260153469387754,
L3,cross_session,10,0,frame_brightness,0.2485485714285714,
L3,cross_session,10,0,global_flow,0.5300623673469388,
L3,cross_session,10,0,gpt2_surprisal,0.533690775510204,
L3,cross_session,10,0,local_flow,0.5799235918367347,
L3,cross_session,10,0,onset,0.8095400430062412,
L3,cross_session,10,0,pitch,0.5368306938775511,
L3,cross_session,10,0,speech,0.7990243265306123,
L3,cross_session,10,0,volume,0.532611918367347,
L3,cross_session,10,0,word_gap,0.4935248979591837,
L3,cross_session,10,0,word_head_pos,0.5184287346938775,
L3,cross_session,10,0,word_index,0.5823812353224118,
L3,cross_session,10,0,word_length,0.5497286530612244,
L3,cross_session,10,0,word_part_speech,0.5310315291820786,
L3,cross_session,10,1,delta_volume,0.5909355102040816,
L3,cross_session,10,1,face_num,0.5126138775510204,
L3,cross_session,10,1,frame_brightness,0.5071151020408162,
L3,cross_session,10,1,global_flow,0.5937227755102041,
L3,cross_session,10,1,gpt2_surprisal,0.5303941224489797,
L3,cross_session,10,1,local_flow,0.507713306122449,
L3,cross_session,10,1,onset,0.7938181224489795,
L3,cross_session,10,1,pitch,0.5760431020408163,
L3,cross_session,10,1,speech,0.8115095510204082,
L3,cross_session,10,1,volume,0.6410357551020408,
L3,cross_session,10,1,word_gap,0.4987977142857143,
L3,cross_session,10,1,word_head_pos,0.4953168979591836,
L3,cross_session,10,1,word_index,0.574015731206716,
L3,cross_session,10,1,word_length,0.5181244081632652,
L3,cross_session,10,1,word_part_speech,0.5514207339164641,
L3,cross_subject,1,1,delta_volume,0.6034442448979591,
L3,cross_subject,1,1,face_num,0.5579781224489796,
L3,cross_subject,1,1,frame_brightness,0.5250612244897959,
L3,cross_subject,1,1,global_flow,0.5232744489795919,
L3,cross_subject,1,1,gpt2_surprisal,0.5197662040816327,
L3,cross_subject,1,1,local_flow,0.4959908571428571,
L3,cross_subject,1,1,onset,0.8124804519508952,
L3,cross_subject,1,1,pitch,0.553153306122449,
L3,cross_subject,1,1,speech,0.8245485714285714,
L3,cross_subject,1,1,volume,0.5140950204081632,
L3,cross_subject,1,1,word_gap,0.5434540408163265,
L3,cross_subject,1,1,word_head_pos,0.4910563265306122,
L3,cross_subject,1,1,word_index,0.5974206102761561,
L3,cross_subject,1,1,word_length,0.5340943673469388,
L3,cross_subject,1,1,word_part_speech,0.5311633228550297,
L3,cross_subject,1,2,delta_volume,0.4978089795918368,
L3,cross_subject,1,2,face_num,0.5289208163265307,
L3,cross_subject,1,2,frame_brightness,0.5149374693877551,
L3,cross_subject,1,2,global_flow,0.4942119183673469,
L3,cross_subject,1,2,gpt2_surprisal,0.4784757551020409,
L3,cross_subject,1,2,local_flow,0.4729495510204081,
L3,cross_subject,1,2,onset,0.8937774842362557,
L3,cross_subject,1,2,pitch,0.5209025306122449,
L3,cross_subject,1,2,speech,0.9041084081632652,
L3,cross_subject,1,2,volume,0.6110837551020408,
L3,cross_subject,1,2,word_gap,0.4730437519001115,
L3,cross_subject,1,2,word_head_pos,0.5371520000000001,
L3,cross_subject,1,2,word_index,0.5534871203383314,
L3,cross_subject,1,2,word_length,0.4846798367346939,
L3,cross_subject,1,2,word_part_speech,0.5472996016807912,
L3,cross_subject,3,0,delta_volume,0.5282808163265306,
L3,cross_subject,3,0,face_num,0.5204257959183674,
L3,cross_subject,3,0,frame_brightness,0.4795951020408163,
L3,cross_subject,3,0,global_flow,0.4163709387755102,
L3,cross_subject,3,0,gpt2_surprisal,0.4735451428571429,
L3,cross_subject,3,0,local_flow,0.5265854693877551,
L3,cross_subject,3,0,onset,0.7394690612244899,
L3,cross_subject,3,0,pitch,0.5372969795918368,
L3,cross_subject,3,0,speech,0.7541368163265305,
L3,cross_subject,3,0,volume,0.4253871020408163,
L3,cross_subject,3,0,word_gap,0.4892969795918367,
L3,cross_subject,3,0,word_head_pos,0.5411082448979592,
L3,cross_subject,3,0,word_index,0.5569100775428149,
L3,cross_subject,3,0,word_length,0.4989531428571429,
L3,cross_subject,3,0,word_part_speech,0.4650198947145801,
L3,cross_subject,3,1,delta_volume,0.6095255510204082,
L3,cross_subject,3,1,face_num,0.4379193469387755,
L3,cross_subject,3,1,frame_brightness,0.5300480000000001,
L3,cross_subject,3,1,global_flow,0.4528143673469387,
L3,cross_subject,3,1,gpt2_surprisal,0.4888855510204082,
L3,cross_subject,3,1,local_flow,0.4904071836734693,
L3,cross_subject,3,1,onset,0.8292265212680436,
L3,cross_subject,3,1,pitch,0.4900884897959183,
L3,cross_subject,3,1,speech,0.8565459591836735,
L3,cross_subject,3,1,volume,0.481213387755102,
L3,cross_subject,3,1,word_gap,0.5334774798334998,
L3,cross_subject,3,1,word_head_pos,0.4859167346938775,
L3,cross_subject,3,1,word_index,0.5945056134335075,
L3,cross_subject,3,1,word_length,0.5122782040816326,
L3,cross_subject,3,1,word_part_speech,0.4932830024860183,
L3,cross_subject,4,0,delta_volume,0.4885251716896532,
L3,cross_subject,4,0,face_num,0.4699885002664572,
L3,cross_subject,4,0,frame_brightness,0.4727978318860321,
L3,cross_subject,4,0,global_flow,0.5059098132697657,
L3,cross_subject,4,0,gpt2_surprisal,0.484684147794994,
L3,cross_subject,4,0,local_flow,0.5388160508541915,
L3,cross_subject,4,0,onset,0.6933037764003673,
L3,cross_subject,4,0,pitch,0.5549648107157046,
L3,cross_subject,4,0,speech,0.6378566530612244,
L3,cross_subject,4,0,volume,0.5486747261479086,
L3,cross_subject,4,0,word_gap,0.4559915692508746,
L3,cross_subject,4,0,word_head_pos,0.5026886530612245,
L3,cross_subject,4,0,word_index,0.5182308113342595,
L3,cross_subject,4,0,word_length,0.5050197394309872,
L3,cross_subject,4,0,word_part_speech,0.5387255525858046,
L3,cross_subject,4,1,delta_volume,0.5158909387755102,
L3,cross_subject,4,1,face_num,0.4981420408163265,
L3,cross_subject,4,1,frame_brightness,0.4769188571428571,
L3,cross_subject,4,1,global_flow,0.4798484897959184,
L3,cross_subject,4,1,gpt2_surprisal,0.5041750204081633,
L3,cross_subject,4,1,local_flow,0.5207053061224489,
L3,cross_subject,4,1,onset,0.6696818441607926,
L3,cross_subject,4,1,pitch,0.5459056326530611,
L3,cross_subject,4,1,speech,0.6301596734693877,
L3,cross_subject,4,1,volume,0.5319235918367347,
L3,cross_subject,4,1,word_gap,0.5292157036784778,
L3,cross_subject,4,1,word_head_pos,0.5083258775510204,
L3,cross_subject,4,1,word_index,0.523932859048466,
L3,cross_subject,4,1,word_length,0.5181531428571429,
L3,cross_subject,4,1,word_part_speech,0.4923677869687259,
L3,cross_subject,7,0,delta_volume,0.4992914285714285,
L3,cross_subject,7,0,face_num,0.5079039999999999,
L3,cross_subject,7,0,frame_brightness,0.5308290612244897,
L3,cross_subject,7,0,global_flow,0.5290200816326531,
L3,cross_subject,7,0,gpt2_surprisal,0.499581387755102,
L3,cross_subject,7,0,local_flow,0.5388512653061225,
L3,cross_subject,7,0,onset,0.588478693877551,
L3,cross_subject,7,0,pitch,0.486013387755102,
L3,cross_subject,7,0,speech,0.5535542857142857,
L3,cross_subject,7,0,volume,0.5307128163265307,
L3,cross_subject,7,0,word_gap,0.5107879183673469,
L3,cross_subject,7,0,word_head_pos,0.4974393469387755,
L3,cross_subject,7,0,word_index,0.5311550553985216,
L3,cross_subject,7,0,word_length,0.5210004897959184,
L3,cross_subject,7,0,word_part_speech,0.4909231901711749,
L3,cross_subject,7,1,delta_volume,0.5258684081632653,
L3,cross_subject,7,1,face_num,0.4872528979591837,
L3,cross_subject,7,1,frame_brightness,0.4531474285714285,
L3,cross_subject,7,1,global_flow,0.529345306122449,
L3,cross_subject,7,1,gpt2_surprisal,0.4863542857142857,
L3,cross_subject,7,1,local_flow,0.5497377959183674,
L3,cross_subject,7,1,onset,0.5851876547913888,
L3,cross_subject,7,1,pitch,0.4860499591836734,
L3,cross_subject,7,1,speech,0.5327969999784672,
L3,cross_subject,7,1,volume,0.5253590204081633,
L3,cross_subject,7,1,word_gap,0.505348257129349,
L3,cross_subject,7,1,word_head_pos,0.5208241632653061,
L3,cross_subject,7,1,word_index,0.5263858010967838,
L3,cross_subject,7,1,word_length,0.5074677551020408,
L3,cross_subject,7,1,word_part_speech,0.4988790769307201,
L3,cross_subject,10,0,delta_volume,0.4857221224489796,
L3,cross_subject,10,0,face_num,0.4310543673469388,
L3,cross_subject,10,0,frame_brightness,0.4934896326530612,
L3,cross_subject,10,0,global_flow,0.5313136326530612,
L3,cross_subject,10,0,gpt2_surprisal,0.5254125714285713,
L3,cross_subject,10,0,local_flow,0.4972029387755102,
L3,cross_subject,10,0,onset,0.7421446594756502,
L3,cross_subject,10,0,pitch,0.4262661224489795,
L3,cross_subject,10,0,speech,0.7507617959183672,
L3,cross_subject,10,0,volume,0.5999621224489795,
L3,cross_subject,10,0,word_gap,0.4896757551020408,
L3,cross_subject,10,0,word_head_pos,0.4994076734693877,
L3,cross_subject,10,0,word_index,0.5482528364881306,
L3,cross_subject,10,0,word_length,0.484353306122449,
L3,cross_subject,10,0,word_part_speech,0.4979400041152066,
L3,cross_subject,10,1,delta_volume,0.5759791020408164,
L3,cross_subject,10,1,face_num,0.4868166530612244,
L3,cross_subject,10,1,frame_brightness,0.4900166530612245,
L3,cross_subject,10,1,global_flow,0.4810435918367347,
L3,cross_subject,10,1,gpt2_surprisal,0.5249671836734694,
L3,cross_subject,10,1,local_flow,0.4752235102040816,
L3,cross_subject,10,1,onset,0.6139245714285715,
L3,cross_subject,10,1,pitch,0.4474736326530611,
L3,cross_subject,10,1,speech,0.5692577959183673,
L3,cross_subject,10,1,volume,0.5113273469387756,
L3,cross_subject,10,1,word_gap,0.5125407346938775,
L3,cross_subject,10,1,word_head_pos,0.5152875102040817,
L3,cross_subject,10,1,word_index,0.5723419460067758,
L3,cross_subject,10,1,word_length,0.4815425306122449,
L3,cross_subject,10,1,word_part_speech,0.516546762589928,
L3,within,1,1,delta_volume,0.6348364210108357,
L3,within,1,1,face_num,0.5468663469274736,
L3,within,1,1,frame_brightness,0.5422008714460361,
L3,within,1,1,global_flow,0.6251580410227475,
L3,within,1,1,gpt2_surprisal,0.53017669247568,
L3,within,1,1,local_flow,0.5482691242698766,
L3,within,1,1,onset,0.8579042586422324,
L3,within,1,1,pitch,0.5698985402756445,
L3,within,1,1,speech,0.8773418806098032,
L3,within,1,1,volume,0.6843071795032548,
L3,within,1,1,word_gap,0.5337659216534487,
L3,within,1,1,word_head_pos,0.5556017052756966,
L3,within,1,1,word_index,0.6037481843624899,
L3,within,1,1,word_length,0.5560823589647137,
L3,within,1,1,word_part_speech,0.5273697531434911,
L3,within,1,2,delta_volume,0.6623486202104427,
L3,within,1,2,face_num,0.48074772995621873,
L3,within,1,2,frame_brightness,0.49526660606250583,
L3,within,1,2,global_flow,0.5418116464478647,
L3,within,1,2,gpt2_surprisal,0.5718707877496003,
L3,within,1,2,local_flow,0.5720588696279113,
L3,within,1,2,onset,0.9264263134126148,
L3,within,1,2,pitch,0.542247891915614,
L3,within,1,2,speech,0.934594526817341,
L3,within,1,2,volume,0.6954431940482534,
L3,within,1,2,word_gap,0.529767079668674,
L3,within,1,2,word_head_pos,0.5335647785335882,
L3,within,1,2,word_index,0.6006459054209919,
L3,within,1,2,word_length,0.581455126798533,
L3,within,1,2,word_part_speech,0.5228542798782132,
L3,within,2,0,delta_volume,0.5905823223932374,
L3,within,2,0,face_num,0.5442018536514007,
L3,within,2,0,frame_brightness,0.49580211696603027,
L3,within,2,0,global_flow,0.5571377072819035,
L3,within,2,0,gpt2_surprisal,0.5351112295330345,
L3,within,2,0,local_flow,0.539081846964045,
L3,within,2,0,onset,0.8782762539148752,
L3,within,2,0,pitch,0.6112243085378724,
L3,within,2,0,speech,0.9172152388117404,
L3,within,2,0,volume,0.7171692632414867,
L3,within,2,0,word_gap,0.5312825819704019,
L3,within,2,0,word_head_pos,0.54526503871352,
L3,within,2,0,word_index,0.57098965354248,
L3,within,2,0,word_length,0.576444834540192,
L3,within,2,0,word_part_speech,0.57476304367083,
L3,within,2,4,delta_volume,0.6266600838009257,
L3,within,2,4,face_num,0.5625790205113738,
L3,within,2,4,frame_brightness,0.4872104322748503,
L3,within,2,4,global_flow,0.5843886816505229,
L3,within,2,4,gpt2_surprisal,0.5381649478072787,
L3,within,2,4,local_flow,0.5288601193275029,
L3,within,2,4,onset,0.7799336555234637,
L3,within,2,4,pitch,0.5468611224308538,
L3,within,2,4,speech,0.8212386236586106,
L3,within,2,4,volume,0.6833876680981787,
L3,within,2,4,word_gap,0.517780002770746,
L3,within,2,4,word_head_pos,0.5190223921925122,
L3,within,2,4,word_index,0.6540858725761772,
L3,within,2,4,word_length,0.5733702182794689,
L3,within,2,4,word_part_speech,0.5945457723908862,
L3,within,3,0,delta_volume,0.5515945163683479,
L3,within,3,0,face_num,0.509283930493297,
L3,within,3,0,frame_brightness,0.4919307649707951,
L3,within,3,0,global_flow,0.6477200296751408,
L3,within,3,0,gpt2_surprisal,0.5816301474352945,
L3,within,3,0,local_flow,0.5928863254025474,
L3,within,3,0,onset,0.8700458710803214,
L3,within,3,0,pitch,0.5927609374836734,
L3,within,3,0,speech,0.8653751711022644,
L3,within,3,0,volume,0.704883859440143,
L3,within,3,0,word_gap,0.5385829075368588,
L3,within,3,0,word_head_pos,0.5285701597651067,
L3,within,3,0,word_index,0.568296401400797,
L3,within,3,0,word_length,0.539481520955456,
L3,within,3,0,word_part_speech,0.5488654993770083,
L3,within,3,1,delta_volume,0.7003202616427907,
L3,within,3,1,face_num,0.49987983657774576,
L3,within,3,1,frame_brightness,0.5176405128365882,
L3,within,3,1,global_flow,0.5850835397009497,
L3,within,3,1,gpt2_surprisal,0.5723984619081951,
L3,within,3,1,local_flow,0.698742463663626,
L3,within,3,1,onset,0.8787430096593798,
L3,within,3,1,pitch,0.5481724710824112,
L3,within,3,1,speech,0.8722427719089266,
L3,within,3,1,volume,0.7156646082149984,
L3,within,3,1,word_gap,0.5271049309394842,
L3,within,3,1,word_head_pos,0.5645094720123716,
L3,within,3,1,word_index,0.6803144224196855,
L3,within,3,1,word_length,0.5553430926930191,
L3,within,3,1,word_part_speech,0.5753269481224224,
L3,within,4,0,delta_volume,0.5326077097505668,
L3,within,4,0,face_num,0.46941470206942915,
L3,within,4,0,frame_brightness,0.5941057256235828,
L3,within,4,0,global_flow,0.6318027210884354,
L3,within,4,0,gpt2_surprisal,0.5415419501133787,
L3,within,4,0,local_flow,0.5923384353741497,
L3,within,4,0,onset,0.7992998163452709,
L3,within,4,0,pitch,0.5070861678004535,
L3,within,4,0,speech,0.7901894402474321,
L3,within,4,0,volume,0.558047052154195,
L3,within,4,0,word_gap,0.5731837351794382,
L3,within,4,0,word_head_pos,0.5150517747615018,
L3,within,4,0,word_index,0.5650737661319671,
L3,within,4,0,word_length,0.5341942266166609,
L3,within,4,0,word_part_speech,0.47719690426594863,
L3,within,4,1,delta_volume,0.521835783622248,
L3,within,4,1,face_num,0.5041038420948141,
L3,within,4,1,frame_brightness,0.5199941485637859,
L3,within,4,1,global_flow,0.5654342079140675,
L3,within,4,1,gpt2_surprisal,0.48113173045777036,
L3,within,4,1,local_flow,0.5477414501112818,
L3,within,4,1,onset,0.7887691581815137,
L3,within,4,1,pitch,0.5223712945257725,
L3,within,4,1,speech,0.7898733582019373,
L3,within,4,1,volume,0.5749663019968025,
L3,within,4,1,word_gap,0.47394067182563826,
L3,within,4,1,word_head_pos,0.5140147121824812,
L3,within,4,1,word_index,0.5352514792899408,
L3,within,4,1,word_length,0.5168646750885553,
L3,within,4,1,word_part_speech,0.48113593533029164,
L3,within,7,0,delta_volume,0.5019356759976177,
L3,within,7,0,face_num,0.452138386466464,
L3,within,7,0,frame_brightness,0.40588330564350117,
L3,within,7,0,global_flow,0.5283742411418659,
L3,within,7,0,gpt2_surprisal,0.5260911361190349,
L3,within,7,0,local_flow,0.5310517956594882,
L3,within,7,0,onset,0.7377328819368254,
L3,within,7,0,pitch,0.5080535615393457,
L3,within,7,0,speech,0.7196874706122065,
L3,within,7,0,volume,0.5416026665830747,
L3,within,7,0,word_gap,0.5099448293156954,
L3,within,7,0,word_head_pos,0.48274348766496344,
L3,within,7,0,word_index,0.4957583625166042,
L3,within,7,0,word_length,0.5033071063603022,
L3,within,7,0,word_part_speech,0.5393173322840842,
L3,within,7,1,delta_volume,0.5519759046215897,
L3,within,7,1,face_num,0.568252823840423,
L3,within,7,1,frame_brightness,0.5341943303762682,
L3,within,7,1,global_flow,0.5502074125158041,
L3,within,7,1,gpt2_surprisal,0.5075807445952583,
L3,within,7,1,local_flow,0.5689267839043708,
L3,within,7,1,onset,0.695367791425049,
L3,within,7,1,pitch,0.5138240180558603,
L3,within,7,1,speech,0.7067884875308086,
L3,within,7,1,volume,0.5691018045411325,
L3,within,7,1,word_gap,0.5046227864243689,
L3,within,7,1,word_head_pos,0.5227108868060562,
L3,within,7,1,word_index,0.5077144970414201,
L3,within,7,1,word_length,0.509137644587944,
L3,within,7,1,word_part_speech,0.5087904185677445,
L3,within,10,0,delta_volume,0.5488150841666405,
L3,within,10,0,face_num,0.5309237954923043,
L3,within,10,0,frame_brightness,0.4655000365714763,
L3,within,10,0,global_flow,0.5255765232019896,
L3,within,10,0,gpt2_surprisal,0.5121365056476809,
L3,within,10,0,local_flow,0.5490710845010083,
L3,within,10,0,onset,0.7701879983702927,
L3,within,10,0,pitch,0.518902228770258,
L3,within,10,0,speech,0.7661645925415086,
L3,within,10,0,volume,0.533823391116266,
L3,within,10,0,word_gap,0.52766109735327,
L3,within,10,0,word_head_pos,0.5246596240452233,
L3,within,10,0,word_index,0.5324836734232706,
L3,within,10,0,word_length,0.5559674200390793,
L3,within,10,0,word_part_speech,0.5230239269196957,
L3,within,10,1,delta_volume,0.6053493620889627,
L3,within,10,1,face_num,0.538473193107844,
L3,within,10,1,frame_brightness,0.6512152179137539,
L3,within,10,1,global_flow,0.6088758973072944,
L3,within,10,1,gpt2_surprisal,0.5149890808020647,
L3,within,10,1,local_flow,0.6386058953219858,
L3,within,10,1,onset,0.8681441543107321,
L3,within,10,1,pitch,0.591742160642822,
L3,within,10,1,speech,0.9045170997774364,
L3,within,10,1,volume,0.6983114426924966,
L3,within,10,1,word_gap,0.48027491301213127,
L3,within,10,1,word_head_pos,0.5166661442170047,
L3,within,10,1,word_index,0.5397625830959164,
L3,within,10,1,word_length,0.5297404470079308,
L3,within,10,1,word_part_speech,0.5342301831793037,
L4,cross_session,1,1,delta_volume,0.7547885714285714,
L4,cross_session,1,1,face_num,0.5657978775510204,
L4,cross_session,1,1,frame_brightness,0.5039137959183674,
L4,cross_session,1,1,global_flow,0.5860140408163266,
L4,cross_session,1,1,gpt2_surprisal,0.5236950204081633,
L4,cross_session,1,1,local_flow,0.5647151020408163,
L4,cross_session,1,1,onset,0.8297975799515209,
L4,cross_session,1,1,pitch,0.6059598367346939,
L4,cross_session,1,1,speech,0.8732212244897959,
L4,cross_session,1,1,volume,0.6749727346938776,
L4,cross_session,1,1,word_gap,0.5236884897959183,
L4,cross_session,1,1,word_head_pos,0.565052081632653,
L4,cross_session,1,1,word_index,0.5338260257524945,
L4,cross_session,1,1,word_length,0.532551836734694,
L4,cross_session,1,1,word_part_speech,0.582926913831361,
L4,cross_session,1,2,delta_volume,0.6763337142857142,
L4,cross_session,1,2,face_num,0.5979869387755101,
L4,cross_session,1,2,frame_brightness,0.5084708571428571,
L4,cross_session,1,2,global_flow,0.5956891428571429,
L4,cross_session,1,2,gpt2_surprisal,0.5577939591836736,
L4,cross_session,1,2,local_flow,0.5577051428571429,
L4,cross_session,1,2,onset,0.9219819321429849,
L4,cross_session,1,2,pitch,0.5939840000000001,
L4,cross_session,1,2,speech,0.9561743673469388,
L4,cross_session,1,2,volume,0.6662083265306121,
L4,cross_session,1,2,word_gap,0.5414997679863884,
L4,cross_session,1,2,word_head_pos,0.5796950204081632,
L4,cross_session,1,2,word_index,0.4876730103806228,
L4,cross_session,1,2,word_length,0.5324022857142858,
L4,cross_session,1,2,word_part_speech,0.596069573946449,
L4,cross_session,2,0,delta_volume,0.7983869387755103,
L4,cross_session,2,0,face_num,0.5889103673469387,
L4,cross_session,2,0,frame_brightness,0.5458429387755102,
L4,cross_session,2,0,global_flow,0.5725459591836735,
L4,cross_session,2,0,gpt2_surprisal,0.6725217959183674,
L4,cross_session,2,0,local_flow,0.5239644081632653,
L4,cross_session,2,0,onset,0.92111837448474,
L4,cross_session,2,0,pitch,0.5662262857142857,
L4,cross_session,2,0,speech,0.9417939591836736,
L4,cross_session,2,0,volume,0.7284342857142857,
L4,cross_session,2,0,word_gap,0.5611817551405218,
L4,cross_session,2,0,word_head_pos,0.6065084081632652,
L4,cross_session,2,0,word_index,0.7498136013964545,
L4,cross_session,2,0,word_length,0.5989982040816326,
L4,cross_session,2,0,word_part_speech,0.6062948096885814,
L4,cross_session,2,4,delta_volume,0.7876127346938775,
L4,cross_session,2,4,face_num,0.5200264489795918,
L4,cross_session,2,4,frame_brightness,0.5491164081632653,
L4,cross_session,2,4,global_flow,0.5645064489795919,
L4,cross_session,2,4,gpt2_surprisal,0.6090484897959183,
L4,cross_session,2,4,local_flow,0.5273959183673469,
L4,cross_session,2,4,onset,0.939391854213732,
L4,cross_session,2,4,pitch,0.5497965714285715,
L4,cross_session,2,4,speech,0.9335405714285714,
L4,cross_session,2,4,volume,0.6799464489795919,
L4,cross_session,2,4,word_gap,0.5570417961829222,
L4,cross_session,2,4,word_head_pos,0.6170161632653062,
L4,cross_session,2,4,word_index,0.7103549522301995,
L4,cross_session,2,4,word_length,0.6010700408163265,
L4,cross_session,2,4,word_part_speech,0.5930161412505099,
L4,cross_session,3,0,delta_volume,0.7577103673469388,
L4,cross_session,3,0,face_num,0.4956708571428572,
L4,cross_session,3,0,frame_brightness,0.5692473469387755,
L4,cross_session,3,0,global_flow,0.6625208163265307,
L4,cross_session,3,0,gpt2_surprisal,0.6501057959183674,
L4,cross_session,3,0,local_flow,0.6162690612244899,
L4,cross_session,3,0,onset,0.9570076734693878,
L4,cross_session,3,0,pitch,0.5327131428571429,
L4,cross_session,3,0,speech,0.9621746938775512,
L4,cross_session,3,0,volume,0.7463683265306124,
L4,cross_session,3,0,word_gap,0.6017488979591837,
L4,cross_session,3,0,word_head_pos,0.6127059591836734,
L4,cross_session,3,0,word_index,0.7900807926598847,
L4,cross_session,3,0,word_length,0.6277609795918367,
L4,cross_session,3,0,word_part_speech,0.6282282801687321,
L4,cross_session,3,1,delta_volume,0.8533648979591836,
L4,cross_session,3,1,face_num,0.4926602448979591,
L4,cross_session,3,1,frame_brightness,0.4708022857142857,
L4,cross_session,3,1,global_flow,0.6624897959183673,
L4,cross_session,3,1,gpt2_surprisal,0.6692375510204083,
L4,cross_session,3,1,local_flow,0.6311196734693878,
L4,cross_session,3,1,onset,0.9381785772160104,
L4,cross_session,3,1,pitch,0.5336385306122449,
L4,cross_session,3,1,speech,0.9355154285714284,
L4,cross_session,3,1,volume,0.6838752653061224,
L4,cross_session,3,1,word_gap,0.6539051870946853,
L4,cross_session,3,1,word_head_pos,0.6426435918367346,
L4,cross_session,3,1,word_index,0.8635516999789248,
L4,cross_session,3,1,word_length,0.6593933061224491,
L4,cross_session,3,1,word_part_speech,0.6513995299288788,
L4,cross_session,4,0,delta_volume,0.7584482660763948,
L4,cross_session,4,0,face_num,0.4644009119649318,
L4,cross_session,4,0,frame_brightness,0.5129001362165844,
L4,cross_session,4,0,global_flow,0.5352290141324706,
L4,cross_session,4,0,gpt2_surprisal,0.6009063369090186,
L4,cross_session,4,0,local_flow,0.5152605142176059,
L4,cross_session,4,0,onset,0.8807212752525253,
L4,cross_session,4,0,pitch,0.5653005987854021,
L4,cross_session,4,0,speech,0.7798034285714286,
L4,cross_session,4,0,volume,0.6176741018218967,
L4,cross_session,4,0,word_gap,0.6327110874710142,
L4,cross_session,4,0,word_head_pos,0.5906798367346938,
L4,cross_session,4,0,word_index,0.7468457468457468,
L4,cross_session,4,0,word_length,0.5944928479190137,
L4,cross_session,4,0,word_part_speech,0.5320224004072801,
L4,cross_session,4,1,delta_volume,0.655081142857143,
L4,cross_session,4,1,face_num,0.4688911020408163,
L4,cross_session,4,1,frame_brightness,0.5702462040816326,
L4,cross_session,4,1,global_flow,0.5741185306122449,
L4,cross_session,4,1,gpt2_surprisal,0.570402612244898,
L4,cross_session,4,1,local_flow,0.5799732244897959,
L4,cross_session,4,1,onset,0.7859916174509429,
L4,cross_session,4,1,pitch,0.5629560816326531,
L4,cross_session,4,1,speech,0.7554200816326531,
L4,cross_session,4,1,volume,0.6168401632653062,
L4,cross_session,4,1,word_gap,0.6219746797838597,
L4,cross_session,4,1,word_head_pos,0.5596917551020408,
L4,cross_session,4,1,word_index,0.669549429376019,
L4,cross_session,4,1,word_length,0.5595898775510204,
L4,cross_session,4,1,word_part_speech,0.5048438780833147,
L4,cross_session,7,0,delta_volume,0.5674435918367347,
L4,cross_session,7,0,face_num,0.5117544489795918,
L4,cross_session,7,0,frame_brightness,0.4945198367346939,
L4,cross_session,7,0,global_flow,0.6133988571428571,
L4,cross_session,7,0,gpt2_surprisal,0.5255307755102041,
L4,cross_session,7,0,local_flow,0.5716747755102041,
L4,cross_session,7,0,onset,0.6710478367346939,
L4,cross_session,7,0,pitch,0.5220734693877551,
L4,cross_session,7,0,speech,0.628076081632653,
L4,cross_session,7,0,volume,0.4590044081632654,
L4,cross_session,7,0,word_gap,0.5006432653061225,
L4,cross_session,7,0,word_head_pos,0.5303124897959184,
L4,cross_session,7,0,word_index,0.5554382000393004,
L4,cross_session,7,0,word_length,0.5157472653061225,
L4,cross_session,7,0,word_part_speech,0.5503351853643101,
L4,cross_session,7,1,delta_volume,0.6076081632653061,
L4,cross_session,7,1,face_num,0.4960140408163265,
L4,cross_session,7,1,frame_brightness,0.4287621224489796,
L4,cross_session,7,1,global_flow,0.572701387755102,
L4,cross_session,7,1,gpt2_surprisal,0.5448417959183673,
L4,cross_session,7,1,local_flow,0.5538377142857143,
L4,cross_session,7,1,onset,0.7134035054296056,
L4,cross_session,7,1,pitch,0.5419986938775511,
L4,cross_session,7,1,speech,0.6977219911582846,
L4,cross_session,7,1,volume,0.5264153469387756,
L4,cross_session,7,1,word_gap,0.4724915723060815,
L4,cross_session,7,1,word_head_pos,0.5545325714285714,
L4,cross_session,7,1,word_index,0.5628353342226176,
L4,cross_session,7,1,word_length,0.5611996734693878,
L4,cross_session,7,1,word_part_speech,0.5867550984921877,
L4,cross_session,10,0,delta_volume,0.698369306122449,
L4,cross_session,10,0,face_num,0.4851017142857142,
L4,cross_session,10,0,frame_brightness,0.3452117551020408,
L4,cross_session,10,0,global_flow,0.5172362448979593,
L4,cross_session,10,0,gpt2_surprisal,0.5629479183673469,
L4,cross_session,10,0,local_flow,0.5413106938775509,
L4,cross_session,10,0,onset,0.8793785656427919,
L4,cross_session,10,0,pitch,0.5153541224489795,
L4,cross_session,10,0,speech,0.8061619591836735,
L4,cross_session,10,0,volume,0.5331082448979593,
L4,cross_session,10,0,word_gap,0.5725191836734693,
L4,cross_session,10,0,word_head_pos,0.5529939591836734,
L4,cross_session,10,0,word_index,0.7369832781597487,
L4,cross_session,10,0,word_length,0.5869165714285713,
L4,cross_session,10,0,word_part_speech,0.5640177815208082,
L4,cross_session,10,1,delta_volume,0.7250377142857143,
L4,cross_session,10,1,face_num,0.4910328163265306,
L4,cross_session,10,1,frame_brightness,0.6021015510204082,
L4,cross_session,10,1,global_flow,0.538912,
L4,cross_session,10,1,gpt2_surprisal,0.5608398367346938,
L4,cross_session,10,1,local_flow,0.4362390204081632,
L4,cross_session,10,1,onset,0.8461270204081632,
L4,cross_session,10,1,pitch,0.575875918367347,
L4,cross_session,10,1,speech,0.7801991836734694,
L4,cross_session,10,1,volume,0.6127405714285714,
L4,cross_session,10,1,word_gap,0.6184806530612245,
L4,cross_session,10,1,word_head_pos,0.5563924897959184,
L4,cross_session,10,1,word_index,0.7311283686411001,
L4,cross_session,10,1,word_length,0.5792653061224491,
L4,cross_session,10,1,word_part_speech,0.547156461880855,
L4,cross_subject,1,1,delta_volume,0.7005351836734695,
L4,cross_subject,1,1,face_num,0.5222798367346939,
L4,cross_subject,1,1,frame_brightness,0.5159725714285714,
L4,cross_subject,1,1,global_flow,0.5287030204081633,
L4,cross_subject,1,1,gpt2_surprisal,0.5250432653061226,
L4,cross_subject,1,1,local_flow,0.5278648163265306,
L4,cross_subject,1,1,onset,0.7425701123361221,
L4,cross_subject,1,1,pitch,0.5173848163265305,
L4,cross_subject,1,1,speech,0.7583226122448978,
L4,cross_subject,1,1,volume,0.5462798367346939,
L4,cross_subject,1,1,word_gap,0.5212189387755102,
L4,cross_subject,1,1,word_head_pos,0.5398524081632654,
L4,cross_subject,1,1,word_index,0.597961063695134,
L4,cross_subject,1,1,word_length,0.5316757551020408,
L4,cross_subject,1,1,word_part_speech,0.5421882945404954,
L4,cross_subject,1,2,delta_volume,0.5842119183673469,
L4,cross_subject,1,2,face_num,0.5240391836734695,
L4,cross_subject,1,2,frame_brightness,0.4833936326530612,
L4,cross_subject,1,2,global_flow,0.5131928163265307,
L4,cross_subject,1,2,gpt2_surprisal,0.5186419591836735,
L4,cross_subject,1,2,local_flow,0.5377593469387756,
L4,cross_subject,1,2,onset,0.8115740975950294,
L4,cross_subject,1,2,pitch,0.5008280816326531,
L4,cross_subject,1,2,speech,0.7583826938775511,
L4,cross_subject,1,2,volume,0.5802530612244898,
L4,cross_subject,1,2,word_gap,0.4956064089093226,
L4,cross_subject,1,2,word_head_pos,0.5589025306122448,
L4,cross_subject,1,2,word_index,0.4898096885813149,
L4,cross_subject,1,2,word_length,0.523886693877551,
L4,cross_subject,1,2,word_part_speech,0.5390002123511128,
L4,cross_subject,3,0,delta_volume,0.5824744489795919,
L4,cross_subject,3,0,face_num,0.5146171428571429,
L4,cross_subject,3,0,frame_brightness,0.5389433469387755,
L4,cross_subject,3,0,global_flow,0.5221221224489796,
L4,cross_subject,3,0,gpt2_surprisal,0.513930775510204,
L4,cross_subject,3,0,local_flow,0.5007640816326531,
L4,cross_subject,3,0,onset,0.7412019591836736,
L4,cross_subject,3,0,pitch,0.4993168979591836,
L4,cross_subject,3,0,speech,0.6884653061224489,
L4,cross_subject,3,0,volume,0.5304189387755103,
L4,cross_subject,3,0,word_gap,0.515580081632653,
L4,cross_subject,3,0,word_head_pos,0.5469769795918368,
L4,cross_subject,3,0,word_index,0.5828020844355095,
L4,cross_subject,3,0,word_length,0.5015774693877552,
L4,cross_subject,3,0,word_part_speech,0.5142271391121728,
L4,cross_subject,3,1,delta_volume,0.6511931428571429,
L4,cross_subject,3,1,face_num,0.4961188571428572,
L4,cross_subject,3,1,frame_brightness,0.4626044081632653,
L4,cross_subject,3,1,global_flow,0.4983552653061224,
L4,cross_subject,3,1,gpt2_surprisal,0.5291190204081633,
L4,cross_subject,3,1,local_flow,0.5005084081632654,
L4,cross_subject,3,1,onset,0.7759277264624859,
L4,cross_subject,3,1,pitch,0.5060378775510204,
L4,cross_subject,3,1,speech,0.7395435102040817,
L4,cross_subject,3,1,volume,0.5465923265306123,
L4,cross_subject,3,1,word_gap,0.5034409917777342,
L4,cross_subject,3,1,word_head_pos,0.5344839183673469,
L4,cross_subject,3,1,word_index,0.6318758152437045,
L4,cross_subject,3,1,word_length,0.5193557551020408,
L4,cross_subject,3,1,word_part_speech,0.4998507710726507,
L4,cross_subject,4,0,delta_volume,0.6208602928656564,
L4,cross_subject,4,0,face_num,0.4933125242916845,
L4,cross_subject,4,0,frame_brightness,0.4759006612180033,
L4,cross_subject,4,0,global_flow,0.5225388784834554,
L4,cross_subject,4,0,gpt2_surprisal,0.5330679947783643,
L4,cross_subject,4,0,local_flow,0.5438475509393268,
L4,cross_subject,4,0,onset,0.7251743285123966,
L4,cross_subject,4,0,pitch,0.523359725296555,
L4,cross_subject,4,0,speech,0.6280127346938775,
L4,cross_subject,4,0,volume,0.5546154009875702,
L4,cross_subject,4,0,word_gap,0.4833128142605564,
L4,cross_subject,4,0,word_head_pos,0.533617306122449,
L4,cross_subject,4,0,word_index,0.6443974288801875,
L4,cross_subject,4,0,word_length,0.4986610713418125,
L4,cross_subject,4,0,word_part_speech,0.4930921471299478,
L4,cross_subject,4,1,delta_volume,0.562126693877551,
L4,cross_subject,4,1,face_num,0.4940542040816327,
L4,cross_subject,4,1,frame_brightness,0.481342693877551,
L4,cross_subject,4,1,global_flow,0.5505645714285714,
L4,cross_subject,4,1,gpt2_surprisal,0.5274416326530613,
L4,cross_subject,4,1,local_flow,0.5076300408163266,
L4,cross_subject,4,1,onset,0.6437588112021337,
L4,cross_subject,4,1,pitch,0.5227314285714286,
L4,cross_subject,4,1,speech,0.5988698775510204,
L4,cross_subject,4,1,volume,0.5264878367346939,
L4,cross_subject,4,1,word_gap,0.5293248425411512,
L4,cross_subject,4,1,word_head_pos,0.517157224489796,
L4,cross_subject,4,1,word_index,0.5957017933896547,
L4,cross_subject,4,1,word_length,0.4829978775510204,
L4,cross_subject,4,1,word_part_speech,0.4812400638398291,
L4,cross_subject,7,0,delta_volume,0.5139451428571429,
L4,cross_subject,7,0,face_num,0.4851771428571428,
L4,cross_subject,7,0,frame_brightness,0.5113952653061224,
L4,cross_subject,7,0,global_flow,0.5179582040816326,
L4,cross_subject,7,0,gpt2_surprisal,0.5109648979591837,
L4,cross_subject,7,0,local_flow,0.5073325714285715,
L4,cross_subject,7,0,onset,0.5520365714285714,
L4,cross_subject,7,0,pitch,0.5229822040816325,
L4,cross_subject,7,0,speech,0.5409515102040816,
L4,cross_subject,7,0,volume,0.5143102040816327,
L4,cross_subject,7,0,word_gap,0.4872826122448979,
L4,cross_subject,7,0,word_head_pos,0.5032440816326531,
L4,cross_subject,7,0,word_index,0.497797852079145,
L4,cross_subject,7,0,word_length,0.5085087346938776,
L4,cross_subject,7,0,word_part_speech,0.4812602772964173,
L4,cross_subject,7,1,delta_volume,0.5186687346938776,
L4,cross_subject,7,1,face_num,0.4898608979591836,
L4,cross_subject,7,1,frame_brightness,0.4632431020408163,
L4,cross_subject,7,1,global_flow,0.5026889795918368,
L4,cross_subject,7,1,gpt2_surprisal,0.4814344489795918,
L4,cross_subject,7,1,local_flow,0.5216982857142857,
L4,cross_subject,7,1,onset,0.5094184606591732,
L4,cross_subject,7,1,pitch,0.4900035918367347,
L4,cross_subject,7,1,speech,0.525947900465275,
L4,cross_subject,7,1,volume,0.5105002448979592,
L4,cross_subject,7,1,word_gap,0.4827637582895721,
L4,cross_subject,7,1,word_head_pos,0.4999921632653061,
L4,cross_subject,7,1,word_index,0.4953803542315103,
L4,cross_subject,7,1,word_length,0.5295918367346939,
L4,cross_subject,7,1,word_part_speech,0.5114506483344512,
L4,cross_subject,10,0,delta_volume,0.5470618775510203,
L4,cross_subject,10,0,face_num,0.5176640000000001,
L4,cross_subject,10,0,frame_brightness,0.5214269387755102,
L4,cross_subject,10,0,global_flow,0.4889652244897959,
L4,cross_subject,10,0,gpt2_surprisal,0.5071333877551021,
L4,cross_subject,10,0,local_flow,0.4976006530612245,
L4,cross_subject,10,0,onset,0.6781583072557007,
L4,cross_subject,10,0,pitch,0.5305035102040816,
L4,cross_subject,10,0,speech,0.6397260408163266,
L4,cross_subject,10,0,volume,0.4505635918367347,
L4,cross_subject,10,0,word_gap,0.4980450612244897,
L4,cross_subject,10,0,word_head_pos,0.5007271836734695,
L4,cross_subject,10,0,word_index,0.5793799337916985,
L4,cross_subject,10,0,word_length,0.502801306122449,
L4,cross_subject,10,0,word_part_speech,0.5091575310674177,
L4,cross_subject,10,1,delta_volume,0.5435288163265306,
L4,cross_subject,10,1,face_num,0.479118693877551,
L4,cross_subject,10,1,frame_brightness,0.4834801632653061,
L4,cross_subject,10,1,global_flow,0.4987627755102041,
L4,cross_subject,10,1,gpt2_surprisal,0.5215030204081632,
L4,cross_subject,10,1,local_flow,0.4880509387755102,
L4,cross_subject,10,1,onset,0.5036261224489795,
L4,cross_subject,10,1,pitch,0.5121338775510205,
L4,cross_subject,10,1,speech,0.5018622040816326,
L4,cross_subject,10,1,volume,0.531792,
L4,cross_subject,10,1,word_gap,0.5176489795918366,
L4,cross_subject,10,1,word_head_pos,0.5132574693877551,
L4,cross_subject,10,1,word_index,0.4839013914971712,
L4,cross_subject,10,1,word_length,0.5162197551020409,
L4,cross_subject,10,1,word_part_speech,0.5043620930593654,
L4,within,1,1,delta_volume,0.8052307660156944,
L4,within,1,1,face_num,0.5686133141071857,
L4,within,1,1,frame_brightness,0.5199471280942081,
L4,within,1,1,global_flow,0.6049940963188196,
L4,within,1,1,gpt2_surprisal,0.5661917599239313,
L4,within,1,1,local_flow,0.5849503150371461,
L4,within,1,1,onset,0.9154714181591004,
L4,within,1,1,pitch,0.5511530464039789,
L4,within,1,1,speech,0.8991097457759945,
L4,within,1,1,volume,0.7209139211936929,
L4,within,1,1,word_gap,0.5956291861279166,
L4,within,1,1,word_head_pos,0.6155658652288852,
L4,within,1,1,word_index,0.7799240679727447,
L4,within,1,1,word_length,0.5902283627472493,
L4,within,1,1,word_part_speech,0.5664582562869822,
L4,within,1,2,delta_volume,0.7558200892344022,
L4,within,1,2,face_num,0.5220996207015454,
L4,within,1,2,frame_brightness,0.4551503087677502,
L4,within,1,2,global_flow,0.5961855950179199,
L4,within,1,2,gpt2_surprisal,0.5789454092348203,
L4,within,1,2,local_flow,0.57711618235583,
L4,within,1,2,onset,0.9279354207436399,
L4,within,1,2,pitch,0.5789578174142922,
L4,within,1,2,speech,0.9371493056643994,
L4,within,1,2,volume,0.7573169075159609,
L4,within,1,2,word_gap,0.5444666087077108,
L4,within,1,2,word_head_pos,0.6371090770404272,
L4,within,1,2,word_index,0.6248327566320646,
L4,within,1,2,word_length,0.625839837831625,
L4,within,1,2,word_part_speech,0.6156395729756812,
L4,within,2,0,delta_volume,0.8099837518155126,
L4,within,2,0,face_num,0.5579579532512042,
L4,within,2,0,frame_brightness,0.5618502032329185,
L4,within,2,0,global_flow,0.5958355537443968,
L4,within,2,0,gpt2_surprisal,0.6107123078691369,
L4,within,2,0,local_flow,0.523136683280566,
L4,within,2,0,onset,0.9407433412477713,
L4,within,2,0,pitch,0.6256752661881029,
L4,within,2,0,speech,0.9501086695296908,
L4,within,2,0,volume,0.688706205657085,
L4,within,2,0,word_gap,0.6503672522992173,
L4,within,2,0,word_head_pos,0.622545792712872,
L4,within,2,0,word_index,0.793812695856165,
L4,within,2,0,word_length,0.6605592301181782,
L4,within,2,0,word_part_speech,0.5569470280804323,
L4,within,2,4,delta_volume,0.7992513296343897,
L4,within,2,4,face_num,0.519657168531812,
L4,within,2,4,frame_brightness,0.43067746047668304,
L4,within,2,4,global_flow,0.4578742306928727,
L4,within,2,4,gpt2_surprisal,0.6167674994514278,
L4,within,2,4,local_flow,0.5476774500276897,
L4,within,2,4,onset,0.8962044954102205,
L4,within,2,4,pitch,0.5977686174937045,
L4,within,2,4,speech,0.8540380134374053,
L4,within,2,4,volume,0.6907098001107593,
L4,within,2,4,word_gap,0.5915227767912242,
L4,within,2,4,word_head_pos,0.637365077374795,
L4,within,2,4,word_index,0.8158813386850584,
L4,within,2,4,word_length,0.6199805648725745,
L4,within,2,4,word_part_speech,0.6163612260357787,
L4,within,3,0,delta_volume,0.7318213640115775,
L4,within,3,0,face_num,0.5203494143339289,
L4,within,3,0,frame_brightness,0.4533400206890066,
L4,within,3,0,global_flow,0.712135460748357,
L4,within,3,0,gpt2_surprisal,0.6279975549355818,
L4,within,3,0,local_flow,0.6263309405138815,
L4,within,3,0,onset,0.915425848719476,
L4,within,3,0,pitch,0.5607608956877005,
L4,within,3,0,speech,0.9050630596742004,
L4,within,3,0,volume,0.6897491457948027,
L4,within,3,0,word_gap,0.6501598695965644,
L4,within,3,0,word_head_pos,0.6257640826306385,
L4,within,3,0,word_index,0.7881219055669606,
L4,within,3,0,word_length,0.6011462545583733,
L4,within,3,0,word_part_speech,0.6396485015410847,
L4,within,3,1,delta_volume,0.8518502554778847,
L4,within,3,1,face_num,0.49550954515532425,
L4,within,3,1,frame_brightness,0.4641808511749893,
L4,within,3,1,global_flow,0.6316142127206044,
L4,within,3,1,gpt2_surprisal,0.6583362068064742,
L4,within,3,1,local_flow,0.7208290231236221,
L4,within,3,1,onset,0.9290099135739704,
L4,within,3,1,pitch,0.5240483579407124,
L4,within,3,1,speech,0.8950111281778002,
L4,within,3,1,volume,0.7716215792608383,
L4,within,3,1,word_gap,0.6429002307199582,
L4,within,3,1,word_head_pos,0.6434333301986352,
L4,within,3,1,word_index,0.8497607655502393,
L4,within,3,1,word_length,0.6628090289750582,
L4,within,3,1,word_part_speech,0.6224495333188625,
L4,within,4,0,delta_volume,0.7363293650793652,
L4,within,4,0,face_num,0.4827937693058689,
L4,within,4,0,frame_brightness,0.5314888038548753,
L4,within,4,0,global_flow,0.6472293083900227,
L4,within,4,0,gpt2_surprisal,0.5731547619047619,
L4,within,4,0,local_flow,0.5438031462585033,
L4,within,4,0,onset,0.7990828024563821,
L4,within,4,0,pitch,0.5356774376417234,
L4,within,4,0,speech,0.7475444865887172,
L4,within,4,0,volume,0.5328805272108843,
L4,within,4,0,word_gap,0.619239874273892,
L4,within,4,0,word_head_pos,0.568777885750708,
L4,within,4,0,word_index,0.7227961143305058,
L4,within,4,0,word_length,0.5453176497329242,
L4,within,4,0,word_part_speech,0.4306338803366695,
L4,within,4,1,delta_volume,0.6178110926512231,
L4,within,4,1,face_num,0.5363180882521968,
L4,within,4,1,frame_brightness,0.5172512878384168,
L4,within,4,1,global_flow,0.591554078764511,
L4,within,4,1,gpt2_surprisal,0.5185319425723331,
L4,within,4,1,local_flow,0.5495360647001661,
L4,within,4,1,onset,0.6528098032053331,
L4,within,4,1,pitch,0.46830559125628235,
L4,within,4,1,speech,0.6508527684607588,
L4,within,4,1,volume,0.5866469703144102,
L4,within,4,1,word_gap,0.5616450018838941,
L4,within,4,1,word_head_pos,0.5444898540275644,
L4,within,4,1,word_index,0.6255177514792899,
L4,within,4,1,word_length,0.5337424114186597,
L4,within,4,1,word_part_speech,0.4910050089268002,
L4,within,7,0,delta_volume,0.5158145512679853,
L4,within,7,0,face_num,0.42992121459097415,
L4,within,7,0,frame_brightness,0.42071891685736074,
L4,within,7,0,global_flow,0.5029844936940325,
L4,within,7,0,gpt2_surprisal,0.529735222511311,
L4,within,7,0,local_flow,0.4822471604860872,
L4,within,7,0,onset,0.5896001170287243,
L4,within,7,0,pitch,0.5046968224611559,
L4,within,7,0,speech,0.5808791260462054,
L4,within,7,0,volume,0.5315442044658997,
L4,within,7,0,word_gap,0.48996374199345893,
L4,within,7,0,word_head_pos,0.5038948622300241,
L4,within,7,0,word_index,0.564534023668639,
L4,within,7,0,word_length,0.5166687564653145,
L4,within,7,0,word_part_speech,0.5013574660633484,
L4,within,7,1,delta_volume,0.649666154665998,
L4,within,7,1,face_num,0.5722417270096025,
L4,within,7,1,frame_brightness,0.5058808240076069,
L4,within,7,1,global_flow,0.5334890233326018,
L4,within,7,1,gpt2_surprisal,0.5026148605581852,
L4,within,7,1,local_flow,0.49158072369727174,
L4,within,7,1,onset,0.5398802185592744,
L4,within,7,1,pitch,0.5422714021504027,
L4,within,7,1,speech,0.510882384120001,
L4,within,7,1,volume,0.5947710625581226,
L4,within,7,1,word_gap,0.4580724864504535,
L4,within,7,1,word_head_pos,0.5707840924526921,
L4,within,7,1,word_index,0.5242455621301776,
L4,within,7,1,word_length,0.5351504132576825,
L4,within,7,1,word_part_speech,0.5391105435429477,
L4,within,10,0,delta_volume,0.6745713300523495,
L4,within,10,0,face_num,0.46181937870286194,
L4,within,10,0,frame_brightness,0.47732046017366225,
L4,within,10,0,global_flow,0.542770341577589,
L4,within,10,0,gpt2_surprisal,0.5799295737855656,
L4,within,10,0,local_flow,0.5010442462618726,
L4,within,10,0,onset,0.8238723007973925,
L4,within,10,0,pitch,0.507418785200046,
L4,within,10,0,speech,0.7624800163004295,
L4,within,10,0,volume,0.44871895342883716,
L4,within,10,0,word_gap,0.6315841718650408,
L4,within,10,0,word_head_pos,0.5611736309206607,
L4,within,10,0,word_index,0.7677982283686982,
L4,within,10,0,word_length,0.5107337283052777,
L4,within,10,0,word_part_speech,0.5775666016894087,
L4,within,10,1,delta_volume,0.7873734365693865,
L4,within,10,1,face_num,0.5461532031388775,
L4,within,10,1,frame_brightness,0.5892696676175251,
L4,within,10,1,global_flow,0.5716722568780498,
L4,within,10,1,gpt2_surprisal,0.5992706602718827,
L4,within,10,1,local_flow,0.5479347564862125,
L4,within,10,1,onset,0.9279254568822294,
L4,within,10,1,pitch,0.4699931036644619,
L4,within,10,1,speech,0.8713101992623011,
L4,within,10,1,volume,0.6649863379413393,
L4,within,10,1,word_gap,0.5380970293512221,
L4,within,10,1,word_head_pos,0.5237087656604287,
L4,within,10,1,word_index,0.7505745489078823,
L4,within,10,1,word_length,0.588768115942029,
L4,within,10,1,word_part_speech,0.5660878134419822,
L5,cross_session,1,1,delta_volume,0.7545142857142857,
L5,cross_session,1,1,face_num,0.5800019591836736,
L5,cross_session,1,1,frame_brightness,0.4722063673469387,
L5,cross_session,1,1,global_flow,0.5732323265306123,
L5,cross_session,1,1,gpt2_surprisal,0.5500858775510205,
L5,cross_session,1,1,local_flow,0.5619513469387756,
L5,cross_session,1,1,onset,0.8581389931451509,
L5,cross_session,1,1,pitch,0.6871973877551021,
L5,cross_session,1,1,speech,0.8900382040816327,
L5,cross_session,1,1,volume,0.775810612244898,
L5,cross_session,1,1,word_gap,0.5411748571428572,
L5,cross_session,1,1,word_head_pos,0.5685603265306123,
L5,cross_session,1,1,word_index,0.5682878790567276,
L5,cross_session,1,1,word_length,0.5727425306122449,
L5,cross_session,1,1,word_part_speech,0.5886967224482249,
L5,cross_session,1,2,delta_volume,0.690445387755102,
L5,cross_session,1,2,face_num,0.6011951020408164,
L5,cross_session,1,2,frame_brightness,0.5167555918367347,
L5,cross_session,1,2,global_flow,0.6469720816326531,
L5,cross_session,1,2,gpt2_surprisal,0.5533276734693877,
L5,cross_session,1,2,local_flow,0.6054197551020408,
L5,cross_session,1,2,onset,0.9577958795049686,
L5,cross_session,1,2,pitch,0.6288718367346939,
L5,cross_session,1,2,speech,0.9795565714285714,
L5,cross_session,1,2,volume,0.7880751020408163,
L5,cross_session,1,2,word_gap,0.5517090335966377,
L5,cross_session,1,2,word_head_pos,0.5947258775510205,
L5,cross_session,1,2,word_index,0.5061178392925798,
L5,cross_session,1,2,word_length,0.5731983673469387,
L5,cross_session,1,2,word_part_speech,0.6038525639788164,
L5,cross_session,2,0,delta_volume,0.8139245714285714,
L5,cross_session,2,0,face_num,0.5867428571428572,
L5,cross_session,2,0,frame_brightness,0.6517662040816327,
L5,cross_session,2,0,global_flow,0.6141005714285714,
L5,cross_session,2,0,gpt2_surprisal,0.6752848979591837,
L5,cross_session,2,0,local_flow,0.5617704489795918,
L5,cross_session,2,0,onset,0.9416940778059986,
L5,cross_session,2,0,pitch,0.6555324081632654,
L5,cross_session,2,0,speech,0.951994448979592,
L5,cross_session,2,0,volume,0.763965387755102,
L5,cross_session,2,0,word_gap,0.569482753247158,
L5,cross_session,2,0,word_head_pos,0.6115696326530613,
L5,cross_session,2,0,word_index,0.7764335149075025,
L5,cross_session,2,0,word_length,0.6806249795918367,
L5,cross_session,2,0,word_part_speech,0.6514574394463668,
L5,cross_session,2,4,delta_volume,0.793354775510204,
L5,cross_session,2,4,face_num,0.5578687346938775,
L5,cross_session,2,4,frame_brightness,0.6316937142857142,
L5,cross_session,2,4,global_flow,0.6441374693877552,
L5,cross_session,2,4,gpt2_surprisal,0.6068862040816326,
L5,cross_session,2,4,local_flow,0.5888512653061224,
L5,cross_session,2,4,onset,0.9426929923646656,
L5,cross_session,2,4,pitch,0.5945903673469388,
L5,cross_session,2,4,speech,0.945369469387755,
L5,cross_session,2,4,volume,0.766765387755102,
L5,cross_session,2,4,word_gap,0.5674861131252247,
L5,cross_session,2,4,word_head_pos,0.6001730612244898,
L5,cross_session,2,4,word_index,0.7203355545819436,
L5,cross_session,2,4,word_length,0.6493061224489796,
L5,cross_session,2,4,word_part_speech,0.641472670590292,
L5,cross_session,3,0,delta_volume,0.774662530612245,
L5,cross_session,3,0,face_num,0.5210070204081633,
L5,cross_session,3,0,frame_brightness,0.6571598367346938,
L5,cross_session,3,0,global_flow,0.6755435102040817,
L5,cross_session,3,0,gpt2_surprisal,0.6639072653061224,
L5,cross_session,3,0,local_flow,0.6136901224489797,
L5,cross_session,3,0,onset,0.9541133061224488,
L5,cross_session,3,0,pitch,0.5130200816326531,
L5,cross_session,3,0,speech,0.9636989387755102,
L5,cross_session,3,0,volume,0.8140048979591837,
L5,cross_session,3,0,word_gap,0.6215849795918367,
L5,cross_session,3,0,word_head_pos,0.6248097959183674,
L5,cross_session,3,0,word_index,0.7839339563462672,
L5,cross_session,3,0,word_length,0.6458442448979591,
L5,cross_session,3,0,word_part_speech,0.6542467469231639,
L5,cross_session,3,1,delta_volume,0.8508891428571428,
L5,cross_session,3,1,face_num,0.4909871020408163,
L5,cross_session,3,1,frame_brightness,0.5098566530612245,
L5,cross_session,3,1,global_flow,0.6811647346938776,
L5,cross_session,3,1,gpt2_surprisal,0.6793462857142858,
L5,cross_session,3,1,local_flow,0.6260466938775511,
L5,cross_session,3,1,onset,0.9516937223763268,
L5,cross_session,3,1,pitch,0.5282782040816327,
L5,cross_session,3,1,speech,0.951879836734694,
L5,cross_session,3,1,volume,0.76304,
L5,cross_session,3,1,word_gap,0.6610257284379563,
L5,cross_session,3,1,word_head_pos,0.6490396734693877,
L5,cross_session,3,1,word_index,0.8671117161556381,
L5,cross_session,3,1,word_length,0.6650566530612245,
L5,cross_session,3,1,word_part_speech,0.6851608789583821,
L5,cross_session,4,0,delta_volume,0.7661998410806515,
L5,cross_session,4,0,face_num,0.4562614446390005,
L5,cross_session,4,0,frame_brightness,0.548964186389693,
L5,cross_session,4,0,global_flow,0.5016984505363529,
L5,cross_session,4,0,gpt2_surprisal,0.6247449486349963,
L5,cross_session,4,0,local_flow,0.5758194278903457,
L5,cross_session,4,0,onset,0.9175723857897152,
L5,cross_session,4,0,pitch,0.603622509790567,
L5,cross_session,4,0,speech,0.8914344489795919,
L5,cross_session,4,0,volume,0.6860824961689086,
L5,cross_session,4,0,word_gap,0.6450324918521353,
L5,cross_session,4,0,word_head_pos,0.5821844897959183,
L5,cross_session,4,0,word_index,0.7628310386931076,
L5,cross_session,4,0,word_length,0.6207120543356428,
L5,cross_session,4,0,word_part_speech,0.5584277289890119,
L5,cross_session,4,1,delta_volume,0.6770155102040817,
L5,cross_session,4,1,face_num,0.483984,
L5,cross_session,4,1,frame_brightness,0.5816832653061225,
L5,cross_session,4,1,global_flow,0.5788976326530613,
L5,cross_session,4,1,gpt2_surprisal,0.5785658775510203,
L5,cross_session,4,1,local_flow,0.6197642448979591,
L5,cross_session,4,1,onset,0.8375023814059821,
L5,cross_session,4,1,pitch,0.5988884897959184,
L5,cross_session,4,1,speech,0.8270151836734694,
L5,cross_session,4,1,volume,0.6721717551020407,
L5,cross_session,4,1,word_gap,0.6304811710554679,
L5,cross_session,4,1,word_head_pos,0.5537580408163265,
L5,cross_session,4,1,word_index,0.6860308285163776,
L5,cross_session,4,1,word_length,0.6035438367346939,
L5,cross_session,4,1,word_part_speech,0.5282870059865366,
L5,cross_session,7,0,delta_volume,0.6140290612244899,
L5,cross_session,7,0,face_num,0.5338553469387755,
L5,cross_session,7,0,frame_brightness,0.4957299591836734,
L5,cross_session,7,0,global_flow,0.608446693877551,
L5,cross_session,7,0,gpt2_surprisal,0.5436225306122449,
L5,cross_session,7,0,local_flow,0.5982419591836734,
L5,cross_session,7,0,onset,0.8792855510204083,
L5,cross_session,7,0,pitch,0.5621289795918367,
L5,cross_session,7,0,speech,0.8740336326530612,
L5,cross_session,7,0,volume,0.5793707755102041,
L5,cross_session,7,0,word_gap,0.5024751020408164,
L5,cross_session,7,0,word_head_pos,0.5567791020408164,
L5,cross_session,7,0,word_index,0.5964826095500098,
L5,cross_session,7,0,word_length,0.532419918367347,
L5,cross_session,7,0,word_part_speech,0.6207314893903053,
L5,cross_session,7,1,delta_volume,0.6503379591836735,
L5,cross_session,7,1,face_num,0.5139595102040816,
L5,cross_session,7,1,frame_brightness,0.4582491428571428,
L5,cross_session,7,1,global_flow,0.6046592653061225,
L5,cross_session,7,1,gpt2_surprisal,0.5534344489795918,
L5,cross_session,7,1,local_flow,0.5175203265306123,
L5,cross_session,7,1,onset,0.8735954467517624,
L5,cross_session,7,1,pitch,0.5653244081632653,
L5,cross_session,7,1,speech,0.8663121201731241,
L5,cross_session,7,1,volume,0.5991040000000001,
L5,cross_session,7,1,word_gap,0.4970627607331958,
L5,cross_session,7,1,word_head_pos,0.5671797551020408,
L5,cross_session,7,1,word_index,0.5878501556247222,
L5,cross_session,7,1,word_length,0.5825502040816326,
L5,cross_session,7,1,word_part_speech,0.6441938669051346,
L5,cross_session,10,0,delta_volume,0.7005469387755102,
L5,cross_session,10,0,face_num,0.4157139591836735,
L5,cross_session,10,0,frame_brightness,0.2374690612244898,
L5,cross_session,10,0,global_flow,0.4964385306122449,
L5,cross_session,10,0,gpt2_surprisal,0.5619725714285715,
L5,cross_session,10,0,local_flow,0.5818749387755102,
L5,cross_session,10,0,onset,0.9091165364241884,
L5,cross_session,10,0,pitch,0.5264111020408162,
L5,cross_session,10,0,speech,0.8431849795918367,
L5,cross_session,10,0,volume,0.5119546122448979,
L5,cross_session,10,0,word_gap,0.5836551836734694,
L5,cross_session,10,0,word_head_pos,0.5477381224489796,
L5,cross_session,10,0,word_index,0.7435998641880994,
L5,cross_session,10,0,word_length,0.5950553469387756,
L5,cross_session,10,0,word_part_speech,0.5854078839703131,
L5,cross_session,10,1,delta_volume,0.7576039183673469,
L5,cross_session,10,1,face_num,0.5234223673469388,
L5,cross_session,10,1,frame_brightness,0.6273188571428572,
L5,cross_session,10,1,global_flow,0.5556558367346939,
L5,cross_session,10,1,gpt2_surprisal,0.5636597551020408,
L5,cross_session,10,1,local_flow,0.510817306122449,
L5,cross_session,10,1,onset,0.9336568163265306,
L5,cross_session,10,1,pitch,0.5866207346938777,
L5,cross_session,10,1,speech,0.9065521632653062,
L5,cross_session,10,1,volume,0.7702439183673468,
L5,cross_session,10,1,word_gap,0.6374488163265306,
L5,cross_session,10,1,word_head_pos,0.5575255510204082,
L5,cross_session,10,1,word_index,0.754249752493465,
L5,cross_session,10,1,word_length,0.5807160816326531,
L5,cross_session,10,1,word_part_speech,0.5839325086693234,
L5,cross_subject,1,1,delta_volume,0.6432682448979592,
L5,cross_subject,1,1,face_num,0.5098442448979592,
L5,cross_subject,1,1,frame_brightness,0.4869231020408163,
L5,cross_subject,1,1,global_flow,0.5613084081632653,
L5,cross_subject,1,1,gpt2_surprisal,0.5077097142857143,
L5,cross_subject,1,1,local_flow,0.5258364081632654,
L5,cross_subject,1,1,onset,0.7823292152109886,
L5,cross_subject,1,1,pitch,0.5055059591836735,
L5,cross_subject,1,1,speech,0.7881554285714285,
L5,cross_subject,1,1,volume,0.576093387755102,
L5,cross_subject,1,1,word_gap,0.5159781224489797,
L5,cross_subject,1,1,word_head_pos,0.5245472653061225,
L5,cross_subject,1,1,word_index,0.5234206339348557,
L5,cross_subject,1,1,word_length,0.5348822857142856,
L5,cross_subject,1,1,word_part_speech,0.5630460660133136,
L5,cross_subject,1,2,delta_volume,0.593989224489796,
L5,cross_subject,1,2,face_num,0.5060636734693879,
L5,cross_subject,1,2,frame_brightness,0.4941263673469388,
L5,cross_subject,1,2,global_flow,0.5454207346938775,
L5,cross_subject,1,2,gpt2_surprisal,0.505646693877551,
L5,cross_subject,1,2,local_flow,0.5402073469387755,
L5,cross_subject,1,2,onset,0.8509891032118335,
L5,cross_subject,1,2,pitch,0.4939856326530612,
L5,cross_subject,1,2,speech,0.8613560816326531,
L5,cross_subject,1,2,volume,0.6018674285714285,
L5,cross_subject,1,2,word_gap,0.4824403031644523,
L5,cross_subject,1,2,word_head_pos,0.5834115918367347,
L5,cross_subject,1,2,word_index,0.4993002691272588,
L5,cross_subject,1,2,word_length,0.5198778775510204,
L5,cross_subject,1,2,word_part_speech,0.531045893579918,
L5,cross_subject,3,0,delta_volume,0.559488,
L5,cross_subject,3,0,face_num,0.5167477551020409,
L5,cross_subject,3,0,frame_brightness,0.5048649795918367,
L5,cross_subject,3,0,global_flow,0.4986256326530612,
L5,cross_subject,3,0,gpt2_surprisal,0.5025844897959184,
L5,cross_subject,3,0,local_flow,0.5034974693877552,
L5,cross_subject,3,0,onset,0.6494524081632653,
L5,cross_subject,3,0,pitch,0.5150422857142858,
L5,cross_subject,3,0,speech,0.565629387755102,
L5,cross_subject,3,0,volume,0.505845224489796,
L5,cross_subject,3,0,word_gap,0.5148368979591836,
L5,cross_subject,3,0,word_head_pos,0.5219621224489795,
L5,cross_subject,3,0,word_index,0.5782626932902036,
L5,cross_subject,3,0,word_length,0.4963813877551021,
L5,cross_subject,3,0,word_part_speech,0.4956452133824949,
L5,cross_subject,3,1,delta_volume,0.6028744489795917,
L5,cross_subject,3,1,face_num,0.5238530612244898,
L5,cross_subject,3,1,frame_brightness,0.4752065306122449,
L5,cross_subject,3,1,global_flow,0.5091444897959183,
L5,cross_subject,3,1,gpt2_surprisal,0.5261635918367347,
L5,cross_subject,3,1,local_flow,0.513772081632653,
L5,cross_subject,3,1,onset,0.7077538518243143,
L5,cross_subject,3,1,pitch,0.5076205714285714,
L5,cross_subject,3,1,speech,0.616942693877551,
L5,cross_subject,3,1,volume,0.514012081632653,
L5,cross_subject,3,1,word_gap,0.5281214099582505,
L5,cross_subject,3,1,word_head_pos,0.5157511836734694,
L5,cross_subject,3,1,word_index,0.5779771703282619,
L5,cross_subject,3,1,word_length,0.5227408979591837,
L5,cross_subject,3,1,word_part_speech,0.4954764981397257,
L5,cross_subject,4,0,delta_volume,0.5600722231681707,
L5,cross_subject,4,0,face_num,0.501412423719102,
L5,cross_subject,4,0,frame_brightness,0.4907443668766672,
L5,cross_subject,4,0,global_flow,0.4976013110846246,
L5,cross_subject,4,0,gpt2_surprisal,0.4999989358079346,
L5,cross_subject,4,0,local_flow,0.5046271071002895,
L5,cross_subject,4,0,onset,0.6512909636134068,
L5,cross_subject,4,0,pitch,0.4932491202678926,
L5,cross_subject,4,0,speech,0.7361407346938775,
L5,cross_subject,4,0,volume,0.519179933594415,
L5,cross_subject,4,0,word_gap,0.5236153610161522,
L5,cross_subject,4,0,word_head_pos,0.5533648979591836,
L5,cross_subject,4,0,word_index,0.6930392404530336,
L5,cross_subject,4,0,word_length,0.5193072091896676,
L5,cross_subject,4,0,word_part_speech,0.4866902125493191,
L5,cross_subject,4,1,delta_volume,0.5100688979591838,
L5,cross_subject,4,1,face_num,0.499997387755102,
L5,cross_subject,4,1,frame_brightness,0.5149740408163265,
L5,cross_subject,4,1,global_flow,0.5062373877551021,
L5,cross_subject,4,1,gpt2_surprisal,0.4965635918367347,
L5,cross_subject,4,1,local_flow,0.4988062040816325,
L5,cross_subject,4,1,onset,0.5860611545056202,
L5,cross_subject,4,1,pitch,0.5110243265306122,
L5,cross_subject,4,1,speech,0.6980395102040816,
L5,cross_subject,4,1,volume,0.5019023673469387,
L5,cross_subject,4,1,word_gap,0.5164496267541469,
L5,cross_subject,4,1,word_head_pos,0.5170501224489795,
L5,cross_subject,4,1,word_index,0.6091077515933006,
L5,cross_subject,4,1,word_length,0.5068146938775511,
L5,cross_subject,4,1,word_part_speech,0.5027471930347517,
L5,cross_subject,7,0,delta_volume,0.4994128979591837,
L5,cross_subject,7,0,face_num,0.5005714285714286,
L5,cross_subject,7,0,frame_brightness,0.5017260408163264,
L5,cross_subject,7,0,global_flow,0.4996395102040816,
L5,cross_subject,7,0,gpt2_surprisal,0.4954050612244898,
L5,cross_subject,7,0,local_flow,0.502877387755102,
L5,cross_subject,7,0,onset,0.5010919183673469,
L5,cross_subject,7,0,pitch,0.5005975510204081,
L5,cross_subject,7,0,speech,0.4981857959183673,
L5,cross_subject,7,0,volume,0.5133377959183674,
L5,cross_subject,7,0,word_gap,0.5113985306122448,
L5,cross_subject,7,0,word_head_pos,0.4882184489795917,
L5,cross_subject,7,0,word_index,0.4778882998019862,
L5,cross_subject,7,0,word_length,0.4920297142857143,
L5,cross_subject,7,0,word_part_speech,0.4973920463767355,
L5,cross_subject,7,1,delta_volume,0.5005662040816325,
L5,cross_subject,7,1,face_num,0.5,
L5,cross_subject,7,1,frame_brightness,0.5016568163265307,
L5,cross_subject,7,1,global_flow,0.5050351020408164,
L5,cross_subject,7,1,gpt2_surprisal,0.4988675918367347,
L5,cross_subject,7,1,local_flow,0.5080176326530612,
L5,cross_subject,7,1,onset,0.5009806629834254,
L5,cross_subject,7,1,pitch,0.4948845714285714,
L5,cross_subject,7,1,speech,0.5014915632676251,
L5,cross_subject,7,1,volume,0.503208163265306,
L5,cross_subject,7,1,word_gap,0.5057956811804749,
L5,cross_subject,7,1,word_head_pos,0.4922511020408163,
L5,cross_subject,7,1,word_index,0.4983224025492811,
L5,cross_subject,7,1,word_length,0.5359885714285715,
L5,cross_subject,7,1,word_part_speech,0.5147994448170504,
L5,cross_subject,10,0,delta_volume,0.5266782040816326,
L5,cross_subject,10,0,face_num,0.5180408163265307,
L5,cross_subject,10,0,frame_brightness,0.5023180408163266,
L5,cross_subject,10,0,global_flow,0.5106935510204081,
L5,cross_subject,10,0,gpt2_surprisal,0.5064382040816326,
L5,cross_subject,10,0,local_flow,0.498913306122449,
L5,cross_subject,10,0,onset,0.597633782626178,
L5,cross_subject,10,0,pitch,0.518442775510204,
L5,cross_subject,10,0,speech,0.584461387755102,
L5,cross_subject,10,0,volume,0.5091585306122448,
L5,cross_subject,10,0,word_gap,0.4995529795918367,
L5,cross_subject,10,0,word_head_pos,0.509378612244898,
L5,cross_subject,10,0,word_index,0.539795008912656,
L5,cross_subject,10,0,word_length,0.4877466122448979,
L5,cross_subject,10,0,word_part_speech,0.4855052612438451,
L5,cross_subject,10,1,delta_volume,0.5611474285714286,
L5,cross_subject,10,1,face_num,0.5009851428571429,
L5,cross_subject,10,1,frame_brightness,0.4896284081632653,
L5,cross_subject,10,1,global_flow,0.4923389387755101,
L5,cross_subject,10,1,gpt2_surprisal,0.5172202448979593,
L5,cross_subject,10,1,local_flow,0.4959853061224489,
L5,cross_subject,10,1,onset,0.5192150204081633,
L5,cross_subject,10,1,pitch,0.5099650612244897,
L5,cross_subject,10,1,speech,0.5135781224489797,
L5,cross_subject,10,1,volume,0.5247937959183673,
L5,cross_subject,10,1,word_gap,0.5049541224489795,
L5,cross_subject,10,1,word_head_pos,0.5191072653061224,
L5,cross_subject,10,1,word_index,0.4868851213553623,
L5,cross_subject,10,1,word_length,0.4918759183673469,
L5,cross_subject,10,1,word_part_speech,0.4799979297137829,
L5,within,1,1,delta_volume,0.8322864748231509,
L5,within,1,1,face_num,0.6044455241737459,
L5,within,1,1,frame_brightness,0.5761947117645215,
L5,within,1,1,global_flow,0.6443293313689227,
L5,within,1,1,gpt2_surprisal,0.6039779317262781,
L5,within,1,1,local_flow,0.5923011817811354,
L5,within,1,1,onset,0.9231293601624323,
L5,within,1,1,pitch,0.6704603042746831,
L5,within,1,1,speech,0.9257070050050678,
L5,within,1,1,volume,0.8140725734825449,
L5,within,1,1,word_gap,0.6147560682528238,
L5,within,1,1,word_head_pos,0.6331136432504728,
L5,within,1,1,word_index,0.8238743047436852,
L5,within,1,1,word_length,0.6187645632843276,
L5,within,1,1,word_part_speech,0.6085674579326923,
L5,within,1,2,delta_volume,0.7862024962644849,
L5,within,1,2,face_num,0.49461811541957934,
L5,within,1,2,frame_brightness,0.48376748900243466,
L5,within,1,2,global_flow,0.6733873285058986,
L5,within,1,2,gpt2_surprisal,0.6109892061899835,
L5,within,1,2,local_flow,0.6290280868938278,
L5,within,1,2,onset,0.9365779768177029,
L5,within,1,2,pitch,0.6360563409715474,
L5,within,1,2,speech,0.9392645737333208,
L5,within,1,2,volume,0.8367893378472984,
L5,within,1,2,word_gap,0.5920640677586418,
L5,within,1,2,word_head_pos,0.6522163620785136,
L5,within,1,2,word_index,0.6433986928104575,
L5,within,1,2,word_length,0.6563587348358986,
L5,within,1,2,word_part_speech,0.6326148816176566,
L5,within,2,0,delta_volume,0.8430143255697313,
L5,within,2,0,face_num,0.58083406476286,
L5,within,2,0,frame_brightness,0.5919002016655696,
L5,within,2,0,global_flow,0.5557786850986908,
L5,within,2,0,gpt2_surprisal,0.6667215238811741,
L5,within,2,0,local_flow,0.5524434970690574,
L5,within,2,0,onset,0.9377696529041677,
L5,within,2,0,pitch,0.6531678735253859,
L5,within,2,0,speech,0.9632626458940682,
L5,within,2,0,volume,0.8330205165982258,
L5,within,2,0,word_gap,0.6911773859728296,
L5,within,2,0,word_head_pos,0.6246453872919344,
L5,within,2,0,word_index,0.8103587122074194,
L5,within,2,0,word_length,0.7105563566450372,
L5,within,2,0,word_part_speech,0.6250885818052972,
L5,within,2,4,delta_volume,0.8346956208269334,
L5,within,2,4,face_num,0.5420800549617044,
L5,within,2,4,frame_brightness,0.4835578560755671,
L5,within,2,4,global_flow,0.6147821907359226,
L5,within,2,4,gpt2_surprisal,0.6421996959342967,
L5,within,2,4,local_flow,0.6359420551079904,
L5,within,2,4,onset,0.8844905487717694,
L5,within,2,4,pitch,0.6398649990073457,
L5,within,2,4,speech,0.8700138710385255,
L5,within,2,4,volume,0.8287116130110863,
L5,within,2,4,word_gap,0.606992512688757,
L5,within,2,4,word_head_pos,0.6395926721210412,
L5,within,2,4,word_index,0.8242180875120131,
L5,within,2,4,word_length,0.6923783737186923,
L5,within,2,4,word_part_speech,0.6610701590816386,
L5,within,3,0,delta_volume,0.7507235927818354,
L5,within,3,0,face_num,0.5325956344106246,
L5,within,3,0,frame_brightness,0.515015856347241,
L5,within,3,0,global_flow,0.7365155742244234,
L5,within,3,0,gpt2_surprisal,0.6807349299395004,
L5,within,3,0,local_flow,0.6579025735870349,
L5,within,3,0,onset,0.9164465847465596,
L5,within,3,0,pitch,0.5922763654221915,
L5,within,3,0,speech,0.9233788386988913,
L5,within,3,0,volume,0.8090185260650137,
L5,within,3,0,word_gap,0.6617347418576219,
L5,within,3,0,word_head_pos,0.6294238425127738,
L5,within,3,0,word_index,0.7968306590387635,
L5,within,3,0,word_length,0.6445435357303324,
L5,within,3,0,word_part_speech,0.6637156534854745,
L5,within,3,1,delta_volume,0.85765924265697,
L5,within,3,1,face_num,0.5306645298475492,
L5,within,3,1,frame_brightness,0.4811029957263617,
L5,within,3,1,global_flow,0.6387312832408598,
L5,within,3,1,gpt2_surprisal,0.711934970690574,
L5,within,3,1,local_flow,0.757585969091878,
L5,within,3,1,onset,0.9426537874936451,
L5,within,3,1,pitch,0.5492186765305163,
L5,within,3,1,speech,0.9108883734052224,
L5,within,3,1,volume,0.8349189680574277,
L5,within,3,1,word_gap,0.6621476234600531,
L5,within,3,1,word_head_pos,0.6539789766256021,
L5,within,3,1,word_index,0.8569976076555024,
L5,within,3,1,word_length,0.6757651275299625,
L5,within,3,1,word_part_speech,0.6535638701975255,
L5,within,4,0,delta_volume,0.7623185941043084,
L5,within,4,0,face_num,0.46791324562667047,
L5,within,4,0,frame_brightness,0.674780328798186,
L5,within,4,0,global_flow,0.6792460317460317,
L5,within,4,0,gpt2_surprisal,0.5811904761904761,
L5,within,4,0,local_flow,0.6296634070294784,
L5,within,4,0,onset,0.7981591483011938,
L5,within,4,0,pitch,0.5797959183673469,
L5,within,4,0,speech,0.8304069621641954,
L5,within,4,0,volume,0.5664810090702947,
L5,within,4,0,word_gap,0.6461874353465425,
L5,within,4,0,word_head_pos,0.5661382088335789,
L5,within,4,0,word_index,0.7420319979843789,
L5,within,4,0,word_length,0.6060930219343108,
L5,within,4,0,word_part_speech,0.4520059611509085,
L5,within,4,1,delta_volume,0.6398414887725568,
L5,within,4,1,face_num,0.5396905008202459,
L5,within,4,1,frame_brightness,0.459114395577986,
L5,within,4,1,global_flow,0.6036389925080718,
L5,within,4,1,gpt2_surprisal,0.5231967649916931,
L5,within,4,1,local_flow,0.6021846232615486,
L5,within,4,1,onset,0.8389419052402478,
L5,within,4,1,pitch,0.5449437321714052,
L5,within,4,1,speech,0.8367397051294109,
L5,within,4,1,volume,0.6088007951683856,
L5,within,4,1,word_gap,0.5846004332956554,
L5,within,4,1,word_head_pos,0.5315546534591392,
L5,within,4,1,word_index,0.6680325443786982,
L5,within,4,1,word_length,0.5444944254621067,
L5,within,4,1,word_part_speech,0.5519428188851419,
L5,within,7,0,delta_volume,0.5265156264693897,
L5,within,7,0,face_num,0.4073853484216795,
L5,within,7,0,frame_brightness,0.36198577892020106,
L5,within,7,0,global_flow,0.5741388723446497,
L5,within,7,0,gpt2_surprisal,0.5211539868133706,
L5,within,7,0,local_flow,0.5512516587776768,
L5,within,7,0,onset,0.8536696864257128,
L5,within,7,0,pitch,0.5325355526994975,
L5,within,7,0,speech,0.8276373258936502,
L5,within,7,0,volume,0.5909924453778879,
L5,within,7,0,word_gap,0.5057129870536974,
L5,within,7,0,word_head_pos,0.5406282979634912,
L5,within,7,0,word_index,0.5815835949764521,
L5,within,7,0,word_length,0.5090827873734365,
L5,within,7,0,word_part_speech,0.576126303364155,
L5,within,7,1,delta_volume,0.7042647565907025,
L5,within,7,1,face_num,0.5960471458574965,
L5,within,7,1,frame_brightness,0.5237120309708161,
L5,within,7,1,global_flow,0.6137986792472545,
L5,within,7,1,gpt2_surprisal,0.5236878676739496,
L5,within,7,1,local_flow,0.5739664639561978,
L5,within,7,1,onset,0.7476751442095491,
L5,within,7,1,pitch,0.5551739496149546,
L5,within,7,1,speech,0.7758146052526966,
L5,within,7,1,volume,0.6122065139023856,
L5,within,7,1,word_gap,0.5492728893139727,
L5,within,7,1,word_head_pos,0.5925937535918414,
L5,within,7,1,word_index,0.5281213017751479,
L5,within,7,1,word_length,0.5895818312905552,
L5,within,7,1,word_part_speech,0.5807131521523508,
L5,within,10,0,delta_volume,0.7127415023562479,
L5,within,10,0,face_num,0.45645773904684284,
L5,within,10,0,frame_brightness,0.4688378368494195,
L5,within,10,0,global_flow,0.5758714460361745,
L5,within,10,0,gpt2_surprisal,0.5971873922447573,
L5,within,10,0,local_flow,0.5765800183902281,
L5,within,10,0,onset,0.8618961352657004,
L5,within,10,0,pitch,0.5366687825877976,
L5,within,10,0,speech,0.832598638496181,
L5,within,10,0,volume,0.4853994911340292,
L5,within,10,0,word_gap,0.6577543284954495,
L5,within,10,0,word_head_pos,0.5970260859116223,
L5,within,10,0,word_index,0.8081994441054844,
L5,within,10,0,word_length,0.5373904161834007,
L5,within,10,0,word_part_speech,0.6033556453770592,
L5,within,10,1,delta_volume,0.8200147853254338,
L5,within,10,1,face_num,0.4702282060123507,
L5,within,10,1,frame_brightness,0.6999760979279647,
L5,within,10,1,global_flow,0.6466568446130215,
L5,within,10,1,gpt2_surprisal,0.6274620440320575,
L5,within,10,1,local_flow,0.5915338338401095,
L5,within,10,1,onset,0.9630001149389257,
L5,within,10,1,pitch,0.5213962728441115,
L5,within,10,1,speech,0.9469341347711148,
L5,within,10,1,volume,0.7814436329059695,
L5,within,10,1,word_gap,0.575269322800748,
L5,within,10,1,word_head_pos,0.5712516849001599,
L5,within,10,1,word_index,0.7932241215574548,
L5,within,10,1,word_length,0.6207472597515229,
L5,within,10,1,word_part_speech,0.6044906671304117,
pub_linear_lap_stft,within,1,1,delta_volume,0.8323171687407919,2.0
pub_linear_lap_stft,within,1,2,delta_volume,0.7862031493265624,2.0
pub_linear_lap_stft,within,2,0,delta_volume,0.8429542438586042,2.0
pub_linear_lap_stft,within,2,4,delta_volume,0.8347014983856306,2.0
pub_linear_lap_stft,within,3,0,delta_volume,0.7507262050301453,2.0
pub_linear_lap_stft,within,3,1,delta_volume,0.8576664263398222,2.0
pub_linear_lap_stft,within,4,0,delta_volume,0.7623185941043084,2.0
pub_linear_lap_stft,within,4,1,delta_volume,0.6398375704000919,2.0
pub_linear_lap_stft,within,7,0,delta_volume,0.5265169325935446,2.0
pub_linear_lap_stft,within,7,1,delta_volume,0.7042647565907025,2.0
pub_linear_lap_stft,within,10,0,delta_volume,0.7127336656113182,2.0
pub_linear_lap_stft,within,10,1,delta_volume,0.8200239281945184,2.0
pub_linear_lap_stft,within,1,1,face_num,0.6044481364220557,2.0
pub_linear_lap_stft,within,1,2,face_num,0.4946292174748963,2.0
pub_linear_lap_stft,within,2,0,face_num,0.5808229627075431,2.0
pub_linear_lap_stft,within,2,4,face_num,0.5420833202720918,2.0
pub_linear_lap_stft,within,3,0,face_num,0.5325956344106246,2.0
pub_linear_lap_stft,within,3,1,face_num,0.5306625706613167,2.0
pub_linear_lap_stft,within,4,0,face_num,0.46778620700693013,2.0
pub_linear_lap_stft,within,4,1,face_num,0.5396931130685558,2.0
pub_linear_lap_stft,within,7,0,face_num,0.4073853484216796,2.0
pub_linear_lap_stft,within,7,1,face_num,0.5960366968642571,2.0
pub_linear_lap_stft,within,10,0,face_num,0.4564283512533567,2.0
pub_linear_lap_stft,within,10,1,face_num,0.4702282060123507,2.0
pub_linear_lap_stft,within,1,1,frame_brightness,0.5761888342058242,2.0
pub_linear_lap_stft,within,1,2,frame_brightness,0.4837740196232094,2.0
pub_linear_lap_stft,within,2,0,frame_brightness,0.5919015077897245,2.0
pub_linear_lap_stft,within,2,4,frame_brightness,0.4835846316207434,2.0
pub_linear_lap_stft,within,3,0,frame_brightness,0.5150439380165721,2.0
pub_linear_lap_stft,within,3,1,frame_brightness,0.4811029957263617,2.0
pub_linear_lap_stft,within,4,0,frame_brightness,0.6887237811791384,2.0
pub_linear_lap_stft,within,4,1,frame_brightness,0.459115701702141,2.0
pub_linear_lap_stft,within,7,0,frame_brightness,0.3619923095409757,2.0
pub_linear_lap_stft,within,7,1,frame_brightness,0.5231445200254956,2.0
pub_linear_lap_stft,within,10,0,frame_brightness,0.4687353061032569,2.0
pub_linear_lap_stft,within,10,1,frame_brightness,0.699975444865887,2.0
pub_linear_lap_stft,within,1,1,global_flow,0.6443293313689227,2.0
pub_linear_lap_stft,within,1,2,global_flow,0.673387981567976,2.0
pub_linear_lap_stft,within,2,0,global_flow,0.5557793381607683,2.0
pub_linear_lap_stft,within,2,4,global_flow,0.6147821907359226,2.0
pub_linear_lap_stft,within,3,0,global_flow,0.7365155742244234,2.0
pub_linear_lap_stft,within,3,1,global_flow,0.6387312832408598,2.0
pub_linear_lap_stft,within,4,0,global_flow,0.6817325680272108,2.0
pub_linear_lap_stft,within,4,1,global_flow,0.6036383394459944,2.0
pub_linear_lap_stft,within,7,0,global_flow,0.5741460560275018,2.0
pub_linear_lap_stft,within,7,1,global_flow,0.6137790873849305,2.0
pub_linear_lap_stft,within,10,0,global_flow,0.5758753644086392,2.0
pub_linear_lap_stft,within,10,1,global_flow,0.646667293606261,2.0
pub_linear_lap_stft,within,1,1,gpt2_surprisal,0.6039779317262781,2.0
pub_linear_lap_stft,within,1,2,gpt2_surprisal,0.6109892061899835,2.0
pub_linear_lap_stft,within,2,0,gpt2_surprisal,0.6666849524048358,2.0
pub_linear_lap_stft,within,2,4,gpt2_surprisal,0.6422049204309165,2.0
pub_linear_lap_stft,within,3,0,gpt2_surprisal,0.6807336238153454,2.0
pub_linear_lap_stft,within,3,1,gpt2_surprisal,0.7119421543734261,2.0
pub_linear_lap_stft,within,4,0,gpt2_surprisal,0.5812244897959183,2.0
pub_linear_lap_stft,within,4,1,gpt2_surprisal,0.5232072139849325,2.0
pub_linear_lap_stft,within,7,0,gpt2_surprisal,0.5211539868133706,2.0
pub_linear_lap_stft,within,7,1,gpt2_surprisal,0.5236878676739496,2.0
pub_linear_lap_stft,within,10,0,gpt2_surprisal,0.5971834738722923,2.0
pub_linear_lap_stft,within,10,1,gpt2_surprisal,0.6274620440320575,2.0
pub_linear_lap_stft,within,1,1,local_flow,0.5922985695328256,2.0
pub_linear_lap_stft,within,1,2,local_flow,0.6290215562730531,2.0
pub_linear_lap_stft,within,2,0,local_flow,0.552430435827508,2.0
pub_linear_lap_stft,within,2,4,local_flow,0.6359414020459129,2.0
pub_linear_lap_stft,within,3,0,local_flow,0.657899961338725,2.0
pub_linear_lap_stft,within,3,1,local_flow,0.757585969091878,2.0
pub_linear_lap_stft,within,4,0,local_flow,0.6563534580498867,2.0
pub_linear_lap_stft,within,4,1,local_flow,0.6021911538823234,2.0
pub_linear_lap_stft,within,7,0,local_flow,0.5512470873431344,2.0
pub_linear_lap_stft,within,7,1,local_flow,0.5739684231424302,2.0
pub_linear_lap_stft,within,10,0,local_flow,0.5765989571904746,2.0
pub_linear_lap_stft,within,10,1,local_flow,0.5915384052746517,2.0
pub_linear_lap_stft,within,1,1,onset,0.9231179716784672,2.0
pub_linear_lap_stft,within,1,2,onset,0.9373701640824929,2.0
pub_linear_lap_stft,within,2,0,onset,0.9373019465821639,2.0
pub_linear_lap_stft,within,2,4,onset,0.8844976979610513,2.0
pub_linear_lap_stft,within,3,0,onset,0.916094584286804,2.0
pub_linear_lap_stft,within,3,1,onset,0.9426537874936451,2.0
pub_linear_lap_stft,within,4,0,onset,0.8494945907943067,2.0
pub_linear_lap_stft,within,4,1,onset,0.8389419052402478,2.0
pub_linear_lap_stft,within,7,0,onset,0.8536984211571215,2.0
pub_linear_lap_stft,within,7,1,onset,0.7476789492108428,2.0
pub_linear_lap_stft,within,10,0,onset,0.8619812583668005,2.0
pub_linear_lap_stft,within,10,1,onset,0.9630001149389256,2.0
pub_linear_lap_stft,within,1,1,pitch,0.670451814467676,2.0
pub_linear_lap_stft,within,1,2,pitch,0.6360563409715474,2.0
pub_linear_lap_stft,within,2,0,pitch,0.6531717918978506,2.0
pub_linear_lap_stft,within,2,4,pitch,0.6398832847455148,2.0
pub_linear_lap_stft,within,3,0,pitch,0.5922776715463465,2.0
pub_linear_lap_stft,within,3,1,pitch,0.5492278193996009,2.0
pub_linear_lap_stft,within,4,0,pitch,0.5798001700680272,2.0
pub_linear_lap_stft,within,4,1,pitch,0.5449463444197151,2.0
pub_linear_lap_stft,within,7,0,pitch,0.5325355526994975,2.0
pub_linear_lap_stft,within,7,1,pitch,0.5551706843045672,2.0
pub_linear_lap_stft,within,10,0,pitch,0.5366393947943116,2.0
pub_linear_lap_stft,within,10,1,pitch,0.521396925906189,2.0
pub_linear_lap_stft,within,1,1,speech,0.9247332894475617,2.0
pub_linear_lap_stft,within,1,2,speech,0.9393893085901174,2.0
pub_linear_lap_stft,within,2,0,speech,0.963263952018223,2.0
pub_linear_lap_stft,within,2,4,speech,0.8700484833286313,2.0
pub_linear_lap_stft,within,3,0,speech,0.9238059412975559,2.0
pub_linear_lap_stft,within,3,1,speech,0.9108883734052224,2.0
pub_linear_lap_stft,within,4,0,speech,0.8304076152262729,2.0
pub_linear_lap_stft,within,4,1,speech,0.8367397051294108,2.0
pub_linear_lap_stft,within,7,0,speech,0.8276386320178051,2.0
pub_linear_lap_stft,within,7,1,speech,0.7758195743778655,2.0
pub_linear_lap_stft,within,10,0,speech,0.8325914548133287,2.0
pub_linear_lap_stft,within,10,1,speech,0.9469347878331923,2.0
pub_linear_lap_stft,within,1,1,volume,0.8140281652612771,2.0
pub_linear_lap_stft,within,1,2,volume,0.8367919500956083,2.0
pub_linear_lap_stft,within,2,0,volume,0.8330694962540359,2.0
pub_linear_lap_stft,within,2,4,volume,0.8286900619625299,2.0
pub_linear_lap_stft,within,3,0,volume,0.8090185260650137,2.0
pub_linear_lap_stft,within,3,1,volume,0.8349189680574277,2.0
pub_linear_lap_stft,within,4,0,volume,0.5656313775510204,2.0
pub_linear_lap_stft,within,4,1,volume,0.6087981829200757,2.0
pub_linear_lap_stft,within,7,0,volume,0.5909924453778879,2.0
pub_linear_lap_stft,within,7,1,volume,0.6122065139023856,2.0
pub_linear_lap_stft,within,10,0,volume,0.48540471563064896,2.0
pub_linear_lap_stft,within,10,1,volume,0.7814906533755474,2.0
pub_linear_lap_stft,within,1,1,word_gap,0.6147560682528238,2.0
pub_linear_lap_stft,within,1,2,word_gap,0.5920640677586418,2.0
pub_linear_lap_stft,within,2,0,word_gap,0.6911530710695445,2.0
pub_linear_lap_stft,within,2,4,word_gap,0.6069799183889371,2.0
pub_linear_lap_stft,within,3,0,word_gap,0.6617347418576219,2.0
pub_linear_lap_stft,within,3,1,word_gap,0.6621476234600531,2.0
pub_linear_lap_stft,within,4,0,word_gap,0.6500686321317737,2.0
pub_linear_lap_stft,within,4,1,word_gap,0.5846013390139988,2.0
pub_linear_lap_stft,within,7,0,word_gap,0.5057129870536974,2.0
pub_linear_lap_stft,within,7,1,word_gap,0.5492710778772861,2.0
pub_linear_lap_stft,within,10,0,word_gap,0.6577562876816818,2.0
pub_linear_lap_stft,within,10,1,word_gap,0.575269322800748,2.0
pub_linear_lap_stft,within,1,1,word_head_pos,0.6331227861195574,2.0
pub_linear_lap_stft,within,1,2,word_head_pos,0.6522157090164362,2.0
pub_linear_lap_stft,within,2,0,word_head_pos,0.6246460403540118,2.0
pub_linear_lap_stft,within,2,4,word_head_pos,0.6395867945623439,2.0
pub_linear_lap_stft,within,3,0,word_head_pos,0.6294264547610838,2.0
pub_linear_lap_stft,within,3,1,word_head_pos,0.6539789766256021,2.0
pub_linear_lap_stft,within,4,0,word_head_pos,0.5661329843369591,2.0
pub_linear_lap_stft,within,4,1,word_head_pos,0.5315468167142097,2.0
pub_linear_lap_stft,within,7,0,word_head_pos,0.5406282979634912,2.0
pub_linear_lap_stft,within,7,1,word_head_pos,0.5925937535918414,2.0
pub_linear_lap_stft,within,10,0,word_head_pos,0.5970189022287703,2.0
pub_linear_lap_stft,within,10,1,word_head_pos,0.5712516849001599,2.0
pub_linear_lap_stft,within,1,1,word_index,0.8238684002314569,2.0
pub_linear_lap_stft,within,1,2,word_index,0.6433986928104575,2.0
pub_linear_lap_stft,within,2,0,word_index,0.8103499588592636,2.0
pub_linear_lap_stft,within,2,4,word_index,0.8242198541466448,2.0
pub_linear_lap_stft,within,3,0,word_index,0.796827828764642,2.0
pub_linear_lap_stft,within,3,1,word_index,0.8569947596263385,2.0
pub_linear_lap_stft,within,4,0,word_index,0.7419690098261527,2.0
pub_linear_lap_stft,within,4,1,word_index,0.6680325443786982,2.0
pub_linear_lap_stft,within,7,0,word_index,0.5815835949764521,2.0
pub_linear_lap_stft,within,7,1,word_index,0.5281213017751479,2.0
pub_linear_lap_stft,within,10,0,word_index,0.8081994441054843,2.0
pub_linear_lap_stft,within,10,1,word_index,0.7932241215574548,2.0
pub_linear_lap_stft,within,1,1,word_length,0.6187737061534121,2.0
pub_linear_lap_stft,within,1,2,word_length,0.6563587348358986,2.0
pub_linear_lap_stft,within,2,0,word_length,0.7105720301348966,2.0
pub_linear_lap_stft,within,2,4,word_length,0.6923705369737626,2.0
pub_linear_lap_stft,within,3,0,word_length,0.6445435357303324,2.0
pub_linear_lap_stft,within,3,1,word_length,0.6757651275299625,2.0
pub_linear_lap_stft,within,4,0,word_length,0.6060930219343107,2.0
pub_linear_lap_stft,within,4,1,word_length,0.544510098951966,2.0
pub_linear_lap_stft,within,7,0,word_length,0.5090827873734365,2.0
pub_linear_lap_stft,within,7,1,word_length,0.5895818312905552,2.0
pub_linear_lap_stft,within,10,0,word_length,0.5373878039350909,2.0
pub_linear_lap_stft,within,10,1,word_length,0.6207511781239877,2.0
pub_linear_lap_stft,within,1,1,word_part_speech,0.6085660133136095,2.0
pub_linear_lap_stft,within,1,2,word_part_speech,0.6326164874551972,2.0
pub_linear_lap_stft,within,2,0,word_part_speech,0.6250885818052972,2.0
pub_linear_lap_stft,within,2,4,word_part_speech,0.6610483072082047,2.0
pub_linear_lap_stft,within,3,0,word_part_speech,0.6637156534854745,2.0
pub_linear_lap_stft,within,3,1,word_part_speech,0.6535570870414587,2.0
pub_linear_lap_stft,within,4,0,word_part_speech,0.45199749360700436,2.0
pub_linear_lap_stft,within,4,1,word_part_speech,0.5519505678436818,2.0
pub_linear_lap_stft,within,7,0,word_part_speech,0.576126303364155,2.0
pub_linear_lap_stft,within,7,1,word_part_speech,0.5807131521523508,2.0
pub_linear_lap_stft,within,10,0,word_part_speech,0.6033592286817262,2.0
pub_linear_lap_stft,within,10,1,word_part_speech,0.604487561694657,2.0
pub_linear_lap_stft,cross_session,1,1,delta_volume,0.7545155918367348,1.0
pub_linear_lap_stft,cross_session,1,2,delta_volume,0.6904450612244897,1.0
pub_linear_lap_stft,cross_session,2,0,delta_volume,0.8139245714285713,1.0
pub_linear_lap_stft,cross_session,2,4,delta_volume,0.7933528163265305,1.0
pub_linear_lap_stft,cross_session,3,0,delta_volume,0.7746625306122448,1.0
pub_linear_lap_stft,cross_session,3,1,delta_volume,0.8508891428571428,1.0
pub_linear_lap_stft,cross_session,4,0,delta_volume,0.7661984221578977,1.0
pub_linear_lap_stft,cross_session,4,1,delta_volume,0.6770142040816327,1.0
pub_linear_lap_stft,cross_session,7,0,delta_volume,0.6140290612244899,1.0
pub_linear_lap_stft,cross_session,7,1,delta_volume,0.6503379591836735,1.0
pub_linear_lap_stft,cross_session,10,0,delta_volume,0.7005453061224489,1.0
pub_linear_lap_stft,cross_session,10,1,delta_volume,0.7576045714285715,1.0
pub_linear_lap_stft,cross_session,1,1,face_num,0.5800019591836736,1.0
pub_linear_lap_stft,cross_session,1,2,face_num,0.6011951020408164,1.0
pub_linear_lap_stft,cross_session,2,0,face_num,0.5867415510204081,1.0
pub_linear_lap_stft,cross_session,2,4,face_num,0.5575118367346938,1.0
pub_linear_lap_stft,cross_session,3,0,face_num,0.5210070204081633,1.0
pub_linear_lap_stft,cross_session,3,1,face_num,0.4909871020408163,1.0
pub_linear_lap_stft,cross_session,4,0,face_num,0.4562569369037268,1.0
pub_linear_lap_stft,cross_session,4,1,face_num,0.4839869387755102,1.0
pub_linear_lap_stft,cross_session,7,0,face_num,0.5338553469387755,1.0
pub_linear_lap_stft,cross_session,7,1,face_num,0.5139604897959184,1.0
pub_linear_lap_stft,cross_session,10,0,face_num,0.4157139591836735,1.0
pub_linear_lap_stft,cross_session,10,1,face_num,0.5234220408163266,1.0
pub_linear_lap_stft,cross_session,1,1,frame_brightness,0.4722925714285714,1.0
pub_linear_lap_stft,cross_session,1,2,frame_brightness,0.5167555918367347,1.0
pub_linear_lap_stft,cross_session,2,0,frame_brightness,0.6517655510204081,1.0
pub_linear_lap_stft,cross_session,2,4,frame_brightness,0.6316062040816327,1.0
pub_linear_lap_stft,cross_session,3,0,frame_brightness,0.6571598367346938,1.0
pub_linear_lap_stft,cross_session,3,1,frame_brightness,0.5098840816326531,1.0
pub_linear_lap_stft,cross_session,4,0,frame_brightness,0.5489613485441853,1.0
pub_linear_lap_stft,cross_session,4,1,frame_brightness,0.5816790204081632,1.0
pub_linear_lap_stft,cross_session,7,0,frame_brightness,0.4957231020408163,1.0
pub_linear_lap_stft,cross_session,7,1,frame_brightness,0.4582491428571428,1.0
pub_linear_lap_stft,cross_session,10,0,frame_brightness,0.23730938775510207,1.0
pub_linear_lap_stft,cross_session,10,1,frame_brightness,0.6272783673469389,1.0
pub_linear_lap_stft,cross_session,1,1,global_flow,0.5732323265306123,1.0
pub_linear_lap_stft,cross_session,1,2,global_flow,0.646972081632653,1.0
pub_linear_lap_stft,cross_session,2,0,global_flow,0.6141008979591838,1.0
pub_linear_lap_stft,cross_session,2,4,global_flow,0.6441338775510204,1.0
pub_linear_lap_stft,cross_session,3,0,global_flow,0.6755435102040817,1.0
pub_linear_lap_stft,cross_session,3,1,global_flow,0.6811663673469388,1.0
pub_linear_lap_stft,cross_session,4,0,global_flow,0.5016984505363529,1.0
pub_linear_lap_stft,cross_session,4,1,global_flow,0.5789048163265306,1.0
pub_linear_lap_stft,cross_session,7,0,global_flow,0.608446693877551,1.0
pub_linear_lap_stft,cross_session,7,1,global_flow,0.6046589387755102,1.0
pub_linear_lap_stft,cross_session,10,0,global_flow,0.4964375510204082,1.0
pub_linear_lap_stft,cross_session,10,1,global_flow,0.5556545306122449,1.0
pub_linear_lap_stft,cross_session,1,1,gpt2_surprisal,0.5500865306122449,1.0
pub_linear_lap_stft,cross_session,1,2,gpt2_surprisal,0.5533270204081633,1.0
pub_linear_lap_stft,cross_session,2,0,gpt2_surprisal,0.6752848979591837,1.0
pub_linear_lap_stft,cross_session,2,4,gpt2_surprisal,0.6068865306122448,1.0
pub_linear_lap_stft,cross_session,3,0,gpt2_surprisal,0.6639072653061224,1.0
pub_linear_lap_stft,cross_session,3,1,gpt2_surprisal,0.6793456326530612,1.0
pub_linear_lap_stft,cross_session,4,0,gpt2_surprisal,0.6247438844429309,1.0
pub_linear_lap_stft,cross_session,4,1,gpt2_surprisal,0.578566530612245,1.0
pub_linear_lap_stft,cross_session,7,0,gpt2_surprisal,0.5436238367346938,1.0
pub_linear_lap_stft,cross_session,7,1,gpt2_surprisal,0.5534341224489796,1.0
pub_linear_lap_stft,cross_session,10,0,gpt2_surprisal,0.5619715918367347,1.0
pub_linear_lap_stft,cross_session,10,1,gpt2_surprisal,0.5636597551020408,1.0
pub_linear_lap_stft,cross_session,1,1,local_flow,0.5619500408163265,1.0
pub_linear_lap_stft,cross_session,1,2,local_flow,0.6054204081632653,1.0
pub_linear_lap_stft,cross_session,2,0,local_flow,0.5617711020408163,1.0
pub_linear_lap_stft,cross_session,2,4,local_flow,0.5888496326530612,1.0
pub_linear_lap_stft,cross_session,3,0,local_flow,0.6136724897959185,1.0
pub_linear_lap_stft,cross_session,3,1,local_flow,0.6260466938775511,1.0
pub_linear_lap_stft,cross_session,4,0,local_flow,0.5758190731596572,1.0
pub_linear_lap_stft,cross_session,4,1,local_flow,0.6197662040816326,1.0
pub_linear_lap_stft,cross_session,7,0,local_flow,0.5982419591836734,1.0
pub_linear_lap_stft,cross_session,7,1,local_flow,0.5174556734693878,1.0
pub_linear_lap_stft,cross_session,10,0,local_flow,0.5818749387755102,1.0
pub_linear_lap_stft,cross_session,10,1,local_flow,0.5108153469387755,1.0
pub_linear_lap_stft,cross_session,1,1,onset,0.8581235176062763,1.0
pub_linear_lap_stft,cross_session,1,2,onset,0.9577958795049686,1.0
pub_linear_lap_stft,cross_session,2,0,onset,0.9416940778059986,1.0
pub_linear_lap_stft,cross_session,2,4,onset,0.9427242700677743,1.0
pub_linear_lap_stft,cross_session,3,0,onset,0.954113306122449,1.0
pub_linear_lap_stft,cross_session,3,1,onset,0.9516968997937856,1.0
pub_linear_lap_stft,cross_session,4,0,onset,0.9175741792929293,1.0
pub_linear_lap_stft,cross_session,4,1,onset,0.8375061916555534,1.0
pub_linear_lap_stft,cross_session,7,0,onset,0.8792933877551021,1.0
pub_linear_lap_stft,cross_session,7,1,onset,0.8735987807201371,1.0
pub_linear_lap_stft,cross_session,10,0,onset,0.909088127829933,1.0
pub_linear_lap_stft,cross_session,10,1,onset,0.9336568163265306,1.0
pub_linear_lap_stft,cross_session,1,1,pitch,0.6871980408163265,1.0
pub_linear_lap_stft,cross_session,1,2,pitch,0.6288718367346939,1.0
pub_linear_lap_stft,cross_session,2,0,pitch,0.6555311020408163,1.0
pub_linear_lap_stft,cross_session,2,4,pitch,0.5945848163265306,1.0
pub_linear_lap_stft,cross_session,3,0,pitch,0.513021387755102,1.0
pub_linear_lap_stft,cross_session,3,1,pitch,0.5282795102040816,1.0
pub_linear_lap_stft,cross_session,4,0,pitch,0.6036239287133208,1.0
pub_linear_lap_stft,cross_session,4,1,pitch,0.5988976326530613,1.0
pub_linear_lap_stft,cross_session,7,0,pitch,0.5621289795918367,1.0
pub_linear_lap_stft,cross_session,7,1,pitch,0.5653250612244898,1.0
pub_linear_lap_stft,cross_session,10,0,pitch,0.5264127346938775,1.0
pub_linear_lap_stft,cross_session,10,1,pitch,0.586620081632653,1.0
pub_linear_lap_stft,cross_session,1,1,speech,0.8897554285714286,1.0
pub_linear_lap_stft,cross_session,1,2,speech,0.9795565714285714,1.0
pub_linear_lap_stft,cross_session,2,0,speech,0.9519934693877552,1.0
pub_linear_lap_stft,cross_session,2,4,speech,0.945408,1.0
pub_linear_lap_stft,cross_session,3,0,speech,0.9636989387755102,1.0
pub_linear_lap_stft,cross_session,3,1,speech,0.9518798367346939,1.0
pub_linear_lap_stft,cross_session,4,0,speech,0.8914318367346938,1.0
pub_linear_lap_stft,cross_session,4,1,speech,0.8270151836734694,1.0
pub_linear_lap_stft,cross_session,7,0,speech,0.8740323265306122,1.0
pub_linear_lap_stft,cross_session,7,1,speech,0.8663125342662024,1.0
pub_linear_lap_stft,cross_session,10,0,speech,0.8431898775510204,1.0
pub_linear_lap_stft,cross_session,10,1,speech,0.9065521632653062,1.0
pub_linear_lap_stft,cross_session,1,1,volume,0.775810612244898,1.0
pub_linear_lap_stft,cross_session,1,2,volume,0.7880751020408163,1.0
pub_linear_lap_stft,cross_session,2,0,volume,0.763965387755102,1.0
pub_linear_lap_stft,cross_session,2,4,volume,0.7667422040816325,1.0
pub_linear_lap_stft,cross_session,3,0,volume,0.8140042448979592,1.0
pub_linear_lap_stft,cross_session,3,1,volume,0.7630406530612244,1.0
pub_linear_lap_stft,cross_session,4,0,volume,0.6860832056302855,1.0
pub_linear_lap_stft,cross_session,4,1,volume,0.6721763265306122,1.0
pub_linear_lap_stft,cross_session,7,0,volume,0.5793711020408163,1.0
pub_linear_lap_stft,cross_session,7,1,volume,0.599102693877551,1.0
pub_linear_lap_stft,cross_session,10,0,volume,0.5119542857142857,1.0
pub_linear_lap_stft,cross_session,10,1,volume,0.7702439183673468,1.0
pub_linear_lap_stft,cross_session,1,1,word_gap,0.5411748571428572,1.0
pub_linear_lap_stft,cross_session,1,2,word_gap,0.5517083668908576,1.0
pub_linear_lap_stft,cross_session,2,0,word_gap,0.5694837271997694,1.0
pub_linear_lap_stft,cross_session,2,4,word_gap,0.5674845368624806,1.0
pub_linear_lap_stft,cross_session,3,0,word_gap,0.6215849795918367,1.0
pub_linear_lap_stft,cross_session,3,1,word_gap,0.6610268959312082,1.0
pub_linear_lap_stft,cross_session,4,0,word_gap,0.6450319938163882,1.0
pub_linear_lap_stft,cross_session,4,1,word_gap,0.6304793596220626,1.0
pub_linear_lap_stft,cross_session,7,0,word_gap,0.5024770612244898,1.0
pub_linear_lap_stft,cross_session,7,1,word_gap,0.4970627607331958,1.0
pub_linear_lap_stft,cross_session,10,0,word_gap,0.5836551836734694,1.0
pub_linear_lap_stft,cross_session,10,1,word_gap,0.6374491428571428,1.0
pub_linear_lap_stft,cross_session,1,1,word_head_pos,0.5685603265306123,1.0
pub_linear_lap_stft,cross_session,1,2,word_head_pos,0.5947258775510205,1.0
pub_linear_lap_stft,cross_session,2,0,word_head_pos,0.6115696326530613,1.0
pub_linear_lap_stft,cross_session,2,4,word_head_pos,0.6001753469387755,1.0
pub_linear_lap_stft,cross_session,3,0,word_head_pos,0.6248097959183674,1.0
pub_linear_lap_stft,cross_session,3,1,word_head_pos,0.6490396734693877,1.0
pub_linear_lap_stft,cross_session,4,0,word_head_pos,0.5821890612244898,1.0
pub_linear_lap_stft,cross_session,4,1,word_head_pos,0.5537665306122449,1.0
pub_linear_lap_stft,cross_session,7,0,word_head_pos,0.5567764897959184,1.0
pub_linear_lap_stft,cross_session,7,1,word_head_pos,0.5671797551020408,1.0
pub_linear_lap_stft,cross_session,10,0,word_head_pos,0.5477381224489796,1.0
pub_linear_lap_stft,cross_session,10,1,word_head_pos,0.5575262040816327,1.0
pub_linear_lap_stft,cross_session,1,1,word_index,0.5682878790567276,1.0
pub_linear_lap_stft,cross_session,1,2,word_index,0.5061168781237985,1.0
pub_linear_lap_stft,cross_session,2,0,word_index,0.7763962351867932,1.0
pub_linear_lap_stft,cross_session,2,4,word_index,0.7206332325173836,1.0
pub_linear_lap_stft,cross_session,3,0,word_index,0.7839382075970797,1.0
pub_linear_lap_stft,cross_session,3,1,word_index,0.8671003241038726,1.0
pub_linear_lap_stft,cross_session,4,0,word_index,0.7628275300689094,1.0
pub_linear_lap_stft,cross_session,4,1,word_index,0.6860021120497999,1.0
pub_linear_lap_stft,cross_session,7,0,word_index,0.5964826095500098,1.0
pub_linear_lap_stft,cross_session,7,1,word_index,0.5878501556247222,1.0
pub_linear_lap_stft,cross_session,10,0,word_index,0.7436012788953965,1.0
pub_linear_lap_stft,cross_session,10,1,word_index,0.7542527201977204,1.0
pub_linear_lap_stft,cross_session,1,1,word_length,0.5727425306122449,1.0
pub_linear_lap_stft,cross_session,1,2,word_length,0.5731983673469387,1.0
pub_linear_lap_stft,cross_session,2,0,word_length,0.6806217142857143,1.0
pub_linear_lap_stft,cross_session,2,4,word_length,0.6492963265306122,1.0
pub_linear_lap_stft,cross_session,3,0,word_length,0.6458435918367347,1.0
pub_linear_lap_stft,cross_session,3,1,word_length,0.6650566530612245,1.0
pub_linear_lap_stft,cross_session,4,0,word_length,0.6207109888751721,1.0
pub_linear_lap_stft,cross_session,4,1,word_length,0.6035471020408163,1.0
pub_linear_lap_stft,cross_session,7,0,word_length,0.532419918367347,1.0
pub_linear_lap_stft,cross_session,7,1,word_length,0.5825488979591837,1.0
pub_linear_lap_stft,cross_session,10,0,word_length,0.5950537142857142,1.0
pub_linear_lap_stft,cross_session,10,1,word_length,0.5807151020408163,1.0
pub_linear_lap_stft,cross_session,1,1,word_part_speech,0.5886981670673077,1.0
pub_linear_lap_stft,cross_session,1,2,word_part_speech,0.6038525639788164,1.0
pub_linear_lap_stft,cross_session,2,0,word_part_speech,0.6514546712802767,1.0
pub_linear_lap_stft,cross_session,2,4,word_part_speech,0.6414744915797448,1.0
pub_linear_lap_stft,cross_session,3,0,word_part_speech,0.6542467469231639,1.0
pub_linear_lap_stft,cross_session,3,1,word_part_speech,0.6851608789583821,1.0
pub_linear_lap_stft,cross_session,4,0,word_part_speech,0.5584192439862543,1.0
pub_linear_lap_stft,cross_session,4,1,word_part_speech,0.528281572148943,1.0
pub_linear_lap_stft,cross_session,7,0,word_part_speech,0.6207314893903053,1.0
pub_linear_lap_stft,cross_session,7,1,word_part_speech,0.6441954194301612,1.0
pub_linear_lap_stft,cross_session,10,0,word_part_speech,0.5854072858298123,1.0
pub_linear_lap_stft,cross_session,10,1,word_part_speech,0.5839304383831064,1.0
pub_linear_lap_stft,cross_subject,1,1,delta_volume,0.6461518367346939,1.0
pub_linear_lap_stft,cross_subject,1,2,delta_volume,0.5957384489795918,1.0
pub_linear_lap_stft,cross_subject,3,0,delta_volume,0.5583490612244898,1.0
pub_linear_lap_stft,cross_subject,3,1,delta_volume,0.609984,1.0
pub_linear_lap_stft,cross_subject,4,0,delta_volume,0.6079771837221182,1.0
pub_linear_lap_stft,cross_subject,4,1,delta_volume,0.5471627755102041,1.0
pub_linear_lap_stft,cross_subject,7,0,delta_volume,0.4938220408163264,1.0
pub_linear_lap_stft,cross_subject,7,1,delta_volume,0.5107095510204083,1.0
pub_linear_lap_stft,cross_subject,10,0,delta_volume,0.541266612244898,1.0
pub_linear_lap_stft,cross_subject,10,1,delta_volume,0.5742755918367347,1.0
pub_linear_lap_stft,cross_subject,1,1,face_num,0.5290272653061225,1.0
pub_linear_lap_stft,cross_subject,1,2,face_num,0.5272692244897959,1.0
pub_linear_lap_stft,cross_subject,3,0,face_num,0.512630530612245,1.0
pub_linear_lap_stft,cross_subject,3,1,face_num,0.5231885714285714,1.0
pub_linear_lap_stft,cross_subject,4,0,face_num,0.49858507198352375,1.0
pub_linear_lap_stft,cross_subject,4,1,face_num,0.503390693877551,1.0
pub_linear_lap_stft,cross_subject,7,0,face_num,0.5017129795918367,1.0
pub_linear_lap_stft,cross_subject,7,1,face_num,0.5000006530612244,1.0
pub_linear_lap_stft,cross_subject,10,0,face_num,0.5192672653061223,1.0
pub_linear_lap_stft,cross_subject,10,1,face_num,0.49018644897959185,1.0
pub_linear_lap_stft,cross_subject,1,1,frame_brightness,0.4851598367346939,1.0
pub_linear_lap_stft,cross_subject,1,2,frame_brightness,0.4939173877551021,1.0
pub_linear_lap_stft,cross_subject,3,0,frame_brightness,0.5028545306122449,1.0
pub_linear_lap_stft,cross_subject,3,1,frame_brightness,0.46764571428571433,1.0
pub_linear_lap_stft,cross_subject,4,0,frame_brightness,0.48521872694250523,1.0
pub_linear_lap_stft,cross_subject,4,1,frame_brightness,0.5228649795918368,1.0
pub_linear_lap_stft,cross_subject,7,0,frame_brightness,0.4994128979591837,1.0
pub_linear_lap_stft,cross_subject,7,1,frame_brightness,0.501277387755102,1.0
pub_linear_lap_stft,cross_subject,10,0,frame_brightness,0.5012715102040817,1.0
pub_linear_lap_stft,cross_subject,10,1,frame_brightness,0.48843885714285706,1.0
pub_linear_lap_stft,cross_subject,1,1,global_flow,0.5636404897959184,1.0
pub_linear_lap_stft,cross_subject,1,2,global_flow,0.5517645714285714,1.0
pub_linear_lap_stft,cross_subject,3,0,global_flow,0.5021982040816326,1.0
pub_linear_lap_stft,cross_subject,3,1,global_flow,0.5119422040816326,1.0
pub_linear_lap_stft,cross_subject,4,0,global_flow,0.5010226885748339,1.0
pub_linear_lap_stft,cross_subject,4,1,global_flow,0.5053903673469388,1.0
pub_linear_lap_stft,cross_subject,7,0,global_flow,0.5096904489795918,1.0
pub_linear_lap_stft,cross_subject,7,1,global_flow,0.504605387755102,1.0
pub_linear_lap_stft,cross_subject,10,0,global_flow,0.5094680816326531,1.0
pub_linear_lap_stft,cross_subject,10,1,global_flow,0.49057502040816325,1.0
pub_linear_lap_stft,cross_subject,1,1,gpt2_surprisal,0.5112431020408164,1.0
pub_linear_lap_stft,cross_subject,1,2,gpt2_surprisal,0.509534693877551,1.0
pub_linear_lap_stft,cross_subject,3,0,gpt2_surprisal,0.5065498775510204,1.0
pub_linear_lap_stft,cross_subject,3,1,gpt2_surprisal,0.5309688163265306,1.0
pub_linear_lap_stft,cross_subject,4,0,gpt2_surprisal,0.5005934644417958,1.0
pub_linear_lap_stft,cross_subject,4,1,gpt2_surprisal,0.4971030204081633,1.0
pub_linear_lap_stft,cross_subject,7,0,gpt2_surprisal,0.49652048979591834,1.0
pub_linear_lap_stft,cross_subject,7,1,gpt2_surprisal,0.501121306122449,1.0
pub_linear_lap_stft,cross_subject,10,0,gpt2_surprisal,0.5059572244897959,1.0
pub_linear_lap_stft,cross_subject,10,1,gpt2_surprisal,0.5164917551020409,1.0
pub_linear_lap_stft,cross_subject,1,1,local_flow,0.530140081632653,1.0
pub_linear_lap_stft,cross_subject,1,2,local_flow,0.5410364081632653,1.0
pub_linear_lap_stft,cross_subject,3,0,local_flow,0.5109949387755102,1.0
pub_linear_lap_stft,cross_subject,3,1,local_flow,0.5137106938775511,1.0
pub_linear_lap_stft,cross_subject,4,0,local_flow,0.508812929224133,1.0
pub_linear_lap_stft,cross_subject,4,1,local_flow,0.4848274285714286,1.0
pub_linear_lap_stft,cross_subject,7,0,local_flow,0.5008610612244898,1.0
pub_linear_lap_stft,cross_subject,7,1,local_flow,0.5118961632653061,1.0
pub_linear_lap_stft,cross_subject,10,0,local_flow,0.499250612244898,1.0
pub_linear_lap_stft,cross_subject,10,1,local_flow,0.4936535510204082,1.0
pub_linear_lap_stft,cross_subject,1,1,onset,0.7851062599369251,1.0
pub_linear_lap_stft,cross_subject,1,2,onset,0.8512845264102695,1.0
pub_linear_lap_stft,cross_subject,3,0,onset,0.6769991836734695,1.0
pub_linear_lap_stft,cross_subject,3,1,onset,0.7368883868569305,1.0
pub_linear_lap_stft,cross_subject,4,0,onset,0.7942385502754821,1.0
pub_linear_lap_stft,cross_subject,4,1,onset,0.719783768336826,1.0
pub_linear_lap_stft,cross_subject,7,0,onset,0.5026164897959183,1.0
pub_linear_lap_stft,cross_subject,7,1,onset,0.5014993332063251,1.0
pub_linear_lap_stft,cross_subject,10,0,onset,0.6557949161727942,1.0
pub_linear_lap_stft,cross_subject,10,1,onset,0.5318768979591837,1.0
pub_linear_lap_stft,cross_subject,1,1,pitch,0.5050582857142858,1.0
pub_linear_lap_stft,cross_subject,1,2,pitch,0.49336326530612246,1.0
pub_linear_lap_stft,cross_subject,3,0,pitch,0.514482612244898,1.0
pub_linear_lap_stft,cross_subject,3,1,pitch,0.5058462040816327,1.0
pub_linear_lap_stft,cross_subject,4,0,pitch,0.49419341336057665,1.0
pub_linear_lap_stft,cross_subject,4,1,pitch,0.5094553469387755,1.0
pub_linear_lap_stft,cross_subject,7,0,pitch,0.5033521632653062,1.0
pub_linear_lap_stft,cross_subject,7,1,pitch,0.4958922448979592,1.0
pub_linear_lap_stft,cross_subject,10,0,pitch,0.5217733877551021,1.0
pub_linear_lap_stft,cross_subject,10,1,pitch,0.5114151836734694,1.0
pub_linear_lap_stft,cross_subject,1,1,speech,0.790254693877551,1.0
pub_linear_lap_stft,cross_subject,1,2,speech,0.8640813061224489,1.0
pub_linear_lap_stft,cross_subject,3,0,speech,0.575516081632653,1.0
pub_linear_lap_stft,cross_subject,3,1,speech,0.6386148571428572,1.0
pub_linear_lap_stft,cross_subject,4,0,speech,0.7463516734693878,1.0
pub_linear_lap_stft,cross_subject,4,1,speech,0.6984545306122449,1.0
pub_linear_lap_stft,cross_subject,7,0,speech,0.4976257959183673,1.0
pub_linear_lap_stft,cross_subject,7,1,speech,0.5009524140798273,1.0
pub_linear_lap_stft,cross_subject,10,0,speech,0.6053805714285714,1.0
pub_linear_lap_stft,cross_subject,10,1,speech,0.5148202448979592,1.0
pub_linear_lap_stft,cross_subject,1,1,volume,0.585718530612245,1.0
pub_linear_lap_stft,cross_subject,1,2,volume,0.6269266938775511,1.0
pub_linear_lap_stft,cross_subject,3,0,volume,0.5116104489795918,1.0
pub_linear_lap_stft,cross_subject,3,1,volume,0.5215056326530612,1.0
pub_linear_lap_stft,cross_subject,4,0,volume,0.5336313071116408,1.0
pub_linear_lap_stft,cross_subject,4,1,volume,0.5089325714285715,1.0
pub_linear_lap_stft,cross_subject,7,0,volume,0.5136790204081633,1.0
pub_linear_lap_stft,cross_subject,7,1,volume,0.5041276734693878,1.0
pub_linear_lap_stft,cross_subject,10,0,volume,0.5086197551020408,1.0
pub_linear_lap_stft,cross_subject,10,1,volume,0.5275284897959185,1.0
pub_linear_lap_stft,cross_subject,1,1,word_gap,0.5296404897959184,1.0
pub_linear_lap_stft,cross_subject,1,2,word_gap,0.4888593464149896,1.0
pub_linear_lap_stft,cross_subject,3,0,word_gap,0.5143281632653062,1.0
pub_linear_lap_stft,cross_subject,3,1,word_gap,0.5294690863353477,1.0
pub_linear_lap_stft,cross_subject,4,0,word_gap,0.5590680356673281,1.0
pub_linear_lap_stft,cross_subject,4,1,word_gap,0.53155833992997,1.0
pub_linear_lap_stft,cross_subject,7,0,word_gap,0.49125028571428575,1.0
pub_linear_lap_stft,cross_subject,7,1,word_gap,0.5023349376595194,1.0
pub_linear_lap_stft,cross_subject,10,0,word_gap,0.5008862040816326,1.0
pub_linear_lap_stft,cross_subject,10,1,word_gap,0.5052577959183674,1.0
pub_linear_lap_stft,cross_subject,1,1,word_head_pos,0.5256751020408164,1.0
pub_linear_lap_stft,cross_subject,1,2,word_head_pos,0.5873815510204081,1.0
pub_linear_lap_stft,cross_subject,3,0,word_head_pos,0.5221645714285714,1.0
pub_linear_lap_stft,cross_subject,3,1,word_head_pos,0.5082161632653062,1.0
pub_linear_lap_stft,cross_subject,4,0,word_head_pos,0.5698641632653061,1.0
pub_linear_lap_stft,cross_subject,4,1,word_head_pos,0.5241910204081633,1.0
pub_linear_lap_stft,cross_subject,7,0,word_head_pos,0.48969534693877553,1.0
pub_linear_lap_stft,cross_subject,7,1,word_head_pos,0.49413551020408164,1.0
pub_linear_lap_stft,cross_subject,10,0,word_head_pos,0.5093022040816326,1.0
pub_linear_lap_stft,cross_subject,10,1,word_head_pos,0.5219128163265306,1.0
pub_linear_lap_stft,cross_subject,1,1,word_index,0.5826043496519213,1.0
pub_linear_lap_stft,cross_subject,1,2,word_index,0.5059361783929257,1.0
pub_linear_lap_stft,cross_subject,3,0,word_index,0.6037616956633464,1.0
pub_linear_lap_stft,cross_subject,3,1,word_index,0.6068745336378808,1.0
pub_linear_lap_stft,cross_subject,4,0,word_index,0.7303850364195192,1.0
pub_linear_lap_stft,cross_subject,4,1,word_index,0.6319743960278643,1.0
pub_linear_lap_stft,cross_subject,7,0,word_index,0.4811934111280741,1.0
pub_linear_lap_stft,cross_subject,7,1,word_index,0.4928171780050393,1.0
pub_linear_lap_stft,cross_subject,10,0,word_index,0.5399463825934414,1.0
pub_linear_lap_stft,cross_subject,10,1,word_index,0.48542026253498927,1.0
pub_linear_lap_stft,cross_subject,1,1,word_length,0.5326282448979592,1.0
pub_linear_lap_stft,cross_subject,1,2,word_length,0.5231624489795919,1.0
pub_linear_lap_stft,cross_subject,3,0,word_length,0.4909570612244898,1.0
pub_linear_lap_stft,cross_subject,3,1,word_length,0.5216515918367347,1.0
pub_linear_lap_stft,cross_subject,4,0,word_length,0.5239813842746558,1.0
pub_linear_lap_stft,cross_subject,4,1,word_length,0.5090230204081634,1.0
pub_linear_lap_stft,cross_subject,7,0,word_length,0.4901074285714286,1.0
pub_linear_lap_stft,cross_subject,7,1,word_length,0.5409299591836734,1.0
pub_linear_lap_stft,cross_subject,10,0,word_length,0.4852316734693878,1.0
pub_linear_lap_stft,cross_subject,10,1,word_length,0.493310693877551,1.0
pub_linear_lap_stft,cross_subject,1,1,word_part_speech,0.5720966045673077,1.0
pub_linear_lap_stft,cross_subject,1,2,word_part_speech,0.5310756549101369,1.0
pub_linear_lap_stft,cross_subject,3,0,word_part_speech,0.4918232477158375,1.0
pub_linear_lap_stft,cross_subject,3,1,word_part_speech,0.49524332794074255,1.0
pub_linear_lap_stft,cross_subject,4,0,word_part_speech,0.4876543209876544,1.0
pub_linear_lap_stft,cross_subject,4,1,word_part_speech,0.5071959534987704,1.0
pub_linear_lap_stft,cross_subject,7,0,word_part_speech,0.49671495390688913,1.0
pub_linear_lap_stft,cross_subject,7,1,word_part_speech,0.5120910649079662,1.0
pub_linear_lap_stft,cross_subject,10,0,word_part_speech,0.4850482819012254,1.0
pub_linear_lap_stft,cross_subject,10,1,word_part_speech,0.4802608560633508,1.0
brainbert_perwindow,within,1,1,delta_volume,0.7482373854529116,2.0
brainbert_perwindow,within,1,2,delta_volume,0.6859424469452367,2.0
brainbert_perwindow,within,2,0,delta_volume,0.7766037898498479,2.0
brainbert_perwindow,within,2,4,delta_volume,0.7247963752442452,2.0
brainbert_perwindow,within,3,0,delta_volume,0.7095049267003124,2.0
brainbert_perwindow,within,3,1,delta_volume,0.8395361169451323,2.0
brainbert_perwindow,within,4,0,delta_volume,0.7138258219954648,2.0
brainbert_perwindow,within,4,1,delta_volume,0.6059168730342832,2.0
brainbert_perwindow,within,7,0,delta_volume,0.5226161928048232,2.0
brainbert_perwindow,within,7,1,delta_volume,0.6382552009863849,2.0
brainbert_perwindow,within,10,0,delta_volume,0.6641739287169681,2.0
brainbert_perwindow,within,10,1,delta_volume,0.756098293679404,2.0
brainbert_perwindow,within,1,1,face_num,0.5240287660783882,2.0
brainbert_perwindow,within,1,2,face_num,0.5201058221790331,2.0
brainbert_perwindow,within,2,0,face_num,0.5229433769056351,2.0
brainbert_perwindow,within,2,4,face_num,0.4900832523536357,2.0
brainbert_perwindow,within,3,0,face_num,0.5448810382119683,2.0
brainbert_perwindow,within,3,1,face_num,0.5171180631746131,2.0
brainbert_perwindow,within,4,0,face_num,0.498479537779485,2.0
brainbert_perwindow,within,4,1,face_num,0.5343308203504593,2.0
brainbert_perwindow,within,7,0,face_num,0.4756120497790038,2.0
brainbert_perwindow,within,7,1,face_num,0.49047051816557474,2.0
brainbert_perwindow,within,10,0,face_num,0.48643720677512725,2.0
brainbert_perwindow,within,10,1,face_num,0.5034742902521342,2.0
brainbert_perwindow,within,1,1,frame_brightness,0.5338149013092588,2.0
brainbert_perwindow,within,1,2,frame_brightness,0.4869910034168208,2.0
brainbert_perwindow,within,2,0,frame_brightness,0.517374063508981,2.0
brainbert_perwindow,within,2,4,frame_brightness,0.5205845166818177,2.0
brainbert_perwindow,within,3,0,frame_brightness,0.5120424647085253,2.0
brainbert_perwindow,within,3,1,frame_brightness,0.47404992528969836,2.0
brainbert_perwindow,within,4,0,frame_brightness,0.537406462585034,2.0
brainbert_perwindow,within,4,1,frame_brightness,0.46653448690218696,2.0
brainbert_perwindow,within,7,0,frame_brightness,0.4950249730938424,2.0
brainbert_perwindow,within,7,1,frame_brightness,0.615118517705819,2.0
brainbert_perwindow,within,10,0,frame_brightness,0.4384815523024357,2.0
brainbert_perwindow,within,10,1,frame_brightness,0.5255007680010031,2.0
brainbert_perwindow,within,1,1,global_flow,0.528155465345914,2.0
brainbert_perwindow,within,1,2,global_flow,0.5377913962989666,2.0
brainbert_perwindow,within,2,0,global_flow,0.5150602645685087,2.0
brainbert_perwindow,within,2,4,global_flow,0.5103667074177403,2.0
brainbert_perwindow,within,3,0,global_flow,0.5466991630356415,2.0
brainbert_perwindow,within,3,1,global_flow,0.5396852763236262,2.0
brainbert_perwindow,within,4,0,global_flow,0.546374716553288,2.0
brainbert_perwindow,within,4,1,global_flow,0.5261068096088942,2.0
brainbert_perwindow,within,7,0,global_flow,0.4914749276407218,2.0
brainbert_perwindow,within,7,1,global_flow,0.5187879429067009,2.0
brainbert_perwindow,within,10,0,global_flow,0.5231941527433832,2.0
brainbert_perwindow,within,10,1,global_flow,0.5383164582092516,2.0
brainbert_perwindow,within,1,1,gpt2_surprisal,0.5318243680971338,2.0
brainbert_perwindow,within,1,2,gpt2_surprisal,0.5464222647147947,2.0
brainbert_perwindow,within,2,0,gpt2_surprisal,0.6299404146160518,2.0
brainbert_perwindow,within,2,4,gpt2_surprisal,0.5957127780738326,2.0
brainbert_perwindow,within,3,0,gpt2_surprisal,0.6419508792827812,2.0
brainbert_perwindow,within,3,1,gpt2_surprisal,0.6633765399203787,2.0
brainbert_perwindow,within,4,0,gpt2_surprisal,0.608843537414966,2.0
brainbert_perwindow,within,4,1,gpt2_surprisal,0.5727602582991129,2.0
brainbert_perwindow,within,7,0,gpt2_surprisal,0.5368908236941371,2.0
brainbert_perwindow,within,7,1,gpt2_surprisal,0.502774860767165,2.0
brainbert_perwindow,within,10,0,gpt2_surprisal,0.5422949123851917,2.0
brainbert_perwindow,within,10,1,gpt2_surprisal,0.5815295758753644,2.0
brainbert_perwindow,within,1,1,local_flow,0.5302028149587787,2.0
brainbert_perwindow,within,1,2,local_flow,0.533088043217036,2.0
brainbert_perwindow,within,2,0,local_flow,0.5099840130403435,2.0
brainbert_perwindow,within,2,4,local_flow,0.5165851645193986,2.0
brainbert_perwindow,within,3,0,local_flow,0.5158276125095347,2.0
brainbert_perwindow,within,3,1,local_flow,0.5391184184403833,2.0
brainbert_perwindow,within,4,0,local_flow,0.549047619047619,2.0
brainbert_perwindow,within,4,1,local_flow,0.5147265498469222,2.0
brainbert_perwindow,within,7,0,local_flow,0.4900055379664169,2.0
brainbert_perwindow,within,7,1,local_flow,0.5077244182523014,2.0
brainbert_perwindow,within,10,0,local_flow,0.5049711085336928,2.0
brainbert_perwindow,within,10,1,local_flow,0.5285675475167968,2.0
brainbert_perwindow,within,1,1,onset,0.7596379112869638,2.0
brainbert_perwindow,within,1,2,onset,0.6473129610115912,2.0
brainbert_perwindow,within,2,0,onset,0.8095730822885967,2.0
brainbert_perwindow,within,2,4,onset,0.7970506019617376,2.0
brainbert_perwindow,within,3,0,onset,0.858309692486129,2.0
brainbert_perwindow,within,3,1,onset,0.9118899339095069,2.0
brainbert_perwindow,within,4,0,onset,0.8100931186868687,2.0
brainbert_perwindow,within,4,1,onset,0.6637710606821606,2.0
brainbert_perwindow,within,7,0,onset,0.591535793026342,2.0
brainbert_perwindow,within,7,1,onset,0.5983022084227508,2.0
brainbert_perwindow,within,10,0,onset,0.7732335137652058,2.0
brainbert_perwindow,within,10,1,onset,0.8224226252050615,2.0
brainbert_perwindow,within,1,1,pitch,0.5975165355318015,2.0
brainbert_perwindow,within,1,2,pitch,0.5354952300345862,2.0
brainbert_perwindow,within,2,0,pitch,0.5423158103716706,2.0
brainbert_perwindow,within,2,4,pitch,0.5404323793402506,2.0
brainbert_perwindow,within,3,0,pitch,0.47300763821405806,2.0
brainbert_perwindow,within,3,1,pitch,0.5612964065912249,2.0
brainbert_perwindow,within,4,0,pitch,0.5196626984126984,2.0
brainbert_perwindow,within,4,1,pitch,0.49874612081125985,2.0
brainbert_perwindow,within,7,0,pitch,0.4939839921423571,2.0
brainbert_perwindow,within,7,1,pitch,0.48814822941809555,2.0
brainbert_perwindow,within,10,0,pitch,0.5211983950346384,2.0
brainbert_perwindow,within,10,1,pitch,0.5570567275842973,2.0
brainbert_perwindow,within,1,1,speech,0.5563592572855605,2.0
brainbert_perwindow,within,1,2,speech,0.567255598048128,2.0
brainbert_perwindow,within,2,0,speech,0.708466557997137,2.0
brainbert_perwindow,within,2,4,speech,0.6474601109683082,2.0
brainbert_perwindow,within,3,0,speech,0.6918095566492168,2.0
brainbert_perwindow,within,3,1,speech,0.7573665402338485,2.0
brainbert_perwindow,within,4,0,speech,0.5933016728838176,2.0
brainbert_perwindow,within,4,1,speech,0.5542877443758294,2.0
brainbert_perwindow,within,7,0,speech,0.49148407050980636,2.0
brainbert_perwindow,within,7,1,speech,0.5405613123790847,2.0
brainbert_perwindow,within,10,0,speech,0.5738952801897537,2.0
brainbert_perwindow,within,10,1,speech,0.5870636239198354,2.0
brainbert_perwindow,within,1,1,volume,0.5900670564141145,2.0
brainbert_perwindow,within,1,2,volume,0.6239165700134792,2.0
brainbert_perwindow,within,2,0,volume,0.6307743748889794,2.0
brainbert_perwindow,within,2,4,volume,0.5888027282321349,2.0
brainbert_perwindow,within,3,0,volume,0.6106685527099462,2.0
brainbert_perwindow,within,3,1,volume,0.5963860850757029,2.0
brainbert_perwindow,within,4,0,volume,0.5647278911564626,2.0
brainbert_perwindow,within,4,1,volume,0.529001180736236,2.0
brainbert_perwindow,within,7,0,volume,0.5262798710594234,2.0
brainbert_perwindow,within,7,1,volume,0.5726649112358024,2.0
brainbert_perwindow,within,10,0,volume,0.5239869701054303,2.0
brainbert_perwindow,within,10,1,volume,0.5599876701879773,2.0
brainbert_perwindow,within,1,1,word_gap,0.5359497612405044,2.0
brainbert_perwindow,within,1,2,word_gap,0.5278949698382306,2.0
brainbert_perwindow,within,2,0,word_gap,0.6454109024135946,2.0
brainbert_perwindow,within,2,4,word_gap,0.5743095175123739,2.0
brainbert_perwindow,within,3,0,word_gap,0.6616642111532554,2.0
brainbert_perwindow,within,3,1,word_gap,0.6515366819858086,2.0
brainbert_perwindow,within,4,0,word_gap,0.6274349486751014,2.0
brainbert_perwindow,within,4,1,word_gap,0.5690247949453671,2.0
brainbert_perwindow,within,7,0,word_gap,0.4987748555426685,2.0
brainbert_perwindow,within,7,1,word_gap,0.48319711329449616,2.0
brainbert_perwindow,within,10,0,word_gap,0.6025229094176776,2.0
brainbert_perwindow,within,10,1,word_gap,0.5936699998955101,2.0
brainbert_perwindow,within,1,1,word_head_pos,0.5859220714084197,2.0
brainbert_perwindow,within,1,2,word_head_pos,0.5848464781668287,2.0
brainbert_perwindow,within,2,0,word_head_pos,0.618534032370981,2.0
brainbert_perwindow,within,2,4,word_head_pos,0.6261944505396905,2.0
brainbert_perwindow,within,3,0,word_head_pos,0.6138907610001776,2.0
brainbert_perwindow,within,3,1,word_head_pos,0.6716260200829649,2.0
brainbert_perwindow,within,4,0,word_head_pos,0.5675788637764752,2.0
brainbert_perwindow,within,4,1,word_head_pos,0.5082782148939949,2.0
brainbert_perwindow,within,7,0,word_head_pos,0.5355709852355726,2.0
brainbert_perwindow,within,7,1,word_head_pos,0.5585274233827571,2.0
brainbert_perwindow,within,10,0,word_head_pos,0.5534544371649792,2.0
brainbert_perwindow,within,10,1,word_head_pos,0.5624248978610911,2.0
brainbert_perwindow,within,1,1,word_index,0.6896676940517944,2.0
brainbert_perwindow,within,1,2,word_index,0.5250057670126874,2.0
brainbert_perwindow,within,2,0,word_index,0.7098352619877104,2.0
brainbert_perwindow,within,2,4,word_index,0.6751865566171067,2.0
brainbert_perwindow,within,3,0,word_index,0.7791272944088878,2.0
brainbert_perwindow,within,3,1,word_index,0.8399493050808841,2.0
brainbert_perwindow,within,4,0,word_index,0.7153565129755606,2.0
brainbert_perwindow,within,4,1,word_index,0.6436982248520711,2.0
brainbert_perwindow,within,7,0,word_index,0.5588093225455864,2.0
brainbert_perwindow,within,7,1,word_index,0.5252218934911242,2.0
brainbert_perwindow,within,10,0,word_index,0.7303911599213613,2.0
brainbert_perwindow,within,10,1,word_index,0.7616571699905034,2.0
brainbert_perwindow,within,1,1,word_length,0.5569718295142263,2.0
brainbert_perwindow,within,1,2,word_length,0.5648196764991693,2.0
brainbert_perwindow,within,2,0,word_length,0.6447459849743478,2.0
brainbert_perwindow,within,2,4,word_length,0.6177849701681243,2.0
brainbert_perwindow,within,3,0,word_length,0.6048360552960722,2.0
brainbert_perwindow,within,3,1,word_length,0.6680805460643866,2.0
brainbert_perwindow,within,4,0,word_length,0.5466473462893511,2.0
brainbert_perwindow,within,4,1,word_length,0.4945116663009519,2.0
brainbert_perwindow,within,7,0,word_length,0.5214217422651327,2.0
brainbert_perwindow,within,7,1,word_length,0.5316343270325905,2.0
brainbert_perwindow,within,10,0,word_length,0.5178312069632091,2.0
brainbert_perwindow,within,10,1,word_length,0.5771240191007596,2.0
brainbert_perwindow,within,1,1,word_part_speech,0.5591195913461539,2.0
brainbert_perwindow,within,1,2,word_part_speech,0.5617717526753253,2.0
brainbert_perwindow,within,2,0,word_part_speech,0.5761803525555851,2.0
brainbert_perwindow,within,2,4,word_part_speech,0.5885346862070975,2.0
brainbert_perwindow,within,3,0,word_part_speech,0.61136140074759,2.0
brainbert_perwindow,within,3,1,word_part_speech,0.6441285001085304,2.0
brainbert_perwindow,within,4,0,word_part_speech,0.529086013310979,2.0
brainbert_perwindow,within,4,1,word_part_speech,0.5305370958143226,2.0
brainbert_perwindow,within,7,0,word_part_speech,0.5354482261131878,2.0
brainbert_perwindow,within,7,1,word_part_speech,0.4954808073794882,2.0
brainbert_perwindow,within,10,0,word_part_speech,0.5096104231166151,2.0
brainbert_perwindow,within,10,1,word_part_speech,0.5320191129219253,2.0
brainbert_perwindow,cross_session,1,1,delta_volume,0.6673410612244898,1.0
brainbert_perwindow,cross_session,1,2,delta_volume,0.6035147755102042,1.0
brainbert_perwindow,cross_session,2,0,delta_volume,0.7355324081632653,1.0
brainbert_perwindow,cross_session,2,4,delta_volume,0.7325440000000001,1.0
brainbert_perwindow,cross_session,3,0,delta_volume,0.7240045714285714,1.0
brainbert_perwindow,cross_session,3,1,delta_volume,0.8246076734693878,1.0
brainbert_perwindow,cross_session,4,0,delta_volume,0.7375886826721154,1.0
brainbert_perwindow,cross_session,4,1,delta_volume,0.6564767346938776,1.0
brainbert_perwindow,cross_session,7,0,delta_volume,0.5650083265306123,1.0
brainbert_perwindow,cross_session,7,1,delta_volume,0.5979337142857143,1.0
brainbert_perwindow,cross_session,10,0,delta_volume,0.6560884897959184,1.0
brainbert_perwindow,cross_session,10,1,delta_volume,0.7056078367346938,1.0
brainbert_perwindow,cross_session,1,1,face_num,0.5049338775510204,1.0
brainbert_perwindow,cross_session,1,2,face_num,0.529271836734694,1.0
brainbert_perwindow,cross_session,2,0,face_num,0.5027892244897959,1.0
brainbert_perwindow,cross_session,2,4,face_num,0.5096502857142857,1.0
brainbert_perwindow,cross_session,3,0,face_num,0.5185149387755102,1.0
brainbert_perwindow,cross_session,3,1,face_num,0.48310334693877555,1.0
brainbert_perwindow,cross_session,4,0,face_num,0.48028216419375647,1.0
brainbert_perwindow,cross_session,4,1,face_num,0.4912757551020408,1.0
brainbert_perwindow,cross_session,7,0,face_num,0.496896,1.0
brainbert_perwindow,cross_session,7,1,face_num,0.48664293877551024,1.0
brainbert_perwindow,cross_session,10,0,face_num,0.5103490612244899,1.0
brainbert_perwindow,cross_session,10,1,face_num,0.5051415510204083,1.0
brainbert_perwindow,cross_session,1,1,frame_brightness,0.4512992653061224,1.0
brainbert_perwindow,cross_session,1,2,frame_brightness,0.48974922448979596,1.0
brainbert_perwindow,cross_session,2,0,frame_brightness,0.5481547755102041,1.0
brainbert_perwindow,cross_session,2,4,frame_brightness,0.5376809795918367,1.0
brainbert_perwindow,cross_session,3,0,frame_brightness,0.5128189387755102,1.0
brainbert_perwindow,cross_session,3,1,frame_brightness,0.4972029387755102,1.0
brainbert_perwindow,cross_session,4,0,frame_brightness,0.501311084624553,1.0
brainbert_perwindow,cross_session,4,1,frame_brightness,0.4986984489795919,1.0
brainbert_perwindow,cross_session,7,0,frame_brightness,0.4812512653061225,1.0
brainbert_perwindow,cross_session,7,1,frame_brightness,0.5239784489795919,1.0
brainbert_perwindow,cross_session,10,0,frame_brightness,0.5463823673469388,1.0
brainbert_perwindow,cross_session,10,1,frame_brightness,0.5164486530612244,1.0
brainbert_perwindow,cross_session,1,1,global_flow,0.5316349387755102,1.0
brainbert_perwindow,cross_session,1,2,global_flow,0.5350726530612244,1.0
brainbert_perwindow,cross_session,2,0,global_flow,0.5314181224489796,1.0
brainbert_perwindow,cross_session,2,4,global_flow,0.5240698775510204,1.0
brainbert_perwindow,cross_session,3,0,global_flow,0.5450122448979593,1.0
brainbert_perwindow,cross_session,3,1,global_flow,0.5374445714285714,1.0
brainbert_perwindow,cross_session,4,0,global_flow,0.5210468812077871,1.0
brainbert_perwindow,cross_session,4,1,global_flow,0.5259350204081632,1.0
brainbert_perwindow,cross_session,7,0,global_flow,0.5229779591836734,1.0
brainbert_perwindow,cross_session,7,1,global_flow,0.5094948571428571,1.0
brainbert_perwindow,cross_session,10,0,global_flow,0.5247908571428572,1.0
brainbert_perwindow,cross_session,10,1,global_flow,0.5029629387755102,1.0
brainbert_perwindow,cross_session,1,1,gpt2_surprisal,0.5031575510204082,1.0
brainbert_perwindow,cross_session,1,2,gpt2_surprisal,0.5174674285714286,1.0
brainbert_perwindow,cross_session,2,0,gpt2_surprisal,0.6200055510204082,1.0
brainbert_perwindow,cross_session,2,4,gpt2_surprisal,0.584556081632653,1.0
brainbert_perwindow,cross_session,3,0,gpt2_surprisal,0.6632724897959184,1.0
brainbert_perwindow,cross_session,3,1,gpt2_surprisal,0.6682723265306123,1.0
brainbert_perwindow,cross_session,4,0,gpt2_surprisal,0.5895340257676371,1.0
brainbert_perwindow,cross_session,4,1,gpt2_surprisal,0.5743631020408164,1.0
brainbert_perwindow,cross_session,7,0,gpt2_surprisal,0.5425554285714287,1.0
brainbert_perwindow,cross_session,7,1,gpt2_surprisal,0.5606504489795918,1.0
brainbert_perwindow,cross_session,10,0,gpt2_surprisal,0.5633110204081633,1.0
brainbert_perwindow,cross_session,10,1,gpt2_surprisal,0.548166530612245,1.0
brainbert_perwindow,cross_session,1,1,local_flow,0.5531513469387754,1.0
brainbert_perwindow,cross_session,1,2,local_flow,0.5358161632653061,1.0
brainbert_perwindow,cross_session,2,0,local_flow,0.5175262040816326,1.0
brainbert_perwindow,cross_session,2,4,local_flow,0.517113469387755,1.0
brainbert_perwindow,cross_session,3,0,local_flow,0.5776235102040816,1.0
brainbert_perwindow,cross_session,3,1,local_flow,0.5741805714285715,1.0
brainbert_perwindow,cross_session,4,0,local_flow,0.5276633180089676,1.0
brainbert_perwindow,cross_session,4,1,local_flow,0.5300649795918368,1.0
brainbert_perwindow,cross_session,7,0,local_flow,0.5136391836734694,1.0
brainbert_perwindow,cross_session,7,1,local_flow,0.5409071020408163,1.0
brainbert_perwindow,cross_session,10,0,local_flow,0.5226984489795918,1.0
brainbert_perwindow,cross_session,10,1,local_flow,0.5319797551020409,1.0
brainbert_perwindow,cross_session,1,1,onset,0.5813439120859072,1.0
brainbert_perwindow,cross_session,1,2,onset,0.5667722287140058,1.0
brainbert_perwindow,cross_session,2,0,onset,0.7695845072703131,1.0
brainbert_perwindow,cross_session,2,4,onset,0.7830511488747176,1.0
brainbert_perwindow,cross_session,3,0,onset,0.8320205714285714,1.0
brainbert_perwindow,cross_session,3,1,onset,0.9368551828444877,1.0
brainbert_perwindow,cross_session,4,0,onset,0.8500918273645546,1.0
brainbert_perwindow,cross_session,4,1,onset,0.7012369022670984,1.0
brainbert_perwindow,cross_session,7,0,onset,0.6084995918367346,1.0
brainbert_perwindow,cross_session,7,1,onset,0.6579119832349019,1.0
brainbert_perwindow,cross_session,10,0,onset,0.7744142730604943,1.0
brainbert_perwindow,cross_session,10,1,onset,0.7833217959183674,1.0
brainbert_perwindow,cross_session,1,1,pitch,0.558273306122449,1.0
brainbert_perwindow,cross_session,1,2,pitch,0.4982971428571428,1.0
brainbert_perwindow,cross_session,2,0,pitch,0.5280953469387755,1.0
brainbert_perwindow,cross_session,2,4,pitch,0.534270693877551,1.0
brainbert_perwindow,cross_session,3,0,pitch,0.5019402448979592,1.0
brainbert_perwindow,cross_session,3,1,pitch,0.5007137959183673,1.0
brainbert_perwindow,cross_session,4,0,pitch,0.5214087065100175,1.0
brainbert_perwindow,cross_session,4,1,pitch,0.4987245714285714,1.0
brainbert_perwindow,cross_session,7,0,pitch,0.498301387755102,1.0
brainbert_perwindow,cross_session,7,1,pitch,0.47337926530612245,1.0
brainbert_perwindow,cross_session,10,0,pitch,0.5170298775510205,1.0
brainbert_perwindow,cross_session,10,1,pitch,0.5249345306122448,1.0
brainbert_perwindow,cross_session,1,1,speech,0.5793116734693877,1.0
brainbert_perwindow,cross_session,1,2,speech,0.6369430204081632,1.0
brainbert_perwindow,cross_session,2,0,speech,0.7023595102040816,1.0
brainbert_perwindow,cross_session,2,4,speech,0.7037763265306123,1.0
brainbert_perwindow,cross_session,3,0,speech,0.6931066122448979,1.0
brainbert_perwindow,cross_session,3,1,speech,0.7433854693877551,1.0
brainbert_perwindow,cross_session,4,0,speech,0.6195239183673469,1.0
brainbert_perwindow,cross_session,4,1,speech,0.578749387755102,1.0
brainbert_perwindow,cross_session,7,0,speech,0.5328535510204082,1.0
brainbert_perwindow,cross_session,7,1,speech,0.5590505011354432,1.0
brainbert_perwindow,cross_session,10,0,speech,0.6215059591836736,1.0
brainbert_perwindow,cross_session,10,1,speech,0.615805387755102,1.0
brainbert_perwindow,cross_session,1,1,volume,0.5952470204081632,1.0
brainbert_perwindow,cross_session,1,2,volume,0.5400019591836736,1.0
brainbert_perwindow,cross_session,2,0,volume,0.6210912653061225,1.0
brainbert_perwindow,cross_session,2,4,volume,0.6458579591836735,1.0
brainbert_perwindow,cross_session,3,0,volume,0.6109714285714285,1.0
brainbert_perwindow,cross_session,3,1,volume,0.5965792653061224,1.0
brainbert_perwindow,cross_session,4,0,volume,0.5825302230546568,1.0
brainbert_perwindow,cross_session,4,1,volume,0.5699304489795918,1.0
brainbert_perwindow,cross_session,7,0,volume,0.5233116734693878,1.0
brainbert_perwindow,cross_session,7,1,volume,0.5414543673469387,1.0
brainbert_perwindow,cross_session,10,0,volume,0.5392342857142858,1.0
brainbert_perwindow,cross_session,10,1,volume,0.47902302040816325,1.0
brainbert_perwindow,cross_session,1,1,word_gap,0.49597910204081636,1.0
brainbert_perwindow,cross_session,1,2,word_gap,0.5100805913946952,1.0
brainbert_perwindow,cross_session,2,0,word_gap,0.5627946206649369,1.0
brainbert_perwindow,cross_session,2,4,word_gap,0.5595965240253968,1.0
brainbert_perwindow,cross_session,3,0,word_gap,0.6527464489795918,1.0
brainbert_perwindow,cross_session,3,1,word_gap,0.6395426851099467,1.0
brainbert_perwindow,cross_session,4,0,word_gap,0.6166120819487939,1.0
brainbert_perwindow,cross_session,4,1,word_gap,0.6061006359942687,1.0
brainbert_perwindow,cross_session,7,0,word_gap,0.5087751836734694,1.0
brainbert_perwindow,cross_session,7,1,word_gap,0.4902282224947423,1.0
brainbert_perwindow,cross_session,10,0,word_gap,0.5663895510204082,1.0
brainbert_perwindow,cross_session,10,1,word_gap,0.5862164897959183,1.0
brainbert_perwindow,cross_session,1,1,word_head_pos,0.5580852244897958,1.0
brainbert_perwindow,cross_session,1,2,word_head_pos,0.5411888979591837,1.0
brainbert_perwindow,cross_session,2,0,word_head_pos,0.6111764897959184,1.0
brainbert_perwindow,cross_session,2,4,word_head_pos,0.614515918367347,1.0
brainbert_perwindow,cross_session,3,0,word_head_pos,0.6529724081632653,1.0
brainbert_perwindow,cross_session,3,1,word_head_pos,0.6920525714285715,1.0
brainbert_perwindow,cross_session,4,0,word_head_pos,0.5716702040816326,1.0
brainbert_perwindow,cross_session,4,1,word_head_pos,0.5441985306122449,1.0
brainbert_perwindow,cross_session,7,0,word_head_pos,0.5273234285714286,1.0
brainbert_perwindow,cross_session,7,1,word_head_pos,0.5494399999999999,1.0
brainbert_perwindow,cross_session,10,0,word_head_pos,0.5168940408163265,1.0
brainbert_perwindow,cross_session,10,1,word_head_pos,0.5453074285714286,1.0
brainbert_perwindow,cross_session,1,1,word_index,0.4987342595714227,1.0
brainbert_perwindow,cross_session,1,2,word_index,0.49592560553633214,1.0
brainbert_perwindow,cross_session,2,0,word_index,0.6834348657491469,1.0
brainbert_perwindow,cross_session,2,4,word_index,0.6679053719825881,1.0
brainbert_perwindow,cross_session,3,0,word_index,0.7809103722962045,1.0
brainbert_perwindow,cross_session,3,1,word_index,0.8525469779734678,1.0
brainbert_perwindow,cross_session,4,0,word_index,0.714647102578137,1.0
brainbert_perwindow,cross_session,4,1,word_index,0.6678153253297762,1.0
brainbert_perwindow,cross_session,7,0,word_index,0.550467070755929,1.0
brainbert_perwindow,cross_session,7,1,word_index,0.5588372610048911,1.0
brainbert_perwindow,cross_session,10,0,word_index,0.709875364287129,1.0
brainbert_perwindow,cross_session,10,1,word_index,0.7206167601691353,1.0
brainbert_perwindow,cross_session,1,1,word_length,0.5095222857142857,1.0
brainbert_perwindow,cross_session,1,2,word_length,0.5038586122448979,1.0
brainbert_perwindow,cross_session,2,0,word_length,0.5759297959183673,1.0
brainbert_perwindow,cross_session,2,4,word_length,0.569489306122449,1.0
brainbert_perwindow,cross_session,3,0,word_length,0.6371539591836735,1.0
brainbert_perwindow,cross_session,3,1,word_length,0.6530821224489796,1.0
brainbert_perwindow,cross_session,4,0,word_length,0.5753102976044187,1.0
brainbert_perwindow,cross_session,4,1,word_length,0.5381812244897959,1.0
brainbert_perwindow,cross_session,7,0,word_length,0.5060989387755102,1.0
brainbert_perwindow,cross_session,7,1,word_length,0.526716081632653,1.0
brainbert_perwindow,cross_session,10,0,word_length,0.5600444081632653,1.0
brainbert_perwindow,cross_session,10,1,word_length,0.5472339591836735,1.0
brainbert_perwindow,cross_session,1,1,word_part_speech,0.5565077200443787,1.0
brainbert_perwindow,cross_session,1,2,word_part_speech,0.5695610766844913,1.0
brainbert_perwindow,cross_session,2,0,word_part_speech,0.5702685121107267,1.0
brainbert_perwindow,cross_session,2,4,word_part_speech,0.5563104568498339,1.0
brainbert_perwindow,cross_session,3,0,word_part_speech,0.6208253478501085,1.0
brainbert_perwindow,cross_session,3,1,word_part_speech,0.6494146156168072,1.0
brainbert_perwindow,cross_session,4,0,word_part_speech,0.48194391413177207,1.0
brainbert_perwindow,cross_session,4,1,word_part_speech,0.49846300022356366,1.0
brainbert_perwindow,cross_session,7,0,word_part_speech,0.5273632248619173,1.0
brainbert_perwindow,cross_session,7,1,word_part_speech,0.5316590903445364,1.0
brainbert_perwindow,cross_session,10,0,word_part_speech,0.5329192606026385,1.0
brainbert_perwindow,cross_session,10,1,word_part_speech,0.5291196107861912,1.0
brainbert_perwindow,cross_subject,1,1,delta_volume,0.6313116734693878,1.0
brainbert_perwindow,cross_subject,1,2,delta_volume,0.5451324081632654,1.0
brainbert_perwindow,cross_subject,3,0,delta_volume,0.5750017959183673,1.0
brainbert_perwindow,cross_subject,3,1,delta_volume,0.600749387755102,1.0
brainbert_perwindow,cross_subject,4,0,delta_volume,0.6003192576196152,1.0
brainbert_perwindow,cross_subject,4,1,delta_volume,0.5702661224489796,1.0
brainbert_perwindow,cross_subject,7,0,delta_volume,0.5136744489795919,1.0
brainbert_perwindow,cross_subject,7,1,delta_volume,0.5577939591836735,1.0
brainbert_perwindow,cross_subject,10,0,delta_volume,0.5600156734693877,1.0
brainbert_perwindow,cross_subject,10,1,delta_volume,0.5552822857142857,1.0
brainbert_perwindow,cross_subject,1,1,face_num,0.506565224489796,1.0
brainbert_perwindow,cross_subject,1,2,face_num,0.5175510204081633,1.0
brainbert_perwindow,cross_subject,3,0,face_num,0.49519542857142856,1.0
brainbert_perwindow,cross_subject,3,1,face_num,0.4838690612244898,1.0
brainbert_perwindow,cross_subject,4,0,face_num,0.5134931542526977,1.0
brainbert_perwindow,cross_subject,4,1,face_num,0.46930285714285713,1.0
brainbert_perwindow,cross_subject,7,0,face_num,0.49680065306122445,1.0
brainbert_perwindow,cross_subject,7,1,face_num,0.5188675918367347,1.0
brainbert_perwindow,cross_subject,10,0,face_num,0.5062831020408163,1.0
brainbert_perwindow,cross_subject,10,1,face_num,0.4698618775510204,1.0
brainbert_perwindow,cross_subject,1,1,frame_brightness,0.5234194285714285,1.0
brainbert_perwindow,cross_subject,1,2,frame_brightness,0.48771787755102036,1.0
brainbert_perwindow,cross_subject,3,0,frame_brightness,0.4986364081632653,1.0
brainbert_perwindow,cross_subject,3,1,frame_brightness,0.498368,1.0
brainbert_perwindow,cross_subject,4,0,frame_brightness,0.49136869288835916,1.0
brainbert_perwindow,cross_subject,4,1,frame_brightness,0.5177129795918367,1.0
brainbert_perwindow,cross_subject,7,0,frame_brightness,0.4950713469387755,1.0
brainbert_perwindow,cross_subject,7,1,frame_brightness,0.4957766530612245,1.0
brainbert_perwindow,cross_subject,10,0,frame_brightness,0.5504731428571429,1.0
brainbert_perwindow,cross_subject,10,1,frame_brightness,0.5285864489795918,1.0
brainbert_perwindow,cross_subject,1,1,global_flow,0.4985404081632653,1.0
brainbert_perwindow,cross_subject,1,2,global_flow,0.499904,1.0
brainbert_perwindow,cross_subject,3,0,global_flow,0.4970334693877551,1.0
brainbert_perwindow,cross_subject,3,1,global_flow,0.5130135510204081,1.0
brainbert_perwindow,cross_subject,4,0,global_flow,0.4857540155513934,1.0
brainbert_perwindow,cross_subject,4,1,global_flow,0.5201946122448979,1.0
brainbert_perwindow,cross_subject,7,0,global_flow,0.5151477551020408,1.0
brainbert_perwindow,cross_subject,7,1,global_flow,0.49165844897959177,1.0
brainbert_perwindow,cross_subject,10,0,global_flow,0.5095758367346939,1.0
brainbert_perwindow,cross_subject,10,1,global_flow,0.47737861224489797,1.0
brainbert_perwindow,cross_subject,1,1,gpt2_surprisal,0.5223862857142858,1.0
brainbert_perwindow,cross_subject,1,2,gpt2_surprisal,0.4913071020408164,1.0
brainbert_perwindow,cross_subject,3,0,gpt2_surprisal,0.5266328163265306,1.0
brainbert_perwindow,cross_subject,3,1,gpt2_surprisal,0.5291484081632654,1.0
brainbert_perwindow,cross_subject,4,0,gpt2_surprisal,0.5174825472501277,1.0
brainbert_perwindow,cross_subject,4,1,gpt2_surprisal,0.5221237551020408,1.0
brainbert_perwindow,cross_subject,7,0,gpt2_surprisal,0.5005779591836734,1.0
brainbert_perwindow,cross_subject,7,1,gpt2_surprisal,0.5048907755102041,1.0
brainbert_perwindow,cross_subject,10,0,gpt2_surprisal,0.5283670204081633,1.0
brainbert_perwindow,cross_subject,10,1,gpt2_surprisal,0.5029368163265306,1.0
brainbert_perwindow,cross_subject,1,1,local_flow,0.5042115918367347,1.0
brainbert_perwindow,cross_subject,1,2,local_flow,0.5066644897959184,1.0
brainbert_perwindow,cross_subject,3,0,local_flow,0.5065645714285714,1.0
brainbert_perwindow,cross_subject,3,1,local_flow,0.5104290612244898,1.0
brainbert_perwindow,cross_subject,4,0,local_flow,0.47710993813496794,1.0
brainbert_perwindow,cross_subject,4,1,local_flow,0.4851774693877551,1.0
brainbert_perwindow,cross_subject,7,0,local_flow,0.4824058775510204,1.0
brainbert_perwindow,cross_subject,7,1,local_flow,0.4905965714285715,1.0
brainbert_perwindow,cross_subject,10,0,local_flow,0.5052120816326531,1.0
brainbert_perwindow,cross_subject,10,1,local_flow,0.4982099591836735,1.0
brainbert_perwindow,cross_subject,1,1,onset,0.6409528370735267,1.0
brainbert_perwindow,cross_subject,1,2,onset,0.568123272385834,1.0
brainbert_perwindow,cross_subject,3,0,onset,0.5754775510204081,1.0
brainbert_perwindow,cross_subject,3,1,onset,0.6815989400135358,1.0
brainbert_perwindow,cross_subject,4,0,onset,0.6032340449954086,1.0
brainbert_perwindow,cross_subject,4,1,onset,0.5511068775004763,1.0
brainbert_perwindow,cross_subject,7,0,onset,0.5137214693877551,1.0
brainbert_perwindow,cross_subject,7,1,onset,0.5583292055629644,1.0
brainbert_perwindow,cross_subject,10,0,onset,0.6075461967448121,1.0
brainbert_perwindow,cross_subject,10,1,onset,0.5409449795918367,1.0
brainbert_perwindow,cross_subject,1,1,pitch,0.49161273469387756,1.0
brainbert_perwindow,cross_subject,1,2,pitch,0.4920842448979592,1.0
brainbert_perwindow,cross_subject,3,0,pitch,0.4813998367346939,1.0
brainbert_perwindow,cross_subject,3,1,pitch,0.47438269387755105,1.0
brainbert_perwindow,cross_subject,4,0,pitch,0.5113428684942392,1.0
brainbert_perwindow,cross_subject,4,1,pitch,0.5161247346938775,1.0
brainbert_perwindow,cross_subject,7,0,pitch,0.4975764897959184,1.0
brainbert_perwindow,cross_subject,7,1,pitch,0.5234377142857143,1.0
brainbert_perwindow,cross_subject,10,0,pitch,0.4852166530612245,1.0
brainbert_perwindow,cross_subject,10,1,pitch,0.5115128163265306,1.0
brainbert_perwindow,cross_subject,1,1,speech,0.5340303673469388,1.0
brainbert_perwindow,cross_subject,1,2,speech,0.5535216326530612,1.0
brainbert_perwindow,cross_subject,3,0,speech,0.5206288979591837,1.0
brainbert_perwindow,cross_subject,3,1,speech,0.5428486530612244,1.0
brainbert_perwindow,cross_subject,4,0,speech,0.5296326530612245,1.0
brainbert_perwindow,cross_subject,4,1,speech,0.5634481632653061,1.0
brainbert_perwindow,cross_subject,7,0,speech,0.5108976326530612,1.0
brainbert_perwindow,cross_subject,7,1,speech,0.5330603631761932,1.0
brainbert_perwindow,cross_subject,10,0,speech,0.5757622857142857,1.0
brainbert_perwindow,cross_subject,10,1,speech,0.5020199183673469,1.0
brainbert_perwindow,cross_subject,1,1,volume,0.5489005714285715,1.0
brainbert_perwindow,cross_subject,1,2,volume,0.5388604081632653,1.0
brainbert_perwindow,cross_subject,3,0,volume,0.5085469387755103,1.0
brainbert_perwindow,cross_subject,3,1,volume,0.5399343673469388,1.0
brainbert_perwindow,cross_subject,4,0,volume,0.5262529087916453,1.0
brainbert_perwindow,cross_subject,4,1,volume,0.5237276734693878,1.0
brainbert_perwindow,cross_subject,7,0,volume,0.5100917551020407,1.0
brainbert_perwindow,cross_subject,7,1,volume,0.5237446530612244,1.0
brainbert_perwindow,cross_subject,10,0,volume,0.5334373877551021,1.0
brainbert_perwindow,cross_subject,10,1,volume,0.5056417959183674,1.0
brainbert_perwindow,cross_subject,1,1,word_gap,0.4972225306122449,1.0
brainbert_perwindow,cross_subject,1,2,word_gap,0.5198518313074367,1.0
brainbert_perwindow,cross_subject,3,0,word_gap,0.5258873469387755,1.0
brainbert_perwindow,cross_subject,3,1,word_gap,0.5404151139006417,1.0
brainbert_perwindow,cross_subject,4,0,word_gap,0.5004103814555394,1.0
brainbert_perwindow,cross_subject,4,1,word_gap,0.5158201536457814,1.0
brainbert_perwindow,cross_subject,7,0,word_gap,0.5067402448979592,1.0
brainbert_perwindow,cross_subject,7,1,word_gap,0.4966606225172041,1.0
brainbert_perwindow,cross_subject,10,0,word_gap,0.5074128979591837,1.0
brainbert_perwindow,cross_subject,10,1,word_gap,0.48780538775510207,1.0
brainbert_perwindow,cross_subject,1,1,word_head_pos,0.5257417142857143,1.0
brainbert_perwindow,cross_subject,1,2,word_head_pos,0.5352463673469388,1.0
brainbert_perwindow,cross_subject,3,0,word_head_pos,0.5399797551020408,1.0
brainbert_perwindow,cross_subject,3,1,word_head_pos,0.5346811428571429,1.0
brainbert_perwindow,cross_subject,4,0,word_head_pos,0.5265541224489796,1.0
brainbert_perwindow,cross_subject,4,1,word_head_pos,0.5219356734693877,1.0
brainbert_perwindow,cross_subject,7,0,word_head_pos,0.5252688979591837,1.0
brainbert_perwindow,cross_subject,7,1,word_head_pos,0.5268845714285715,1.0
brainbert_perwindow,cross_subject,10,0,word_head_pos,0.5169136326530612,1.0
brainbert_perwindow,cross_subject,10,1,word_head_pos,0.513534693877551,1.0
brainbert_perwindow,cross_subject,1,1,word_index,0.5828852967096663,1.0
brainbert_perwindow,cross_subject,1,2,word_index,0.5251326412918109,1.0
brainbert_perwindow,cross_subject,3,0,word_index,0.5819518342730172,1.0
brainbert_perwindow,cross_subject,3,1,word_index,0.6206446762094087,1.0
brainbert_perwindow,cross_subject,4,0,word_index,0.5841648772683257,1.0
brainbert_perwindow,cross_subject,4,1,word_index,0.5353749814732474,1.0
brainbert_perwindow,cross_subject,7,0,word_index,0.5047009386761794,1.0
brainbert_perwindow,cross_subject,7,1,word_index,0.5112939084037349,1.0
brainbert_perwindow,cross_subject,10,0,word_index,0.538420620773562,1.0
brainbert_perwindow,cross_subject,10,1,word_index,0.5064517890508332,1.0
brainbert_perwindow,cross_subject,1,1,word_length,0.5063118367346939,1.0
brainbert_perwindow,cross_subject,1,2,word_length,0.5356303673469387,1.0
brainbert_perwindow,cross_subject,3,0,word_length,0.5171539591836735,1.0
brainbert_perwindow,cross_subject,3,1,word_length,0.4951454693877551,1.0
brainbert_perwindow,cross_subject,4,0,word_length,0.5193196395618258,1.0
brainbert_perwindow,cross_subject,4,1,word_length,0.48017110204081637,1.0
brainbert_perwindow,cross_subject,7,0,word_length,0.5106298775510204,1.0
brainbert_perwindow,cross_subject,7,1,word_length,0.5128489795918367,1.0
brainbert_perwindow,cross_subject,10,0,word_length,0.5096724897959184,1.0
brainbert_perwindow,cross_subject,10,1,word_length,0.500224,1.0
brainbert_perwindow,cross_subject,1,1,word_part_speech,0.5256521010539941,1.0
brainbert_perwindow,cross_subject,1,2,word_part_speech,0.4984524108286198,1.0
brainbert_perwindow,cross_subject,3,0,word_part_speech,0.5029030544575801,1.0
brainbert_perwindow,cross_subject,3,1,word_part_speech,0.49810581009262367,1.0
brainbert_perwindow,cross_subject,4,0,word_part_speech,0.5081159051376691,1.0
brainbert_perwindow,cross_subject,4,1,word_part_speech,0.4876201654370669,1.0
brainbert_perwindow,cross_subject,7,0,word_part_speech,0.4861015704282733,1.0
brainbert_perwindow,cross_subject,7,1,word_part_speech,0.5230643117967062,1.0
brainbert_perwindow,cross_subject,10,0,word_part_speech,0.5151568802905527,1.0
brainbert_perwindow,cross_subject,10,1,word_part_speech,0.5045246105274054,1.0
brainbert_untrained_perwindow,within,1,1,delta_volume,0.6982200140016508,2.0
brainbert_untrained_perwindow,within,1,2,delta_volume,0.6500867266438878,2.0
brainbert_untrained_perwindow,within,2,0,delta_volume,0.7627791187319102,2.0
brainbert_untrained_perwindow,within,2,4,delta_volume,0.7154686895917578,2.0
brainbert_untrained_perwindow,within,3,0,delta_volume,0.6962660522658641,2.0
brainbert_untrained_perwindow,within,3,1,delta_volume,0.8280356937609061,2.0
brainbert_untrained_perwindow,within,4,0,delta_volume,0.7248129251700679,2.0
brainbert_untrained_perwindow,within,4,1,delta_volume,0.6166421115325538,2.0
brainbert_untrained_perwindow,within,7,0,delta_volume,0.5237192146536682,2.0
brainbert_untrained_perwindow,within,7,1,delta_volume,0.6563639593325183,2.0
brainbert_untrained_perwindow,within,10,0,delta_volume,0.6564580002716739,2.0
brainbert_untrained_perwindow,within,10,1,delta_volume,0.7536623721304453,2.0
brainbert_untrained_perwindow,within,1,1,face_num,0.5036049026676279,2.0
brainbert_untrained_perwindow,within,1,2,face_num,0.5289933439913064,2.0
brainbert_untrained_perwindow,within,2,0,face_num,0.5061936407427144,2.0
brainbert_untrained_perwindow,within,2,4,face_num,0.48625173714512604,2.0
brainbert_untrained_perwindow,within,3,0,face_num,0.5368457624107917,2.0
brainbert_untrained_perwindow,within,3,1,face_num,0.5150778972446004,2.0
brainbert_untrained_perwindow,within,4,0,face_num,0.4968070293369184,2.0
brainbert_untrained_perwindow,within,4,1,face_num,0.5318589803872397,2.0
brainbert_untrained_perwindow,within,7,0,face_num,0.4807320564663594,2.0
brainbert_untrained_perwindow,within,7,1,face_num,0.48869157706654964,2.0
brainbert_untrained_perwindow,within,10,0,face_num,0.4995350198008422,2.0
brainbert_untrained_perwindow,within,10,1,face_num,0.4968104448136422,2.0
brainbert_untrained_perwindow,within,1,1,frame_brightness,0.5041169033363635,2.0
brainbert_untrained_perwindow,within,1,2,frame_brightness,0.4697527768199534,2.0
brainbert_untrained_perwindow,within,2,0,frame_brightness,0.4955408921350427,2.0
brainbert_untrained_perwindow,within,2,4,frame_brightness,0.5160836128439025,2.0
brainbert_untrained_perwindow,within,3,0,frame_brightness,0.4995010605728138,2.0
brainbert_untrained_perwindow,within,3,1,frame_brightness,0.46849628538290333,2.0
brainbert_untrained_perwindow,within,4,0,frame_brightness,0.5328628117913832,2.0
brainbert_untrained_perwindow,within,4,1,frame_brightness,0.46317513557568724,2.0
brainbert_untrained_perwindow,within,7,0,frame_brightness,0.466093016937818,2.0
brainbert_untrained_perwindow,within,7,1,frame_brightness,0.49962122399506803,2.0
brainbert_untrained_perwindow,within,10,0,frame_brightness,0.5143151207381169,2.0
brainbert_untrained_perwindow,within,10,1,frame_brightness,0.5071915195970867,2.0
brainbert_untrained_perwindow,within,1,1,global_flow,0.5323997157873839,2.0
brainbert_untrained_perwindow,within,1,2,global_flow,0.5284108126182042,2.0
brainbert_untrained_perwindow,within,2,0,global_flow,0.5080378880494865,2.0
brainbert_untrained_perwindow,within,2,4,global_flow,0.5119196890379613,2.0
brainbert_untrained_perwindow,within,3,0,global_flow,0.5320705725003396,2.0
brainbert_untrained_perwindow,within,3,1,global_flow,0.5289045275487707,2.0
brainbert_untrained_perwindow,within,4,0,global_flow,0.5457029478458051,2.0
brainbert_untrained_perwindow,within,4,1,global_flow,0.5173165940461637,2.0
brainbert_untrained_perwindow,within,7,0,global_flow,0.48098022005579766,2.0
brainbert_untrained_perwindow,within,7,1,global_flow,0.5461819378702862,2.0
brainbert_untrained_perwindow,within,10,0,global_flow,0.516744511666301,2.0
brainbert_untrained_perwindow,within,10,1,global_flow,0.5570802378190861,2.0
brainbert_untrained_perwindow,within,1,1,gpt2_surprisal,0.5375562939510778,2.0
brainbert_untrained_perwindow,within,1,2,gpt2_surprisal,0.545304222438168,2.0
brainbert_untrained_perwindow,within,2,0,gpt2_surprisal,0.6173239083414314,2.0
brainbert_untrained_perwindow,within,2,4,gpt2_surprisal,0.5908487717208447,2.0
brainbert_untrained_perwindow,within,3,0,gpt2_surprisal,0.6426183087259542,2.0
brainbert_untrained_perwindow,within,3,1,gpt2_surprisal,0.6453637816996333,2.0
brainbert_untrained_perwindow,within,4,0,gpt2_surprisal,0.6154818594104309,2.0
brainbert_untrained_perwindow,within,4,1,gpt2_surprisal,0.5673594349184456,2.0
brainbert_untrained_perwindow,within,7,0,gpt2_surprisal,0.5373577630795272,2.0
brainbert_untrained_perwindow,within,7,1,gpt2_surprisal,0.5347481270179619,2.0
brainbert_untrained_perwindow,within,10,0,gpt2_surprisal,0.5347585760112014,2.0
brainbert_untrained_perwindow,within,10,1,gpt2_surprisal,0.5829859043081199,2.0
brainbert_untrained_perwindow,within,1,1,local_flow,0.5424333615456151,2.0
brainbert_untrained_perwindow,within,1,2,local_flow,0.5256653396445252,2.0
brainbert_untrained_perwindow,within,2,0,local_flow,0.5145763455691044,2.0
brainbert_untrained_perwindow,within,2,4,local_flow,0.5010448993239501,2.0
brainbert_untrained_perwindow,within,3,0,local_flow,0.5065645800027168,2.0
brainbert_untrained_perwindow,within,3,1,local_flow,0.519027616689132,2.0
brainbert_untrained_perwindow,within,4,0,local_flow,0.5493565759637189,2.0
brainbert_untrained_perwindow,within,4,1,local_flow,0.513453078795858,2.0
brainbert_untrained_perwindow,within,7,0,local_flow,0.4919751731920629,2.0
brainbert_untrained_perwindow,within,7,1,local_flow,0.5162246742526357,2.0
brainbert_untrained_perwindow,within,10,0,local_flow,0.5180950440425065,2.0
brainbert_untrained_perwindow,within,10,1,local_flow,0.5369032318736089,2.0
brainbert_untrained_perwindow,within,1,1,onset,0.7253130206164098,2.0
brainbert_untrained_perwindow,within,1,2,onset,0.6277999397862412,2.0
brainbert_untrained_perwindow,within,2,0,onset,0.7964403506989034,2.0
brainbert_untrained_perwindow,within,2,4,onset,0.7871686350767824,2.0
brainbert_untrained_perwindow,within,3,0,onset,0.8459191456903127,2.0
brainbert_untrained_perwindow,within,3,1,onset,0.9067552109811896,2.0
brainbert_untrained_perwindow,within,4,0,onset,0.8084897268135904,2.0
brainbert_untrained_perwindow,within,4,1,onset,0.6733634689435795,2.0
brainbert_untrained_perwindow,within,7,0,onset,0.590169587160277,2.0
brainbert_untrained_perwindow,within,7,1,onset,0.5976667732067028,2.0
brainbert_untrained_perwindow,within,10,0,onset,0.7963098771899191,2.0
brainbert_untrained_perwindow,within,10,1,onset,0.8327612509534706,2.0
brainbert_untrained_perwindow,within,1,1,pitch,0.526509095848615,2.0
brainbert_untrained_perwindow,within,1,2,pitch,0.5088764197569564,2.0
brainbert_untrained_perwindow,within,2,0,pitch,0.5509074950628507,2.0
brainbert_untrained_perwindow,within,2,4,pitch,0.5335438805471093,2.0
brainbert_untrained_perwindow,within,3,0,pitch,0.47912552375578615,2.0
brainbert_untrained_perwindow,within,3,1,pitch,0.5520542720708859,2.0
brainbert_untrained_perwindow,within,4,0,pitch,0.523140589569161,2.0
brainbert_untrained_perwindow,within,4,1,pitch,0.4995820402704199,2.0
brainbert_untrained_perwindow,within,7,0,pitch,0.49050186514529326,2.0
brainbert_untrained_perwindow,within,7,1,pitch,0.5099291558258362,2.0
brainbert_untrained_perwindow,within,10,0,pitch,0.5052271088680605,2.0
brainbert_untrained_perwindow,within,10,1,pitch,0.553710437499347,2.0
brainbert_untrained_perwindow,within,1,1,speech,0.5706142963125502,2.0
brainbert_untrained_perwindow,within,1,2,speech,0.5259526869586115,2.0
brainbert_untrained_perwindow,within,2,0,speech,0.6733043896220599,2.0
brainbert_untrained_perwindow,within,2,4,speech,0.6383107112629698,2.0
brainbert_untrained_perwindow,within,3,0,speech,0.6762823526953178,2.0
brainbert_untrained_perwindow,within,3,1,speech,0.752136819117478,2.0
brainbert_untrained_perwindow,within,4,0,speech,0.5834613335005172,2.0
brainbert_untrained_perwindow,within,4,1,speech,0.5454844675715494,2.0
brainbert_untrained_perwindow,within,7,0,speech,0.4912045599406497,2.0
brainbert_untrained_perwindow,within,7,1,speech,0.5074702515039885,2.0
brainbert_untrained_perwindow,within,10,0,speech,0.5985078837653992,2.0
brainbert_untrained_perwindow,within,10,1,speech,0.6145993333542312,2.0
brainbert_untrained_perwindow,within,1,1,volume,0.5668213117666112,2.0
brainbert_untrained_perwindow,within,1,2,volume,0.6085284682820811,2.0
brainbert_untrained_perwindow,within,2,0,volume,0.5908200369894361,2.0
brainbert_untrained_perwindow,within,2,4,volume,0.5868102358337774,2.0
brainbert_untrained_perwindow,within,3,0,volume,0.5897411784374575,2.0
brainbert_untrained_perwindow,within,3,1,volume,0.5849894987617943,2.0
brainbert_untrained_perwindow,within,4,0,volume,0.5692800453514739,2.0
brainbert_untrained_perwindow,within,4,1,volume,0.5230661525761993,2.0
brainbert_untrained_perwindow,within,7,0,volume,0.5106919323323198,2.0
brainbert_untrained_perwindow,within,7,1,volume,0.5423523818480089,2.0
brainbert_untrained_perwindow,within,10,0,volume,0.5479556544726916,2.0
brainbert_untrained_perwindow,within,10,1,volume,0.5698933157790247,2.0
brainbert_untrained_perwindow,within,1,1,word_gap,0.5294243649624358,2.0
brainbert_untrained_perwindow,within,1,2,word_gap,0.5247347844406872,2.0
brainbert_untrained_perwindow,within,2,0,word_gap,0.6536468464543035,2.0
brainbert_untrained_perwindow,within,2,4,word_gap,0.5675306356343119,2.0
brainbert_untrained_perwindow,within,3,0,word_gap,0.6487048472879637,2.0
brainbert_untrained_perwindow,within,3,1,word_gap,0.6423529704417261,2.0
brainbert_untrained_perwindow,within,4,0,word_gap,0.6282366515477044,2.0
brainbert_untrained_perwindow,within,4,1,word_gap,0.5725371706808104,2.0
brainbert_untrained_perwindow,within,7,0,word_gap,0.4897469253837393,2.0
brainbert_untrained_perwindow,within,7,1,word_gap,0.5107381966785497,2.0
brainbert_untrained_perwindow,within,10,0,word_gap,0.5949447770707292,2.0
brainbert_untrained_perwindow,within,10,1,word_gap,0.6052056884319196,2.0
brainbert_untrained_perwindow,within,1,1,word_head_pos,0.575060342935958,2.0
brainbert_untrained_perwindow,within,1,2,word_head_pos,0.5884585645173088,2.0
brainbert_untrained_perwindow,within,2,0,word_head_pos,0.6051847904454406,2.0
brainbert_untrained_perwindow,within,2,4,word_head_pos,0.6282927389945978,2.0
brainbert_untrained_perwindow,within,3,0,word_head_pos,0.6098737761616668,2.0
brainbert_untrained_perwindow,within,3,1,word_head_pos,0.671522836274725,2.0
brainbert_untrained_perwindow,within,4,0,word_head_pos,0.5666071074052015,2.0
brainbert_untrained_perwindow,within,4,1,word_head_pos,0.5249182366279008,2.0
brainbert_untrained_perwindow,within,7,0,word_head_pos,0.5317388169649854,2.0
brainbert_untrained_perwindow,within,7,1,word_head_pos,0.5609489775660115,2.0
brainbert_untrained_perwindow,within,10,0,word_head_pos,0.5551915822910461,2.0
brainbert_untrained_perwindow,within,10,1,word_head_pos,0.553668641526389,2.0
brainbert_untrained_perwindow,within,1,1,word_index,0.6856496734804738,2.0
brainbert_untrained_perwindow,within,1,2,word_index,0.5099884659746252,2.0
brainbert_untrained_perwindow,within,2,0,word_index,0.7101766425657814,2.0
brainbert_untrained_perwindow,within,2,4,word_index,0.6731160608287636,2.0
brainbert_untrained_perwindow,within,3,0,word_index,0.7703628788793624,2.0
brainbert_untrained_perwindow,within,3,1,word_index,0.8273182957393483,2.0
brainbert_untrained_perwindow,within,4,0,word_index,0.7247557459197671,2.0
brainbert_untrained_perwindow,within,4,1,word_index,0.6382174556213018,2.0
brainbert_untrained_perwindow,within,7,0,word_index,0.5690624622630117,2.0
brainbert_untrained_perwindow,within,7,1,word_index,0.514792899408284,2.0
brainbert_untrained_perwindow,within,10,0,word_index,0.7301934332135674,2.0
brainbert_untrained_perwindow,within,10,1,word_index,0.7752564102564103,2.0
brainbert_untrained_perwindow,within,1,1,word_length,0.5505496170443978,2.0
brainbert_untrained_perwindow,within,1,2,word_length,0.5562991755744334,2.0
brainbert_untrained_perwindow,within,2,0,word_length,0.6366258111031002,2.0
brainbert_untrained_perwindow,within,2,4,word_length,0.6140481489608476,2.0
brainbert_untrained_perwindow,within,3,0,word_length,0.6003704168103403,2.0
brainbert_untrained_perwindow,within,3,1,word_length,0.6570222459066068,2.0
brainbert_untrained_perwindow,within,4,0,word_length,0.5475707466757587,2.0
brainbert_untrained_perwindow,within,4,1,word_length,0.49188896899783713,2.0
brainbert_untrained_perwindow,within,7,0,word_length,0.5199863118188562,2.0
brainbert_untrained_perwindow,within,7,1,word_length,0.5369998850610743,2.0
brainbert_untrained_perwindow,within,10,0,word_length,0.5334028191383761,2.0
brainbert_untrained_perwindow,within,10,1,word_length,0.5841979875239021,2.0
brainbert_untrained_perwindow,within,1,1,word_part_speech,0.5414056721523669,2.0
brainbert_untrained_perwindow,within,1,2,word_part_speech,0.5615228478565281,2.0
brainbert_untrained_perwindow,within,2,0,word_part_speech,0.5690605899548233,2.0
brainbert_untrained_perwindow,within,2,4,word_part_speech,0.5947497232096031,2.0
brainbert_untrained_perwindow,within,3,0,word_part_speech,0.5997114564889501,2.0
brainbert_untrained_perwindow,within,3,1,word_part_speech,0.6435383655307142,2.0
brainbert_untrained_perwindow,within,4,0,word_part_speech,0.5377567782688953,2.0
brainbert_untrained_perwindow,within,4,1,word_part_speech,0.5325084308668915,2.0
brainbert_untrained_perwindow,within,7,0,word_part_speech,0.5507049642599515,2.0
brainbert_untrained_perwindow,within,7,1,word_part_speech,0.5237118131323151,2.0
brainbert_untrained_perwindow,within,10,0,word_part_speech,0.5052698467301151,2.0
brainbert_untrained_perwindow,within,10,1,word_part_speech,0.5201770512438306,2.0
brainbert_untrained_perwindow,cross_session,1,1,delta_volume,0.6609123265306123,1.0
brainbert_untrained_perwindow,cross_session,1,2,delta_volume,0.5878086530612245,1.0
brainbert_untrained_perwindow,cross_session,2,0,delta_volume,0.7153671836734694,1.0
brainbert_untrained_perwindow,cross_session,2,4,delta_volume,0.7086942040816328,1.0
brainbert_untrained_perwindow,cross_session,3,0,delta_volume,0.7004604081632653,1.0
brainbert_untrained_perwindow,cross_session,3,1,delta_volume,0.811649306122449,1.0
brainbert_untrained_perwindow,cross_session,4,0,delta_volume,0.7356419206538396,1.0
brainbert_untrained_perwindow,cross_session,4,1,delta_volume,0.6369528163265307,1.0
brainbert_untrained_perwindow,cross_session,7,0,delta_volume,0.5681306122448979,1.0
brainbert_untrained_perwindow,cross_session,7,1,delta_volume,0.5893603265306122,1.0
brainbert_untrained_perwindow,cross_session,10,0,delta_volume,0.6323761632653062,1.0
brainbert_untrained_perwindow,cross_session,10,1,delta_volume,0.7020512653061225,1.0
brainbert_untrained_perwindow,cross_session,1,1,face_num,0.5050383673469387,1.0
brainbert_untrained_perwindow,cross_session,1,2,face_num,0.49601697959183677,1.0
brainbert_untrained_perwindow,cross_session,2,0,face_num,0.49851036734693877,1.0
brainbert_untrained_perwindow,cross_session,2,4,face_num,0.5006014693877552,1.0
brainbert_untrained_perwindow,cross_session,3,0,face_num,0.5044310204081632,1.0
brainbert_untrained_perwindow,cross_session,3,1,face_num,0.48695510204081627,1.0
brainbert_untrained_perwindow,cross_session,4,0,face_num,0.48960015386403066,1.0
brainbert_untrained_perwindow,cross_session,4,1,face_num,0.4945867755102041,1.0
brainbert_untrained_perwindow,cross_session,7,0,face_num,0.48348865306122446,1.0
brainbert_untrained_perwindow,cross_session,7,1,face_num,0.4988068571428571,1.0
brainbert_untrained_perwindow,cross_session,10,0,face_num,0.5007582040816326,1.0
brainbert_untrained_perwindow,cross_session,10,1,face_num,0.4923585306122449,1.0
brainbert_untrained_perwindow,cross_session,1,1,frame_brightness,0.4872476734693878,1.0
brainbert_untrained_perwindow,cross_session,1,2,frame_brightness,0.4765152653061224,1.0
brainbert_untrained_perwindow,cross_session,2,0,frame_brightness,0.5043657142857143,1.0
brainbert_untrained_perwindow,cross_session,2,4,frame_brightness,0.49408261224489797,1.0
brainbert_untrained_perwindow,cross_session,3,0,frame_brightness,0.5157551020408164,1.0
brainbert_untrained_perwindow,cross_session,3,1,frame_brightness,0.49553371428571436,1.0
brainbert_untrained_perwindow,cross_session,4,0,frame_brightness,0.4955332311708951,1.0
brainbert_untrained_perwindow,cross_session,4,1,frame_brightness,0.5096463673469387,1.0
brainbert_untrained_perwindow,cross_session,7,0,frame_brightness,0.490946612244898,1.0
brainbert_untrained_perwindow,cross_session,7,1,frame_brightness,0.49734661224489796,1.0
brainbert_untrained_perwindow,cross_session,10,0,frame_brightness,0.46708244897959184,1.0
brainbert_untrained_perwindow,cross_session,10,1,frame_brightness,0.47831640816326526,1.0
brainbert_untrained_perwindow,cross_session,1,1,global_flow,0.5226762448979592,1.0
brainbert_untrained_perwindow,cross_session,1,2,global_flow,0.5180604081632654,1.0
brainbert_untrained_perwindow,cross_session,2,0,global_flow,0.5339742040816327,1.0
brainbert_untrained_perwindow,cross_session,2,4,global_flow,0.5253694693877551,1.0
brainbert_untrained_perwindow,cross_session,3,0,global_flow,0.5471856326530613,1.0
brainbert_untrained_perwindow,cross_session,3,1,global_flow,0.5439621224489796,1.0
brainbert_untrained_perwindow,cross_session,4,0,global_flow,0.5186843748226346,1.0
brainbert_untrained_perwindow,cross_session,4,1,global_flow,0.5202912653061225,1.0
brainbert_untrained_perwindow,cross_session,7,0,global_flow,0.5079196734693878,1.0
brainbert_untrained_perwindow,cross_session,7,1,global_flow,0.5184208979591837,1.0
brainbert_untrained_perwindow,cross_session,10,0,global_flow,0.4993750204081633,1.0
brainbert_untrained_perwindow,cross_session,10,1,global_flow,0.5096737959183674,1.0
brainbert_untrained_perwindow,cross_session,1,1,gpt2_surprisal,0.5235265306122449,1.0
brainbert_untrained_perwindow,cross_session,1,2,gpt2_surprisal,0.5006772244897959,1.0
brainbert_untrained_perwindow,cross_session,2,0,gpt2_surprisal,0.6199771428571428,1.0
brainbert_untrained_perwindow,cross_session,2,4,gpt2_surprisal,0.5804551836734694,1.0
brainbert_untrained_perwindow,cross_session,3,0,gpt2_surprisal,0.642304,1.0
brainbert_untrained_perwindow,cross_session,3,1,gpt2_surprisal,0.6585247346938776,1.0
brainbert_untrained_perwindow,cross_session,4,0,gpt2_surprisal,0.6074933310630569,1.0
brainbert_untrained_perwindow,cross_session,4,1,gpt2_surprisal,0.5797302857142856,1.0
brainbert_untrained_perwindow,cross_session,7,0,gpt2_surprisal,0.5437531428571429,1.0
brainbert_untrained_perwindow,cross_session,7,1,gpt2_surprisal,0.5360901224489796,1.0
brainbert_untrained_perwindow,cross_session,10,0,gpt2_surprisal,0.5668375510204081,1.0
brainbert_untrained_perwindow,cross_session,10,1,gpt2_surprisal,0.5569737142857143,1.0
brainbert_untrained_perwindow,cross_session,1,1,local_flow,0.5245609795918368,1.0
brainbert_untrained_perwindow,cross_session,1,2,local_flow,0.5135582040816327,1.0
brainbert_untrained_perwindow,cross_session,2,0,local_flow,0.5151425306122449,1.0
brainbert_untrained_perwindow,cross_session,2,4,local_flow,0.5112111020408163,1.0
brainbert_untrained_perwindow,cross_session,3,0,local_flow,0.5668963265306123,1.0
brainbert_untrained_perwindow,cross_session,3,1,local_flow,0.5638713469387755,1.0
brainbert_untrained_perwindow,cross_session,4,0,local_flow,0.5286139962540439,1.0
brainbert_untrained_perwindow,cross_session,4,1,local_flow,0.5117048163265305,1.0
brainbert_untrained_perwindow,cross_session,7,0,local_flow,0.5088365714285714,1.0
brainbert_untrained_perwindow,cross_session,7,1,local_flow,0.5109028571428571,1.0
brainbert_untrained_perwindow,cross_session,10,0,local_flow,0.5152835918367347,1.0
brainbert_untrained_perwindow,cross_session,10,1,local_flow,0.5258618775510204,1.0
brainbert_untrained_perwindow,cross_session,1,1,onset,0.5845013292673391,1.0
brainbert_untrained_perwindow,cross_session,1,2,onset,0.5538281765990957,1.0
brainbert_untrained_perwindow,cross_session,2,0,onset,0.7227889504193789,1.0
brainbert_untrained_perwindow,cross_session,2,4,onset,0.7567327490062628,1.0
brainbert_untrained_perwindow,cross_session,3,0,onset,0.8213694693877551,1.0
brainbert_untrained_perwindow,cross_session,3,1,onset,0.9210221116480947,1.0
brainbert_untrained_perwindow,cross_session,4,0,onset,0.8364540289256198,1.0
brainbert_untrained_perwindow,cross_session,4,1,onset,0.704381787007049,1.0
brainbert_untrained_perwindow,cross_session,7,0,onset,0.5999425306122449,1.0
brainbert_untrained_perwindow,cross_session,7,1,onset,0.6320689655172413,1.0
brainbert_untrained_perwindow,cross_session,10,0,onset,0.7594899273322728,1.0
brainbert_untrained_perwindow,cross_session,10,1,onset,0.790983836734694,1.0
brainbert_untrained_perwindow,cross_session,1,1,pitch,0.5124427755102041,1.0
brainbert_untrained_perwindow,cross_session,1,2,pitch,0.48967575510204076,1.0
brainbert_untrained_perwindow,cross_session,2,0,pitch,0.504902530612245,1.0
brainbert_untrained_perwindow,cross_session,2,4,pitch,0.520961306122449,1.0
brainbert_untrained_perwindow,cross_session,3,0,pitch,0.5097743673469388,1.0
brainbert_untrained_perwindow,cross_session,3,1,pitch,0.48524538775510206,1.0
brainbert_untrained_perwindow,cross_session,4,0,pitch,0.534217322208979,1.0
brainbert_untrained_perwindow,cross_session,4,1,pitch,0.5012349387755102,1.0
brainbert_untrained_perwindow,cross_session,7,0,pitch,0.4971010612244898,1.0
brainbert_untrained_perwindow,cross_session,7,1,pitch,0.47660538775510203,1.0
brainbert_untrained_perwindow,cross_session,10,0,pitch,0.532418612244898,1.0
brainbert_untrained_perwindow,cross_session,10,1,pitch,0.5108284081632654,1.0
brainbert_untrained_perwindow,cross_session,1,1,speech,0.5816463673469388,1.0
brainbert_untrained_perwindow,cross_session,1,2,speech,0.5793776326530613,1.0
brainbert_untrained_perwindow,cross_session,2,0,speech,0.6499004081632653,1.0
brainbert_untrained_perwindow,cross_session,2,4,speech,0.6846079999999999,1.0
brainbert_untrained_perwindow,cross_session,3,0,speech,0.6729338775510205,1.0
brainbert_untrained_perwindow,cross_session,3,1,speech,0.7126191020408164,1.0
brainbert_untrained_perwindow,cross_session,4,0,speech,0.6049789387755102,1.0
brainbert_untrained_perwindow,cross_session,4,1,speech,0.5659859591836733,1.0
brainbert_untrained_perwindow,cross_session,7,0,speech,0.5332310204081633,1.0
brainbert_untrained_perwindow,cross_session,7,1,speech,0.5337808851322365,1.0
brainbert_untrained_perwindow,cross_session,10,0,speech,0.5832698775510204,1.0
brainbert_untrained_perwindow,cross_session,10,1,speech,0.6104829387755102,1.0
brainbert_untrained_perwindow,cross_session,1,1,volume,0.5336476734693878,1.0
brainbert_untrained_perwindow,cross_session,1,2,volume,0.5439451428571429,1.0
brainbert_untrained_perwindow,cross_session,2,0,volume,0.6077910204081632,1.0
brainbert_untrained_perwindow,cross_session,2,4,volume,0.6364434285714285,1.0
brainbert_untrained_perwindow,cross_session,3,0,volume,0.5783471020408164,1.0
brainbert_untrained_perwindow,cross_session,3,1,volume,0.5787337142857143,1.0
brainbert_untrained_perwindow,cross_session,4,0,volume,0.5699018105454339,1.0
brainbert_untrained_perwindow,cross_session,4,1,volume,0.553150693877551,1.0
brainbert_untrained_perwindow,cross_session,7,0,volume,0.5212617142857143,1.0
brainbert_untrained_perwindow,cross_session,7,1,volume,0.529469387755102,1.0
brainbert_untrained_perwindow,cross_session,10,0,volume,0.5105619591836734,1.0
brainbert_untrained_perwindow,cross_session,10,1,volume,0.517376,1.0
brainbert_untrained_perwindow,cross_session,1,1,word_gap,0.4863738775510204,1.0
brainbert_untrained_perwindow,cross_session,1,2,word_gap,0.4720303591144014,1.0
brainbert_untrained_perwindow,cross_session,2,0,word_gap,0.5671676678899511,1.0
brainbert_untrained_perwindow,cross_session,2,4,word_gap,0.545987465558659,1.0
brainbert_untrained_perwindow,cross_session,3,0,word_gap,0.627578775510204,1.0
brainbert_untrained_perwindow,cross_session,3,1,word_gap,0.642782868048356,1.0
brainbert_untrained_perwindow,cross_session,4,0,word_gap,0.6310610950411577,1.0
brainbert_untrained_perwindow,cross_session,4,1,word_gap,0.6047289280480537,1.0
brainbert_untrained_perwindow,cross_session,7,0,word_gap,0.526210612244898,1.0
brainbert_untrained_perwindow,cross_session,7,1,word_gap,0.497423235980864,1.0
brainbert_untrained_perwindow,cross_session,10,0,word_gap,0.5581753469387756,1.0
brainbert_untrained_perwindow,cross_session,10,1,word_gap,0.5627415510204081,1.0
brainbert_untrained_perwindow,cross_session,1,1,word_head_pos,0.5642697142857143,1.0
brainbert_untrained_perwindow,cross_session,1,2,word_head_pos,0.5436303673469387,1.0
brainbert_untrained_perwindow,cross_session,2,0,word_head_pos,0.6008293877551021,1.0
brainbert_untrained_perwindow,cross_session,2,4,word_head_pos,0.6284956734693878,1.0
brainbert_untrained_perwindow,cross_session,3,0,word_head_pos,0.6566831020408164,1.0
brainbert_untrained_perwindow,cross_session,3,1,word_head_pos,0.6949629387755103,1.0
brainbert_untrained_perwindow,cross_session,4,0,word_head_pos,0.5660355918367347,1.0
brainbert_untrained_perwindow,cross_session,4,1,word_head_pos,0.5473567346938775,1.0
brainbert_untrained_perwindow,cross_session,7,0,word_head_pos,0.5380231836734695,1.0
brainbert_untrained_perwindow,cross_session,7,1,word_head_pos,0.5545364897959184,1.0
brainbert_untrained_perwindow,cross_session,10,0,word_head_pos,0.5173211428571429,1.0
brainbert_untrained_perwindow,cross_session,10,1,word_head_pos,0.5197714285714286,1.0
brainbert_untrained_perwindow,cross_session,1,1,word_index,0.49245583216518507,1.0
brainbert_untrained_perwindow,cross_session,1,2,word_index,0.5082891195693964,1.0
brainbert_untrained_perwindow,cross_session,2,0,word_index,0.6785260037016569,1.0
brainbert_untrained_perwindow,cross_session,2,4,word_index,0.6530011589123184,1.0
brainbert_untrained_perwindow,cross_session,3,0,word_index,0.765793869129495,1.0
brainbert_untrained_perwindow,cross_session,3,1,word_index,0.8399644567984916,1.0
brainbert_untrained_perwindow,cross_session,4,0,word_index,0.7339410270444753,1.0
brainbert_untrained_perwindow,cross_session,4,1,word_index,0.6724692455906329,1.0
brainbert_untrained_perwindow,cross_session,7,0,word_index,0.5522318122043018,1.0
brainbert_untrained_perwindow,cross_session,7,1,word_index,0.5548688305913739,1.0
brainbert_untrained_perwindow,cross_session,10,0,word_index,0.715476897829839,1.0
brainbert_untrained_perwindow,cross_session,10,1,word_index,0.7328021538410403,1.0
brainbert_untrained_perwindow,cross_session,1,1,word_length,0.5142034285714285,1.0
brainbert_untrained_perwindow,cross_session,1,2,word_length,0.5014177959183673,1.0
brainbert_untrained_perwindow,cross_session,2,0,word_length,0.5872404897959183,1.0
brainbert_untrained_perwindow,cross_session,2,4,word_length,0.5730233469387754,1.0
brainbert_untrained_perwindow,cross_session,3,0,word_length,0.6245864489795918,1.0
brainbert_untrained_perwindow,cross_session,3,1,word_length,0.6617952653061223,1.0
brainbert_untrained_perwindow,cross_session,4,0,word_length,0.5691888720467211,1.0
brainbert_untrained_perwindow,cross_session,4,1,word_length,0.5489280000000001,1.0
brainbert_untrained_perwindow,cross_session,7,0,word_length,0.5165857959183674,1.0
brainbert_untrained_perwindow,cross_session,7,1,word_length,0.5239144489795918,1.0
brainbert_untrained_perwindow,cross_session,10,0,word_length,0.5418736326530613,1.0
brainbert_untrained_perwindow,cross_session,10,1,word_length,0.5381511836734694,1.0
brainbert_untrained_perwindow,cross_session,1,1,word_part_speech,0.5536950466900887,1.0
brainbert_untrained_perwindow,cross_session,1,2,word_part_speech,0.547984916636101,1.0
brainbert_untrained_perwindow,cross_session,2,0,word_part_speech,0.5708678200692041,1.0
brainbert_untrained_perwindow,cross_session,2,4,word_part_speech,0.5598195035254356,1.0
brainbert_untrained_perwindow,cross_session,3,0,word_part_speech,0.6149327579960031,1.0
brainbert_untrained_perwindow,cross_session,3,1,word_part_speech,0.6410467730940244,1.0
brainbert_untrained_perwindow,cross_session,4,0,word_part_speech,0.49717449408171055,1.0
brainbert_untrained_perwindow,cross_session,4,1,word_part_speech,0.5130691556747895,1.0
brainbert_untrained_perwindow,cross_session,7,0,word_part_speech,0.5403197909374533,1.0
brainbert_untrained_perwindow,cross_session,7,1,word_part_speech,0.5505998956703182,1.0
brainbert_untrained_perwindow,cross_session,10,0,word_part_speech,0.5268206200563688,1.0
brainbert_untrained_perwindow,cross_session,10,1,word_part_speech,0.5290119559029036,1.0
brainbert_untrained_perwindow,cross_subject,1,1,delta_volume,0.6559934693877552,1.0
brainbert_untrained_perwindow,cross_subject,1,2,delta_volume,0.5783784489795918,1.0
brainbert_untrained_perwindow,cross_subject,3,0,delta_volume,0.5796571428571429,1.0
brainbert_untrained_perwindow,cross_subject,3,1,delta_volume,0.6445831836734693,1.0
brainbert_untrained_perwindow,cross_subject,4,0,delta_volume,0.6156507179749133,1.0
brainbert_untrained_perwindow,cross_subject,4,1,delta_volume,0.5772355918367347,1.0
brainbert_untrained_perwindow,cross_subject,7,0,delta_volume,0.5131245714285715,1.0
brainbert_untrained_perwindow,cross_subject,7,1,delta_volume,0.557829224489796,1.0
brainbert_untrained_perwindow,cross_subject,10,0,delta_volume,0.5719431836734694,1.0
brainbert_untrained_perwindow,cross_subject,10,1,delta_volume,0.5943379591836735,1.0
brainbert_untrained_perwindow,cross_subject,1,1,face_num,0.5193991836734695,1.0
brainbert_untrained_perwindow,cross_subject,1,2,face_num,0.5070210612244898,1.0
brainbert_untrained_perwindow,cross_subject,3,0,face_num,0.5152626938775511,1.0
brainbert_untrained_perwindow,cross_subject,3,1,face_num,0.4786938775510204,1.0
brainbert_untrained_perwindow,cross_subject,4,0,face_num,0.4929539089076856,1.0
brainbert_untrained_perwindow,cross_subject,4,1,face_num,0.4817554285714285,1.0
brainbert_untrained_perwindow,cross_subject,7,0,face_num,0.48249469387755106,1.0
brainbert_untrained_perwindow,cross_subject,7,1,face_num,0.5167699591836734,1.0
brainbert_untrained_perwindow,cross_subject,10,0,face_num,0.5059539591836735,1.0
brainbert_untrained_perwindow,cross_subject,10,1,face_num,0.4754925714285714,1.0
brainbert_untrained_perwindow,cross_subject,1,1,frame_brightness,0.5178357551020408,1.0
brainbert_untrained_perwindow,cross_subject,1,2,frame_brightness,0.49965061224489793,1.0
brainbert_untrained_perwindow,cross_subject,3,0,frame_brightness,0.504962612244898,1.0
brainbert_untrained_perwindow,cross_subject,3,1,frame_brightness,0.5187291428571428,1.0
brainbert_untrained_perwindow,cross_subject,4,0,frame_brightness,0.47408763266927745,1.0
brainbert_untrained_perwindow,cross_subject,4,1,frame_brightness,0.48643657142857144,1.0
brainbert_untrained_perwindow,cross_subject,7,0,frame_brightness,0.5192385306122449,1.0
brainbert_untrained_perwindow,cross_subject,7,1,frame_brightness,0.4864587755102041,1.0
brainbert_untrained_perwindow,cross_subject,10,0,frame_brightness,0.4848117551020408,1.0
brainbert_untrained_perwindow,cross_subject,10,1,frame_brightness,0.5150145306122449,1.0
brainbert_untrained_perwindow,cross_subject,1,1,global_flow,0.5240764081632653,1.0
brainbert_untrained_perwindow,cross_subject,1,2,global_flow,0.49806889795918363,1.0
brainbert_untrained_perwindow,cross_subject,3,0,global_flow,0.5199804081632653,1.0
brainbert_untrained_perwindow,cross_subject,3,1,global_flow,0.5048881632653062,1.0
brainbert_untrained_perwindow,cross_subject,4,0,global_flow,0.5021525058175833,1.0
brainbert_untrained_perwindow,cross_subject,4,1,global_flow,0.49133583673469394,1.0
brainbert_untrained_perwindow,cross_subject,7,0,global_flow,0.4941609795918367,1.0
brainbert_untrained_perwindow,cross_subject,7,1,global_flow,0.5058181224489795,1.0
brainbert_untrained_perwindow,cross_subject,10,0,global_flow,0.5023830204081632,1.0
brainbert_untrained_perwindow,cross_subject,10,1,global_flow,0.4835369795918367,1.0
brainbert_untrained_perwindow,cross_subject,1,1,gpt2_surprisal,0.5206582857142856,1.0
brainbert_untrained_perwindow,cross_subject,1,2,gpt2_surprisal,0.5019898775510203,1.0
brainbert_untrained_perwindow,cross_subject,3,0,gpt2_surprisal,0.52512,1.0
brainbert_untrained_perwindow,cross_subject,3,1,gpt2_surprisal,0.5385260408163266,1.0
brainbert_untrained_perwindow,cross_subject,4,0,gpt2_surprisal,0.5161572733980362,1.0
brainbert_untrained_perwindow,cross_subject,4,1,gpt2_surprisal,0.5248626938775511,1.0
brainbert_untrained_perwindow,cross_subject,7,0,gpt2_surprisal,0.5130448979591837,1.0
brainbert_untrained_perwindow,cross_subject,7,1,gpt2_surprisal,0.505466775510204,1.0
brainbert_untrained_perwindow,cross_subject,10,0,gpt2_surprisal,0.5223157551020408,1.0
brainbert_untrained_perwindow,cross_subject,10,1,gpt2_surprisal,0.4871405714285715,1.0
brainbert_untrained_perwindow,cross_subject,1,1,local_flow,0.515523918367347,1.0
brainbert_untrained_perwindow,cross_subject,1,2,local_flow,0.5297593469387756,1.0
brainbert_untrained_perwindow,cross_subject,3,0,local_flow,0.5213897142857142,1.0
brainbert_untrained_perwindow,cross_subject,3,1,local_flow,0.5114239999999999,1.0
brainbert_untrained_perwindow,cross_subject,4,0,local_flow,0.47955616096259723,1.0
brainbert_untrained_perwindow,cross_subject,4,1,local_flow,0.5032228571428572,1.0
brainbert_untrained_perwindow,cross_subject,7,0,local_flow,0.4939389387755102,1.0
brainbert_untrained_perwindow,cross_subject,7,1,local_flow,0.4750785306122449,1.0
brainbert_untrained_perwindow,cross_subject,10,0,local_flow,0.4711967346938776,1.0
brainbert_untrained_perwindow,cross_subject,10,1,local_flow,0.4851826938775511,1.0
brainbert_untrained_perwindow,cross_subject,1,1,onset,0.6708027080564025,1.0
brainbert_untrained_perwindow,cross_subject,1,2,onset,0.5527988995956277,1.0
brainbert_untrained_perwindow,cross_subject,3,0,onset,0.5726902857142857,1.0
brainbert_untrained_perwindow,cross_subject,3,1,onset,0.6532865617483421,1.0
brainbert_untrained_perwindow,cross_subject,4,0,onset,0.6116491620752984,1.0
brainbert_untrained_perwindow,cross_subject,4,1,onset,0.5658792150885883,1.0
brainbert_untrained_perwindow,cross_subject,7,0,onset,0.5166380408163265,1.0
brainbert_untrained_perwindow,cross_subject,7,1,onset,0.546062107068013,1.0
brainbert_untrained_perwindow,cross_subject,10,0,onset,0.5982223504251092,1.0
brainbert_untrained_perwindow,cross_subject,10,1,onset,0.5443931428571429,1.0
brainbert_untrained_perwindow,cross_subject,1,1,pitch,0.498176,1.0
brainbert_untrained_perwindow,cross_subject,1,2,pitch,0.5049273469387755,1.0
brainbert_untrained_perwindow,cross_subject,3,0,pitch,0.4972630204081633,1.0
brainbert_untrained_perwindow,cross_subject,3,1,pitch,0.503421387755102,1.0
brainbert_untrained_perwindow,cross_subject,4,0,pitch,0.5248623644928769,1.0
brainbert_untrained_perwindow,cross_subject,4,1,pitch,0.5341988571428571,1.0
brainbert_untrained_perwindow,cross_subject,7,0,pitch,0.4800457142857143,1.0
brainbert_untrained_perwindow,cross_subject,7,1,pitch,0.5111823673469388,1.0
brainbert_untrained_perwindow,cross_subject,10,0,pitch,0.501630693877551,1.0
brainbert_untrained_perwindow,cross_subject,10,1,pitch,0.5035415510204082,1.0
brainbert_untrained_perwindow,cross_subject,1,1,speech,0.5530357551020408,1.0
brainbert_untrained_perwindow,cross_subject,1,2,speech,0.5525681632653061,1.0
brainbert_untrained_perwindow,cross_subject,3,0,speech,0.5241782857142857,1.0
brainbert_untrained_perwindow,cross_subject,3,1,speech,0.5627715918367346,1.0
brainbert_untrained_perwindow,cross_subject,4,0,speech,0.5520848979591837,1.0
brainbert_untrained_perwindow,cross_subject,4,1,speech,0.5560176326530613,1.0
brainbert_untrained_perwindow,cross_subject,7,0,speech,0.5031693061224489,1.0
brainbert_untrained_perwindow,cross_subject,7,1,speech,0.5196934386123575,1.0
brainbert_untrained_perwindow,cross_subject,10,0,speech,0.5376313469387755,1.0
brainbert_untrained_perwindow,cross_subject,10,1,speech,0.5425541224489796,1.0
brainbert_untrained_perwindow,cross_subject,1,1,volume,0.5127314285714286,1.0
brainbert_untrained_perwindow,cross_subject,1,2,volume,0.5415248979591837,1.0
brainbert_untrained_perwindow,cross_subject,3,0,volume,0.5161965714285714,1.0
brainbert_untrained_perwindow,cross_subject,3,1,volume,0.5229413877551021,1.0
brainbert_untrained_perwindow,cross_subject,4,0,volume,0.5301960951245814,1.0
brainbert_untrained_perwindow,cross_subject,4,1,volume,0.5299291428571429,1.0
brainbert_untrained_perwindow,cross_subject,7,0,volume,0.5131742040816326,1.0
brainbert_untrained_perwindow,cross_subject,7,1,volume,0.5161926530612245,1.0
brainbert_untrained_perwindow,cross_subject,10,0,volume,0.5219291428571429,1.0
brainbert_untrained_perwindow,cross_subject,10,1,volume,0.5028166530612245,1.0
brainbert_untrained_perwindow,cross_subject,1,1,word_gap,0.508350693877551,1.0
brainbert_untrained_perwindow,cross_subject,1,2,word_gap,0.5361154521065236,1.0
brainbert_untrained_perwindow,cross_subject,3,0,word_gap,0.5300675918367347,1.0
brainbert_untrained_perwindow,cross_subject,3,1,word_gap,0.5409650032222814,1.0
brainbert_untrained_perwindow,cross_subject,4,0,word_gap,0.5068091447331724,1.0
brainbert_untrained_perwindow,cross_subject,4,1,word_gap,0.5237886491959953,1.0
brainbert_untrained_perwindow,cross_subject,7,0,word_gap,0.5194801632653061,1.0
brainbert_untrained_perwindow,cross_subject,7,1,word_gap,0.5328222675885654,1.0
brainbert_untrained_perwindow,cross_subject,10,0,word_gap,0.49280261224489796,1.0
brainbert_untrained_perwindow,cross_subject,10,1,word_gap,0.47748310204081634,1.0
brainbert_untrained_perwindow,cross_subject,1,1,word_head_pos,0.534343836734694,1.0
brainbert_untrained_perwindow,cross_subject,1,2,word_head_pos,0.5507108571428572,1.0
brainbert_untrained_perwindow,cross_subject,3,0,word_head_pos,0.534209306122449,1.0
brainbert_untrained_perwindow,cross_subject,3,1,word_head_pos,0.5438785306122449,1.0
brainbert_untrained_perwindow,cross_subject,4,0,word_head_pos,0.5401717551020409,1.0
brainbert_untrained_perwindow,cross_subject,4,1,word_head_pos,0.525634612244898,1.0
brainbert_untrained_perwindow,cross_subject,7,0,word_head_pos,0.5199686530612245,1.0
brainbert_untrained_perwindow,cross_subject,7,1,word_head_pos,0.5313188571428571,1.0
brainbert_untrained_perwindow,cross_subject,10,0,word_head_pos,0.5140127346938776,1.0
brainbert_untrained_perwindow,cross_subject,10,1,word_head_pos,0.519554612244898,1.0
brainbert_untrained_perwindow,cross_subject,1,1,word_index,0.6213720862832774,1.0
brainbert_untrained_perwindow,cross_subject,1,2,word_index,0.5103806228373702,1.0
brainbert_untrained_perwindow,cross_subject,3,0,word_index,0.6014253971612982,1.0
brainbert_untrained_perwindow,cross_subject,3,1,word_index,0.639219416613029,1.0
brainbert_untrained_perwindow,cross_subject,4,0,word_index,0.6335663059800991,1.0
brainbert_untrained_perwindow,cross_subject,4,1,word_index,0.5661516229435304,1.0
brainbert_untrained_perwindow,cross_subject,7,0,word_index,0.5087915866801699,1.0
brainbert_untrained_perwindow,cross_subject,7,1,word_index,0.5190492070549875,1.0
brainbert_untrained_perwindow,cross_subject,10,0,word_index,0.5812947401182695,1.0
brainbert_untrained_perwindow,cross_subject,10,1,word_index,0.5201293444222592,1.0
brainbert_untrained_perwindow,cross_subject,1,1,word_length,0.5083232653061225,1.0
brainbert_untrained_perwindow,cross_subject,1,2,word_length,0.5229413877551021,1.0
brainbert_untrained_perwindow,cross_subject,3,0,word_length,0.5269498775510204,1.0
brainbert_untrained_perwindow,cross_subject,3,1,word_length,0.5077838367346938,1.0
brainbert_untrained_perwindow,cross_subject,4,0,word_length,0.5114863741811937,1.0
brainbert_untrained_perwindow,cross_subject,4,1,word_length,0.5021622857142858,1.0
brainbert_untrained_perwindow,cross_subject,7,0,word_length,0.4992548571428571,1.0
brainbert_untrained_perwindow,cross_subject,7,1,word_length,0.499393306122449,1.0
brainbert_untrained_perwindow,cross_subject,10,0,word_length,0.5228904489795918,1.0
brainbert_untrained_perwindow,cross_subject,10,1,word_length,0.49711673469387757,1.0
brainbert_untrained_perwindow,cross_subject,1,1,word_part_speech,0.5202347794933432,1.0
brainbert_untrained_perwindow,cross_subject,1,2,word_part_speech,0.5283070468395077,1.0
brainbert_untrained_perwindow,cross_subject,3,0,word_part_speech,0.5016402688040711,1.0
brainbert_untrained_perwindow,cross_subject,3,1,word_part_speech,0.5158742271467769,1.0
brainbert_untrained_perwindow,cross_subject,4,0,word_part_speech,0.5065589071316449,1.0
brainbert_untrained_perwindow,cross_subject,4,1,word_part_speech,0.5169659934918152,1.0
brainbert_untrained_perwindow,cross_subject,7,0,word_part_speech,0.5068930636548894,1.0
brainbert_untrained_perwindow,cross_subject,7,1,word_part_speech,0.5328638497652582,1.0
brainbert_untrained_perwindow,cross_subject,10,0,word_part_speech,0.5096826984271298,1.0
brainbert_untrained_perwindow,cross_subject,10,1,word_part_speech,0.5199937891413489,1.0
brainbert_globalz,within,10,0,delta_volume,0.6307965789996134,2.0
brainbert_globalz,within,10,1,delta_volume,0.7271807048890839,2.0
brainbert_globalz,within,1,1,delta_volume,0.7518546963000114,2.0
brainbert_globalz,within,1,2,delta_volume,0.7186216733017774,2.0
brainbert_globalz,within,2,0,delta_volume,0.742898602969604,2.0
brainbert_globalz,within,2,4,delta_volume,0.7827889407855553,2.0
brainbert_globalz,within,3,0,delta_volume,0.6599466578895123,2.0
brainbert_globalz,within,3,1,delta_volume,0.804193703436674,2.0
brainbert_globalz,within,4,0,delta_volume,0.6321626984126985,2.0
brainbert_globalz,within,4,1,delta_volume,0.5841300690678453,2.0
brainbert_globalz,within,7,0,delta_volume,0.5146220599145273,2.0
brainbert_globalz,within,7,1,delta_volume,0.5706482555405787,2.0
brainbert_globalz,within,10,0,face_num,0.4529795304222438,2.0
brainbert_globalz,within,10,1,face_num,0.4647189743268236,2.0
brainbert_globalz,within,1,1,face_num,0.5988265780592039,2.0
brainbert_globalz,within,1,2,face_num,0.5316369392809003,2.0
brainbert_globalz,within,2,0,face_num,0.539458010720667,2.0
brainbert_globalz,within,2,4,face_num,0.5556330522554151,2.0
brainbert_globalz,within,3,0,face_num,0.5258952174957943,2.0
brainbert_globalz,within,3,1,face_num,0.4961573827361734,2.0
brainbert_globalz,within,4,0,face_num,0.4885765272642883,2.0
brainbert_globalz,within,4,1,face_num,0.5185038609030019,2.0
brainbert_globalz,within,7,0,face_num,0.45383242949541813,2.0
brainbert_globalz,within,7,1,face_num,0.5613277535709434,2.0
brainbert_globalz,within,10,0,frame_brightness,0.4747369465951955,2.0
brainbert_globalz,within,10,1,frame_brightness,0.5664242500235102,2.0
brainbert_globalz,within,1,1,frame_brightness,0.5342922896878886,2.0
brainbert_globalz,within,1,2,frame_brightness,0.4614236230839159,2.0
brainbert_globalz,within,2,0,frame_brightness,0.5733022998234121,2.0
brainbert_globalz,within,2,4,frame_brightness,0.42900953993082763,2.0
brainbert_globalz,within,3,0,frame_brightness,0.4759725400457666,2.0
brainbert_globalz,within,3,1,frame_brightness,0.4875983511488668,2.0
brainbert_globalz,within,4,0,frame_brightness,0.5426785714285713,2.0
brainbert_globalz,within,4,1,frame_brightness,0.5262321975277682,2.0
brainbert_globalz,within,7,0,frame_brightness,0.3955231288465357,2.0
brainbert_globalz,within,7,1,frame_brightness,0.5025835135784668,2.0
brainbert_globalz,within,10,0,global_flow,0.5792255728660544,2.0
brainbert_globalz,within,10,1,global_flow,0.5853290910420781,2.0
brainbert_globalz,within,1,1,global_flow,0.6383760174707167,2.0
brainbert_globalz,within,1,2,global_flow,0.6104837361420227,2.0
brainbert_globalz,within,2,0,global_flow,0.566450372506609,2.0
brainbert_globalz,within,2,4,global_flow,0.6181180318276334,2.0
brainbert_globalz,within,3,0,global_flow,0.7428920723488293,2.0
brainbert_globalz,within,3,1,global_flow,0.6173696226868541,2.0
brainbert_globalz,within,4,0,global_flow,0.6379209183673469,2.0
brainbert_globalz,within,4,1,global_flow,0.578791939646615,2.0
brainbert_globalz,within,7,0,global_flow,0.5521457007617316,2.0
brainbert_globalz,within,7,1,global_flow,0.5771423048389288,2.0
brainbert_globalz,within,10,0,gpt2_surprisal,0.5497972895311536,2.0
brainbert_globalz,within,10,1,gpt2_surprisal,0.5603795074344587,2.0
brainbert_globalz,within,1,1,gpt2_surprisal,0.5635873483589856,2.0
brainbert_globalz,within,1,2,gpt2_surprisal,0.5541362339738567,2.0
brainbert_globalz,within,2,0,gpt2_surprisal,0.5791576544099977,2.0
brainbert_globalz,within,2,4,gpt2_surprisal,0.6505869721952289,2.0
brainbert_globalz,within,3,0,gpt2_surprisal,0.6342669508792829,2.0
brainbert_globalz,within,3,1,gpt2_surprisal,0.6481967649916931,2.0
brainbert_globalz,within,4,0,gpt2_surprisal,0.5121031746031746,2.0
brainbert_globalz,within,4,1,gpt2_surprisal,0.4754709883702706,2.0
brainbert_globalz,within,7,0,gpt2_surprisal,0.4597491719172857,2.0
brainbert_globalz,within,7,1,gpt2_surprisal,0.49645909741596395,2.0
brainbert_globalz,within,10,0,local_flow,0.5562991755744333,2.0
brainbert_globalz,within,10,1,local_flow,0.5386273157581267,2.0
brainbert_globalz,within,1,1,local_flow,0.6145144352841604,2.0
brainbert_globalz,within,1,2,local_flow,0.5843351305601705,2.0
brainbert_globalz,within,2,0,local_flow,0.5631001640491938,2.0
brainbert_globalz,within,2,4,local_flow,0.5998636406382245,2.0
brainbert_globalz,within,3,0,local_flow,0.6341454813328735,2.0
brainbert_globalz,within,3,1,local_flow,0.7527689832084679,2.0
brainbert_globalz,within,4,0,local_flow,0.599468537414966,2.0
brainbert_globalz,within,4,1,local_flow,0.6380259761971934,2.0
brainbert_globalz,within,7,0,local_flow,0.5332160433842199,2.0
brainbert_globalz,within,7,1,local_flow,0.5691187841551466,2.0
brainbert_globalz,within,10,0,onset,0.8609132180897503,2.0
brainbert_globalz,within,10,1,onset,0.95829806798115,2.0
brainbert_globalz,within,1,1,onset,0.9159302113702624,2.0
brainbert_globalz,within,1,2,onset,0.9471661899744093,2.0
brainbert_globalz,within,2,0,onset,0.9384013451464787,2.0
brainbert_globalz,within,2,4,onset,0.8719615945551775,2.0
brainbert_globalz,within,3,0,onset,0.9073696749318203,2.0
brainbert_globalz,within,3,1,onset,0.9199669547534316,2.0
brainbert_globalz,within,4,0,onset,0.882643910697888,2.0
brainbert_globalz,within,4,1,onset,0.837338097194953,2.0
brainbert_globalz,within,7,0,onset,0.8352964379382046,2.0
brainbert_globalz,within,7,1,onset,0.724900308966105,2.0
brainbert_globalz,within,10,0,pitch,0.5205623125711838,2.0
brainbert_globalz,within,10,1,pitch,0.46507162784865674,2.0
brainbert_globalz,within,1,1,pitch,0.5850913764458794,2.0
brainbert_globalz,within,1,2,pitch,0.5969144122963752,2.0
brainbert_globalz,within,2,0,pitch,0.6585007784499963,2.0
brainbert_globalz,within,2,4,pitch,0.6263048180307828,2.0
brainbert_globalz,within,3,0,pitch,0.6112452065243514,2.0
brainbert_globalz,within,3,1,pitch,0.4997988568801396,2.0
brainbert_globalz,within,4,0,pitch,0.5513208616780045,2.0
brainbert_globalz,within,4,1,pitch,0.5221897432682361,2.0
brainbert_globalz,within,7,0,pitch,0.5559125628245718,2.0
brainbert_globalz,within,7,1,pitch,0.5722260535197434,2.0
brainbert_globalz,within,10,0,speech,0.8469953919939814,2.0
brainbert_globalz,within,10,1,speech,0.9668322832095128,2.0
brainbert_globalz,within,1,1,speech,0.9196746705954881,2.0
brainbert_globalz,within,1,2,speech,0.9605903158730656,2.0
brainbert_globalz,within,2,0,speech,0.9588453340020688,2.0
brainbert_globalz,within,2,4,speech,0.8937481061199753,2.0
brainbert_globalz,within,3,0,speech,0.9212459379538782,2.0
brainbert_globalz,within,3,1,speech,0.9018630554946031,2.0
brainbert_globalz,within,4,0,speech,0.8639083936762693,2.0
brainbert_globalz,within,4,1,speech,0.8229209115701702,2.0
brainbert_globalz,within,7,0,speech,0.8458224925028474,2.0
brainbert_globalz,within,7,1,speech,0.7421487822330586,2.0
brainbert_globalz,within,10,0,volume,0.6172403163955154,2.0
brainbert_globalz,within,10,1,volume,0.7988007168009362,2.0
brainbert_globalz,within,1,1,volume,0.7834785743393624,2.0
brainbert_globalz,within,1,2,volume,0.8064532982247161,2.0
brainbert_globalz,within,2,0,volume,0.7984101856786099,2.0
brainbert_globalz,within,2,4,volume,0.8543958914558583,2.0
brainbert_globalz,within,3,0,volume,0.780825836180684,2.0
brainbert_globalz,within,3,1,volume,0.805911256700417,2.0
brainbert_globalz,within,4,0,volume,0.627688492063492,2.0
brainbert_globalz,within,4,1,volume,0.6196879930618686,2.0
brainbert_globalz,within,7,0,volume,0.5906802817048578,2.0
brainbert_globalz,within,7,1,volume,0.5888386466463957,2.0
brainbert_globalz,within,10,0,word_gap,0.5409757269887046,2.0
brainbert_globalz,within,10,1,word_gap,0.5028852282582573,2.0
brainbert_globalz,within,1,1,word_gap,0.5391915613930598,2.0
brainbert_globalz,within,1,2,word_gap,0.5210065657185221,2.0
brainbert_globalz,within,2,0,word_gap,0.5585755746097945,2.0
brainbert_globalz,within,2,4,word_gap,0.5375404591881714,2.0
brainbert_globalz,within,3,0,word_gap,0.5399843787551071,2.0
brainbert_globalz,within,3,1,word_gap,0.5512667831667714,2.0
brainbert_globalz,within,4,0,word_gap,0.540447202991963,2.0
brainbert_globalz,within,4,1,word_gap,0.4801194823638524,2.0
brainbert_globalz,within,7,0,word_gap,0.5208313741471009,2.0
brainbert_globalz,within,7,1,word_gap,0.4779819870735878,2.0
brainbert_globalz,within,10,0,word_head_pos,0.5471615309864895,2.0
brainbert_globalz,within,10,1,word_head_pos,0.513117404888039,2.0
brainbert_globalz,within,1,1,word_head_pos,0.6118094521592845,2.0
brainbert_globalz,within,1,2,word_head_pos,0.6174910922332633,2.0
brainbert_globalz,within,2,0,word_head_pos,0.5819031273836766,2.0
brainbert_globalz,within,2,4,word_head_pos,0.5895896680354847,2.0
brainbert_globalz,within,3,0,word_head_pos,0.5453852021357743,2.0
brainbert_globalz,within,3,1,word_head_pos,0.6287315967106569,2.0
brainbert_globalz,within,4,0,word_head_pos,0.519697658380615,2.0
brainbert_globalz,within,4,1,word_head_pos,0.5533172941287108,2.0
brainbert_globalz,within,7,0,word_head_pos,0.5114729945769725,2.0
brainbert_globalz,within,7,1,word_head_pos,0.5786796129692904,2.0
brainbert_globalz,within,10,0,word_index,0.6451314035206652,2.0
brainbert_globalz,within,10,1,word_index,0.640735992402659,2.0
brainbert_globalz,within,1,1,word_index,0.6778320992902775,2.0
brainbert_globalz,within,1,2,word_index,0.6025451749327182,2.0
brainbert_globalz,within,2,0,word_index,0.6698937343533902,2.0
brainbert_globalz,within,2,4,word_index,0.6693955282944202,2.0
brainbert_globalz,within,3,0,word_index,0.6474648291269169,2.0
brainbert_globalz,within,3,1,word_index,0.7125085440874915,2.0
brainbert_globalz,within,4,0,word_index,0.5769645306682343,2.0
brainbert_globalz,within,4,1,word_index,0.5394674556213017,2.0
brainbert_globalz,within,7,0,word_index,0.531344342470716,2.0
brainbert_globalz,within,7,1,word_index,0.5213572485207101,2.0
brainbert_globalz,within,10,0,word_length,0.5327980836546398,2.0
brainbert_globalz,within,10,1,word_length,0.5929437948653647,2.0
brainbert_globalz,within,1,1,word_length,0.5870361953125816,2.0
brainbert_globalz,within,1,2,word_length,0.6290529032527716,2.0
brainbert_globalz,within,2,0,word_length,0.6301069454458064,2.0
brainbert_globalz,within,2,4,word_length,0.6555881215844853,2.0
brainbert_globalz,within,3,0,word_length,0.5647876764573734,2.0
brainbert_globalz,within,3,1,word_length,0.6515652591872774,2.0
brainbert_globalz,within,4,0,word_length,0.593725139220366,2.0
brainbert_globalz,within,4,1,word_length,0.5354064135920504,2.0
brainbert_globalz,within,7,0,word_length,0.5155415713196033,2.0
brainbert_globalz,within,7,1,word_length,0.5432914851154091,2.0
brainbert_globalz,within,10,0,word_part_speech,0.5742030730420824,2.0
brainbert_globalz,within,10,1,word_part_speech,0.5659139090397165,2.0
brainbert_globalz,within,1,1,word_part_speech,0.5840566059541419,2.0
brainbert_globalz,within,1,2,word_part_speech,0.6140594288357035,2.0
brainbert_globalz,within,2,0,word_part_speech,0.5690661263176544,2.0
brainbert_globalz,within,2,4,word_part_speech,0.6710528232620476,2.0
brainbert_globalz,within,3,0,word_part_speech,0.6219325857433274,2.0
brainbert_globalz,within,3,1,word_part_speech,0.6482696168873453,2.0
brainbert_globalz,within,4,0,word_part_speech,0.4760156818913106,2.0
brainbert_globalz,within,4,1,word_part_speech,0.4946718161079151,2.0
brainbert_globalz,within,7,0,word_part_speech,0.5724867204406846,2.0
brainbert_globalz,within,7,1,word_part_speech,0.5193414005157707,2.0
brainbert_globalz,cross_session,10,0,delta_volume,0.6289815510204082,1.0
brainbert_globalz,cross_session,10,1,delta_volume,0.7096463673469388,1.0
brainbert_globalz,cross_session,1,1,delta_volume,0.7253407346938776,1.0
brainbert_globalz,cross_session,1,2,delta_volume,0.6827663673469387,1.0
brainbert_globalz,cross_session,2,0,delta_volume,0.7088783673469388,1.0
brainbert_globalz,cross_session,2,4,delta_volume,0.7667996734693878,1.0
brainbert_globalz,cross_session,3,0,delta_volume,0.6860878367346939,1.0
brainbert_globalz,cross_session,3,1,delta_volume,0.7885903673469388,1.0
brainbert_globalz,cross_session,4,0,delta_volume,0.6658004143254442,1.0
brainbert_globalz,cross_session,4,1,delta_volume,0.6213498775510204,1.0
brainbert_globalz,cross_session,7,0,delta_volume,0.5505397551020409,1.0
brainbert_globalz,cross_session,7,1,delta_volume,0.547356081632653,1.0
brainbert_globalz,cross_session,10,0,face_num,0.47706122448979593,1.0
brainbert_globalz,cross_session,10,1,face_num,0.5316408163265306,1.0
brainbert_globalz,cross_session,1,1,face_num,0.5841697959183674,1.0
brainbert_globalz,cross_session,1,2,face_num,0.5887954285714285,1.0
brainbert_globalz,cross_session,2,0,face_num,0.5793234285714286,1.0
brainbert_globalz,cross_session,2,4,face_num,0.5329730612244898,1.0
brainbert_globalz,cross_session,3,0,face_num,0.5213805714285714,1.0
brainbert_globalz,cross_session,3,1,face_num,0.5050135510204081,1.0
brainbert_globalz,cross_session,4,0,face_num,0.5026465414651542,1.0
brainbert_globalz,cross_session,4,1,face_num,0.47302073469387756,1.0
brainbert_globalz,cross_session,7,0,face_num,0.5690409795918367,1.0
brainbert_globalz,cross_session,7,1,face_num,0.5241129795918368,1.0
brainbert_globalz,cross_session,10,0,frame_brightness,0.4895098775510204,1.0
brainbert_globalz,cross_session,10,1,frame_brightness,0.6022099591836735,1.0
brainbert_globalz,cross_session,1,1,frame_brightness,0.5097554285714285,1.0
brainbert_globalz,cross_session,1,2,frame_brightness,0.49800555102040817,1.0
brainbert_globalz,cross_session,2,0,frame_brightness,0.5344052244897959,1.0
brainbert_globalz,cross_session,2,4,frame_brightness,0.5599634285714286,1.0
brainbert_globalz,cross_session,3,0,frame_brightness,0.5732656326530612,1.0
brainbert_globalz,cross_session,3,1,frame_brightness,0.5112241632653061,1.0
brainbert_globalz,cross_session,4,0,frame_brightness,0.5073024859526647,1.0
brainbert_globalz,cross_session,4,1,frame_brightness,0.5655405714285715,1.0
brainbert_globalz,cross_session,7,0,frame_brightness,0.4599079183673469,1.0
brainbert_globalz,cross_session,7,1,frame_brightness,0.4545188571428571,1.0
brainbert_globalz,cross_session,10,0,global_flow,0.5584751020408163,1.0
brainbert_globalz,cross_session,10,1,global_flow,0.5679804081632653,1.0
brainbert_globalz,cross_session,1,1,global_flow,0.5673750204081632,1.0
brainbert_globalz,cross_session,1,2,global_flow,0.6278543673469388,1.0
brainbert_globalz,cross_session,2,0,global_flow,0.5855216326530612,1.0
brainbert_globalz,cross_session,2,4,global_flow,0.6521534693877551,1.0
brainbert_globalz,cross_session,3,0,global_flow,0.6577541224489796,1.0
brainbert_globalz,cross_session,3,1,global_flow,0.6846093061224489,1.0
brainbert_globalz,cross_session,4,0,global_flow,0.5274660877461831,1.0
brainbert_globalz,cross_session,4,1,global_flow,0.631877224489796,1.0
brainbert_globalz,cross_session,7,0,global_flow,0.591162775510204,1.0
brainbert_globalz,cross_session,7,1,global_flow,0.5999751836734694,1.0
brainbert_globalz,cross_session,10,0,gpt2_surprisal,0.5319562448979592,1.0
brainbert_globalz,cross_session,10,1,gpt2_surprisal,0.5368803265306122,1.0
brainbert_globalz,cross_session,1,1,gpt2_surprisal,0.5697815510204082,1.0
brainbert_globalz,cross_session,1,2,gpt2_surprisal,0.568410775510204,1.0
brainbert_globalz,cross_session,2,0,gpt2_surprisal,0.6073724081632652,1.0
brainbert_globalz,cross_session,2,4,gpt2_surprisal,0.6067800816326531,1.0
brainbert_globalz,cross_session,3,0,gpt2_surprisal,0.6269655510204082,1.0
brainbert_globalz,cross_session,3,1,gpt2_surprisal,0.654652081632653,1.0
brainbert_globalz,cross_session,4,0,gpt2_surprisal,0.558877490209433,1.0
brainbert_globalz,cross_session,4,1,gpt2_surprisal,0.5463209795918368,1.0
brainbert_globalz,cross_session,7,0,gpt2_surprisal,0.542270693877551,1.0
brainbert_globalz,cross_session,7,1,gpt2_surprisal,0.524992,1.0
brainbert_globalz,cross_session,10,0,local_flow,0.5466801632653061,1.0
brainbert_globalz,cross_session,10,1,local_flow,0.5485420408163265,1.0
brainbert_globalz,cross_session,1,1,local_flow,0.5944979591836734,1.0
brainbert_globalz,cross_session,1,2,local_flow,0.582462693877551,1.0
brainbert_globalz,cross_session,2,0,local_flow,0.5315637551020409,1.0
brainbert_globalz,cross_session,2,4,local_flow,0.6153077551020408,1.0
brainbert_globalz,cross_session,3,0,local_flow,0.6046582857142857,1.0
brainbert_globalz,cross_session,3,1,local_flow,0.6795206530612244,1.0
brainbert_globalz,cross_session,4,0,local_flow,0.5748829388728078,1.0
brainbert_globalz,cross_session,4,1,local_flow,0.6473195102040817,1.0
brainbert_globalz,cross_session,7,0,local_flow,0.5831209795918367,1.0
brainbert_globalz,cross_session,7,1,local_flow,0.5768881632653061,1.0
brainbert_globalz,cross_session,10,0,onset,0.8835597279767836,1.0
brainbert_globalz,cross_session,10,1,onset,0.9151928163265306,1.0
brainbert_globalz,cross_session,1,1,onset,0.8990848255010816,1.0
brainbert_globalz,cross_session,1,2,onset,0.975442241001353,1.0
brainbert_globalz,cross_session,2,0,onset,0.9308938575916132,1.0
brainbert_globalz,cross_session,2,4,onset,0.9374106351339758,1.0
brainbert_globalz,cross_session,3,0,onset,0.9540525714285715,1.0
brainbert_globalz,cross_session,3,1,onset,0.9337254266477293,1.0
brainbert_globalz,cross_session,4,0,onset,0.9034234389348026,1.0
brainbert_globalz,cross_session,4,1,onset,0.8569213183463517,1.0
brainbert_globalz,cross_session,7,0,onset,0.8587964081632653,1.0
brainbert_globalz,cross_session,7,1,onset,0.8071489807582397,1.0
brainbert_globalz,cross_session,10,0,pitch,0.5524153469387756,1.0
brainbert_globalz,cross_session,10,1,pitch,0.5686811428571428,1.0
brainbert_globalz,cross_session,1,1,pitch,0.6453139591836734,1.0
brainbert_globalz,cross_session,1,2,pitch,0.6422556734693877,1.0
brainbert_globalz,cross_session,2,0,pitch,0.618365387755102,1.0
brainbert_globalz,cross_session,2,4,pitch,0.5932055510204082,1.0
brainbert_globalz,cross_session,3,0,pitch,0.5108610612244898,1.0
brainbert_globalz,cross_session,3,1,pitch,0.5313475918367347,1.0
brainbert_globalz,cross_session,4,0,pitch,0.6001645950394461,1.0
brainbert_globalz,cross_session,4,1,pitch,0.6018063673469388,1.0
brainbert_globalz,cross_session,7,0,pitch,0.573829224489796,1.0
brainbert_globalz,cross_session,7,1,pitch,0.5669126530612245,1.0
brainbert_globalz,cross_session,10,0,speech,0.8180688979591836,1.0
brainbert_globalz,cross_session,10,1,speech,0.8897802448979593,1.0
brainbert_globalz,cross_session,1,1,speech,0.9031523265306123,1.0
brainbert_globalz,cross_session,1,2,speech,0.9809057959183672,1.0
brainbert_globalz,cross_session,2,0,speech,0.9640150204081632,1.0
brainbert_globalz,cross_session,2,4,speech,0.9361005714285714,1.0
brainbert_globalz,cross_session,3,0,speech,0.9685191836734693,1.0
brainbert_globalz,cross_session,3,1,speech,0.9485165714285715,1.0
brainbert_globalz,cross_session,4,0,speech,0.8955898775510205,1.0
brainbert_globalz,cross_session,4,1,speech,0.8323193469387755,1.0
brainbert_globalz,cross_session,7,0,speech,0.8533603265306122,1.0
brainbert_globalz,cross_session,7,1,speech,0.8421013401708383,1.0
brainbert_globalz,cross_session,10,0,volume,0.5871960816326531,1.0
brainbert_globalz,cross_session,10,1,volume,0.7428068571428572,1.0
brainbert_globalz,cross_session,1,1,volume,0.7752137142857143,1.0
brainbert_globalz,cross_session,1,2,volume,0.7718393469387755,1.0
brainbert_globalz,cross_session,2,0,volume,0.7548747755102041,1.0
brainbert_globalz,cross_session,2,4,volume,0.8087046530612246,1.0
brainbert_globalz,cross_session,3,0,volume,0.7940943673469386,1.0
brainbert_globalz,cross_session,3,1,volume,0.7624365714285716,1.0
brainbert_globalz,cross_session,4,0,volume,0.6702891764572336,1.0
brainbert_globalz,cross_session,4,1,volume,0.6748434285714284,1.0
brainbert_globalz,cross_session,7,0,volume,0.5732427755102041,1.0
brainbert_globalz,cross_session,7,1,volume,0.5463327346938776,1.0
brainbert_globalz,cross_session,10,0,word_gap,0.5423144489795918,1.0
brainbert_globalz,cross_session,10,1,word_gap,0.5266899591836735,1.0
brainbert_globalz,cross_session,1,1,word_gap,0.5206308571428571,1.0
brainbert_globalz,cross_session,1,2,word_gap,0.5712541802452411,1.0
brainbert_globalz,cross_session,2,0,word_gap,0.5056508730511209,1.0
brainbert_globalz,cross_session,2,4,word_gap,0.5266813994691147,1.0
brainbert_globalz,cross_session,3,0,word_gap,0.509409306122449,1.0
brainbert_globalz,cross_session,3,1,word_gap,0.5527870398909094,1.0
brainbert_globalz,cross_session,4,0,word_gap,0.4954579139872344,1.0
brainbert_globalz,cross_session,4,1,word_gap,0.5488688504100179,1.0
brainbert_globalz,cross_session,7,0,word_gap,0.5184574693877552,1.0
brainbert_globalz,cross_session,7,1,word_gap,0.49675934563779667,1.0
brainbert_globalz,cross_session,10,0,word_head_pos,0.5340434285714286,1.0
brainbert_globalz,cross_session,10,1,word_head_pos,0.5333237551020409,1.0
brainbert_globalz,cross_session,1,1,word_head_pos,0.5837387755102041,1.0
brainbert_globalz,cross_session,1,2,word_head_pos,0.6058997551020409,1.0
brainbert_globalz,cross_session,2,0,word_head_pos,0.5864333061224489,1.0
brainbert_globalz,cross_session,2,4,word_head_pos,0.5804277551020408,1.0
brainbert_globalz,cross_session,3,0,word_head_pos,0.5995872653061225,1.0
brainbert_globalz,cross_session,3,1,word_head_pos,0.6051180408163266,1.0
brainbert_globalz,cross_session,4,0,word_head_pos,0.5506886530612245,1.0
brainbert_globalz,cross_session,4,1,word_head_pos,0.5516316734693878,1.0
brainbert_globalz,cross_session,7,0,word_head_pos,0.5457593469387755,1.0
brainbert_globalz,cross_session,7,1,word_head_pos,0.5309126530612245,1.0
brainbert_globalz,cross_session,10,0,word_index,0.6352827999886823,1.0
brainbert_globalz,cross_session,10,1,word_index,0.6253855047827521,1.0
brainbert_globalz,cross_session,1,1,word_index,0.5816402576432387,1.0
brainbert_globalz,cross_session,1,2,word_index,0.5715109573241062,1.0
brainbert_globalz,cross_session,2,0,word_index,0.6588247677692691,1.0
brainbert_globalz,cross_session,2,4,word_index,0.665289869410368,1.0
brainbert_globalz,cross_session,3,0,word_index,0.650366741236755,1.0
brainbert_globalz,cross_session,3,1,word_index,0.7245629724141467,1.0
brainbert_globalz,cross_session,4,0,word_index,0.5908102114998667,1.0
brainbert_globalz,cross_session,4,1,word_index,0.5587390692159478,1.0
brainbert_globalz,cross_session,7,0,word_index,0.5316330849343229,1.0
brainbert_globalz,cross_session,7,1,word_index,0.5534941455461686,1.0
brainbert_globalz,cross_session,10,0,word_length,0.5716558367346939,1.0
brainbert_globalz,cross_session,10,1,word_length,0.5811657142857143,1.0
brainbert_globalz,cross_session,1,1,word_length,0.5870648163265306,1.0
brainbert_globalz,cross_session,1,2,word_length,0.6276976326530612,1.0
brainbert_globalz,cross_session,2,0,word_length,0.656518530612245,1.0
brainbert_globalz,cross_session,2,4,word_length,0.6547879183673468,1.0
brainbert_globalz,cross_session,3,0,word_length,0.6104659591836735,1.0
brainbert_globalz,cross_session,3,1,word_length,0.637373387755102,1.0
brainbert_globalz,cross_session,4,0,word_length,0.5920351857665846,1.0
brainbert_globalz,cross_session,4,1,word_length,0.5816398367346939,1.0
brainbert_globalz,cross_session,7,0,word_length,0.5426866938775511,1.0
brainbert_globalz,cross_session,7,1,word_length,0.5535216326530612,1.0
brainbert_globalz,cross_session,10,0,word_part_speech,0.5751814758279461,1.0
brainbert_globalz,cross_session,10,1,word_part_speech,0.5641819781584804,1.0
brainbert_globalz,cross_session,1,1,word_part_speech,0.591583793685281,1.0
brainbert_globalz,cross_session,1,2,word_part_speech,0.5945187673339639,1.0
brainbert_globalz,cross_session,2,0,word_part_speech,0.605519723183391,1.0
brainbert_globalz,cross_session,2,4,word_part_speech,0.649847401083853,1.0
brainbert_globalz,cross_session,3,0,word_part_speech,0.6342290736620866,1.0
brainbert_globalz,cross_session,3,1,word_part_speech,0.6426916828613968,1.0
brainbert_globalz,cross_session,4,0,word_part_speech,0.5624538627975054,1.0
brainbert_globalz,cross_session,4,1,word_part_speech,0.5115492336736468,1.0
brainbert_globalz,cross_session,7,0,word_part_speech,0.5790124286634719,1.0
brainbert_globalz,cross_session,7,1,word_part_speech,0.5932384430037012,1.0
brainbert_globalz,cross_subject,10,0,delta_volume,0.5156519183673469,1.0
brainbert_globalz,cross_subject,10,1,delta_volume,0.5780179591836735,1.0
brainbert_globalz,cross_subject,1,1,delta_volume,0.6441312653061224,1.0
brainbert_globalz,cross_subject,1,2,delta_volume,0.6311013877551019,1.0
brainbert_globalz,cross_subject,3,0,delta_volume,0.5564891428571429,1.0
brainbert_globalz,cross_subject,3,1,delta_volume,0.6228035918367347,1.0
brainbert_globalz,cross_subject,4,0,delta_volume,0.5404946364719905,1.0
brainbert_globalz,cross_subject,4,1,delta_volume,0.5176907755102041,1.0
brainbert_globalz,cross_subject,7,0,delta_volume,0.49995102040816325,1.0
brainbert_globalz,cross_subject,7,1,delta_volume,0.5340760816326531,1.0
brainbert_globalz,cross_subject,10,0,face_num,0.4839823673469388,1.0
brainbert_globalz,cross_subject,10,1,face_num,0.4733714285714286,1.0
brainbert_globalz,cross_subject,1,1,face_num,0.5540257959183673,1.0
brainbert_globalz,cross_subject,1,2,face_num,0.541566693877551,1.0
brainbert_globalz,cross_subject,3,0,face_num,0.5005283265306122,1.0
brainbert_globalz,cross_subject,3,1,face_num,0.4495830204081632,1.0
brainbert_globalz,cross_subject,4,0,face_num,0.4470291019389272,1.0
brainbert_globalz,cross_subject,4,1,face_num,0.5131075918367347,1.0
brainbert_globalz,cross_subject,7,0,face_num,0.4721266938775511,1.0
brainbert_globalz,cross_subject,7,1,face_num,0.48308832653061223,1.0
brainbert_globalz,cross_subject,10,0,frame_brightness,0.44606824489795915,1.0
brainbert_globalz,cross_subject,10,1,frame_brightness,0.507070693877551,1.0
brainbert_globalz,cross_subject,1,1,frame_brightness,0.5110315102040817,1.0
brainbert_globalz,cross_subject,1,2,frame_brightness,0.5060734693877551,1.0
brainbert_globalz,cross_subject,3,0,frame_brightness,0.4881711020408163,1.0
brainbert_globalz,cross_subject,3,1,frame_brightness,0.49306514285714287,1.0
brainbert_globalz,cross_subject,4,0,frame_brightness,0.5040581190759976,1.0
brainbert_globalz,cross_subject,4,1,frame_brightness,0.5256058775510204,1.0
brainbert_globalz,cross_subject,7,0,frame_brightness,0.47609926530612245,1.0
brainbert_globalz,cross_subject,7,1,frame_brightness,0.5130031020408163,1.0
brainbert_globalz,cross_subject,10,0,global_flow,0.512681142857143,1.0
brainbert_globalz,cross_subject,10,1,global_flow,0.49229453061224493,1.0
brainbert_globalz,cross_subject,1,1,global_flow,0.5025567346938776,1.0
brainbert_globalz,cross_subject,1,2,global_flow,0.5217358367346939,1.0
brainbert_globalz,cross_subject,3,0,global_flow,0.601602612244898,1.0
brainbert_globalz,cross_subject,3,1,global_flow,0.584317387755102,1.0
brainbert_globalz,cross_subject,4,0,global_flow,0.4737754696634315,1.0
brainbert_globalz,cross_subject,4,1,global_flow,0.5451075918367346,1.0
brainbert_globalz,cross_subject,7,0,global_flow,0.5631314285714285,1.0
brainbert_globalz,cross_subject,7,1,global_flow,0.5390863673469388,1.0
brainbert_globalz,cross_subject,10,0,gpt2_surprisal,0.5098932244897959,1.0
brainbert_globalz,cross_subject,10,1,gpt2_surprisal,0.5194109387755101,1.0
brainbert_globalz,cross_subject,1,1,gpt2_surprisal,0.5096176326530613,1.0
brainbert_globalz,cross_subject,1,2,gpt2_surprisal,0.5223875918367347,1.0
brainbert_globalz,cross_subject,3,0,gpt2_surprisal,0.48219689795918375,1.0
brainbert_globalz,cross_subject,3,1,gpt2_surprisal,0.5107200000000001,1.0
brainbert_globalz,cross_subject,4,0,gpt2_surprisal,0.5157401101084057,1.0
brainbert_globalz,cross_subject,4,1,gpt2_surprisal,0.48622628571428567,1.0
brainbert_globalz,cross_subject,7,0,gpt2_surprisal,0.5139422040816327,1.0
brainbert_globalz,cross_subject,7,1,gpt2_surprisal,0.5014635102040816,1.0
brainbert_globalz,cross_subject,10,0,local_flow,0.5158047346938776,1.0
brainbert_globalz,cross_subject,10,1,local_flow,0.5227833469387755,1.0
brainbert_globalz,cross_subject,1,1,local_flow,0.5004277551020408,1.0
brainbert_globalz,cross_subject,1,2,local_flow,0.49163102040816326,1.0
brainbert_globalz,cross_subject,3,0,local_flow,0.5368189387755102,1.0
brainbert_globalz,cross_subject,3,1,local_flow,0.5308055510204082,1.0
brainbert_globalz,cross_subject,4,0,local_flow,0.49885209149213916,1.0
brainbert_globalz,cross_subject,4,1,local_flow,0.46230073469387756,1.0
brainbert_globalz,cross_subject,7,0,local_flow,0.5257678367346938,1.0
brainbert_globalz,cross_subject,7,1,local_flow,0.5543954285714285,1.0
brainbert_globalz,cross_subject,10,0,onset,0.689432877047604,1.0
brainbert_globalz,cross_subject,10,1,onset,0.6435552653061224,1.0
brainbert_globalz,cross_subject,1,1,onset,0.7906469101050381,1.0
brainbert_globalz,cross_subject,1,2,onset,0.9011122589337293,1.0
brainbert_globalz,cross_subject,3,0,onset,0.7622164897959185,1.0
brainbert_globalz,cross_subject,3,1,onset,0.7855688053863581,1.0
brainbert_globalz,cross_subject,4,0,onset,0.7038675103305785,1.0
brainbert_globalz,cross_subject,4,1,onset,0.6627500476281195,1.0
brainbert_globalz,cross_subject,7,0,onset,0.6146677551020409,1.0
brainbert_globalz,cross_subject,7,1,onset,0.5659763764526576,1.0
brainbert_globalz,cross_subject,10,0,pitch,0.5173629387755102,1.0
brainbert_globalz,cross_subject,10,1,pitch,0.5273142857142857,1.0
brainbert_globalz,cross_subject,1,1,pitch,0.5461701224489796,1.0
brainbert_globalz,cross_subject,1,2,pitch,0.5212656326530613,1.0
brainbert_globalz,cross_subject,3,0,pitch,0.5462073469387756,1.0
brainbert_globalz,cross_subject,3,1,pitch,0.4916643265306122,1.0
brainbert_globalz,cross_subject,4,0,pitch,0.5277739939837676,1.0
brainbert_globalz,cross_subject,4,1,pitch,0.5278563265306122,1.0
brainbert_globalz,cross_subject,7,0,pitch,0.5305077551020407,1.0
brainbert_globalz,cross_subject,7,1,pitch,0.5493890612244897,1.0
brainbert_globalz,cross_subject,10,0,speech,0.7339951020408164,1.0
brainbert_globalz,cross_subject,10,1,speech,0.6404584489795919,1.0
brainbert_globalz,cross_subject,1,1,speech,0.8336796734693879,1.0
brainbert_globalz,cross_subject,1,2,speech,0.9314860408163267,1.0
brainbert_globalz,cross_subject,3,0,speech,0.7853374693877552,1.0
brainbert_globalz,cross_subject,3,1,speech,0.844099918367347,1.0
brainbert_globalz,cross_subject,4,0,speech,0.7104574693877551,1.0
brainbert_globalz,cross_subject,4,1,speech,0.6314925714285714,1.0
brainbert_globalz,cross_subject,7,0,speech,0.573626775510204,1.0
brainbert_globalz,cross_subject,7,1,speech,0.5397653582981768,1.0
brainbert_globalz,cross_subject,10,0,volume,0.488125387755102,1.0
brainbert_globalz,cross_subject,10,1,volume,0.5756081632653062,1.0
brainbert_globalz,cross_subject,1,1,volume,0.5514435918367347,1.0
brainbert_globalz,cross_subject,1,2,volume,0.6261498775510205,1.0
brainbert_globalz,cross_subject,3,0,volume,0.5310615510204081,1.0
brainbert_globalz,cross_subject,3,1,volume,0.5526831020408163,1.0
brainbert_globalz,cross_subject,4,0,volume,0.5360534082524547,1.0
brainbert_globalz,cross_subject,4,1,volume,0.4688770612244898,1.0
brainbert_globalz,cross_subject,7,0,volume,0.5076819591836735,1.0
brainbert_globalz,cross_subject,7,1,volume,0.5203748571428571,1.0
brainbert_globalz,cross_subject,10,0,word_gap,0.5214119183673469,1.0
brainbert_globalz,cross_subject,10,1,word_gap,0.4810096326530613,1.0
brainbert_globalz,cross_subject,1,1,word_gap,0.49411395918367346,1.0
brainbert_globalz,cross_subject,1,2,word_gap,0.5357447636928032,1.0
brainbert_globalz,cross_subject,3,0,word_gap,0.5005309387755101,1.0
brainbert_globalz,cross_subject,3,1,word_gap,0.5163760386798297,1.0
brainbert_globalz,cross_subject,4,0,word_gap,0.46095798172009594,1.0
brainbert_globalz,cross_subject,4,1,word_gap,0.47061221014801224,1.0
brainbert_globalz,cross_subject,7,0,word_gap,0.5058664489795919,1.0
brainbert_globalz,cross_subject,7,1,word_gap,0.5062412937981955,1.0
brainbert_globalz,cross_subject,10,0,word_head_pos,0.5298390204081633,1.0
brainbert_globalz,cross_subject,10,1,word_head_pos,0.5506847346938776,1.0
brainbert_globalz,cross_subject,1,1,word_head_pos,0.5968809795918367,1.0
brainbert_globalz,cross_subject,1,2,word_head_pos,0.5994475102040817,1.0
brainbert_globalz,cross_subject,3,0,word_head_pos,0.5382386938775511,1.0
brainbert_globalz,cross_subject,3,1,word_head_pos,0.5566804897959183,1.0
brainbert_globalz,cross_subject,4,0,word_head_pos,0.5296130612244898,1.0
brainbert_globalz,cross_subject,4,1,word_head_pos,0.5113260408163265,1.0
brainbert_globalz,cross_subject,7,0,word_head_pos,0.4882742857142857,1.0
brainbert_globalz,cross_subject,7,1,word_head_pos,0.5037766530612244,1.0
brainbert_globalz,cross_subject,10,0,word_index,0.5150524856407209,1.0
brainbert_globalz,cross_subject,10,1,word_index,0.5206943953124518,1.0
brainbert_globalz,cross_subject,1,1,word_index,0.590837577112574,1.0
brainbert_globalz,cross_subject,1,2,word_index,0.5685236447520184,1.0
brainbert_globalz,cross_subject,3,0,word_index,0.5491765799537464,1.0
brainbert_globalz,cross_subject,3,1,word_index,0.6077944418179436,1.0
brainbert_globalz,cross_subject,4,0,word_index,0.496358048082186,1.0
brainbert_globalz,cross_subject,4,1,word_index,0.5302282495924114,1.0
brainbert_globalz,cross_subject,7,0,word_index,0.49947378962165756,1.0
brainbert_globalz,cross_subject,7,1,word_index,0.5073310360160072,1.0
brainbert_globalz,cross_subject,10,0,word_length,0.48696685714285715,1.0
brainbert_globalz,cross_subject,10,1,word_length,0.4870308571428572,1.0
brainbert_globalz,cross_subject,1,1,word_length,0.5392195918367347,1.0
brainbert_globalz,cross_subject,1,2,word_length,0.5027435102040817,1.0
brainbert_globalz,cross_subject,3,0,word_length,0.49689861224489795,1.0
brainbert_globalz,cross_subject,3,1,word_length,0.47781746938775504,1.0
brainbert_globalz,cross_subject,4,0,word_length,0.5325867533430598,1.0
brainbert_globalz,cross_subject,4,1,word_length,0.526146612244898,1.0
brainbert_globalz,cross_subject,7,0,word_length,0.5141929795918367,1.0
brainbert_globalz,cross_subject,7,1,word_length,0.5055177142857142,1.0
brainbert_globalz,cross_subject,10,0,word_part_speech,0.4932075164727894,1.0
brainbert_globalz,cross_subject,10,1,word_part_speech,0.49171989027483054,1.0
brainbert_globalz,cross_subject,1,1,word_part_speech,0.5554517034948225,1.0
brainbert_globalz,cross_subject,1,2,word_part_speech,0.5875626596655148,1.0
brainbert_globalz,cross_subject,3,0,word_part_speech,0.5150558806218758,1.0
brainbert_globalz,cross_subject,3,1,word_part_speech,0.5294845836343349,1.0
brainbert_globalz,cross_subject,4,0,word_part_speech,0.4984090619829451,1.0
brainbert_globalz,cross_subject,4,1,word_part_speech,0.49983543234716943,1.0
brainbert_globalz,cross_subject,7,0,word_part_speech,0.49032479125714595,1.0
brainbert_globalz,cross_subject,7,1,word_part_speech,0.49099224979506667,1.0
popt_perwindow,within,1,1,delta_volume,0.6417510422870756,1.0
popt_perwindow,within,1,2,delta_volume,0.5927766109735326,1.0
popt_perwindow,within,2,0,delta_volume,0.6825177894109903,1.0
popt_perwindow,within,2,4,delta_volume,0.6052997293710751,1.0
popt_perwindow,within,3,0,delta_volume,0.5502544329853818,1.0
popt_perwindow,within,3,1,delta_volume,0.7043405117916888,1.0
popt_perwindow,within,4,0,delta_volume,0.7334126984126985,1.0
popt_perwindow,within,4,1,delta_volume,0.5479399809828323,1.0
popt_perwindow,within,7,0,delta_volume,0.5171441856577119,1.0
popt_perwindow,within,7,1,delta_volume,0.5078106224465273,1.0
popt_perwindow,within,10,0,delta_volume,0.6502826452671286,1.0
popt_perwindow,within,10,1,delta_volume,0.7328296918591892,1.0
popt_perwindow,within,1,1,face_num,0.49724669028139135,1.0
popt_perwindow,within,1,2,face_num,0.46090509179440564,1.0
popt_perwindow,within,2,0,face_num,0.5043520056842523,1.0
popt_perwindow,within,2,4,face_num,0.5318851028703384,1.0
popt_perwindow,within,3,0,face_num,0.4866017784186494,1.0
popt_perwindow,within,3,1,face_num,0.4951412181436319,1.0
popt_perwindow,within,4,0,face_num,0.5156847681695236,1.0
popt_perwindow,within,4,1,face_num,0.5396121333709497,1.0
popt_perwindow,within,7,0,face_num,0.5171494101543317,1.0
popt_perwindow,within,7,1,face_num,0.5295758753644086,1.0
popt_perwindow,within,10,0,face_num,0.43162701273732273,1.0
popt_perwindow,within,10,1,face_num,0.48589385912667316,1.0
popt_perwindow,within,1,1,frame_brightness,0.5550479086340031,1.0
popt_perwindow,within,1,2,frame_brightness,0.5500141061408733,1.0
popt_perwindow,within,2,0,frame_brightness,0.46857465283219957,1.0
popt_perwindow,within,2,4,frame_brightness,0.4501530777509587,1.0
popt_perwindow,within,3,0,frame_brightness,0.5264568508824174,1.0
popt_perwindow,within,3,1,frame_brightness,0.47346478166828626,1.0
popt_perwindow,within,4,0,frame_brightness,0.44422335600907026,1.0
popt_perwindow,within,4,1,frame_brightness,0.5223451720426737,1.0
popt_perwindow,within,7,0,frame_brightness,0.4328547694429642,1.0
popt_perwindow,within,7,1,frame_brightness,0.5012643281819796,1.0
popt_perwindow,within,10,0,frame_brightness,0.4378389392182063,1.0
popt_perwindow,within,10,1,frame_brightness,0.5016300429453622,1.0
popt_perwindow,within,1,1,global_flow,0.4651108115733049,1.0
popt_perwindow,within,1,2,global_flow,0.5857757855030669,1.0
popt_perwindow,within,2,0,global_flow,0.45416026665830744,1.0
popt_perwindow,within,2,4,global_flow,0.522945989153945,1.0
popt_perwindow,within,3,0,global_flow,0.4852460215458241,1.0
popt_perwindow,within,3,1,global_flow,0.5277577505407354,1.0
popt_perwindow,within,4,0,global_flow,0.4746315192743764,1.0
popt_perwindow,within,4,1,global_flow,0.48304128397228924,1.0
popt_perwindow,within,7,0,global_flow,0.45425430759746305,1.0
popt_perwindow,within,7,1,global_flow,0.5815125962613502,1.0
popt_perwindow,within,10,0,global_flow,0.5439954860349205,1.0
popt_perwindow,within,10,1,global_flow,0.597128616657785,1.0
popt_perwindow,within,1,1,gpt2_surprisal,0.5112169942426048,1.0
popt_perwindow,within,1,2,gpt2_surprisal,0.5258586460194561,1.0
popt_perwindow,within,2,0,gpt2_surprisal,0.5050468637346792,1.0
popt_perwindow,within,2,4,gpt2_surprisal,0.5112483412223232,1.0
popt_perwindow,within,3,0,gpt2_surprisal,0.5967837998808815,1.0
popt_perwindow,within,3,1,gpt2_surprisal,0.49758628256167514,1.0
popt_perwindow,within,4,0,gpt2_surprisal,0.5008390022675737,1.0
popt_perwindow,within,4,1,gpt2_surprisal,0.5494367992643908,1.0
popt_perwindow,within,7,1,gpt2_surprisal,0.5035369842115712,1.0
popt_perwindow,within,10,0,gpt2_surprisal,0.49041043645444765,1.0
popt_perwindow,within,10,1,gpt2_surprisal,0.4955226063968736,1.0
popt_perwindow,within,1,1,local_flow,0.5340846159472534,1.0
popt_perwindow,within,1,2,local_flow,0.5433319749642121,1.0
popt_perwindow,within,2,0,local_flow,0.48294985528144363,1.0
popt_perwindow,within,2,4,local_flow,0.5398263377323594,1.0
popt_perwindow,within,3,0,local_flow,0.47610054021295045,1.0
popt_perwindow,within,3,1,local_flow,0.5811991264641652,1.0
popt_perwindow,within,4,0,local_flow,0.45667233560090703,1.0
popt_perwindow,within,4,1,local_flow,0.5206681086277337,1.0
popt_perwindow,within,7,0,local_flow,0.4370761627117228,1.0
popt_perwindow,within,7,1,local_flow,0.5044173118919992,1.0
popt_perwindow,within,10,0,local_flow,0.4820277316280577,1.0
popt_perwindow,within,10,1,local_flow,0.4531885102870339,1.0
popt_perwindow,within,1,1,onset,0.7852912848812994,1.0
popt_perwindow,within,1,2,onset,0.7374228511214813,1.0
popt_perwindow,within,2,0,onset,0.4420228933583393,1.0
popt_perwindow,within,2,4,onset,0.8462495353026968,1.0
popt_perwindow,within,3,0,onset,0.850103967482733,1.0
popt_perwindow,within,3,1,onset,0.9032409761057448,1.0
popt_perwindow,within,4,0,onset,0.8462609044995408,1.0
popt_perwindow,within,4,1,onset,0.6648402660456905,1.0
popt_perwindow,within,7,1,onset,0.5452871253976226,1.0
popt_perwindow,within,10,0,onset,0.7474710435946685,1.0
popt_perwindow,within,10,1,onset,0.7844842899386644,1.0
popt_perwindow,within,1,1,pitch,0.5750969144122963,1.0
popt_perwindow,within,1,2,pitch,0.5907129348087311,1.0
popt_perwindow,within,2,0,pitch,0.5345234736633125,1.0
popt_perwindow,within,2,4,pitch,0.5396016843777102,1.0
popt_perwindow,within,3,0,pitch,0.5234632143193003,1.0
popt_perwindow,within,3,1,pitch,0.5049162513191854,1.0
popt_perwindow,within,4,0,pitch,0.5310430839002268,1.0
popt_perwindow,within,4,1,pitch,0.47325580180349625,1.0
popt_perwindow,within,7,0,pitch,0.4806954849900212,1.0
popt_perwindow,within,7,1,pitch,0.5202083529251956,1.0
popt_perwindow,within,10,0,pitch,0.5748853222991965,1.0
popt_perwindow,within,10,1,pitch,0.4720593920775733,1.0
popt_perwindow,within,1,1,speech,0.707966312445796,1.0
popt_perwindow,within,1,2,speech,0.7801061617713132,1.0
popt_perwindow,within,2,0,speech,0.8199116015171939,1.0
popt_perwindow,within,2,4,speech,0.7489681619175992,1.0
popt_perwindow,within,3,0,speech,0.7923889533243472,1.0
popt_perwindow,within,3,1,speech,0.8879397720029676,1.0
popt_perwindow,within,4,0,speech,0.6651829096266575,1.0
popt_perwindow,within,4,1,speech,0.5515657816369393,1.0
popt_perwindow,within,7,0,speech,0.4946657889512346,1.0
popt_perwindow,within,7,1,speech,0.44885113826093864,1.0
popt_perwindow,within,10,0,speech,0.5490684722526984,1.0
popt_perwindow,within,10,1,speech,0.6222584453987858,1.0
popt_perwindow,within,1,1,volume,0.5410018494718034,1.0
popt_perwindow,within,1,2,volume,0.5807602687481062,1.0
popt_perwindow,within,2,0,volume,0.6555802848395558,1.0
popt_perwindow,within,2,4,volume,0.6123841467874571,1.0
popt_perwindow,within,3,0,volume,0.5105273606887977,1.0
popt_perwindow,within,3,1,volume,0.5786652456035861,1.0
popt_perwindow,within,4,0,volume,0.4961507936507936,1.0
popt_perwindow,within,4,1,volume,0.5504059433873546,1.0
popt_perwindow,within,7,0,volume,0.5515213734156714,1.0
popt_perwindow,within,7,1,volume,0.5575948507361317,1.0
popt_perwindow,within,10,0,volume,0.4669864058597954,1.0
popt_perwindow,within,10,1,volume,0.6420383896011619,1.0
popt_perwindow,within,1,1,word_gap,0.5500141061408733,1.0
popt_perwindow,within,1,2,word_gap,0.4775480161502808,1.0
popt_perwindow,within,2,0,word_gap,0.5245599975101539,1.0
popt_perwindow,within,2,4,word_gap,0.5314227780506543,1.0
popt_perwindow,within,3,0,word_gap,0.4745775994482932,1.0
popt_perwindow,within,3,1,word_gap,0.5281807948955541,1.0
popt_perwindow,within,4,0,word_gap,0.511235776239357,1.0
popt_perwindow,within,4,1,word_gap,0.5434092687592383,1.0
popt_perwindow,within,7,1,word_gap,0.5109917978146828,1.0
popt_perwindow,within,10,0,word_gap,0.5234632143193003,1.0
popt_perwindow,within,10,1,word_gap,0.5749924244799013,1.0
popt_perwindow,within,1,1,word_head_pos,0.599620701545406,1.0
popt_perwindow,within,1,2,word_head_pos,0.4733916387156098,1.0
popt_perwindow,within,2,0,word_head_pos,0.48920096548697534,1.0
popt_perwindow,within,2,4,word_head_pos,0.5136725076538876,1.0
popt_perwindow,within,3,0,word_head_pos,0.4531937347836536,1.0
popt_perwindow,within,3,1,word_head_pos,0.5559700322873891,1.0
popt_perwindow,within,4,0,word_head_pos,0.5463047135408504,1.0
popt_perwindow,within,4,1,word_head_pos,0.5264934223587557,1.0
popt_perwindow,within,7,1,word_head_pos,0.5158041022747458,1.0
popt_perwindow,within,10,0,word_head_pos,0.48229940545228467,1.0
popt_perwindow,within,10,1,word_head_pos,0.5255268904841018,1.0
popt_perwindow,within,1,1,word_index,0.5137397999551258,1.0
popt_perwindow,within,1,2,word_index,0.493041138023837,1.0
popt_perwindow,within,2,0,word_index,0.47042243658199256,1.0
popt_perwindow,within,2,4,word_index,0.47361354514104814,1.0
popt_perwindow,within,3,0,word_index,0.6319813428329912,1.0
popt_perwindow,within,3,1,word_index,0.47587149692412856,1.0
popt_perwindow,within,4,0,word_index,0.5234175974916715,1.0
popt_perwindow,within,4,1,word_index,0.47374260355029585,1.0
popt_perwindow,within,7,1,word_index,0.5028106508875739,1.0
popt_perwindow,within,10,0,word_index,0.5444828599191015,1.0
popt_perwindow,within,10,1,word_index,0.7082051282051283,1.0
popt_perwindow,within,1,1,word_length,0.5560013792671077,1.0
popt_perwindow,within,1,2,word_length,0.5426684638935039,1.0
popt_perwindow,within,2,0,word_length,0.5398942561884162,1.0
popt_perwindow,within,2,4,word_length,0.4995062850694335,1.0
popt_perwindow,within,3,0,word_length,0.5337711461500685,1.0
popt_perwindow,within,3,1,word_length,0.5704445001724083,1.0
popt_perwindow,within,4,0,word_length,0.511825207409933,1.0
popt_perwindow,within,4,1,word_length,0.49751575185730856,1.0
popt_perwindow,within,7,1,word_length,0.5080927452639938,1.0
popt_perwindow,within,10,0,word_length,0.5023719214653668,1.0
popt_perwindow,within,10,1,word_length,0.463809911914987,1.0
popt_perwindow,within,1,1,word_part_speech,0.5334169286242604,1.0
popt_perwindow,within,1,2,word_part_speech,0.5334078441952185,1.0
popt_perwindow,within,2,0,word_part_speech,0.4801798210647533,1.0
popt_perwindow,within,2,4,word_part_speech,0.5013839519841501,1.0
popt_perwindow,within,3,0,word_part_speech,0.4672831005311824,1.0
popt_perwindow,within,3,1,word_part_speech,0.48026101584545255,1.0
popt_perwindow,within,4,0,word_part_speech,0.4960456569967315,1.0
popt_perwindow,within,4,1,word_part_speech,0.5606526482840706,1.0
popt_perwindow,within,7,1,word_part_speech,0.5071042451894466,1.0
popt_perwindow,within,10,0,word_part_speech,0.5052268470741123,1.0
popt_perwindow,within,10,1,word_part_speech,0.5139951638013847,1.0
popt_perwindow,cross_session,1,1,delta_volume,0.627907918367347,1.0
popt_perwindow,cross_session,1,2,delta_volume,0.5956662857142857,1.0
popt_perwindow,cross_session,2,0,delta_volume,0.6954971428571428,1.0
popt_perwindow,cross_session,2,4,delta_volume,0.6778919183673469,1.0
popt_perwindow,cross_session,3,0,delta_volume,0.6458462040816326,1.0
popt_perwindow,cross_session,3,1,delta_volume,0.6988160000000001,1.0
popt_perwindow,cross_session,4,0,delta_volume,0.7378086156989614,1.0
popt_perwindow,cross_session,4,1,delta_volume,0.6428042448979592,1.0
popt_perwindow,cross_session,7,0,delta_volume,0.5133191836734694,1.0
popt_perwindow,cross_session,7,1,delta_volume,0.4773929795918367,1.0
popt_perwindow,cross_session,10,0,delta_volume,0.6443781224489796,1.0
popt_perwindow,cross_session,10,1,delta_volume,0.6841168979591836,1.0
popt_perwindow,cross_session,1,1,face_num,0.5173420408163265,1.0
popt_perwindow,cross_session,1,2,face_num,0.5458625306122449,1.0
popt_perwindow,cross_session,2,0,face_num,0.5304822857142857,1.0
popt_perwindow,cross_session,2,4,face_num,0.5277975510204082,1.0
popt_perwindow,cross_session,3,0,face_num,0.5202788571428572,1.0
popt_perwindow,cross_session,3,1,face_num,0.5058834285714285,1.0
popt_perwindow,cross_session,4,0,face_num,0.49277860809148494,1.0
popt_perwindow,cross_session,4,1,face_num,0.4930795102040816,1.0
popt_perwindow,cross_session,7,0,face_num,0.4800842448979592,1.0
popt_perwindow,cross_session,7,1,face_num,0.5015046530612245,1.0
popt_perwindow,cross_session,10,0,face_num,0.5104156734693878,1.0
popt_perwindow,cross_session,10,1,face_num,0.5360457142857142,1.0
popt_perwindow,cross_session,1,1,frame_brightness,0.4382419591836735,1.0
popt_perwindow,cross_session,1,2,frame_brightness,0.4451004081632653,1.0
popt_perwindow,cross_session,2,0,frame_brightness,0.5794612244897959,1.0
popt_perwindow,cross_session,2,4,frame_brightness,0.467073306122449,1.0
popt_perwindow,cross_session,3,0,frame_brightness,0.5415915102040816,1.0
popt_perwindow,cross_session,3,1,frame_brightness,0.4921593469387755,1.0
popt_perwindow,cross_session,4,0,frame_brightness,0.4354560417730859,1.0
popt_perwindow,cross_session,4,1,frame_brightness,0.5190099591836734,1.0
popt_perwindow,cross_session,7,0,frame_brightness,0.47294432653061225,1.0
popt_perwindow,cross_session,7,1,frame_brightness,0.5037374693877551,1.0
popt_perwindow,cross_session,10,0,frame_brightness,0.5498142040816326,1.0
popt_perwindow,cross_session,10,1,frame_brightness,0.5039660408163266,1.0
popt_perwindow,cross_session,1,1,global_flow,0.5663686530612244,1.0
popt_perwindow,cross_session,1,2,global_flow,0.4886582857142857,1.0
popt_perwindow,cross_session,2,0,global_flow,0.5472561632653061,1.0
popt_perwindow,cross_session,2,4,global_flow,0.5469818775510205,1.0
popt_perwindow,cross_session,3,0,global_flow,0.5470543673469388,1.0
popt_perwindow,cross_session,3,1,global_flow,0.5560398367346939,1.0
popt_perwindow,cross_session,4,0,global_flow,0.5345082013735173,1.0
popt_perwindow,cross_session,4,1,global_flow,0.4762579591836735,1.0
popt_perwindow,cross_session,7,0,global_flow,0.5136515918367347,1.0
popt_perwindow,cross_session,7,1,global_flow,0.45173159183673467,1.0
popt_perwindow,cross_session,10,0,global_flow,0.48207412244897957,1.0
popt_perwindow,cross_session,10,1,global_flow,0.4790484897959184,1.0
popt_perwindow,cross_session,1,1,gpt2_surprisal,0.5179324081632654,1.0
popt_perwindow,cross_session,1,2,gpt2_surprisal,0.5130795102040817,1.0
popt_perwindow,cross_session,2,0,gpt2_surprisal,0.566330775510204,1.0
popt_perwindow,cross_session,2,4,gpt2_surprisal,0.51792,1.0
popt_perwindow,cross_session,3,0,gpt2_surprisal,0.6275670204081631,1.0
popt_perwindow,cross_session,3,1,gpt2_surprisal,0.6171219591836734,1.0
popt_perwindow,cross_session,4,0,gpt2_surprisal,0.6238407401101084,1.0
popt_perwindow,cross_session,4,1,gpt2_surprisal,0.5854171428571429,1.0
popt_perwindow,cross_session,7,0,gpt2_surprisal,0.5417475918367347,1.0
popt_perwindow,cross_session,7,1,gpt2_surprisal,0.5234396734693878,1.0
popt_perwindow,cross_session,10,0,gpt2_surprisal,0.500664163265306,1.0
popt_perwindow,cross_session,10,1,gpt2_surprisal,0.509671836734694,1.0
popt_perwindow,cross_session,1,1,local_flow,0.5600398367346939,1.0
popt_perwindow,cross_session,1,2,local_flow,0.5005988571428572,1.0
popt_perwindow,cross_session,2,0,local_flow,0.5257861224489796,1.0
popt_perwindow,cross_session,2,4,local_flow,0.5424483265306121,1.0
popt_perwindow,cross_session,3,0,local_flow,0.547847836734694,1.0
popt_perwindow,cross_session,3,1,local_flow,0.4966726530612245,1.0
popt_perwindow,cross_session,4,0,local_flow,0.5136599693512685,1.0
popt_perwindow,cross_session,4,1,local_flow,0.5772192653061226,1.0
popt_perwindow,cross_session,7,0,local_flow,0.4511007346938775,1.0
popt_perwindow,cross_session,7,1,local_flow,0.5083800816326531,1.0
popt_perwindow,cross_session,10,0,local_flow,0.48581485714285716,1.0
popt_perwindow,cross_session,10,1,local_flow,0.5123885714285714,1.0
popt_perwindow,cross_session,1,1,onset,0.6364290927098808,1.0
popt_perwindow,cross_session,1,2,onset,0.6656844315737778,1.0
popt_perwindow,cross_session,2,0,onset,0.8441705643687573,1.0
popt_perwindow,cross_session,2,4,onset,0.8567266721953732,1.0
popt_perwindow,cross_session,3,0,onset,0.8534373877551021,1.0
popt_perwindow,cross_session,3,1,onset,0.8906904845879366,1.0
popt_perwindow,cross_session,4,0,onset,0.8727581209825528,1.0
popt_perwindow,cross_session,4,1,onset,0.7685502000381025,1.0
popt_perwindow,cross_session,7,0,onset,0.5058017959183673,1.0
popt_perwindow,cross_session,7,1,onset,0.5649323680701086,1.0
popt_perwindow,cross_session,10,0,onset,0.7849411140830871,1.0
popt_perwindow,cross_session,10,1,onset,0.7997309387755102,1.0
popt_perwindow,cross_session,1,1,pitch,0.5837583673469389,1.0
popt_perwindow,cross_session,1,2,pitch,0.5068388571428571,1.0
popt_perwindow,cross_session,2,0,pitch,0.5378886530612246,1.0
popt_perwindow,cross_session,2,4,pitch,0.538302693877551,1.0
popt_perwindow,cross_session,3,0,pitch,0.5197825306122449,1.0
popt_perwindow,cross_session,3,1,pitch,0.5029080816326531,1.0
popt_perwindow,cross_session,4,0,pitch,0.5279130484136444,1.0
popt_perwindow,cross_session,4,1,pitch,0.5034579591836734,1.0
popt_perwindow,cross_session,7,0,pitch,0.5242514285714286,1.0
popt_perwindow,cross_session,7,1,pitch,0.5504,1.0
popt_perwindow,cross_session,10,0,pitch,0.4625129795918368,1.0
popt_perwindow,cross_session,10,1,pitch,0.5136502857142857,1.0
popt_perwindow,cross_session,1,1,speech,0.6647379591836735,1.0
popt_perwindow,cross_session,1,2,speech,0.7889880816326531,1.0
popt_perwindow,cross_session,2,0,speech,0.7926204081632654,1.0
popt_perwindow,cross_session,2,4,speech,0.8242142040816327,1.0
popt_perwindow,cross_session,3,0,speech,0.8789877551020407,1.0
popt_perwindow,cross_session,3,1,speech,0.8828094693877552,1.0
popt_perwindow,cross_session,4,0,speech,0.6812721632653063,1.0
popt_perwindow,cross_session,4,1,speech,0.6514220408163265,1.0
popt_perwindow,cross_session,7,0,speech,0.551869387755102,1.0
popt_perwindow,cross_session,7,1,speech,0.5795663286010776,1.0
popt_perwindow,cross_session,10,0,speech,0.7085178775510204,1.0
popt_perwindow,cross_session,10,1,speech,0.6190863673469388,1.0
popt_perwindow,cross_session,1,1,volume,0.6687072653061223,1.0
popt_perwindow,cross_session,1,2,volume,0.5540009795918367,1.0
popt_perwindow,cross_session,2,0,volume,0.6091474285714287,1.0
popt_perwindow,cross_session,2,4,volume,0.5612871836734694,1.0
popt_perwindow,cross_session,3,0,volume,0.6154592653061225,1.0
popt_perwindow,cross_session,3,1,volume,0.5801547755102041,1.0
popt_perwindow,cross_session,4,0,volume,0.5926513990578353,1.0
popt_perwindow,cross_session,4,1,volume,0.5687248979591837,1.0
popt_perwindow,cross_session,7,0,volume,0.47825893877551023,1.0
popt_perwindow,cross_session,7,1,volume,0.5807699591836735,1.0
popt_perwindow,cross_session,10,0,volume,0.555961469387755,1.0
popt_perwindow,cross_session,10,1,volume,0.4964950204081633,1.0
popt_perwindow,cross_session,1,1,word_gap,0.4760320000000001,1.0
popt_perwindow,cross_session,1,2,word_gap,0.46438857746321116,1.0
popt_perwindow,cross_session,2,0,word_gap,0.5107407493980973,1.0
popt_perwindow,cross_session,2,4,word_gap,0.5314038826503913,1.0
popt_perwindow,cross_session,3,0,word_gap,0.5775777959183673,1.0
popt_perwindow,cross_session,3,1,word_gap,0.5457890853390868,1.0
popt_perwindow,cross_session,4,0,word_gap,0.5937004454431721,1.0
popt_perwindow,cross_session,4,1,word_gap,0.5756119474901684,1.0
popt_perwindow,cross_session,7,0,word_gap,0.5131683265306123,1.0
popt_perwindow,cross_session,7,1,word_gap,0.4864060980094158,1.0
popt_perwindow,cross_session,10,0,word_gap,0.5124688979591836,1.0
popt_perwindow,cross_session,10,1,word_gap,0.5277844897959184,1.0
popt_perwindow,cross_session,1,1,word_head_pos,0.5613113469387755,1.0
popt_perwindow,cross_session,1,2,word_head_pos,0.5359673469387756,1.0
popt_perwindow,cross_session,2,0,word_head_pos,0.5343503673469387,1.0
popt_perwindow,cross_session,2,4,word_head_pos,0.5500636734693877,1.0
popt_perwindow,cross_session,3,0,word_head_pos,0.5333551020408163,1.0
popt_perwindow,cross_session,3,1,word_head_pos,0.5708695510204082,1.0
popt_perwindow,cross_session,4,0,word_head_pos,0.4948166530612245,1.0
popt_perwindow,cross_session,4,1,word_head_pos,0.5346337959183673,1.0
popt_perwindow,cross_session,7,0,word_head_pos,0.5333694693877551,1.0
popt_perwindow,cross_session,7,1,word_head_pos,0.5376607346938775,1.0
popt_perwindow,cross_session,10,0,word_head_pos,0.524930612244898,1.0
popt_perwindow,cross_session,10,1,word_head_pos,0.5062739591836736,1.0
popt_perwindow,cross_session,1,1,word_index,0.5365053734821466,1.0
popt_perwindow,cross_session,1,2,word_index,0.49154171472510577,1.0
popt_perwindow,cross_session,2,0,word_index,0.6227511556713419,1.0
popt_perwindow,cross_session,2,4,word_index,0.5305627791282718,1.0
popt_perwindow,cross_session,3,0,word_index,0.668075562676663,1.0
popt_perwindow,cross_session,3,1,word_index,0.6871457783904169,1.0
popt_perwindow,cross_session,4,0,word_index,0.5098873029907512,1.0
popt_perwindow,cross_session,4,1,word_index,0.53028753520083,1.0
popt_perwindow,cross_session,7,0,word_index,0.49186782955696295,1.0
popt_perwindow,cross_session,7,1,word_index,0.5178264413813547,1.0
popt_perwindow,cross_session,10,0,word_index,0.5110700845994963,1.0
popt_perwindow,cross_session,10,1,word_index,0.7155063734416585,1.0
popt_perwindow,cross_session,1,1,word_length,0.5279464489795919,1.0
popt_perwindow,cross_session,1,2,word_length,0.532485224489796,1.0
popt_perwindow,cross_session,2,0,word_length,0.5385547755102041,1.0
popt_perwindow,cross_session,2,4,word_length,0.508417306122449,1.0
popt_perwindow,cross_session,3,0,word_length,0.5360640000000001,1.0
popt_perwindow,cross_session,3,1,word_length,0.5629524897959184,1.0
popt_perwindow,cross_session,4,0,word_length,0.5033135820638964,1.0
popt_perwindow,cross_session,4,1,word_length,0.5234403265306122,1.0
popt_perwindow,cross_session,7,0,word_length,0.5018651428571428,1.0
popt_perwindow,cross_session,7,1,word_length,0.5158791836734694,1.0
popt_perwindow,cross_session,10,0,word_length,0.5088581224489797,1.0
popt_perwindow,cross_session,10,1,word_length,0.5054132244897959,1.0
popt_perwindow,cross_session,1,1,word_part_speech,0.5085420326368343,1.0
popt_perwindow,cross_session,1,2,word_part_speech,0.5197583058242119,1.0
popt_perwindow,cross_session,2,0,word_part_speech,0.48777854671280274,1.0
popt_perwindow,cross_session,2,4,word_part_speech,0.4879286609171959,1.0
popt_perwindow,cross_session,3,0,word_part_speech,0.5436249202817885,1.0
popt_perwindow,cross_session,3,1,word_part_speech,0.49757672571384,1.0
popt_perwindow,cross_session,4,0,word_part_speech,0.5206440117093037,1.0
popt_perwindow,cross_session,4,1,word_part_speech,0.4874121270834886,1.0
popt_perwindow,cross_session,7,0,word_part_speech,0.47930277509545693,1.0
popt_perwindow,cross_session,7,1,word_part_speech,0.5204436495516308,1.0
popt_perwindow,cross_session,10,0,word_part_speech,0.5154487728549485,1.0
popt_perwindow,cross_session,10,1,word_part_speech,0.4694901920190467,1.0
popt_globalz,within,10,0,delta_volume,0.7617107091731712,2.0
popt_globalz,within,10,1,delta_volume,0.8514597243555584,2.0
popt_globalz,within,1,1,delta_volume,0.8543475648621256,2.0
popt_globalz,within,1,2,delta_volume,0.7988216147874152,2.0
popt_globalz,within,2,0,delta_volume,0.841473099066905,2.0
popt_globalz,within,2,4,delta_volume,0.8670783570003031,2.0
popt_globalz,within,3,0,delta_volume,0.7731353771564111,2.0
popt_globalz,within,3,1,delta_volume,0.8854751157226002,2.0
popt_globalz,within,4,0,delta_volume,0.8071995464852608,2.0
popt_globalz,within,4,1,delta_volume,0.6857386915770665,2.0
popt_globalz,within,7,0,delta_volume,0.5465554893785984,2.0
popt_globalz,within,7,1,delta_volume,0.7048903900609176,2.0
popt_globalz,within,10,0,face_num,0.4175522188437144,2.0
popt_globalz,within,10,1,face_num,0.5025822074543118,2.0
popt_globalz,within,1,1,face_num,0.6006773559867508,2.0
popt_globalz,within,1,2,face_num,0.5136751199021974,2.0
popt_globalz,within,2,0,face_num,0.5803357783977514,2.0
popt_globalz,within,2,4,face_num,0.5472490413048703,2.0
popt_globalz,within,3,0,face_num,0.5486609615163579,2.0
popt_globalz,within,3,1,face_num,0.4999934693792253,2.0
popt_globalz,within,4,0,face_num,0.5418727293097102,2.0
popt_globalz,within,4,1,face_num,0.5025495543504384,2.0
popt_globalz,within,7,0,face_num,0.3904174895248843,2.0
popt_globalz,within,7,1,face_num,0.556704074062464,2.0
popt_globalz,within,10,0,frame_brightness,0.4961312602530746,2.0
popt_globalz,within,10,1,frame_brightness,0.5571350950335936,2.0
popt_globalz,within,1,1,frame_brightness,0.5541401523463214,2.0
popt_globalz,within,1,2,frame_brightness,0.4745358034753352,2.0
popt_globalz,within,2,0,frame_brightness,0.605826097405515,2.0
popt_globalz,within,2,4,frame_brightness,0.4723846169921528,2.0
popt_globalz,within,3,0,frame_brightness,0.482837528604119,2.0
popt_globalz,within,3,1,frame_brightness,0.5388637242301704,2.0
popt_globalz,within,4,0,frame_brightness,0.4249674036281179,2.0
popt_globalz,within,4,1,frame_brightness,0.4464397667784709,2.0
popt_globalz,within,7,0,frame_brightness,0.3712971380207517,2.0
popt_globalz,within,7,1,frame_brightness,0.5267755451762222,2.0
popt_globalz,within,10,0,global_flow,0.5457430801542271,2.0
popt_globalz,within,10,1,global_flow,0.5847099881926376,2.0
popt_globalz,within,1,1,global_flow,0.682712401910076,2.0
popt_globalz,within,1,2,global_flow,0.6900071053154029,2.0
popt_globalz,within,2,0,global_flow,0.5918270587128931,2.0
popt_globalz,within,2,4,global_flow,0.6566539188949145,2.0
popt_globalz,within,3,0,global_flow,0.7532274327868509,2.0
popt_globalz,within,3,1,global_flow,0.6617687010856503,2.0
popt_globalz,within,4,0,global_flow,0.5263704648526077,2.0
popt_globalz,within,4,1,global_flow,0.5929451009895197,2.0
popt_globalz,within,7,0,global_flow,0.5710701336426236,2.0
popt_globalz,within,7,1,global_flow,0.5913659968862,2.0
popt_globalz,within,10,0,gpt2_surprisal,0.5808569219355715,2.0
popt_globalz,within,10,1,gpt2_surprisal,0.605994587421502,2.0
popt_globalz,within,1,1,gpt2_surprisal,0.5999289468459714,2.0
popt_globalz,within,1,2,gpt2_surprisal,0.6391779777018484,2.0
popt_globalz,within,2,0,gpt2_surprisal,0.64616443580661,2.0
popt_globalz,within,2,4,gpt2_surprisal,0.6596384125889471,2.0
popt_globalz,within,3,0,gpt2_surprisal,0.680049214758158,2.0
popt_globalz,within,3,1,gpt2_surprisal,0.6462232113935822,2.0
popt_globalz,within,4,0,gpt2_surprisal,0.6315674603174602,2.0
popt_globalz,within,4,1,gpt2_surprisal,0.5250801960231132,2.0
popt_globalz,within,7,0,gpt2_surprisal,0.5039170663406581,2.0
popt_globalz,within,7,1,gpt2_surprisal,0.5198739851415317,2.0
popt_globalz,within,10,0,local_flow,0.5809640241162763,2.0
popt_globalz,within,10,1,local_flow,0.572024910399883,2.0
popt_globalz,within,1,1,local_flow,0.6002189064083676,2.0
popt_globalz,within,1,2,local_flow,0.6656622571915196,2.0
popt_globalz,within,2,0,local_flow,0.5909023228111973,2.0
popt_globalz,within,2,4,local_flow,0.6019612760310544,2.0
popt_globalz,within,3,0,local_flow,0.6486055818521885,2.0
popt_globalz,within,3,1,local_flow,0.7741750519837414,2.0
popt_globalz,within,4,0,local_flow,0.6346272675736961,2.0
popt_globalz,within,4,1,local_flow,0.5986815982780059,2.0
popt_globalz,within,7,0,local_flow,0.5575582792597933,2.0
popt_globalz,within,7,1,local_flow,0.5879622373384324,2.0
popt_globalz,within,10,0,onset,0.9234401373610384,2.0
popt_globalz,within,10,1,onset,0.96961171541122,2.0
popt_globalz,within,1,1,onset,0.9490593112244898,2.0
popt_globalz,within,1,2,onset,0.9673509709468614,2.0
popt_globalz,within,2,0,onset,0.9716235068042609,2.0
popt_globalz,within,2,4,onset,0.9387671938002231,2.0
popt_globalz,within,3,0,onset,0.9512240995580077,2.0
popt_globalz,within,3,1,onset,0.9606507371631927,2.0
popt_globalz,within,4,0,onset,0.897931732093664,2.0
popt_globalz,within,4,1,onset,0.8853210660091625,2.0
popt_globalz,within,7,0,onset,0.9009069726131888,2.0
popt_globalz,within,7,1,onset,0.8388734152169612,2.0
popt_globalz,within,10,0,pitch,0.590317179189785,2.0
popt_globalz,within,10,1,pitch,0.5711067051189618,2.0
popt_globalz,within,1,1,pitch,0.7030278570159765,2.0
popt_globalz,within,1,2,pitch,0.6231413853275237,2.0
popt_globalz,within,2,0,pitch,0.6570470622655508,2.0
popt_globalz,within,2,4,pitch,0.6677246272321662,2.0
popt_globalz,within,3,0,pitch,0.5952935122200976,2.0
popt_globalz,within,3,1,pitch,0.6021010313156328,2.0
popt_globalz,within,4,0,pitch,0.5005272108843537,2.0
popt_globalz,within,4,1,pitch,0.5415974420864549,2.0
popt_globalz,within,7,0,pitch,0.5394318882375684,2.0
popt_globalz,within,7,1,pitch,0.5550191739025945,2.0
popt_globalz,within,10,0,speech,0.8983874591183139,2.0
popt_globalz,within,10,1,speech,0.9769025004440823,2.0
popt_globalz,within,1,1,speech,0.9407659634494216,2.0
popt_globalz,within,1,2,speech,0.9680038765764919,2.0
popt_globalz,within,2,0,speech,0.9712979216952446,2.0
popt_globalz,within,2,4,speech,0.9292446422787165,2.0
popt_globalz,within,3,0,speech,0.9420668631077396,2.0
popt_globalz,within,3,1,speech,0.9356786098659393,2.0
popt_globalz,within,4,0,speech,0.849686007753153,2.0
popt_globalz,within,4,1,speech,0.9057317952415285,2.0
popt_globalz,within,7,0,speech,0.8444288580295289,2.0
popt_globalz,within,7,1,speech,0.8631618874725042,2.0
popt_globalz,within,10,0,volume,0.7322967932039748,2.0
popt_globalz,within,10,1,volume,0.8789875970450247,2.0
popt_globalz,within,1,1,volume,0.7616584642069737,2.0
popt_globalz,within,1,2,volume,0.8441362862188229,2.0
popt_globalz,within,2,0,volume,0.8550084636845239,2.0
popt_globalz,within,2,4,volume,0.8844184612812556,2.0
popt_globalz,within,3,0,volume,0.8144193494456808,2.0
popt_globalz,within,3,1,volume,0.8604615320313888,2.0
popt_globalz,within,4,0,volume,0.6848426870748299,2.0
popt_globalz,within,4,1,volume,0.6568537558906199,2.0
popt_globalz,within,7,0,volume,0.609829367940399,2.0
popt_globalz,within,7,1,volume,0.6043423403655058,2.0
popt_globalz,within,10,0,word_gap,0.6853468543305853,2.0
popt_globalz,within,10,1,word_gap,0.6102760624013877,2.0
popt_globalz,within,1,1,word_gap,0.6344889919856221,2.0
popt_globalz,within,1,2,word_gap,0.5533751313410387,2.0
popt_globalz,within,2,0,word_gap,0.687740231244456,2.0
popt_globalz,within,2,4,word_gap,0.6204266948778983,2.0
popt_globalz,within,3,0,word_gap,0.6602470664451481,2.0
popt_globalz,within,3,1,word_gap,0.6472207884279327,2.0
popt_globalz,within,4,0,word_gap,0.7052359353863293,2.0
popt_globalz,within,4,1,word_gap,0.5901624496420601,2.0
popt_globalz,within,7,0,word_gap,0.503898780602489,2.0
popt_globalz,within,7,1,word_gap,0.5370819204127177,2.0
popt_globalz,within,10,0,word_head_pos,0.5664190255268904,2.0
popt_globalz,within,10,1,word_head_pos,0.5632712663134907,2.0
popt_globalz,within,1,1,word_head_pos,0.6408563472409433,2.0
popt_globalz,within,1,2,word_head_pos,0.6270153495710689,2.0
popt_globalz,within,2,0,word_head_pos,0.6253435106527485,2.0
popt_globalz,within,2,4,word_head_pos,0.6449614954599125,2.0
popt_globalz,within,3,0,word_head_pos,0.6225954254307597,2.0
popt_globalz,within,3,1,word_head_pos,0.6923307001870369,2.0
popt_globalz,within,4,0,word_head_pos,0.5877819922050511,2.0
popt_globalz,within,4,1,word_head_pos,0.556852972216127,2.0
popt_globalz,within,7,0,word_head_pos,0.5184098199638465,2.0
popt_globalz,within,7,1,word_head_pos,0.5708859701367773,2.0
popt_globalz,within,10,0,word_index,0.8018072221092355,2.0
popt_globalz,within,10,1,word_index,0.7855413105413105,2.0
popt_globalz,within,1,1,word_index,0.857417838712344,2.0
popt_globalz,within,1,2,word_index,0.663590926566705,2.0
popt_globalz,within,2,0,word_index,0.8001260482134417,2.0
popt_globalz,within,2,4,word_index,0.8710356718864831,2.0
popt_globalz,within,3,0,word_index,0.8075753230286197,2.0
popt_globalz,within,3,1,word_index,0.8739006607427661,2.0
popt_globalz,within,4,0,word_index,0.7754892080288907,2.0
popt_globalz,within,4,1,word_index,0.6679068047337279,2.0
popt_globalz,within,7,0,word_index,0.6418306967757517,2.0
popt_globalz,within,7,1,word_index,0.545155325443787,2.0
popt_globalz,within,10,0,word_length,0.5445375275592197,2.0
popt_globalz,within,10,1,word_length,0.6324853975319478,2.0
popt_globalz,within,1,1,word_length,0.6153333751293062,2.0
popt_globalz,within,1,2,word_length,0.6484135816014127,2.0
popt_globalz,within,2,0,word_length,0.7219039633031357,2.0
popt_globalz,within,2,4,word_length,0.7265916428952071,2.0
popt_globalz,within,3,0,word_length,0.6320465398158887,2.0
popt_globalz,within,3,1,word_length,0.6731881445722705,2.0
popt_globalz,within,4,0,word_length,0.6260683032162746,2.0
popt_globalz,within,4,1,word_length,0.5612794269772107,2.0
popt_globalz,within,7,0,word_length,0.5294269772107456,2.0
popt_globalz,within,7,1,word_length,0.5560849712130236,2.0
popt_globalz,within,10,0,word_part_speech,0.5886055689332264,2.0
popt_globalz,within,10,1,word_part_speech,0.5645495875981318,2.0
popt_globalz,within,1,1,word_part_speech,0.6095497989090237,2.0
popt_globalz,within,1,2,word_part_speech,0.6271116763659255,2.0
popt_globalz,within,2,0,word_part_speech,0.58553126937727,2.0
popt_globalz,within,2,4,word_part_speech,0.6857700600198124,2.0
popt_globalz,within,3,0,word_part_speech,0.6563873040855138,2.0
popt_globalz,within,3,1,word_part_speech,0.6437825591491209,2.0
popt_globalz,within,4,0,word_part_speech,0.5515461735169096,2.0
popt_globalz,within,4,1,word_part_speech,0.49622470739932556,2.0
popt_globalz,within,7,0,word_part_speech,0.6122499836054823,2.0
popt_globalz,within,7,1,word_part_speech,0.6229077811942074,2.0
popt_globalz,cross_session,10,0,delta_volume,0.7031849795918368,1.0
popt_globalz,cross_session,10,1,delta_volume,0.7968757551020409,1.0
popt_globalz,cross_session,1,1,delta_volume,0.7821426938775511,1.0
popt_globalz,cross_session,1,2,delta_volume,0.6994233469387755,1.0
popt_globalz,cross_session,2,0,delta_volume,0.7953044897959184,1.0
popt_globalz,cross_session,2,4,delta_volume,0.8254171428571428,1.0
popt_globalz,cross_session,3,0,delta_volume,0.7856535510204081,1.0
popt_globalz,cross_session,3,1,delta_volume,0.8877805714285716,1.0
popt_globalz,cross_session,4,0,delta_volume,0.8215591123219252,1.0
popt_globalz,cross_session,4,1,delta_volume,0.7059382857142857,1.0
popt_globalz,cross_session,7,0,delta_volume,0.6244173061224491,1.0
popt_globalz,cross_session,7,1,delta_volume,0.6791157551020408,1.0
popt_globalz,cross_session,10,0,face_num,0.5052865306122449,1.0
popt_globalz,cross_session,10,1,face_num,0.4911510204081633,1.0
popt_globalz,cross_session,1,1,face_num,0.6088228571428572,1.0
popt_globalz,cross_session,1,2,face_num,0.581702530612245,1.0
popt_globalz,cross_session,2,0,face_num,0.5847888979591837,1.0
popt_globalz,cross_session,2,4,face_num,0.5713201632653062,1.0
popt_globalz,cross_session,3,0,face_num,0.534365387755102,1.0
popt_globalz,cross_session,3,1,face_num,0.5183582040816327,1.0
popt_globalz,cross_session,4,0,face_num,0.4967764684198084,1.0
popt_globalz,cross_session,4,1,face_num,0.5268630204081632,1.0
popt_globalz,cross_session,7,0,face_num,0.5416150204081633,1.0
popt_globalz,cross_session,7,1,face_num,0.5285812244897959,1.0
popt_globalz,cross_session,10,0,frame_brightness,0.5121671836734694,1.0
popt_globalz,cross_session,10,1,frame_brightness,0.49173877551020406,1.0
popt_globalz,cross_session,1,1,frame_brightness,0.483136,1.0
popt_globalz,cross_session,1,2,frame_brightness,0.5372545306122449,1.0
popt_globalz,cross_session,2,0,frame_brightness,0.4322096326530612,1.0
popt_globalz,cross_session,2,4,frame_brightness,0.6121998367346939,1.0
popt_globalz,cross_session,3,0,frame_brightness,0.5804767346938775,1.0
popt_globalz,cross_session,3,1,frame_brightness,0.4799849795918367,1.0
popt_globalz,cross_session,4,0,frame_brightness,0.4354319200862705,1.0
popt_globalz,cross_session,4,1,frame_brightness,0.551614693877551,1.0
popt_globalz,cross_session,7,0,frame_brightness,0.45443722448979595,1.0
popt_globalz,cross_session,7,1,frame_brightness,0.48918204081632655,1.0
popt_globalz,cross_session,10,0,global_flow,0.5681554285714285,1.0
popt_globalz,cross_session,10,1,global_flow,0.6382484897959184,1.0
popt_globalz,cross_session,1,1,global_flow,0.5735131428571429,1.0
popt_globalz,cross_session,1,2,global_flow,0.6845518367346939,1.0
popt_globalz,cross_session,2,0,global_flow,0.49872195918367346,1.0
popt_globalz,cross_session,2,4,global_flow,0.508741224489796,1.0
popt_globalz,cross_session,3,0,global_flow,0.6905913469387756,1.0
popt_globalz,cross_session,3,1,global_flow,0.6982243265306123,1.0
popt_globalz,cross_session,4,0,global_flow,0.5927159600431352,1.0
popt_globalz,cross_session,4,1,global_flow,0.5728992653061225,1.0
popt_globalz,cross_session,7,0,global_flow,0.6235284897959184,1.0
popt_globalz,cross_session,7,1,global_flow,0.6376803265306122,1.0
popt_globalz,cross_session,10,0,gpt2_surprisal,0.5844493061224489,1.0
popt_globalz,cross_session,10,1,gpt2_surprisal,0.6038034285714287,1.0
popt_globalz,cross_session,1,1,gpt2_surprisal,0.5818579591836734,1.0
popt_globalz,cross_session,1,2,gpt2_surprisal,0.6005877551020409,1.0
popt_globalz,cross_session,2,0,gpt2_surprisal,0.6839588571428572,1.0
popt_globalz,cross_session,2,4,gpt2_surprisal,0.6382497959183674,1.0
popt_globalz,cross_session,3,0,gpt2_surprisal,0.6825443265306123,1.0
popt_globalz,cross_session,3,1,gpt2_surprisal,0.7101413877551019,1.0
popt_globalz,cross_session,4,0,gpt2_surprisal,0.6636471990464838,1.0
popt_globalz,cross_session,4,1,gpt2_surprisal,0.5815392653061224,1.0
popt_globalz,cross_session,7,0,gpt2_surprisal,0.5727582040816326,1.0
popt_globalz,cross_session,7,1,gpt2_surprisal,0.5808026122448979,1.0
popt_globalz,cross_session,10,0,local_flow,0.5499807346938775,1.0
popt_globalz,cross_session,10,1,local_flow,0.591429224489796,1.0
popt_globalz,cross_session,1,1,local_flow,0.5944097959183674,1.0
popt_globalz,cross_session,1,2,local_flow,0.6177051428571428,1.0
popt_globalz,cross_session,2,0,local_flow,0.5819232653061225,1.0
popt_globalz,cross_session,2,4,local_flow,0.6306951836734693,1.0
popt_globalz,cross_session,3,0,local_flow,0.6542622040816326,1.0
popt_globalz,cross_session,3,1,local_flow,0.6319614693877551,1.0
popt_globalz,cross_session,4,0,local_flow,0.5776434530904138,1.0
popt_globalz,cross_session,4,1,local_flow,0.5942889795918367,1.0
popt_globalz,cross_session,7,0,local_flow,0.5512417959183673,1.0
popt_globalz,cross_session,7,1,local_flow,0.5518622040816326,1.0
popt_globalz,cross_session,10,0,onset,0.875437055296236,1.0
popt_globalz,cross_session,10,1,onset,0.9434657959183673,1.0
popt_globalz,cross_session,1,1,onset,0.9096041194255481,1.0
popt_globalz,cross_session,1,2,onset,0.9897298100823986,1.0
popt_globalz,cross_session,2,0,onset,0.9367855176657275,1.0
popt_globalz,cross_session,2,4,onset,0.865868697989648,1.0
popt_globalz,cross_session,3,0,onset,0.9740708571428571,1.0
popt_globalz,cross_session,3,1,onset,0.9766078526695072,1.0
popt_globalz,cross_session,4,0,onset,0.9372202134986227,1.0
popt_globalz,cross_session,4,1,onset,0.8768574966660316,1.0
popt_globalz,cross_session,7,0,onset,0.9209338775510205,1.0
popt_globalz,cross_session,7,1,onset,0.8776443132025148,1.0
popt_globalz,cross_session,10,0,pitch,0.5887510204081633,1.0
popt_globalz,cross_session,10,1,pitch,0.6101583673469388,1.0
popt_globalz,cross_session,1,1,pitch,0.7056672653061223,1.0
popt_globalz,cross_session,1,2,pitch,0.6490409795918368,1.0
popt_globalz,cross_session,2,0,pitch,0.5552966530612244,1.0
popt_globalz,cross_session,2,4,pitch,0.6394233469387756,1.0
popt_globalz,cross_session,3,0,pitch,0.5841299591836735,1.0
popt_globalz,cross_session,3,1,pitch,0.5665580408163265,1.0
popt_globalz,cross_session,4,0,pitch,0.5453118792212952,1.0
popt_globalz,cross_session,4,1,pitch,0.5607510204081633,1.0
popt_globalz,cross_session,7,0,pitch,0.6152137142857143,1.0
popt_globalz,cross_session,7,1,pitch,0.5541648979591837,1.0
popt_globalz,cross_session,10,0,speech,0.7978448979591837,1.0
popt_globalz,cross_session,10,1,speech,0.9109381224489795,1.0
popt_globalz,cross_session,1,1,speech,0.9286099591836734,1.0
popt_globalz,cross_session,1,2,speech,0.9861903673469388,1.0
popt_globalz,cross_session,2,0,speech,0.9534145306122449,1.0
popt_globalz,cross_session,2,4,speech,0.8602181224489795,1.0
popt_globalz,cross_session,3,0,speech,0.978013387755102,1.0
popt_globalz,cross_session,3,1,speech,0.9695843265306123,1.0
popt_globalz,cross_session,4,0,speech,0.8934850612244898,1.0
popt_globalz,cross_session,4,1,speech,0.8767275102040817,1.0
popt_globalz,cross_session,7,0,speech,0.9197596734693876,1.0
popt_globalz,cross_session,7,1,speech,0.8802757528626255,1.0
popt_globalz,cross_session,10,0,volume,0.5452545306122448,1.0
popt_globalz,cross_session,10,1,volume,0.7502615510204081,1.0
popt_globalz,cross_session,1,1,volume,0.7404747755102041,1.0
popt_globalz,cross_session,1,2,volume,0.7943830204081633,1.0
popt_globalz,cross_session,2,0,volume,0.713112163265306,1.0
popt_globalz,cross_session,2,4,volume,0.7958817959183673,1.0
popt_globalz,cross_session,3,0,volume,0.803072,1.0
popt_globalz,cross_session,3,1,volume,0.805952,1.0
popt_globalz,cross_session,4,0,volume,0.6912807196776207,1.0
popt_globalz,cross_session,4,1,volume,0.6946050612244898,1.0
popt_globalz,cross_session,7,0,volume,0.6292871836734695,1.0
popt_globalz,cross_session,7,1,volume,0.5816777142857142,1.0
popt_globalz,cross_session,10,0,word_gap,0.6135941224489796,1.0
popt_globalz,cross_session,10,1,word_gap,0.6307010612244898,1.0
popt_globalz,cross_session,1,1,word_gap,0.5671366530612245,1.0
popt_globalz,cross_session,1,2,word_gap,0.5812687677677091,1.0
popt_globalz,cross_session,2,0,word_gap,0.6074445041802046,1.0
popt_globalz,cross_session,2,4,word_gap,0.5774370598286287,1.0
popt_globalz,cross_session,3,0,word_gap,0.6337475918367347,1.0
popt_globalz,cross_session,3,1,word_gap,0.6641760143959702,1.0
popt_globalz,cross_session,4,0,word_gap,0.696172296462751,1.0
popt_globalz,cross_session,4,1,word_gap,0.6202347979980039,1.0
popt_globalz,cross_session,7,0,word_gap,0.4958497959183673,1.0
popt_globalz,cross_session,7,1,word_gap,0.5361697965216856,1.0
popt_globalz,cross_session,10,0,word_head_pos,0.5748388571428571,1.0
popt_globalz,cross_session,10,1,word_head_pos,0.5979702857142857,1.0
popt_globalz,cross_session,1,1,word_head_pos,0.5997871020408163,1.0
popt_globalz,cross_session,1,2,word_head_pos,0.6338024489795918,1.0
popt_globalz,cross_session,2,0,word_head_pos,0.6156623673469388,1.0
popt_globalz,cross_session,2,4,word_head_pos,0.6377665306122449,1.0
popt_globalz,cross_session,3,0,word_head_pos,0.654215836734694,1.0
popt_globalz,cross_session,3,1,word_head_pos,0.6806556734693877,1.0
popt_globalz,cross_session,4,0,word_head_pos,0.6141844897959183,1.0
popt_globalz,cross_session,4,1,word_head_pos,0.5771010612244898,1.0
popt_globalz,cross_session,7,0,word_head_pos,0.5716702040816326,1.0
popt_globalz,cross_session,7,1,word_head_pos,0.5821022040816326,1.0
popt_globalz,cross_session,10,0,word_index,0.7442124324477266,1.0
popt_globalz,cross_session,10,1,word_index,0.7621705551506288,1.0
popt_globalz,cross_session,1,1,word_index,0.6191866139077666,1.0
popt_globalz,cross_session,1,2,word_index,0.5297539407920031,1.0
popt_globalz,cross_session,2,0,word_index,0.7624382691683551,1.0
popt_globalz,cross_session,2,4,word_index,0.5785958081293459,1.0
popt_globalz,cross_session,3,0,word_index,0.8017462248892785,1.0
popt_globalz,cross_session,3,1,word_index,0.8675617022003748,1.0
popt_globalz,cross_session,4,0,word_index,0.8108009487319832,1.0
popt_globalz,cross_session,4,1,word_index,0.711920112642656,1.0
popt_globalz,cross_session,7,0,word_index,0.6270916153997309,1.0
popt_globalz,cross_session,7,1,word_index,0.6200088928412628,1.0
popt_globalz,cross_session,10,0,word_length,0.6050403265306122,1.0
popt_globalz,cross_session,10,1,word_length,0.6010501224489796,1.0
popt_globalz,cross_session,1,1,word_length,0.5903712653061224,1.0
popt_globalz,cross_session,1,2,word_length,0.6318955102040817,1.0
popt_globalz,cross_session,2,0,word_length,0.702272,1.0
popt_globalz,cross_session,2,4,word_length,0.6825364897959184,1.0
popt_globalz,cross_session,3,0,word_length,0.6738259591836735,1.0
popt_globalz,cross_session,3,1,word_length,0.6535954285714286,1.0
popt_globalz,cross_session,4,0,word_length,0.645750020243749,1.0
popt_globalz,cross_session,4,1,word_length,0.6522213877551022,1.0
popt_globalz,cross_session,7,0,word_length,0.5715918367346939,1.0
popt_globalz,cross_session,7,1,word_length,0.624894693877551,1.0
popt_globalz,cross_session,10,0,word_part_speech,0.583122389116714,1.0
popt_globalz,cross_session,10,1,word_part_speech,0.5879467936442213,1.0
popt_globalz,cross_session,1,1,word_part_speech,0.6096046944341715,1.0
popt_globalz,cross_session,1,2,word_part_speech,0.6010952169520536,1.0
popt_globalz,cross_session,2,0,word_part_speech,0.5920221453287198,1.0
popt_globalz,cross_session,2,4,word_part_speech,0.6267153720645651,1.0
popt_globalz,cross_session,3,0,word_part_speech,0.6520261131449387,1.0
popt_globalz,cross_session,3,1,word_part_speech,0.6424118786226171,1.0
popt_globalz,cross_session,4,0,word_part_speech,0.6050019091256205,1.0
popt_globalz,cross_session,4,1,word_part_speech,0.538738604466304,1.0
popt_globalz,cross_session,7,0,word_part_speech,0.623310342792408,1.0
popt_globalz,cross_session,7,1,word_part_speech,0.6736468191867253,1.0
popt_globalz,cross_subject,10,0,delta_volume,0.6569789387755103,1.0
popt_globalz,cross_subject,10,1,delta_volume,0.7750661224489797,1.0
popt_globalz,cross_subject,1,1,delta_volume,0.7472195918367346,1.0
popt_globalz,cross_subject,1,2,delta_volume,0.6967536326530611,1.0
popt_globalz,cross_subject,3,0,delta_volume,0.7211088979591838,1.0
popt_globalz,cross_subject,3,1,delta_volume,0.8388924081632654,1.0
popt_globalz,cross_subject,4,0,delta_volume,0.5648461887734831,1.0
popt_globalz,cross_subject,4,1,delta_volume,0.5362089795918368,1.0
popt_globalz,cross_subject,7,0,delta_volume,0.5086406530612244,1.0
popt_globalz,cross_subject,7,1,delta_volume,0.4858631836734695,1.0
popt_globalz,cross_subject,10,0,face_num,0.46704979591836737,1.0
popt_globalz,cross_subject,10,1,face_num,0.5010540408163265,1.0
popt_globalz,cross_subject,1,1,face_num,0.5501844897959184,1.0
popt_globalz,cross_subject,1,2,face_num,0.5562057142857143,1.0
popt_globalz,cross_subject,3,0,face_num,0.5308669387755102,1.0
popt_globalz,cross_subject,3,1,face_num,0.5545599999999999,1.0
popt_globalz,cross_subject,4,0,face_num,0.44984994250133226,1.0
popt_globalz,cross_subject,4,1,face_num,0.501632,1.0
popt_globalz,cross_subject,7,0,face_num,0.5435350204081633,1.0
popt_globalz,cross_subject,7,1,face_num,0.5099284897959184,1.0
popt_globalz,cross_subject,10,0,frame_brightness,0.5136555102040816,1.0
popt_globalz,cross_subject,10,1,frame_brightness,0.4123271836734694,1.0
popt_globalz,cross_subject,1,1,frame_brightness,0.5069871020408163,1.0
popt_globalz,cross_subject,1,2,frame_brightness,0.507973224489796,1.0
popt_globalz,cross_subject,3,0,frame_brightness,0.45912489795918365,1.0
popt_globalz,cross_subject,3,1,frame_brightness,0.4657123265306122,1.0
popt_globalz,cross_subject,4,0,frame_brightness,0.6699912026789261,1.0
popt_globalz,cross_subject,4,1,frame_brightness,0.46144653061224494,1.0
popt_globalz,cross_subject,7,0,frame_brightness,0.4928143673469388,1.0
popt_globalz,cross_subject,7,1,frame_brightness,0.5261374693877551,1.0
popt_globalz,cross_subject,10,0,global_flow,0.5493564081632654,1.0
popt_globalz,cross_subject,10,1,global_flow,0.469537306122449,1.0
popt_globalz,cross_subject,1,1,global_flow,0.5518942040816327,1.0
popt_globalz,cross_subject,1,2,global_flow,0.5417208163265306,1.0
popt_globalz,cross_subject,3,0,global_flow,0.6753502040816326,1.0
popt_globalz,cross_subject,3,1,global_flow,0.6128182857142856,1.0
popt_globalz,cross_subject,4,0,global_flow,0.4753348657699075,1.0
popt_globalz,cross_subject,4,1,global_flow,0.4618723265306122,1.0
popt_globalz,cross_subject,7,0,global_flow,0.582270693877551,1.0
popt_globalz,cross_subject,7,1,global_flow,0.5638419591836734,1.0
popt_globalz,cross_subject,10,0,gpt2_surprisal,0.5689299591836735,1.0
popt_globalz,cross_subject,10,1,gpt2_surprisal,0.5435232653061225,1.0
popt_globalz,cross_subject,1,1,gpt2_surprisal,0.5988649795918368,1.0
popt_globalz,cross_subject,1,2,gpt2_surprisal,0.5708094693877551,1.0
popt_globalz,cross_subject,3,0,gpt2_surprisal,0.6346181224489795,1.0
popt_globalz,cross_subject,3,1,gpt2_surprisal,0.6571781224489797,1.0
popt_globalz,cross_subject,4,0,gpt2_surprisal,0.5371012827061695,1.0
popt_globalz,cross_subject,4,1,gpt2_surprisal,0.5026546938775511,1.0
popt_globalz,cross_subject,7,0,gpt2_surprisal,0.511132081632653,1.0
popt_globalz,cross_subject,7,1,gpt2_surprisal,0.5085714285714286,1.0
popt_globalz,cross_subject,10,0,local_flow,0.5432587755102041,1.0
popt_globalz,cross_subject,10,1,local_flow,0.5019069387755102,1.0
popt_globalz,cross_subject,1,1,local_flow,0.5321586938775511,1.0
popt_globalz,cross_subject,1,2,local_flow,0.4906331428571429,1.0
popt_globalz,cross_subject,3,0,local_flow,0.6099657142857142,1.0
popt_globalz,cross_subject,3,1,local_flow,0.6534256326530613,1.0
popt_globalz,cross_subject,4,0,local_flow,0.5377021964924229,1.0
popt_globalz,cross_subject,4,1,local_flow,0.46267297959183673,1.0
popt_globalz,cross_subject,7,0,local_flow,0.5644003265306122,1.0
popt_globalz,cross_subject,7,1,local_flow,0.5692760816326531,1.0
popt_globalz,cross_subject,10,0,onset,0.7729060680757329,1.0
popt_globalz,cross_subject,10,1,onset,0.7076780408163265,1.0
popt_globalz,cross_subject,1,1,onset,0.7058165220111032,1.0
popt_globalz,cross_subject,1,2,onset,0.8115990298076362,1.0
popt_globalz,cross_subject,3,0,onset,0.8727248979591836,1.0
popt_globalz,cross_subject,3,1,onset,0.9404202452330795,1.0
popt_globalz,cross_subject,4,0,onset,0.640072601010101,1.0
popt_globalz,cross_subject,4,1,onset,0.6700647742427128,1.0
popt_globalz,cross_subject,7,0,onset,0.544513306122449,1.0
popt_globalz,cross_subject,7,1,onset,0.4414764717088969,1.0
popt_globalz,cross_subject,10,0,pitch,0.5118014693877552,1.0
popt_globalz,cross_subject,10,1,pitch,0.5229048163265306,1.0
popt_globalz,cross_subject,1,1,pitch,0.5368241632653061,1.0
popt_globalz,cross_subject,1,2,pitch,0.5408835918367347,1.0
popt_globalz,cross_subject,3,0,pitch,0.5579911836734694,1.0
popt_globalz,cross_subject,3,1,pitch,0.4697482448979592,1.0
popt_globalz,cross_subject,4,0,pitch,0.47148532833872525,1.0
popt_globalz,cross_subject,4,1,pitch,0.5436257959183673,1.0
popt_globalz,cross_subject,7,0,pitch,0.5612532244897959,1.0
popt_globalz,cross_subject,7,1,pitch,0.5307898775510205,1.0
popt_globalz,cross_subject,10,0,speech,0.7223497142857143,1.0
popt_globalz,cross_subject,10,1,speech,0.700825469387755,1.0
popt_globalz,cross_subject,1,1,speech,0.7471137959183674,1.0
popt_globalz,cross_subject,1,2,speech,0.9028042448979592,1.0
popt_globalz,cross_subject,3,0,speech,0.8712254693877551,1.0
popt_globalz,cross_subject,3,1,speech,0.9172479999999998,1.0
popt_globalz,cross_subject,4,0,speech,0.5847164081632653,1.0
popt_globalz,cross_subject,4,1,speech,0.6190942040816326,1.0
popt_globalz,cross_subject,7,0,speech,0.6096228571428572,1.0
popt_globalz,cross_subject,7,1,speech,0.4604044198638793,1.0
popt_globalz,cross_subject,10,0,volume,0.5281684897959184,1.0
popt_globalz,cross_subject,10,1,volume,0.6695980408163265,1.0
popt_globalz,cross_subject,1,1,volume,0.526016,1.0
popt_globalz,cross_subject,1,2,volume,0.6290742857142857,1.0
popt_globalz,cross_subject,3,0,volume,0.706558693877551,1.0
popt_globalz,cross_subject,3,1,volume,0.6654824489795919,1.0
popt_globalz,cross_subject,4,0,volume,0.5480404676769397,1.0
popt_globalz,cross_subject,4,1,volume,0.6025110204081633,1.0
popt_globalz,cross_subject,7,0,volume,0.4813949387755102,1.0
popt_globalz,cross_subject,7,1,volume,0.5335549387755102,1.0
popt_globalz,cross_subject,10,0,word_gap,0.5517714285714286,1.0
popt_globalz,cross_subject,10,1,word_gap,0.5454367346938775,1.0
popt_globalz,cross_subject,1,1,word_gap,0.5227859591836734,1.0
popt_globalz,cross_subject,1,2,word_gap,0.5487708612238584,1.0
popt_globalz,cross_subject,3,0,word_gap,0.5149942857142857,1.0
popt_globalz,cross_subject,3,1,word_gap,0.5593880467370899,1.0
popt_globalz,cross_subject,4,0,word_gap,0.5135405958898106,1.0
popt_globalz,cross_subject,4,1,word_gap,0.5323748435374396,1.0
popt_globalz,cross_subject,7,0,word_gap,0.4499134693877551,1.0
popt_globalz,cross_subject,7,1,word_gap,0.5102554302244909,1.0
popt_globalz,cross_subject,10,0,word_head_pos,0.5214785306122449,1.0
popt_globalz,cross_subject,10,1,word_head_pos,0.5536986122448979,1.0
popt_globalz,cross_subject,1,1,word_head_pos,0.5553593469387754,1.0
popt_globalz,cross_subject,1,2,word_head_pos,0.576005224489796,1.0
popt_globalz,cross_subject,3,0,word_head_pos,0.6194533877551021,1.0
popt_globalz,cross_subject,3,1,word_head_pos,0.6595526530612246,1.0
popt_globalz,cross_subject,4,0,word_head_pos,0.5428284081632653,1.0
popt_globalz,cross_subject,4,1,word_head_pos,0.5252558367346938,1.0
popt_globalz,cross_subject,7,0,word_head_pos,0.4891128163265306,1.0
popt_globalz,cross_subject,7,1,word_head_pos,0.49085191836734693,1.0
popt_globalz,cross_subject,10,0,word_index,0.7152533740769035,1.0
popt_globalz,cross_subject,10,1,word_index,0.6644404927813561,1.0
popt_globalz,cross_subject,1,1,word_index,0.6282271944922547,1.0
popt_globalz,cross_subject,1,2,word_index,0.5252941176470588,1.0
popt_globalz,cross_subject,3,0,word_index,0.679780673246973,1.0
popt_globalz,cross_subject,3,1,word_index,0.7535728322349496,1.0
popt_globalz,cross_subject,4,0,word_index,0.6942584873619356,1.0
popt_globalz,cross_subject,4,1,word_index,0.6098969912553728,1.0
popt_globalz,cross_subject,7,0,word_index,0.5205609383738682,1.0
popt_globalz,cross_subject,7,1,word_index,0.5043389654661331,1.0
popt_globalz,cross_subject,10,0,word_length,0.5226664489795918,1.0
popt_globalz,cross_subject,10,1,word_length,0.493472,1.0
popt_globalz,cross_subject,1,1,word_length,0.516902530612245,1.0
popt_globalz,cross_subject,1,2,word_length,0.5553221224489796,1.0
popt_globalz,cross_subject,3,0,word_length,0.5445374693877552,1.0
popt_globalz,cross_subject,3,1,word_length,0.5776751020408164,1.0
popt_globalz,cross_subject,4,0,word_length,0.5169813089821159,1.0
popt_globalz,cross_subject,4,1,word_length,0.49105110204081637,1.0
popt_globalz,cross_subject,7,0,word_length,0.5121005714285715,1.0
popt_globalz,cross_subject,7,1,word_length,0.5351830204081632,1.0
popt_globalz,cross_subject,10,0,word_part_speech,0.4739737105287084,1.0
popt_globalz,cross_subject,10,1,word_part_speech,0.4681517519797112,1.0
popt_globalz,cross_subject,1,1,word_part_speech,0.5095019820173817,1.0
popt_globalz,cross_subject,1,2,word_part_speech,0.5533001293411324,1.0
popt_globalz,cross_subject,3,0,word_part_speech,0.5834356622800474,1.0
popt_globalz,cross_subject,3,1,word_part_speech,0.574748430552588,1.0
popt_globalz,cross_subject,4,0,word_part_speech,0.5010775953502185,1.0
popt_globalz,cross_subject,4,1,word_part_speech,0.5075390615296719,1.0
popt_globalz,cross_subject,7,0,word_part_speech,0.533261962650071,1.0
popt_globalz,cross_subject,7,1,word_part_speech,0.5257579427180366,1.0
diver1_tiny_frozen,within,1,1,delta_volume,0.88554,2.0
diver1_tiny_frozen,within,1,2,delta_volume,0.8532500000000001,2.0
diver1_tiny_frozen,within,2,0,delta_volume,0.8578349999999999,2.0
diver1_tiny_frozen,within,2,4,delta_volume,0.893535,2.0
diver1_tiny_frozen,within,3,0,delta_volume,0.7953600000000001,2.0
diver1_tiny_frozen,within,3,1,delta_volume,0.888695,2.0
diver1_tiny_frozen,within,4,0,delta_volume,0.796055,2.0
diver1_tiny_frozen,within,4,1,delta_volume,0.640475,2.0
diver1_tiny_frozen,within,7,0,delta_volume,0.620105,2.0
diver1_tiny_frozen,within,7,1,delta_volume,0.7779050000000001,2.0
diver1_tiny_frozen,within,10,0,delta_volume,0.7804599999999999,2.0
diver1_tiny_frozen,within,10,1,delta_volume,0.84508,2.0
diver1_tiny_frozen,within,1,1,face_num,0.5848150000000001,2.0
diver1_tiny_frozen,within,1,2,face_num,0.55124,2.0
diver1_tiny_frozen,within,2,0,face_num,0.5805849999999999,2.0
diver1_tiny_frozen,within,2,4,face_num,0.55559,2.0
diver1_tiny_frozen,within,3,0,face_num,0.548455,2.0
diver1_tiny_frozen,within,3,1,face_num,0.534455,2.0
diver1_tiny_frozen,within,4,0,face_num,0.50431,2.0
diver1_tiny_frozen,within,4,1,face_num,0.5093000000000001,2.0
diver1_tiny_frozen,within,7,0,face_num,0.41567,2.0
diver1_tiny_frozen,within,7,1,face_num,0.51706,2.0
diver1_tiny_frozen,within,10,0,face_num,0.500575,2.0
diver1_tiny_frozen,within,10,1,face_num,0.4989,2.0
diver1_tiny_frozen,within,1,1,frame_brightness,0.544385,2.0
diver1_tiny_frozen,within,1,2,frame_brightness,0.43045,2.0
diver1_tiny_frozen,within,2,0,frame_brightness,0.561055,2.0
diver1_tiny_frozen,within,2,4,frame_brightness,0.541255,2.0
diver1_tiny_frozen,within,3,0,frame_brightness,0.5314000000000001,2.0
diver1_tiny_frozen,within,3,1,frame_brightness,0.43537,2.0
diver1_tiny_frozen,within,4,0,frame_brightness,0.6040300000000001,2.0
diver1_tiny_frozen,within,4,1,frame_brightness,0.517675,2.0
diver1_tiny_frozen,within,7,0,frame_brightness,0.246485,2.0
diver1_tiny_frozen,within,7,1,frame_brightness,0.490925,2.0
diver1_tiny_frozen,within,10,0,frame_brightness,0.5682,2.0
diver1_tiny_frozen,within,10,1,frame_brightness,0.470295,2.0
diver1_tiny_frozen,within,1,1,global_flow,0.660685,2.0
diver1_tiny_frozen,within,1,2,global_flow,0.62154,2.0
diver1_tiny_frozen,within,2,0,global_flow,0.58858,2.0
diver1_tiny_frozen,within,2,4,global_flow,0.634855,2.0
diver1_tiny_frozen,within,3,0,global_flow,0.71938,2.0
diver1_tiny_frozen,within,3,1,global_flow,0.6500349999999999,2.0
diver1_tiny_frozen,within,4,0,global_flow,0.68196,2.0
diver1_tiny_frozen,within,4,1,global_flow,0.60585,2.0
diver1_tiny_frozen,within,7,0,global_flow,0.54521,2.0
diver1_tiny_frozen,within,7,1,global_flow,0.6095349999999999,2.0
diver1_tiny_frozen,within,10,0,global_flow,0.58582,2.0
diver1_tiny_frozen,within,10,1,global_flow,0.63594,2.0
diver1_tiny_frozen,within,1,1,gpt2_surprisal,0.644835,2.0
diver1_tiny_frozen,within,1,2,gpt2_surprisal,0.6631849999999999,2.0
diver1_tiny_frozen,within,2,0,gpt2_surprisal,0.66543,2.0
diver1_tiny_frozen,within,2,4,gpt2_surprisal,0.656445,2.0
diver1_tiny_frozen,within,3,0,gpt2_surprisal,0.698315,2.0
diver1_tiny_frozen,within,3,1,gpt2_surprisal,0.689055,2.0
diver1_tiny_frozen,within,4,0,gpt2_surprisal,0.6106499999999999,2.0
diver1_tiny_frozen,within,4,1,gpt2_surprisal,0.541595,2.0
diver1_tiny_frozen,within,7,0,gpt2_surprisal,0.540225,2.0
diver1_tiny_frozen,within,7,1,gpt2_surprisal,0.602985,2.0
diver1_tiny_frozen,within,10,0,gpt2_surprisal,0.604285,2.0
diver1_tiny_frozen,within,10,1,gpt2_surprisal,0.628485,2.0
diver1_tiny_frozen,within,1,1,local_flow,0.61771,2.0
diver1_tiny_frozen,within,1,2,local_flow,0.60598,2.0
diver1_tiny_frozen,within,2,0,local_flow,0.58071,2.0
diver1_tiny_frozen,within,2,4,local_flow,0.65263,2.0
diver1_tiny_frozen,within,3,0,local_flow,0.64354,2.0
diver1_tiny_frozen,within,3,1,local_flow,0.733935,2.0
diver1_tiny_frozen,within,4,0,local_flow,0.643545,2.0
diver1_tiny_frozen,within,4,1,local_flow,0.628995,2.0
diver1_tiny_frozen,within,7,0,local_flow,0.538285,2.0
diver1_tiny_frozen,within,7,1,local_flow,0.60927,2.0
diver1_tiny_frozen,within,10,0,local_flow,0.533935,2.0
diver1_tiny_frozen,within,10,1,local_flow,0.60538,2.0
diver1_tiny_frozen,within,1,1,onset,0.9595,2.0
diver1_tiny_frozen,within,1,2,onset,0.96702,2.0
diver1_tiny_frozen,within,2,0,onset,0.95484,2.0
diver1_tiny_frozen,within,2,4,onset,0.926545,2.0
diver1_tiny_frozen,within,3,0,onset,0.96559,2.0
diver1_tiny_frozen,within,3,1,onset,0.9557,2.0
diver1_tiny_frozen,within,4,0,onset,0.92521,2.0
diver1_tiny_frozen,within,4,1,onset,0.886935,2.0
diver1_tiny_frozen,within,7,0,onset,0.876485,2.0
diver1_tiny_frozen,within,7,1,onset,0.8780600000000001,2.0
diver1_tiny_frozen,within,10,0,onset,0.897205,2.0
diver1_tiny_frozen,within,10,1,onset,0.9632149999999999,2.0
diver1_tiny_frozen,within,1,1,pitch,0.604535,2.0
diver1_tiny_frozen,within,1,2,pitch,0.6005050000000001,2.0
diver1_tiny_frozen,within,2,0,pitch,0.631195,2.0
diver1_tiny_frozen,within,2,4,pitch,0.6253949999999999,2.0
diver1_tiny_frozen,within,3,0,pitch,0.6121650000000001,2.0
diver1_tiny_frozen,within,3,1,pitch,0.58621,2.0
diver1_tiny_frozen,within,4,0,pitch,0.599705,2.0
diver1_tiny_frozen,within,4,1,pitch,0.5888100000000001,2.0
diver1_tiny_frozen,within,7,0,pitch,0.51605,2.0
diver1_tiny_frozen,within,7,1,pitch,0.55591,2.0
diver1_tiny_frozen,within,10,0,pitch,0.55701,2.0
diver1_tiny_frozen,within,10,1,pitch,0.6235299999999999,2.0
diver1_tiny_frozen,within,1,1,speech,0.924425,2.0
diver1_tiny_frozen,within,1,2,speech,0.961085,2.0
diver1_tiny_frozen,within,2,0,speech,0.958175,2.0
diver1_tiny_frozen,within,2,4,speech,0.893865,2.0
diver1_tiny_frozen,within,3,0,speech,0.939005,2.0
diver1_tiny_frozen,within,3,1,speech,0.9099200000000001,2.0
diver1_tiny_frozen,within,4,0,speech,0.8721749999999999,2.0
diver1_tiny_frozen,within,4,1,speech,0.878355,2.0
diver1_tiny_frozen,within,7,0,speech,0.805205,2.0
diver1_tiny_frozen,within,7,1,speech,0.8517049999999999,2.0
diver1_tiny_frozen,within,10,0,speech,0.810685,2.0
diver1_tiny_frozen,within,10,1,speech,0.957525,2.0
diver1_tiny_frozen,within,1,1,volume,0.77878,2.0
diver1_tiny_frozen,within,1,2,volume,0.7716799999999999,2.0
diver1_tiny_frozen,within,2,0,volume,0.8041400000000001,2.0
diver1_tiny_frozen,within,2,4,volume,0.821475,2.0
diver1_tiny_frozen,within,3,0,volume,0.77417,2.0
diver1_tiny_frozen,within,3,1,volume,0.78983,2.0
diver1_tiny_frozen,within,4,0,volume,0.68328,2.0
diver1_tiny_frozen,within,4,1,volume,0.627675,2.0
diver1_tiny_frozen,within,7,0,volume,0.47065500000000005,2.0
diver1_tiny_frozen,within,7,1,volume,0.673315,2.0
diver1_tiny_frozen,within,10,0,volume,0.638035,2.0
diver1_tiny_frozen,within,10,1,volume,0.7979149999999999,2.0
diver1_tiny_frozen,within,1,1,word_gap,0.653015,2.0
diver1_tiny_frozen,within,1,2,word_gap,0.621795,2.0
diver1_tiny_frozen,within,2,0,word_gap,0.68838,2.0
diver1_tiny_frozen,within,2,4,word_gap,0.632765,2.0
diver1_tiny_frozen,within,3,0,word_gap,0.69773,2.0
diver1_tiny_frozen,within,3,1,word_gap,0.670535,2.0
diver1_tiny_frozen,within,4,0,word_gap,0.64577,2.0
diver1_tiny_frozen,within,4,1,word_gap,0.57904,2.0
diver1_tiny_frozen,within,7,0,word_gap,0.532275,2.0
diver1_tiny_frozen,within,7,1,word_gap,0.5819,2.0
diver1_tiny_frozen,within,10,0,word_gap,0.70026,2.0
diver1_tiny_frozen,within,10,1,word_gap,0.6340399999999999,2.0
diver1_tiny_frozen,within,1,1,word_head_pos,0.67067,2.0
diver1_tiny_frozen,within,1,2,word_head_pos,0.665825,2.0
diver1_tiny_frozen,within,2,0,word_head_pos,0.6637299999999999,2.0
diver1_tiny_frozen,within,2,4,word_head_pos,0.6744600000000001,2.0
diver1_tiny_frozen,within,3,0,word_head_pos,0.644645,2.0
diver1_tiny_frozen,within,3,1,word_head_pos,0.6749499999999999,2.0
diver1_tiny_frozen,within,4,0,word_head_pos,0.5838749999999999,2.0
diver1_tiny_frozen,within,4,1,word_head_pos,0.550885,2.0
diver1_tiny_frozen,within,7,0,word_head_pos,0.539525,2.0
diver1_tiny_frozen,within,7,1,word_head_pos,0.6074299999999999,2.0
diver1_tiny_frozen,within,10,0,word_head_pos,0.592795,2.0
diver1_tiny_frozen,within,10,1,word_head_pos,0.6043000000000001,2.0
diver1_tiny_frozen,within,1,1,word_index,0.8881600000000001,2.0
diver1_tiny_frozen,within,1,2,word_index,0.735425,2.0
diver1_tiny_frozen,within,2,0,word_index,0.8177650000000001,2.0
diver1_tiny_frozen,within,2,4,word_index,0.874805,2.0
diver1_tiny_frozen,within,3,0,word_index,0.892355,2.0
diver1_tiny_frozen,within,3,1,word_index,0.881155,2.0
diver1_tiny_frozen,within,4,0,word_index,0.7987150000000001,2.0
diver1_tiny_frozen,within,4,1,word_index,0.664515,2.0
diver1_tiny_frozen,within,7,0,word_index,0.7196549999999999,2.0
diver1_tiny_frozen,within,7,1,word_index,0.6857599999999999,2.0
diver1_tiny_frozen,within,10,0,word_index,0.824235,2.0
diver1_tiny_frozen,within,10,1,word_index,0.79894,2.0
diver1_tiny_frozen,within,1,1,word_length,0.66035,2.0
diver1_tiny_frozen,within,1,2,word_length,0.69171,2.0
diver1_tiny_frozen,within,2,0,word_length,0.73915,2.0
diver1_tiny_frozen,within,2,4,word_length,0.736815,2.0
diver1_tiny_frozen,within,3,0,word_length,0.6764,2.0
diver1_tiny_frozen,within,3,1,word_length,0.68727,2.0
diver1_tiny_frozen,within,4,0,word_length,0.617575,2.0
diver1_tiny_frozen,within,4,1,word_length,0.54347,2.0
diver1_tiny_frozen,within,7,0,word_length,0.5600700000000001,2.0
diver1_tiny_frozen,within,7,1,word_length,0.5602400000000001,2.0
diver1_tiny_frozen,within,10,0,word_length,0.634585,2.0
diver1_tiny_frozen,within,10,1,word_length,0.649615,2.0
diver1_tiny_frozen,within,1,1,word_part_speech,0.6578200000000001,2.0
diver1_tiny_frozen,within,1,2,word_part_speech,0.649185,2.0
diver1_tiny_frozen,within,2,0,word_part_speech,0.65543,2.0
diver1_tiny_frozen,within,2,4,word_part_speech,0.7262599999999999,2.0
diver1_tiny_frozen,within,3,0,word_part_speech,0.684555,2.0
diver1_tiny_frozen,within,3,1,word_part_speech,0.69103,2.0
diver1_tiny_frozen,within,4,0,word_part_speech,0.524615,2.0
diver1_tiny_frozen,within,4,1,word_part_speech,0.51823,2.0
diver1_tiny_frozen,within,7,0,word_part_speech,0.594425,2.0
diver1_tiny_frozen,within,7,1,word_part_speech,0.62696,2.0
diver1_tiny_frozen,within,10,0,word_part_speech,0.5963849999999999,2.0
diver1_tiny_frozen,within,10,1,word_part_speech,0.603305,2.0
diver1_tiny,within,1,1,delta_volume,0.893455,2.0
diver1_tiny,within,1,2,delta_volume,0.879005,2.0
diver1_tiny,within,2,0,delta_volume,0.8661749999999999,2.0
diver1_tiny,within,2,4,delta_volume,0.895035,2.0
diver1_tiny,within,3,0,delta_volume,0.819705,2.0
diver1_tiny,within,3,1,delta_volume,0.8959999999999999,2.0
diver1_tiny,within,4,0,delta_volume,0.810685,2.0
diver1_tiny,within,4,1,delta_volume,0.652495,2.0
diver1_tiny,within,7,0,delta_volume,0.62399,2.0
diver1_tiny,within,7,1,delta_volume,0.7986150000000001,2.0
diver1_tiny,within,10,0,delta_volume,0.785485,2.0
diver1_tiny,within,10,1,delta_volume,0.841545,2.0
diver1_tiny,within,1,1,face_num,0.573805,2.0
diver1_tiny,within,1,2,face_num,0.523395,2.0
diver1_tiny,within,2,0,face_num,0.5502849999999999,2.0
diver1_tiny,within,2,4,face_num,0.54735,2.0
diver1_tiny,within,3,0,face_num,0.534675,2.0
diver1_tiny,within,3,1,face_num,0.511695,2.0
diver1_tiny,within,4,0,face_num,0.48550000000000004,2.0
diver1_tiny,within,4,1,face_num,0.5109699999999999,2.0
diver1_tiny,within,7,0,face_num,0.45507,2.0
diver1_tiny,within,7,1,face_num,0.50058,2.0
diver1_tiny,within,10,0,face_num,0.517975,2.0
diver1_tiny,within,10,1,face_num,0.5020549999999999,2.0
diver1_tiny,within,1,1,frame_brightness,0.51475,2.0
diver1_tiny,within,1,2,frame_brightness,0.43023999999999996,2.0
diver1_tiny,within,2,0,frame_brightness,0.510305,2.0
diver1_tiny,within,2,4,frame_brightness,0.501125,2.0
diver1_tiny,within,3,0,frame_brightness,0.53536,2.0
diver1_tiny,within,3,1,frame_brightness,0.40703,2.0
diver1_tiny,within,4,0,frame_brightness,0.59989,2.0
diver1_tiny,within,4,1,frame_brightness,0.51378,2.0
diver1_tiny,within,7,0,frame_brightness,0.278975,2.0
diver1_tiny,within,7,1,frame_brightness,0.48202999999999996,2.0
diver1_tiny,within,10,0,frame_brightness,0.587565,2.0
diver1_tiny,within,10,1,frame_brightness,0.468505,2.0
diver1_tiny,within,1,1,global_flow,0.624125,2.0
diver1_tiny,within,1,2,global_flow,0.5643750000000001,2.0
diver1_tiny,within,2,0,global_flow,0.5509,2.0
diver1_tiny,within,2,4,global_flow,0.614115,2.0
diver1_tiny,within,3,0,global_flow,0.70442,2.0
diver1_tiny,within,3,1,global_flow,0.63591,2.0
diver1_tiny,within,4,0,global_flow,0.62585,2.0
diver1_tiny,within,4,1,global_flow,0.572885,2.0
diver1_tiny,within,7,0,global_flow,0.529055,2.0
diver1_tiny,within,7,1,global_flow,0.593555,2.0
diver1_tiny,within,10,0,global_flow,0.550155,2.0
diver1_tiny,within,10,1,global_flow,0.55673,2.0
diver1_tiny,within,1,1,gpt2_surprisal,0.646315,2.0
diver1_tiny,within,1,2,gpt2_surprisal,0.6275649999999999,2.0
diver1_tiny,within,2,0,gpt2_surprisal,0.635135,2.0
diver1_tiny,within,2,4,gpt2_surprisal,0.64079,2.0
diver1_tiny,within,3,0,gpt2_surprisal,0.701605,2.0
diver1_tiny,within,3,1,gpt2_surprisal,0.65312,2.0
diver1_tiny,within,4,0,gpt2_surprisal,0.612445,2.0
diver1_tiny,within,4,1,gpt2_surprisal,0.56186,2.0
diver1_tiny,within,7,0,gpt2_surprisal,0.55615,2.0
diver1_tiny,within,7,1,gpt2_surprisal,0.5934550000000001,2.0
diver1_tiny,within,10,0,gpt2_surprisal,0.5825750000000001,2.0
diver1_tiny,within,10,1,gpt2_surprisal,0.606475,2.0
diver1_tiny,within,1,1,local_flow,0.55666,2.0
diver1_tiny,within,1,2,local_flow,0.580015,2.0
diver1_tiny,within,2,0,local_flow,0.59212,2.0
diver1_tiny,within,2,4,local_flow,0.60415,2.0
diver1_tiny,within,3,0,local_flow,0.60591,2.0
diver1_tiny,within,3,1,local_flow,0.73569,2.0
diver1_tiny,within,4,0,local_flow,0.5718350000000001,2.0
diver1_tiny,within,4,1,local_flow,0.55884,2.0
diver1_tiny,within,7,0,local_flow,0.52371,2.0
diver1_tiny,within,7,1,local_flow,0.57622,2.0
diver1_tiny,within,10,0,local_flow,0.505115,2.0
diver1_tiny,within,10,1,local_flow,0.5969800000000001,2.0
diver1_tiny,within,1,1,onset,0.944305,2.0
diver1_tiny,within,1,2,onset,0.966,2.0
diver1_tiny,within,2,0,onset,0.95335,2.0
diver1_tiny,within,2,4,onset,0.928055,2.0
diver1_tiny,within,3,0,onset,0.964925,2.0
diver1_tiny,within,3,1,onset,0.95061,2.0
diver1_tiny,within,4,0,onset,0.92792,2.0
diver1_tiny,within,4,1,onset,0.8724799999999999,2.0
diver1_tiny,within,7,0,onset,0.86763,2.0
diver1_tiny,within,7,1,onset,0.871565,2.0
diver1_tiny,within,10,0,onset,0.902935,2.0
diver1_tiny,within,10,1,onset,0.943605,2.0
diver1_tiny,within,1,1,pitch,0.58602,2.0
diver1_tiny,within,1,2,pitch,0.581385,2.0
diver1_tiny,within,2,0,pitch,0.5984149999999999,2.0
diver1_tiny,within,2,4,pitch,0.5756,2.0
diver1_tiny,within,3,0,pitch,0.5692699999999999,2.0
diver1_tiny,within,3,1,pitch,0.5536000000000001,2.0
diver1_tiny,within,4,0,pitch,0.5839049999999999,2.0
diver1_tiny,within,4,1,pitch,0.57033,2.0
diver1_tiny,within,7,0,pitch,0.500985,2.0
diver1_tiny,within,7,1,pitch,0.51282,2.0
diver1_tiny,within,10,0,pitch,0.54666,2.0
diver1_tiny,within,10,1,pitch,0.55423,2.0
diver1_tiny,within,1,1,speech,0.907995,2.0
diver1_tiny,within,1,2,speech,0.96516,2.0
diver1_tiny,within,2,0,speech,0.95609,2.0
diver1_tiny,within,2,4,speech,0.8895900000000001,2.0
diver1_tiny,within,3,0,speech,0.9356949999999999,2.0
diver1_tiny,within,3,1,speech,0.9096500000000001,2.0
diver1_tiny,within,4,0,speech,0.8673150000000001,2.0
diver1_tiny,within,4,1,speech,0.86593,2.0
diver1_tiny,within,7,0,speech,0.8224499999999999,2.0
diver1_tiny,within,7,1,speech,0.8508899999999999,2.0
diver1_tiny,within,10,0,speech,0.8373649999999999,2.0
diver1_tiny,within,10,1,speech,0.95354,2.0
diver1_tiny,within,1,1,volume,0.717885,2.0
diver1_tiny,within,1,2,volume,0.7233350000000001,2.0
diver1_tiny,within,2,0,volume,0.7471399999999999,2.0
diver1_tiny,within,2,4,volume,0.81883,2.0
diver1_tiny,within,3,0,volume,0.77132,2.0
diver1_tiny,within,3,1,volume,0.73864,2.0
diver1_tiny,within,4,0,volume,0.6586350000000001,2.0
diver1_tiny,within,4,1,volume,0.590335,2.0
diver1_tiny,within,7,0,volume,0.48229,2.0
diver1_tiny,within,7,1,volume,0.63732,2.0
diver1_tiny,within,10,0,volume,0.60919,2.0
diver1_tiny,within,10,1,volume,0.76227,2.0
diver1_tiny,within,1,1,word_gap,0.6626700000000001,2.0
diver1_tiny,within,1,2,word_gap,0.58134,2.0
diver1_tiny,within,2,0,word_gap,0.697365,2.0
diver1_tiny,within,2,4,word_gap,0.633515,2.0
diver1_tiny,within,3,0,word_gap,0.7298100000000001,2.0
diver1_tiny,within,3,1,word_gap,0.66051,2.0
diver1_tiny,within,4,0,word_gap,0.648405,2.0
diver1_tiny,within,4,1,word_gap,0.5762400000000001,2.0
diver1_tiny,within,7,0,word_gap,0.519245,2.0
diver1_tiny,within,7,1,word_gap,0.543925,2.0
diver1_tiny,within,10,0,word_gap,0.724485,2.0
diver1_tiny,within,10,1,word_gap,0.6361300000000001,2.0
diver1_tiny,within,1,1,word_head_pos,0.6643049999999999,2.0
diver1_tiny,within,1,2,word_head_pos,0.663575,2.0
diver1_tiny,within,2,0,word_head_pos,0.6558900000000001,2.0
diver1_tiny,within,2,4,word_head_pos,0.642655,2.0
diver1_tiny,within,3,0,word_head_pos,0.6327849999999999,2.0
diver1_tiny,within,3,1,word_head_pos,0.66636,2.0
diver1_tiny,within,4,0,word_head_pos,0.593755,2.0
diver1_tiny,within,4,1,word_head_pos,0.54051,2.0
diver1_tiny,within,7,0,word_head_pos,0.551565,2.0
diver1_tiny,within,7,1,word_head_pos,0.60633,2.0
diver1_tiny,within,10,0,word_head_pos,0.585705,2.0
diver1_tiny,within,10,1,word_head_pos,0.597365,2.0
diver1_tiny,within,1,1,word_index,0.89009,2.0
diver1_tiny,within,1,2,word_index,0.72209,2.0
diver1_tiny,within,2,0,word_index,0.82336,2.0
diver1_tiny,within,2,4,word_index,0.872125,2.0
diver1_tiny,within,3,0,word_index,0.89131,2.0
diver1_tiny,within,3,1,word_index,0.880295,2.0
diver1_tiny,within,4,0,word_index,0.7816350000000001,2.0
diver1_tiny,within,4,1,word_index,0.65354,2.0
diver1_tiny,within,7,0,word_index,0.74561,2.0
diver1_tiny,within,7,1,word_index,0.6697550000000001,2.0
diver1_tiny,within,10,0,word_index,0.840905,2.0
diver1_tiny,within,10,1,word_index,0.8129649999999999,2.0
diver1_tiny,within,1,1,word_length,0.6546350000000001,2.0
diver1_tiny,within,1,2,word_length,0.680515,2.0
diver1_tiny,within,2,0,word_length,0.73361,2.0
diver1_tiny,within,2,4,word_length,0.7098500000000001,2.0
diver1_tiny,within,3,0,word_length,0.65561,2.0
diver1_tiny,within,3,1,word_length,0.666945,2.0
diver1_tiny,within,4,0,word_length,0.632235,2.0
diver1_tiny,within,4,1,word_length,0.575645,2.0
diver1_tiny,within,7,0,word_length,0.53681,2.0
diver1_tiny,within,7,1,word_length,0.53424,2.0
diver1_tiny,within,10,0,word_length,0.6265499999999999,2.0
diver1_tiny,within,10,1,word_length,0.64705,2.0
diver1_tiny,within,1,1,word_part_speech,0.636525,2.0
diver1_tiny,within,1,2,word_part_speech,0.64157,2.0
diver1_tiny,within,2,0,word_part_speech,0.640065,2.0
diver1_tiny,within,2,4,word_part_speech,0.70704,2.0
diver1_tiny,within,3,0,word_part_speech,0.64823,2.0
diver1_tiny,within,3,1,word_part_speech,0.66628,2.0
diver1_tiny,within,4,0,word_part_speech,0.50138,2.0
diver1_tiny,within,4,1,word_part_speech,0.508065,2.0
diver1_tiny,within,7,0,word_part_speech,0.5982149999999999,2.0
diver1_tiny,within,7,1,word_part_speech,0.587385,2.0
diver1_tiny,within,10,0,word_part_speech,0.57519,2.0
diver1_tiny,within,10,1,word_part_speech,0.57474,2.0
mapa,within,10,0,delta_volume,0.7532235144143862,2.0
mapa,within,10,1,delta_volume,0.8475753111187738,2.0
mapa,within,1,1,delta_volume,0.8927959416110258,2.0
mapa,within,1,2,delta_volume,0.8664017846880453,2.0
mapa,within,2,0,delta_volume,0.8796432713708034,2.0
mapa,within,2,4,delta_volume,0.87866629050291,2.0
mapa,within,3,0,delta_volume,0.8116751825961568,2.0
mapa,within,3,1,delta_volume,0.8941072902625832,2.0
mapa,within,4,0,delta_volume,0.822517006802721,2.0
mapa,within,4,1,delta_volume,0.6909919229282259,2.0
mapa,within,7,0,delta_volume,0.5618449787362987,2.0
mapa,within,7,1,delta_volume,0.6979091564527757,2.0
mapa,within,10,0,face_num,0.5390504999843265,2.0
mapa,within,10,1,face_num,0.4808522198886137,2.0
mapa,within,1,1,face_num,0.6316756005558866,2.0
mapa,within,1,2,face_num,0.574119933544403,2.0
mapa,within,2,0,face_num,0.5353855156055713,2.0
mapa,within,2,4,face_num,0.5594155878081147,2.0
mapa,within,3,0,face_num,0.6006290293930179,2.0
mapa,within,3,1,face_num,0.5239647659947964,2.0
mapa,within,4,0,face_num,0.5580256397944975,2.0
mapa,within,4,1,face_num,0.5347102494174686,2.0
mapa,within,7,0,face_num,0.47557286605435567,2.0
mapa,within,7,1,face_num,0.6072680584725663,2.0
mapa,within,10,0,frame_brightness,0.5677382109233776,2.0
mapa,within,10,1,frame_brightness,0.5054569867193295,2.0
mapa,within,1,1,frame_brightness,0.6039230745117707,2.0
mapa,within,1,2,frame_brightness,0.4149190725473601,2.0
mapa,within,2,0,frame_brightness,0.5034324942791762,2.0
mapa,within,2,4,frame_brightness,0.5287033844289103,2.0
mapa,within,3,0,frame_brightness,0.49948277483464465,2.0
mapa,within,3,1,frame_brightness,0.5037616375662205,2.0
mapa,within,4,0,frame_brightness,0.44328514739229025,2.0
mapa,within,4,1,frame_brightness,0.5942211842888938,2.0
mapa,within,7,0,frame_brightness,0.3842434406444939,2.0
mapa,within,7,1,frame_brightness,0.5049214758158052,2.0
mapa,within,10,0,global_flow,0.6009660094249919,2.0
mapa,within,10,1,global_flow,0.6926924965779546,2.0
mapa,within,1,1,global_flow,0.7385896993824645,2.0
mapa,within,1,2,global_flow,0.720957023290806,2.0
mapa,within,2,0,global_flow,0.6550108147080028,2.0
mapa,within,2,4,global_flow,0.6863839169096058,2.0
mapa,within,3,0,global_flow,0.7938047919082997,2.0
mapa,within,3,1,global_flow,0.6866164070091847,2.0
mapa,within,4,0,global_flow,0.665986394557823,2.0
mapa,within,4,1,global_flow,0.6611835574642382,2.0
mapa,within,7,0,global_flow,0.5938685307670606,2.0
mapa,within,7,1,global_flow,0.5970789839398974,2.0
mapa,within,10,0,gpt2_surprisal,0.5916219972205679,2.0
mapa,within,10,1,gpt2_surprisal,0.6349278497016813,2.0
mapa,within,1,1,gpt2_surprisal,0.6350584621171751,2.0
mapa,within,1,2,gpt2_surprisal,0.6599427395170475,2.0
mapa,within,2,0,gpt2_surprisal,0.6838787707804354,2.0
mapa,within,2,4,gpt2_surprisal,0.6877422860307411,2.0
mapa,within,3,0,gpt2_surprisal,0.7112577453162388,2.0
mapa,within,3,1,gpt2_surprisal,0.7170282018327534,2.0
mapa,within,4,0,gpt2_surprisal,0.6160147392290249,2.0
mapa,within,4,1,gpt2_surprisal,0.541367564235186,2.0
mapa,within,7,0,gpt2_surprisal,0.5480862668881853,2.0
mapa,within,7,1,gpt2_surprisal,0.5355657607389528,2.0
mapa,within,10,0,local_flow,0.6133036581925331,2.0
mapa,within,10,1,local_flow,0.6548279573263116,2.0
mapa,within,1,1,local_flow,0.6792472545270263,2.0
mapa,within,1,2,local_flow,0.7402380280659958,2.0
mapa,within,2,0,local_flow,0.6351734010428095,2.0
mapa,within,2,4,local_flow,0.7286814415431073,2.0
mapa,within,3,0,local_flow,0.693335109662184,2.0
mapa,within,3,1,local_flow,0.8159566575760426,2.0
mapa,within,4,0,local_flow,0.6815844671201814,2.0
mapa,within,4,1,local_flow,0.6429631255028578,2.0
mapa,within,7,0,local_flow,0.5989153945017398,2.0
mapa,within,7,1,local_flow,0.6129405556774605,2.0
mapa,within,10,0,onset,0.9077760316628835,2.0
mapa,within,10,1,onset,0.9841462650073666,2.0
mapa,within,1,1,onset,0.9520805133277801,2.0
mapa,within,1,2,onset,0.9663517988860455,2.0
mapa,within,2,0,onset,0.9770096359050637,2.0
mapa,within,2,4,onset,0.9425240927678802,2.0
mapa,within,3,0,onset,0.9586559459996029,2.0
mapa,within,3,1,onset,0.9682320793085918,2.0
mapa,within,4,0,onset,0.9302685950413223,2.0
mapa,within,4,1,onset,0.9228878437818668,2.0
mapa,within,7,0,onset,0.8596491228070176,2.0
mapa,within,7,1,onset,0.821537829322862,2.0
mapa,within,10,0,pitch,0.5993464154728692,2.0
mapa,within,10,1,pitch,0.6637357240629866,2.0
mapa,within,1,1,pitch,0.7156280367386603,2.0
mapa,within,1,2,pitch,0.6792733770101251,2.0
mapa,within,2,0,pitch,0.6505046863734678,2.0
mapa,within,2,4,pitch,0.6776041503401147,2.0
mapa,within,3,0,pitch,0.6409516943042539,2.0
mapa,within,3,1,pitch,0.5975282906491959,2.0
mapa,within,4,0,pitch,0.5710884353741497,2.0
mapa,within,4,1,pitch,0.5981447812503266,2.0
mapa,within,7,0,pitch,0.5586893827779693,2.0
mapa,within,7,1,pitch,0.5804467989509211,2.0
mapa,within,10,0,speech,0.8671358264631204,2.0
mapa,within,10,1,speech,0.9869831666718911,2.0
mapa,within,1,1,speech,0.9427839252688004,2.0
mapa,within,1,2,speech,0.9744835585091376,2.0
mapa,within,2,0,speech,0.9764087855135157,2.0
mapa,within,2,4,speech,0.9329775451135283,2.0
mapa,within,3,0,speech,0.949058545709121,2.0
mapa,within,3,1,speech,0.9351953439286125,2.0
mapa,within,4,0,speech,0.8698525647053907,2.0
mapa,within,4,1,speech,0.922128877882616,2.0
mapa,within,7,0,speech,0.8133182867830685,2.0
mapa,within,7,1,speech,0.8296451382079347,2.0
mapa,within,10,0,volume,0.7062814122859262,2.0
mapa,within,10,1,volume,0.8587269991536316,2.0
mapa,within,1,1,volume,0.878206534800372,2.0
mapa,within,1,2,volume,0.9224188374450122,2.0
mapa,within,2,0,volume,0.8493385787279395,2.0
mapa,within,2,4,volume,0.8724177925456882,2.0
mapa,within,3,0,volume,0.9045667324953242,2.0
mapa,within,3,1,volume,0.9202924673207735,2.0
mapa,within,4,0,volume,0.7354648526077097,2.0
mapa,within,4,1,volume,0.6888655528039873,2.0
mapa,within,7,0,volume,0.6162006415681849,2.0
mapa,within,7,1,volume,0.6345386247035097,2.0
mapa,within,10,0,word_gap,0.6596580044512712,2.0
mapa,within,10,1,word_gap,0.6403783058002361,2.0
mapa,within,1,1,word_gap,0.6535897516274307,2.0
mapa,within,1,2,word_gap,0.6207244158323955,2.0
mapa,within,2,0,word_gap,0.7431840463111374,2.0
mapa,within,2,4,word_gap,0.6576585937204822,2.0
mapa,within,3,0,word_gap,0.7203091857099568,2.0
mapa,within,3,1,word_gap,0.6890348940616041,2.0
mapa,within,4,0,word_gap,0.6624452932282963,2.0
mapa,within,4,1,word_gap,0.6010926586093963,2.0
mapa,within,7,0,word_gap,0.49807477299562186,2.0
mapa,within,7,1,word_gap,0.5385075210851231,2.0
mapa,within,10,0,word_head_pos,0.6114554925132965,2.0
mapa,within,10,1,word_head_pos,0.6101480622342037,2.0
mapa,within,1,1,word_head_pos,0.682587013991202,2.0
mapa,within,1,2,word_head_pos,0.6372736486839494,2.0
mapa,within,2,0,word_head_pos,0.662552375578613,2.0
mapa,within,2,4,word_head_pos,0.6828338714564852,2.0
mapa,within,3,0,word_head_pos,0.6292148626479839,2.0
mapa,within,3,1,word_head_pos,0.6859110999655184,2.0
mapa,within,4,0,word_head_pos,0.6164644786474822,2.0
mapa,within,4,1,word_head_pos,0.5533499472325841,2.0
mapa,within,7,0,word_head_pos,0.5692480904464854,2.0
mapa,within,7,1,word_head_pos,0.5634828584265906,2.0
mapa,within,10,0,word_index,0.8269100399972884,2.0
mapa,within,10,1,word_index,0.8171130104463438,2.0
mapa,within,1,1,word_index,0.8819717528135,2.0
mapa,within,1,2,word_index,0.7262206843521722,2.0
mapa,within,2,0,word_index,0.8329948705379808,2.0
mapa,within,2,4,word_index,0.8902778562948725,2.0
mapa,within,3,0,word_index,0.8605203175944934,2.0
mapa,within,3,1,word_index,0.8974880382775119,2.0
mapa,within,4,0,word_index,0.7908373225833544,2.0
mapa,within,4,1,word_index,0.6850295857988165,2.0
mapa,within,7,0,word_index,0.5966482007003985,2.0
mapa,within,7,1,word_index,0.5767011834319526,2.0
mapa,within,10,0,word_length,0.6080269166065848,2.0
mapa,within,10,1,word_length,0.6387652424688881,2.0
mapa,within,1,1,word_length,0.6328132346948372,2.0
mapa,within,1,2,word_length,0.6919480058096403,2.0
mapa,within,2,0,word_length,0.719259061889387,2.0
mapa,within,2,4,word_length,0.7341671629938454,2.0
mapa,within,3,0,word_length,0.6671682183421627,2.0
mapa,within,3,1,word_length,0.7207924516472838,2.0
mapa,within,4,0,word_length,0.6192919649960222,2.0
mapa,within,4,1,word_length,0.5610299572636177,2.0
mapa,within,7,0,word_length,0.5547266020918884,2.0
mapa,within,7,1,word_length,0.5657555144561821,2.0
mapa,within,10,0,word_part_speech,0.6177378358750909,2.0
mapa,within,10,1,word_part_speech,0.6266189671734738,2.0
mapa,within,1,1,word_part_speech,0.6503155048076923,2.0
mapa,within,1,2,word_part_speech,0.6580593774489023,2.0
mapa,within,2,0,word_part_speech,0.609464965896005,2.0
mapa,within,2,4,word_part_speech,0.7030767437795,2.0
mapa,within,3,0,word_part_speech,0.717968391369926,2.0
mapa,within,3,1,word_part_speech,0.6965826459735186,2.0
mapa,within,4,0,word_part_speech,0.4886026859049264,2.0
mapa,within,4,1,word_part_speech,0.518411525490974,2.0
mapa,within,7,0,word_part_speech,0.6094071742409337,2.0
mapa,within,7,1,word_part_speech,0.6439942471731799,2.0
mapa,cross_session,10,0,delta_volume,0.7276029387755102,1.0
mapa,cross_session,10,1,delta_volume,0.8095973877551021,1.0
mapa,cross_session,1,1,delta_volume,0.8486648163265306,1.0
mapa,cross_session,1,2,delta_volume,0.7668767346938776,1.0
mapa,cross_session,2,0,delta_volume,0.8457299591836733,1.0
mapa,cross_session,2,4,delta_volume,0.855677387755102,1.0
mapa,cross_session,3,0,delta_volume,0.8201560816326531,1.0
mapa,cross_session,3,1,delta_volume,0.9044558367346939,1.0
mapa,cross_session,4,0,delta_volume,0.8444463363414496,1.0
mapa,cross_session,4,1,delta_volume,0.7225939591836734,1.0
mapa,cross_session,7,0,delta_volume,0.6256182857142858,1.0
mapa,cross_session,7,1,delta_volume,0.6670419591836735,1.0
mapa,cross_session,10,0,face_num,0.5301472653061224,1.0
mapa,cross_session,10,1,face_num,0.5114266122448979,1.0
mapa,cross_session,1,1,face_num,0.6300982857142856,1.0
mapa,cross_session,1,2,face_num,0.6206863673469388,1.0
mapa,cross_session,2,0,face_num,0.5843265306122449,1.0
mapa,cross_session,2,4,face_num,0.608832,1.0
mapa,cross_session,3,0,face_num,0.5247190204081633,1.0
mapa,cross_session,3,1,face_num,0.5718974693877551,1.0
mapa,cross_session,4,0,face_num,0.5477198873266526,1.0
mapa,cross_session,4,1,face_num,0.5285381224489796,1.0
mapa,cross_session,7,0,face_num,0.560002612244898,1.0
mapa,cross_session,7,1,face_num,0.5397825306122448,1.0
mapa,cross_session,10,0,frame_brightness,0.41453061224489796,1.0
mapa,cross_session,10,1,frame_brightness,0.5678406530612244,1.0
mapa,cross_session,1,1,frame_brightness,0.47060897959183673,1.0
mapa,cross_session,1,2,frame_brightness,0.5261505306122449,1.0
mapa,cross_session,2,0,frame_brightness,0.5130592653061224,1.0
mapa,cross_session,2,4,frame_brightness,0.610179918367347,1.0
mapa,cross_session,3,0,frame_brightness,0.5860375510204081,1.0
mapa,cross_session,3,1,frame_brightness,0.528062693877551,1.0
mapa,cross_session,4,0,frame_brightness,0.5738052670412623,1.0
mapa,cross_session,4,1,frame_brightness,0.5575967346938776,1.0
mapa,cross_session,7,0,frame_brightness,0.5332062040816326,1.0
mapa,cross_session,7,1,frame_brightness,0.5168561632653061,1.0
mapa,cross_session,10,0,global_flow,0.6026109387755102,1.0
mapa,cross_session,10,1,global_flow,0.680634775510204,1.0
mapa,cross_session,1,1,global_flow,0.7033626122448979,1.0
mapa,cross_session,1,2,global_flow,0.7161508571428571,1.0
mapa,cross_session,2,0,global_flow,0.6168411428571429,1.0
mapa,cross_session,2,4,global_flow,0.7679686530612244,1.0
mapa,cross_session,3,0,global_flow,0.7847836734693878,1.0
mapa,cross_session,3,1,global_flow,0.7359438367346939,1.0
mapa,cross_session,4,0,global_flow,0.61500368919916,1.0
mapa,cross_session,4,1,global_flow,0.607486693877551,1.0
mapa,cross_session,7,0,global_flow,0.630076081632653,1.0
mapa,cross_session,7,1,global_flow,0.6407823673469388,1.0
mapa,cross_session,10,0,gpt2_surprisal,0.5883193469387755,1.0
mapa,cross_session,10,1,gpt2_surprisal,0.5937462857142857,1.0
mapa,cross_session,1,1,gpt2_surprisal,0.5910386938775509,1.0
mapa,cross_session,1,2,gpt2_surprisal,0.5967503673469388,1.0
mapa,cross_session,2,0,gpt2_surprisal,0.6870034285714286,1.0
mapa,cross_session,2,4,gpt2_surprisal,0.6733897142857144,1.0
mapa,cross_session,3,0,gpt2_surprisal,0.7058729795918367,1.0
mapa,cross_session,3,1,gpt2_surprisal,0.7097351836734693,1.0
mapa,cross_session,4,0,gpt2_surprisal,0.6461987059424485,1.0
mapa,cross_session,4,1,gpt2_surprisal,0.5851924897959184,1.0
mapa,cross_session,7,0,gpt2_surprisal,0.5616117551020409,1.0
mapa,cross_session,7,1,gpt2_surprisal,0.5786044081632653,1.0
mapa,cross_session,10,0,local_flow,0.6142145306122448,1.0
mapa,cross_session,10,1,local_flow,0.6141270204081632,1.0
mapa,cross_session,1,1,local_flow,0.6528744489795918,1.0
mapa,cross_session,1,2,local_flow,0.6691121632653061,1.0
mapa,cross_session,2,0,local_flow,0.5920757551020408,1.0
mapa,cross_session,2,4,local_flow,0.6557413877551022,1.0
mapa,cross_session,3,0,local_flow,0.6810292244897959,1.0
mapa,cross_session,3,1,local_flow,0.7653877551020409,1.0
mapa,cross_session,4,0,local_flow,0.6356915829502242,1.0
mapa,cross_session,4,1,local_flow,0.6737410612244898,1.0
mapa,cross_session,7,0,local_flow,0.6069446530612245,1.0
mapa,cross_session,7,1,local_flow,0.6120385306122449,1.0
mapa,cross_session,10,0,onset,0.9318659930187702,1.0
mapa,cross_session,10,1,onset,0.9610266122448979,1.0
mapa,cross_session,1,1,onset,0.9093214872155759,1.0
mapa,cross_session,1,2,onset,0.978332495987325,1.0
mapa,cross_session,2,0,onset,0.9656909688970312,1.0
mapa,cross_session,2,4,onset,0.9642111584546313,1.0
mapa,cross_session,3,0,onset,0.9758458775510204,1.0
mapa,cross_session,3,1,onset,0.9801697376406404,1.0
mapa,cross_session,4,0,onset,0.9349388774104683,1.0
mapa,cross_session,4,1,onset,0.8810230520099066,1.0
mapa,cross_session,7,0,onset,0.9173642448979593,1.0
mapa,cross_session,7,1,onset,0.8943646408839778,1.0
mapa,cross_session,10,0,pitch,0.5877002448979591,1.0
mapa,cross_session,10,1,pitch,0.605180081632653,1.0
mapa,cross_session,1,1,pitch,0.7228643265306123,1.0
mapa,cross_session,1,2,pitch,0.6697299591836735,1.0
mapa,cross_session,2,0,pitch,0.6894236734693877,1.0
mapa,cross_session,2,4,pitch,0.6815915102040815,1.0
mapa,cross_session,3,0,pitch,0.5780035918367347,1.0
mapa,cross_session,3,1,pitch,0.5482462040816326,1.0
mapa,cross_session,4,0,pitch,0.6722316817072479,1.0
mapa,cross_session,4,1,pitch,0.6152960000000001,1.0
mapa,cross_session,7,0,pitch,0.6161266938775509,1.0
mapa,cross_session,7,1,pitch,0.607301224489796,1.0
mapa,cross_session,10,0,speech,0.8612427755102041,1.0
mapa,cross_session,10,1,speech,0.9356878367346938,1.0
mapa,cross_session,1,1,speech,0.9424496326530613,1.0
mapa,cross_session,1,2,speech,0.9834409795918367,1.0
mapa,cross_session,2,0,speech,0.980597551020408,1.0
mapa,cross_session,2,4,speech,0.9681580408163266,1.0
mapa,cross_session,3,0,speech,0.9792195918367347,1.0
mapa,cross_session,3,1,speech,0.9683173877551021,1.0
mapa,cross_session,4,0,speech,0.9181975510204081,1.0
mapa,cross_session,4,1,speech,0.8813701224489796,1.0
mapa,cross_session,7,0,speech,0.8872881632653062,1.0
mapa,cross_session,7,1,speech,0.8751260913423076,1.0
mapa,cross_session,10,0,volume,0.5937097142857144,1.0
mapa,cross_session,10,1,volume,0.8206014693877551,1.0
mapa,cross_session,1,1,volume,0.8817946122448981,1.0
mapa,cross_session,1,2,volume,0.8889756734693878,1.0
mapa,cross_session,2,0,volume,0.7505319183673469,1.0
mapa,cross_session,2,4,volume,0.8379102040816326,1.0
mapa,cross_session,3,0,volume,0.9083990204081632,1.0
mapa,cross_session,3,1,volume,0.8884728163265305,1.0
mapa,cross_session,4,0,volume,0.6989954026902776,1.0
mapa,cross_session,4,1,volume,0.7029106938775511,1.0
mapa,cross_session,7,0,volume,0.6614177959183674,1.0
mapa,cross_session,7,1,volume,0.6493792653061226,1.0
mapa,cross_session,10,0,word_gap,0.6143568979591837,1.0
mapa,cross_session,10,1,word_gap,0.6058311836734694,1.0
mapa,cross_session,1,1,word_gap,0.5537528163265306,1.0
mapa,cross_session,1,2,word_gap,0.551279008368491,1.0
mapa,cross_session,2,0,word_gap,0.617388560342208,1.0
mapa,cross_session,2,4,word_gap,0.6009462305252737,1.0
mapa,cross_session,3,0,word_gap,0.6614021224489796,1.0
mapa,cross_session,3,1,word_gap,0.6855240176711779,1.0
mapa,cross_session,4,0,word_gap,0.6617560342011108,1.0
mapa,cross_session,4,1,word_gap,0.6313533762401526,1.0
mapa,cross_session,7,0,word_gap,0.5045015510204082,1.0
mapa,cross_session,7,1,word_gap,0.5076089260192483,1.0
mapa,cross_session,10,0,word_head_pos,0.5866344489795918,1.0
mapa,cross_session,10,1,word_head_pos,0.5986011428571428,1.0
mapa,cross_session,1,1,word_head_pos,0.623230693877551,1.0
mapa,cross_session,1,2,word_head_pos,0.6345234285714285,1.0
mapa,cross_session,2,0,word_head_pos,0.6626168163265306,1.0
mapa,cross_session,2,4,word_head_pos,0.6797100408163266,1.0
mapa,cross_session,3,0,word_head_pos,0.6622798367346939,1.0
mapa,cross_session,3,1,word_head_pos,0.7153541224489796,1.0
mapa,cross_session,4,0,word_head_pos,0.6298187755102042,1.0
mapa,cross_session,4,1,word_head_pos,0.5718791836734693,1.0
mapa,cross_session,7,0,word_head_pos,0.5884865306122449,1.0
mapa,cross_session,7,1,word_head_pos,0.5787160816326531,1.0
mapa,cross_session,10,0,word_index,0.7618453441982854,1.0
mapa,cross_session,10,1,word_index,0.7575789231269632,1.0
mapa,cross_session,1,1,word_index,0.650114448959313,1.0
mapa,cross_session,1,2,word_index,0.5615878508266051,1.0
mapa,cross_session,2,0,word_index,0.7880011929510626,1.0
mapa,cross_session,2,4,word_index,0.8208879812312737,1.0
mapa,cross_session,3,0,word_index,0.8379215351361156,1.0
mapa,cross_session,3,1,word_index,0.9177237541367388,1.0
mapa,cross_session,4,0,word_index,0.8363788191374397,1.0
mapa,cross_session,4,1,word_index,0.7268897287683413,1.0
mapa,cross_session,7,0,word_index,0.6174837885635686,1.0
mapa,cross_session,7,1,word_index,0.6209333777975397,1.0
mapa,cross_session,10,0,word_length,0.6129384489795918,1.0
mapa,cross_session,10,1,word_length,0.6239033469387755,1.0
mapa,cross_session,1,1,word_length,0.6134497959183673,1.0
mapa,cross_session,1,2,word_length,0.621057306122449,1.0
mapa,cross_session,2,0,word_length,0.7144359183673469,1.0
mapa,cross_session,2,4,word_length,0.7011376326530612,1.0
mapa,cross_session,3,0,word_length,0.6758648163265306,1.0
mapa,cross_session,3,1,word_length,0.6930481632653062,1.0
mapa,cross_session,4,0,word_length,0.6482218885357874,1.0
mapa,cross_session,4,1,word_length,0.6141485714285715,1.0
mapa,cross_session,7,0,word_length,0.5652480000000001,1.0
mapa,cross_session,7,1,word_length,0.5863164081632652,1.0
mapa,cross_session,10,0,word_part_speech,0.5943913561519947,1.0
mapa,cross_session,10,1,word_part_speech,0.6043641633455825,1.0
mapa,cross_session,1,1,word_part_speech,0.6485256217640533,1.0
mapa,cross_session,1,2,word_part_speech,0.646483658616629,1.0
mapa,cross_session,2,0,word_part_speech,0.680166089965398,1.0
mapa,cross_session,2,4,word_part_speech,0.6726917137695938,1.0
mapa,cross_session,3,0,word_part_speech,0.6760842086625211,1.0
mapa,cross_session,3,1,word_part_speech,0.6978046389847006,1.0
mapa,cross_session,4,0,word_part_speech,0.6053794917483348,1.0
mapa,cross_session,4,1,word_part_speech,0.5596107509253049,1.0
mapa,cross_session,7,0,word_part_speech,0.6482775128245905,1.0
mapa,cross_session,7,1,word_part_speech,0.6861042800009935,1.0
mapa,cross_subject,10,0,delta_volume,0.6570475102040816,1.0
mapa,cross_subject,10,1,delta_volume,0.7625822040816327,1.0
mapa,cross_subject,1,1,delta_volume,0.7638334693877551,1.0
mapa,cross_subject,1,2,delta_volume,0.7569175510204083,1.0
mapa,cross_subject,3,0,delta_volume,0.7310889795918367,1.0
mapa,cross_subject,3,1,delta_volume,0.8583066122448979,1.0
mapa,cross_subject,4,0,delta_volume,0.7456893126738181,1.0
mapa,cross_subject,4,1,delta_volume,0.6411402448979593,1.0
mapa,cross_subject,7,0,delta_volume,0.5349733877551021,1.0
mapa,cross_subject,7,1,delta_volume,0.5948094693877551,1.0
mapa,cross_subject,10,0,face_num,0.5658057142857142,1.0
mapa,cross_subject,10,1,face_num,0.5006550204081632,1.0
mapa,cross_subject,1,1,face_num,0.5262811428571429,1.0
mapa,cross_subject,1,2,face_num,0.5834109387755102,1.0
mapa,cross_subject,3,0,face_num,0.5177351836734694,1.0
mapa,cross_subject,3,1,face_num,0.44400848979591834,1.0
mapa,cross_subject,4,0,face_num,0.46901482944733164,1.0
mapa,cross_subject,4,1,face_num,0.5337469387755102,1.0
mapa,cross_subject,7,0,face_num,0.5125328979591837,1.0
mapa,cross_subject,7,1,face_num,0.5015614693877551,1.0
mapa,cross_subject,10,0,frame_brightness,0.4044068571428572,1.0
mapa,cross_subject,10,1,frame_brightness,0.5320032653061224,1.0
mapa,cross_subject,1,1,frame_brightness,0.5153985306122448,1.0
mapa,cross_subject,1,2,frame_brightness,0.5499206530612245,1.0
mapa,cross_subject,3,0,frame_brightness,0.4933420408163265,1.0
mapa,cross_subject,3,1,frame_brightness,0.536641306122449,1.0
mapa,cross_subject,4,0,frame_brightness,0.4251631761166922,1.0
mapa,cross_subject,4,1,frame_brightness,0.4645799183673469,1.0
mapa,cross_subject,7,0,frame_brightness,0.5137449795918367,1.0
mapa,cross_subject,7,1,frame_brightness,0.5123461224489796,1.0
mapa,cross_subject,10,0,global_flow,0.5470027755102042,1.0
mapa,cross_subject,10,1,global_flow,0.5376992653061224,1.0
mapa,cross_subject,1,1,global_flow,0.5037897142857143,1.0
mapa,cross_subject,1,2,global_flow,0.5490795102040817,1.0
mapa,cross_subject,3,0,global_flow,0.6689449795918367,1.0
mapa,cross_subject,3,1,global_flow,0.674746775510204,1.0
mapa,cross_subject,4,0,global_flow,0.5252142573358307,1.0
mapa,cross_subject,4,1,global_flow,0.5338697142857143,1.0
mapa,cross_subject,7,0,global_flow,0.5705208163265305,1.0
mapa,cross_subject,7,1,global_flow,0.5634586122448979,1.0
mapa,cross_subject,10,0,gpt2_surprisal,0.5910569795918368,1.0
mapa,cross_subject,10,1,gpt2_surprisal,0.568706612244898,1.0
mapa,cross_subject,1,1,gpt2_surprisal,0.5733328979591836,1.0
mapa,cross_subject,1,2,gpt2_surprisal,0.6194573061224489,1.0
mapa,cross_subject,3,0,gpt2_surprisal,0.630850612244898,1.0
mapa,cross_subject,3,1,gpt2_surprisal,0.6426344489795919,1.0
mapa,cross_subject,4,0,gpt2_surprisal,0.5677947102559737,1.0
mapa,cross_subject,4,1,gpt2_surprisal,0.5493289795918368,1.0
mapa,cross_subject,7,0,gpt2_surprisal,0.5234755918367346,1.0
mapa,cross_subject,7,1,gpt2_surprisal,0.5198981224489796,1.0
mapa,cross_subject,10,0,local_flow,0.511558530612245,1.0
mapa,cross_subject,10,1,local_flow,0.5502798367346939,1.0
mapa,cross_subject,1,1,local_flow,0.5542844081632653,1.0
mapa,cross_subject,1,2,local_flow,0.6082938775510204,1.0
mapa,cross_subject,3,0,local_flow,0.5719183673469388,1.0
mapa,cross_subject,3,1,local_flow,0.7028153469387755,1.0
mapa,cross_subject,4,0,local_flow,0.5380938191724843,1.0
mapa,cross_subject,4,1,local_flow,0.5362142040816326,1.0
mapa,cross_subject,7,0,local_flow,0.5558256326530613,1.0
mapa,cross_subject,7,1,local_flow,0.5857541224489796,1.0
mapa,cross_subject,10,0,onset,0.8400698122993189,1.0
mapa,cross_subject,10,1,onset,0.8640339591836735,1.0
mapa,cross_subject,1,1,onset,0.8757216488127818,1.0
mapa,cross_subject,1,2,onset,0.9288444060582455,1.0
mapa,cross_subject,3,0,onset,0.9073724081632653,1.0
mapa,cross_subject,3,1,onset,0.9612069102474889,1.0
mapa,cross_subject,4,0,onset,0.7942242022497704,1.0
mapa,cross_subject,4,1,onset,0.7782815774433225,1.0
mapa,cross_subject,7,0,onset,0.5936862040816326,1.0
mapa,cross_subject,7,1,onset,0.60833111068775,1.0
mapa,cross_subject,10,0,pitch,0.4980062040816327,1.0
mapa,cross_subject,10,1,pitch,0.5873528163265307,1.0
mapa,cross_subject,1,1,pitch,0.5287875918367347,1.0
mapa,cross_subject,1,2,pitch,0.5123239183673469,1.0
mapa,cross_subject,3,0,pitch,0.5781250612244897,1.0
mapa,cross_subject,3,1,pitch,0.48743706122448976,1.0
mapa,cross_subject,4,0,pitch,0.525429933594415,1.0
mapa,cross_subject,4,1,pitch,0.523974530612245,1.0
mapa,cross_subject,7,0,pitch,0.5775660408163266,1.0
mapa,cross_subject,7,1,pitch,0.5517871020408163,1.0
mapa,cross_subject,10,0,speech,0.7803755102040817,1.0
mapa,cross_subject,10,1,speech,0.8174275918367347,1.0
mapa,cross_subject,1,1,speech,0.8894132244897959,1.0
mapa,cross_subject,1,2,speech,0.9421518367346939,1.0
mapa,cross_subject,3,0,speech,0.8585900408163265,1.0
mapa,cross_subject,3,1,speech,0.9309283265306122,1.0
mapa,cross_subject,4,0,speech,0.7313253877551021,1.0
mapa,cross_subject,4,1,speech,0.7568404897959183,1.0
mapa,cross_subject,7,0,speech,0.5254844081632654,1.0
mapa,cross_subject,7,1,speech,0.5539058087320636,1.0
mapa,cross_subject,10,0,volume,0.5177430204081632,1.0
mapa,cross_subject,10,1,volume,0.7042220408163264,1.0
mapa,cross_subject,1,1,volume,0.6717753469387755,1.0
mapa,cross_subject,1,2,volume,0.7799497142857142,1.0
mapa,cross_subject,3,0,volume,0.7342693877551021,1.0
mapa,cross_subject,3,1,volume,0.7304920816326531,1.0
mapa,cross_subject,4,0,volume,0.6470954651228786,1.0
mapa,cross_subject,4,1,volume,0.5569240816326531,1.0
mapa,cross_subject,7,0,volume,0.5672476734693878,1.0
mapa,cross_subject,7,1,volume,0.5432698775510204,1.0
mapa,cross_subject,10,0,word_gap,0.5392901224489797,1.0
mapa,cross_subject,10,1,word_gap,0.5230243265306123,1.0
mapa,cross_subject,1,1,word_gap,0.579523918367347,1.0
mapa,cross_subject,1,2,word_gap,0.5531951207804191,1.0
mapa,cross_subject,3,0,word_gap,0.5755010612244897,1.0
mapa,cross_subject,3,1,word_gap,0.5858621237169249,1.0
mapa,cross_subject,4,0,word_gap,0.569298685982485,1.0
mapa,cross_subject,4,1,word_gap,0.6215716358511654,1.0
mapa,cross_subject,7,0,word_gap,0.487041306122449,1.0
mapa,cross_subject,7,1,word_gap,0.5022561403063859,1.0
mapa,cross_subject,10,0,word_head_pos,0.542081306122449,1.0
mapa,cross_subject,10,1,word_head_pos,0.5824888163265306,1.0
mapa,cross_subject,1,1,word_head_pos,0.6414798367346939,1.0
mapa,cross_subject,1,2,word_head_pos,0.651390693877551,1.0
mapa,cross_subject,3,0,word_head_pos,0.630465306122449,1.0
mapa,cross_subject,3,1,word_head_pos,0.6800274285714285,1.0
mapa,cross_subject,4,0,word_head_pos,0.5934733061224491,1.0
mapa,cross_subject,4,1,word_head_pos,0.5416202448979592,1.0
mapa,cross_subject,7,0,word_head_pos,0.5570063673469388,1.0
mapa,cross_subject,7,1,word_head_pos,0.514910693877551,1.0
mapa,cross_subject,10,0,word_index,0.70469682822624,1.0
mapa,cross_subject,10,1,word_index,0.6158508645516036,1.0
mapa,cross_subject,1,1,word_index,0.6913249463243252,1.0
mapa,cross_subject,1,2,word_index,0.5765667051134179,1.0
mapa,cross_subject,3,0,word_index,0.7426462808168448,1.0
mapa,cross_subject,3,1,word_index,0.8404742511149971,1.0
mapa,cross_subject,4,0,word_index,0.7223976534321361,1.0
mapa,cross_subject,4,1,word_index,0.6297799021787461,1.0
mapa,cross_subject,7,0,word_index,0.5375187055035748,1.0
mapa,cross_subject,7,1,word_index,0.5499462724173706,1.0
mapa,cross_subject,10,0,word_length,0.5351053061224489,1.0
mapa,cross_subject,10,1,word_length,0.5324969795918368,1.0
mapa,cross_subject,1,1,word_length,0.5898964897959185,1.0
mapa,cross_subject,1,2,word_length,0.6155977142857143,1.0
mapa,cross_subject,3,0,word_length,0.5455791020408163,1.0
mapa,cross_subject,3,1,word_length,0.6439092244897959,1.0
mapa,cross_subject,4,0,word_length,0.5501142883931578,1.0
mapa,cross_subject,4,1,word_length,0.5434625306122449,1.0
mapa,cross_subject,7,0,word_length,0.5217384489795919,1.0
mapa,cross_subject,7,1,word_length,0.5427271836734694,1.0
mapa,cross_subject,10,0,word_part_speech,0.5028973925859288,1.0
mapa,cross_subject,10,1,word_part_speech,0.5271838931732312,1.0
mapa,cross_subject,1,1,word_part_speech,0.5848020294008875,1.0
mapa,cross_subject,1,2,word_part_speech,0.6065133877724368,1.0
mapa,cross_subject,3,0,word_part_speech,0.5884343425235383,1.0
mapa,cross_subject,3,1,word_part_speech,0.5946128357226919,1.0
mapa,cross_subject,4,0,word_part_speech,0.4919307623774978,1.0
mapa,cross_subject,4,1,word_part_speech,0.5167859005887174,1.0
mapa,cross_subject,7,0,word_part_speech,0.49867614486827844,1.0
mapa,cross_subject,7,1,word_part_speech,0.5415238343642099,1.0
