electrode,task,fold,test_auroc
F2Ia1,delta_volume,0,0.4983072630952008
F2Ia1,delta_volume,1,0.5167810831426392
F2Ia1,face_num,0,0.5121417301443005
F2Ia1,face_num,1,0.5232228874747917
F2Ia1,frame_brightness,0,0.4921737040636135
F2Ia1,frame_brightness,1,0.4750112326677325
F2Ia1,global_flow,0,0.5344033102410584
F2Ia1,global_flow,1,0.5060186201059529
F2Ia1,gpt2_surprisal,0,0.5184685955508187
F2Ia1,gpt2_surprisal,1,0.5161018985820717
F2Ia1,local_flow,0,0.4813485470674901
F2Ia1,local_flow,1,0.5070373969468042
F2Ia1,onset,0,0.4768711534643637
F2Ia1,onset,1,0.4957472597515229
F2Ia1,pitch,0,0.5140643449003688
F2Ia1,pitch,1,0.5057312727918665
F2Ia1,speech,0,0.4803663417029769
F2Ia1,speech,1,0.46353823809075995
F2Ia1,volume,0,0.4935372976813684
F2Ia1,volume,1,0.5148375704000919
F2Ia1,word_gap,0,0.4908519064188166
F2Ia1,word_gap,1,0.513306792890505
F2Ia1,word_head_pos,0,0.552892803778356
F2Ia1,word_head_pos,1,0.5361848635883932
F2Ia1,word_index,0,0.5094719840598961
F2Ia1,word_index,1,0.5045737229803164
F2Ia1,word_length,0,0.49745044564956176
F2Ia1,word_length,1,0.49766465001097143
F2Ia1,word_part_speech,0,0.48041183028395307
F2Ia1,word_part_speech,1,0.4777296871926028
F2Ia13,delta_volume,0,0.510041482503161
F2Ia13,delta_volume,1,0.5267650961829828
F2Ia13,face_num,0,0.4967608120957546
F2Ia13,face_num,1,0.534387636751199
F2Ia13,frame_brightness,0,0.5134792012789569
F2Ia13,frame_brightness,1,0.5168437771020762
F2Ia13,global_flow,0,0.5205636186953387
F2Ia13,global_flow,1,0.5201822304420969
F2Ia13,gpt2_surprisal,0,0.47984389204100186
F2Ia13,gpt2_surprisal,1,0.51048034021922
F2Ia13,local_flow,0,0.47149514644264023
F2Ia13,local_flow,1,0.4723519638882794
F2Ia13,onset,0,0.5201717814488575
F2Ia13,onset,1,0.5207203535939313
F2Ia13,pitch,0,0.484263816181311
F2Ia13,pitch,1,0.5083226231152629
F2Ia13,speech,0,0.5070164989603252
F2Ia13,speech,1,0.5235468062652163
F2Ia13,volume,0,0.5258037888049486
F2Ia13,volume,1,0.5223974170088712
F2Ia13,word_gap,0,0.4879314128083759
F2Ia13,word_gap,1,0.5229930096235228
F2Ia13,word_head_pos,0,0.5042736382349561
F2Ia13,word_head_pos,1,0.4986311818856254
F2Ia13,word_index,0,0.5263479652215917
F2Ia13,word_index,1,0.5236082598719961
F2Ia13,word_length,0,0.5034638412588947
F2Ia13,word_length,1,0.5357094343959959
F2Ia13,word_part_speech,0,0.5201980457734934
F2Ia13,word_part_speech,1,0.506826677159158
F3b4,delta_volume,0,0.48166724136129485
F3b4,delta_volume,1,0.5018233493202929
F3b4,face_num,0,0.47804144070718785
F3b4,face_num,1,0.4870432483830183
F3b4,frame_brightness,0,0.48664096214329755
F3b4,frame_brightness,1,0.46556534277922323
F3b4,global_flow,0,0.5078837653992038
F3b4,global_flow,1,0.5192313720573023
F3b4,gpt2_surprisal,0,0.48003197391931296
F3b4,gpt2_surprisal,1,0.5191164331316678
F3b4,local_flow,0,0.5006269395943701
F3b4,local_flow,1,0.5257933398117092
F3b4,onset,0,0.5281365265456673
F3b4,onset,1,0.5253492575990304
F3b4,pitch,0,0.4879993312644327
F3b4,pitch,1,0.4982602426256231
F3b4,speech,0,0.533468125346123
F3b4,speech,1,0.5214256606375975
F3b4,volume,0,0.4957890557244809
F3b4,volume,1,0.4969854654504039
F3b4,word_gap,0,0.48298381450947203
F3b4,word_gap,1,0.4935320731847487
F3b4,word_head_pos,0,0.5470309185709957
F3b4,word_head_pos,1,0.5293250995266606
F3b4,word_index,0,0.5044152276295134
F3b4,word_index,1,0.5149815843497162
F3b4,word_length,0,0.5083226231152629
F3b4,word_length,1,0.47727343970408453
F3b4,word_part_speech,0,0.5017706079087153
F3b4,word_part_speech,1,0.4817889697685094
F3d2,delta_volume,0,0.5211853337930891
F3d2,delta_volume,1,0.5447112420718264
F3d2,face_num,0,0.46028860119327497
F3d2,face_num,1,0.5017084103946585
F3d2,frame_brightness,0,0.5280085263784835
F3d2,frame_brightness,1,0.5286406904694733
F3d2,global_flow,0,0.4666259155930326
F3d2,global_flow,1,0.5042057197788994
F3d2,gpt2_surprisal,0,0.4891434960241581
F3d2,gpt2_surprisal,1,0.4995245708076027
F3d2,local_flow,0,0.4741596397187131
F3d2,local_flow,1,0.5115722600127478
F3d2,onset,0,0.5287922008714461
F3d2,onset,1,0.5125022204110634
F3d2,pitch,0,0.5146599375150205
F3d2,pitch,1,0.5029413915969196
F3d2,speech,0,0.4849168782587797
F3d2,speech,1,0.5128261392014879
F3d2,volume,0,0.5030563305225542
F3d2,volume,1,0.49938350939886944
F3d2,word_gap,0,0.48415410175229623
F3d2,word_gap,1,0.4843683061137059
F3d2,word_head_pos,0,0.507606867078357
F3d2,word_head_pos,1,0.5125440163840214
F3d2,word_index,0,0.560530129211448
F3d2,word_index,1,0.5308839512136215
F3d2,word_length,0,0.5263837079297409
F3d2,word_length,1,0.4558739015495856
F3d2,word_part_speech,0,0.49756705357728376
F3d2,word_part_speech,1,0.5231031543052004
T1aIc6,delta_volume,0,0.47432159911392535
T1aIc6,delta_volume,1,0.4913848050740311
T1aIc6,face_num,0,0.45588957503944494
T1aIc6,face_num,1,0.4845772859784959
T1aIc6,frame_brightness,0,0.4928163171478428
T1aIc6,frame_brightness,1,0.5003291432870443
T1aIc6,global_flow,0,0.5116871989383822
T1aIc6,global_flow,1,0.5053760070217235
T1aIc6,gpt2_surprisal,0,0.47688682695422296
T1aIc6,gpt2_surprisal,1,0.5323239605863974
T1aIc6,local_flow,0,0.4959405661264537
T1aIc6,local_flow,1,0.522862397208029
T1aIc6,onset,0,0.5387344179388316
T1aIc6,onset,1,0.5059010689320084
T1aIc6,pitch,0,0.5023614724721273
T1aIc6,pitch,1,0.5471981024628276
T1aIc6,speech,0,0.5073822137237077
T1aIc6,speech,1,0.49937828490224967
T1aIc6,volume,0,0.4846452044345527
T1aIc6,volume,1,0.4965884037073028
T1aIc6,word_gap,0,0.5100258090133016
T1aIc6,word_gap,1,0.5023510234788878
T1aIc6,word_head_pos,0,0.5353437196326134
T1aIc6,word_head_pos,1,0.5122462200766956
T1aIc6,word_index,0,0.538253985025963
T1aIc6,word_index,1,0.4955583564786862
T1aIc6,word_length,0,0.5142889982550182
T1aIc6,word_length,1,0.5083853170746999
T1aIc6,word_part_speech,0,0.48630729883926815
T1aIc6,word_part_speech,1,0.49678011672896577
T1b3,delta_volume,0,0.6621788240703008
T1b3,delta_volume,1,0.6611861697125482
T1b3,face_num,0,0.5085577254631516
T1b3,face_num,1,0.49387166546503247
T1b3,frame_brightness,0,0.518523452765326
T1b3,frame_brightness,1,0.5316238780393509
T1b3,global_flow,0,0.48333908027961503
T1b3,global_flow,1,0.5076538875479347
T1b3,gpt2_surprisal,0,0.6289510255686864
T1b3,gpt2_surprisal,1,0.6440289228132869
T1b3,local_flow,0,0.5335203703123204
T1b3,local_flow,1,0.5389904182731993
T1b3,onset,0,0.784933596647963
T1b3,onset,1,0.8089506076089568
T1b3,pitch,0,0.4902719872940242
T1b3,pitch,1,0.506159681514686
T1b3,speech,0,0.5716853181195991
T1b3,speech,1,0.545432222605352
T1b3,volume,0,0.5846263962467216
T1b3,volume,1,0.5881895029413916
T1b3,word_gap,0,0.5386926219658735
T1b3,word_gap,1,0.5407354001441962
T1b3,word_head_pos,0,0.5428931172481533
T1b3,word_head_pos,1,0.5142942227516378
T1b3,word_index,0,0.8143868494143219
T1b3,word_index,1,0.8425160004830334
T1b3,word_length,0,0.5272144028922814
T1b3,word_length,1,0.5540735400144197
T1b3,word_part_speech,0,0.5079218309397338
T1b3,word_part_speech,1,0.520460358056266
T1cIe11,delta_volume,0,0.6193484007815846
T1cIe11,delta_volume,1,0.6212292195646949
T1cIe11,face_num,0,0.5309969384449809
T1cIe11,face_num,1,0.5205165982257609
T1cIe11,frame_brightness,0,0.4856326342956856
T1cIe11,frame_brightness,1,0.5054073540014419
T1cIe11,global_flow,0,0.48492210275539954
T1cIe11,global_flow,1,0.4819650376686206
T1cIe11,gpt2_surprisal,0,0.5406674816881394
T1cIe11,gpt2_surprisal,1,0.5817581476024785
T1cIe11,local_flow,0,0.4913116621213546
T1cIe11,local_flow,1,0.4822419359894674
T1cIe11,onset,0,0.7476777112525208
T1cIe11,onset,1,0.7285038086580358
T1cIe11,pitch,0,0.4961181990115252
T1cIe11,pitch,1,0.5099317680741461
T1cIe11,speech,0,0.5632582050719414
T1cIe11,speech,1,0.5429140152346321
T1cIe11,volume,0,0.5189910452127937
T1cIe11,volume,1,0.5361744145951537
T1cIe11,word_gap,0,0.4934432567422129
T1cIe11,word_gap,1,0.5467853672298674
T1cIe11,word_head_pos,0,0.5411638088670156
T1cIe11,word_head_pos,1,0.5341368609134509
T1cIe11,word_index,0,0.7601135128607656
T1cIe11,word_index,1,0.7595399106388118
T1cIe11,word_length,0,0.5324859199816097
T1cIe11,word_length,1,0.5188656572939196
T1cIe11,word_part_speech,0,0.5689291101055807
T1cIe11,word_part_speech,1,0.5663584497344089
P2b12,delta_volume,0,0.5050207412515804
P2b12,delta_volume,1,0.49998171426183086
P2b12,face_num,0,0.5061544570180663
P2b12,face_num,1,0.5125701388671202
P2b12,frame_brightness,0,0.5288287723477844
P2b12,frame_brightness,1,0.4804656071387522
P2b12,global_flow,0,0.47936846284860457
P2b12,global_flow,1,0.4991118355746424
P2b12,gpt2_surprisal,0,0.5248372569302948
P2b12,gpt2_surprisal,1,0.5073038462744115
P2b12,local_flow,0,0.4762546628632331
P2b12,local_flow,1,0.4455555207255781
P2b12,onset,0,0.5032705348839639
P2b12,onset,1,0.5241162763967693
P2b12,pitch,0,0.5127059757792336
P2b12,pitch,1,0.5408346655799714
P2b12,speech,0,0.49739820068336416
P2b12,speech,1,0.5089077667366749
P2b12,volume,0,0.5086308684158282
P2b12,volume,1,0.5165982257609478
P2b12,word_gap,0,0.5033698003197392
P2b12,word_gap,1,0.503709392600023
P2b12,word_head_pos,0,0.5255425639739612
P2b12,word_head_pos,1,0.48640063529878896
P2b12,word_index,0,0.5016604274846033
P2b12,word_index,1,0.5135777683854607
P2b12,word_length,0,0.48792096381513644
P2b12,word_length,1,0.5067239271496191
P2b12,word_part_speech,0,0.5066561741753558
P2b12,word_part_speech,1,0.4917174896714539
O1aIb15,delta_volume,0,0.4910608862836066
O1aIb15,delta_volume,1,0.5012852261684587
O1aIb15,face_num,0,0.5165564297879899
O1aIb15,face_num,1,0.5073978872135669
O1aIb15,frame_brightness,0,0.4885844748858448
O1aIb15,frame_brightness,1,0.47850119640972594
O1aIb15,global_flow,0,0.5136568341640284
O1aIb15,global_flow,1,0.49568979028870574
O1aIb15,gpt2_surprisal,0,0.47800486923084956
O1aIb15,gpt2_surprisal,1,0.48484373530610325
O1aIb15,local_flow,0,0.5335203703123204
O1aIb15,local_flow,1,0.5110968308203505
O1aIb15,onset,0,0.4936104406340449
O1aIb15,onset,1,0.4933596647962969
O1aIb15,pitch,0,0.48162544538833685
O1aIb15,pitch,1,0.4796087896931131
O1aIb15,speech,0,0.46796861122430855
O1aIb15,speech,1,0.4810820977398827
O1aIb15,volume,0,0.48889272018641006
O1aIb15,volume,1,0.47694429641704017
O1aIb15,word_gap,0,0.5079882553315989
O1aIb15,word_gap,1,0.521901089829995
O1aIb15,word_head_pos,0,0.4861864309373792
O1aIb15,word_head_pos,1,0.5157414083153087
O1aIb15,word_index,0,0.4762181499818863
O1aIb15,word_index,1,0.4958942156744355
O1aIb15,word_length,0,0.5085681744563911
O1aIb15,word_length,1,0.5135836912113518
O1aIb15,word_part_speech,0,0.4598990097711325
O1aIb15,word_part_speech,1,0.4772903141189586
O1bId13,delta_volume,0,0.5175699821322216
O1bId13,delta_volume,1,0.5092003385473809
O1bId13,face_num,0,0.4988349372537956
O1bId13,face_num,1,0.46851195887276265
O1bId13,frame_brightness,0,0.4984117530275959
O1bId13,frame_brightness,1,0.5013949405974735
O1bId13,global_flow,0,0.5014733080467697
O1bId13,global_flow,1,0.5096444207600597
O1bId13,gpt2_surprisal,0,0.48856357689936575
O1bId13,gpt2_surprisal,1,0.4786004618455012
O1bId13,local_flow,0,0.5151980606668547
O1bId13,local_flow,1,0.49053843662163155
O1bId13,onset,0,0.5709068681232564
O1bId13,onset,1,0.5500402286239721
O1bId13,pitch,0,0.5006034293595812
O1bId13,pitch,1,0.49233566345882573
O1bId13,speech,0,0.560395180924318
O1bId13,speech,1,0.5401972769923618
O1bId13,volume,0,0.5011023687867675
O1bId13,volume,1,0.5152241831499536
O1bId13,word_gap,0,0.4726706581820842
O1bId13,word_gap,1,0.4689560410854414
O1bId13,word_head_pos,0,0.4532407552532313
O1bId13,word_head_pos,1,0.47414396622885385
O1bId13,word_index,0,0.5052680835647868
O1bId13,word_index,1,0.5095927424224128
O1bId13,word_length,0,0.4877694534131637
O1bId13,word_length,1,0.4800267494226931
O1bId13,word_part_speech,0,0.4826152534592433
O1bId13,word_part_speech,1,0.4932585743327431
F2Ia2,delta_volume,0,0.5208509660094249
F2Ia2,delta_volume,1,0.5367961296929041
F2Ia2,face_num,0,0.46396142231695975
F2Ia2,face_num,1,0.48644243127174697
F2Ia2,frame_brightness,0,0.47346478166828626
F2Ia2,frame_brightness,1,0.4765838061502774
F2Ia2,global_flow,0,0.49135345809431263
F2Ia2,global_flow,1,0.5201299854758994
F2Ia2,gpt2_surprisal,0,0.49841697752421554
F2Ia2,gpt2_surprisal,1,0.4995402442974619
F2Ia2,local_flow,0,0.4799901779463548
F2Ia2,local_flow,1,0.455764187120571
F2Ia2,onset,0,0.5212428032559063
F2Ia2,onset,1,0.5463047135408503
F2Ia2,pitch,0,0.5064209063456737
F2Ia2,pitch,1,0.5155794489200966
F2Ia2,speech,0,0.4972257922949124
F2Ia2,speech,1,0.4911601517193818
F2Ia2,volume,0,0.534262248832325
F2Ia2,volume,1,0.5251977471970575
F2Ia2,word_gap,0,0.4895301087740196
F2Ia2,word_gap,1,0.4735274756277233
F2Ia2,word_head_pos,0,0.5177214925341943
F2Ia2,word_head_pos,1,0.5254224005517069
F2Ia2,word_index,0,0.5323707885521073
F2Ia2,word_index,1,0.5495260234271223
F2Ia2,word_length,0,0.5102661358578101
F2Ia2,word_length,1,0.4848515720510329
F2Ia2,word_part_speech,0,0.5223293330710211
F2Ia2,word_part_speech,1,0.5324808184143223
F2Ia14,delta_volume,0,0.48713206482555405
F2Ia14,delta_volume,1,0.47647409172126265
F2Ia14,face_num,0,0.5198583116516724
F2Ia14,face_num,1,0.49981191812168896
F2Ia14,frame_brightness,0,0.49946710134478545
F2Ia14,frame_brightness,1,0.5014367365704315
F2Ia14,global_flow,0,0.4945142785492618
F2Ia14,global_flow,1,0.5085786234496306
F2Ia14,gpt2_surprisal,0,0.4913273356112139
F2Ia14,gpt2_surprisal,1,0.49665632216335964
F2Ia14,local_flow,0,0.5127059757792337
F2Ia14,local_flow,1,0.5178625539429277
F2Ia14,onset,0,0.5320313887756914
F2Ia14,onset,1,0.4891069245478198
F2Ia14,pitch,0,0.48249793632383525
F2Ia14,pitch,1,0.529946814624411
F2Ia14,speech,0,0.5203180673542105
F2Ia14,speech,1,0.49846922249041303
F2Ia14,volume,0,0.5122253220902167
F2Ia14,volume,1,0.5270524434970691
F2Ia14,word_gap,0,0.5048431083665088
F2Ia14,word_gap,1,0.5225802743905625
F2Ia14,word_head_pos,0,0.5135627932248727
F2Ia14,word_head_pos,1,0.5059611506431355
F2Ia14,word_index,0,0.49301865716700877
F2Ia14,word_index,1,0.5017585436541481
F2Ia14,word_length,0,0.511086381827111
F2Ia14,word_length,1,0.5279510569156662
F2Ia14,word_part_speech,0,0.5137713948455637
F2Ia14,word_part_speech,1,0.4702078824840973
F3b7,delta_volume,0,0.49510987116391336
F3b7,delta_volume,1,0.49878791678421786
F3b7,face_num,0,0.5141583858395243
F3b7,face_num,1,0.4816515678714356
F3b7,frame_brightness,0,0.48908080206472104
F3b7,frame_brightness,1,0.4922520715129098
F3b7,global_flow,0,0.4940336248602447
F3b7,global_flow,1,0.48680814603512956
F3b7,gpt2_surprisal,0,0.524184194852826
F3b7,gpt2_surprisal,1,0.5041848217924203
F3b7,local_flow,0,0.47748241956887455
F3b7,local_flow,1,0.48276438565144253
F3b7,onset,0,0.47198102462827707
F3b7,onset,1,0.5068336415786339
F3b7,pitch,0,0.4949479117687011
F3b7,pitch,1,0.515046550264882
F3b7,speech,0,0.5319060008568175
F3b7,speech,1,0.5133067928905051
F3b7,volume,0,0.4921319080906555
F3b7,volume,1,0.5154488365046027
F3b7,word_gap,0,0.46493840318485313
F3b7,word_gap,1,0.5071366623825794
F3b7,word_head_pos,0,0.5129071188990941
F3b7,word_head_pos,1,0.4952248100895479
F3b7,word_index,0,0.5040604999396208
F3b7,word_index,1,0.49044499456587376
F3b7,word_length,0,0.4806223420373447
F3b7,word_length,1,0.49178186681713215
F3b7,word_part_speech,0,0.5118040527247688
F3b7,word_part_speech,1,0.4870745622663781
F3d3,delta_volume,0,0.5270472190004493
F3d3,delta_volume,1,0.5104751157226002
F3d3,face_num,0,0.5123350365192314
F3d3,face_num,1,0.5056267828594715
F3d3,frame_brightness,0,0.5371043749934694
F3d3,frame_brightness,1,0.5031033509921319
F3d3,global_flow,0,0.5187089223953272
F3d3,global_flow,1,0.5099526660606251
F3d3,gpt2_surprisal,0,0.49483819733968626
F3d3,gpt2_surprisal,1,0.4894674148145826
F3d3,local_flow,0,0.5260179931663583
F3d3,local_flow,1,0.5224496619750687
F3d3,onset,0,0.5207517005736497
F3d3,onset,1,0.5207621495668893
F3d3,pitch,0,0.5141427123496651
F3d3,pitch,1,0.48279573263116093
F3d3,speech,0,0.5399726236377125
F3d3,speech,1,0.5235729287483151
F3d3,volume,0,0.5215614975497112
F3d3,volume,1,0.5225437029142241
F3d3,word_gap,0,0.5221361921778838
F3d3,word_gap,1,0.5259291767238227
F3d3,word_head_pos,0,0.5306939176410352
F3d3,word_head_pos,1,0.5065619677544069
F3d3,word_index,0,0.5578281608501389
F3d3,word_index,1,0.5472165197439922
F3d3,word_length,0,0.5268695861153778
F3d3,word_length,1,0.4953188510287034
F3d3,word_part_speech,0,0.5288215620696439
F3d3,word_part_speech,1,0.5302118171683389
P2a1,delta_volume,0,0.49264913325601073
P2a1,delta_volume,1,0.5173610022674315
P2a1,face_num,0,0.5305633052255416
P2a1,face_num,1,0.5452389162304212
P2a1,frame_brightness,0,0.5405682162523642
P2a1,frame_brightness,1,0.4889606386424668
P2a1,global_flow,0,0.48086266888185325
P2a1,global_flow,1,0.4946083194884173
P2a1,gpt2_surprisal,0,0.48199638464833916
P2a1,gpt2_surprisal,1,0.519111208635048
P2a1,local_flow,0,0.45654263711691384
P2a1,local_flow,1,0.4620388075608915
P2a1,onset,0,0.5136150381910702
P2a1,onset,1,0.516935205792922
P2a1,pitch,0,0.49965518322309643
P2a1,pitch,1,0.5314984901204769
P2a1,speech,0,0.5305371827424428
P2a1,speech,1,0.531686571998788
P2a1,volume,0,0.5229773361336636
P2a1,volume,1,0.5346749840652852
P2a1,word_gap,0,0.5064940492983501
P2a1,word_gap,1,0.5056529053425702
P2a1,word_head_pos,0,0.5360960471458576
P2a1,word_head_pos,1,0.5078889898958235
P2a1,word_index,0,0.507449281487743
P2a1,word_index,1,0.5170571187054703
P2a1,word_length,0,0.5304535907965268
P2a1,word_length,1,0.5052767415859482
P2a1,word_part_speech,0,0.5089973112991016
P2a1,word_part_speech,1,0.5003278903534658
T1b4,delta_volume,0,0.58109986102839
T1b4,delta_volume,1,0.5715364199659363
T1b4,face_num,0,0.472801270597578
T1b4,face_num,1,0.4769390719204205
T1b4,frame_brightness,0,0.49545991243743664
T1b4,frame_brightness,1,0.515318224089109
T1b4,global_flow,0,0.4933283178165784
T1b4,global_flow,1,0.5132702214141668
T1b4,gpt2_surprisal,0,0.5234109693531028
T1b4,gpt2_surprisal,1,0.5459024273011295
T1b4,local_flow,0,0.5135680177214925
T1b4,local_flow,1,0.5201299854758994
T1b4,onset,0,0.6221435064731513
T1b4,onset,1,0.621584485334838
T1b4,pitch,0,0.4823934463914402
T1b4,pitch,1,0.48626479838667547
T1b4,speech,0,0.5143412432212155
T1b4,speech,1,0.5164989603251727
T1b4,volume,0,0.5283010981891896
T1b4,volume,1,0.5433633219439307
T1b4,word_gap,0,0.5139128344983961
T1b4,word_gap,1,0.5491102682256565
T1b4,word_head_pos,0,0.49765420101773195
T1b4,word_head_pos,1,0.5160810005955926
T1b4,word_index,0,0.6260566356720203
T1b4,word_index,1,0.5934594251901945
T1b4,word_length,0,0.5018181248236733
T1b4,word_length,1,0.48610806348808294
T1b4,word_part_speech,0,0.5259033379237983
T1b4,word_part_speech,1,0.5409338317266705
T1cIe12,delta_volume,0,0.5251716247139588
T1cIe12,delta_volume,1,0.5023614724721274
T1cIe12,face_num,0,0.4990857130915436
T1cIe12,face_num,1,0.5121678526273993
T1cIe12,frame_brightness,0,0.5064470288287723
T1cIe12,frame_brightness,1,0.5060395180924319
T1cIe12,global_flow,0,0.46404501426287575
T1cIe12,global_flow,1,0.4709570232908059
T1cIe12,gpt2_surprisal,0,0.5054700479608789
T1cIe12,gpt2_surprisal,1,0.5446172011326709
T1cIe12,local_flow,0,0.47515751857308547
T1cIe12,local_flow,1,0.49667722014983856
T1cIe12,onset,0,0.6099234088795544
T1cIe12,onset,1,0.5998453549000553
T1cIe12,pitch,0,0.5065933147341254
T1cIe12,pitch,1,0.503709392600023
T1cIe12,speech,0,0.5307879585801908
T1cIe12,speech,1,0.5226847643229575
T1cIe12,volume,0,0.5179827173651819
T1cIe12,volume,1,0.49811395672027003
T1cIe12,word_gap,0,0.49894465168281044
T1cIe12,word_gap,1,0.526571789808052
T1cIe12,word_head_pos,0,0.5130978130257149
T1cIe12,word_head_pos,1,0.4878948413320377
T1cIe12,word_index,0,0.5786891679748822
T1cIe12,word_index,1,0.5791722014249486
T1cIe12,word_length,0,0.5067709476191969
T1cIe12,word_length,1,0.47730478668380305
T1cIe12,word_part_speech,0,0.5073644173388419
T1cIe12,word_part_speech,1,0.5284543248737621
P2b13,delta_volume,0,0.47630690782943064
P2b13,delta_volume,1,0.4869910034168208
P2b13,face_num,0,0.5002089798647901
P2b13,face_num,1,0.5245028891466308
P2b13,frame_brightness,0,0.5471301840067709
P2b13,frame_brightness,1,0.4923461124520652
P2b13,global_flow,0,0.48289499806693625
P2b13,global_flow,1,0.49131166212135463
P2b13,gpt2_surprisal,0,0.5201247609792796
P2b13,gpt2_surprisal,1,0.5238550515657816
P2b13,local_flow,0,0.521122639833652
P2b13,local_flow,1,0.4690239595414982
P2b13,onset,0,0.48152617995256153
P2b13,onset,1,0.5131761804750112
P2b13,pitch,0,0.4845198165156787
P2b13,pitch,1,0.5133381398702236
P2b13,speech,0,0.49983804060478776
P2b13,speech,1,0.505888007690459
P2b13,volume,0,0.5220317022454887
P2b13,volume,1,0.5162220620043259
P2b13,word_gap,0,0.47493025297012637
P2b13,word_gap,1,0.5112796882020417
P2b13,word_head_pos,0,0.5043624546774919
P2b13,word_head_pos,1,0.5001410614087333
P2b13,word_index,0,0.5221440647264823
P2b13,word_index,1,0.4914714406472648
P2b13,word_length,0,0.5088711952603366
P2b13,word_length,1,0.5201247609792796
P2b13,word_part_speech,0,0.5040264935405601
P2b13,word_part_speech,1,0.5290642009312087
O1aIb16,delta_volume,0,0.5354220870819096
O1aIb16,delta_volume,1,0.5277629750373551
O1aIb16,face_num,0,0.4767980105116872
O1aIb16,face_num,1,0.46506379110372714
O1aIb16,frame_brightness,0,0.47033008369643586
O1aIb16,frame_brightness,1,0.48991149702726144
O1aIb16,global_flow,0,0.4927849701681242
O1aIb16,global_flow,1,0.5352183317137393
O1aIb16,gpt2_surprisal,0,0.4715473914088377
O1aIb16,gpt2_surprisal,1,0.5004963271788763
O1aIb16,local_flow,0,0.5138971610085369
O1aIb16,local_flow,1,0.5401659300126432
O1aIb16,onset,0,0.5187611673615248
O1aIb16,onset,1,0.5372140894224842
O1aIb16,pitch,0,0.47659425514351694
O1aIb16,pitch,1,0.4682977545113528
O1aIb16,speech,0,0.5111960962561257
O1aIb16,speech,1,0.5329404511875281
O1aIb16,volume,0,0.505177476150173
O1aIb16,volume,1,0.4910243148072684
O1aIb16,word_gap,0,0.4788930336562073
O1aIb16,word_gap,1,0.517162471395881
O1aIb16,word_head_pos,0,0.5049789452786224
O1aIb16,word_head_pos,1,0.524894726393112
O1aIb16,word_index,0,0.4978791812583021
O1aIb16,word_index,1,0.4784219900978142
O1aIb16,word_length,0,0.5100728294828794
O1aIb16,word_length,1,0.49094594735797203
O1aIb16,word_part_speech,0,0.47547380156075814
O1aIb16,word_part_speech,1,0.44652108334972784
O1bId14,delta_volume,0,0.5296908142900432
O1bId14,delta_volume,1,0.5237244391502879
O1bId14,face_num,0,0.4899402317586701
O1bId14,face_num,1,0.48762839200443037
O1bId14,frame_brightness,0,0.5206054146682967
O1bId14,frame_brightness,1,0.5088398482806181
O1bId14,global_flow,0,0.4880515762306302
O1bId14,global_flow,1,0.5270158720207307
O1bId14,gpt2_surprisal,0,0.5138762630220578
O1bId14,gpt2_surprisal,1,0.5188134123277222
O1bId14,local_flow,0,0.524832032433675
O1bId14,local_flow,1,0.503542208708191
O1bId14,onset,0,0.5083853170746998
O1bId14,onset,1,0.4871372893221738
O1bId14,pitch,0,0.47412829273899454
O1bId14,pitch,1,0.49621223995068076
O1bId14,speech,0,0.5499200652017178
O1bId14,speech,1,0.5156264693896743
O1bId14,volume,0,0.5069694784907475
O1bId14,volume,1,0.5305424072390625
O1bId14,word_gap,0,0.4825345078001735
O1bId14,word_gap,1,0.48035589270973744
O1bId14,word_head_pos,0,0.5077688264735692
O1bId14,word_head_pos,1,0.5200620670198426
O1bId14,word_index,0,0.513532483999517
O1bId14,word_index,1,0.514475908706678
O1bId14,word_length,0,0.5194351274254725
O1bId14,word_length,1,0.5014628590535302
O1bId14,word_part_speech,0,0.46518788117253596
O1bId14,word_part_speech,1,0.457689028788773
F2Ia3,delta_volume,0,0.5395755618946115
F2Ia3,delta_volume,1,0.5032235144143862
F2Ia3,face_num,0,0.4926282352695318
F2Ia3,face_num,1,0.4945456255289803
F2Ia3,frame_brightness,0,0.4970115879335027
F2Ia3,frame_brightness,1,0.46748273303867166
F2Ia3,global_flow,0,0.5110080143778147
F2Ia3,global_flow,1,0.518755942864905
F2Ia3,gpt2_surprisal,0,0.4643375860735819
F2Ia3,gpt2_surprisal,1,0.5024502889146631
F2Ia3,local_flow,0,0.5094249919020303
F2Ia3,local_flow,1,0.4817456088105911
F2Ia3,onset,0,0.533217349508375
F2Ia3,onset,1,0.5356937609061367
F2Ia3,pitch,0,0.5170057364972885
F2Ia3,pitch,1,0.5306573461646971
F2Ia3,speech,0,0.47476045682998447
F2Ia3,speech,1,0.4865312477142827
F2Ia3,volume,0,0.5221048451981651
F2Ia3,volume,1,0.5104437687428818
F2Ia3,word_gap,0,0.4808574443852335
F2Ia3,word_gap,1,0.45548206430310434
F2Ia3,word_head_pos,0,0.517308757301234
F2Ia3,word_head_pos,1,0.5070164989603252
F2Ia3,word_index,0,0.5049661876584953
F2Ia3,word_index,1,0.5041888056997947
F2Ia3,word_length,0,0.4992581214799954
F2Ia3,word_length,1,0.522653417343239
F2Ia3,word_part_speech,0,0.4877696898157256
F2Ia3,word_part_speech,1,0.47521148927798545
F3c1,delta_volume,0,0.5235729287483151
F3c1,delta_volume,1,0.4913064376247348
F3c1,face_num,0,0.5103706257902051
F3c1,face_num,1,0.5127373227589521
F3c1,frame_brightness,0,0.5041952707856598
F3c1,frame_brightness,1,0.48906512857486184
F3c1,global_flow,0,0.5202396999049141
F3c1,global_flow,1,0.4994618768481657
F3c1,gpt2_surprisal,0,0.5314671431407584
F3c1,gpt2_surprisal,1,0.5076068670783569
F3c1,local_flow,0,0.4987408963146401
F3c1,local_flow,1,0.522862397208029
F3c1,onset,0,0.5393665820298214
F3c1,onset,1,0.5333688599103477
F3c1,pitch,0,0.5016248184487424
F3c1,pitch,1,0.48620210442723844
F3c1,speech,0,0.5232751324409893
F3c1,speech,1,0.49618089297096224
F3c1,volume,0,0.49969697919605444
F3c1,volume,1,0.5293355485199001
F3c1,word_gap,0,0.527052443497069
F3c1,word_gap,1,0.5073351932541299
F3c1,word_head_pos,0,0.4887359852878175
F3c1,word_head_pos,1,0.5087562563347021
F3c1,word_index,0,0.5322877671778771
F3c1,word_index,1,0.5431031880207705
F3c1,word_length,0,0.4931924809044649
F3c1,word_length,1,0.5274704032266491
F3c1,word_part_speech,0,0.47841825693488094
F3c1,word_part_speech,1,0.4931470916125648
F3b8,delta_volume,0,0.5244245216973344
F3b8,delta_volume,1,0.5489848803067825
F3b8,face_num,0,0.48560651181258685
F3b8,face_num,1,0.4626344001755431
F3b8,frame_brightness,0,0.4987147738315414
F3b8,frame_brightness,1,0.4855438178531499
F3b8,global_flow,0,0.48637973731230993
F3b8,global_flow,1,0.48413320376581714
F3b8,gpt2_surprisal,0,0.5198426381618131
F3b8,gpt2_surprisal,1,0.519466474405191
F3b8,local_flow,0,0.46967179712234725
F3b8,local_flow,1,0.4993887338954892
F3b8,onset,0,0.5182491666927891
F3b8,onset,1,0.5146338150319217
F3b8,pitch,0,0.524664848541843
F3b8,pitch,1,0.5083069496254037
F3b8,speech,0,0.5039967399141093
F3b8,speech,1,0.5262217485345287
F3b8,volume,0,0.5031033509921319
F3b8,volume,1,0.5258455847779067
F3b8,word_gap,0,0.5009247359016958
F3b8,word_gap,1,0.5055431909135555
F3b8,word_head_pos,0,0.5602227725358662
F3b8,word_head_pos,1,0.5314828166306176
F3b8,word_index,0,0.49726784204806185
F3b8,word_index,1,0.5259102161574689
F3b8,word_length,0,0.48570055275174234
F3b8,word_length,1,0.48015213734156714
F3b8,word_part_speech,0,0.4687389337005705
F3b8,word_part_speech,1,0.48964522263755
F3d4,delta_volume,0,0.5102765848510497
F3d4,delta_volume,1,0.5198060666854749
F3d4,face_num,0,0.5323814300492147
F3d4,face_num,1,0.5181916972299719
F3d4,frame_brightness,0,0.5451448752912658
F3d4,frame_brightness,1,0.5280137508751032
F3d4,global_flow,0,0.5204016593001264
F3d4,global_flow,1,0.5226847643229575
F3d4,gpt2_surprisal,0,0.49944097886168665
F3d4,gpt2_surprisal,1,0.5197590462158972
F3d4,local_flow,0,0.4938298694920744
F3d4,local_flow,1,0.4931715829179858
F3d4,onset,0,0.5438439756329477
F3d4,onset,1,0.5732892385818626
F3d4,pitch,0,0.5283063226858092
F3d4,pitch,1,0.4987670187977388
F3d4,speech,0,0.5535876618287827
F3d4,speech,1,0.5144457331536106
F3d4,volume,0,0.501091919793528
F3d4,volume,1,0.5291944871111669
F3d4,word_gap,0,0.5118909543065526
F3d4,word_gap,1,0.550985862512147
F3d4,word_head_pos,0,0.5169900630074292
F3d4,word_head_pos,1,0.517893900922646
F3d4,word_index,0,0.5609678782755706
F3d4,word_index,1,0.5620245139475908
F3d4,word_length,0,0.5156369183829138
F3d4,word_length,1,0.5157100613355903
F3d4,word_part_speech,0,0.49542920847268673
F3d4,word_part_speech,1,0.5079611777821497
P2a2,delta_volume,0,0.5078471939228656
P2a2,delta_volume,1,0.513515772755295
P2a2,face_num,0,0.5143516922144551
P2a2,face_num,1,0.5287190579187695
P2a2,frame_brightness,0,0.5017449818709967
P2a2,frame_brightness,1,0.49955591778732117
P2a2,global_flow,0,0.5081763372099098
P2a2,global_flow,1,0.4864058597954087
P2a2,gpt2_surprisal,0,0.48336520276271383
P2a2,gpt2_surprisal,1,0.5243200317649395
P2a2,local_flow,0,0.48796275978809434
P2a2,local_flow,1,0.4933962362726351
P2a2,onset,0,0.514691284494739
P2a2,onset,1,0.5054543744710197
P2a2,pitch,0,0.5026749422693124
P2a2,pitch,1,0.5242050928393049
P2a2,speech,0,0.5095947880421721
P2a2,speech,1,0.49264390875939096
P2a2,volume,0,0.515380918048546
P2a2,volume,1,0.5253335841091711
P2a2,word_gap,0,0.5195709643375861
P2a2,word_gap,1,0.4903294567568415
P2a2,word_head_pos,0,0.5287399559052486
P2a2,word_head_pos,1,0.5010240013374712
P2a2,word_index,0,0.5248007487018476
P2a2,word_index,1,0.49429416737109044
P2a2,word_length,0,0.4968914245112484
P2a2,word_length,1,0.48973908863880966
P2a2,word_part_speech,0,0.5122499836054824
P2a2,word_part_speech,1,0.5048921240737098
T1b5,delta_volume,0,0.5257985643083289
T1b5,delta_volume,1,0.5553378681963993
T1b5,face_num,0,0.48565875677878434
T1b5,face_num,1,0.47357449609730107
T1b5,frame_brightness,0,0.47575311118773705
T1b5,frame_brightness,1,0.4994723258414052
T1b5,global_flow,0,0.474099558007586
T1b5,global_flow,1,0.5099787885437238
T1b5,gpt2_surprisal,0,0.4822105890097489
T1b5,gpt2_surprisal,1,0.5459625090122566
T1b5,local_flow,0,0.5157466328119286
T1b5,local_flow,1,0.5458031618653543
T1b5,onset,0,0.5940043676791742
T1b5,onset,1,0.5497633303031253
T1b5,pitch,0,0.49427395170475324
T1b5,pitch,1,0.48398691786046416
T1b5,speech,0,0.5422557286605435
T1b5,speech,1,0.4776025829911288
T1b5,volume,0,0.5147487539575561
T1b5,volume,1,0.5353280461427541
T1b5,word_gap,0,0.5084689090206158
T1b5,word_gap,1,0.5196336582970231
T1b5,word_head_pos,0,0.4848228373196243
T1b5,word_head_pos,1,0.4864581047616062
T1b5,word_index,0,0.5776702692911485
T1b5,word_index,1,0.5536469025480014
T1b5,word_length,0,0.5140173244307911
T1b5,word_length,1,0.5068911110414511
T1b5,word_part_speech,0,0.5225457407043085
T1b5,word_part_speech,1,0.5229326513213982
P2b1,delta_volume,0,0.5101459724355559
P2b1,delta_volume,1,0.4958569741805377
P2b1,face_num,0,0.5056581298391899
P2b1,face_num,1,0.5029779630732579
P2b1,frame_brightness,0,0.5138762630220578
P2b1,frame_brightness,1,0.5078733164059643
P2b1,global_flow,0,0.4901674973616293
P2b1,global_flow,1,0.4964682402850485
P2b1,gpt2_surprisal,0,0.48636928831907045
P2b1,gpt2_surprisal,1,0.5128104657116287
P2b1,local_flow,0,0.517308757301234
P2b1,local_flow,1,0.5037982090425587
P2b1,onset,0,0.5015412265028264
P2b1,onset,1,0.5206210881581559
P2b1,pitch,0,0.47926397291620954
P2b1,pitch,1,0.5007418785200046
P2b1,speech,0,0.458235374021713
P2b1,speech,1,0.5225437029142243
P2b1,volume,0,0.4704189001389716
P2b1,volume,1,0.48745075911935887
P2b1,word_gap,0,0.49550170841039465
P2b1,word_gap,1,0.505595435879753
P2b1,word_head_pos,0,0.4849168782587798
P2b1,word_head_pos,1,0.5145920190589637
P2b1,word_index,0,0.5261894698707885
P2b1,word_index,1,0.501939681197923
P2b1,word_length,0,0.47820340010240014
P2b1,word_length,1,0.4931506849315069
P2b1,word_part_speech,0,0.5109515378057577
P2b1,word_part_speech,1,0.5120401337792643
P2b14,delta_volume,0,0.47420143569167117
P2b14,delta_volume,1,0.4851937765796266
P2b14,face_num,0,0.4991797540306991
P2b14,face_num,1,0.5216973344618245
P2b14,frame_brightness,0,0.5393561330365819
P2b14,frame_brightness,1,0.4793632383519848
P2b14,global_flow,0,0.48826055609542024
P2b14,global_flow,1,0.497716894977169
P2b14,gpt2_surprisal,0,0.5187925143412432
P2b14,gpt2_surprisal,1,0.5118230358504958
P2b14,local_flow,0,0.5051043331974964
P2b14,local_flow,1,0.4929730520464353
P2b14,onset,0,0.48218446652665026
P2b14,onset,1,0.5156839388524915
P2b14,pitch,0,0.48598790006582865
P2b14,pitch,1,0.48645288026498645
P2b14,speech,0,0.4881586784113351
P2b14,speech,1,0.4929417050667168
P2b14,volume,0,0.5319268988432964
P2b14,volume,1,0.5325590629342862
P2b14,word_gap,0,0.4971944453151939
P2b14,word_gap,1,0.5009665318746539
P2b14,word_head_pos,0,0.49118104970586085
P2b14,word_head_pos,1,0.4762285403801343
P2b14,word_index,0,0.500498128245381
P2b14,word_index,1,0.4934715010264461
P2b14,word_length,0,0.4852930420154019
P2b14,word_length,1,0.4896293742097949
P2b14,word_part_speech,0,0.480326578792052
P2b14,word_part_speech,1,0.5370712833628435
O1bId1,delta_volume,0,0.5135784667147321
O1bId1,delta_volume,1,0.5488281454081899
O1bId1,face_num,0,0.5193776579626553
O1bId1,face_num,1,0.49094594735797203
O1bId1,frame_brightness,0,0.5367647827131856
O1bId1,frame_brightness,1,0.5094824613648475
O1bId1,global_flow,0,0.5162638579772839
O1bId1,global_flow,1,0.5175647576356017
O1bId1,gpt2_surprisal,0,0.5363833944599438
O1bId1,gpt2_surprisal,1,0.5170841039465848
O1bId1,local_flow,0,0.4745828239449129
O1bId1,local_flow,1,0.4873619426768231
O1bId1,onset,0,0.5293512220097594
O1bId1,onset,1,0.5301348965027219
O1bId1,pitch,0,0.49924767248675594
O1bId1,pitch,1,0.5142681002685391
O1bId1,speech,0,0.5084427865375172
O1bId1,speech,1,0.5216607629854864
O1bId1,volume,0,0.5163787969029183
O1bId1,volume,1,0.5433946689236492
O1bId1,word_gap,0,0.48483328631286376
O1bId1,word_gap,1,0.5092734815000575
O1bId1,word_head_pos,0,0.49526138156588617
O1bId1,word_head_pos,1,0.5209397824519608
O1bId1,word_index,0,0.5310952783480256
O1bId1,word_index,1,0.5136306001690616
O1bId1,word_length,0,0.4970377104166014
O1bId1,word_length,1,0.4824143443779192
O1bId1,word_part_speech,0,0.5166961767984786
O1bId1,word_part_speech,1,0.4688832054560955
O1bId15,delta_volume,0,0.5251925227004378
O1bId15,delta_volume,1,0.5327993897787948
O1bId15,face_num,0,0.4779526242646521
O1bId15,face_num,1,0.48662528865343824
O1bId15,frame_brightness,0,0.4832450393404596
O1bId15,frame_brightness,1,0.48328161081679777
O1bId15,global_flow,0,0.5247379914945195
O1bId15,global_flow,1,0.5595592614651578
O1bId15,gpt2_surprisal,0,0.5102034418983731
O1bId15,gpt2_surprisal,1,0.5415922175898351
O1bId15,local_flow,0,0.5385254380740415
O1bId15,local_flow,1,0.5449567934129547
O1bId15,onset,0,0.5116245049789453
O1bId15,onset,1,0.5036519231372057
O1bId15,pitch,0,0.4819754866618602
O1bId15,pitch,1,0.4751052736068879
O1bId15,speech,0,0.4882239846190819
O1bId15,speech,1,0.5020375536817028
O1bId15,volume,0,0.5140852428868479
O1bId15,volume,1,0.4939813798940473
O1bId15,word_gap,0,0.4815523024356603
O1bId15,word_gap,1,0.47566429474520133
O1bId15,word_head_pos,0,0.5215458240598518
O1bId15,word_head_pos,1,0.5244192972007147
O1bId15,word_index,0,0.5078794831542084
O1bId15,word_index,1,0.5038642676005314
O1bId15,word_length,0,0.488600148375704
O1bId15,word_length,1,0.49146317252332733
O1bId15,word_part_speech,0,0.5140533805495442
O1bId15,word_part_speech,1,0.4968948783526788
F2Ia4,delta_volume,0,0.5320313887756914
F2Ia4,delta_volume,1,0.5048013123935509
F2Ia4,face_num,0,0.5082442556659665
F2Ia4,face_num,1,0.5011702872428242
F2Ia4,frame_brightness,0,0.4934902772117907
F2Ia4,frame_brightness,1,0.49772211947378864
F2Ia4,global_flow,0,0.465152607546263
F2Ia4,global_flow,1,0.4847810413466663
F2Ia4,gpt2_surprisal,0,0.46312027836117986
F2Ia4,gpt2_surprisal,1,0.4883807195176745
F2Ia4,local_flow,0,0.48706937086611707
F2Ia4,local_flow,1,0.4859539408378003
F2Ia4,onset,0,0.5113423821614786
F2Ia4,onset,1,0.5338913095723227
F2Ia4,pitch,0,0.513432180809379
F2Ia4,pitch,1,0.5294034669759569
F2Ia4,speech,0,0.4867454520756925
F2Ia4,speech,1,0.49929991745295343
F2Ia4,volume,0,0.5160287556293951
F2Ia4,volume,1,0.5226847643229575
F2Ia4,word_gap,0,0.5041430258194624
F2Ia4,word_gap,1,0.4783078900347951
F2Ia4,word_head_pos,0,0.5219846817759108
F2Ia4,word_head_pos,1,0.4947180339174321
F2Ia4,word_index,0,0.5131324719236807
F2Ia4,word_index,1,0.5218044318319044
F2Ia4,word_length,0,0.5176431250848981
F2Ia4,word_length,1,0.5012173077124019
F2Ia4,word_part_speech,0,0.4936192537215555
F2Ia4,word_part_speech,1,0.4856121712899206
F3c2,delta_volume,0,0.5232960304274683
F3c2,delta_volume,1,0.5065515187611673
F3c2,face_num,0,0.494801625863348
F3c2,face_num,1,0.4967660365923743
F3c2,frame_brightness,0,0.4796976061356488
F3c2,frame_brightness,1,0.47468731387730795
F3c2,global_flow,0,0.522883295194508
F3c2,global_flow,1,0.507836744929626
F3c2,gpt2_surprisal,0,0.5136098136944506
F3c2,gpt2_surprisal,1,0.5312059183097708
F3c2,local_flow,0,0.5108512794792222
F3c2,local_flow,1,0.5302028149587787
F3c2,onset,0,0.530448366299907
F3c2,onset,1,0.4957002392819453
F3c2,pitch,0,0.4469347878331923
F3c2,pitch,1,0.5046498019915782
F3c2,speech,0,0.5213316196984421
F3c2,speech,1,0.5474697762870547
F3c2,volume,0,0.5405368692726455
F3c2,volume,1,0.5442828333490068
F3c2,word_gap,0,0.5157884287848865
F3c2,word_gap,1,0.5083487455983616
F3c2,word_head_pos,0,0.49209533661431726
F3c2,word_head_pos,1,0.4881665151562647
F3c2,word_index,0,0.5081436420722135
F3c2,word_index,1,0.48365988407197197
F3c2,word_length,0,0.5097541351890745
F3c2,word_length,1,0.5284212616114439
F3c2,word_part_speech,0,0.45810872844120926
F3c2,word_part_speech,1,0.4981966030559381
F3aOF1,delta_volume,0,0.47653156118407997
F3aOF1,delta_volume,1,0.5450665078419694
F3aOF1,face_num,0,0.4739036393843453
F3aOF1,face_num,1,0.5267755451762224
F3aOF1,frame_brightness,0,0.4744626605226587
F3aOF1,frame_brightness,1,0.5187611673615248
F3aOF1,global_flow,0,0.5339487790351399
F3aOF1,global_flow,1,0.47086298235165047
F3aOF1,gpt2_surprisal,0,0.4409161677272395
F3aOF1,gpt2_surprisal,1,0.49241925540474174
F3aOF1,local_flow,0,0.464081585739214
F3aOF1,local_flow,1,0.4888665977033113
F3aOF1,onset,0,0.5260911361190349
F3aOF1,onset,1,0.5374282937838939
F3aOF1,pitch,0,0.5455314880411273
F3aOF1,pitch,1,0.5166870422034836
F3aOF1,speech,0,0.5156421428795335
F3aOF1,speech,1,0.5271464844362246
F3aOF1,volume,0,0.48653124771428274
F3aOF1,volume,1,0.48132242458439123
F3aOF1,word_gap,0,0.4774615215823955
F3aOF1,word_gap,1,0.5132911194006458
F3aOF1,word_head_pos,0,0.47845417594014816
F3aOF1,word_head_pos,1,0.4942896251946125
F3aOF1,word_index,0,0.4689651008332327
F3aOF1,word_index,1,0.5227855935273518
F3aOF1,word_length,0,0.47353270012434295
F3aOF1,word_length,1,0.5035578821980503
F3aOF1,word_part_speech,0,0.508426782084071
F3aOF1,word_part_speech,1,0.5083743196275166
F3d5,delta_volume,0,0.5283951391283449
F3d5,delta_volume,1,0.5372010281809347
F3d5,face_num,0,0.5088502972738577
F3d5,face_num,1,0.5022726560295916
F3d5,frame_brightness,0,0.5194821478950503
F3d5,frame_brightness,1,0.5078524184194853
F3d5,global_flow,0,0.52242353949197
F3d5,global_flow,1,0.5180506358212387
F3d5,gpt2_surprisal,0,0.5155010814708003
F3d5,gpt2_surprisal,1,0.5148584683865709
F3d5,local_flow,0,0.49721534330167283
F3d5,local_flow,1,0.48110822022298155
F3d5,onset,0,0.541179482356875
F3d5,onset,1,0.5673594349184456
F3d5,pitch,0,0.48847476045683
F3d5,pitch,1,0.47751376654859307
F3d5,speech,0,0.530218488448638
F3d5,speech,1,0.5089077667366749
F3d5,volume,0,0.5121991996071178
F3d5,volume,1,0.5231915404950733
F3d5,word_gap,0,0.5103627890452755
F3d5,word_gap,1,0.5326948998463998
F3d5,word_head_pos,0,0.5528980282749757
F3d5,word_head_pos,1,0.5335308193055599
F3d5,word_index,0,0.5851195507788914
F3d5,word_index,1,0.5774589421567443
F3d5,word_length,0,0.5437969551633701
F3d5,word_length,1,0.5561319916826013
F3d5,word_part_speech,0,0.49258967801167286
F3d5,word_part_speech,1,0.5065250180339694
P2a3,delta_volume,0,0.5162534089840444
P2a3,delta_volume,1,0.5754260576993406
P2a3,face_num,0,0.49331786882333883
P2a3,face_num,1,0.47516274306970524
P2a3,frame_brightness,0,0.5059402526566565
P2a3,frame_brightness,1,0.5025809013301569
P2a3,global_flow,0,0.46498803590274074
P2a3,global_flow,1,0.486421533285268
P2a3,gpt2_surprisal,0,0.5068179680887747
P2a3,gpt2_surprisal,1,0.5241319498866286
P2a3,local_flow,0,0.5123298120226116
P2a3,local_flow,1,0.5016509409318413
P2a3,onset,0,0.5256679518928351
P2a3,onset,1,0.5170318589803873
P2a3,pitch,0,0.48803590274077097
P2a3,pitch,1,0.47698609238999823
P2a3,speech,0,0.4862595738900557
P2a3,speech,1,0.49695934296730515
P2a3,volume,0,0.5415869930932153
P2a3,volume,1,0.5329979206503453
P2a3,word_gap,0,0.5363468229836056
P2a3,word_gap,1,0.5098534006248499
P2a3,word_head_pos,0,0.5318694293804791
P2a3,word_head_pos,1,0.5359288632540256
P2a3,word_index,0,0.5324613573239947
P2a3,word_index,1,0.5411106750392465
P2a3,word_length,0,0.522151865667743
P2a3,word_length,1,0.5396382558540485
P2a3,word_part_speech,0,0.542809364548495
P2a3,word_part_speech,1,0.5447898222834284
T1b6,delta_volume,0,0.5147905499305142
T1b6,delta_volume,1,0.5472921434019833
T1b6,face_num,0,0.47841237996719016
T1b6,face_num,1,0.486651411136537
T1b6,frame_brightness,0,0.48760749401795134
T1b6,frame_brightness,1,0.48660961516357903
T1b6,global_flow,0,0.4882030866326029
T1b6,global_flow,1,0.5061074365484886
T1b6,gpt2_surprisal,0,0.4858154916773768
T1b6,gpt2_surprisal,1,0.5671504550536555
T1b6,local_flow,0,0.5331389820590786
T1b6,local_flow,1,0.5493453705735453
T1b6,onset,0,0.5846943147027783
T1b6,onset,1,0.5566492168479568
T1b6,pitch,0,0.5133903848364211
T1b6,pitch,1,0.5287869763748263
T1b6,speech,0,0.5612728963564361
T1b6,speech,1,0.48384585645173084
T1b6,volume,0,0.5157884287848866
T1b6,volume,1,0.5197172502429391
T1b6,word_gap,0,0.519257494540401
T1b6,word_gap,1,0.5315768575697731
T1b6,word_head_pos,0,0.5085002560003344
T1b6,word_head_pos,1,0.4969123224977274
T1b6,word_index,0,0.5724323753169908
T1b6,word_index,1,0.5617679024272431
T1b6,word_length,0,0.5157257348254496
T1b6,word_length,1,0.4920065201717815
T1b6,word_part_speech,0,0.5221588300872189
T1b6,word_part_speech,1,0.5584300609876057
P2b3,delta_volume,0,0.5140695693969886
P2b3,delta_volume,1,0.5241998683426852
P2b3,face_num,0,0.5152398566398128
P2b3,face_num,1,0.5011389402631057
P2b3,frame_brightness,0,0.4822001400165094
P2b3,frame_brightness,1,0.49382464499545464
P2b3,global_flow,0,0.4969070980011076
P2b3,global_flow,1,0.5103654012935854
P2b3,gpt2_surprisal,0,0.528562323020177
P2b3,gpt2_surprisal,1,0.49966040771971626
P2b3,local_flow,0,0.48094626082776915
P2b3,local_flow,1,0.509283930493297
P2b3,onset,0,0.5126432818197967
P2b3,onset,1,0.5287242824153893
P2b3,pitch,0,0.4881299436799264
P2b3,pitch,1,0.5050834352110174
P2b3,speech,0,0.545599406497184
P2b3,speech,1,0.5154540610012226
P2b3,volume,0,0.539314337063624
P2b3,volume,1,0.5157100613355904
P2b3,word_gap,0,0.4613387250138449
P2b3,word_gap,1,0.4692068169231894
P2b3,word_head_pos,0,0.4924715003709393
P2b3,word_head_pos,1,0.4895353332706394
P2b3,word_index,0,0.5034567081270378
P2b3,word_index,1,0.5073889023064847
P2b3,word_length,0,0.5040698828667858
P2b3,word_length,1,0.48877255676415576
P2b3,word_part_speech,0,0.5312020460358057
P2b3,word_part_speech,1,0.47047019476686996
P2b15,delta_volume,0,0.4955591778732119
P2b15,delta_volume,1,0.48992194602050093
P2b15,face_num,0,0.49259688828981324
P2b15,face_num,1,0.5060891508103195
P2b15,frame_brightness,0,0.5402913179315173
P2b15,frame_brightness,1,0.4987304473214006
P2b15,global_flow,0,0.4916251319185397
P2b15,global_flow,1,0.5020427781783225
P2b15,gpt2_surprisal,0,0.5231445200254955
P2b15,gpt2_surprisal,1,0.5140277734240306
P2b15,local_flow,0,0.5051095576941161
P2b15,local_flow,1,0.4978527318892825
P2b15,onset,0,0.5005381231518343
P2b15,onset,1,0.4954912594171551
P2b15,pitch,0,0.4834383457153903
P2b15,pitch,1,0.5122514445733154
P2b15,speech,0,0.5150413257682622
P2b15,speech,1,0.47687637796098337
P2b15,volume,0,0.5141531613429047
P2b15,volume,1,0.5249992163255071
P2b15,word_gap,0,0.49879836577745734
P2b15,word_gap,1,0.4999634285236618
P2b15,word_head_pos,0,0.5086909501269552
P2b15,word_head_pos,1,0.4893942718619061
P2b15,word_index,0,0.4820220987803406
P2b15,word_index,1,0.4733124018838304
P2b15,word_length,0,0.5038034335391786
P2b15,word_length,1,0.503897474478334
P2b15,word_part_speech,0,0.4975867269984917
P2b15,word_part_speech,1,0.526788641878156
O1bId2,delta_volume,0,0.5156734898592521
O1bId2,delta_volume,1,0.5443298538185846
O1bId2,face_num,0,0.5124499754448659
O1bId2,face_num,1,0.5216137425159086
O1bId2,frame_brightness,0,0.5273397908111553
O1bId2,frame_brightness,1,0.5030302080394554
O1bId2,global_flow,0,0.5076538875479348
O1bId2,global_flow,1,0.5084375620408974
O1bId2,gpt2_surprisal,0,0.4997126526859137
O1bId2,gpt2_surprisal,1,0.4771428272885907
O1bId2,local_flow,0,0.4808835668683323
O1bId2,local_flow,1,0.4755284578330878
O1bId2,onset,0,0.5345495961464113
O1bId2,onset,1,0.5247641139776184
O1bId2,pitch,0,0.48243524236439816
O1bId2,pitch,1,0.4950524017010961
O1bId2,speech,0,0.5340166974911966
O1bId2,speech,1,0.545557610524226
O1bId2,volume,0,0.490444395682476
O1bId2,volume,1,0.5174184717302488
O1bId2,word_gap,0,0.47560160078576424
O1bId2,word_gap,1,0.5174759411930661
O1bId2,word_head_pos,0,0.520035944536744
O1bId2,word_head_pos,1,0.518609656959552
O1bId2,word_index,0,0.5413672865595942
O1bId2,word_index,1,0.5144381717183915
O1bId2,word_length,0,0.5145502230860056
O1bId2,word_length,1,0.49958726476703974
O1bId2,word_part_speech,0,0.4926618138894353
O1bId2,word_part_speech,1,0.5005442979867533
O1bId16,delta_volume,0,0.4942530537182742
O1bId16,delta_volume,1,0.4662027313668329
O1bId16,face_num,0,0.47123130936334284
O1bId16,face_num,1,0.5039653929343908
O1bId16,frame_brightness,0,0.5002089798647901
O1bId16,frame_brightness,1,0.49106611078022633
O1bId16,global_flow,0,0.49201696916502097
O1bId16,global_flow,1,0.5001462859053529
O1bId16,gpt2_surprisal,0,0.471667554831092
O1bId16,gpt2_surprisal,1,0.4919020302393864
O1bId16,local_flow,0,0.509889972101188
O1bId16,local_flow,1,0.5149054888561487
O1bId16,onset,0,0.5382798867329133
O1bId16,onset,1,0.5182125952164509
O1bId16,pitch,0,0.46482346425921867
O1bId16,pitch,1,0.4834174477289114
O1bId16,speech,0,0.5142367532888206
O1bId16,speech,1,0.5137822220829024
O1bId16,volume,0,0.5170684304567256
O1bId16,volume,1,0.5080300513045568
O1bId16,word_gap,0,0.44751993145460434
O1bId16,word_gap,1,0.49068994702360424
O1bId16,word_head_pos,0,0.5089103789849848
O1bId16,word_head_pos,1,0.4755284578330878
O1bId16,word_index,0,0.5231629634102162
O1bId16,word_index,1,0.5407257577587248
O1bId16,word_length,0,0.5145502230860057
O1bId16,word_length,1,0.4843630816170862
O1bId16,word_part_speech,0,0.5006295494786543
O1bId16,word_part_speech,1,0.484976064004197
F2Ia5,delta_volume,0,0.5152555301296721
F2Ia5,delta_volume,1,0.5051147821907359
F2Ia5,face_num,0,0.47966103465931054
F2Ia5,face_num,1,0.4950001567348986
F2Ia5,frame_brightness,0,0.5032391879042455
F2Ia5,frame_brightness,1,0.5460434887098629
F2Ia5,global_flow,0,0.5047856389036917
F2Ia5,global_flow,1,0.5015360020062067
F2Ia5,gpt2_surprisal,0,0.4634859931245624
F2Ia5,gpt2_surprisal,1,0.47384616992152806
F2Ia5,local_flow,0,0.5061805795011651
F2Ia5,local_flow,1,0.5034847392453737
F2Ia5,onset,0,0.4727751481144792
F2Ia5,onset,1,0.5144248351671317
F2Ia5,pitch,0,0.5351242907745839
F2Ia5,pitch,1,0.5521091292853934
F2Ia5,speech,0,0.4951986876064491
F2Ia5,speech,1,0.4796296876795921
F2Ia5,volume,0,0.5058932321870788
F2Ia5,volume,1,0.5099892375369633
F2Ia5,word_gap,0,0.5162220620043259
F2Ia5,word_gap,1,0.5079046633856827
F2Ia5,word_head_pos,0,0.5188656572939196
F2Ia5,word_head_pos,1,0.4846713269176516
F2Ia5,word_index,0,0.5049586402608381
F2Ia5,word_index,1,0.5151778166888057
F2Ia5,word_length,0,0.5098534006248497
F2Ia5,word_length,1,0.48559606281934736
F2Ia5,word_part_speech,0,0.5004393730736442
F2Ia5,word_part_speech,1,0.506452882156207
F3c3,delta_volume,0,0.5069799274839869
F3c3,delta_volume,1,0.5303569376090613
F3c3,face_num,0,0.4872887997241466
F3c3,face_num,1,0.5166609197203851
F3c3,frame_brightness,0,0.4751104981035077
F3c3,frame_brightness,1,0.48503181718441424
F3c3,global_flow,0,0.5225750498939428
F3c3,global_flow,1,0.49446725807968406
F3c3,gpt2_surprisal,0,0.5252970126328329
F3c3,gpt2_surprisal,1,0.5204904757426622
F3c3,local_flow,0,0.5109400959217579
F3c3,local_flow,1,0.5242521133088827
F3c3,onset,0,0.5485930430603011
F3c3,onset,1,0.5557976238989373
F3c3,pitch,0,0.4729371075096915
F3c3,pitch,1,0.5136516096674086
F3c3,speech,0,0.5252813391429736
F3c3,speech,1,0.5268225656458
F3c3,volume,0,0.5462890400509911
F3c3,volume,1,0.4872783507309071
F3c3,word_gap,0,0.5152450811364324
F3c3,word_gap,1,0.5185312895102556
F3c3,word_head_pos,0,0.5138710385254381
F3c3,word_head_pos,1,0.5324963689748493
F3c3,word_index,0,0.5481071126675523
F3c3,word_index,1,0.5380615263857023
F3c3,word_length,0,0.5188604327973
F3c3,word_length,1,0.4919333772191049
F3c3,word_part_speech,0,0.4936126959144862
F3c3,word_part_speech,1,0.4616499442586399
F3aOF2,delta_volume,0,0.48494822523849823
F3aOF2,delta_volume,1,0.494362768147289
F3aOF2,face_num,0,0.4636427280231549
F3aOF2,face_num,1,0.4917139483610754
F3aOF2,frame_brightness,0,0.48749777958893664
F3aOF2,frame_brightness,1,0.4981870996729465
F3aOF2,global_flow,0,0.5035787801845293
F3aOF2,global_flow,1,0.5036310251507267
F3aOF2,gpt2_surprisal,0,0.4966458731701201
F3aOF2,gpt2_surprisal,1,0.4709726967806652
F3aOF2,local_flow,0,0.4768711534643637
F3aOF2,local_flow,1,0.5312581632759684
F3aOF2,onset,0,0.5142472022820601
F3aOF2,onset,1,0.5600555886440342
F3aOF2,pitch,0,0.5296490183170851
F3aOF2,pitch,1,0.5354847810413467
F3aOF2,speech,0,0.49787362987576145
F3aOF2,speech,1,0.5359654347303637
F3aOF2,volume,0,0.5236356227077521
F3aOF2,volume,1,0.4850004702046957
F3aOF2,word_gap,0,0.4943052986844717
F3aOF2,word_gap,1,0.5021106966343793
F3aOF2,word_head_pos,0,0.49157811144896185
F3aOF2,word_head_pos,1,0.47563817226210253
F3aOF2,word_index,0,0.549073179567685
F3aOF2,word_index,1,0.5534582176065692
F3aOF2,word_length,0,0.5235677042516953
F3aOF2,word_length,1,0.5188499838040606
F3aOF2,word_part_speech,0,0.4657223424486852
F3aOF2,word_part_speech,1,0.4982884123549085
F3d6,delta_volume,0,0.5332539209847131
F3d6,delta_volume,1,0.5469264286386007
F3d6,face_num,0,0.5383164582092516
F3d6,face_num,1,0.505762619771585
F3d6,frame_brightness,0,0.5240117864643742
F3d6,frame_brightness,1,0.5176535740781376
F3d6,global_flow,0,0.5284578330877819
F3d6,global_flow,1,0.5119902197423278
F3d6,gpt2_surprisal,0,0.5082390311693469
F3d6,gpt2_surprisal,1,0.5438700981160465
F3d6,local_flow,0,0.4937776245258769
F3d6,local_flow,1,0.49574725975152295
F3d6,onset,0,0.5358348223148699
F3d6,onset,1,0.5586449745567015
F3d6,pitch,0,0.5076956835208928
F3d6,pitch,1,0.4703771041660136
F3d6,speech,0,0.5275853421522836
F3d6,speech,1,0.5014733080467697
F3d6,volume,0,0.5183223096454657
F3d6,volume,1,0.5222302331170392
F3d6,word_gap,0,0.5171990428722193
F3d6,word_gap,1,0.5200986384961809
F3d6,word_head_pos,0,0.5430132806704074
F3d6,word_head_pos,1,0.5488281454081899
F3d6,word_index,0,0.5753305760173892
F3d6,word_index,1,0.5902064967999033
F3d6,word_length,0,0.5274390562469305
F3d6,word_length,1,0.5454269981087323
F3d6,word_part_speech,0,0.5101711587645091
F3d6,word_part_speech,1,0.5215883008721883
P2a4,delta_volume,0,0.5299520391210306
P2a4,delta_volume,1,0.5420519732923733
P2a4,face_num,0,0.5084636845239962
P2a4,face_num,1,0.5263157894736843
P2a4,frame_brightness,0,0.5035369842115712
P2a4,frame_brightness,1,0.4992058765137979
P2a4,global_flow,0,0.5321411032047063
P2a4,global_flow,1,0.5203755368170278
P2a4,gpt2_surprisal,0,0.5153913670417856
P2a4,gpt2_surprisal,1,0.5253910535719883
P2a4,local_flow,0,0.5047229449442546
P2a4,local_flow,1,0.48470267389737
P2a4,onset,0,0.5181446767603941
P2a4,onset,1,0.5146912844947389
P2a4,pitch,0,0.5168594505919355
P2a4,pitch,1,0.5033802493129786
P2a4,speech,0,0.5196441072902626
P2a4,speech,1,0.49884016175041535
P2a4,volume,0,0.5092264610304797
P2a4,volume,1,0.518630554946031
P2a4,word_gap,0,0.5277838730238341
P2a4,word_gap,1,0.5131030375223348
P2a4,word_head_pos,0,0.5044199241403091
P2a4,word_head_pos,1,0.4579584757008663
P2a4,word_index,0,0.5028151793261684
P2a4,word_index,1,0.5126796280642435
P2a4,word_length,0,0.5314828166306177
P2a4,word_length,1,0.5369110686185385
P2a4,word_part_speech,0,0.5441078103482195
P2a4,word_part_speech,1,0.5171027608367762
T1cIe1,delta_volume,0,0.5172408388451772
T1cIe1,delta_volume,1,0.5233900713666237
T1cIe1,face_num,0,0.501760655360856
T1cIe1,face_num,1,0.5125910368535991
T1cIe1,frame_brightness,0,0.5062380489639823
T1cIe1,frame_brightness,1,0.5189492492398357
T1cIe1,global_flow,0,0.4912437436652979
T1cIe1,global_flow,1,0.516660919720385
T1cIe1,gpt2_surprisal,0,0.5184320240744804
T1cIe1,gpt2_surprisal,1,0.5218749673468961
T1cIe1,local_flow,0,0.5104594422327409
T1cIe1,local_flow,1,0.5019226147560683
T1cIe1,onset,0,0.536210986071492
T1cIe1,onset,1,0.5704680104071973
T1cIe1,pitch,0,0.5102452378713311
T1cIe1,pitch,1,0.5331233085692194
T1cIe1,speech,0,0.5040280868938278
T1cIe1,speech,1,0.5244506441804333
T1cIe1,volume,0,0.5042213932687586
T1cIe1,volume,1,0.4929573785565761
T1cIe1,word_gap,0,0.5124081794719079
T1cIe1,word_gap,1,0.49380897150559533
T1cIe1,word_head_pos,0,0.55532219470654
T1cIe1,word_head_pos,1,0.5383164582092516
T1cIe1,word_index,0,0.5416918246588577
T1cIe1,word_index,1,0.5252535925612849
T1cIe1,word_length,0,0.50880327680428
T1cIe1,word_length,1,0.5081136432504729
T1cIe1,word_part_speech,0,0.5042560167879861
T1cIe1,word_part_speech,1,0.5234835071152206
P2b4,delta_volume,0,0.49636375035265357
P2b4,delta_volume,1,0.5084009905645591
P2b4,face_num,0,0.5140956918800874
P2b4,face_num,1,0.5019905332121251
P2b4,frame_brightness,0,0.5013583691211352
P2b4,frame_brightness,1,0.4868865134844258
P2b4,global_flow,0,0.5480967158814248
P2b4,global_flow,1,0.5237662351232459
P2b4,gpt2_surprisal,0,0.515192836170235
P2b4,gpt2_surprisal,1,0.48420112222187384
P2b4,local_flow,0,0.5091533180778032
P2b4,local_flow,1,0.5084114395577986
P2b4,onset,0,0.5156734898592521
P2b4,onset,1,0.5245081136432505
P2b4,pitch,0,0.48762839200443037
P2b4,pitch,1,0.49345370573545244
P2b4,speech,0,0.5492774521174885
P2b4,speech,1,0.5444500172408389
P2b4,volume,0,0.4975810580650554
P2b4,volume,1,0.5231967649916931
P2b4,word_gap,0,0.4755284578330878
P2b4,word_gap,1,0.4843735306103257
P2b4,word_head_pos,0,0.490695171520224
P2b4,word_head_pos,1,0.46291652299300967
P2b4,word_index,0,0.48482973070885155
P2b4,word_index,1,0.5244082840236687
P2b4,word_length,0,0.5289802827497571
P2b4,word_length,1,0.49393435942446945
P2b4,word_part_speech,0,0.5332939864909174
P2b4,word_part_speech,1,0.5401009902288675
P2b16,delta_volume,0,0.49582040270419947
P2b16,delta_volume,1,0.49523525908278737
P2b16,face_num,0,0.5108669529690815
P2b16,face_num,1,0.5088502972738577
P2b16,frame_brightness,0,0.5285570985235573
P2b16,frame_brightness,1,0.5256052579333981
P2b16,global_flow,0,0.49484342183630614
P2b16,global_flow,1,0.5107676875333063
P2b16,gpt2_surprisal,0,0.5178677784395473
P2b16,gpt2_surprisal,1,0.5157727552950273
P2b16,local_flow,0,0.5034115962926973
P2b16,local_flow,1,0.5017240838845177
P2b16,onset,0,0.5029413915969196
P2b16,onset,1,0.49979102013520993
P2b16,pitch,0,0.49734595571716667
P2b16,pitch,1,0.5189126777634975
P2b16,speech,0,0.5041430258194624
P2b16,speech,1,0.4730259239522272
P2b16,volume,0,0.503730290586502
P2b16,volume,1,0.5126746287995152
P2b16,word_gap,0,0.5057887422546837
P2b16,word_gap,1,0.5066116004722945
P2b16,word_head_pos,0,0.503291432870443
P2b16,word_head_pos,1,0.5028734731408628
P2b16,word_index,0,0.4998113150585678
P2b16,word_index,1,0.5054039367226181
P2b16,word_length,0,0.5009299603983156
P2b16,word_length,1,0.5089469504613231
P2b16,word_part_speech,0,0.5232933307102106
P2b16,word_part_speech,1,0.5407174240933832
O1bId3,delta_volume,0,0.5198896586313908
O1bId3,delta_volume,1,0.5253388086057909
O1bId3,face_num,0,0.5212166807728076
O1bId3,face_num,1,0.5043885771605906
O1bId3,frame_brightness,0,0.47480747729956213
O1bId3,frame_brightness,1,0.4752881309885793
O1bId3,global_flow,0,0.4893263534058494
O1bId3,global_flow,1,0.5118909543065525
O1bId3,gpt2_surprisal,0,0.5009613073780341
O1bId3,gpt2_surprisal,1,0.5012199199607118
O1bId3,local_flow,0,0.4545938998777468
O1bId3,local_flow,1,0.4739349863640639
O1bId3,onset,0,0.4952770550557454
O1bId3,onset,1,0.5295497528813099
O1bId3,pitch,0,0.5190746371587097
O1bId3,pitch,1,0.4967503631025151
O1bId3,speech,0,0.4874507591193588
O1bId3,speech,1,0.5093309509628747
O1bId3,volume,0,0.4933283178165784
O1bId3,volume,1,0.518714146891947
O1bId3,word_gap,0,0.5031503714617097
O1bId3,word_gap,1,0.5179983908550411
O1bId3,word_head_pos,0,0.48267556920890675
O1bId3,word_head_pos,1,0.48537140946469803
O1bId3,word_index,0,0.5292989977055911
O1bId3,word_index,1,0.5444994565873686
O1bId3,word_length,0,0.5318380824007607
O1bId3,word_length,1,0.5157936532815064
O1bId3,word_part_speech,0,0.490143615974818
O1bId3,word_part_speech,1,0.48168404485540034
F2Ia6,delta_volume,0,0.5208300680229461
F2Ia6,delta_volume,1,0.49827069161886256
F2Ia6,face_num,0,0.4920692141312185
F2Ia6,face_num,1,0.4792274014398713
F2Ia6,frame_brightness,0,0.48763361650105014
F2Ia6,frame_brightness,1,0.48064324002382375
F2Ia6,global_flow,0,0.5150413257682622
F2Ia6,global_flow,1,0.556241706111616
F2Ia6,gpt2_surprisal,0,0.4865521457007617
F2Ia6,gpt2_surprisal,1,0.49251852084051706
F2Ia6,local_flow,0,0.5144039371806526
F2Ia6,local_flow,1,0.5121626281307796
F2Ia6,onset,0,0.4968653020281496
F2Ia6,onset,1,0.5405838897422234
F2Ia6,pitch,0,0.5090279301589292
F2Ia6,pitch,1,0.5129149556440237
F2Ia6,speech,0,0.4745462524685747
F2Ia6,speech,1,0.4709465742975664
F2Ia6,volume,0,0.5052767415859483
F2Ia6,volume,1,0.5168803485784146
F2Ia6,word_gap,0,0.5139650794645936
F2Ia6,word_gap,1,0.48186577223284544
F2Ia6,word_head_pos,0,0.48843818898049174
F2Ia6,word_head_pos,1,0.5087144603617442
F2Ia6,word_index,0,0.517834500664171
F2Ia6,word_index,1,0.5270045888177756
F2Ia6,word_length,0,0.4991849785273189
F2Ia6,word_length,1,0.4891017000512001
F2Ia6,word_part_speech,0,0.4579251098432684
F2Ia6,word_part_speech,1,0.49258312020460354
F3c4,delta_volume,0,0.5100676049862596
F3c4,delta_volume,1,0.5312320407928696
F3c4,face_num,0,0.5001306124154937
F3c4,face_num,1,0.496353301359414
F3c4,frame_brightness,0,0.51508834623784
F3c4,frame_brightness,1,0.5079203368755421
F3c4,global_flow,0,0.5258926052474844
F3c4,global_flow,1,0.49283721513432177
F3c4,gpt2_surprisal,0,0.498448324503934
F3c4,gpt2_surprisal,1,0.5314984901204769
F3c4,local_flow,0,0.46798428471416775
F3c4,local_flow,1,0.45646949416423727
F3c4,onset,0,0.5284944045641202
F3c4,onset,1,0.5282593022162314
F3c4,pitch,0,0.49788930336562065
F3c4,pitch,1,0.5059742118846849
F3c4,speech,0,0.5080039288214581
F3c4,speech,1,0.5113110351817602
F3c4,volume,0,0.5512523118397542
F3c4,volume,1,0.5116036069924663
F3c4,word_gap,0,0.4966145261904016
F3c4,word_gap,1,0.4682350605519159
F3c4,word_head_pos,0,0.5093335632111846
F3c4,word_head_pos,1,0.5239699904914161
F3c4,word_index,0,0.5045963651732882
F3c4,word_index,1,0.5179779012196594
F3c4,word_length,0,0.5332695944745723
F3c4,word_length,1,0.5457770393822555
F3c4,word_part_speech,0,0.5408748114630467
F3c4,word_part_speech,1,0.5066758475965637
F3aOF3,delta_volume,0,0.5016822879115597
F3aOF3,delta_volume,1,0.5106840955873901
F3aOF3,face_num,0,0.4701420018181249
F3aOF3,face_num,1,0.5014942060332487
F3aOF3,frame_brightness,0,0.5078524184194854
F3aOF3,frame_brightness,1,0.47191310617222026
F3aOF3,global_flow,0,0.5001985308715505
F3aOF3,global_flow,1,0.5272457498719998
F3aOF3,gpt2_surprisal,0,0.49195949970220365
F3aOF3,gpt2_surprisal,1,0.4951777896199701
F3aOF3,local_flow,0,0.47777499137958057
F3aOF3,local_flow,1,0.5097123392161166
F3aOF3,onset,0,0.5383634786788293
F3aOF3,onset,1,0.5721816452984755
F3aOF3,pitch,0,0.5272823213483381
F3aOF3,pitch,1,0.5328673082348515
F3aOF3,speech,0,0.5058775586972195
F3aOF3,speech,1,0.530761836097092
F3aOF3,volume,0,0.4826128752494698
F3aOF3,volume,1,0.5105273606887977
F3aOF3,word_gap,0,0.511483443570212
F3aOF3,word_gap,1,0.4988453862470351
F3aOF3,word_head_pos,0,0.49226774500276904
F3aOF3,word_head_pos,1,0.47803099171394836
F3aOF3,word_index,0,0.5435258422895786
F3aOF3,word_index,1,0.5504543533389687
F3aOF3,word_length,0,0.5522136192177883
F3aOF3,word_length,1,0.5292676300638434
F3aOF3,word_part_speech,0,0.4880451177126369
F3aOF3,word_part_speech,1,0.4956980785625287
F3d7,delta_volume,0,0.4919281527224852
F3d7,delta_volume,1,0.5407980941036331
F3d7,face_num,0,0.5225384784176045
F3d7,face_num,1,0.49576293324138215
F3d7,frame_brightness,0,0.5112509534706331
F3d7,frame_brightness,1,0.4971996698118136
F3d7,global_flow,0,0.5384627441146046
F3d7,global_flow,1,0.5280555468480612
F3d7,gpt2_surprisal,0,0.4938246449954547
F3d7,gpt2_surprisal,1,0.5400718890734877
F3d7,local_flow,0,0.5032809838772034
F3d7,local_flow,1,0.49480162586334814
F3d7,onset,0,0.5298684471751147
F3d7,onset,1,0.55721085023458
F3d7,pitch,0,0.5070478459400437
F3d7,pitch,1,0.49184456077656924
F3d7,speech,0,0.5012120832157821
F3d7,speech,1,0.4925080718472775
F3d7,volume,0,0.5132545479243075
F3d7,volume,1,0.4743007011274464
F3d7,word_gap,0,0.5244924401533912
F3d7,word_gap,1,0.5190119431992728
F3d7,word_head_pos,0,0.5566361556064072
F3d7,word_head_pos,1,0.525375380082129
F3d7,word_index,0,0.5610131626615144
F3d7,word_index,1,0.5577828764641951
F3d7,word_length,0,0.5148636928831908
F3d7,word_length,1,0.4986259573890056
F3d7,word_part_speech,0,0.5217719194701291
F3d7,word_part_speech,1,0.5291101055806937
P2a5,delta_volume,0,0.5005381231518343
P2a5,delta_volume,1,0.5193672089694159
P2a5,face_num,0,0.5009560828814144
P2a5,face_num,1,0.5076173160715965
P2a5,frame_brightness,0,0.5059872731262343
P2a5,frame_brightness,1,0.49221027553995167
P2a5,global_flow,0,0.523426642842962
P2a5,global_flow,1,0.4997648976521112
P2a5,gpt2_surprisal,0,0.516786307639259
P2a5,gpt2_surprisal,1,0.4825345078001735
P2a5,local_flow,0,0.4817456088105911
P2a5,local_flow,1,0.4860244715421669
P2a5,onset,0,0.4934641547286919
P2a5,onset,1,0.5244767666635319
P2a5,pitch,0,0.5152032851634746
P2a5,pitch,1,0.5135889157079716
P2a5,speech,0,0.5119588727626093
P2a5,speech,1,0.482753936658203
P2a5,volume,0,0.5077792754668088
P2a5,volume,1,0.5058514362141209
P2a5,word_gap,0,0.514607692548823
P2a5,word_gap,1,0.5158041022747458
P2a5,word_head_pos,0,0.4938925634515115
P2a5,word_head_pos,1,0.4724303313375756
P2a5,word_index,0,0.47688986837338493
P2a5,word_index,1,0.491161997343316
P2a5,word_length,0,0.5151196932175585
P2a5,word_length,1,0.5421930347011066
P2a5,word_part_speech,0,0.5360417076529608
P2a5,word_part_speech,1,0.5363302511640107
T1cIe2,delta_volume,0,0.5135262217485346
T1cIe2,delta_volume,1,0.5208248435263262
T1cIe2,face_num,0,0.48379361148553335
T1cIe2,face_num,1,0.48535573597483883
T1cIe2,frame_brightness,0,0.4820120581381984
T1cIe2,frame_brightness,1,0.5063373143997576
T1cIe2,global_flow,0,0.5006896335538071
T1cIe2,global_flow,1,0.5047020469577757
T1cIe2,gpt2_surprisal,0,0.47110853369277866
T1cIe2,gpt2_surprisal,1,0.4891330470309186
T1cIe2,local_flow,0,0.4806327910305842
T1cIe2,local_flow,1,0.5262321975277682
T1cIe2,onset,0,0.5355422505041639
T1cIe2,onset,1,0.5371931914360052
T1cIe2,pitch,0,0.4880620252238697
T1cIe2,pitch,1,0.5143621412076946
T1cIe2,speech,0,0.5168803485784145
T1cIe2,speech,1,0.5280712203379204
T1cIe2,volume,0,0.5257881153150894
T1cIe2,volume,1,0.5232542344545102
T1cIe2,word_gap,0,0.5176953700510956
T1cIe2,word_gap,1,0.5249992163255071
T1cIe2,word_head_pos,0,0.5608810591099547
T1cIe2,word_head_pos,1,0.5092421345203388
T1cIe2,word_index,0,0.46769713802680835
T1cIe2,word_index,1,0.5235554280883952
T1cIe2,word_length,0,0.463914401847382
T1cIe2,word_length,1,0.4896607211895134
T1cIe2,word_part_speech,0,0.4867860187553282
T1cIe2,word_part_speech,1,0.4672634271099745
P2b5,delta_volume,0,0.5149159378493882
P2b5,delta_volume,1,0.48333908027961503
P2b5,face_num,0,0.5197799442023762
P2b5,face_num,1,0.5000731429526765
P2b5,frame_brightness,0,0.4824091198812994
P2b5,frame_brightness,1,0.4651160360699247
P2b5,global_flow,0,0.5298057532156776
P2b5,global_flow,1,0.5216241915091481
P2b5,gpt2_surprisal,0,0.52074647607703
P2b5,gpt2_surprisal,1,0.5373603753278371
P2b5,local_flow,0,0.5097436861958351
P2b5,local_flow,1,0.5142628757719194
P2b5,onset,0,0.4698024095378411
P2b5,onset,1,0.520871863995904
P2b5,pitch,0,0.5194246784322331
P2b5,pitch,1,0.4919386017157247
P2b5,speech,0,0.5192365965539221
P2b5,speech,1,0.5326792263565406
P2b5,volume,0,0.5506671682183422
P2b5,volume,1,0.5233848468700041
P2b5,word_gap,0,0.4832554883336991
P2b5,word_gap,1,0.5143255697313565
P2b5,word_head_pos,0,0.49286856211404034
P2b5,word_head_pos,1,0.48499524570807595
P2b5,word_index,0,0.4911770921386305
P2b5,word_index,1,0.517940164231373
P2b5,word_length,0,0.5187820653480038
P2b5,word_length,1,0.5142419777854403
P2b5,word_part_speech,0,0.5090169847203095
P2b5,word_part_speech,1,0.5101973899927864
O1aIb1,delta_volume,0,0.49672424061941634
O1aIb1,delta_volume,1,0.5022256355600138
O1aIb1,face_num,0,0.5327105733362592
O1aIb1,face_num,1,0.4971422003489963
O1aIb1,frame_brightness,0,0.5223242740561946
O1aIb1,frame_brightness,1,0.5071262133893398
O1aIb1,global_flow,0,0.49028243628726365
O1aIb1,global_flow,1,0.4899637419934589
O1aIb1,gpt2_surprisal,0,0.49527183055912566
O1aIb1,gpt2_surprisal,1,0.510015360020062
O1aIb1,local_flow,0,0.4879732087813339
O1aIb1,local_flow,1,0.5034220452859367
O1aIb1,onset,0,0.5266815042370667
O1aIb1,onset,1,0.5074762546628632
O1aIb1,pitch,0,0.4702517162471396
O1aIb1,pitch,1,0.45874998693875846
O1aIb1,speech,0,0.49221027553995167
O1aIb1,speech,1,0.5111438512899281
O1aIb1,volume,0,0.5248477059235344
O1aIb1,volume,1,0.5082912761355444
O1aIb1,word_gap,0,0.5029048201205814
O1aIb1,word_gap,1,0.5141322633564256
O1aIb1,word_head_pos,0,0.5131735682267013
O1aIb1,word_head_pos,1,0.5307409381106131
O1aIb1,word_index,0,0.5340085738437386
O1aIb1,word_index,1,0.5406049993962082
O1aIb1,word_length,0,0.4885008829399287
O1aIb1,word_length,1,0.4747500078367449
O1aIb1,word_part_speech,0,0.4788641878155944
O1aIb1,word_part_speech,1,0.5172208013640239
O1bId4,delta_volume,0,0.5332748189711921
O1bId4,delta_volume,1,0.5335935132649969
O1bId4,face_num,0,0.4964891382715275
O1bId4,face_num,1,0.5027951056915667
O1bId4,frame_brightness,0,0.5048744553462274
O1bId4,frame_brightness,1,0.46296093121427756
O1bId4,global_flow,0,0.49018317085148844
O1bId4,global_flow,1,0.5141792838260033
O1bId4,gpt2_surprisal,0,0.5245917055891665
O1bId4,gpt2_surprisal,1,0.5034115962926973
O1bId4,local_flow,0,0.48424814269145167
O1bId4,local_flow,1,0.5167706341493997
O1bId4,onset,0,0.45533055390113164
O1bId4,onset,1,0.5328255122618935
O1bId4,pitch,0,0.5205009247359017
O1bId4,pitch,1,0.49645256679518923
O1bId4,speech,0,0.44979258748419587
O1bId4,speech,1,0.47283261757729644
O1bId4,volume,0,0.4861550839576607
O1bId4,volume,1,0.5213838646646396
O1bId4,word_gap,0,0.49535542250504166
O1bId4,word_gap,1,0.5175595331389821
O1bId4,word_head_pos,0,0.4837936114855334
O1bId4,word_head_pos,1,0.501509879523108
O1bId4,word_index,0,0.5420842893370367
O1bId4,word_index,1,0.5294801352493661
O1bId4,word_length,0,0.5074449076831448
O1bId4,word_length,1,0.4957890557244809
O1bId4,word_part_speech,0,0.5006164338645157
O1bId4,word_part_speech,1,0.5061643386451571
F2Ia7,delta_volume,0,0.486714105095974
F2Ia7,delta_volume,1,0.505490945947358
F2Ia7,face_num,0,0.48319279437426205
F2Ia7,face_num,1,0.4810089547872063
F2Ia7,frame_brightness,0,0.4975079151123789
F2Ia7,frame_brightness,1,0.47250347429025213
F2Ia7,global_flow,0,0.46809399914318256
F2Ia7,global_flow,1,0.5276375871184811
F2Ia7,gpt2_surprisal,0,0.5043102097112943
F2Ia7,gpt2_surprisal,1,0.5403122159179963
F2Ia7,local_flow,0,0.49504195270785667
F2Ia7,local_flow,1,0.5037093926000229
F2Ia7,onset,0,0.5023823704586063
F2Ia7,onset,1,0.5340637179607745
F2Ia7,pitch,0,0.4807059339832607
F2Ia7,pitch,1,0.5226586418398587
F2Ia7,speech,0,0.49527705505574543
F2Ia7,speech,1,0.5265195448418545
F2Ia7,volume,0,0.4919647241988234
F2Ia7,volume,1,0.4980826097405515
F2Ia7,word_gap,0,0.49960293825689894
F2Ia7,word_gap,1,0.5211696603032298
F2Ia7,word_head_pos,0,0.5131500579919125
F2Ia7,word_head_pos,1,0.5001358369121136
F2Ia7,word_index,0,0.5231931530008453
F2Ia7,word_index,1,0.49947922956164725
F2Ia7,word_length,0,0.5018129003270535
F2Ia7,word_length,1,0.4873305956971046
F2Ia7,word_part_speech,0,0.4616761754869172
F2Ia7,word_part_speech,1,0.4821627647714605
F3c5,delta_volume,0,0.5311014283773758
F3c5,delta_volume,1,0.5464301014597244
F3c5,face_num,0,0.5215980690260493
F3c5,face_num,1,0.48774333093006483
F3c5,frame_brightness,0,0.4986625288653438
F3c5,frame_brightness,1,0.4856169608058264
F3c5,global_flow,0,0.49517256512335034
F3c5,global_flow,1,0.5134948747688161
F3c5,gpt2_surprisal,0,0.5268330146390396
F3c5,gpt2_surprisal,1,0.5300774270399047
F3c5,local_flow,0,0.4890964755545803
F3c5,local_flow,1,0.46740959008599525
F3c5,onset,0,0.5498834937253796
F3c5,onset,1,0.5622916731972875
F3c5,pitch,0,0.4921893775534727
F3c5,pitch,1,0.5132597724209274
F3c5,speech,0,0.505156578163694
F3c5,speech,1,0.5301453454959615
F3c5,volume,0,0.556811176243169
F3c5,volume,1,0.5552124802775252
F3c5,word_gap,0,0.4870850443559763
F3c5,word_gap,1,0.5015621244893055
F3c5,word_head_pos,0,0.4862856963731544
F3c5,word_head_pos,1,0.5035056372318527
F3c5,word_index,0,0.5324311677333655
F3c5,word_index,1,0.5323556937567927
F3c5,word_length,0,0.5474541027971955
F3c5,word_length,1,0.5144091616772724
F3c5,word_part_speech,0,0.4837169650468883
F3c5,word_part_speech,1,0.48662863138566465
F3aOF4,delta_volume,0,0.5212532522491458
F3aOF4,delta_volume,1,0.5448470789839399
F3aOF4,face_num,0,0.47645841823140345
F3aOF4,face_num,1,0.5049110268225656
F3aOF4,frame_brightness,0,0.49353729768136845
F3aOF4,frame_brightness,1,0.4417886586627378
F3aOF4,global_flow,0,0.47938936083508354
F3aOF4,global_flow,1,0.48469222490413044
F3aOF4,gpt2_surprisal,0,0.4672789776705014
F3aOF4,gpt2_surprisal,1,0.47869972728127647
F3aOF4,local_flow,0,0.4992058765137979
F3aOF4,local_flow,1,0.4792326259364911
F3aOF4,onset,0,0.5566126453716185
F3aOF4,onset,1,0.5852115398681337
F3aOF4,pitch,0,0.5028369016645247
F3aOF4,pitch,1,0.5425117289949113
F3aOF4,speech,0,0.5459494477707072
F3aOF4,speech,1,0.5662440048901288
F3aOF4,volume,0,0.4991118355746424
F3aOF4,volume,1,0.517225165355318
F3aOF4,word_gap,0,0.49852669195323035
F3aOF4,word_gap,1,0.5027167382422704
F3aOF4,word_head_pos,0,0.4985214674566106
F3aOF4,word_head_pos,1,0.4943523191540495
F3aOF4,word_index,0,0.544295676850622
F3aOF4,word_index,1,0.5308084772370487
F3aOF4,word_length,0,0.551236638349895
F3aOF4,word_length,1,0.5069067845313104
F3aOF4,word_part_speech,0,0.5344022558856318
F3aOF4,word_part_speech,1,0.5123614663256607
F3d8,delta_volume,0,0.5145763455691044
F3d8,delta_volume,1,0.5549982759161154
F3d8,face_num,0,0.5448314054940807
F3d8,face_num,1,0.5039810664242501
F3d8,frame_brightness,0,0.48948831280106164
F3d8,frame_brightness,1,0.49062202856754755
F3d8,global_flow,0,0.5345861676227495
F3d8,global_flow,1,0.5170214099871477
F3d8,gpt2_surprisal,0,0.4840861832962394
F3d8,gpt2_surprisal,1,0.5424490350354743
F3d8,local_flow,0,0.5031921674346677
F3d8,local_flow,1,0.486818595028369
F3d8,onset,0,0.5371722934495261
F3d8,onset,1,0.5538332131699111
F3d8,pitch,0,0.49597191310617217
F3d8,pitch,1,0.5013792671076143
F3d8,speech,0,0.5056894768189084
F3d8,speech,1,0.50775315298371
F3d8,volume,0,0.5330449411199232
F3d8,volume,1,0.5035526577014304
F3d8,word_gap,0,0.5072045808386362
F3d8,word_gap,1,0.5095765023040031
F3d8,word_head_pos,0,0.5529189262614547
F3d8,word_head_pos,1,0.5155689999268571
F3d8,word_index,0,0.5506430382804008
F3d8,word_index,1,0.5607867407317957
F3d8,word_length,0,0.5223190495595749
F3d8,word_length,1,0.5123872814854289
F3d8,word_part_speech,0,0.5070234113712375
F3d8,word_part_speech,1,0.5207357859531773
P2a6,delta_volume,0,0.47068012496995915
P2a6,delta_volume,1,0.4995454687940817
P2a6,face_num,0,0.509701890222877
P2a6,face_num,1,0.5089025422400552
P2a6,frame_brightness,0,0.5062067019842639
P2a6,frame_brightness,1,0.49659885270054227
P2a6,global_flow,0,0.5309917139483611
P2a6,global_flow,1,0.5263366874601632
P2a6,gpt2_surprisal,0,0.5493296970836861
P2a6,gpt2_surprisal,1,0.5022831050228311
P2a6,local_flow,0,0.4917557443340334
P2a6,local_flow,1,0.515380918048546
P2a6,onset,0,0.520934557955341
P2a6,onset,1,0.515736183818689
P2a6,pitch,0,0.528018975371723
P2a6,pitch,1,0.5140800183902281
P2a6,speech,0,0.5194246784322331
P2a6,speech,1,0.4757269887046383
P2a6,volume,0,0.47540829441083354
P2a6,volume,1,0.49606072954870795
P2a6,word_gap,0,0.5366498437875511
P2a6,word_gap,1,0.525458972028045
P2a6,word_head_pos,0,0.4873932896565416
P2a6,word_head_pos,1,0.5007262050301453
P2a6,word_index,0,0.4738180775268688
P2a6,word_index,1,0.4937809443303948
P2a6,word_length,0,0.5212584767457655
P2a6,word_length,1,0.49682350605519154
P2a6,word_part_speech,0,0.5166699455702014
P2a6,word_part_speech,1,0.5393009377664109
T1cIe5,delta_volume,0,0.5701545406100123
T1cIe5,delta_volume,1,0.5739057291829932
T1cIe5,face_num,0,0.5047647409172127
T1cIe5,face_num,1,0.5124029549752882
T1cIe5,frame_brightness,0,0.48188144572270464
T1cIe5,frame_brightness,1,0.4716309833547538
T1cIe5,global_flow,0,0.513181404971631
T1cIe5,global_flow,1,0.5045244140727041
T1cIe5,gpt2_surprisal,0,0.49543378995433784
T1cIe5,gpt2_surprisal,1,0.5487602269521332
T1cIe5,local_flow,0,0.5156264693896744
T1cIe5,local_flow,1,0.5057782932614443
T1cIe5,onset,0,0.605660219637838
T1cIe5,onset,1,0.6215479138584997
T1cIe5,pitch,0,0.5123298120226116
T1cIe5,pitch,1,0.5085002560003343
T1cIe5,speech,0,0.5551863577944265
T1cIe5,speech,1,0.5218854163401356
T1cIe5,volume,0,0.5291474666415891
T1cIe5,volume,1,0.5722547882511521
T1cIe5,word_gap,0,0.5341211874235917
T1cIe5,word_gap,1,0.5237662351232459
T1cIe5,word_head_pos,0,0.4869701054303418
T1cIe5,word_head_pos,1,0.5053812315183432
T1cIe5,word_index,0,0.5516392947711629
T1cIe5,word_index,1,0.5966406533027412
T1cIe5,word_length,0,0.49508374868081456
T1cIe5,word_length,1,0.5149943052986845
T1cIe5,word_part_speech,0,0.4416092858548102
T1cIe5,word_part_speech,1,0.4683454652764116
P2b6,delta_volume,0,0.5364669864058598
P2b6,delta_volume,1,0.515986959656437
P2b6,face_num,0,0.4816306698849566
P2b6,face_num,1,0.5029048201205814
P2b6,frame_brightness,0,0.4972884862543494
P2b6,frame_brightness,1,0.4837831624922939
P2b6,global_flow,0,0.5225228049277453
P2b6,global_flow,1,0.5269897495376321
P2b6,gpt2_surprisal,0,0.4909720698410708
P2b6,gpt2_surprisal,1,0.513223200944589
P2b6,local_flow,0,0.5149159378493882
P2b6,local_flow,1,0.5102295643814718
P2b6,onset,0,0.46807310115670353
P2b6,onset,1,0.48434740812722693
P2b6,pitch,0,0.5251507267274798
P2b6,pitch,1,0.5054021295048221
P2b6,speech,0,0.5151614891905165
P2b6,speech,1,0.5220473757353479
P2b6,volume,0,0.5384784176044638
P2b6,volume,1,0.53080363207005
P2b6,word_gap,0,0.5138449160423394
P2b6,word_gap,1,0.4776025829911288
P2b6,word_head_pos,0,0.48687606449118626
P2b6,word_head_pos,1,0.48843296448387197
P2b6,word_index,0,0.4861127883105905
P2b6,word_index,1,0.5072832387392827
P2b6,word_length,0,0.5266240347742495
P2b6,word_length,1,0.5198321891685737
P2b6,word_part_speech,0,0.513863204144534
P2b6,word_part_speech,1,0.5209849826218113
O1aIb9,delta_volume,0,0.5910420780957755
O1aIb9,delta_volume,1,0.5616804070927767
O1aIb9,face_num,0,0.4873985141531614
O1aIb9,face_num,1,0.5287556293951079
O1aIb9,frame_brightness,0,0.4719183306688401
O1aIb9,frame_brightness,1,0.4816254453883369
O1aIb9,global_flow,0,0.5071784583555374
O1aIb9,global_flow,1,0.4722318004660251
O1aIb9,gpt2_surprisal,0,0.551612802106517
O1aIb9,gpt2_surprisal,1,0.598972863964557
O1aIb9,local_flow,0,0.5128418126913472
O1aIb9,local_flow,1,0.49032945675684153
O1aIb9,onset,0,0.7374167998913305
O1aIb9,onset,1,0.7430383582541822
O1aIb9,pitch,0,0.5409182575258874
O1aIb9,pitch,1,0.528562323020177
O1aIb9,speech,0,0.5886806056236482
O1aIb9,speech,1,0.5737124228080624
O1aIb9,volume,0,0.5273711377908739
O1aIb9,volume,1,0.5446589971056288
O1aIb9,word_gap,0,0.5809640241162763
O1aIb9,word_gap,1,0.5561058691995026
O1aIb9,word_head_pos,0,0.5363729454667042
O1aIb9,word_head_pos,1,0.5340793914506338
O1aIb9,word_index,0,0.6808054582779858
O1aIb9,word_index,1,0.6777789518174133
O1aIb9,word_length,0,0.49943575436506693
O1aIb9,word_length,1,0.49485909532616534
O1aIb9,word_part_speech,0,0.488379565873172
O1aIb9,word_part_speech,1,0.5113450062299167
O1bId5,delta_volume,0,0.5089547872062528
O1bId5,delta_volume,1,0.4748492732725202
O1bId5,face_num,0,0.5032496368974849
O1bId5,face_num,1,0.5194664744051911
O1bId5,frame_brightness,0,0.4918915812461469
O1bId5,frame_brightness,1,0.5006530620774687
O1bId5,global_flow,0,0.4942217067385558
O1bId5,global_flow,1,0.5500611266104511
O1bId5,gpt2_surprisal,0,0.4975235886022382
O1bId5,gpt2_surprisal,1,0.514774876440655
O1bId5,local_flow,0,0.48880912824049405
O1bId5,local_flow,1,0.5141479368462849
O1bId5,onset,0,0.5229773361336635
O1bId5,onset,1,0.524330480758179
O1bId5,pitch,0,0.5216816609719654
O1bId5,pitch,1,0.5059036811803183
O1bId5,speech,0,0.5342779223221843
O1bId5,speech,1,0.5250566857883243
O1bId5,volume,0,0.473010250462368
O1bId5,volume,1,0.5036101271642477
O1bId5,word_gap,0,0.4833808762525731
O1bId5,word_gap,1,0.46964567463924856
O1bId5,word_head_pos,0,0.524372276731137
O1bId5,word_head_pos,1,0.4808835668683323
O1bId5,word_index,0,0.5257366260113513
O1bId5,word_index,1,0.5075285291631445
O1bId5,word_length,0,0.511128177800069
O1bId5,word_length,1,0.4811552406925592
O1bId5,word_part_speech,0,0.49146829300281986
O1bId5,word_part_speech,1,0.48535641681421726
F2Ia8,delta_volume,0,0.507418785200046
F2Ia8,delta_volume,1,0.5175281861592635
F2Ia8,face_num,0,0.47774364439986206
F2Ia8,face_num,1,0.46366362600963396
F2Ia8,frame_brightness,0,0.5127112002758534
F2Ia8,frame_brightness,1,0.5124604244381055
F2Ia8,global_flow,0,0.5342726978255645
F2Ia8,global_flow,1,0.5290168542260952
F2Ia8,gpt2_surprisal,0,0.5129933230933199
F2Ia8,gpt2_surprisal,1,0.4925759903033343
F2Ia8,local_flow,0,0.5083487455983616
F2Ia8,local_flow,1,0.490966845344451
F2Ia8,onset,0,0.5278465669832711
F2Ia8,onset,1,0.5349518823861321
F2Ia8,pitch,0,0.48607671650836437
F2Ia8,pitch,1,0.515130142210798
F2Ia8,speech,0,0.4922416225196703
F2Ia8,speech,1,0.5070217234569449
F2Ia8,volume,0,0.4809567098210088
F2Ia8,volume,1,0.48557516483286833
F2Ia8,word_gap,0,0.4988767332267535
F2Ia8,word_gap,1,0.4934223587557339
F2Ia8,word_head_pos,0,0.5160966740854518
F2Ia8,word_head_pos,1,0.5069120090279302
F2Ia8,word_index,0,0.5385822968240551
F2Ia8,word_index,1,0.5643189228354064
F2Ia8,word_length,0,0.5110393613575333
F2Ia8,word_length,1,0.495768157738002
F2Ia8,word_part_speech,0,0.48369729162568037
F2Ia8,word_part_speech,1,0.4974162240146895
F3c6,delta_volume,0,0.535098168291485
F3c6,delta_volume,1,0.5324702464917506
F3c6,face_num,0,0.4858572876503349
F3c6,face_num,1,0.48328683531341754
F3c6,frame_brightness,0,0.5105378096820371
F3c6,frame_brightness,1,0.49050186514529326
F3c6,global_flow,0,0.497758690950127
F3c6,global_flow,1,0.4957159127718044
F3c6,gpt2_surprisal,0,0.485559491343009
F3c6,gpt2_surprisal,1,0.4887150873013385
F3c6,local_flow,0,0.47354314911758244
F3c6,local_flow,1,0.4695359602102337
F3c6,onset,0,0.4995715912771804
F3c6,onset,1,0.5017554308642362
F3c6,pitch,0,0.50963919626344
F3c6,pitch,1,0.5187193713885667
F3c6,speech,0,0.5041639238059412
F3c6,speech,1,0.5048431083665089
F3c6,volume,0,0.5723018087207299
F3c6,volume,1,0.5337659216534487
F3c6,word_gap,0,0.4968182815585719
F3c6,word_gap,1,0.5012434301955007
F3c6,word_head_pos,0,0.4965675057208238
F3c6,word_head_pos,1,0.5364669864058598
F3c6,word_index,0,0.48973553918608864
F3c6,word_index,1,0.4872675401521555
F3c6,word_length,0,0.5018390228101522
F3c6,word_length,1,0.5052819660825679
F3c6,word_part_speech,0,0.48568430716768307
F3c6,word_part_speech,1,0.491284674404879
F3aOF5,delta_volume,0,0.5168855730750342
F3aOF5,delta_volume,1,0.5232176629781721
F3aOF5,face_num,0,0.4912071721889596
F3aOF5,face_num,1,0.5194664744051911
F3aOF5,frame_brightness,0,0.46429056560400406
F3aOF5,frame_brightness,1,0.44799013615038197
F3aOF5,global_flow,0,0.4725975152294076
F3aOF5,global_flow,1,0.4982079976594255
F3aOF5,gpt2_surprisal,0,0.4613491740070844
F3aOF5,gpt2_surprisal,1,0.45742035254903196
F3aOF5,local_flow,0,0.486505125231184
F3aOF5,local_flow,1,0.45911831395045083
F3aOF5,onset,0,0.5432797299980147
F3aOF5,onset,1,0.5562364816149964
F3aOF5,pitch,0,0.4916512544016383
F3aOF5,pitch,1,0.5187089223953272
F3aOF5,speech,0,0.5294086914725766
F3aOF5,speech,1,0.545369528645915
F3aOF5,volume,0,0.48828145408189916
F3aOF5,volume,1,0.5128940576575447
F3aOF5,word_gap,0,0.5103706257902051
F3aOF5,word_gap,1,0.5257515438387512
F3aOF5,word_head_pos,0,0.5444604662340783
F3aOF5,word_head_pos,1,0.5439954860349205
F3aOF5,word_index,0,0.5303480859799541
F3aOF5,word_index,1,0.5226723825624925
F3aOF5,word_length,0,0.537804457540516
F3aOF5,word_length,1,0.5174759411930661
F3aOF5,word_part_speech,0,0.5205193783198898
F3aOF5,word_part_speech,1,0.5456423372024395
F3d9,delta_volume,0,0.5011911852293032
F3d9,delta_volume,1,0.5316604495156891
F3d9,face_num,0,0.5556408890003448
F3d9,face_num,1,0.5145345495961464
F3d9,frame_brightness,0,0.49914318255436085
F3d9,frame_brightness,1,0.4508583847946251
F3d9,global_flow,0,0.5131866294682507
F3d9,global_flow,1,0.5063529878896168
F3d9,gpt2_surprisal,0,0.4608894183045464
F3d9,gpt2_surprisal,1,0.5207360270837904
F3d9,local_flow,0,0.49241925540474174
F3d9,local_flow,1,0.4817351598173516
F3d9,onset,0,0.529881508416664
F3d9,onset,1,0.5728399318725641
F3d9,pitch,0,0.48728357522752686
F3d9,pitch,1,0.4912123966855793
F3d9,speech,0,0.4969018735044879
F3d9,speech,1,0.5261068096088941
F3d9,volume,0,0.5122462200766956
F3d9,volume,1,0.4927954191613638
F3d9,word_gap,0,0.503667596627065
F3d9,word_gap,1,0.49609207652842646
F3d9,word_head_pos,0,0.5573284014085242
F3d9,word_head_pos,1,0.5155428774437583
F3d9,word_index,0,0.5265743871513102
F3d9,word_index,1,0.5501373626373627
F3d9,word_length,0,0.5014733080467697
F3d9,word_length,1,0.49329697083685986
F3d9,word_part_speech,0,0.5286313856646337
F3d9,word_part_speech,1,0.5237064725555775
P2a7,delta_volume,0,0.477200296751408
P2a7,delta_volume,1,0.5189335757499765
P2a7,face_num,0,0.509764584182314
P2a7,face_num,1,0.5122880160496537
P2a7,frame_brightness,0,0.48243001786777845
P2a7,frame_brightness,1,0.5007941234862021
P2a7,global_flow,0,0.5298109777122975
P2a7,global_flow,1,0.5217704774145011
P2a7,gpt2_surprisal,0,0.5233900713666239
P2a7,gpt2_surprisal,1,0.5366916397605092
P2a7,local_flow,0,0.5036153516608675
P2a7,local_flow,1,0.5100832784761189
P2a7,onset,0,0.5388859283408044
P2a7,onset,1,0.5115304640397897
P2a7,pitch,0,0.5283063226858092
P2a7,pitch,1,0.5036832701169243
P2a7,speech,0,0.5339122075588018
P2a7,speech,1,0.4830412839722893
P2a7,volume,0,0.5130873640324755
P2a7,volume,1,0.5178886764260264
P2a7,word_gap,0,0.5297064877799023
P2a7,word_gap,1,0.5231131730457771
P2a7,word_head_pos,0,0.49174007084417415
P2a7,word_head_pos,1,0.4994879993312644
P2a7,word_index,0,0.5130645453447651
P2a7,word_index,1,0.5073134283299119
P2a7,word_length,0,0.49582040270419947
P2a7,word_length,1,0.4915154174895249
P2a7,word_part_speech,0,0.5048790084595711
P2a7,word_part_speech,1,0.5106498786805692
T1cIe6,delta_volume,0,0.5858280304692642
T1cIe6,delta_volume,1,0.5985601287315967
T1cIe6,face_num,0,0.5071314378859597
T1cIe6,face_num,1,0.488641944348662
T1cIe6,frame_brightness,0,0.4729005360333532
T1cIe6,frame_brightness,1,0.48166985360960474
T1cIe6,global_flow,0,0.4904234976959971
T1cIe6,global_flow,1,0.5037146170966427
T1cIe6,gpt2_surprisal,0,0.5873692569720907
T1cIe6,gpt2_surprisal,1,0.5986123736977942
T1cIe6,local_flow,0,0.49097729433769055
T1cIe6,local_flow,1,0.48026707626720166
T1cIe6,onset,0,0.6697491196723195
T1cIe6,onset,1,0.6813004816985884
T1cIe6,pitch,0,0.5222406821102786
T1cIe6,pitch,1,0.5053655580284839
T1cIe6,speech,0,0.5456829984431
T1cIe6,speech,1,0.5419945038295559
T1cIe6,volume,0,0.5911622415180298
T1cIe6,volume,1,0.5964598810904569
T1cIe6,word_gap,0,0.5602279970324859
T1cIe6,word_gap,1,0.574078137571445
T1cIe6,word_head_pos,0,0.5328307367585133
T1cIe6,word_head_pos,1,0.524915624379591
T1cIe6,word_index,0,0.666812583021374
T1cIe6,word_index,1,0.6652276295133437
T1cIe6,word_length,0,0.492748398691786
T1cIe6,word_length,1,0.4853818584579376
T1cIe6,word_part_speech,0,0.5079742933962883
T1cIe6,word_part_speech,1,0.5031411895862024
P2b7,delta_volume,0,0.5235363572719769
P2b7,delta_volume,1,0.524560358609448
P2b7,face_num,0,0.5056006603763726
P2b7,face_num,1,0.488746434281057
P2b7,frame_brightness,0,0.5236042757280336
P2b7,frame_brightness,1,0.4985946104092871
P2b7,global_flow,0,0.5101877684085139
P2b7,global_flow,1,0.515819775764605
P2b7,gpt2_surprisal,0,0.5030249835428356
P2b7,gpt2_surprisal,1,0.49436799264390885
P2b7,local_flow,0,0.49345893023207216
P2b7,local_flow,1,0.5050050677617212
P2b7,onset,0,0.4623313793715975
P2b7,onset,1,0.49811395672027
P2b7,pitch,0,0.5121051586679622
P2b7,pitch,1,0.5272509743686196
P2b7,speech,0,0.49358431815094617
P2b7,speech,1,0.4870171258999196
P2b7,volume,0,0.5237139901570483
P2b7,volume,1,0.5072620503014534
P2b7,word_gap,0,0.5066298862104636
P2b7,word_gap,1,0.5031137999853714
P2b7,word_head_pos,0,0.5150204277817833
P2b7,word_head_pos,1,0.49229386748586773
P2b7,word_index,0,0.4769049631686995
P2b7,word_index,1,0.49314696292718274
P2b7,word_length,0,0.523071377072819
P2b7,word_length,1,0.5041848217924203
P2b7,word_part_speech,0,0.5365728900255755
P2b7,word_part_speech,1,0.5212440160010492
O1aIb10,delta_volume,0,0.550776882647357
O1aIb10,delta_volume,1,0.5389799692799598
O1aIb10,face_num,0,0.5081136432504729
O1aIb10,face_num,1,0.4773727051398598
O1aIb10,frame_brightness,0,0.47374690448575274
O1aIb10,frame_brightness,1,0.4706749004733394
O1aIb10,global_flow,0,0.517434145220108
O1aIb10,global_flow,1,0.5124238529617671
O1aIb10,gpt2_surprisal,0,0.5276428116151008
O1aIb10,gpt2_surprisal,1,0.5377835595540369
O1aIb10,local_flow,0,0.5153861425451658
O1aIb10,local_flow,1,0.4892061899835951
O1aIb10,onset,0,0.7216388200996833
O1aIb10,onset,1,0.7129139107446997
O1aIb10,pitch,0,0.5247484404877591
O1aIb10,pitch,1,0.5051827006467927
O1aIb10,speech,0,0.5672027000198532
O1aIb10,speech,1,0.5713039298663574
O1aIb10,volume,0,0.5060708650721503
O1aIb10,volume,1,0.5024502889146631
O1aIb10,word_gap,0,0.5461793256219762
O1aIb10,word_gap,1,0.5216764364753457
O1aIb10,word_head_pos,0,0.5408973595394084
O1aIb10,word_head_pos,1,0.5281182408074981
O1aIb10,word_index,0,0.7081647747856539
O1aIb10,word_index,1,0.6947002173650525
O1aIb10,word_length,0,0.47951997325057727
O1aIb10,word_length,1,0.4912646416517769
O1aIb10,word_part_speech,0,0.4864384549806545
O1aIb10,word_part_speech,1,0.5290773165453472
O1bId8,delta_volume,0,0.5411951558467342
O1bId8,delta_volume,1,0.49521958559292817
O1bId8,face_num,0,0.5253283596125513
O1bId8,face_num,1,0.5428408722819555
O1bId8,frame_brightness,0,0.4917191728576951
O1bId8,frame_brightness,1,0.5046706999780571
O1bId8,global_flow,0,0.5114364231006343
O1bId8,global_flow,1,0.5240692559271914
O1bId8,gpt2_surprisal,0,0.4764688672246429
O1bId8,gpt2_surprisal,1,0.49763330303125286
O1bId8,local_flow,0,0.5137717730896629
O1bId8,local_flow,1,0.5062746204403207
O1bId8,onset,0,0.5316343270325904
O1bId8,onset,1,0.5599093027386812
O1bId8,pitch,0,0.5349466578895123
O1bId8,pitch,1,0.5314514696508992
O1bId8,speech,0,0.4797132796255081
O1bId8,speech,1,0.5041848217924203
O1bId8,volume,0,0.49122284567881885
O1bId8,volume,1,0.4769756433967587
O1bId8,word_gap,0,0.4869492074438628
O1bId8,word_gap,1,0.484786265843286
O1bId8,word_head_pos,0,0.5125910368535991
O1bId8,word_head_pos,1,0.48757092254161316
O1bId8,word_index,0,0.5591187658495349
O1bId8,word_index,1,0.5490882743629997
O1bId8,word_length,0,0.5045400875625634
O1bId8,word_length,1,0.5028682486442431
O1bId8,word_part_speech,0,0.5023149058954686
O1bId8,word_part_speech,1,0.5112400813168076
F2Ia9,delta_volume,0,0.48657304368724075
F2Ia9,delta_volume,1,0.5039235969614329
F2Ia9,face_num,0,0.47057563503756417
F2Ia9,face_num,1,0.47784813433225704
F2Ia9,frame_brightness,0,0.5010501238205699
F2Ia9,frame_brightness,1,0.4633031357428712
F2Ia9,global_flow,0,0.4993260399360521
F2Ia9,global_flow,1,0.5044094751470696
F2Ia9,gpt2_surprisal,0,0.5223712945257725
F2Ia9,gpt2_surprisal,1,0.5063320899031378
F2Ia9,local_flow,0,0.48586251214695464
F2Ia9,local_flow,1,0.47012110383164585
F2Ia9,onset,0,0.5222197841237997
F2Ia9,onset,1,0.5266292592708692
F2Ia9,pitch,0,0.5063738858760958
F2Ia9,pitch,1,0.5006164906011307
F2Ia9,speech,0,0.5371095994900892
F2Ia9,speech,1,0.5355892709737416
F2Ia9,volume,0,0.44326196670950757
F2Ia9,volume,1,0.48709026885259604
F2Ia9,word_gap,0,0.4977534664535072
F2Ia9,word_gap,1,0.48518332758638705
F2Ia9,word_head_pos,0,0.5181028807874362
F2Ia9,word_head_pos,1,0.5325799609207653
F2Ia9,word_index,0,0.5144683613090206
F2Ia9,word_index,1,0.5293593768868494
F2Ia9,word_length,0,0.511065483840632
F2Ia9,word_length,1,0.5050468637346792
F2Ia9,word_part_speech,0,0.5210571184995737
F2Ia9,word_part_speech,1,0.5160338382844777
F3c8,delta_volume,0,0.5031608204549491
F3c8,delta_volume,1,0.5327993897787948
F3c8,face_num,0,0.4959144436433549
F3c8,face_num,1,0.5075284996290608
F3c8,frame_brightness,0,0.48425859168469115
F3c8,frame_brightness,1,0.48973908863880966
F3c8,global_flow,0,0.4952927285456047
F3c8,global_flow,1,0.5002925718107061
F3c8,gpt2_surprisal,0,0.49042872219261674
F3c8,gpt2_surprisal,1,0.507209805335256
F3c8,local_flow,0,0.5105169116955581
F3c8,local_flow,1,0.4950994221706739
F3c8,onset,0,0.5312895102556869
F3c8,onset,1,0.5283794656384857
F3c8,pitch,0,0.49752358860223816
F3c8,pitch,1,0.5017606553608559
F3c8,speech,0,0.5235206837821176
F3c8,speech,1,0.4972519147780111
F3c8,volume,0,0.5116375662204946
F3c8,volume,1,0.5227474582823946
F3c8,word_gap,0,0.5153391220755881
F3c8,word_gap,1,0.5105221361921779
F3c8,word_head_pos,0,0.5205949656750573
F3c8,word_head_pos,1,0.5237975821029643
F3c8,word_index,0,0.5049888298514672
F3c8,word_index,1,0.5440315179326168
F3c8,word_length,0,0.4948538708295456
F3c8,word_length,1,0.48482283731962433
F3c8,word_part_speech,0,0.5514066496163683
F3c8,word_part_speech,1,0.49467506065971534
F3aOF6,delta_volume,0,0.5332277985016144
F3aOF6,delta_volume,1,0.4966040771971621
F3aOF6,face_num,0,0.49223117352643075
F3aOF6,face_num,1,0.5092525835135784
F3aOF6,frame_brightness,0,0.48098283230410754
F3aOF6,frame_brightness,1,0.4776496034607065
F3aOF6,global_flow,0,0.49284243963094154
F3aOF6,global_flow,1,0.5207203535939312
F3aOF6,gpt2_surprisal,0,0.49598758659603154
F3aOF6,gpt2_surprisal,1,0.46252991024314805
F3aOF6,local_flow,0,0.49971265268591375
F3aOF6,local_flow,1,0.4787571967440937
F3aOF6,onset,0,0.5397897662560212
F3aOF6,onset,1,0.5580807289217684
F3aOF6,pitch,0,0.4810037302905865
F3aOF6,pitch,1,0.5361796390917735
F3aOF6,speech,0,0.5312947347523066
F3aOF6,speech,1,0.5578456265738796
F3aOF6,volume,0,0.4813746695505888
F3aOF6,volume,1,0.4819232416956626
F3aOF6,word_gap,0,0.49177141782389266
F3aOF6,word_gap,1,0.5170109609939083
F3aOF6,word_head_pos,0,0.5311275508604746
F3aOF6,word_head_pos,1,0.5347846984943001
F3aOF6,word_index,0,0.5136985267479773
F3aOF6,word_index,1,0.5015623113150586
F3aOF6,word_length,0,0.5314619186441386
F3aOF6,word_length,1,0.5136463851707889
F3aOF6,word_part_speech,0,0.5520493147091613
F3aOF6,word_part_speech,1,0.541563381205325
F3d10,delta_volume,0,0.5029831875698777
F3d10,delta_volume,1,0.543525281339143
F3d10,face_num,0,0.5399621746444729
F3d10,face_num,1,0.5191007596418085
F3d10,frame_brightness,0,0.506535845271308
F3d10,frame_brightness,1,0.48830235206837824
F3d10,global_flow,0,0.5290586501990533
F3d10,global_flow,1,0.5065776412442662
F3d10,gpt2_surprisal,0,0.4675245290116298
F3d10,gpt2_surprisal,1,0.5324336750154123
F3d10,local_flow,0,0.5097489106924548
F3d10,local_flow,1,0.4796401366728316
F3d10,onset,0,0.5451918957608435
F3d10,onset,1,0.54170193201885
F3d10,pitch,0,0.48369434604975814
F3d10,pitch,1,0.5079778063383593
F3d10,speech,0,0.5236356227077521
F3d10,speech,1,0.49220505104333195
F3d10,volume,0,0.5267024022235458
F3d10,volume,1,0.5026697177726926
F3d10,word_gap,0,0.513327690876984
F3d10,word_gap,1,0.5088502972738577
F3d10,word_head_pos,0,0.5493375338286156
F3d10,word_head_pos,1,0.5276010156421429
F3d10,word_index,0,0.5438428329911846
F3d10,word_index,1,0.5513751358531578
F3d10,word_length,0,0.49985371409464696
F3d10,word_length,1,0.4955278308934934
F3d10,word_part_speech,0,0.5205390517410977
F3d10,word_part_speech,1,0.5479703587120467
P2a8,delta_volume,0,0.5228937441877475
P2a8,delta_volume,1,0.5582322393237411
P2a8,face_num,0,0.4838406319551112
P2a8,face_num,1,0.49015182387177
P2a8,frame_brightness,0,0.4911392537329028
P2a8,frame_brightness,1,0.48813516817654623
P2a8,global_flow,0,0.5274651787300294
P2a8,global_flow,1,0.547234673939166
P2a8,gpt2_surprisal,0,0.5090070321724502
P2a8,gpt2_surprisal,1,0.530218488448638
P2a8,local_flow,0,0.4928006436579835
P2a8,local_flow,1,0.5194769233984305
P2a8,onset,0,0.5570932990606355
P2a8,onset,1,0.5451135283115471
P2a8,pitch,0,0.47825042057197786
P2a8,pitch,1,0.49346937922531164
P2a8,speech,0,0.5392411941109474
P2a8,speech,1,0.5017972268371943
P2a8,volume,0,0.5262739935007262
P2a8,volume,1,0.5341891058796485
P2a8,word_gap,0,0.530113998516243
P2a8,word_gap,1,0.515527203953899
P2a8,word_head_pos,0,0.4971735473287149
P2a8,word_head_pos,1,0.5001410614087333
P2a8,word_index,0,0.5473825624924527
P2a8,word_index,1,0.5264385339934791
P2a8,word_length,0,0.4892897819295111
P2a8,word_length,1,0.47308339341504446
P2a8,word_part_speech,0,0.5142829037969703
P2a8,word_part_speech,1,0.5252016525673815
T1cIe7,delta_volume,0,0.5733728305277785
T1cIe7,delta_volume,1,0.5750603429359582
T1cIe7,face_num,0,0.4833234067897558
T1cIe7,face_num,1,0.47785335882887686
T1cIe7,frame_brightness,0,0.4908362329289573
T1cIe7,frame_brightness,1,0.48499524570807606
T1cIe7,global_flow,0,0.5288914663072213
T1cIe7,global_flow,1,0.5221832126474615
T1cIe7,gpt2_surprisal,0,0.5592510161645925
T1cIe7,gpt2_surprisal,1,0.5408242165867319
T1cIe7,local_flow,0,0.4803872396894559
T1cIe7,local_flow,1,0.48988015004754293
T1cIe7,onset,0,0.7100717845835555
T1cIe7,onset,1,0.7419568874538939
T1cIe7,pitch,0,0.4975392620920974
T1cIe7,pitch,1,0.5157048368389706
T1cIe7,speech,0,0.49205876513797897
T1cIe7,speech,1,0.5229198666708462
T1cIe7,volume,0,0.5237871331097249
T1cIe7,volume,1,0.5476787561518447
T1cIe7,word_gap,0,0.5023562479755076
T1cIe7,word_gap,1,0.5242834602886012
T1cIe7,word_head_pos,0,0.5386717239793946
T1cIe7,word_head_pos,1,0.5241632968663469
T1cIe7,word_index,0,0.7563020770438351
T1cIe7,word_index,1,0.7471999154691462
T1cIe7,word_length,0,0.4895771292435974
T1cIe7,word_length,1,0.515485407980941
T1cIe7,word_part_speech,0,0.5448881893894681
T1cIe7,word_part_speech,1,0.5311102367368352
P2b8,delta_volume,0,0.4917505198374137
P2b8,delta_volume,1,0.5016509409318411
P2b8,face_num,0,0.4918863567495272
P2b8,face_num,1,0.47177726926010677
P2b8,frame_brightness,0,0.5271151374565061
P2b8,frame_brightness,1,0.505156578163694
P2b8,global_flow,0,0.48863671985204227
P2b8,global_flow,1,0.514544998589386
P2b8,gpt2_surprisal,0,0.5014210630805722
P2b8,gpt2_surprisal,1,0.511232667732464
P2b8,local_flow,0,0.4637942384251278
P2b8,local_flow,1,0.5178338192115189
P2b8,onset,0,0.4701994712809421
P2b8,onset,1,0.4941903597588372
P2b8,pitch,0,0.5108669529690815
P2b8,pitch,1,0.5197642707125169
P2b8,speech,0,0.49110790675318433
P2b8,speech,1,0.47820340010240014
P2b8,volume,0,0.5041848217924203
P2b8,volume,1,0.47978642257818455
P2b8,word_gap,0,0.5253231351159316
P2b8,word_gap,1,0.539962174644473
P2b8,word_head_pos,0,0.515736183818689
P2b8,word_head_pos,1,0.5030615550191739
P2b8,word_index,0,0.4927922352372902
P2b8,word_index,1,0.49079972225576624
P2b8,word_length,0,0.5295027324117321
P2b8,word_length,1,0.5264986468553755
P2b8,word_part_speech,0,0.5121581743065119
P2b8,word_part_speech,1,0.5001442717555249
O1aIb11,delta_volume,0,0.5286302414762337
O1aIb11,delta_volume,1,0.534868290440216
O1aIb11,face_num,0,0.523384846870004
O1aIb11,face_num,1,0.4908205594390981
O1aIb11,frame_brightness,0,0.5014053895907129
O1aIb11,frame_brightness,1,0.49002643595289597
O1aIb11,global_flow,0,0.5054543744710197
O1aIb11,global_flow,1,0.5510328829817248
O1aIb11,gpt2_surprisal,0,0.5392359696143276
O1aIb11,gpt2_surprisal,1,0.49567411679884643
O1aIb11,local_flow,0,0.5396643783371473
O1aIb11,local_flow,1,0.5231183975423969
O1aIb11,onset,0,0.6393425493453706
O1aIb11,onset,1,0.6435273711377909
O1aIb11,pitch,0,0.5045975570253807
O1aIb11,pitch,1,0.4855438178531498
O1aIb11,speech,0,0.5394501739757375
O1aIb11,speech,1,0.5304797132796255
O1aIb11,volume,0,0.5008045724794415
O1aIb11,volume,1,0.5134792012789567
O1aIb11,word_gap,0,0.5441626699267526
O1aIb11,word_gap,1,0.5034899637419934
O1aIb11,word_head_pos,0,0.4816515678714356
O1aIb11,word_head_pos,1,0.49307754197883036
O1aIb11,word_index,0,0.6403287646419513
O1aIb11,word_index,1,0.5953009902185726
O1aIb11,word_length,0,0.4987983657774573
O1aIb11,word_length,1,0.48885614871007177
O1aIb11,word_part_speech,0,0.46898157256213524
O1aIb11,word_part_speech,1,0.4998360548232671
O1bId9,delta_volume,0,0.5025652278402977
O1bId9,delta_volume,1,0.5211330888268916
O1bId9,face_num,0,0.5346122901058483
O1bId9,face_num,1,0.4945038295560223
O1bId9,frame_brightness,0,0.4811447916993198
O1bId9,frame_brightness,1,0.5088346237839984
O1bId9,global_flow,0,0.5321933481709038
O1bId9,global_flow,1,0.49434187016081
O1bId9,gpt2_surprisal,0,0.5148009989237537
O1bId9,gpt2_surprisal,1,0.4919594997022037
O1bId9,local_flow,0,0.5366080478145931
O1bId9,local_flow,1,0.541973605843077
O1bId9,onset,0,0.5173714512606711
O1bId9,onset,1,0.5299990595906084
O1bId9,pitch,0,0.499540244297462
O1bId9,pitch,1,0.4864267577818877
O1bId9,speech,0,0.517747615017293
O1bId9,speech,1,0.5187716163547642
O1bId9,volume,0,0.4985841614160476
O1bId9,volume,1,0.4515636918382914
O1bId9,word_gap,0,0.4933596647962969
O1bId9,word_gap,1,0.4980878342371713
O1bId9,word_head_pos,0,0.48573189973146086
O1bId9,word_head_pos,1,0.5073090707710312
O1bId9,word_index,0,0.48754679386547517
O1bId9,word_index,1,0.4808597995411182
O1bId9,word_length,0,0.4628799515166714
O1bId9,word_length,1,0.4636375035265352
O1bId9,word_part_speech,0,0.47753951078759266
O1bId9,word_part_speech,1,0.5133189061577808
F2Ia10,delta_volume,0,0.5176065536085598
F2Ia10,delta_volume,1,0.5454583450884507
F2Ia10,face_num,0,0.4853296134917401
F2Ia10,face_num,1,0.5100937274693583
F2Ia10,frame_brightness,0,0.4915467644692434
F2Ia10,frame_brightness,1,0.4742066601882909
F2Ia10,global_flow,0,0.48809337220358817
F2Ia10,global_flow,1,0.47913858499733547
F2Ia10,gpt2_surprisal,0,0.48222626249960815
F2Ia10,gpt2_surprisal,1,0.49125941715515714
F2Ia10,local_flow,0,0.46095211226398336
F2Ia10,local_flow,1,0.47449400750237714
F2Ia10,onset,0,0.5008620419422589
F2Ia10,onset,1,0.5056032726246826
F2Ia10,pitch,0,0.5109087489420394
F2Ia10,pitch,1,0.5407145021577171
F2Ia10,speech,0,0.5127895677251497
F2Ia10,speech,1,0.5075023771459619
F2Ia10,volume,0,0.4948277483464468
F2Ia10,volume,1,0.48638496180892965
F2Ia10,word_gap,0,0.4887882302540151
F2Ia10,word_gap,1,0.5070530704366634
F2Ia10,word_head_pos,0,0.5021942885802952
F2Ia10,word_head_pos,1,0.4993573869157707
F2Ia10,word_index,0,0.49063367950730585
F2Ia10,word_index,1,0.5003698224852071
F2Ia10,word_length,0,0.49747134363604073
F2Ia10,word_length,1,0.496102525521666
F2Ia10,word_part_speech,0,0.4949898353990425
F2Ia10,word_part_speech,1,0.4909698996655518
F3b1,delta_volume,0,0.4963219543796955
F3b1,delta_volume,1,0.5198374136651934
F3b1,face_num,0,0.47801531822408916
F3b1,face_num,1,0.504231842261998
F3b1,frame_brightness,0,0.47932144237902674
F3b1,frame_brightness,1,0.4660042004952823
F3b1,global_flow,0,0.5218749673468961
F3b1,global_flow,1,0.5247850119640973
F3b1,gpt2_surprisal,0,0.5009456338881748
F3b1,gpt2_surprisal,1,0.5279719549021452
F3b1,local_flow,0,0.516282143715453
F3b1,local_flow,1,0.5093936449223118
F3b1,onset,0,0.5106893200840099
F3b1,onset,1,0.5218958653333752
F3b1,pitch,0,0.48098283230410754
F3b1,pitch,1,0.5277629750373551
F3b1,speech,0,0.5315611840799138
F3b1,speech,1,0.5112222187392246
F3b1,volume,0,0.5006217150977503
F3b1,volume,1,0.5124134039685276
F3b1,word_gap,0,0.47008975685192733
F3b1,word_gap,1,0.5174080227370093
F3b1,word_head_pos,0,0.5460069172335246
F3b1,word_head_pos,1,0.5311327753570944
F3b1,word_index,0,0.4870411182224369
F3b1,word_index,1,0.518989252505736
F3b1,word_length,0,0.5283376696655278
F3b1,word_length,1,0.5054648234642592
F3b1,word_part_speech,0,0.5043412682798872
F3b1,word_part_speech,1,0.517804446193193
F3aOF7,delta_volume,0,0.5258769317576252
F3aOF7,delta_volume,1,0.5122462200766955
F3aOF7,face_num,0,0.49118627420248057
F3aOF7,face_num,1,0.531749265958225
F3aOF7,frame_brightness,0,0.4815784249187591
F3aOF7,frame_brightness,1,0.45900859952143613
F3aOF7,global_flow,0,0.490632477560787
F3aOF7,global_flow,1,0.5146547130184007
F3aOF7,gpt2_surprisal,0,0.5039079234715735
F3aOF7,gpt2_surprisal,1,0.47139588100686497
F3aOF7,local_flow,0,0.5259135032339634
F3aOF7,local_flow,1,0.4990543661118252
F3aOF7,onset,0,0.5156787143558719
F3aOF7,onset,1,0.5277055055745379
F3aOF7,pitch,0,0.4734595571716665
F3aOF7,pitch,1,0.5059193546701776
F3aOF7,speech,0,0.5224548864716885
F3aOF7,speech,1,0.5462211215949343
F3aOF7,volume,0,0.4553880233639489
F3aOF7,volume,1,0.47497988568801397
F3aOF7,word_gap,0,0.5059454771532763
F3aOF7,word_gap,1,0.5140538959071294
F3aOF7,word_head_pos,0,0.5192522700437813
F3aOF7,word_head_pos,1,0.4670961202888102
F3aOF7,word_index,0,0.5329745803646903
F3aOF7,word_index,1,0.48218059413114356
F3aOF7,word_length,0,0.5193567599761764
F3aOF7,word_length,1,0.5021498803590274
F3aOF7,word_part_speech,0,0.4853301855859401
F3aOF7,word_part_speech,1,0.5184602269001246
T1aIc3,delta_volume,0,0.6039570337397993
T1aIc3,delta_volume,1,0.6240243252562616
T1aIc3,face_num,0,0.5002821228174665
T1aIc3,face_num,1,0.4643428105702016
T1aIc3,frame_brightness,0,0.4828323041074992
T1aIc3,frame_brightness,1,0.46716403874486695
T1aIc3,global_flow,0,0.4909146003782535
T1aIc3,global_flow,1,0.5023405744856484
T1aIc3,gpt2_surprisal,0,0.5595749349550171
T1aIc3,gpt2_surprisal,1,0.6187083999456653
T1aIc3,local_flow,0,0.4796349121762118
T1aIc3,local_flow,1,0.48741941213964035
T1aIc3,onset,0,0.7704878634943524
T1aIc3,onset,1,0.7834550641045734
T1aIc3,pitch,0,0.5080822962707543
T1aIc3,pitch,1,0.5283272206722882
T1aIc3,speech,0,0.5546482346425923
T1aIc3,speech,1,0.5466077343447959
T1aIc3,volume,0,0.5497372078200264
T1aIc3,volume,1,0.5596480779076937
T1aIc3,word_gap,0,0.5397427457864435
T1aIc3,word_gap,1,0.5731560139180589
T1aIc3,word_head_pos,0,0.5679393540432379
T1aIc3,word_head_pos,1,0.5537443967273753
T1aIc3,word_index,0,0.7910276536650163
T1aIc3,word_index,1,0.8007562492452602
T1aIc3,word_length,0,0.5615550191739026
T1aIc3,word_length,1,0.5536608047814593
T1aIc3,word_part_speech,0,0.5360744966883075
T1aIc3,word_part_speech,1,0.5259492425732835
P2a9,delta_volume,0,0.511922301286271
P2a9,delta_volume,1,0.551696394052433
P2a9,face_num,0,0.5200777405097019
P2a9,face_num,1,0.5085002560003343
P2a9,frame_brightness,0,0.4661452619040156
P2a9,frame_brightness,1,0.45841300690678455
P2a9,global_flow,0,0.5312581632759683
P2a9,global_flow,1,0.5323657565593556
P2a9,gpt2_surprisal,0,0.4946396664681358
P2a9,gpt2_surprisal,1,0.49219460205009247
P2a9,local_flow,0,0.47263931120236574
P2a9,local_flow,1,0.4970690573963199
P2a9,onset,0,0.5819723519638884
P2a9,onset,1,0.5436036487884391
P2a9,pitch,0,0.49185500976980867
P2a9,pitch,1,0.5045609855490424
P2a9,speech,0,0.5405420937692653
P2a9,speech,1,0.48879345475063474
P2a9,volume,0,0.5267546471897433
P2a9,volume,1,0.5187193713885667
P2a9,word_gap,0,0.5260597891393165
P2a9,word_gap,1,0.5094249919020303
P2a9,word_head_pos,0,0.49408064532982243
P2a9,word_head_pos,1,0.5146390395285414
P2a9,word_index,0,0.578523125226422
P2a9,word_index,1,0.571073843738679
P2a9,word_length,0,0.4959719131061722
P2a9,word_length,1,0.48375704000919506
P2a9,word_part_speech,0,0.5143288084464556
P2a9,word_part_speech,1,0.5078103482195554
T1cIe8,delta_volume,0,0.590360281286898
T1cIe8,delta_volume,1,0.6010940095921758
T1cIe8,face_num,0,0.5190537391722307
T1cIe8,face_num,1,0.4902615383007847
T1cIe8,frame_brightness,0,0.489817456088106
T1cIe8,frame_brightness,1,0.5004127352329604
T1cIe8,global_flow,0,0.5027533097186085
T1cIe8,global_flow,1,0.5065253962780687
T1cIe8,gpt2_surprisal,0,0.5451814467676039
T1cIe8,gpt2_surprisal,1,0.5284944045641203
T1cIe8,local_flow,0,0.4808835668683322
T1cIe8,local_flow,1,0.4674513860589532
T1cIe8,onset,0,0.7325371200484834
T1cIe8,onset,1,0.7387438220327471
T1cIe8,pitch,0,0.487257452744428
T1cIe8,pitch,1,0.5048117613867904
T1cIe8,speech,0,0.5065462942645476
T1cIe8,speech,1,0.5462211215949343
T1cIe8,volume,0,0.5144509576502304
T1cIe8,volume,1,0.5408712370563097
T1cIe8,word_gap,0,0.5148009989237536
T1cIe8,word_gap,1,0.5296281203306061
T1cIe8,word_head_pos,0,0.5419788303396968
T1cIe8,word_head_pos,1,0.5185939834696927
T1cIe8,word_index,0,0.744701726844584
T1cIe8,word_index,1,0.7542340900857385
T1cIe8,word_length,0,0.49513599364701216
T1cIe8,word_length,1,0.5369371911016373
T1cIe8,word_part_speech,0,0.572463768115942
T1cIe8,word_part_speech,1,0.5546986687651649
P2b9,delta_volume,0,0.479420707814802
P2b9,delta_volume,1,0.529591548854268
P2b9,face_num,0,0.5018964922729695
P2b9,face_num,1,0.4748440487759005
P2b9,frame_brightness,0,0.4907709267212105
P2b9,frame_brightness,1,0.4902249668244465
P2b9,global_flow,0,0.5030929019988924
P2b9,global_flow,1,0.5368744971422004
P2b9,gpt2_surprisal,0,0.4938559919751732
P2b9,gpt2_surprisal,1,0.492393132921643
P2b9,local_flow,0,0.4941903597588373
P2b9,local_flow,1,0.5250697470298736
P2b9,onset,0,0.5153600200620669
P2b9,onset,1,0.530113998516243
P2b9,pitch,0,0.49706905739631985
P2b9,pitch,1,0.5048483328631287
P2b9,speech,0,0.5196754542699811
P2b9,speech,1,0.5005537966416935
P2b9,volume,0,0.5095869512972426
P2b9,volume,1,0.5086308684158282
P2b9,word_gap,0,0.5355840464771219
P2b9,word_gap,1,0.5157466328119286
P2b9,word_head_pos,0,0.5198635361482921
P2b9,word_head_pos,1,0.5100937274693583
P2b9,word_index,0,0.4737501509479532
P2b9,word_index,1,0.5031699070160609
P2b9,word_length,0,0.5205427207088598
P2b9,word_length,1,0.4981923241695662
P2b9,word_part_speech,0,0.5069381598793363
P2b9,word_part_speech,1,0.47814282903796973
O1aIb12,delta_volume,0,0.5260179931663584
O1aIb12,delta_volume,1,0.5573127279186649
O1aIb12,face_num,0,0.534241350845846
O1aIb12,face_num,1,0.5087614808313219
O1aIb12,frame_brightness,0,0.5129567516169817
O1aIb12,frame_brightness,1,0.5119902197423278
O1aIb12,global_flow,0,0.5032862083738232
O1aIb12,global_flow,1,0.5120659749433142
O1aIb12,gpt2_surprisal,0,0.49658317921068307
O1aIb12,gpt2_surprisal,1,0.496269709413498
O1aIb12,local_flow,0,0.5392255206210881
O1aIb12,local_flow,1,0.5057312727918665
O1aIb12,onset,0,0.5289959562396163
O1aIb12,onset,1,0.5328673082348515
O1aIb12,pitch,0,0.5301035495230035
O1aIb12,pitch,1,0.5261486055818522
O1aIb12,speech,0,0.5521613742515908
O1aIb12,speech,1,0.541806421951245
O1aIb12,volume,0,0.4863065943596334
O1aIb12,volume,1,0.500062693959437
O1aIb12,word_gap,0,0.5206942311108325
O1aIb12,word_gap,1,0.5445806296563327
O1aIb12,word_head_pos,0,0.4670020793496547
O1aIb12,word_head_pos,1,0.5110550348473925
O1aIb12,word_index,0,0.5341368796039125
O1aIb12,word_index,1,0.5416276717787707
O1aIb12,word_length,0,0.5062589469504613
O1aIb12,word_length,1,0.5175699821322216
O1aIb12,word_part_speech,0,0.5120925962358187
O1aIb12,word_part_speech,1,0.5085054757689029
O1bId10,delta_volume,0,0.5026749422693123
O1bId10,delta_volume,1,0.5289907317429965
O1bId10,face_num,0,0.5219742327826714
O1bId10,face_num,1,0.5057782932614443
O1bId10,frame_brightness,0,0.5256731763894549
O1bId10,frame_brightness,1,0.5112013207527455
O1bId10,global_flow,0,0.5334106558833056
O1bId10,global_flow,1,0.5085054804969541
O1bId10,gpt2_surprisal,0,0.4838563054449704
O1bId10,gpt2_surprisal,1,0.5048692308496077
O1bId10,local_flow,0,0.5116715254485231
O1bId10,local_flow,1,0.544026833014639
O1bId10,onset,0,0.4952927285456046
O1bId10,onset,1,0.5194299029288528
O1bId10,pitch,0,0.5161959395212272
O1bId10,pitch,1,0.5163161029434814
O1bId10,speech,0,0.526529993835094
O1bId10,speech,1,0.5003082453005652
O1bId10,volume,0,0.4763016833328109
O1bId10,volume,1,0.46644828270796107
O1bId10,word_gap,0,0.48604536952864597
O1bId10,word_gap,1,0.5096130737803413
O1bId10,word_head_pos,0,0.4816411188781961
O1bId10,word_head_pos,1,0.5062850694335601
O1bId10,word_index,0,0.4871165921990098
O1bId10,word_index,1,0.4944451153242362
O1bId10,word_length,0,0.4532355307566116
O1bId10,word_length,1,0.4834174477289114
O1bId10,word_part_speech,0,0.46730277395239034
O1bId10,word_part_speech,1,0.48280542986425345
F2Ia11,delta_volume,0,0.5041848217924203
F2Ia11,delta_volume,1,0.5154592854978423
F2Ia11,face_num,0,0.5070269479535647
F2Ia11,face_num,1,0.5223556210359132
F2Ia11,frame_brightness,0,0.5281339142973575
F2Ia11,frame_brightness,1,0.4937044815732004
F2Ia11,global_flow,0,0.5130089965831792
F2Ia11,global_flow,1,0.4936940325799609
F2Ia11,gpt2_surprisal,0,0.4986625288653438
F2Ia11,gpt2_surprisal,1,0.5022047375735348
F2Ia11,local_flow,0,0.44530474488783006
F2Ia11,local_flow,1,0.48369434604975814
F2Ia11,onset,0,0.5062380489639823
F2Ia11,onset,1,0.5372715588853014
F2Ia11,pitch,0,0.48435263262384665
F2Ia11,pitch,1,0.511002789881195
F2Ia11,speech,0,0.5336091867548562
F2Ia11,speech,1,0.516932593544612
F2Ia11,volume,0,0.49846922249041314
F2Ia11,volume,1,0.4977952624264652
F2Ia11,word_gap,0,0.5130821395358557
F2Ia11,word_gap,1,0.5255686864570599
F2Ia11,word_head_pos,0,0.5280294243649625
F2Ia11,word_head_pos,1,0.5295549773779297
F2Ia11,word_index,0,0.5309292355995653
F2Ia11,word_index,1,0.5182571549329791
F2Ia11,word_length,0,0.5005694701315528
F2Ia11,word_length,1,0.5184894935372977
F2Ia11,word_part_speech,0,0.5219883271034167
F2Ia11,word_part_speech,1,0.5122565414125517
F3b2,delta_volume,0,0.4989133047030919
F3b2,delta_volume,1,0.49239835741826277
F3b2,face_num,0,0.48599834905906825
F3b2,face_num,1,0.4986991003416821
F3b2,frame_brightness,0,0.4827696101480623
F3b2,frame_brightness,1,0.44467258079684024
F3b2,global_flow,0,0.5345365349048619
F3b2,global_flow,1,0.5203598633271684
F3b2,gpt2_surprisal,0,0.4969541184706853
F3b2,gpt2_surprisal,1,0.5238759495522606
F3b2,local_flow,0,0.49460831948841727
F3b2,local_flow,1,0.5012068587191624
F3b2,onset,0,0.5154540610012225
F3b2,onset,1,0.5294504874455346
F3b2,pitch,0,0.4911601517193818
F3b2,pitch,1,0.5127582207454312
F3b2,speech,0,0.5325538384376666
F3b2,speech,1,0.5046863734679164
F3b2,volume,0,0.49044962017909577
F3b2,volume,1,0.4925132963438973
F3b2,word_gap,0,0.4724407803308151
F3b2,word_gap,1,0.5145502230860056
F3b2,word_head_pos,0,0.5316917964954077
F3b2,word_head_pos,1,0.5276271381252415
F3b2,word_index,0,0.5113588334742181
F3b2,word_index,1,0.5209591232942882
F3b2,word_length,0,0.5084166640544183
F3b2,word_length,1,0.4832659373269385
F3b2,word_part_speech,0,0.4925240999409798
F3b2,word_part_speech,1,0.509069447176864
F3aOF8,delta_volume,0,0.5230974995559179
F3aOF8,delta_volume,1,0.5072620503014534
F3aOF8,face_num,0,0.5004963271788764
F3aOF8,face_num,1,0.5363050270106475
F3aOF8,frame_brightness,0,0.4590451709977744
F3aOF8,frame_brightness,1,0.48075295445283844
F3aOF8,global_flow,0,0.47078983939897395
F3aOF8,global_flow,1,0.49622268894392024
F3aOF8,gpt2_surprisal,0,0.4895614557537381
F3aOF8,gpt2_surprisal,1,0.49343280774897336
F3aOF8,local_flow,0,0.47211686154039056
F3aOF8,local_flow,1,0.4620074605811729
F3aOF8,onset,0,0.5441940169064711
F3aOF8,onset,1,0.5366237213044524
F3aOF8,pitch,0,0.4907578654796611
F3aOF8,pitch,1,0.4910034168207893
F3aOF8,speech,0,0.505219272123131
F3aOF8,speech,1,0.4686843672612143
F3aOF8,volume,0,0.4680365296803653
F3aOF8,volume,1,0.517893900922646
F3aOF8,word_gap,0,0.5111281778000689
F3aOF8,word_gap,1,0.5414772786642007
F3aOF8,word_head_pos,0,0.5123245875259919
F3aOF8,word_head_pos,1,0.5114259741073948
F3aOF8,word_index,0,0.5088757396449703
F3aOF8,word_index,1,0.5201968361309021
F3aOF8,word_length,0,0.5473861843411387
F3aOF8,word_length,1,0.534450330710636
F3aOF8,word_part_speech,0,0.5116269919338974
F3aOF8,word_part_speech,1,0.4911010558069382
T1aIc4,delta_volume,0,0.5322978381032988
T1aIc4,delta_volume,1,0.5345704941328903
T1aIc4,face_num,0,0.45412369518196916
T1aIc4,face_num,1,0.44265592510161644
T1aIc4,frame_brightness,0,0.4919229282258655
T1aIc4,frame_brightness,1,0.5002612248309876
T1aIc4,global_flow,0,0.47272812764490146
T1aIc4,global_flow,1,0.4895144352841604
T1aIc4,gpt2_surprisal,0,0.47207506556743256
T1aIc4,gpt2_surprisal,1,0.502011431198604
T1aIc4,local_flow,0,0.5023301254924089
T1aIc4,local_flow,1,0.4989812231591486
T1aIc4,onset,0,0.6323730708546231
T1aIc4,onset,1,0.6032882981724711
T1aIc4,pitch,0,0.49324472587066226
T1aIc4,pitch,1,0.4936104406340449
T1aIc4,speech,0,0.4953397490151824
T1aIc4,speech,1,0.505261068096089
T1aIc4,volume,0,0.4992999174529534
T1aIc4,volume,1,0.5026070238132556
T1aIc4,word_gap,0,0.5130403435628977
T1aIc4,word_gap,1,0.5015307775095869
T1aIc4,word_head_pos,0,0.5262060750446694
T1aIc4,word_head_pos,1,0.4921763163119234
T1aIc4,word_index,0,0.646766694843618
T1aIc4,word_index,1,0.6187356599444511
T1aIc4,word_length,0,0.5015673489859253
T1aIc4,word_length,1,0.5150204277817833
T1aIc4,word_part_speech,0,0.4977965768247099
T1aIc4,word_part_speech,1,0.5006623385140009
T1b1,delta_volume,0,0.6971777269260108
T1b1,delta_volume,1,0.719172857695161
T1b1,face_num,0,0.4983490590681588
T1b1,face_num,1,0.48788961683541787
T1b1,frame_brightness,0,0.5232019894883128
T1b1,frame_brightness,1,0.49677126108899405
T1b1,global_flow,0,0.5041169033363635
T1b1,global_flow,1,0.49460309499179755
T1b1,gpt2_surprisal,0,0.5976667398096194
T1b1,gpt2_surprisal,1,0.6164958256272008
T1b1,local_flow,0,0.5022099620701546
T1b1,local_flow,1,0.5291683646280682
T1b1,onset,0,0.8422306510767688
T1b1,onset,1,0.8633114949374627
T1b1,pitch,0,0.48840684200077317
T1b1,pitch,1,0.5313339184769548
T1b1,speech,0,0.5828134959196681
T1b1,speech,1,0.5780748774855542
T1b1,volume,0,0.5678662110905615
T1b1,volume,1,0.5786913680866849
T1b1,word_gap,0,0.6487936637304996
T1b1,word_gap,1,0.6386476912949437
T1b1,word_head_pos,0,0.5558812158448534
T1b1,word_head_pos,1,0.5675266188102777
T1b1,word_index,0,0.8552786499215069
T1b1,word_index,1,0.8602750271706315
T1b1,word_length,0,0.537971641432348
T1b1,word_length,1,0.5590002403268445
T1b1,word_part_speech,0,0.5304282248016263
T1b1,word_part_speech,1,0.5618925831202046
T1cIe9,delta_volume,0,0.5987273126234287
T1cIe9,delta_volume,1,0.5843129264495366
T1cIe9,face_num,0,0.5383373561957305
T1cIe9,face_num,1,0.49687575102138903
T1cIe9,frame_brightness,0,0.5121051586679624
T1cIe9,frame_brightness,1,0.5313365307252647
T1cIe9,global_flow,0,0.5044669446098868
T1cIe9,global_flow,1,0.5007000825470467
T1cIe9,gpt2_surprisal,0,0.5219167633198541
T1cIe9,gpt2_surprisal,1,0.5434469138898467
T1cIe9,local_flow,0,0.4987670187977389
T1cIe9,local_flow,1,0.45937953878143845
T1cIe9,onset,0,0.7270357251078857
T1cIe9,onset,1,0.7259960502805554
T1cIe9,pitch,0,0.4791542584871948
T1cIe9,pitch,1,0.519257494540401
T1cIe9,speech,0,0.5644702882877235
T1cIe9,speech,1,0.5616542846096778
T1cIe9,volume,0,0.49319248090446494
T1cIe9,volume,1,0.5420519732923732
T1cIe9,word_gap,0,0.5092316855270995
T1cIe9,word_gap,1,0.5159294901936198
T1cIe9,word_head_pos,0,0.5455314880411273
T1cIe9,word_head_pos,1,0.5159242656970001
T1cIe9,word_index,0,0.754271827074025
T1cIe9,word_index,1,0.7583247796159884
T1cIe9,word_length,0,0.5088137257975194
T1cIe9,word_length,1,0.5193828824592751
T1cIe9,word_part_speech,0,0.5581874221260411
T1cIe9,word_part_speech,1,0.5688897632631649
P2b10,delta_volume,0,0.5153286730823485
P2b10,delta_volume,1,0.516660919720385
P2b10,face_num,0,0.46649530317753884
P2b10,face_num,1,0.5070582949332831
P2b10,frame_brightness,0,0.4458794395160026
P2b10,frame_brightness,1,0.5008045724794417
P2b10,global_flow,0,0.4950628506943356
P2b10,global_flow,1,0.4942112577453162
P2b10,gpt2_surprisal,0,0.508129316740332
P2b10,gpt2_surprisal,1,0.4966093016937818
P2b10,local_flow,0,0.49900734564224736
P2b10,local_flow,1,0.49909616208478313
P2b10,onset,0,0.49179231581037164
P2b10,onset,1,0.5173035328046143
P2b10,pitch,0,0.5231183975423968
P2b10,pitch,1,0.506096987555249
P2b10,speech,0,0.5174968391795449
P2b10,speech,1,0.517329655287713
P2b10,volume,0,0.48927410843965186
P2b10,volume,1,0.47157873838855635
P2b10,word_gap,0,0.5080613982842753
P2b10,word_gap,1,0.5058984566836985
P2b10,word_head_pos,0,0.48988015004754293
P2b10,word_head_pos,1,0.48957712924359736
P2b10,word_index,0,0.4847844463229079
P2b10,word_index,1,0.5047850501147204
P2b10,word_length,0,0.5221257431846442
P2b10,word_length,1,0.517057981463486
P2b10,word_part_speech,0,0.48988130369204536
P2b10,word_part_speech,1,0.5070693160207227
O1aIb13,delta_volume,0,0.5210442723843558
O1aIb13,delta_volume,1,0.5425274024847706
O1aIb13,face_num,0,0.48914872052077785
O1aIb13,face_num,1,0.4999425305371828
O1aIb13,frame_brightness,0,0.5438283021430885
O1aIb13,frame_brightness,1,0.5110759328338714
O1aIb13,global_flow,0,0.5103288298172471
O1aIb13,global_flow,1,0.5353019236596555
O1aIb13,gpt2_surprisal,0,0.5215118648318234
O1aIb13,gpt2_surprisal,1,0.5220108042590097
O1aIb13,local_flow,0,0.5241423988798679
O1aIb13,local_flow,1,0.5245499096162085
O1aIb13,onset,0,0.5334890233326018
O1aIb13,onset,1,0.5329456756841477
O1aIb13,pitch,0,0.49354774667460793
O1aIb13,pitch,1,0.46724240619416324
O1aIb13,speech,0,0.5044042506504498
O1aIb13,speech,1,0.4928267661410823
O1aIb13,volume,0,0.47225269845250417
O1aIb13,volume,1,0.49724146578477163
O1aIb13,word_gap,0,0.5183954525981421
O1aIb13,word_gap,1,0.5047020469577757
O1aIb13,word_head_pos,0,0.4786370333218395
O1aIb13,word_head_pos,1,0.5226325193567599
O1aIb13,word_index,0,0.5166118222436904
O1aIb13,word_index,1,0.4992226180412993
O1aIb13,word_length,0,0.4644211780194978
O1aIb13,word_length,1,0.4739088638809651
O1aIb13,word_part_speech,0,0.5011869630795462
O1aIb13,word_part_speech,1,0.5143288084464556
O1bId11,delta_volume,0,0.5189596982330753
O1bId11,delta_volume,1,0.5270419945038296
O1bId11,face_num,0,0.4967399141092756
O1bId11,face_num,1,0.5035683311912897
O1bId11,frame_brightness,0,0.515903367710521
O1bId11,frame_brightness,1,0.492769296678265
O1bId11,global_flow,0,0.5238341535793027
O1bId11,global_flow,1,0.5563357470507717
O1bId11,gpt2_surprisal,0,0.47046069611192964
O1bId11,gpt2_surprisal,1,0.5135314462451543
O1bId11,local_flow,0,0.4957838312278612
O1bId11,local_flow,1,0.49221550003657144
O1bId11,onset,0,0.4974608946428012
O1bId11,onset,1,0.5276114646353824
O1bId11,pitch,0,0.48812994367992646
O1bId11,pitch,1,0.4934432567422129
O1bId11,speech,0,0.5034429432724157
O1bId11,speech,1,0.5299311411345516
O1bId11,volume,0,0.4419192710782316
O1bId11,volume,1,0.4660773434479588
O1bId11,word_gap,0,0.4744156400530809
O1bId11,word_gap,1,0.48800978025767217
O1bId11,word_head_pos,0,0.47278037261109895
O1bId11,word_head_pos,1,0.48591475711315213
O1bId11,word_index,0,0.4970187779253713
O1bId11,word_index,1,0.5258498369762106
O1bId11,word_length,0,0.4510673646594151
O1bId11,word_length,1,0.4843526326238467
O1bId11,word_part_speech,0,0.492032264410781
O1bId11,word_part_speech,1,0.48089710800708246
F2Ia12,delta_volume,0,0.5331703290387971
F2Ia12,delta_volume,1,0.5233012549240881
F2Ia12,face_num,0,0.5101146254558373
F2Ia12,face_num,1,0.5149472848291068
F2Ia12,frame_brightness,0,0.5023980439484655
F2Ia12,frame_brightness,1,0.49309843996530933
F2Ia12,global_flow,0,0.5203076183609708
F2Ia12,global_flow,1,0.5167497361629206
F2Ia12,gpt2_surprisal,0,0.477871644567046
F2Ia12,gpt2_surprisal,1,0.4971892208185741
F2Ia12,local_flow,0,0.4767248675590107
F2Ia12,local_flow,1,0.5204852512460425
F2Ia12,onset,0,0.5123820569888091
F2Ia12,onset,1,0.5124551999414856
F2Ia12,pitch,0,0.4784228289604297
F2Ia12,pitch,1,0.5095451553242846
F2Ia12,speech,0,0.5003030208039455
F2Ia12,speech,1,0.5062537224538415
F2Ia12,volume,0,0.4990752640983041
F2Ia12,volume,1,0.505846211717501
F2Ia12,word_gap,0,0.486902186974285
F2Ia12,word_gap,1,0.5125022204110634
F2Ia12,word_head_pos,0,0.5116297294755651
F2Ia12,word_head_pos,1,0.5081449902301913
F2Ia12,word_index,0,0.5146721410457674
F2Ia12,word_index,1,0.5405446202149499
F2Ia12,word_length,0,0.507690459024273
F2Ia12,word_length,1,0.521310721711963
F2Ia12,word_part_speech,0,0.5309856384025182
F2Ia12,word_part_speech,1,0.5094760312151616
F3b3,delta_volume,0,0.48973908863880966
F3b3,delta_volume,1,0.4973773026968852
F3b3,face_num,0,0.48644504352005685
F3b3,face_num,1,0.4946239929782765
F3b3,frame_brightness,0,0.47099881926376397
F3b3,frame_brightness,1,0.4681462441093801
F3b3,global_flow,0,0.5015725734825449
F3b3,global_flow,1,0.5050677617211581
F3b3,gpt2_surprisal,0,0.4969018735044879
F3b3,gpt2_surprisal,1,0.5321828991776643
F3b3,local_flow,0,0.5017763288507153
F3b3,local_flow,1,0.5131291600054335
F3b3,onset,0,0.5222093351305602
F3b3,onset,1,0.5132101397030396
F3b3,pitch,0,0.48944651682810364
F3b3,pitch,1,0.509158542574423
F3b3,speech,0,0.5253701555855094
F3b3,speech,1,0.5100049110268225
F3b3,volume,0,0.5046811489712966
F3b3,volume,1,0.49110790675318433
F3b3,word_gap,0,0.4802200557976239
F3b3,word_gap,1,0.5152085096600942
F3b3,word_head_pos,0,0.5488647168845282
F3b3,word_head_pos,1,0.5276532606083404
F3b3,word_index,0,0.5117211085617679
F3b3,word_index,1,0.5053133679507306
F3b3,word_length,0,0.4969123224977273
F3b3,word_length,1,0.48225760947932667
F3b3,word_part_speech,0,0.5181651255820053
F3b3,word_part_speech,1,0.5181913568102826
F3d1,delta_volume,0,0.5326896753497801
F3d1,delta_volume,1,0.5617901215217913
F3d1,face_num,0,0.4853191644985006
F3d1,face_num,1,0.4818239762598873
F3d1,frame_brightness,0,0.5020166556952238
F3d1,frame_brightness,1,0.48782692287598095
F3d1,global_flow,0,0.4690082860516389
F3d1,global_flow,1,0.4885635768993657
F3d1,gpt2_surprisal,0,0.48924276145993334
F3d1,gpt2_surprisal,1,0.5093152774730155
F3d1,local_flow,0,0.5183170851488459
F3d1,local_flow,1,0.5158929187172816
F3d1,onset,0,0.5030354325360751
F3d1,onset,1,0.5236251737145127
F3d1,pitch,0,0.5179827173651819
F3d1,pitch,1,0.522737009289155
F3d1,speech,0,0.4821113235739736
F3d1,speech,1,0.5098795231079486
F3d1,volume,0,0.5210912928539335
F3d1,volume,1,0.5147278559710772
F3d1,word_gap,0,0.5293303240232804
F3d1,word_gap,1,0.47968193264578957
F3d1,word_head_pos,0,0.5339122075588016
F3d1,word_head_pos,1,0.5164780623386938
F3d1,word_index,0,0.5195553073300326
F3d1,word_index,1,0.5291631445477599
F3d1,word_length,0,0.5119327502795106
F3d1,word_length,1,0.4810037302905865
F3d1,word_part_speech,0,0.5098301527969047
F3d1,word_part_speech,1,0.520978424814742
T1aIc5,delta_volume,0,0.45969300857862344
T1aIc5,delta_volume,1,0.47789515480183486
T1aIc5,face_num,0,0.4759359685694284
T1aIc5,face_num,1,0.46946281725755723
T1aIc5,frame_brightness,0,0.4982132221560453
T1aIc5,frame_brightness,1,0.4871895342883713
T1aIc5,global_flow,0,0.5100676049862596
T1aIc5,global_flow,1,0.5009560828814144
T1aIc5,gpt2_surprisal,0,0.4531467143140758
T1aIc5,gpt2_surprisal,1,0.5185208405170162
T1aIc5,local_flow,0,0.47219522898968685
T1aIc5,local_flow,1,0.5401293585363051
T1aIc5,onset,0,0.5544157445430133
T1aIc5,onset,1,0.5051879251434125
T1aIc5,pitch,0,0.5028630241476234
T1aIc5,pitch,1,0.5298684471751147
T1aIc5,speech,0,0.5120529137017649
T1aIc5,speech,1,0.5070948664096214
T1aIc5,volume,0,0.5044408221267881
T1aIc5,volume,1,0.5164205928758765
T1aIc5,word_gap,0,0.5056738033290493
T1aIc5,word_gap,1,0.50188604327973
T1aIc5,word_head_pos,0,0.5216294160057678
T1aIc5,word_head_pos,1,0.5368901706320596
T1aIc5,word_index,0,0.5421408948194664
T1aIc5,word_index,1,0.5145136456949644
T1aIc5,word_length,0,0.4925916637931935
T1aIc5,word_length,1,0.5209084354722422
T1aIc5,word_part_speech,0,0.49603252672306386
T1aIc5,word_part_speech,1,0.5003672371958817
T1b2,delta_volume,0,0.6774761501729308
T1b2,delta_volume,1,0.6705902636280995
T1b2,face_num,0,0.46314640084427866
T1b2,face_num,1,0.4802984232469202
T1b2,frame_brightness,0,0.5074919281527225
T1b2,frame_brightness,1,0.5170736549533452
T1b2,global_flow,0,0.5050050677617213
T1b2,global_flow,1,0.48131720008777157
T1b2,gpt2_surprisal,0,0.5984869857789201
T1b2,gpt2_surprisal,1,0.6310199262301077
T1b2,local_flow,0,0.498385630544497
T1b2,local_flow,1,0.5086569908989269
T1b2,onset,0,0.8292425524800685
T1b2,onset,1,0.8440069799274841
T1b2,pitch,0,0.51697438951757
T1b2,pitch,1,0.524873828406633
T1b2,speech,0,0.6088680605623648
T1b2,speech,1,0.574537893273983
T1b2,volume,0,0.5554110111490758
T1b2,volume,1,0.5733310345548206
T1b2,word_gap,0,0.5820245969300858
T1b2,word_gap,1,0.6080425900964441
T1b2,word_head_pos,0,0.5711419704711451
T1b2,word_head_pos,1,0.5578404020772598
T1b2,word_index,0,0.842500905687719
T1b2,word_index,1,0.8576560801835528
T1b2,word_length,0,0.5317701639447039
T1b2,word_length,1,0.5497110853369278
T1b2,word_part_speech,0,0.5528493671716177
T1b2,word_part_speech,1,0.5434979342907731
T1cIe10,delta_volume,0,0.5848144781250326
T1cIe10,delta_volume,1,0.5705254798700146
T1cIe10,face_num,0,0.5120999341713426
T1cIe10,face_num,1,0.5062589469504614
T1cIe10,frame_brightness,0,0.5062067019842638
T1cIe10,frame_brightness,1,0.5024346154248038
T1cIe10,global_flow,0,0.4879679842847142
T1cIe10,global_flow,1,0.4888039037438742
T1cIe10,gpt2_surprisal,0,0.5325120424647085
T1cIe10,gpt2_surprisal,1,0.5718681755012904
T1cIe10,local_flow,0,0.4959457906230734
T1cIe10,local_flow,1,0.4752463350156213
T1cIe10,onset,0,0.7310690364983334
T1cIe10,onset,1,0.7250504163923805
T1cIe10,pitch,0,0.47520453904266324
T1cIe10,pitch,1,0.5142524267786799
T1cIe10,speech,0,0.5746502199513077
T1cIe10,speech,1,0.5373708243210766
T1cIe10,volume,0,0.4787676457373332
T1cIe10,volume,1,0.534680208561905
T1cIe10,word_gap,0,0.5123977304786683
T1cIe10,word_gap,1,0.5435514038222418
T1cIe10,word_head_pos,0,0.5426266679205459
T1cIe10,word_head_pos,1,0.5166609197203849
T1cIe10,word_index,0,0.7437884917280521
T1cIe10,word_index,1,0.7643400555488467
T1cIe10,word_length,0,0.5390531122326363
T1cIe10,word_length,1,0.5101773194152743
T1cIe10,word_part_speech,0,0.5498065446914552
T1cIe10,word_part_speech,1,0.538953373991737
P2b11,delta_volume,0,0.5018442473067719
P2b11,delta_volume,1,0.5214361096308371
P2b11,face_num,0,0.5071523358724387
P2b11,face_num,1,0.5326060834038641
P2b11,frame_brightness,0,0.5229721116370437
P2b11,frame_brightness,1,0.49066904903712527
P2b11,global_flow,0,0.5292989770435619
P2b11,global_flow,1,0.5009560828814144
P2b11,gpt2_surprisal,0,0.5163161029434814
P2b11,gpt2_surprisal,1,0.47967670814916985
P2b11,local_flow,0,0.48839116851091396
P2b11,local_flow,1,0.49600326008589074
P2b11,onset,0,0.49575770874476244
P2b11,onset,1,0.5214779056037951
P2b11,pitch,0,0.5125231183975424
P2b11,pitch,1,0.517496839179545
P2b11,speech,0,0.5561581141657002
P2b11,speech,1,0.5289802827497571
P2b11,volume,0,0.5023405744856483
P2b11,volume,1,0.5087719298245614
P2b11,word_gap,0,0.5050625372245385
P2b11,word_gap,1,0.5009769808678934
P2b11,word_head_pos,0,0.5180297378347597
P2b11,word_head_pos,1,0.49340146076925495
P2b11,word_index,0,0.48173529766936357
P2b11,word_index,1,0.5093210361067504
P2b11,word_length,0,0.494634441971516
P2b11,word_length,1,0.503542208708191
P2b11,word_part_speech,0,0.4945701357466063
P2b11,word_part_speech,1,0.5096137451636173
O1aIb14,delta_volume,0,0.521143537820131
O1aIb14,delta_volume,1,0.5226220703635205
O1aIb14,face_num,0,0.49646301578842883
O1aIb14,face_num,1,0.4744835585091377
O1aIb14,frame_brightness,0,0.4955644023698317
O1aIb14,frame_brightness,1,0.5070112744637054
O1aIb14,global_flow,0,0.529272854560463
O1aIb14,global_flow,1,0.5512105158667963
O1aIb14,gpt2_surprisal,0,0.5157936532815064
O1aIb14,gpt2_surprisal,1,0.5114050761209157
O1aIb14,local_flow,0,0.5262948914872052
O1aIb14,local_flow,1,0.4849900212114563
O1aIb14,onset,0,0.5354168625852899
O1aIb14,onset,1,0.5737176473046822
O1aIb14,pitch,0,0.5121208321578216
O1aIb14,pitch,1,0.49634807686279425
O1aIb14,speech,0,0.4935947671441856
O1aIb14,speech,1,0.5181760237401126
O1aIb14,volume,0,0.4893315779024692
O1aIb14,volume,1,0.47782723634577806
O1aIb14,word_gap,0,0.5034899637419934
O1aIb14,word_gap,1,0.519027616689132
O1aIb14,word_head_pos,0,0.4910347638005078
O1aIb14,word_head_pos,1,0.5102922583409089
O1aIb14,word_index,0,0.4949809805579036
O1aIb14,word_index,1,0.515313669846637
O1aIb14,word_length,0,0.4980146912844947
O1aIb14,word_length,1,0.49686530202814955
O1aIb14,word_part_speech,0,0.5014230441340416
O1aIb14,word_part_speech,1,0.49839989507508686
O1bId12,delta_volume,0,0.49815575269322804
O1bId12,delta_volume,1,0.5049214758158052
O1bId12,face_num,0,0.4779317262781731
O1bId12,face_num,1,0.49482252384982706
O1bId12,frame_brightness,0,0.5131213232605039
O1bId12,frame_brightness,1,0.503730290586502
O1bId12,global_flow,0,0.5326426548802023
O1bId12,global_flow,1,0.5550035004127353
O1bId12,gpt2_surprisal,0,0.4799013615038191
O1bId12,gpt2_surprisal,1,0.5084741335172356
O1bId12,local_flow,0,0.5075076016425818
O1bId12,local_flow,1,0.5044721691065066
O1bId12,onset,0,0.5301610189858207
O1bId12,onset,1,0.5213943136578791
O1bId12,pitch,0,0.5205270472190004
O1bId12,pitch,1,0.5114520965904935
O1bId12,speech,0,0.5307409381106131
O1bId12,speech,1,0.5386038055233379
O1bId12,volume,0,0.4868551665047073
O1bId12,volume,1,0.45634410624536326
O1bId12,word_gap,0,0.43750457143454224
O1bId12,word_gap,1,0.47757646050803004
O1bId12,word_head_pos,0,0.4736006185803997
O1bId12,word_head_pos,1,0.46513170955978395
O1bId12,word_index,0,0.5142570341746165
O1bId12,word_index,1,0.5013434367829972
O1bId12,word_length,0,0.5057521707783454
O1bId12,word_length,1,0.5258351357846671
O1bId12,word_part_speech,0,0.4760377729687193
O1bId12,word_part_speech,1,0.4744573414650141
