electrode,task,fold,test_auroc
LT2aA1,delta_volume,0,0.5430895691609977
LT2aA1,delta_volume,1,0.5340022675736962
LT2aA1,face_num,0,0.5061698756421953
LT2aA1,face_num,1,0.4842031977721226
LT2aA1,frame_brightness,0,0.5257539682539683
LT2aA1,frame_brightness,1,0.5559183673469388
LT2aA1,global_flow,0,0.485702947845805
LT2aA1,global_flow,1,0.5127834467120181
LT2aA1,gpt2_surprisal,0,0.5077380952380952
LT2aA1,gpt2_surprisal,1,0.527420634920635
LT2aA1,local_flow,0,0.4981065759637188
LT2aA1,local_flow,1,0.49274376417233556
LT2aA1,onset,0,0.5463871671258034
LT2aA1,onset,1,0.5234877180899907
LT2aA1,pitch,0,0.48096371882086164
LT2aA1,pitch,1,0.5158106575963719
LT2aA1,speech,0,0.5030093100529763
LT2aA1,speech,1,0.5046863734679163
LT2aA1,volume,0,0.48820861678004535
LT2aA1,volume,1,0.47777777777777775
LT2aA1,word_gap,0,0.5069228932919552
LT2aA1,word_gap,1,0.5086337232434153
LT2aA1,word_head_pos,0,0.5047804144070719
LT2aA1,word_head_pos,1,0.4769233984305612
LT2aA1,word_index,0,0.5143752974440805
LT2aA1,word_index,1,0.5654376977128299
LT2aA1,word_length,0,0.4691044436867826
LT2aA1,word_length,1,0.4674451642232072
LT2aA1,word_part_speech,0,0.5007366763196668
LT2aA1,word_part_speech,1,0.48527494115056985
LT3Ha1,delta_volume,0,0.535827664399093
LT3Ha1,delta_volume,1,0.5478798185941044
LT3Ha1,face_num,0,0.5032169779613003
LT3Ha1,face_num,1,0.4939981754453354
LT3Ha1,frame_brightness,0,0.5177947845804989
LT3Ha1,frame_brightness,1,0.5596201814058956
LT3Ha1,global_flow,0,0.48471088435374143
LT3Ha1,global_flow,1,0.486156462585034
LT3Ha1,gpt2_surprisal,0,0.5224773242630385
LT3Ha1,gpt2_surprisal,1,0.506734693877551
LT3Ha1,local_flow,0,0.5005895691609977
LT3Ha1,local_flow,1,0.5038038548752835
LT3Ha1,onset,0,0.5276486455463728
LT3Ha1,onset,1,0.5260703627180899
LT3Ha1,pitch,0,0.4732936507936508
LT3Ha1,pitch,1,0.4979195011337868
LT3Ha1,speech,0,0.4976437520244925
LT3Ha1,speech,1,0.4850892866472315
LT3Ha1,volume,0,0.48849206349206353
LT3Ha1,volume,1,0.44460317460317456
LT3Ha1,word_gap,0,0.49880639770828356
LT3Ha1,word_gap,1,0.5080210074003342
LT3Ha1,word_head_pos,0,0.4988819577233734
LT3Ha1,word_head_pos,1,0.4695620826933325
LT3Ha1,word_index,0,0.5163909185073206
LT3Ha1,word_index,1,0.5020576131687243
LT3Ha1,word_length,0,0.47538356631435386
LT3Ha1,word_length,1,0.5145584725536992
LT3Ha1,word_part_speech,0,0.5543192941455402
LT3Ha1,word_part_speech,1,0.5061728395061728
LT3Ha14,delta_volume,0,0.4963378684807256
LT3Ha14,delta_volume,1,0.4824263038548753
LT3Ha14,face_num,0,0.4897488836606328
LT3Ha14,face_num,1,0.5316816312158896
LT3Ha14,frame_brightness,0,0.5505328798185941
LT3Ha14,frame_brightness,1,0.5420124716553287
LT3Ha14,global_flow,0,0.45504535147392294
LT3Ha14,global_flow,1,0.46505102040816326
LT3Ha14,gpt2_surprisal,0,0.49880952380952376
LT3Ha14,gpt2_surprisal,1,0.4843083900226757
LT3Ha14,local_flow,0,0.49307823129251704
LT3Ha14,local_flow,1,0.5227267573696145
LT3Ha14,onset,0,0.5556129476584022
LT3Ha14,onset,1,0.5399305555555556
LT3Ha14,pitch,0,0.5141383219954649
LT3Ha14,pitch,1,0.5379251700680272
LT3Ha14,speech,0,0.5058723342005997
LT3Ha14,speech,1,0.5238341535793026
LT3Ha14,volume,0,0.45834467120181405
LT3Ha14,volume,1,0.47120181405895684
LT3Ha14,word_gap,0,0.5258534256385772
LT3Ha14,word_gap,1,0.5149836874353466
LT3Ha14,word_head_pos,0,0.49398137989404717
LT3Ha14,word_head_pos,1,0.5036414741439663
LT3Ha14,word_index,0,0.5415301923238431
LT3Ha14,word_index,1,0.597827608409619
LT3Ha14,word_length,0,0.5197977042845778
LT3Ha14,word_length,1,0.4958404364132287
LT3Ha14,word_part_speech,0,0.4814137411302477
LT3Ha14,word_part_speech,1,0.4652068620975799
LF3aOFa3,delta_volume,0,0.5297278911564626
LF3aOFa3,delta_volume,1,0.5206179138321996
LF3aOFa3,face_num,0,0.5105792160816889
LF3aOFa3,face_num,1,0.48691602247083116
LF3aOFa3,frame_brightness,0,0.5027494331065759
LF3aOFa3,frame_brightness,1,0.50328231292517
LF3aOFa3,global_flow,0,0.4629648526077097
LF3aOFa3,global_flow,1,0.4522165532879818
LF3aOFa3,gpt2_surprisal,0,0.5279705215419501
LF3aOFa3,gpt2_surprisal,1,0.5656065759637189
LF3aOFa3,local_flow,0,0.5005272108843537
LF3aOFa3,local_flow,1,0.5101133786848072
LF3aOFa3,onset,0,0.5209337695133149
LF3aOFa3,onset,1,0.5536329201101928
LF3aOFa3,pitch,0,0.5105839002267574
LF3aOFa3,pitch,1,0.5455385487528345
LF3aOFa3,speech,0,0.5089652361994921
LF3aOFa3,speech,1,0.5162168375077061
LF3aOFa3,volume,0,0.4734410430839003
LF3aOFa3,volume,1,0.461859410430839
LF3aOFa3,word_gap,0,0.5132091986949948
LF3aOFa3,word_gap,1,0.48537439325216836
LF3aOFa3,word_head_pos,0,0.4912385191686781
LF3aOFa3,word_head_pos,1,0.5056111093696123
LF3aOFa3,word_index,0,0.47064751826656587
LF3aOFa3,word_index,1,0.5090562974160857
LF3aOFa3,word_length,0,0.5005284691442209
LF3aOFa3,word_length,1,0.5248323673144676
LF3aOFa3,word_part_speech,0,0.49877220613388884
LF3aOFa3,word_part_speech,1,0.49059255872241686
LF3aOFa15,delta_volume,0,0.5593990929705215
LF3aOFa15,delta_volume,1,0.5198469387755102
LF3aOFa15,face_num,0,0.48676397624877965
LF3aOFa15,face_num,1,0.5133240505113554
LF3aOFa15,frame_brightness,0,0.5140589569160998
LF3aOFa15,frame_brightness,1,0.5012868480725623
LF3aOFa15,global_flow,0,0.45937641723356004
LF3aOFa15,global_flow,1,0.4712698412698412
LF3aOFa15,gpt2_surprisal,0,0.5124773242630386
LF3aOFa15,gpt2_surprisal,1,0.5097165532879818
LF3aOFa15,local_flow,0,0.4985204081632653
LF3aOFa15,local_flow,1,0.4930555555555556
LF3aOFa15,onset,0,0.5550390266299358
LF3aOFa15,onset,1,0.6015840220385675
LF3aOFa15,pitch,0,0.5352380952380953
LF3aOFa15,pitch,1,0.5650793650793651
LF3aOFa15,speech,0,0.4995715912771804
LF3aOFa15,speech,1,0.5463465095138084
LF3aOFa15,volume,0,0.487704081632653
LF3aOFa15,volume,1,0.45537981859410437
LF3aOFa15,word_gap,0,0.5225113392217713
LF3aOFa15,word_gap,1,0.513750298400573
LF3aOFa15,word_head_pos,0,0.5078053979499075
LF3aOFa15,word_head_pos,1,0.49352162419150913
LF3aOFa15,word_index,0,0.5475210660395845
LF3aOFa15,word_index,1,0.5997592452618907
LF3aOFa15,word_length,0,0.5009432890101148
LF3aOFa15,word_length,1,0.4914081145584725
LF3aOFa15,word_part_speech,0,0.4664939287710207
LF3aOFa15,word_part_speech,1,0.48317499026232447
LF3bIa11,delta_volume,0,0.5641156462585034
LF3bIa11,delta_volume,1,0.5376133786848072
LF3bIa11,face_num,0,0.48300283286118983
LF3bIa11,face_num,1,0.4994718394391895
LF3bIa11,frame_brightness,0,0.5317403628117914
LF3bIa11,frame_brightness,1,0.5134410430839003
LF3bIa11,global_flow,0,0.4563321995464853
LF3bIa11,global_flow,1,0.452828798185941
LF3bIa11,gpt2_surprisal,0,0.5002324263038548
LF3bIa11,gpt2_surprisal,1,0.5218253968253969
LF3bIa11,local_flow,0,0.4861791383219955
LF3bIa11,local_flow,1,0.5039795918367347
LF3bIa11,onset,0,0.5644082874196511
LF3bIa11,onset,1,0.5817550505050505
LF3bIa11,pitch,0,0.5217913832199547
LF3bIa11,pitch,1,0.5605215419501133
LF3bIa11,speech,0,0.5260388911528374
LF3bIa11,speech,1,0.5491572886952343
LF3bIa11,volume,0,0.47982426303854875
LF3bIa11,volume,1,0.44236961451247164
LF3bIa11,word_gap,0,0.5330229967374871
LF3bIa11,word_gap,1,0.507623139969762
LF3bIa11,word_head_pos,0,0.4990648151050647
LF3bIa11,word_head_pos,1,0.5143987126840329
LF3bIa11,word_index,0,0.5198902606310014
LF3bIa11,word_index,1,0.5662355477170292
LF3bIa11,word_length,0,0.5275542675304011
LF3bIa11,word_length,1,0.5021479713603818
LF3bIa11,word_part_speech,0,0.4905756236346086
LF3bIa11,word_part_speech,1,0.4778743077782859
LT2bHb12,delta_volume,0,0.5220521541950114
LT2bHb12,delta_volume,1,0.4915873015873016
LT2bHb12,face_num,0,0.484627326707319
LT2bHb12,face_num,1,0.49064515612746273
LT2bHb12,frame_brightness,0,0.5233616780045351
LT2bHb12,frame_brightness,1,0.5648015873015872
LT2bHb12,global_flow,0,0.44671201814058953
LT2bHb12,global_flow,1,0.4758049886621315
LT2bHb12,gpt2_surprisal,0,0.522250566893424
LT2bHb12,gpt2_surprisal,1,0.4840249433106576
LT2bHb12,local_flow,0,0.4740702947845805
LT2bHb12,local_flow,1,0.4802380952380952
LT2bHb12,onset,0,0.5766041092745638
LT2bHb12,onset,1,0.5584395087235996
LT2bHb12,pitch,0,0.480062358276644
LT2bHb12,pitch,1,0.49329931972789115
LT2bHb12,speech,0,0.5157675307984075
LT2bHb12,speech,1,0.5329195532010491
LT2bHb12,volume,0,0.4613888888888889
LT2bHb12,volume,1,0.4443990929705215
LT2bHb12,word_gap,0,0.5078777751253283
LT2bHb12,word_gap,1,0.492575793745524
LT2bHb12,word_head_pos,0,0.5037041681034032
LT2bHb12,word_head_pos,1,0.4723937598612374
LT2bHb12,word_index,0,0.48584866045183506
LT2bHb12,word_index,1,0.5331037764900199
LT2bHb12,word_length,0,0.5462495738152062
LT2bHb12,word_length,1,0.49822138879418115
LT2bHb12,word_part_speech,0,0.4740977831970059
LT2bHb12,word_part_speech,1,0.5119646395366559
LT1cCd12,delta_volume,0,0.5363378684807256
LT1cCd12,delta_volume,1,0.4945124716553288
LT1cCd12,face_num,0,0.4695907555896992
LT1cCd12,face_num,1,0.4930538883820682
LT1cCd12,frame_brightness,0,0.5031122448979592
LT1cCd12,frame_brightness,1,0.44866213151927437
LT1cCd12,global_flow,0,0.5209240362811791
LT1cCd12,global_flow,1,0.5302437641723357
LT1cCd12,gpt2_surprisal,0,0.5283106575963719
LT1cCd12,gpt2_surprisal,1,0.5174518140589569
LT1cCd12,local_flow,0,0.5354138321995465
LT1cCd12,local_flow,1,0.5309750566893424
LT1cCd12,onset,0,0.5560720844811754
LT1cCd12,onset,1,0.532311753902663
LT1cCd12,pitch,0,0.49967687074829936
LT1cCd12,pitch,1,0.5229875283446712
LT1cCd12,speech,0,0.5005224496619751
LT1cCd12,speech,1,0.5142524267786799
LT1cCd12,volume,0,0.48234693877551027
LT1cCd12,volume,1,0.48416666666666663
LT1cCd12,word_gap,0,0.4681825415771465
LT1cCd12,word_gap,1,0.48979867908013053
LT1cCd12,word_head_pos,0,0.46737301860965696
LT1cCd12,word_head_pos,1,0.4734856796547653
LT1cCd12,word_index,0,0.49676660787771904
LT1cCd12,word_index,1,0.5227177290669354
LT1cCd12,word_length,0,0.518308898738493
LT1cCd12,word_length,1,0.4995681327423571
LT1cCd12,word_part_speech,0,0.5202120272993614
LT1cCd12,word_part_speech,1,0.48139680604243934
LT1bId10,delta_volume,0,0.5084977324263038
LT1bId10,delta_volume,1,0.5434977324263038
LT1bId10,face_num,0,0.4879163265632752
LT1bId10,face_num,1,0.48419519533938316
LT1bId10,frame_brightness,0,0.5175
LT1bId10,frame_brightness,1,0.5065702947845805
LT1bId10,global_flow,0,0.44465702947845803
LT1bId10,global_flow,1,0.4388095238095238
LT1bId10,gpt2_surprisal,0,0.47789682539682543
LT1bId10,gpt2_surprisal,1,0.48632653061224496
LT1bId10,local_flow,0,0.49585600907029476
LT1bId10,local_flow,1,0.5242431972789116
LT1bId10,onset,0,0.615788567493113
LT1bId10,onset,1,0.5838211662075299
LT1bId10,pitch,0,0.49984126984126986
LT1bId10,pitch,1,0.5509580498866213
LT1bId10,speech,0,0.531519388106956
LT1bId10,speech,1,0.5203703123204079
LT1bId10,volume,0,0.4393140589569161
LT1bId10,volume,1,0.4316269841269841
LT1bId10,word_gap,0,0.49415134877058964
LT1bId10,word_gap,1,0.5009668178562903
LT1bId10,word_head_pos,0,0.4730990669049037
LT1bId10,word_head_pos,1,0.4898488030678244
LT1bId10,word_index,0,0.5006018868452731
LT1bId10,word_index,1,0.5474930713025952
LT1bId10,word_length,0,0.5271564950562564
LT1bId10,word_length,1,0.5156381406978066
LT1bId10,word_part_speech,0,0.4691866077325611
LT1bId10,word_part_speech,1,0.4550458094125218
LF1aCaOF2,delta_volume,0,0.5650510204081632
LF1aCaOF2,delta_volume,1,0.5543650793650794
LF1aCaOF2,face_num,0,0.5093548438725373
LF1aCaOF2,face_num,1,0.4856916502616795
LF1aCaOF2,frame_brightness,0,0.5134410430839003
LF1aCaOF2,frame_brightness,1,0.5253174603174603
LF1aCaOF2,global_flow,0,0.46195578231292517
LF1aCaOF2,global_flow,1,0.45891723356009073
LF1aCaOF2,gpt2_surprisal,0,0.4982936507936508
LF1aCaOF2,gpt2_surprisal,1,0.4884297052154195
LF1aCaOF2,local_flow,0,0.4725850340136054
LF1aCaOF2,local_flow,1,0.4922902494331066
LF1aCaOF2,onset,0,0.5256112258953168
LF1aCaOF2,onset,1,0.5130567033976124
LF1aCaOF2,pitch,0,0.5214909297052154
LF1aCaOF2,pitch,1,0.5374773242630386
LF1aCaOF2,speech,0,0.49394480841770894
LF1aCaOF2,speech,1,0.49024064031430564
LF1aCaOF2,volume,0,0.5010487528344671
LF1aCaOF2,volume,1,0.4625056689342404
LF1aCaOF2,word_gap,0,0.5195830349327604
LF1aCaOF2,word_gap,1,0.5169889392854301
LF1aCaOF2,word_head_pos,0,0.49956114228394094
LF1aCaOF2,word_head_pos,1,0.545766590389016
LF1aCaOF2,word_index,0,0.49743848156546566
LF1aCaOF2,word_index,1,0.47039556563366086
LF1aCaOF2,word_length,0,0.5139845436981475
LF1aCaOF2,word_length,1,0.5048244118649846
LF1aCaOF2,word_part_speech,0,0.4850717200968687
LF1aCaOF2,word_part_speech,1,0.5220071466070552
LF1aCaOF14,delta_volume,0,0.529812925170068
LF1aCaOF14,delta_volume,1,0.5361961451247166
LF1aCaOF14,face_num,0,0.4843312366959555
LF1aCaOF14,face_num,1,0.4903250588178806
LF1aCaOF14,frame_brightness,0,0.5285260770975057
LF1aCaOF14,frame_brightness,1,0.5354648526077097
LF1aCaOF14,global_flow,0,0.4835034013605442
LF1aCaOF14,global_flow,1,0.4560374149659864
LF1aCaOF14,gpt2_surprisal,0,0.5039739229024944
LF1aCaOF14,gpt2_surprisal,1,0.5121938775510204
LF1aCaOF14,local_flow,0,0.4970975056689343
LF1aCaOF14,local_flow,1,0.5102721088435374
LF1aCaOF14,onset,0,0.5331295913682277
LF1aCaOF14,onset,1,0.5671057162534435
LF1aCaOF14,pitch,0,0.5032142857142857
LF1aCaOF14,pitch,1,0.5225
LF1aCaOF14,speech,0,0.5501238205698881
LF1aCaOF14,speech,1,0.566617556398441
LF1aCaOF14,volume,0,0.4581632653061224
LF1aCaOF14,volume,1,0.4533333333333333
LF1aCaOF14,word_gap,0,0.5096283918198456
LF1aCaOF14,word_gap,1,0.4902920346940399
LF1aCaOF14,word_head_pos,0,0.48371001953961734
LF1aCaOF14,word_head_pos,1,0.5213838646646396
LF1aCaOF14,word_index,0,0.5034573500181966
LF1aCaOF14,word_index,1,0.4978863973572969
LF1aCaOF14,word_length,0,0.5149789748835095
LF1aCaOF14,word_length,1,0.519462438913513
LF1aCaOF14,word_part_speech,0,0.46559636911717384
LF1aCaOF14,word_part_speech,1,0.4513708953580924
RF1aCaOF10,delta_volume,0,0.5544104308390023
RF1aCaOF10,delta_volume,1,0.542142857142857
RF1aCaOF10,face_num,0,0.520470222947776
RF1aCaOF10,face_num,1,0.5046013988252429
RF1aCaOF10,frame_brightness,0,0.541235827664399
RF1aCaOF10,frame_brightness,1,0.5305328798185941
RF1aCaOF10,global_flow,0,0.48410997732426303
RF1aCaOF10,global_flow,1,0.46447845804988663
RF1aCaOF10,gpt2_surprisal,0,0.5567460317460318
RF1aCaOF10,gpt2_surprisal,1,0.5244501133786847
RF1aCaOF10,local_flow,0,0.5118934240362811
RF1aCaOF10,local_flow,1,0.5218707482993198
RF1aCaOF10,onset,0,0.5717257805325987
RF1aCaOF10,onset,1,0.5532168273645546
RF1aCaOF10,pitch,0,0.5133333333333334
RF1aCaOF10,pitch,1,0.49912698412698414
RF1aCaOF10,speech,0,0.5048587818563681
RF1aCaOF10,speech,1,0.521668599730416
RF1aCaOF10,volume,0,0.5064852607709751
RF1aCaOF10,volume,1,0.44916666666666666
RF1aCaOF10,word_gap,0,0.5107105912310018
RF1aCaOF10,word_gap,1,0.5125407814116336
RF1aCaOF10,word_head_pos,0,0.5173557777708118
RF1aCaOF10,word_head_pos,1,0.5276793830914391
RF1aCaOF10,word_index,0,0.5789311609417429
RF1aCaOF10,word_index,1,0.5451695081324711
RF1aCaOF10,word_length,0,0.5276906466643937
RF1aCaOF10,word_length,1,0.5086913285600636
RF1aCaOF10,word_part_speech,0,0.5141323307761351
RF1aCaOF10,word_part_speech,1,0.4760114481193585
LF1bCb6,delta_volume,0,0.5861394557823129
LF1bCb6,delta_volume,1,0.5745294784580499
LF1bCb6,face_num,0,0.49399017301259585
LF1bCb6,face_num,1,0.5189497607272611
LF1bCb6,frame_brightness,0,0.49391156462585034
LF1bCb6,frame_brightness,1,0.5126870748299319
LF1bCb6,global_flow,0,0.5150226757369615
LF1bCb6,global_flow,1,0.48456349206349203
LF1bCb6,gpt2_surprisal,0,0.5243083900226757
LF1bCb6,gpt2_surprisal,1,0.5119812925170067
LF1bCb6,local_flow,0,0.5367913832199547
LF1bCb6,local_flow,1,0.511984126984127
LF1bCb6,onset,0,0.5362144168962351
LF1bCb6,onset,1,0.5389118457300275
LF1bCb6,pitch,0,0.5059977324263039
LF1bCb6,pitch,1,0.5227551020408163
LF1bCb6,speech,0,0.5048378838698891
LF1bCb6,speech,1,0.4952195855929281
LF1bCb6,volume,0,0.4863095238095238
LF1bCb6,volume,1,0.4937414965986394
LF1bCb6,word_gap,0,0.500143232275006
LF1bCb6,word_gap,1,0.4952972069706374
LF1bCb6,word_head_pos,0,0.5131500579919125
LF1bCb6,word_head_pos,1,0.541346666248707
LF1bCb6,word_index,0,0.5113798605862098
LF1bCb6,word_index,1,0.5235855659136083
LF1bCb6,word_length,0,0.5181526309807933
LF1bCb6,word_length,1,0.5301397886123422
LF1bCb6,word_part_speech,0,0.5002286236854139
LF1bCb6,word_part_speech,1,0.46496977086826197
RF1bCb8,delta_volume,0,0.5960430839002266
RF1bCb8,delta_volume,1,0.5791893424036281
RF1bCb8,face_num,0,0.5060738464493206
RF1bCb8,face_num,1,0.48828443846929465
RF1bCb8,frame_brightness,0,0.5259750566893424
RF1bCb8,frame_brightness,1,0.5074659863945579
RF1bCb8,global_flow,0,0.49990929705215414
RF1bCb8,global_flow,1,0.49680839002267563
RF1bCb8,gpt2_surprisal,0,0.5239172335600907
RF1bCb8,gpt2_surprisal,1,0.5245521541950113
RF1bCb8,local_flow,0,0.5306009070294785
RF1bCb8,local_flow,1,0.515578231292517
RF1bCb8,onset,0,0.5798898071625345
RF1bCb8,onset,1,0.5693296602387511
RF1bCb8,pitch,0,0.5075680272108843
RF1bCb8,pitch,1,0.5392120181405895
RF1bCb8,speech,0,0.46565938371837867
RF1bCb8,speech,1,0.49220505104333195
RF1bCb8,volume,0,0.46206349206349207
RF1bCb8,volume,1,0.4487981859410431
RF1bCb8,word_gap,0,0.4986074639929975
RF1bCb8,word_gap,1,0.4932362536802738
RF1bCb8,word_head_pos,0,0.5054178029946814
RF1bCb8,word_head_pos,1,0.5465398158887391
RF1bCb8,word_index,0,0.5809467820049831
RF1bCb8,word_index,1,0.5544357660759778
RF1bCb8,word_length,0,0.5425161950221615
RF1bCb8,word_length,1,0.5232526423457211
RF1bCb8,word_part_speech,0,0.5058341377500042
RF1bCb8,word_part_speech,1,0.4998729868414368
LF1cCc10,delta_volume,0,0.5660685941043084
LF1cCc10,delta_volume,1,0.5459863945578232
LF1cCc10,face_num,0,0.45217746194843234
LF1cCc10,face_num,1,0.45933963925033205
LF1cCc10,frame_brightness,0,0.5409013605442177
LF1cCc10,frame_brightness,1,0.47933106575963724
LF1cCc10,global_flow,0,0.4959920634920635
LF1cCc10,global_flow,1,0.4858333333333333
LF1cCc10,gpt2_surprisal,0,0.457936507936508
LF1cCc10,gpt2_surprisal,1,0.4771031746031746
LF1cCc10,local_flow,0,0.5151473922902494
LF1cCc10,local_flow,1,0.5359863945578232
LF1cCc10,onset,0,0.5260847107438017
LF1cCc10,onset,1,0.5569186179981634
LF1cCc10,pitch,0,0.5155045351473923
LF1cCc10,pitch,1,0.5451020408163265
LF1cCc10,speech,0,0.4665893441166944
LF1cCc10,speech,1,0.46529889345161596
LF1cCc10,volume,0,0.5089285714285714
LF1cCc10,volume,1,0.4921088435374149
LF1cCc10,word_gap,0,0.5103604678920983
LF1cCc10,word_gap,1,0.4852391183257738
LF1cCc10,word_head_pos,0,0.5443089558321055
LF1cCc10,word_head_pos,1,0.5226272948601403
LF1cCc10,word_index,0,0.5763836398757034
LF1cCc10,word_index,1,0.5090562974160857
LF1cCc10,word_length,0,0.5053471985452893
LF1cCc10,word_length,1,0.5229003295829071
LF1cCc10,word_part_speech,0,0.5299158326135921
LF1cCc10,word_part_speech,1,0.4861386306287998
RF1cCc10,delta_volume,0,0.5545124716553289
RF1cCc10,delta_volume,1,0.5542006802721088
RF1cCc10,face_num,0,0.4695027288295642
RF1cCc10,face_num,1,0.5090427489956947
RF1cCc10,frame_brightness,0,0.5222222222222223
RF1cCc10,frame_brightness,1,0.5016836734693877
RF1cCc10,global_flow,0,0.4790589569160998
RF1cCc10,global_flow,1,0.4842687074829932
RF1cCc10,gpt2_surprisal,0,0.5271655328798186
RF1cCc10,gpt2_surprisal,1,0.5501700680272108
RF1cCc10,local_flow,0,0.5156349206349207
RF1cCc10,local_flow,1,0.5085260770975056
RF1cCc10,onset,0,0.5220959595959596
RF1cCc10,onset,1,0.5104884067952249
RF1cCc10,pitch,0,0.527735260770975
RF1cCc10,pitch,1,0.5176757369614513
RF1cCc10,speech,0,0.4480841770895374
RF1cCc10,speech,1,0.4915310909793842
RF1cCc10,volume,0,0.5023866213151927
RF1cCc10,volume,1,0.4744897959183673
RF1cCc10,word_gap,0,0.5032147688390228
RF1cCc10,word_gap,1,0.5233946049176414
RF1cCc10,word_head_pos,0,0.5023614724721273
RF1cCc10,word_head_pos,1,0.5491363907087552
RF1cCc10,word_index,0,0.5801629293692786
RF1cCc10,word_index,1,0.5526720976456426
RF1cCc10,word_length,0,0.541430844414138
RF1cCc10,word_length,1,0.5179111262643482
RF1cCc10,word_part_speech,0,0.5507967958813866
RF1cCc10,word_part_speech,1,0.5025995359785941
LT2aA2,delta_volume,0,0.5483956916099774
LT2aA2,delta_volume,1,0.5390192743764172
LT2aA2,face_num,0,0.48746018789712076
LT2aA2,face_num,1,0.4829148061010547
LT2aA2,frame_brightness,0,0.5057086167800453
LT2aA2,frame_brightness,1,0.5361224489795918
LT2aA2,global_flow,0,0.4830215419501133
LT2aA2,global_flow,1,0.536547619047619
LT2aA2,gpt2_surprisal,0,0.5113775510204082
LT2aA2,gpt2_surprisal,1,0.5296768707482993
LT2aA2,local_flow,0,0.49773242630385484
LT2aA2,local_flow,1,0.5039455782312925
LT2aA2,onset,0,0.5680670339761249
LT2aA2,onset,1,0.5274477731864096
LT2aA2,pitch,0,0.4574036281179138
LT2aA2,pitch,1,0.5192460317460317
LT2aA2,speech,0,0.5049580472921433
LT2aA2,speech,1,0.5165721032778492
LT2aA2,volume,0,0.5013378684807256
LT2aA2,volume,1,0.5117573696145125
LT2aA2,word_gap,0,0.4970955677568234
LT2aA2,word_gap,1,0.47954165671998084
LT2aA2,word_head_pos,0,0.5022360845532533
LT2aA2,word_head_pos,1,0.4815314044491813
LT2aA2,word_index,0,0.5160829764004367
LT2aA2,word_index,1,0.5570952660899751
LT2aA2,word_length,0,0.48043527673599273
LT2aA2,word_length,1,0.49417547448573707
LT2aA2,word_part_speech,0,0.5021930938711917
LT2aA2,word_part_speech,1,0.4950126166404173
LT3Ha2,delta_volume,0,0.5136791383219954
LT3Ha2,delta_volume,1,0.4984637188208617
LT3Ha2,face_num,0,0.4951265184616123
LT3Ha2,face_num,1,0.4881323922472432
LT3Ha2,frame_brightness,0,0.5187301587301587
LT3Ha2,frame_brightness,1,0.511547619047619
LT3Ha2,global_flow,0,0.49121031746031746
LT3Ha2,global_flow,1,0.48469387755102045
LT3Ha2,gpt2_surprisal,0,0.5037585034013605
LT3Ha2,gpt2_surprisal,1,0.529937641723356
LT3Ha2,local_flow,0,0.5037131519274376
LT3Ha2,local_flow,1,0.5222392290249432
LT3Ha2,onset,0,0.5189106978879706
LT3Ha2,onset,1,0.4781623048668503
LT3Ha2,pitch,0,0.4895578231292517
LT3Ha2,pitch,1,0.517482993197279
LT3Ha2,speech,0,0.4850265926877945
LT3Ha2,speech,1,0.4895980272300764
LT3Ha2,volume,0,0.5149659863945578
LT3Ha2,volume,1,0.4611791383219954
LT3Ha2,word_gap,0,0.45083154292989575
LT3Ha2,word_gap,1,0.49621230206095324
LT3Ha2,word_head_pos,0,0.4665841196200746
LT3Ha2,word_head_pos,1,0.45501708410394653
LT3Ha2,word_index,0,0.5382828028330674
LT3Ha2,word_index,1,0.5185185185185185
LT3Ha2,word_length,0,0.4954483464030003
LT3Ha2,word_length,1,0.5009262416183657
LT3Ha2,word_part_speech,0,0.4912360920591373
LT3Ha2,word_part_speech,1,0.5164016325424647
LT1aIb1,delta_volume,0,0.5452324263038548
LT1aIb1,delta_volume,1,0.5363605442176871
LT1aIb1,face_num,0,0.5135801283590211
LT1aIb1,face_num,1,0.5166530625310095
LT1aIb1,frame_brightness,0,0.5089342403628118
LT1aIb1,frame_brightness,1,0.5219444444444444
LT1aIb1,global_flow,0,0.4693990929705215
LT1aIb1,global_flow,1,0.46442743764172334
LT1aIb1,gpt2_surprisal,0,0.5159580498866213
LT1aIb1,gpt2_surprisal,1,0.5260827664399093
LT1aIb1,local_flow,0,0.48873015873015874
LT1aIb1,local_flow,1,0.500187074829932
LT1aIb1,onset,0,0.5655848255280074
LT1aIb1,onset,1,0.5741505968778695
LT1aIb1,pitch,0,0.5060657596371883
LT1aIb1,pitch,1,0.5251984126984127
LT1aIb1,speech,0,0.505888007690459
LT1aIb1,speech,1,0.5134112828229
LT1aIb1,volume,0,0.49497732426303853
LT1aIb1,volume,1,0.45288548752834457
LT1aIb1,word_gap,0,0.5097079653059601
LT1aIb1,word_gap,1,0.5225272539189942
LT1aIb1,word_head_pos,0,0.4894621903179629
LT1aIb1,word_head_pos,1,0.48259197726299075
LT1aIb1,word_index,0,0.5390386607317824
LT1aIb1,word_index,1,0.5513563450071386
LT1aIb1,word_length,0,0.5260086373451529
LT1aIb1,word_length,1,0.49245368791908173
LT1aIb1,word_part_speech,0,0.5313383799895002
LT1aIb1,word_part_speech,1,0.504174499144778
LF3aOFa4,delta_volume,0,0.49458049886621314
LF3aOFa4,delta_volume,1,0.5067573696145125
LF3aOFa4,face_num,0,0.49492645764312354
LF3aOFa4,face_num,1,0.48981290312254927
LF3aOFa4,frame_brightness,0,0.5337755102040816
LF3aOFa4,frame_brightness,1,0.552312925170068
LF3aOFa4,global_flow,0,0.46887188208616776
LF3aOFa4,global_flow,1,0.47768140589569164
LF3aOFa4,gpt2_surprisal,0,0.5000566893424037
LF3aOFa4,gpt2_surprisal,1,0.49833900226757366
LF3aOFa4,local_flow,0,0.5158333333333334
LF3aOFa4,local_flow,1,0.5191609977324263
LF3aOFa4,onset,0,0.5248220844811754
LF3aOFa4,onset,1,0.5080635904499541
LF3aOFa4,pitch,0,0.5109807256235828
LF3aOFa4,pitch,1,0.5175
LF3aOFa4,speech,0,0.4979728953115367
LF3aOFa4,speech,1,0.4992842439630942
LF3aOFa4,volume,0,0.49978458049886626
LF3aOFa4,volume,1,0.5003571428571428
LF3aOFa4,word_gap,0,0.5585262990371608
LF3aOFa4,word_gap,1,0.5399220179836078
LF3aOFa4,word_head_pos,0,0.5071784583555374
LF3aOFa4,word_head_pos,1,0.5170109609939082
LF3aOFa4,word_index,0,0.4677360656196635
LF3aOFa4,word_index,1,0.5396825396825397
LF3aOFa4,word_length,0,0.5095976815547222
LF3aOFa4,word_length,1,0.4896408682804865
LF3aOFa4,word_part_speech,0,0.5115412623414453
LF3aOFa4,word_part_speech,1,0.5070026588087859
LF3aOFa16,delta_volume,0,0.5133730158730159
LF3aOFa16,delta_volume,1,0.5395521541950113
LF3aOFa16,face_num,0,0.4640210624029705
LF3aOFa16,face_num,1,0.5145644275859861
LF3aOFa16,frame_brightness,0,0.5436734693877551
LF3aOFa16,frame_brightness,1,0.5229478458049887
LF3aOFa16,global_flow,0,0.45829365079365075
LF3aOFa16,global_flow,1,0.4494501133786848
LF3aOFa16,gpt2_surprisal,0,0.5094897959183673
LF3aOFa16,gpt2_surprisal,1,0.5075963718820862
LF3aOFa16,local_flow,0,0.47541950113378684
LF3aOFa16,local_flow,1,0.49322562358276645
LF3aOFa16,onset,0,0.555196854912764
LF3aOFa16,onset,1,0.6171229338842976
LF3aOFa16,pitch,0,0.5311167800453515
LF3aOFa16,pitch,1,0.5791666666666666
LF3aOFa16,speech,0,0.4897286396455701
LF3aOFa16,speech,1,0.5732291568707355
LF3aOFa16,volume,0,0.4647392290249433
LF3aOFa16,volume,1,0.4611111111111111
LF3aOFa16,word_gap,0,0.5072173151905784
LF3aOFa16,word_gap,1,0.521445054507838
LF3aOFa16,word_head_pos,0,0.5022517580431125
LF3aOFa16,word_head_pos,1,0.5043520056842523
LF3aOFa16,word_index,0,0.5362391870328378
LF3aOFa16,word_index,1,0.6043223873911705
LF3aOFa16,word_length,0,0.5216104102738948
LF3aOFa16,word_length,1,0.49174906239345384
LF3aOFa16,word_part_speech,0,0.48730715168758154
LF3aOFa16,word_part_speech,1,0.4793645955054277
LT2bHb1,delta_volume,0,0.5052267573696145
LT2bHb1,delta_volume,1,0.5006916099773243
LT2bHb1,face_num,0,0.48438725372513247
LT2bHb1,face_num,1,0.5103791552632001
LT2bHb1,frame_brightness,0,0.5404705215419501
LT2bHb1,frame_brightness,1,0.5462528344671201
LT2bHb1,global_flow,0,0.48853174603174604
LT2bHb1,global_flow,1,0.4645238095238095
LT2bHb1,gpt2_surprisal,0,0.4792233560090703
LT2bHb1,gpt2_surprisal,1,0.48331632653061224
LT2bHb1,local_flow,0,0.5167120181405895
LT2bHb1,local_flow,1,0.5148412698412698
LT2bHb1,onset,0,0.5672348484848484
LT2bHb1,onset,1,0.5212350780532599
LT2bHb1,pitch,0,0.49659297052154194
LT2bHb1,pitch,1,0.47636054421768714
LT2bHb1,speech,0,0.5198060666854749
LT2bHb1,speech,1,0.49958204027041997
LT2bHb1,volume,0,0.5079195011337868
LT2bHb1,volume,1,0.4599603174603175
LT2bHb1,word_gap,0,0.48276438290761514
LT2bHb1,word_gap,1,0.4728097397947004
LT2bHb1,word_head_pos,0,0.4861341859711817
LT2bHb1,word_head_pos,1,0.4881142701900672
LT2bHb1,word_index,0,0.5197782816830436
LT2bHb1,word_index,1,0.5866017188768511
LT2bHb1,word_length,0,0.5059268098647574
LT2bHb1,word_length,1,0.5348960109103307
LT2bHb1,word_part_speech,0,0.510271130755813
LT2bHb1,word_part_speech,1,0.5208894308116988
LT1cCd1,delta_volume,0,0.5098866213151927
LT1cCd1,delta_volume,1,0.5289569160997732
LT1cCd1,face_num,0,0.5298570765512716
LT1cCd1,face_num,1,0.5194539139898529
LT1cCd1,frame_brightness,0,0.5214795918367346
LT1cCd1,frame_brightness,1,0.5172789115646259
LT1cCd1,global_flow,0,0.49809523809523804
LT1cCd1,global_flow,1,0.4792290249433106
LT1cCd1,gpt2_surprisal,0,0.5021825396825397
LT1cCd1,gpt2_surprisal,1,0.48461451247165527
LT1cCd1,local_flow,0,0.5249433106575964
LT1cCd1,local_flow,1,0.52640589569161
LT1cCd1,onset,0,0.5392992424242424
LT1cCd1,onset,1,0.548108930211203
LT1cCd1,pitch,0,0.5061904761904761
LT1cCd1,pitch,1,0.5123809523809524
LT1cCd1,speech,0,0.5540369685380813
LT1cCd1,speech,1,0.5300460800601862
LT1cCd1,volume,0,0.4467573696145125
LT1cCd1,volume,1,0.44378684807256236
LT1cCd1,word_gap,0,0.4940479032386409
LT1cCd1,word_gap,1,0.504312882947402
LT1cCd1,word_head_pos,0,0.516744511666301
LT1cCd1,word_head_pos,1,0.5134687522857173
LT1cCd1,word_index,0,0.47871000251952633
LT1cCd1,word_index,1,0.5133674869124605
LT1cCd1,word_length,0,0.5131605864302762
LT1cCd1,word_length,1,0.49401636549607914
LT1cCd1,word_part_speech,0,0.5115920676048705
LT1cCd1,word_part_speech,1,0.4645125234974343
LT1cCd13,delta_volume,0,0.5279478458049887
LT1cCd13,delta_volume,1,0.4948696145124717
LT1cCd13,face_num,0,0.495382596309278
LT1cCd13,face_num,1,0.5215825610985739
LT1cCd13,frame_brightness,0,0.49603741496598636
LT1cCd13,frame_brightness,1,0.4833673469387755
LT1cCd13,global_flow,0,0.4617176870748299
LT1cCd13,global_flow,1,0.4867517006802721
LT1cCd13,gpt2_surprisal,0,0.5107539682539682
LT1cCd13,gpt2_surprisal,1,0.5135204081632653
LT1cCd13,local_flow,0,0.5269557823129252
LT1cCd13,local_flow,1,0.5045238095238095
LT1cCd13,onset,0,0.5700327134986226
LT1cCd13,onset,1,0.5427427685950412
LT1cCd13,pitch,0,0.4886734693877551
LT1cCd13,pitch,1,0.5386961451247165
LT1cCd13,speech,0,0.5222250086204194
LT1cCd13,speech,1,0.5145241006029069
LT1cCd13,volume,0,0.4687074829931973
LT1cCd13,volume,1,0.48995464852607706
LT1cCd13,word_gap,0,0.46694517386806716
LT1cCd13,word_gap,1,0.49363412111084587
LT1cCd13,word_head_pos,0,0.4901779463548687
LT1cCd13,word_head_pos,1,0.5063007429234193
LT1cCd13,word_index,0,0.5166988606142046
LT1cCd13,word_index,1,0.5083564289913496
LT1cCd13,word_length,0,0.49116376861006933
LT1cCd13,word_length,1,0.5148539606773497
LT1cCd13,word_part_speech,0,0.5225321343291165
LT1cCd13,word_part_speech,1,0.5114227167267863
LF3cIc1,delta_volume,0,0.5485544217687075
LF3cIc1,delta_volume,1,0.5328401360544218
LF3cIc1,face_num,0,0.4701029112850307
LF3cIc1,face_num,1,0.5187657047742513
LF3cIc1,frame_brightness,0,0.5076530612244898
LF3cIc1,frame_brightness,1,0.51
LF3cIc1,global_flow,0,0.4731179138321996
LF3cIc1,global_flow,1,0.47278344671201816
LF3cIc1,gpt2_surprisal,0,0.5081349206349206
LF3cIc1,gpt2_surprisal,1,0.49984693877551023
LF3cIc1,local_flow,0,0.5041213151927437
LF3cIc1,local_flow,1,0.5350736961451247
LF3cIc1,onset,0,0.5214359504132231
LF3cIc1,onset,1,0.5459567263544536
LF3cIc1,pitch,0,0.5087925170068027
LF3cIc1,pitch,1,0.5132993197278912
LF3cIc1,speech,0,0.5234632143193003
LF3cIc1,speech,1,0.5169064710615132
LF3cIc1,volume,0,0.5075907029478458
LF3cIc1,volume,1,0.5054761904761905
LF3cIc1,word_gap,0,0.5181507121827008
LF3cIc1,word_gap,1,0.5300946924484762
LF3cIc1,word_head_pos,0,0.5198217401753341
LF3cIc1,word_head_pos,1,0.5463047135408504
LF3cIc1,word_index,0,0.475546597239719
LF3cIc1,word_index,1,0.45933764452282977
LF3cIc1,word_length,0,0.49841459256733717
LF3cIc1,word_length,1,0.4913285600636436
LF3cIc1,word_part_speech,0,0.4776710867245847
LF3cIc1,word_part_speech,1,0.4697624007180477
LF1aCaOF3,delta_volume,0,0.5300680272108844
LF1aCaOF3,delta_volume,1,0.543843537414966
LF1aCaOF3,face_num,0,0.49643091499815944
LF1aCaOF3,face_num,1,0.4887885917318865
LF1aCaOF3,frame_brightness,0,0.5047448979591836
LF1aCaOF3,frame_brightness,1,0.5302777777777777
LF1aCaOF3,global_flow,0,0.46564058956916105
LF1aCaOF3,global_flow,1,0.4666950113378685
LF1aCaOF3,gpt2_surprisal,0,0.4965702947845805
LF1aCaOF3,gpt2_surprisal,1,0.5073582766439909
LF1aCaOF3,local_flow,0,0.5011281179138322
LF1aCaOF3,local_flow,1,0.514546485260771
LF1aCaOF3,onset,0,0.5285095270890725
LF1aCaOF3,onset,1,0.5486398071625345
LF1aCaOF3,pitch,0,0.4989625850340136
LF1aCaOF3,pitch,1,0.5398072562358276
LF1aCaOF3,speech,0,0.5043311076977733
LF1aCaOF3,speech,1,0.5052349456129903
LF1aCaOF3,volume,0,0.46175170068027205
LF1aCaOF3,volume,1,0.43407596371882085
LF1aCaOF3,word_gap,0,0.5222567040662052
LF1aCaOF3,word_gap,1,0.516304607304846
LF1aCaOF3,word_head_pos,0,0.4853766339613178
LF1aCaOF3,word_head_pos,1,0.5191843515877246
LF1aCaOF3,word_index,0,0.5104560342655581
LF1aCaOF3,word_index,1,0.5095881974188853
LF1aCaOF3,word_length,0,0.4907319013524264
LF1aCaOF3,word_length,1,0.5152176383679964
LF1aCaOF3,word_part_speech,0,0.46796728141035404
LF1aCaOF3,word_part_speech,1,0.4739623024945384
LF1aCaOF15,delta_volume,0,0.5288378684807256
LF1aCaOF15,delta_volume,1,0.5243990929705216
LF1aCaOF15,face_num,0,0.5030569293065092
LF1aCaOF15,face_num,1,0.48799635089067084
LF1aCaOF15,frame_brightness,0,0.5284580498866214
LF1aCaOF15,frame_brightness,1,0.5462755102040816
LF1aCaOF15,global_flow,0,0.4935770975056689
LF1aCaOF15,global_flow,1,0.46442743764172334
LF1aCaOF15,gpt2_surprisal,0,0.503843537414966
LF1aCaOF15,gpt2_surprisal,1,0.5082936507936507
LF1aCaOF15,local_flow,0,0.49452947845804984
LF1aCaOF15,local_flow,1,0.504546485260771
LF1aCaOF15,onset,0,0.5192980945821855
LF1aCaOF15,onset,1,0.5641213269054178
LF1aCaOF15,pitch,0,0.49923469387755104
LF1aCaOF15,pitch,1,0.5336961451247166
LF1aCaOF15,speech,0,0.5528823547851165
LF1aCaOF15,speech,1,0.5670511896178803
LF1aCaOF15,volume,0,0.46535714285714286
LF1aCaOF15,volume,1,0.44739229024943306
LF1aCaOF15,word_gap,0,0.513050051722766
LF1aCaOF15,word_gap,1,0.5027373279223363
LF1aCaOF15,word_head_pos,0,0.49077876346614
LF1aCaOF15,word_head_pos,1,0.5137352016133245
LF1aCaOF15,word_index,0,0.49519890260630994
LF1aCaOF15,word_index,1,0.48279723411998543
LF1aCaOF15,word_length,0,0.5121775201727469
LF1aCaOF15,word_length,1,0.5047789521536539
LF1aCaOF15,word_part_speech,0,0.4426831953123677
LF1aCaOF15,word_part_speech,1,0.446629070771732
RF1aCaOF11,delta_volume,0,0.5933560090702947
RF1aCaOF11,delta_volume,1,0.5946825396825397
RF1aCaOF11,face_num,0,0.5012563819401098
RF1aCaOF11,face_num,1,0.5156367535730862
RF1aCaOF11,frame_brightness,0,0.5073639455782313
RF1aCaOF11,frame_brightness,1,0.5201303854875283
RF1aCaOF11,global_flow,0,0.5043650793650793
RF1aCaOF11,global_flow,1,0.4694331065759637
RF1aCaOF11,gpt2_surprisal,0,0.5658673469387756
RF1aCaOF11,gpt2_surprisal,1,0.5388548752834467
RF1aCaOF11,local_flow,0,0.5065362811791383
RF1aCaOF11,local_flow,1,0.4984637188208617
RF1aCaOF11,onset,0,0.5419679752066116
RF1aCaOF11,onset,1,0.5464589072543619
RF1aCaOF11,pitch,0,0.5010600907029479
RF1aCaOF11,pitch,1,0.5323809523809523
RF1aCaOF11,speech,0,0.5017084103946585
RF1aCaOF11,speech,1,0.4971735473287149
RF1aCaOF11,volume,0,0.4934467120181406
RF1aCaOF11,volume,1,0.46331632653061217
RF1aCaOF11,word_gap,0,0.5153974695631416
RF1aCaOF11,word_gap,1,0.5310575316304608
RF1aCaOF11,word_head_pos,0,0.4993103664461929
RF1aCaOF11,word_head_pos,1,0.5156682653626323
RF1aCaOF11,word_index,0,0.5334677080708827
RF1aCaOF11,word_index,1,0.5114078553231993
RF1aCaOF11,word_length,0,0.5141607000795545
RF1aCaOF11,word_length,1,0.48743607228094105
RF1aCaOF11,word_part_speech,0,0.5351995800098224
RF1aCaOF11,word_part_speech,1,0.5236667852122813
LF1bCb7,delta_volume,0,0.5777040816326531
LF1bCb7,delta_volume,1,0.5353061224489796
LF1bCb7,face_num,0,0.5019685984539299
LF1bCb7,face_num,1,0.50053616299355
LF1bCb7,frame_brightness,0,0.5008560090702948
LF1bCb7,frame_brightness,1,0.4938095238095238
LF1bCb7,global_flow,0,0.48336167800453517
LF1bCb7,global_flow,1,0.4912698412698413
LF1bCb7,gpt2_surprisal,0,0.5230498866213152
LF1bCb7,gpt2_surprisal,1,0.5075000000000001
LF1bCb7,local_flow,0,0.533202947845805
LF1bCb7,local_flow,1,0.5230498866213151
LF1bCb7,onset,0,0.5469323921028467
LF1bCb7,onset,1,0.569501836547291
LF1bCb7,pitch,0,0.5139965986394558
LF1bCb7,pitch,1,0.4858673469387755
LF1bCb7,speech,0,0.4737469044857528
LF1bCb7,speech,1,0.5095974002904821
LF1bCb7,volume,0,0.5009353741496598
LF1bCb7,volume,1,0.47145124716553294
LF1bCb7,word_gap,0,0.4699848810376382
LF1bCb7,word_gap,1,0.5042969682501791
LF1bCb7,word_head_pos,0,0.5015777979791647
LF1bCb7,word_head_pos,1,0.5187925143412433
LF1bCb7,word_index,0,0.5033453710702389
LF1bCb7,word_index,1,0.536939055457574
LF1bCb7,word_length,0,0.5411012615069895
LF1bCb7,word_length,1,0.5386862143425389
LF1bCb7,word_part_speech,0,0.5075276465308473
LF1bCb7,word_part_speech,1,0.47323409371877595
RF1bCb9,delta_volume,0,0.5656519274376417
RF1bCb9,delta_volume,1,0.5436734693877551
RF1bCb9,face_num,0,0.5152366319361086
RF1bCb9,face_num,1,0.4888366063283238
RF1bCb9,frame_brightness,0,0.5313775510204082
RF1bCb9,frame_brightness,1,0.5066099773242632
RF1bCb9,global_flow,0,0.5000850340136054
RF1bCb9,global_flow,1,0.4885827664399093
RF1bCb9,gpt2_surprisal,0,0.4924943310657596
RF1bCb9,gpt2_surprisal,1,0.530969387755102
RF1bCb9,local_flow,0,0.5378968253968254
RF1bCb9,local_flow,1,0.5111167800453514
RF1bCb9,onset,0,0.5603549701561066
RF1bCb9,onset,1,0.5629304407713498
RF1bCb9,pitch,0,0.5062811791383219
RF1bCb9,pitch,1,0.5186621315192744
RF1bCb9,speech,0,0.49226252050614927
RF1bCb9,speech,1,0.5072463768115942
RF1bCb9,volume,0,0.4979138321995465
RF1bCb9,volume,1,0.4807482993197279
RF1bCb9,word_gap,0,0.48732394366197185
RF1bCb9,word_gap,1,0.49539269515397477
RF1bCb9,word_head_pos,0,0.49980669362506924
RF1bCb9,word_head_pos,1,0.5204173327899857
RF1bCb9,word_index,0,0.5182105764116345
RF1bCb9,word_index,1,0.5350634080792811
RF1bCb9,word_length,0,0.5024434594840322
RF1bCb9,word_length,1,0.5250142061597909
RF1bCb9,word_part_speech,0,0.4876119832681332
RF1bCb9,word_part_speech,1,0.44439363918101915
LF1cCc11,delta_volume,0,0.5622732426303855
LF1cCc11,delta_volume,1,0.5100736961451247
LF1cCc11,face_num,0,0.47275171652182263
LF1cCc11,face_num,1,0.45691490213024755
LF1cCc11,frame_brightness,0,0.5232993197278911
LF1cCc11,frame_brightness,1,0.4789285714285714
LF1cCc11,global_flow,0,0.4810544217687075
LF1cCc11,global_flow,1,0.46744331065759637
LF1cCc11,gpt2_surprisal,0,0.45524943310657595
LF1cCc11,gpt2_surprisal,1,0.48119614512471653
LF1cCc11,local_flow,0,0.5044444444444445
LF1cCc11,local_flow,1,0.5193424036281179
LF1cCc11,onset,0,0.5175763314967861
LF1cCc11,onset,1,0.5501965679522498
LF1cCc11,pitch,0,0.49358843537414965
LF1cCc11,pitch,1,0.5264002267573696
LF1cCc11,speech,0,0.4770383373561957
LF1cCc11,speech,1,0.4642853411073843
LF1cCc11,volume,0,0.5073866213151927
LF1cCc11,volume,1,0.4707596371882087
LF1cCc11,word_gap,0,0.5046630062863054
LF1cCc11,word_gap,1,0.5048460253043686
LF1cCc11,word_head_pos,0,0.5375014367365705
LF1cCc11,word_head_pos,1,0.5132127519513495
LF1cCc11,word_index,0,0.5750398925002099
LF1cCc11,word_index,1,0.5118277763780409
LF1cCc11,word_length,0,0.4824468689623821
LF1cCc11,word_length,1,0.5202409364700534
LF1cCc11,word_part_speech,0,0.5282731290961744
LF1cCc11,word_part_speech,1,0.5090687395214144
RF1cCc11,delta_volume,0,0.5195181405895692
RF1cCc11,delta_volume,1,0.5418310657596371
RF1cCc11,face_num,0,0.4824106528384629
RF1cCc11,face_num,1,0.4935260319137017
RF1cCc11,frame_brightness,0,0.5059126984126985
RF1cCc11,frame_brightness,1,0.4976473922902494
RF1cCc11,global_flow,0,0.48296485260770977
RF1cCc11,global_flow,1,0.46972789115646263
RF1cCc11,gpt2_surprisal,0,0.5345351473922902
RF1cCc11,gpt2_surprisal,1,0.5481122448979592
RF1cCc11,local_flow,0,0.5290022675736961
RF1cCc11,local_flow,1,0.4973809523809524
RF1cCc11,onset,0,0.5297721533516988
RF1cCc11,onset,1,0.5078483700642792
RF1cCc11,pitch,0,0.5256065759637188
RF1cCc11,pitch,1,0.5271938775510204
RF1cCc11,speech,0,0.47302069945560743
RF1cCc11,speech,1,0.486337941339352
RF1cCc11,volume,0,0.49127551020408167
RF1cCc11,volume,1,0.4417715419501134
RF1cCc11,word_gap,0,0.4847775921063101
RF1cCc11,word_gap,1,0.5056735895599586
RF1cCc11,word_head_pos,0,0.5011337157664859
RF1cCc11,word_head_pos,1,0.5311275508604746
RF1cCc11,word_index,0,0.5695249293132891
RF1cCc11,word_index,1,0.5359872343999328
RF1cCc11,word_length,0,0.5530117058756676
RF1cCc11,word_length,1,0.5248948744175475
RF1cCc11,word_part_speech,0,0.5160290606106792
RF1cCc11,word_part_speech,1,0.5010584429880269
LT2aA3,delta_volume,0,0.5525226757369615
LT2aA3,delta_volume,1,0.531281179138322
LT2aA3,face_num,0,0.49186952833661435
LT2aA3,face_num,1,0.5041292552936092
LT2aA3,frame_brightness,0,0.5255385487528345
LT2aA3,frame_brightness,1,0.538032879818594
LT2aA3,global_flow,0,0.4804705215419501
LT2aA3,global_flow,1,0.5181122448979592
LT2aA3,gpt2_surprisal,0,0.5060827664399092
LT2aA3,gpt2_surprisal,1,0.5297845804988661
LT2aA3,local_flow,0,0.48443877551020414
LT2aA3,local_flow,1,0.5069671201814059
LT2aA3,onset,0,0.5888573232323232
LT2aA3,onset,1,0.5567751377410468
LT2aA3,pitch,0,0.46336734693877546
LT2aA3,pitch,1,0.5150963718820861
LT2aA3,speech,0,0.5087771543211812
LT2aA3,speech,1,0.5213472931883013
LT2aA3,volume,0,0.49552154195011333
LT2aA3,volume,1,0.4874433106575964
LT2aA3,word_gap,0,0.5151110050131297
LT2aA3,word_gap,1,0.494803851356728
LT2aA3,word_head_pos,0,0.5024868603910013
LT2aA3,word_head_pos,1,0.48833369904809665
LT2aA3,word_index,0,0.5311721396377481
LT2aA3,word_index,1,0.5612944766383919
LT2aA3,word_length,0,0.475400613706103
LT2aA3,word_length,1,0.49511308103193546
LT2aA3,word_part_speech,0,0.49784077630442514
LT2aA3,word_part_speech,1,0.4930481464546394
LT3Ha3,delta_volume,0,0.5413548752834467
LT3Ha3,delta_volume,1,0.5239795918367347
LT3Ha3,face_num,0,0.5072502040620349
LT3Ha3,face_num,1,0.4558105664121893
LT3Ha3,frame_brightness,0,0.4820918367346939
LT3Ha3,frame_brightness,1,0.4944557823129252
LT3Ha3,global_flow,0,0.49401927437641724
LT3Ha3,global_flow,1,0.4999999999999999
LT3Ha3,gpt2_surprisal,0,0.4681122448979592
LT3Ha3,gpt2_surprisal,1,0.5164455782312926
LT3Ha3,local_flow,0,0.5160204081632653
LT3Ha3,local_flow,1,0.5573299319727891
LT3Ha3,onset,0,0.5333591597796143
LT3Ha3,onset,1,0.5392848943985308
LT3Ha3,pitch,0,0.4923185941043084
LT3Ha3,pitch,1,0.4906916099773243
LT3Ha3,speech,0,0.4892741084396518
LT3Ha3,speech,1,0.47360584307701953
LT3Ha3,volume,0,0.5090249433106576
LT3Ha3,volume,1,0.4538378684807256
LT3Ha3,word_gap,0,0.48189703190896793
LT3Ha3,word_gap,1,0.49450942945810455
LT3Ha3,word_head_pos,0,0.5027480852219888
LT3Ha3,word_head_pos,1,0.4715473914088377
LT3Ha3,word_index,0,0.5168388342991518
LT3Ha3,word_index,1,0.5252932448699645
LT3Ha3,word_length,0,0.5151608137288328
LT3Ha3,word_length,1,0.5173201500170475
LT3Ha3,word_part_speech,0,0.48854341309759686
LT3Ha3,word_part_speech,1,0.5105590272485563
LT1aIb2,delta_volume,0,0.568843537414966
LT1aIb2,delta_volume,1,0.5568027210884354
LT1aIb2,face_num,0,0.47086314239528815
LT1aIb2,face_num,1,0.47890558729853877
LT1aIb2,frame_brightness,0,0.5097675736961451
LT1aIb2,frame_brightness,1,0.5133956916099772
LT1aIb2,global_flow,0,0.4929024943310657
LT1aIb2,global_flow,1,0.5173242630385487
LT1aIb2,gpt2_surprisal,0,0.49175736961451244
LT1aIb2,gpt2_surprisal,1,0.4950680272108844
LT1aIb2,local_flow,0,0.4925453514739229
LT1aIb2,local_flow,1,0.5224149659863946
LT1aIb2,onset,0,0.5441488751147843
LT1aIb2,onset,1,0.560376492194674
LT1aIb2,pitch,0,0.5000963718820862
LT1aIb2,pitch,1,0.49728458049886626
LT1aIb2,speech,0,0.4958726476703969
LT1aIb2,speech,1,0.49763852752787274
LT1aIb2,volume,0,0.49659297052154194
LT1aIb2,volume,1,0.49195578231292514
LT1aIb2,word_gap,0,0.5357444099626004
LT1aIb2,word_gap,1,0.5256544919232912
LT1aIb2,word_head_pos,0,0.4851572051032883
LT1aIb2,word_head_pos,1,0.49748179262928016
LT1aIb2,word_index,0,0.5320119817474315
LT1aIb2,word_index,1,0.5243694185493127
LT1aIb2,word_length,0,0.5453233321968405
LT1aIb2,word_length,1,0.5041141038754404
LT1aIb2,word_part_speech,0,0.49186269030804924
LT1aIb2,word_part_speech,1,0.48476688851631694
LF3aOFa5,delta_volume,0,0.539297052154195
LF3aOFa5,delta_volume,1,0.5410260770975056
LF3aOFa5,face_num,0,0.4904931099054112
LF3aOFa5,face_num,1,0.48449928778348617
LF3aOFa5,frame_brightness,0,0.5362925170068027
LF3aOFa5,frame_brightness,1,0.5304024943310657
LF3aOFa5,global_flow,0,0.47376984126984123
LF3aOFa5,global_flow,1,0.4725566893424037
LF3aOFa5,gpt2_surprisal,0,0.5083786848072562
LF3aOFa5,gpt2_surprisal,1,0.49597505668934244
LF3aOFa5,local_flow,0,0.5385515873015874
LF3aOFa5,local_flow,1,0.5316326530612245
LF3aOFa5,onset,0,0.5031565656565656
LF3aOFa5,onset,1,0.5280360422405876
LF3aOFa5,pitch,0,0.5107482993197279
LF3aOFa5,pitch,1,0.5077891156462585
LF3aOFa5,speech,0,0.4840339383300419
LF3aOFa5,speech,1,0.47981254506128335
LF3aOFa5,volume,0,0.46999433106575966
LF3aOFa5,volume,1,0.48706916099773245
LF3aOFa5,word_gap,0,0.5239118325773853
LF3aOFa5,word_gap,1,0.5156600620673192
LF3aOFa5,word_head_pos,0,0.4883545970345756
LF3aOFa5,word_head_pos,1,0.4852251235593451
LF3aOFa5,word_index,0,0.5175946921978668
LF3aOFa5,word_index,1,0.53562330281907
LF3aOFa5,word_length,0,0.48936811001250136
LF3aOFa5,word_length,1,0.48516308671439934
LF3aOFa5,word_part_speech,0,0.5018374570272147
LF3aOFa5,word_part_speech,1,0.5206523395823807
LF3bIa1,delta_volume,0,0.5433730158730159
LF3bIa1,delta_volume,1,0.5396371882086167
LF3bIa1,face_num,0,0.4787135289127895
LF3bIa1,face_num,1,0.4852595188937437
LF3bIa1,frame_brightness,0,0.5251984126984126
LF3bIa1,frame_brightness,1,0.5449263038548753
LF3bIa1,global_flow,0,0.4405102040816327
LF3bIa1,global_flow,1,0.44907596371882086
LF3bIa1,gpt2_surprisal,0,0.47719387755102044
LF3bIa1,gpt2_surprisal,1,0.5319897959183673
LF3bIa1,local_flow,0,0.46935941043083895
LF3bIa1,local_flow,1,0.5000226757369615
LF3bIa1,onset,0,0.5436897382920111
LF3bIa1,onset,1,0.5389835858585859
LF3bIa1,pitch,0,0.4604081632653062
LF3bIa1,pitch,1,0.5164965986394559
LF3bIa1,speech,0,0.5358452713081094
LF3bIa1,speech,1,0.5441260984504143
LF3bIa1,volume,0,0.4777891156462585
LF3bIa1,volume,1,0.44239229024943305
LF3bIa1,word_gap,0,0.49635553433595925
LF3bIa1,word_gap,1,0.5083074719503462
LF3bIa1,word_head_pos,0,0.47719507225478824
LF3bIa1,word_head_pos,1,0.48352193766130636
LF3bIa1,word_index,0,0.5362391870328378
LF3bIa1,word_index,1,0.5641499398113154
LF3bIa1,word_length,0,0.5017217865666552
LF3bIa1,word_length,1,0.5029605637004205
LF3bIa1,word_part_speech,0,0.511846093921997
LF3bIa1,word_part_speech,1,0.5109824044437671
LT2bHb2,delta_volume,0,0.5319104308390022
LT2bHb2,delta_volume,1,0.5322619047619047
LT2bHb2,face_num,0,0.48601174757126164
LT2bHb2,face_num,1,0.4971991485411565
LT2bHb2,frame_brightness,0,0.5199433106575964
LT2bHb2,frame_brightness,1,0.5177409297052153
LT2bHb2,global_flow,0,0.49189909297052153
LT2bHb2,global_flow,1,0.4879875283446712
LT2bHb2,gpt2_surprisal,0,0.5092006802721089
LT2bHb2,gpt2_surprisal,1,0.5213378684807256
LT2bHb2,local_flow,0,0.5194501133786849
LT2bHb2,local_flow,1,0.4735997732426304
LT2bHb2,onset,0,0.5422692837465565
LT2bHb2,onset,1,0.5779241276400368
LT2bHb2,pitch,0,0.4988662131519274
LT2bHb2,pitch,1,0.5100850340136054
LT2bHb2,speech,0,0.47042412463559136
LT2bHb2,speech,1,0.500146285905353
LT2bHb2,volume,0,0.5027607709750567
LT2bHb2,volume,1,0.5026700680272109
LT2bHb2,word_gap,0,0.484324023235458
LT2bHb2,word_gap,1,0.5029919630779025
LT2bHb2,word_head_pos,0,0.4933596647962969
LT2bHb2,word_head_pos,1,0.4807398932112891
LT2bHb2,word_index,0,0.5242854343383444
LT2bHb2,word_index,1,0.5138993869152599
LT2bHb2,word_length,0,0.5170985339243096
LT2bHb2,word_length,1,0.5241845664280032
LT2bHb2,word_part_speech,0,0.5048180324814984
LT2bHb2,word_part_speech,1,0.4729461972260326
LT1cCd2,delta_volume,0,0.5436054421768708
LT1cCd2,delta_volume,1,0.553078231292517
LT1cCd2,face_num,0,0.5130839775291689
LT1cCd2,face_num,1,0.4941102095036891
LT1cCd2,frame_brightness,0,0.5041439909297052
LT1cCd2,frame_brightness,1,0.5189002267573697
LT1cCd2,global_flow,0,0.5151757369614512
LT1cCd2,global_flow,1,0.5057369614512471
LT1cCd2,gpt2_surprisal,0,0.5076927437641723
LT1cCd2,gpt2_surprisal,1,0.49236961451247163
LT1cCd2,local_flow,0,0.5110827664399094
LT1cCd2,local_flow,1,0.5194671201814058
LT1cCd2,onset,0,0.5503759182736456
LT1cCd2,onset,1,0.5360709366391185
LT1cCd2,pitch,0,0.49959750566893424
LT1cCd2,pitch,1,0.5091950113378685
LT1cCd2,speech,0,0.5196754542699811
LT1cCd2,speech,1,0.5004754291923973
LT1cCd2,volume,0,0.4664285714285714
LT1cCd2,volume,1,0.47446712018140585
LT1cCd2,word_gap,0,0.4936739078539031
LT1cCd2,word_gap,1,0.512636269594971
LT1cCd2,word_head_pos,0,0.4982915896053415
LT1cCd2,word_head_pos,1,0.4971160778658976
LT1cCd2,word_index,0,0.4805016656868509
LT1cCd2,word_index,1,0.5259931132947007
LT1cCd2,word_length,0,0.5256620070462552
LT1cCd2,word_length,1,0.5027730423911807
LT1cCd2,word_part_speech,0,0.5200765465968941
LT1cCd2,word_part_speech,1,0.4653592778878558
LT1cCd14,delta_volume,0,0.5229421768707482
LT1cCd14,delta_volume,1,0.4942857142857143
LT1cCd14,face_num,0,0.49777532369840427
LT1cCd14,face_num,1,0.5138842208031241
LT1cCd14,frame_brightness,0,0.5186961451247165
LT1cCd14,frame_brightness,1,0.5211734693877552
LT1cCd14,global_flow,0,0.44896825396825396
LT1cCd14,global_flow,1,0.44814625850340134
LT1cCd14,gpt2_surprisal,0,0.5243140589569161
LT1cCd14,gpt2_surprisal,1,0.5392006802721088
LT1cCd14,local_flow,0,0.5244557823129252
LT1cCd14,local_flow,1,0.48392857142857143
LT1cCd14,onset,0,0.5609073691460056
LT1cCd14,onset,1,0.5547520661157025
LT1cCd14,pitch,0,0.4862018140589569
LT1cCd14,pitch,1,0.5542630385487528
LT1cCd14,speech,0,0.5332016760185156
LT1cCd14,speech,1,0.5106788710907705
LT1cCd14,volume,0,0.4665986394557823
LT1cCd14,volume,1,0.44803287981859413
LT1cCd14,word_gap,0,0.46766929259170836
LT1cCd14,word_gap,1,0.47520490172674473
LT1cCd14,word_head_pos,0,0.49426350271151376
LT1cCd14,word_head_pos,1,0.49424782922165456
LT1cCd14,word_index,0,0.5255451975028694
LT1cCd14,word_index,1,0.5154950869236583
LT1cCd14,word_length,0,0.486265484714172
LT1cCd14,word_length,1,0.5073701556995113
LT1cCd14,word_part_speech,0,0.5077308675845484
LT1cCd14,word_part_speech,1,0.5010923131636438
LF3cIc2,delta_volume,0,0.5621031746031746
LF3cIc2,delta_volume,1,0.564234693877551
LF3cIc2,face_num,0,0.47707303020118125
LF3cIc2,face_num,1,0.5040092188025159
LF3cIc2,frame_brightness,0,0.5314569160997732
LF3cIc2,frame_brightness,1,0.523327664399093
LF3cIc2,global_flow,0,0.4446315192743764
LF3cIc2,global_flow,1,0.4739965986394558
LF3cIc2,gpt2_surprisal,0,0.5256462585034014
LF3cIc2,gpt2_surprisal,1,0.5055442176870748
LF3cIc2,local_flow,0,0.4791609977324264
LF3cIc2,local_flow,1,0.49847505668934244
LF3cIc2,onset,0,0.571496212121212
LF3cIc2,onset,1,0.5736914600550964
LF3cIc2,pitch,0,0.48965419501133783
LF3cIc2,pitch,1,0.5224263038548753
LF3cIc2,speech,0,0.5209188844654817
LF3cIc2,speech,1,0.5201456589657587
LF3cIc2,volume,0,0.4989909297052154
LF3cIc2,volume,1,0.48948412698412697
LF3cIc2,word_gap,0,0.4938012254316862
LF3cIc2,word_gap,1,0.510280894405984
LF3cIc2,word_head_pos,0,0.5161436945550296
LF3cIc2,word_head_pos,1,0.5369319666050176
LF3cIc2,word_index,0,0.5278967554099829
LF3cIc2,word_index,1,0.5160269869264578
LF3cIc2,word_length,0,0.4806455279008978
LF3cIc2,word_length,1,0.49287987271280825
LF3cIc2,word_part_speech,0,0.4626665989263154
LF3cIc2,word_part_speech,1,0.4696777252790056
LF1aCaOF4,delta_volume,0,0.540657596371882
LF1aCaOF4,delta_volume,1,0.5359750566893424
LF1aCaOF4,face_num,0,0.5440453897984987
LF1aCaOF4,face_num,1,0.4994478321409708
LF1aCaOF4,frame_brightness,0,0.5040532879818593
LF1aCaOF4,frame_brightness,1,0.5167573696145125
LF1aCaOF4,global_flow,0,0.4790079365079365
LF1aCaOF4,global_flow,1,0.47302721088435373
LF1aCaOF4,gpt2_surprisal,0,0.5132312925170068
LF1aCaOF4,gpt2_surprisal,1,0.49728458049886615
LF1aCaOF4,local_flow,0,0.49494897959183676
LF1aCaOF4,local_flow,1,0.5210941043083901
LF1aCaOF4,onset,0,0.5553116391184573
LF1aCaOF4,onset,1,0.5688131313131314
LF1aCaOF4,pitch,0,0.4941780045351474
LF1aCaOF4,pitch,1,0.5275340136054422
LF1aCaOF4,speech,0,0.49135868259093235
LF1aCaOF4,speech,1,0.4989603251726696
LF1aCaOF4,volume,0,0.4663690476190476
LF1aCaOF4,volume,1,0.45247732426303855
LF1aCaOF4,word_gap,0,0.5190021484841251
LF1aCaOF4,word_gap,1,0.528511180074799
LF1aCaOF4,word_head_pos,0,0.502199513076915
LF1aCaOF4,word_head_pos,1,0.49839607953773657
LF1aCaOF4,word_index,0,0.5065647658240251
LF1aCaOF4,word_index,1,0.5109319447943786
LF1aCaOF4,word_length,0,0.49624389135128993
LF1aCaOF4,word_length,1,0.48658370269348794
LF1aCaOF4,word_part_speech,0,0.48027909024708293
LF1aCaOF4,word_part_speech,1,0.49763755525072395
LF1aCaOF16,delta_volume,0,0.5328514739229026
LF1aCaOF16,delta_volume,1,0.5302380952380953
LF1aCaOF16,face_num,0,0.4758326531265505
LF1aCaOF16,face_num,1,0.4907972023495142
LF1aCaOF16,frame_brightness,0,0.5165022675736961
LF1aCaOF16,frame_brightness,1,0.5233730158730158
LF1aCaOF16,global_flow,0,0.47318027210884356
LF1aCaOF16,global_flow,1,0.4684183673469388
LF1aCaOF16,gpt2_surprisal,0,0.5083503401360544
LF1aCaOF16,gpt2_surprisal,1,0.5102097505668934
LF1aCaOF16,local_flow,0,0.4939965986394558
LF1aCaOF16,local_flow,1,0.5158219954648526
LF1aCaOF16,onset,0,0.5252094811753902
LF1aCaOF16,onset,1,0.5413653581267218
LF1aCaOF16,pitch,0,0.5000340136054422
LF1aCaOF16,pitch,1,0.5334467120181405
LF1aCaOF16,speech,0,0.5301244475094825
LF1aCaOF16,speech,1,0.5565133799358433
LF1aCaOF16,volume,0,0.46678004535147394
LF1aCaOF16,volume,1,0.4480952380952381
LF1aCaOF16,word_gap,0,0.522272618763428
LF1aCaOF16,word_gap,1,0.508196069069786
LF1aCaOF16,word_head_pos,0,0.478960952112264
LF1aCaOF16,word_head_pos,1,0.5157727552950273
LF1aCaOF16,word_index,0,0.4833011393857955
LF1aCaOF16,word_index,1,0.5065927605610145
LF1aCaOF16,word_length,0,0.5226218888510059
LF1aCaOF16,word_length,1,0.5083304921013752
LF1aCaOF16,word_part_speech,0,0.4396179444190419
LF1aCaOF16,word_part_speech,1,0.4570441497739166
RF1aCaOF12,delta_volume,0,0.5856349206349207
RF1aCaOF12,delta_volume,1,0.5599036281179138
RF1aCaOF12,face_num,0,0.49883964725276486
RF1aCaOF12,face_num,1,0.525159648533154
RF1aCaOF12,frame_brightness,0,0.49636054421768705
RF1aCaOF12,frame_brightness,1,0.5303854875283447
RF1aCaOF12,global_flow,0,0.5183730158730159
RF1aCaOF12,global_flow,1,0.5018877551020408
RF1aCaOF12,gpt2_surprisal,0,0.5551473922902495
RF1aCaOF12,gpt2_surprisal,1,0.531842403628118
RF1aCaOF12,local_flow,0,0.5139342403628118
RF1aCaOF12,local_flow,1,0.5166439909297053
RF1aCaOF12,onset,0,0.5497589531680441
RF1aCaOF12,onset,1,0.5312356519742882
RF1aCaOF12,pitch,0,0.495
RF1aCaOF12,pitch,1,0.5141553287981859
RF1aCaOF12,speech,0,0.5162481844874246
RF1aCaOF12,speech,1,0.5008568174456391
RF1aCaOF12,volume,0,0.4783106575963719
RF1aCaOF12,volume,1,0.49017006802721086
RF1aCaOF12,word_gap,0,0.5034455319487546
RF1aCaOF12,word_gap,1,0.511450624651866
RF1aCaOF12,word_head_pos,0,0.5106318506211927
RF1aCaOF12,word_head_pos,1,0.5277107300711577
RF1aCaOF12,word_index,0,0.5283166764648246
RF1aCaOF12,word_index,1,0.5200582290529381
RF1aCaOF12,word_length,0,0.5167405386975793
RF1aCaOF12,word_length,1,0.48810660302307085
RF1aCaOF12,word_part_speech,0,0.5316940168334773
RF1aCaOF12,word_part_speech,1,0.5206184694067639
LF1bCb8,delta_volume,0,0.5825056689342403
LF1bCb8,delta_volume,1,0.5590079365079365
LF1bCb8,face_num,0,0.5028008514588435
LF1bCb8,face_num,1,0.5030569293065091
LF1bCb8,frame_brightness,0,0.5227721088435374
LF1bCb8,frame_brightness,1,0.5217233560090702
LF1bCb8,global_flow,0,0.4680498866213152
LF1bCb8,global_flow,1,0.48497165532879827
LF1bCb8,gpt2_surprisal,0,0.5180498866213152
LF1bCb8,gpt2_surprisal,1,0.4950340136054422
LF1bCb8,local_flow,0,0.5068027210884354
LF1bCb8,local_flow,1,0.49471088435374144
LF1bCb8,onset,0,0.5399018595041322
LF1bCb8,onset,1,0.517275022956841
LF1bCb8,pitch,0,0.5072619047619048
LF1bCb8,pitch,1,0.48372448979591837
LF1bCb8,speech,0,0.4728273930806767
LF1bCb8,speech,1,0.48585206315371515
LF1bCb8,volume,0,0.5203401360544219
LF1bCb8,volume,1,0.5059807256235828
LF1bCb8,word_gap,0,0.5284952653775762
LF1bCb8,word_gap,1,0.5244449749343518
LF1bCb8,word_head_pos,0,0.5125074449076832
LF1bCb8,word_head_pos,1,0.5286563639593325
LF1bCb8,word_index,0,0.5329638028050727
LF1bCb8,word_index,1,0.5304722712130119
LF1bCb8,word_length,0,0.5384532333219684
LF1bCb8,word_length,1,0.5127912262757132
LF1bCb8,word_part_speech,0,0.4286778776947959
LF1bCb8,word_part_speech,1,0.46718826737116625
RF1bCb10,delta_volume,0,0.5795918367346939
RF1bCb10,delta_volume,1,0.553078231292517
RF1bCb10,face_num,0,0.5192698580368432
RF1bCb10,face_num,1,0.48067412493398
RF1bCb10,frame_brightness,0,0.5222789115646258
RF1bCb10,frame_brightness,1,0.5124773242630385
RF1bCb10,global_flow,0,0.5086337868480726
RF1bCb10,global_flow,1,0.4786848072562358
RF1bCb10,gpt2_surprisal,0,0.5054818594104309
RF1bCb10,gpt2_surprisal,1,0.5244444444444445
RF1bCb10,local_flow,0,0.546077097505669
RF1bCb10,local_flow,1,0.4997845804988662
RF1bCb10,onset,0,0.55723427456382
RF1bCb10,onset,1,0.5538911845730028
RF1bCb10,pitch,0,0.515907029478458
RF1bCb10,pitch,1,0.5157369614512471
RF1bCb10,speech,0,0.47190788167560055
RF1bCb10,speech,1,0.4779003792984546
RF1bCb10,volume,0,0.5220918367346938
RF1bCb10,volume,1,0.533968253968254
RF1bCb10,word_gap,0,0.4799236094533302
RF1bCb10,word_gap,1,0.49313280814832494
RF1bCb10,word_head_pos,0,0.4878269228759809
RF1bCb10,word_head_pos,1,0.5279301589291872
RF1bCb10,word_index,0,0.5641779345483049
RF1bCb10,word_index,1,0.5345035133394922
RF1bCb10,word_length,0,0.5236049551085351
RF1bCb10,word_length,1,0.502534378906694
RF1bCb10,word_part_speech,0,0.49233687276668525
RF1bCb10,word_part_speech,1,0.458398956798591
LF1cCc12,delta_volume,0,0.5893140589569161
LF1cCc12,delta_volume,1,0.5649546485260771
LF1cCc12,face_num,0,0.45825130839775297
LF1cCc12,face_num,1,0.48038603735535607
LF1cCc12,frame_brightness,0,0.5131065759637188
LF1cCc12,frame_brightness,1,0.4907426303854875
LF1cCc12,global_flow,0,0.4982709750566894
LF1cCc12,global_flow,1,0.5206462585034014
LF1cCc12,gpt2_surprisal,0,0.5044841269841269
LF1cCc12,gpt2_surprisal,1,0.5001190476190477
LF1cCc12,local_flow,0,0.5073072562358276
LF1cCc12,local_flow,1,0.5141836734693878
LF1cCc12,onset,0,0.5360422405876951
LF1cCc12,onset,1,0.5545368457300275
LF1cCc12,pitch,0,0.5112528344671201
LF1cCc12,pitch,1,0.5699092970521542
LF1cCc12,speech,0,0.4667356300220473
LF1cCc12,speech,1,0.47900274808522203
LF1cCc12,volume,0,0.5269671201814059
LF1cCc12,volume,1,0.5079251700680272
LF1cCc12,word_gap,0,0.49728654412349804
LF1cCc12,word_gap,1,0.4786583910241108
LF1cCc12,word_head_pos,0,0.5165041848217924
LF1cCc12,word_head_pos,1,0.5518061084814478
LF1cCc12,word_index,0,0.5542677976540411
LF1cCc12,word_index,1,0.5275328238291201
LF1cCc12,word_length,0,0.5022275258552108
LF1cCc12,word_length,1,0.5063473121945675
LF1cCc12,word_part_speech,0,0.47648563057799453
LF1cCc12,word_part_speech,1,0.4744026147775577
RF1cCc12,delta_volume,0,0.513639455782313
RF1cCc12,delta_volume,1,0.5410147392290249
RF1cCc12,face_num,0,0.45884348842047984
RF1cCc12,face_num,1,0.4891166914742082
RF1cCc12,frame_brightness,0,0.5156944444444445
RF1cCc12,frame_brightness,1,0.49632653061224485
RF1cCc12,global_flow,0,0.4874829931972789
RF1cCc12,global_flow,1,0.4785827664399093
RF1cCc12,gpt2_surprisal,0,0.539280045351474
RF1cCc12,gpt2_surprisal,1,0.5557993197278911
RF1cCc12,local_flow,0,0.5262868480725624
RF1cCc12,local_flow,1,0.49943310657596374
RF1cCc12,onset,0,0.5161989210284665
RF1cCc12,onset,1,0.4896120293847566
RF1cCc12,pitch,0,0.5170408163265305
RF1cCc12,pitch,1,0.5203344671201815
RF1cCc12,speech,0,0.46808877464656284
RF1cCc12,speech,1,0.48000062693959433
RF1cCc12,volume,0,0.4908219954648526
RF1cCc12,volume,1,0.44870181405895687
RF1cCc12,word_gap,0,0.4747672475531153
RF1cCc12,word_gap,1,0.4796053155088724
RF1cCc12,word_head_pos,0,0.5201508834623784
RF1cCc12,word_head_pos,1,0.5355161280210652
RF1cCc12,word_index,0,0.5594188292600991
RF1cCc12,word_index,1,0.5107639763724421
RF1cCc12,word_length,0,0.5430958063416297
RF1cCc12,word_length,1,0.5290146607569042
RF1cCc12,word_part_speech,0,0.4932344324205321
RF1cCc12,word_part_speech,1,0.5002116885976055
LT2aA4,delta_volume,0,0.544030612244898
LT2aA4,delta_volume,1,0.5440589569160997
LT2aA4,face_num,0,0.5034250412125286
LT2aA4,face_num,1,0.5058257710343944
LT2aA4,frame_brightness,0,0.49065759637188205
LT2aA4,frame_brightness,1,0.5262925170068027
LT2aA4,global_flow,0,0.46409297052154197
LT2aA4,global_flow,1,0.48541383219954654
LT2aA4,gpt2_surprisal,0,0.4934637188208617
LT2aA4,gpt2_surprisal,1,0.5127947845804989
LT2aA4,local_flow,0,0.4690986394557823
LT2aA4,local_flow,1,0.47818027210884356
LT2aA4,onset,0,0.580248507805326
LT2aA4,onset,1,0.5615817263544536
LT2aA4,pitch,0,0.4965192743764172
LT2aA4,pitch,1,0.530498866213152
LT2aA4,speech,0,0.5126485063164165
LT2aA4,speech,1,0.5372402119055828
LT2aA4,volume,0,0.4820578231292517
LT2aA4,volume,1,0.48643990929705216
LT2aA4,word_gap,0,0.5346622105514443
LT2aA4,word_gap,1,0.5181268401368664
LT2aA4,word_head_pos,0,0.49770644598392944
LT2aA4,word_head_pos,1,0.49663019968026084
LT2aA4,word_index,0,0.5341115870216399
LT2aA4,word_index,1,0.5621903082220543
LT2aA4,word_length,0,0.5068700988748721
LT2aA4,word_length,1,0.4979486305261962
LT2aA4,word_part_speech,0,0.5115243272536367
LT2aA4,word_part_speech,1,0.4871547358973056
LT3Ha4,delta_volume,0,0.5173469387755103
LT3Ha4,delta_volume,1,0.524438775510204
LT3Ha4,face_num,0,0.49936780781357537
LT3Ha4,face_num,1,0.4926137545813928
LT3Ha4,frame_brightness,0,0.5261451247165534
LT3Ha4,frame_brightness,1,0.5352947845804988
LT3Ha4,global_flow,0,0.46122448979591835
LT3Ha4,global_flow,1,0.4728798185941044
LT3Ha4,gpt2_surprisal,0,0.5062868480725624
LT3Ha4,gpt2_surprisal,1,0.5121655328798186
LT3Ha4,local_flow,0,0.496672335600907
LT3Ha4,local_flow,1,0.5064115646258504
LT3Ha4,onset,0,0.5707931588613406
LT3Ha4,onset,1,0.5602760560146923
LT3Ha4,pitch,0,0.4887414965986394
LT3Ha4,pitch,1,0.5268480725623582
LT3Ha4,speech,0,0.5260754626291757
LT3Ha4,speech,1,0.5359131897641662
LT3Ha4,volume,0,0.4708390022675737
LT3Ha4,volume,1,0.44777210884353746
LT3Ha4,word_gap,0,0.5070024667780695
LT3Ha4,word_gap,1,0.5116018142754835
LT3Ha4,word_head_pos,0,0.4914579480267076
LT3Ha4,word_head_pos,1,0.47657858165365763
LT3Ha4,word_index,0,0.4875003499342123
LT3Ha4,word_index,1,0.5291005291005291
LT3Ha4,word_length,0,0.4936072280941017
LT3Ha4,word_length,1,0.5004318672576429
LT3Ha4,word_part_speech,0,0.48080407796914426
LT3Ha4,word_part_speech,1,0.4760622533827838
LT1aIb3,delta_volume,0,0.5343424036281179
LT1aIb3,delta_volume,1,0.5153684807256236
LT1aIb3,face_num,0,0.5136921624173749
LT1aIb3,face_num,1,0.5099950384917015
LT1aIb3,frame_brightness,0,0.49116780045351477
LT1aIb3,frame_brightness,1,0.4954421768707483
LT1aIb3,global_flow,0,0.4895408163265306
LT1aIb3,global_flow,1,0.4901020408163265
LT1aIb3,gpt2_surprisal,0,0.4763208616780045
LT1aIb3,gpt2_surprisal,1,0.48939342403628117
LT1aIb3,local_flow,0,0.4910544217687075
LT1aIb3,local_flow,1,0.5025907029478458
LT1aIb3,onset,0,0.5336891643709826
LT1aIb3,onset,1,0.5443784435261707
LT1aIb3,pitch,0,0.49162698412698413
LT1aIb3,pitch,1,0.5133503401360544
LT1aIb3,speech,0,0.4859617775827299
LT1aIb3,speech,1,0.5079203368755421
LT1aIb3,volume,0,0.48891723356009065
LT1aIb3,volume,1,0.46479024943310654
LT1aIb3,word_gap,0,0.5365481021723562
LT1aIb3,word_gap,1,0.5359831304209437
LT1aIb3,word_head_pos,0,0.5121678526273994
LT1aIb3,word_head_pos,1,0.4953763204915206
LT1aIb3,word_index,0,0.5213179922174631
LT1aIb3,word_index,1,0.5475770555135635
LT1aIb3,word_length,0,0.515354017501989
LT1aIb3,word_length,1,0.5117570178429366
LT1aIb3,word_part_speech,0,0.49978831140239466
LT1aIb3,word_part_speech,1,0.5005334552659655
LF3aOFa6,delta_volume,0,0.5312698412698413
LF3aOFa6,delta_volume,1,0.545578231292517
LF3aOFa6,face_num,0,0.515996863046366
LF3aOFa6,face_num,1,0.4892127206670828
LF3aOFa6,frame_brightness,0,0.5330045351473923
LF3aOFa6,frame_brightness,1,0.5513605442176871
LF3aOFa6,global_flow,0,0.464421768707483
LF3aOFa6,global_flow,1,0.4670918367346939
LF3aOFa6,gpt2_surprisal,0,0.49709183673469387
LF3aOFa6,gpt2_surprisal,1,0.4925396825396825
LF3aOFa6,local_flow,0,0.5200736961451247
LF3aOFa6,local_flow,1,0.5321031746031746
LF3aOFa6,onset,0,0.5287534435261708
LF3aOFa6,onset,1,0.5657856978879706
LF3aOFa6,pitch,0,0.5024092970521542
LF3aOFa6,pitch,1,0.5083956916099772
LF3aOFa6,speech,0,0.5065619677544069
LF3aOFa6,speech,1,0.5132545479243075
LF3aOFa6,volume,0,0.461811224489796
LF3aOFa6,volume,1,0.46428004535147394
LF3aOFa6,word_gap,0,0.4854539667382828
LF3aOFa6,word_gap,1,0.5075913105753163
LF3aOFa6,word_head_pos,0,0.48271214068524493
LF3aOFa6,word_head_pos,1,0.4820590786077761
LF3aOFa6,word_index,0,0.5390666554687719
LF3aOFa6,word_index,1,0.5221858290641359
LF3aOFa6,word_length,0,0.47277531537674733
LF3aOFa6,word_length,1,0.4934140243209456
LF3aOFa6,word_part_speech,0,0.492167521888601
LF3aOFa6,word_part_speech,1,0.5308472624430558
LF3bIa2,delta_volume,0,0.5386848072562358
LF3bIa2,delta_volume,1,0.5234863945578232
LF3bIa2,face_num,0,0.4591155711336246
LF3bIa2,face_num,1,0.4935900513756182
LF3bIa2,frame_brightness,0,0.5293027210884353
LF3bIa2,frame_brightness,1,0.5689852607709751
LF3bIa2,global_flow,0,0.4701643990929705
LF3bIa2,global_flow,1,0.4827664399092971
LF3bIa2,gpt2_surprisal,0,0.4826020408163265
LF3bIa2,gpt2_surprisal,1,0.49078231292517005
LF3bIa2,local_flow,0,0.4925680272108844
LF3bIa2,local_flow,1,0.5261451247165533
LF3bIa2,onset,0,0.5531020431588614
LF3bIa2,onset,1,0.5295856290174472
LF3bIa2,pitch,0,0.49340702947845805
LF3bIa2,pitch,1,0.5047562358276644
LF3bIa2,speech,0,0.5182596156860286
LF3bIa2,speech,1,0.5243618277378974
LF3bIa2,volume,0,0.46600340136054424
LF3bIa2,volume,1,0.46429138321995467
LF3bIa2,word_gap,0,0.5059918835044163
LF3bIa2,word_gap,1,0.48593936500358076
LF3bIa2,word_head_pos,0,0.5238759495522607
LF3bIa2,word_head_pos,1,0.5191425556147665
LF3bIa2,word_index,0,0.5299403712102124
LF3bIa2,word_index,1,0.5731362503849277
LF3bIa2,word_length,0,0.5295317649732925
LF3bIa2,word_length,1,0.49282304807364474
LF3bIa2,word_part_speech,0,0.5197378448407256
LF3bIa2,word_part_speech,1,0.49660451489440977
LT2bHb3,delta_volume,0,0.5357879818594105
LT2bHb3,delta_volume,1,0.5149433106575964
LT2bHb3,face_num,0,0.5006882092156015
LT2bHb3,face_num,1,0.5269201837358558
LT2bHb3,frame_brightness,0,0.5124886621315192
LT2bHb3,frame_brightness,1,0.5071145124716553
LT2bHb3,global_flow,0,0.4926077097505669
LT2bHb3,global_flow,1,0.4637981859410431
LT2bHb3,gpt2_surprisal,0,0.5091043083900226
LT2bHb3,gpt2_surprisal,1,0.5268253968253969
LT2bHb3,local_flow,0,0.5126473922902495
LT2bHb3,local_flow,1,0.5024433106575963
LT2bHb3,onset,0,0.5433597337006427
LT2bHb3,onset,1,0.5665604912764004
LT2bHb3,pitch,0,0.496156462585034
LT2bHb3,pitch,1,0.5361451247165533
LT2bHb3,speech,0,0.5027637587118481
LT2bHb3,speech,1,0.5151614891905165
LT2bHb3,volume,0,0.46757936507936504
LT2bHb3,volume,1,0.4700283446712018
LT2bHb3,word_gap,0,0.504838067955757
LT2bHb3,word_gap,1,0.49946685764303334
LT2bHb3,word_head_pos,0,0.49287378661066006
LT2bHb3,word_head_pos,1,0.4683970199471281
LT2bHb3,word_index,0,0.5028414658044289
LT2bHb3,word_index,1,0.517482713249909
LT2bHb3,word_length,0,0.5222866234799409
LT2bHb3,word_length,1,0.49920445505171046
LT2bHb3,word_part_speech,0,0.48734102186319833
LT2bHb3,word_part_speech,1,0.4937594201425935
LT1cCd3,delta_volume,0,0.5642063492063492
LT1cCd3,delta_volume,1,0.5637244897959184
LT1cCd3,face_num,0,0.5054816664265936
LT1cCd3,face_num,1,0.5110673644788015
LT1cCd3,frame_brightness,0,0.5090192743764173
LT1cCd3,frame_brightness,1,0.49611111111111106
LT1cCd3,global_flow,0,0.5100907029478458
LT1cCd3,global_flow,1,0.519858276643991
LT1cCd3,gpt2_surprisal,0,0.4995408163265306
LT1cCd3,gpt2_surprisal,1,0.5013492063492063
LT1cCd3,local_flow,0,0.5335884353741497
LT1cCd3,local_flow,1,0.5158049886621314
LT1cCd3,onset,0,0.5444358356290174
LT1cCd3,onset,1,0.5293273645546372
LT1cCd3,pitch,0,0.5030895691609977
LT1cCd3,pitch,1,0.5445691609977324
LT1cCd3,speech,0,0.5118230358504958
LT1cCd3,speech,1,0.5180192888415202
LT1cCd3,volume,0,0.46729591836734696
LT1cCd3,volume,1,0.48153628117913827
LT1cCd3,word_gap,0,0.49559958621787215
LT1cCd3,word_gap,1,0.5030635792154055
LT1cCd3,word_head_pos,0,0.490590681587829
LT1cCd3,word_head_pos,1,0.48415410175229623
LT1cCd3,word_index,0,0.49346322891296435
LT1cCd3,word_index,1,0.5434618291761149
LT1cCd3,word_length,0,0.5295715422207069
LT1cCd3,word_length,1,0.501187634958518
LT1cCd3,word_part_speech,0,0.5143186167420277
LT1cCd3,word_part_speech,1,0.46320852173618515
LT1cCd15,delta_volume,0,0.5250510204081633
LT1cCd15,delta_volume,1,0.48192176870748293
LT1cCd15,face_num,0,0.4899569469118612
LT1cCd15,face_num,1,0.5110913717770202
LT1cCd15,frame_brightness,0,0.5015249433106576
LT1cCd15,frame_brightness,1,0.5014569160997733
LT1cCd15,global_flow,0,0.47477324263038556
LT1cCd15,global_flow,1,0.45941043083900224
LT1cCd15,gpt2_surprisal,0,0.5215306122448979
LT1cCd15,gpt2_surprisal,1,0.5342403628117913
LT1cCd15,local_flow,0,0.511468253968254
LT1cCd15,local_flow,1,0.4986678004535147
LT1cCd15,onset,0,0.5360852846648301
LT1cCd15,onset,1,0.5249368686868687
LT1cCd15,pitch,0,0.4862868480725623
LT1cCd15,pitch,1,0.5413548752834467
LT1cCd15,speech,0,0.4964499545468794
LT1cCd15,speech,1,0.48833369904809676
LT1cCd15,volume,0,0.46872732426303854
LT1cCd15,volume,1,0.4590136054421769
LT1cCd15,word_gap,0,0.47239595766690534
LT1cCd15,word_gap,1,0.48749900533142354
LT1cCd15,word_head_pos,0,0.48937859837204684
LT1cCd15,word_head_pos,1,0.5061283345349675
LT1cCd15,word_index,0,0.5191623974692758
LT1cCd15,word_index,1,0.5212060132695053
LT1cCd15,word_length,0,0.48711785430162524
LT1cCd15,word_length,1,0.515177861120582
LT1cCd15,word_part_speech,0,0.5322867449067724
LT1cCd15,word_part_speech,1,0.5109146640925333
LF3cIc3,delta_volume,0,0.5472959183673469
LF3cIc3,delta_volume,1,0.5520294784580498
LF3cIc3,face_num,0,0.5041372577263488
LF3cIc3,face_num,1,0.5103711528304605
LF3cIc3,frame_brightness,0,0.5147902494331066
LF3cIc3,frame_brightness,1,0.5502267573696145
LF3cIc3,global_flow,0,0.46484126984126983
LF3cIc3,global_flow,1,0.487641723356009
LF3cIc3,gpt2_surprisal,0,0.506952947845805
LF3cIc3,gpt2_surprisal,1,0.5084410430839001
LF3cIc3,local_flow,0,0.46432539682539675
LF3cIc3,local_flow,1,0.48977891156462583
LF3cIc3,onset,0,0.6036644857667586
LF3cIc3,onset,1,0.5899764692378329
LF3cIc3,pitch,0,0.5004421768707482
LF3cIc3,pitch,1,0.5086111111111111
LF3cIc3,speech,0,0.5038347805188971
LF3cIc3,speech,1,0.5053289865521458
LF3cIc3,volume,0,0.4825226757369615
LF3cIc3,volume,1,0.47410430839002266
LF3cIc3,word_gap,0,0.5354181586695312
LF3cIc3,word_gap,1,0.5374870693085064
LF3cIc3,word_head_pos,0,0.521984681775911
LF3cIc3,word_head_pos,1,0.5204173327899857
LF3cIc3,word_index,0,0.512023739536967
LF3cIc3,word_index,1,0.5441896923378404
LF3cIc3,word_length,0,0.5343050346630298
LF3cIc3,word_length,1,0.51357540629617
LF3cIc3,word_part_speech,0,0.4499483479821843
LF3cIc3,word_part_speech,1,0.45355552168537994
LF1aCaOF5,delta_volume,0,0.5701927437641724
LF1aCaOF5,delta_volume,1,0.5491439909297051
LF1aCaOF5,face_num,0,0.5135561210608025
LF1aCaOF5,face_num,1,0.48866055280805365
LF1aCaOF5,frame_brightness,0,0.5179648526077097
LF1aCaOF5,frame_brightness,1,0.5423696145124717
LF1aCaOF5,global_flow,0,0.475328798185941
LF1aCaOF5,global_flow,1,0.4651303854875283
LF1aCaOF5,gpt2_surprisal,0,0.5021598639455782
LF1aCaOF5,gpt2_surprisal,1,0.47538548752834464
LF1aCaOF5,local_flow,0,0.5097165532879819
LF1aCaOF5,local_flow,1,0.5313662131519274
LF1aCaOF5,onset,0,0.5610508494031221
LF1aCaOF5,onset,1,0.5984131083562902
LF1aCaOF5,pitch,0,0.5040079365079365
LF1aCaOF5,pitch,1,0.5357879818594105
LF1aCaOF5,speech,0,0.49475460539377025
LF1aCaOF5,speech,1,0.5222615800967577
LF1aCaOF5,volume,0,0.4805385487528344
LF1aCaOF5,volume,1,0.45899659863945586
LF1aCaOF5,word_gap,0,0.5103922972865441
LF1aCaOF5,word_gap,1,0.5092066523434391
LF1aCaOF5,word_head_pos,0,0.5028604118993135
LF1aCaOF5,word_head_pos,1,0.5283899146317252
LF1aCaOF5,word_index,0,0.5340835922846505
LF1aCaOF5,word_index,1,0.5150191763948379
LF1aCaOF5,word_length,0,0.47072394590294353
LF1aCaOF5,word_length,1,0.4688714626662121
LF1aCaOF5,word_part_speech,0,0.514284746566411
LF1aCaOF5,word_part_speech,1,0.49784077630442514
RF1aCaOF1,delta_volume,0,0.5672052154195011
RF1aCaOF1,delta_volume,1,0.5525
RF1aCaOF1,face_num,0,0.48620380595701085
RF1aCaOF1,face_num,1,0.49010099070117313
RF1aCaOF1,frame_brightness,0,0.5085884353741497
RF1aCaOF1,frame_brightness,1,0.49687074829931976
RF1aCaOF1,global_flow,0,0.4940816326530612
RF1aCaOF1,global_flow,1,0.5098469387755101
RF1aCaOF1,gpt2_surprisal,0,0.528032879818594
RF1aCaOF1,gpt2_surprisal,1,0.5318934240362811
RF1aCaOF1,local_flow,0,0.4761564625850341
RF1aCaOF1,local_flow,1,0.5093480725623583
RF1aCaOF1,onset,0,0.5270460284664831
RF1aCaOF1,onset,1,0.5351096189164372
RF1aCaOF1,pitch,0,0.5152040816326531
RF1aCaOF1,pitch,1,0.537233560090703
RF1aCaOF1,speech,0,0.5049319248090447
RF1aCaOF1,speech,1,0.5108982999488
RF1aCaOF1,volume,0,0.4969274376417234
RF1aCaOF1,volume,1,0.46596938775510205
RF1aCaOF1,word_gap,0,0.4978276438290762
RF1aCaOF1,word_gap,1,0.5045516034057452
RF1aCaOF1,word_head_pos,0,0.5152241831499536
RF1aCaOF1,word_head_pos,1,0.48328683531341754
RF1aCaOF1,word_index,0,0.5647098345511044
RF1aCaOF1,word_index,1,0.5423140449595476
RF1aCaOF1,word_length,0,0.5235424480054551
RF1aCaOF1,word_length,1,0.5266223434481191
RF1aCaOF1,word_part_speech,0,0.48994902538569657
RF1aCaOF1,word_part_speech,1,0.4889329201171908
RF1aCaOF13,delta_volume,0,0.57547052154195
RF1aCaOF13,delta_volume,1,0.5569671201814058
RF1aCaOF13,face_num,0,0.49507850386517493
RF1aCaOF13,face_num,1,0.5032970022886957
RF1aCaOF13,frame_brightness,0,0.5047222222222222
RF1aCaOF13,frame_brightness,1,0.5391496598639455
RF1aCaOF13,global_flow,0,0.5429931972789116
RF1aCaOF13,global_flow,1,0.506734693877551
RF1aCaOF13,gpt2_surprisal,0,0.5406632653061224
RF1aCaOF13,gpt2_surprisal,1,0.5250566893424036
RF1aCaOF13,local_flow,0,0.5179024943310657
RF1aCaOF13,local_flow,1,0.5179081632653061
RF1aCaOF13,onset,0,0.5285669191919192
RF1aCaOF13,onset,1,0.5205750688705235
RF1aCaOF13,pitch,0,0.48124716553287983
RF1aCaOF13,pitch,1,0.5188548752834466
RF1aCaOF13,speech,0,0.5143987126840329
RF1aCaOF13,speech,1,0.4950053812315184
RF1aCaOF13,volume,0,0.4849546485260771
RF1aCaOF13,volume,1,0.49174603174603165
RF1aCaOF13,word_gap,0,0.49742977639850405
RF1aCaOF13,word_gap,1,0.5205856608578021
RF1aCaOF13,word_head_pos,0,0.5026488197862137
RF1aCaOF13,word_head_pos,1,0.5186044324629322
RF1aCaOF13,word_index,0,0.5368270765096161
RF1aCaOF13,word_index,1,0.5311441449007587
RF1aCaOF13,word_length,0,0.493436754176611
RF1aCaOF13,word_length,1,0.4944595976815547
RF1aCaOF13,word_part_speech,0,0.5427864993479992
RF1aCaOF13,word_part_speech,1,0.5352165150976308
LF1bCb9,delta_volume,0,0.5665986394557823
LF1bCb9,delta_volume,1,0.5277154195011338
LF1bCb9,face_num,0,0.48946879851474845
LF1bCb9,face_num,1,0.4985835694050992
LF1bCb9,frame_brightness,0,0.5359977324263039
LF1bCb9,frame_brightness,1,0.517375283446712
LF1bCb9,global_flow,0,0.4626587301587301
LF1bCb9,global_flow,1,0.47120748299319726
LF1bCb9,gpt2_surprisal,0,0.5246768707482993
LF1bCb9,gpt2_surprisal,1,0.5171428571428571
LF1bCb9,local_flow,0,0.5101303854875283
LF1bCb9,local_flow,1,0.49611111111111106
LF1bCb9,onset,0,0.5285382231404958
LF1bCb9,onset,1,0.5331869834710743
LF1bCb9,pitch,0,0.5359863945578232
LF1bCb9,pitch,1,0.5169614512471655
LF1bCb9,speech,0,0.49728326175772963
LF1bCb9,speech,1,0.5022308600566334
LF1bCb9,volume,0,0.5019274376417233
LF1bCb9,volume,1,0.5113151927437641
LF1bCb9,word_gap,0,0.5113312644226943
LF1bCb9,word_gap,1,0.49180393093021413
LF1bCb9,word_head_pos,0,0.5128940576575447
LF1bCb9,word_head_pos,1,0.5172669613282761
LF1bCb9,word_index,0,0.5279807396209513
LF1bCb9,word_index,1,0.5408023291621176
LF1bCb9,word_length,0,0.5100125014206159
LF1bCb9,word_length,1,0.4991419479486305
LF1bCb9,word_part_speech,0,0.4966722552456435
LF1bCb9,word_part_speech,1,0.4864095920337347
LF1cCc1,delta_volume,0,0.6149319727891156
LF1cCc1,delta_volume,1,0.5889399092970522
LF1cCc1,face_num,0,0.5166210528000512
LF1cCc1,face_num,1,0.5249115731182279
LF1cCc1,frame_brightness,0,0.5104988662131519
LF1cCc1,frame_brightness,1,0.5377721088435374
LF1cCc1,global_flow,0,0.5147562358276644
LF1cCc1,global_flow,1,0.5019784580498866
LF1cCc1,gpt2_surprisal,0,0.5192687074829933
LF1cCc1,gpt2_surprisal,1,0.520436507936508
LF1cCc1,local_flow,0,0.5263548752834467
LF1cCc1,local_flow,1,0.5100907029478458
LF1cCc1,onset,0,0.5864612029384756
LF1cCc1,onset,1,0.5338756887052342
LF1cCc1,pitch,0,0.4717800453514739
LF1cCc1,pitch,1,0.48216553287981856
LF1cCc1,speech,0,0.4843108366508887
LF1cCc1,speech,1,0.5233482753936658
LF1cCc1,volume,0,0.5319331065759637
LF1cCc1,volume,1,0.4772052154195011
LF1cCc1,word_gap,0,0.49844831702076864
LF1cCc1,word_gap,1,0.48944855574122703
LF1cCc1,word_head_pos,0,0.5187820653480038
LF1cCc1,word_head_pos,1,0.52451856263649
LF1cCc1,word_index,0,0.5693009714173736
LF1cCc1,word_index,1,0.5429579239103048
LF1cCc1,word_length,0,0.4911012615069894
LF1cCc1,word_length,1,0.5167234913058303
LF1cCc1,word_part_speech,0,0.4529627936120849
LF1cCc1,word_part_speech,1,0.4575860725837864
RF1cCc1,delta_volume,0,0.5900963718820862
RF1cCc1,delta_volume,1,0.5530272108843537
RF1cCc1,face_num,0,0.49481442358476985
RF1cCc1,face_num,1,0.4983675037211312
RF1cCc1,frame_brightness,0,0.5062301587301588
RF1cCc1,frame_brightness,1,0.5274773242630385
RF1cCc1,global_flow,0,0.4909863945578231
RF1cCc1,global_flow,1,0.50359410430839
RF1cCc1,gpt2_surprisal,0,0.5474659863945579
RF1cCc1,gpt2_surprisal,1,0.506547619047619
RF1cCc1,local_flow,0,0.5398356009070295
RF1cCc1,local_flow,1,0.507624716553288
RF1cCc1,onset,0,0.5593434343434343
RF1cCc1,onset,1,0.5663022268135905
RF1cCc1,pitch,0,0.4955045351473923
RF1cCc1,pitch,1,0.5631235827664399
RF1cCc1,speech,0,0.5172303898519377
RF1cCc1,speech,1,0.5289855072463768
RF1cCc1,volume,0,0.5070294784580499
RF1cCc1,volume,1,0.4924319727891156
RF1cCc1,word_gap,0,0.5261796769316465
RF1cCc1,word_gap,1,0.5172992758812764
RF1cCc1,word_head_pos,0,0.4966510976667398
RF1cCc1,word_head_pos,1,0.5351922092306406
RF1cCc1,word_index,0,0.5481929397273313
RF1cCc1,word_index,1,0.5415021975868537
RF1cCc1,word_length,0,0.5206387089441982
RF1cCc1,word_length,1,0.5425275599499944
RF1cCc1,word_part_speech,0,0.5013802096563871
RF1cCc1,word_part_speech,1,0.44940642517231455
LT2aA5,delta_volume,0,0.5465362811791383
LT2aA5,delta_volume,1,0.5244331065759638
LT2aA5,face_num,0,0.49864758886701555
LT2aA5,face_num,1,0.5248155439253532
LT2aA5,frame_brightness,0,0.507295918367347
LT2aA5,frame_brightness,1,0.5287755102040816
LT2aA5,global_flow,0,0.4671938775510204
LT2aA5,global_flow,1,0.4926360544217687
LT2aA5,gpt2_surprisal,0,0.49197845804988666
LT2aA5,gpt2_surprisal,1,0.5026700680272109
LT2aA5,local_flow,0,0.47391156462585027
LT2aA5,local_flow,1,0.5097845804988662
LT2aA5,onset,0,0.5684400826446281
LT2aA5,onset,1,0.5493715564738292
LT2aA5,pitch,0,0.5127834467120181
LT2aA5,pitch,1,0.5353174603174603
LT2aA5,speech,0,0.5201665569522377
LT2aA5,speech,1,0.5299833861007491
LT2aA5,volume,0,0.47883219954648526
LT2aA5,volume,1,0.4712981859410431
LT2aA5,word_gap,0,0.5187315986313361
LT2aA5,word_gap,1,0.49919630779024426
LT2aA5,word_head_pos,0,0.47651588769422065
LT2aA5,word_head_pos,1,0.4741439662288539
LT2aA5,word_index,0,0.528092718568909
LT2aA5,word_index,1,0.55684331345707
LT2aA5,word_length,0,0.5114047050801227
LT2aA5,word_length,1,0.4735367655415388
LT2aA5,word_part_speech,0,0.4833951464038341
LT2aA5,word_part_speech,1,0.4810581042862707
LT3Ha5,delta_volume,0,0.515640589569161
LT3Ha5,delta_volume,1,0.5083219954648526
LT3Ha5,face_num,0,0.49821545749907975
LT3Ha5,face_num,1,0.5222947776123941
LT3Ha5,frame_brightness,0,0.530374149659864
LT3Ha5,frame_brightness,1,0.5220238095238096
LT3Ha5,global_flow,0,0.45214852607709755
LT3Ha5,global_flow,1,0.4577324263038549
LT3Ha5,gpt2_surprisal,0,0.5034580498866214
LT3Ha5,gpt2_surprisal,1,0.4956802721088436
LT3Ha5,local_flow,0,0.5015079365079365
LT3Ha5,local_flow,1,0.5035034013605443
LT3Ha5,onset,0,0.577737603305785
LT3Ha5,onset,1,0.5594869146005509
LT3Ha5,pitch,0,0.49291383219954643
LT3Ha5,pitch,1,0.511921768707483
LT3Ha5,speech,0,0.5344033102410582
LT3Ha5,speech,1,0.5397845417594014
LT3Ha5,volume,0,0.470187074829932
LT3Ha5,volume,1,0.43524376417233557
LT3Ha5,word_gap,0,0.5050767884141004
LT3Ha5,word_gap,1,0.5143391421978196
LT3Ha5,word_head_pos,0,0.5028003301881864
LT3Ha5,word_head_pos,1,0.4936679100968622
LT3Ha5,word_index,0,0.5168948237731307
LT3Ha5,word_index,1,0.5267489711934157
LT3Ha5,word_length,0,0.5079724968746449
LT3Ha5,word_length,1,0.49417547448573707
LT3Ha5,word_part_speech,0,0.48954258327829425
LT3Ha5,word_part_speech,1,0.47142203932327387
LT1aIb4,delta_volume,0,0.5226984126984127
LT1aIb4,delta_volume,1,0.5283390022675737
LT1aIb4,face_num,0,0.47625678206174676
LT1aIb4,face_num,1,0.5430690930042733
LT1aIb4,frame_brightness,0,0.5336734693877551
LT1aIb4,frame_brightness,1,0.5097392290249433
LT1aIb4,global_flow,0,0.471609977324263
LT1aIb4,global_flow,1,0.5041496598639456
LT1aIb4,gpt2_surprisal,0,0.48828231292517
LT1aIb4,gpt2_surprisal,1,0.4753571428571428
LT1aIb4,local_flow,0,0.4889625850340136
LT1aIb4,local_flow,1,0.5149263038548753
LT1aIb4,onset,0,0.5619117309458219
LT1aIb4,onset,1,0.5820420110192838
LT1aIb4,pitch,0,0.479421768707483
LT1aIb4,pitch,1,0.5184353741496599
LT1aIb4,speech,0,0.5199053321212501
LT1aIb4,speech,1,0.5432327095284369
LT1aIb4,volume,0,0.4855328798185941
LT1aIb4,volume,1,0.5013888888888889
LT1aIb4,word_gap,0,0.5276279143789289
LT1aIb4,word_gap,1,0.5140685923450307
LT1aIb4,word_head_pos,0,0.47887213566972825
LT1aIb4,word_head_pos,1,0.4849221027553996
LT1aIb4,word_index,0,0.5084964026762968
LT1aIb4,word_index,1,0.5346434870244394
LT1aIb4,word_length,0,0.5004261847937265
LT1aIb4,word_length,1,0.4904989203318558
LT1aIb4,word_part_speech,0,0.44678148656200783
LT1aIb4,word_part_speech,1,0.4603972971599858
LF3aOFa7,delta_volume,0,0.5325907029478458
LF3aOFa7,delta_volume,1,0.5226303854875284
LF3aOFa7,face_num,0,0.5138922232358637
LF3aOFa7,face_num,1,0.4636769577951697
LF3aOFa7,frame_brightness,0,0.5167120181405895
LF3aOFa7,frame_brightness,1,0.5660034013605442
LF3aOFa7,global_flow,0,0.421388888888889
LF3aOFa7,global_flow,1,0.46348639455782314
LF3aOFa7,gpt2_surprisal,0,0.49747732426303853
LF3aOFa7,gpt2_surprisal,1,0.4933333333333333
LF3aOFa7,local_flow,0,0.4599489795918368
LF3aOFa7,local_flow,1,0.4955272108843537
LF3aOFa7,onset,0,0.5602043158861341
LF3aOFa7,onset,1,0.5487689393939394
LF3aOFa7,pitch,0,0.49327664399092974
LF3aOFa7,pitch,1,0.4951643990929705
LF3aOFa7,speech,0,0.48002674942269313
LF3aOFa7,speech,1,0.4762494383666134
LF3aOFa7,volume,0,0.4973356009070295
LF3aOFa7,volume,1,0.4959467120181406
LF3aOFa7,word_gap,0,0.4961088565290045
LF3aOFa7,word_gap,1,0.4835282883743137
LF3aOFa7,word_head_pos,0,0.47185041221278334
LF3aOFa7,word_head_pos,1,0.49245582688108
LF3aOFa7,word_index,0,0.5622462976960331
LF3aOFa7,word_index,1,0.5161949553483944
LF3aOFa7,word_length,0,0.495812024093647
LF3aOFa7,word_length,1,0.4688373678827139
LF3aOFa7,word_part_speech,0,0.49277718504970447
LF3aOFa7,word_part_speech,1,0.4540974444952497
LF3bIa3,delta_volume,0,0.513968253968254
LF3bIa3,delta_volume,1,0.511797052154195
LF3bIa3,face_num,0,0.503240985259519
LF3bIa3,face_num,1,0.4861717962260528
LF3bIa3,frame_brightness,0,0.5422845804988662
LF3bIa3,frame_brightness,1,0.5737018140589569
LF3bIa3,global_flow,0,0.4750736961451247
LF3bIa3,global_flow,1,0.47237528344671204
LF3bIa3,gpt2_surprisal,0,0.4739229024943311
LF3bIa3,gpt2_surprisal,1,0.5090022675736962
LF3bIa3,local_flow,0,0.47875283446712014
LF3bIa3,local_flow,1,0.5091269841269841
LF3bIa3,onset,0,0.5445219237832873
LF3bIa3,onset,1,0.5382374885215794
LF3bIa3,pitch,0,0.484625850340136
LF3bIa3,pitch,1,0.4960260770975057
LF3bIa3,speech,0,0.4921893775534727
LF3bIa3,speech,1,0.5197433727260379
LF3bIa3,volume,0,0.47137188208616787
LF3bIa3,volume,1,0.47484126984126984
LF3bIa3,word_gap,0,0.5158669531312167
LF3bIa3,word_gap,1,0.4763428025781809
LF3bIa3,word_head_pos,0,0.4841541017522961
LF3bIa3,word_head_pos,1,0.5047856389036917
LF3bIa3,word_index,0,0.5405223817922231
LF3bIa3,word_index,1,0.5448895607625767
LF3bIa3,word_length,0,0.5070007955449483
LF3bIa3,word_length,1,0.5247244005000569
LF3bIa3,word_part_speech,0,0.47399617267015537
LF3bIa3,word_part_speech,1,0.4979762570068926
LT2bHb4,delta_volume,0,0.5440532879818594
LT2bHb4,delta_volume,1,0.5285827664399093
LT2bHb4,face_num,0,0.5176213568924953
LT2bHb4,face_num,1,0.5248715609545301
LT2bHb4,frame_brightness,0,0.5169614512471655
LT2bHb4,frame_brightness,1,0.5354195011337868
LT2bHb4,global_flow,0,0.46797619047619055
LT2bHb4,global_flow,1,0.4755385487528345
LT2bHb4,gpt2_surprisal,0,0.4921768707482993
LT2bHb4,gpt2_surprisal,1,0.5217176870748299
LT2bHb4,local_flow,0,0.49858843537414965
LT2bHb4,local_flow,1,0.5014909297052154
LT2bHb4,onset,0,0.5648172061524335
LT2bHb4,onset,1,0.5720844811753903
LT2bHb4,pitch,0,0.4949319727891156
LT2bHb4,pitch,1,0.5338095238095237
LT2bHb4,speech,0,0.5170057364972884
LT2bHb4,speech,1,0.5404480528301099
LT2bHb4,volume,0,0.47124149659863945
LT2bHb4,volume,1,0.4727154195011338
LT2bHb4,word_gap,0,0.5180154372563062
LT2bHb4,word_gap,1,0.5143868862894884
LT2bHb4,word_head_pos,0,0.48470789839398976
LT2bHb4,word_head_pos,1,0.4744208645497006
LT2bHb4,word_index,0,0.5123036869068616
LT2bHb4,word_index,1,0.5373589765124156
LT2bHb4,word_length,0,0.5212183202636663
LT2bHb4,word_length,1,0.5074212978747585
LT2bHb4,word_part_speech,0,0.5038188623008011
LT2bHb4,word_part_speech,1,0.48397093938932073
LT1cCd4,delta_volume,0,0.5723866213151928
LT1cCd4,delta_volume,1,0.5551360544217687
LT1cCd4,face_num,0,0.4980954210079864
LT1cCd4,face_num,1,0.49340599542260843
LT1cCd4,frame_brightness,0,0.5297732426303854
LT1cCd4,frame_brightness,1,0.49959750566893424
LT1cCd4,global_flow,0,0.48370181405895685
LT1cCd4,global_flow,1,0.5111394557823128
LT1cCd4,gpt2_surprisal,0,0.5094954648526077
LT1cCd4,gpt2_surprisal,1,0.5136224489795919
LT1cCd4,local_flow,0,0.5175396825396825
LT1cCd4,local_flow,1,0.5182086167800453
LT1cCd4,onset,0,0.5712953397612488
LT1cCd4,onset,1,0.5430010330578513
LT1cCd4,pitch,0,0.5072278911564626
LT1cCd4,pitch,1,0.5461281179138322
LT1cCd4,speech,0,0.5197799442023762
LT1cCd4,speech,1,0.5454426715985915
LT1cCd4,volume,0,0.47397392290249435
LT1cCd4,volume,1,0.5027097505668934
LT1cCd4,word_gap,0,0.4994111562027532
LT1cCd4,word_gap,1,0.5183814752924326
LT1cCd4,word_head_pos,0,0.4842220202083529
LT1cCd4,word_head_pos,1,0.49077353896952025
LT1cCd4,word_index,0,0.497270513143529
LT1cCd4,word_index,1,0.5350354133422917
LT1cCd4,word_length,0,0.5194567564495965
LT1cCd4,word_length,1,0.5059324923286738
LT1cCd4,word_part_speech,0,0.5118630290098055
LT1cCd4,word_part_speech,1,0.46073599891615435
LT1cCd16,delta_volume,0,0.5112414965986395
LT1cCd16,delta_volume,1,0.4938321995464852
LT1cCd16,face_num,0,0.5011683551799747
LT1cCd16,face_num,1,0.5123317488516509
LT1cCd16,frame_brightness,0,0.541485260770975
LT1cCd16,frame_brightness,1,0.5280130385487528
LT1cCd16,global_flow,0,0.46912698412698417
LT1cCd16,global_flow,1,0.4387755102040817
LT1cCd16,gpt2_surprisal,0,0.5023469387755102
LT1cCd16,gpt2_surprisal,1,0.49753401360544214
LT1cCd16,local_flow,0,0.48844104308390024
LT1cCd16,local_flow,1,0.49247732426303853
LT1cCd16,onset,0,0.5912390955004592
LT1cCd16,onset,1,0.535367883379247
LT1cCd16,pitch,0,0.4963095238095238
LT1cCd16,pitch,1,0.5358730158730158
LT1cCd16,speech,0,0.5145554475826255
LT1cCd16,speech,1,0.482983814509472
LT1cCd16,volume,0,0.4526700680272109
LT1cCd16,volume,1,0.4514115646258503
LT1cCd16,word_gap,0,0.4742341051961486
LT1cCd16,word_gap,1,0.48034534892973657
LT1cCd16,word_head_pos,0,0.4678379988088148
LT1cCd16,word_head_pos,1,0.4653145669414752
LT1cCd16,word_index,0,0.49587077629405674
LT1cCd16,word_index,1,0.5158590185045212
LT1cCd16,word_length,0,0.5287305375610865
LT1cCd16,word_length,1,0.5253494715308558
LT1cCd16,word_part_speech,0,0.4972988534945553
LT1cCd16,word_part_speech,1,0.446984707615709
LF3cIc4,delta_volume,0,0.5486961451247165
LF3cIc4,delta_volume,1,0.5704308390022675
LF3cIc4,face_num,0,0.5111553912389367
LF3cIc4,face_num,1,0.5232230598101824
LF3cIc4,frame_brightness,0,0.5400566893424037
LF3cIc4,frame_brightness,1,0.5581122448979592
LF3cIc4,global_flow,0,0.46888321995464854
LF3cIc4,global_flow,1,0.4655045351473923
LF3cIc4,gpt2_surprisal,0,0.5230328798185941
LF3cIc4,gpt2_surprisal,1,0.5299886621315193
LF3cIc4,local_flow,0,0.4880668934240363
LF3cIc4,local_flow,1,0.5059467120181406
LF3cIc4,onset,0,0.5908373507805327
LF3cIc4,onset,1,0.5811811294765841
LF3cIc4,pitch,0,0.5199489795918367
LF3cIc4,pitch,1,0.561139455782313
LF3cIc4,speech,0,0.5294870589218729
LF3cIc4,speech,1,0.5191634536012455
LF3cIc4,volume,0,0.49450680272108843
LF3cIc4,volume,1,0.4644160997732426
LF3cIc4,word_gap,0,0.5119041935227182
LF3cIc4,word_gap,1,0.512636269594971
LF3cIc4,word_head_pos,0,0.4798856880139598
LF3cIc4,word_head_pos,1,0.5163474499231999
LF3cIc4,word_index,0,0.5687970661515636
LF3cIc4,word_index,1,0.5398505081044764
LF3cIc4,word_length,0,0.5062507103079895
LF3cIc4,word_length,1,0.4981418342993522
LF3cIc4,word_part_speech,0,0.49555453945028705
LF3cIc4,word_part_speech,1,0.4954867990990533
LF1aCaOF6,delta_volume,0,0.5701870748299319
LF1aCaOF6,delta_volume,1,0.5453798185941042
LF1aCaOF6,face_num,0,0.5006882092156015
LF1aCaOF6,face_num,1,0.4936220611065764
LF1aCaOF6,frame_brightness,0,0.5229024943310657
LF1aCaOF6,frame_brightness,1,0.5401417233560091
LF1aCaOF6,global_flow,0,0.45546485260770975
LF1aCaOF6,global_flow,1,0.48403061224489796
LF1aCaOF6,gpt2_surprisal,0,0.5089909297052154
LF1aCaOF6,gpt2_surprisal,1,0.51547052154195
LF1aCaOF6,local_flow,0,0.528781179138322
LF1aCaOF6,local_flow,1,0.5290589569160997
LF1aCaOF6,onset,0,0.5521981175390267
LF1aCaOF6,onset,1,0.5783976124885215
LF1aCaOF6,pitch,0,0.5013492063492063
LF1aCaOF6,pitch,1,0.5371541950113379
LF1aCaOF6,speech,0,0.487090268852596
LF1aCaOF6,speech,1,0.5092891549899168
LF1aCaOF6,volume,0,0.4692063492063492
LF1aCaOF6,volume,1,0.4702380952380952
LF1aCaOF6,word_gap,0,0.5281371846900613
LF1aCaOF6,word_gap,1,0.5372085621071059
LF1aCaOF6,word_head_pos,0,0.5013165731481772
LF1aCaOF6,word_head_pos,1,0.5194508009153318
LF1aCaOF6,word_index,0,0.5602586713697825
LF1aCaOF6,word_index,1,0.5380868396741413
LF1aCaOF6,word_length,0,0.49380611433117405
LF1aCaOF6,word_length,1,0.4991305830207978
LF1aCaOF6,word_part_speech,0,0.5070195938965943
LF1aCaOF6,word_part_speech,1,0.48160002709614047
RF1aCaOF2,delta_volume,0,0.5475850340136055
RF1aCaOF2,delta_volume,1,0.5651587301587302
RF1aCaOF2,face_num,0,0.5128038923832845
RF1aCaOF2,face_num,1,0.4927497959379651
RF1aCaOF2,frame_brightness,0,0.49946712018140593
RF1aCaOF2,frame_brightness,1,0.5121598639455782
RF1aCaOF2,global_flow,0,0.47629818594104306
RF1aCaOF2,global_flow,1,0.5010544217687074
RF1aCaOF2,gpt2_surprisal,0,0.5449773242630386
RF1aCaOF2,gpt2_surprisal,1,0.5454931972789115
RF1aCaOF2,local_flow,0,0.5067006802721089
RF1aCaOF2,local_flow,1,0.5074263038548753
RF1aCaOF2,onset,0,0.52598427456382
RF1aCaOF2,onset,1,0.532182621671258
RF1aCaOF2,pitch,0,0.5117063492063492
RF1aCaOF2,pitch,1,0.5680328798185941
RF1aCaOF2,speech,0,0.4909146003782536
RF1aCaOF2,speech,1,0.5109923408879555
RF1aCaOF2,volume,0,0.5222619047619047
RF1aCaOF2,volume,1,0.5041156462585035
RF1aCaOF2,word_gap,0,0.5153576828200843
RF1aCaOF2,word_gap,1,0.47604838067955757
RF1aCaOF2,word_head_pos,0,0.5194612499085713
RF1aCaOF2,word_head_pos,1,0.5239177455252186
RF1aCaOF2,word_index,0,0.5352593712382072
RF1aCaOF2,word_index,1,0.5412222502169592
RF1aCaOF2,word_length,0,0.5530685305148313
RF1aCaOF2,word_length,1,0.5290231844527787
RF1aCaOF2,word_part_speech,0,0.5323714203458145
RF1aCaOF2,word_part_speech,1,0.49172720960558186
RF1aCaOF14,delta_volume,0,0.5368083900226757
RF1aCaOF14,delta_volume,1,0.5327607709750567
RF1aCaOF14,face_num,0,0.5079144059794178
RF1aCaOF14,face_num,1,0.5354747843344376
RF1aCaOF14,frame_brightness,0,0.5134070294784581
RF1aCaOF14,frame_brightness,1,0.5227040816326529
RF1aCaOF14,global_flow,0,0.5262925170068028
RF1aCaOF14,global_flow,1,0.47693310657596377
RF1aCaOF14,gpt2_surprisal,0,0.5192006802721089
RF1aCaOF14,gpt2_surprisal,1,0.5243990929705216
RF1aCaOF14,local_flow,0,0.5096145124716553
RF1aCaOF14,local_flow,1,0.49649092970521547
RF1aCaOF14,onset,0,0.553288567493113
RF1aCaOF14,onset,1,0.562629132231405
RF1aCaOF14,pitch,0,0.47865079365079366
RF1aCaOF14,pitch,1,0.5320181405895692
RF1aCaOF14,speech,0,0.5283376696655278
RF1aCaOF14,speech,1,0.49901257013886713
RF1aCaOF14,volume,0,0.5046655328798185
RF1aCaOF14,volume,1,0.4878628117913832
RF1aCaOF14,word_gap,0,0.5069945094294581
RF1aCaOF14,word_gap,1,0.5050847457627119
RF1aCaOF14,word_head_pos,0,0.5105848301516149
RF1aCaOF14,word_head_pos,1,0.5123454855124708
RF1aCaOF14,word_index,0,0.542146076537611
RF1aCaOF14,word_index,1,0.5335516922818511
RF1aCaOF14,word_length,0,0.49817024661893394
RF1aCaOF14,word_length,1,0.4922207068985112
RF1aCaOF14,word_part_speech,0,0.5099493640874528
RF1aCaOF14,word_part_speech,1,0.5224643939778827
LF1bCb10,delta_volume,0,0.5697108843537415
LF1bCb10,delta_volume,1,0.5168990929705215
LF1bCb10,face_num,0,0.5158688241225333
LF1bCb10,face_num,1,0.521206446759815
LF1bCb10,frame_brightness,0,0.5221598639455782
LF1bCb10,frame_brightness,1,0.5277947845804988
LF1bCb10,global_flow,0,0.461984126984127
LF1bCb10,global_flow,1,0.4729478458049887
LF1bCb10,gpt2_surprisal,0,0.5041383219954648
LF1bCb10,gpt2_surprisal,1,0.5042913832199547
LF1bCb10,local_flow,0,0.513202947845805
LF1bCb10,local_flow,1,0.4907312925170068
LF1bCb10,onset,0,0.5226985766758494
LF1bCb10,onset,1,0.5156393480257117
LF1bCb10,pitch,0,0.512749433106576
LF1bCb10,pitch,1,0.4875170068027211
LF1bCb10,speech,0,0.4668453444510622
LF1bCb10,speech,1,0.5096026247871018
LF1bCb10,volume,0,0.5310600907029478
LF1bCb10,volume,1,0.5271428571428571
LF1bCb10,word_gap,0,0.5078141163364367
LF1bCb10,word_gap,1,0.5123100183019017
LF1bCb10,word_head_pos,0,0.5000261224830987
LF1bCb10,word_head_pos,1,0.5238080310962039
LF1bCb10,word_index,0,0.5332157554379777
LF1bCb10,word_index,1,0.5096721816298536
LF1bCb10,word_length,0,0.5143879986362085
LF1bCb10,word_length,1,0.512018411183089
LF1bCb10,word_part_speech,0,0.48769665870717543
LF1bCb10,word_part_speech,1,0.4840048095649376
LF1cCc2,delta_volume,0,0.6179081632653061
LF1cCc2,delta_volume,1,0.5947052154195012
LF1cCc2,face_num,0,0.48989292744994484
LF1cCc2,face_num,1,0.503112946335686
LF1cCc2,frame_brightness,0,0.5065702947845805
LF1cCc2,frame_brightness,1,0.5241553287981859
LF1cCc2,global_flow,0,0.5273866213151928
LF1cCc2,global_flow,1,0.5093367346938775
LF1cCc2,gpt2_surprisal,0,0.5305442176870748
LF1cCc2,gpt2_surprisal,1,0.5358106575963719
LF1cCc2,local_flow,0,0.5132993197278912
LF1cCc2,local_flow,1,0.5031235827664399
LF1cCc2,onset,0,0.5461002066115702
LF1cCc2,onset,1,0.533244375573921
LF1cCc2,pitch,0,0.4923696145124717
LF1cCc2,pitch,1,0.5317517006802721
LF1cCc2,speech,0,0.4755911517925247
LF1cCc2,speech,1,0.4762233158835146
LF1cCc2,volume,0,0.5243253968253968
LF1cCc2,volume,1,0.5264285714285715
LF1cCc2,word_gap,0,0.5130818811172118
LF1cCc2,word_gap,1,0.4984164876263229
LF1cCc2,word_head_pos,0,0.5126537308130362
LF1cCc2,word_head_pos,1,0.5349518823861321
LF1cCc2,word_index,0,0.5641499398113154
LF1cCc2,word_index,1,0.5635340555975477
LF1cCc2,word_length,0,0.519882941243323
LF1cCc2,word_length,1,0.5121832026366633
LF1cCc2,word_part_speech,0,0.5119138342732307
LF1cCc2,word_part_speech,1,0.4777726972514352
RF1cCc2,delta_volume,0,0.5998582766439908
RF1cCc2,delta_volume,1,0.5686111111111111
RF1cCc2,face_num,0,0.4902690417887038
RF1cCc2,face_num,1,0.5089787295337782
RF1cCc2,frame_brightness,0,0.5170578231292516
RF1cCc2,frame_brightness,1,0.5209070294784581
RF1cCc2,global_flow,0,0.5011961451247166
RF1cCc2,global_flow,1,0.4814342403628118
RF1cCc2,gpt2_surprisal,0,0.5468083900226757
RF1cCc2,gpt2_surprisal,1,0.5079591836734694
RF1cCc2,local_flow,0,0.5175170068027211
RF1cCc2,local_flow,1,0.49718820861678004
RF1cCc2,onset,0,0.5487545913682277
RF1cCc2,onset,1,0.5426997245179064
RF1cCc2,pitch,0,0.47755102040816333
RF1cCc2,pitch,1,0.5282142857142856
RF1cCc2,speech,0,0.5287138334221498
RF1cCc2,speech,1,0.5115827090059872
RF1cCc2,volume,0,0.5114569160997732
RF1cCc2,volume,1,0.47453514739229025
RF1cCc2,word_gap,0,0.508124452932283
RF1cCc2,word_gap,1,0.5170685127715445
RF1cCc2,word_head_pos,0,0.5105900546482346
RF1cCc2,word_head_pos,1,0.5291370176483496
RF1cCc2,word_index,0,0.5228577027518827
RF1cCc2,word_index,1,0.509756165840822
RF1cCc2,word_length,0,0.545908625980225
RF1cCc2,word_length,1,0.5145243777702011
RF1cCc2,word_part_speech,0,0.48424190079425566
RF1cCc2,word_part_speech,1,0.4753509796948297
LT2aA6,delta_volume,0,0.5554421768707483
LT2aA6,delta_volume,1,0.5337471655328798
LT2aA6,face_num,0,0.5031689633648629
LT2aA6,face_num,1,0.5054416542628959
LT2aA6,frame_brightness,0,0.498327664399093
LT2aA6,frame_brightness,1,0.5243310657596372
LT2aA6,global_flow,0,0.48561791383219954
LT2aA6,global_flow,1,0.5196428571428572
LT2aA6,gpt2_surprisal,0,0.49806689342403626
LT2aA6,gpt2_surprisal,1,0.49561224489795913
LT2aA6,local_flow,0,0.47076530612244905
LT2aA6,local_flow,1,0.5118197278911565
LT2aA6,onset,0,0.5334308999081726
LT2aA6,onset,1,0.5325126262626263
LT2aA6,pitch,0,0.48590702947845804
LT2aA6,pitch,1,0.5118877551020409
LT2aA6,speech,0,0.4940701963365829
LT2aA6,speech,1,0.5254798700145241
LT2aA6,volume,0,0.4759750566893424
LT2aA6,volume,1,0.49845804988662124
LT2aA6,word_gap,0,0.5200604758494469
LT2aA6,word_gap,1,0.5199252009230525
LT2aA6,word_head_pos,0,0.47519409004942376
LT2aA6,word_head_pos,1,0.4616469703144102
LT2aA6,word_index,0,0.5233056185437138
LT2aA6,word_index,1,0.5406343607401809
LT2aA6,word_length,0,0.5070689851119446
LT2aA6,word_length,1,0.4972837822479827
LT2aA6,word_part_speech,0,0.4949110061135667
LT2aA6,word_part_speech,1,0.4937255499669766
LT3Ha6,delta_volume,0,0.5260544217687074
LT3Ha6,delta_volume,1,0.5131632653061224
LT3Ha6,face_num,0,0.5132520286166995
LT3Ha6,face_num,1,0.5320577455546486
LT3Ha6,frame_brightness,0,0.5193990929705216
LT3Ha6,frame_brightness,1,0.5224036281179139
LT3Ha6,global_flow,0,0.45001133786848074
LT3Ha6,global_flow,1,0.4992120181405895
LT3Ha6,gpt2_surprisal,0,0.4959523809523809
LT3Ha6,gpt2_surprisal,1,0.5164172335600907
LT3Ha6,local_flow,0,0.4994727891156462
LT3Ha6,local_flow,1,0.5155102040816326
LT3Ha6,onset,0,0.5637482782369145
LT3Ha6,onset,1,0.5690140036730946
LT3Ha6,pitch,0,0.4894387755102041
LT3Ha6,pitch,1,0.5326417233560091
LT3Ha6,speech,0,0.5300774270399047
LT3Ha6,speech,1,0.541576544099976
LT3Ha6,volume,0,0.47789115646258506
LT3Ha6,volume,1,0.4935997732426304
LT3Ha6,word_gap,0,0.5112596482851914
LT3Ha6,word_gap,1,0.5111402880560197
LT3Ha6,word_head_pos,0,0.4910452127937473
LT3Ha6,word_head_pos,1,0.49414333928925946
LT3Ha6,word_index,0,0.5447495870776293
LT3Ha6,word_index,1,0.5571232608269645
LT3Ha6,word_length,0,0.5160359131719513
LT3Ha6,word_length,1,0.49607341743379924
LT3Ha6,word_part_speech,0,0.5031753289640807
LT3Ha6,word_part_speech,1,0.4853257464139952
LT1aIb5,delta_volume,0,0.5093367346938775
LT1aIb5,delta_volume,1,0.5338945578231293
LT1aIb5,face_num,0,0.47867351674909175
LT1aIb5,face_num,1,0.5128278996815032
LT1aIb5,frame_brightness,0,0.5237244897959183
LT1aIb5,frame_brightness,1,0.531814058956916
LT1aIb5,global_flow,0,0.44617913832199546
LT1aIb5,global_flow,1,0.4409297052154195
LT1aIb5,gpt2_surprisal,0,0.5027607709750567
LT1aIb5,gpt2_surprisal,1,0.4899829931972789
LT1aIb5,local_flow,0,0.4825226757369614
LT1aIb5,local_flow,1,0.5010034013605442
LT1aIb5,onset,0,0.5768336776859504
LT1aIb5,onset,1,0.6154011707988981
LT1aIb5,pitch,0,0.48387188208616777
LT1aIb5,pitch,1,0.5131972789115646
LT1aIb5,speech,0,0.5328516347449923
LT1aIb5,speech,1,0.520161332455618
LT1aIb5,volume,0,0.4759070294784581
LT1aIb5,volume,1,0.47119047619047616
LT1aIb5,word_gap,0,0.5042651388557333
LT1aIb5,word_gap,1,0.48824699610089917
LT1aIb5,word_head_pos,0,0.46110362266595617
LT1aIb5,word_head_pos,1,0.48387197893482964
LT1aIb5,word_index,0,0.5179026343047507
LT1aIb5,word_index,1,0.5523921502757482
LT1aIb5,word_length,0,0.5360097738379361
LT1aIb5,word_length,1,0.49886350721672923
LT1aIb5,word_part_speech,0,0.44576538129350196
LT1aIb5,word_part_speech,1,0.48390319903808704
LF3aOFa8,delta_volume,0,0.5415192743764172
LF3aOFa8,delta_volume,1,0.5152551020408164
LF3aOFa8,face_num,0,0.478417438901426
LF3aOFa8,face_num,1,0.47906563595332985
LF3aOFa8,frame_brightness,0,0.5110204081632652
LF3aOFa8,frame_brightness,1,0.5172732426303854
LF3aOFa8,global_flow,0,0.4601814058956915
LF3aOFa8,global_flow,1,0.4802437641723356
LF3aOFa8,gpt2_surprisal,0,0.4828968253968254
LF3aOFa8,gpt2_surprisal,1,0.4815022675736961
LF3aOFa8,local_flow,0,0.49645124716553285
LF3aOFa8,local_flow,1,0.5206575963718821
LF3aOFa8,onset,0,0.48667068411386594
LF3aOFa8,onset,1,0.48758895775941224
LF3aOFa8,pitch,0,0.5140759637188208
LF3aOFa8,pitch,1,0.5356405895691609
LF3aOFa8,speech,0,0.5346540860788063
LF3aOFa8,speech,1,0.5210129254046373
LF3aOFa8,volume,0,0.4814625850340136
LF3aOFa8,volume,1,0.43633786848072564
LF3aOFa8,word_gap,0,0.5067557889711148
LF3aOFa8,word_gap,1,0.4991087769555185
LF3aOFa8,word_head_pos,0,0.4698964504769966
LF3aOFa8,word_head_pos,1,0.4532250817633721
LF3aOFa8,word_index,0,0.4824053078021332
LF3aOFa8,word_index,1,0.5026455026455026
LF3aOFa8,word_length,0,0.5514092510512558
LF3aOFa8,word_length,1,0.5286850778497557
LF3aOFa8,word_part_speech,0,0.4820572744669681
LF3aOFa8,word_part_speech,1,0.4936070043523175
LF3bIa4,delta_volume,0,0.5376984126984128
LF3bIa4,delta_volume,1,0.5288293650793651
LF3bIa4,face_num,0,0.4982154574990797
LF3bIa4,face_num,1,0.5031289512011652
LF3bIa4,frame_brightness,0,0.5433560090702948
LF3bIa4,frame_brightness,1,0.5715249433106576
LF3bIa4,global_flow,0,0.42915532879818596
LF3bIa4,global_flow,1,0.49805555555555553
LF3bIa4,gpt2_surprisal,0,0.5265079365079365
LF3bIa4,gpt2_surprisal,1,0.5099263038548754
LF3bIa4,local_flow,0,0.49325963718820864
LF3bIa4,local_flow,1,0.5133446712018139
LF3bIa4,onset,0,0.5155963039485767
LF3bIa4,onset,1,0.5047348484848485
LF3bIa4,pitch,0,0.4944784580498866
LF3bIa4,pitch,1,0.5471315192743764
LF3bIa4,speech,0,0.50041795972958
LF3bIa4,speech,1,0.5109348714251382
LF3bIa4,volume,0,0.476734693877551
LF3bIa4,volume,1,0.46147392290249434
LF3bIa4,word_gap,0,0.49487546749423095
LF3bIa4,word_gap,1,0.5202434948675101
LF3bIa4,word_head_pos,0,0.4819075682058033
LF3bIa4,word_head_pos,1,0.48424291819483195
LF3bIa4,word_index,0,0.5159430027154894
LF3bIa4,word_index,1,0.5074605974076873
LF3bIa4,word_length,0,0.5226105239231731
LF3bIa4,word_length,1,0.4877486077963405
LF3bIa4,word_part_speech,0,0.507121204423445
LF3bIa4,word_part_speech,1,0.4763670849633356
LT2bHb5,delta_volume,0,0.533157596371882
LT2bHb5,delta_volume,1,0.5290022675736962
LT2bHb5,face_num,0,0.5318336774379412
LT2bHb5,face_num,1,0.5266080888590131
LT2bHb5,frame_brightness,0,0.5239852607709751
LT2bHb5,frame_brightness,1,0.5313265306122448
LT2bHb5,global_flow,0,0.45509070294784576
LT2bHb5,global_flow,1,0.46340136054421766
LT2bHb5,gpt2_surprisal,0,0.5062755102040817
LT2bHb5,gpt2_surprisal,1,0.5189739229024943
LT2bHb5,local_flow,0,0.49160997732426304
LT2bHb5,local_flow,1,0.4895975056689343
LT2bHb5,onset,0,0.5798898071625345
LT2bHb5,onset,1,0.5821280991735537
LT2bHb5,pitch,0,0.4875850340136054
LT2bHb5,pitch,1,0.5169444444444444
LT2bHb5,speech,0,0.5281391387939772
LT2bHb5,speech,1,0.5380865803579825
LT2bHb5,volume,0,0.47916666666666663
LT2bHb5,volume,1,0.4708163265306122
LT2bHb5,word_gap,0,0.5410519614864326
LT2bHb5,word_gap,1,0.5382271027293706
LT2bHb5,word_head_pos,0,0.4819075682058034
LT2bHb5,word_head_pos,1,0.4715317179189785
LT2bHb5,word_index,0,0.5410542817950226
LT2bHb5,word_index,1,0.5486688502561519
LT2bHb5,word_length,0,0.5282020684168656
LT2bHb5,word_length,1,0.5031708148653256
LT2bHb5,word_part_speech,0,0.5107114430388321
LT2bHb5,word_part_speech,1,0.4852580060627615
LT1cCd5,delta_volume,0,0.5643197278911565
LT1cCd5,delta_volume,1,0.5487244897959184
LT1cCd5,face_num,0,0.4965669563547318
LT1cCd5,face_num,1,0.48712408572205945
LT1cCd5,frame_brightness,0,0.5248129251700681
LT1cCd5,frame_brightness,1,0.5044614512471655
LT1cCd5,global_flow,0,0.47861678004535146
LT1cCd5,global_flow,1,0.5022165532879819
LT1cCd5,gpt2_surprisal,0,0.5146371882086168
LT1cCd5,gpt2_surprisal,1,0.5278571428571428
LT1cCd5,local_flow,0,0.5028061224489796
LT1cCd5,local_flow,1,0.5220691609977324
LT1cCd5,onset,0,0.5790002295684115
LT1cCd5,onset,1,0.564537419651056
LT1cCd5,pitch,0,0.5125566893424036
LT1cCd5,pitch,1,0.5465476190476191
LT1cCd5,speech,0,0.5238916230421199
LT1cCd5,speech,1,0.5396539293439078
LT1cCd5,volume,0,0.4739087301587302
LT1cCd5,volume,1,0.487687074829932
LT1cCd5,word_gap,0,0.5101297047823665
LT1cCd5,word_gap,1,0.5168377496618126
LT1cCd5,word_head_pos,0,0.4829890390060917
LT1cCd5,word_head_pos,1,0.4970481594098409
LT1cCd5,word_index,0,0.512583634276756
LT1cCd5,word_index,1,0.5351193975532601
LT1cCd5,word_length,0,0.5025571087623594
LT1cCd5,word_length,1,0.4960450051142175
LT1cCd5,word_part_speech,0,0.515978255347254
LT1cCd5,word_part_speech,1,0.4669850463174652
LT1bId1,delta_volume,0,0.5917233560090702
LT1bId1,delta_volume,1,0.5853628117913833
LT1bId1,face_num,0,0.5140282645924361
LT1bId1,face_num,1,0.5032409852595189
LT1bId1,frame_brightness,0,0.5411791383219955
LT1bId1,frame_brightness,1,0.5533390022675737
LT1bId1,global_flow,0,0.5007256235827664
LT1bId1,global_flow,1,0.4928911564625851
LT1bId1,gpt2_surprisal,0,0.4963208616780045
LT1bId1,gpt2_surprisal,1,0.4968650793650794
LT1bId1,local_flow,0,0.4949716553287982
LT1bId1,local_flow,1,0.5155385487528344
LT1bId1,onset,0,0.5473915289256198
LT1bId1,onset,1,0.5650969926538107
LT1bId1,pitch,0,0.49677437641723354
LT1bId1,pitch,1,0.5201984126984127
LT1bId1,speech,0,0.49421648224193593
LT1bId1,speech,1,0.528813098857925
LT1bId1,volume,0,0.4872278911564626
LT1bId1,volume,1,0.47716553287981867
LT1bId1,word_gap,0,0.5170525980743216
LT1bId1,word_gap,1,0.5086018938489695
LT1bId1,word_head_pos,0,0.4927327252019268
LT1bId1,word_head_pos,1,0.5020166556952237
LT1bId1,word_index,0,0.4749027182889617
LT1bId1,word_index,1,0.4916155762716609
LT1bId1,word_length,0,0.5146891692237754
LT1bId1,word_length,1,0.4869928400954654
LT1bId1,word_part_speech,0,0.48817084116581144
LT1bId1,word_part_speech,1,0.4827854832427307
LF3cIc5,delta_volume,0,0.5672392290249433
LF3cIc5,delta_volume,1,0.5764569160997732
LF3cIc5,face_num,0,0.5023127030617308
LF3cIc5,face_num,1,0.5132920407803973
LF3cIc5,frame_brightness,0,0.5204591836734693
LF3cIc5,frame_brightness,1,0.5367290249433107
LF3cIc5,global_flow,0,0.44475623582766444
LF3cIc5,global_flow,1,0.4976700680272108
LF3cIc5,gpt2_surprisal,0,0.5141638321995464
LF3cIc5,gpt2_surprisal,1,0.5490816326530612
LF3cIc5,local_flow,0,0.49321712018140595
LF3cIc5,local_flow,1,0.5156179138321995
LF3cIc5,onset,0,0.5499024334251607
LF3cIc5,onset,1,0.5577364554637282
LF3cIc5,pitch,0,0.5190759637188209
LF3cIc5,pitch,1,0.5516723356009071
LF3cIc5,speech,0,0.5051774761501729
LF3cIc5,speech,1,0.5148218969102326
LF3cIc5,volume,0,0.4931292517006803
LF3cIc5,volume,1,0.4793707482993197
LF3cIc5,word_gap,0,0.5210153576828201
LF3cIc5,word_gap,1,0.5187236412827245
LF3cIc5,word_head_pos,0,0.49523525908278737
LF3cIc5,word_head_pos,1,0.5149734073122055
LF3cIc5,word_index,0,0.5551076397637245
LF3cIc5,word_index,1,0.5365751238767111
LF3cIc5,word_length,0,0.4944880100011365
LF3cIc5,word_length,1,0.4979713603818616
LF3cIc5,word_part_speech,0,0.47994038849091436
LF3cIc5,word_part_speech,1,0.4772477095293739
LF1aCaOF7,delta_volume,0,0.5400453514739229
LF1aCaOF7,delta_volume,1,0.5286904761904763
LF1aCaOF7,face_num,0,0.5006561994846433
LF1aCaOF7,face_num,1,0.49839951345208944
LF1aCaOF7,frame_brightness,0,0.5396995464852608
LF1aCaOF7,frame_brightness,1,0.5428401360544217
LF1aCaOF7,global_flow,0,0.4688492063492064
LF1aCaOF7,global_flow,1,0.47600907029478456
LF1aCaOF7,gpt2_surprisal,0,0.5148185941043083
LF1aCaOF7,gpt2_surprisal,1,0.526734693877551
LF1aCaOF7,local_flow,0,0.5240816326530612
LF1aCaOF7,local_flow,1,0.5351303854875283
LF1aCaOF7,onset,0,0.5368170339761249
LF1aCaOF7,onset,1,0.561266069788797
LF1aCaOF7,pitch,0,0.5019331065759637
LF1aCaOF7,pitch,1,0.5262585034013605
LF1aCaOF7,speech,0,0.4880672497204894
LF1aCaOF7,speech,1,0.4920326426548802
LF1aCaOF7,volume,0,0.4528968253968254
LF1aCaOF7,volume,1,0.4535204081632654
LF1aCaOF7,word_gap,0,0.528097397947004
LF1aCaOF7,word_gap,1,0.529927588127636
LF1aCaOF7,word_head_pos,0,0.4973093842408284
LF1aCaOF7,word_head_pos,1,0.5267859941694618
LF1aCaOF7,word_index,0,0.5346714817614289
LF1aCaOF7,word_index,1,0.5105960079505053
LF1aCaOF7,word_length,0,0.49524946016592797
LF1aCaOF7,word_length,1,0.5132287759972725
LF1aCaOF7,word_part_speech,0,0.513658148317499
LF1aCaOF7,word_part_speech,1,0.4716760656404003
RF1aCaOF3,delta_volume,0,0.5396995464852608
RF1aCaOF3,delta_volume,1,0.5661564625850339
RF1aCaOF3,face_num,0,0.4568108705046334
RF1aCaOF3,face_num,1,0.48558761863606537
RF1aCaOF3,frame_brightness,0,0.48901360544217687
RF1aCaOF3,frame_brightness,1,0.48612811791383215
RF1aCaOF3,global_flow,0,0.4747052154195011
RF1aCaOF3,global_flow,1,0.454155328798186
RF1aCaOF3,gpt2_surprisal,0,0.5688208616780045
RF1aCaOF3,gpt2_surprisal,1,0.5521655328798186
RF1aCaOF3,local_flow,0,0.5029761904761905
RF1aCaOF3,local_flow,1,0.508922902494331
RF1aCaOF3,onset,0,0.5212207300275482
RF1aCaOF3,onset,1,0.5320678374655647
RF1aCaOF3,pitch,0,0.51343537414966
RF1aCaOF3,pitch,1,0.5390816326530612
RF1aCaOF3,speech,0,0.5076173160715965
RF1aCaOF3,speech,1,0.5218279468773184
RF1aCaOF3,volume,0,0.45503401360544216
RF1aCaOF3,volume,1,0.42779478458049885
RF1aCaOF3,word_gap,0,0.5176653139174028
RF1aCaOF3,word_gap,1,0.4795814434630381
RF1aCaOF3,word_head_pos,0,0.46545562835020843
RF1aCaOF3,word_head_pos,1,0.5077505407354002
RF1aCaOF3,word_index,0,0.5263850396125529
RF1aCaOF3,word_index,1,0.5566193555611545
RF1aCaOF3,word_length,0,0.5199397658824867
RF1aCaOF3,word_length,1,0.47040572792362767
RF1aCaOF3,word_part_speech,0,0.48779826923402597
RF1aCaOF3,word_part_speech,1,0.4842419007942556
RF1aCaOF15,delta_volume,0,0.5381972789115647
RF1aCaOF15,delta_volume,1,0.5334297052154194
RF1aCaOF15,face_num,0,0.5042652966501816
RF1aCaOF15,face_num,1,0.548014596437317
RF1aCaOF15,frame_brightness,0,0.5071825396825397
RF1aCaOF15,frame_brightness,1,0.5107086167800454
RF1aCaOF15,global_flow,0,0.5103344671201814
RF1aCaOF15,global_flow,1,0.4826020408163265
RF1aCaOF15,gpt2_surprisal,0,0.5488832199546485
RF1aCaOF15,gpt2_surprisal,1,0.5250566893424036
RF1aCaOF15,local_flow,0,0.5168083900226756
RF1aCaOF15,local_flow,1,0.5176927437641723
RF1aCaOF15,onset,0,0.5359131083562901
RF1aCaOF15,onset,1,0.5892160238751147
RF1aCaOF15,pitch,0,0.48929705215419494
RF1aCaOF15,pitch,1,0.5187301587301588
RF1aCaOF15,speech,0,0.490381701723039
RF1aCaOF15,speech,1,0.498239344639144
RF1aCaOF15,volume,0,0.5165192743764172
RF1aCaOF15,volume,1,0.5026814058956917
RF1aCaOF15,word_gap,0,0.5156123179756505
RF1aCaOF15,word_gap,1,0.5016073844195115
RF1aCaOF15,word_head_pos,0,0.5124760979279647
RF1aCaOF15,word_head_pos,1,0.5283272206722882
RF1aCaOF15,word_index,0,0.5418661291677165
RF1aCaOF15,word_index,1,0.5286246185717085
RF1aCaOF15,word_length,0,0.5304977838390726
RF1aCaOF15,word_length,1,0.5327878167973633
RF1aCaOF15,word_part_speech,0,0.49409812189876207
RF1aCaOF15,word_part_speech,1,0.5325915764873241
RF1bCb1,delta_volume,0,0.5765873015873016
RF1bCb1,delta_volume,1,0.5399319727891156
RF1bCb1,face_num,0,0.48628383028440647
RF1bCb1,face_num,1,0.5171332084953826
RF1bCb1,frame_brightness,0,0.5249773242630386
RF1bCb1,frame_brightness,1,0.524359410430839
RF1bCb1,global_flow,0,0.5211394557823128
RF1bCb1,global_flow,1,0.5293764172335601
RF1bCb1,gpt2_surprisal,0,0.5196768707482993
RF1bCb1,gpt2_surprisal,1,0.5235487528344671
RF1bCb1,local_flow,0,0.5093764172335601
RF1bCb1,local_flow,1,0.5263945578231293
RF1bCb1,onset,0,0.5126980027548209
RF1bCb1,onset,1,0.5449523645546372
RF1bCb1,pitch,0,0.5076984126984126
RF1bCb1,pitch,1,0.5295181405895693
RF1bCb1,speech,0,0.4962592604202585
RF1bCb1,speech,1,0.5216712119787259
RF1bCb1,volume,0,0.5029988662131519
RF1bCb1,volume,1,0.5075963718820862
RF1bCb1,word_gap,0,0.4945412588525503
RF1bCb1,word_gap,1,0.5070581682183496
RF1bCb1,word_head_pos,0,0.48017303532804617
RF1bCb1,word_head_pos,1,0.5096914412296376
RF1bCb1,word_index,0,0.5465972397189328
RF1bCb1,word_index,1,0.5276168080400885
RF1bCb1,word_length,0,0.5098249801113763
RF1bCb1,word_length,1,0.49431753608364587
RF1bCb1,word_part_speech,0,0.5158258395569781
RF1bCb1,word_part_speech,1,0.47822994462226287
LF1cCc3,delta_volume,0,0.6315079365079366
LF1cCc3,delta_volume,1,0.578265306122449
LF1cCc3,face_num,0,0.484323234263216
LF1cCc3,face_num,1,0.5129159264416383
LF1cCc3,frame_brightness,0,0.5096201814058956
LF1cCc3,frame_brightness,1,0.500640589569161
LF1cCc3,global_flow,0,0.5156746031746031
LF1cCc3,global_flow,1,0.5129591836734695
LF1cCc3,gpt2_surprisal,0,0.5185544217687075
LF1cCc3,gpt2_surprisal,1,0.5326870748299319
LF1cCc3,local_flow,0,0.5198185941043083
LF1cCc3,local_flow,1,0.519812925170068
LF1cCc3,onset,0,0.5620265151515151
LF1cCc3,onset,1,0.5661013544536271
LF1cCc3,pitch,0,0.49917233560090707
LF1cCc3,pitch,1,0.5421145124716553
LF1cCc3,speech,0,0.49637942384251277
LF1cCc3,speech,1,0.5030406570326948
LF1cCc3,volume,0,0.5478628117913833
LF1cCc3,volume,1,0.5146598639455782
LF1cCc3,word_gap,0,0.505355295615501
LF1cCc3,word_gap,1,0.5225988700564972
LF1cCc3,word_head_pos,0,0.5255739109536797
LF1cCc3,word_head_pos,1,0.5329143287044292
LF1cCc3,word_index,0,0.5660535819265978
LF1cCc3,word_index,1,0.5485848660451835
LF1cCc3,word_length,0,0.5317649732924196
LF1cCc3,word_length,1,0.5183373110580748
LF1cCc3,word_part_speech,0,0.5162322816643805
LF1cCc3,word_part_speech,1,0.4818540534132669
RF1cCc3,delta_volume,0,0.5990873015873015
RF1cCc3,delta_volume,1,0.591360544217687
RF1cCc3,face_num,0,0.4892527328307806
RF1cCc3,face_num,1,0.5013444087002449
RF1cCc3,frame_brightness,0,0.5012585034013606
RF1cCc3,frame_brightness,1,0.5258673469387755
RF1cCc3,global_flow,0,0.492953514739229
RF1cCc3,global_flow,1,0.47444444444444445
RF1cCc3,gpt2_surprisal,0,0.5275170068027212
RF1cCc3,gpt2_surprisal,1,0.49893990929705223
RF1cCc3,local_flow,0,0.5230895691609978
RF1cCc3,local_flow,1,0.5107879818594104
RF1cCc3,onset,0,0.5495293847566574
RF1cCc3,onset,1,0.5390840220385674
RF1cCc3,pitch,0,0.508219954648526
RF1cCc3,pitch,1,0.540640589569161
RF1cCc3,speech,0,0.5089182157299145
RF1cCc3,speech,1,0.5078680919093446
RF1cCc3,volume,0,0.49413832199546487
RF1cCc3,volume,1,0.4669444444444445
RF1cCc3,word_gap,0,0.5142834407575395
RF1cCc3,word_gap,1,0.5002944218986234
RF1cCc3,word_head_pos,0,0.5193463109829368
RF1cCc3,word_head_pos,1,0.5452545897202805
RF1cCc3,word_index,0,0.5101200974216847
RF1cCc3,word_index,1,0.516166960611405
RF1cCc3,word_length,0,0.5540345493806115
RF1cCc3,word_length,1,0.5412660529605637
RF1cCc3,word_part_speech,0,0.5279682975156226
RF1cCc3,word_part_speech,1,0.425375535572152
LT2aA7,delta_volume,0,0.5227891156462585
LT2aA7,delta_volume,1,0.5198412698412698
LT2aA7,face_num,0,0.5134440870024488
LT2aA7,face_num,1,0.5376834557705542
LT2aA7,frame_brightness,0,0.5144841269841269
LT2aA7,frame_brightness,1,0.5441213151927438
LT2aA7,global_flow,0,0.45795918367346933
LT2aA7,global_flow,1,0.4840249433106576
LT2aA7,gpt2_surprisal,0,0.49208616780045356
LT2aA7,gpt2_surprisal,1,0.4897335600907029
LT2aA7,local_flow,0,0.4719104308390022
LT2aA7,local_flow,1,0.5125736961451247
LT2aA7,onset,0,0.5438045224977044
LT2aA7,onset,1,0.5672491965105602
LT2aA7,pitch,0,0.48597505668934243
LT2aA7,pitch,1,0.5461848072562359
LT2aA7,speech,0,0.5146651620116401
LT2aA7,speech,1,0.5403017669247568
LT2aA7,volume,0,0.47772108843537414
LT2aA7,volume,1,0.45683673469387753
LT2aA7,word_gap,0,0.5173231479271108
LT2aA7,word_gap,1,0.5121906580727301
LT2aA7,word_head_pos,0,0.48194936417876144
LT2aA7,word_head_pos,1,0.4870119014032998
LT2aA7,word_index,0,0.5025615184345343
LT2aA7,word_index,1,0.5214859606393999
LT2aA7,word_length,0,0.5123252642345721
LT2aA7,word_length,1,0.49136833731105806
LT2aA7,word_part_speech,0,0.46771325509322764
LT2aA7,word_part_speech,1,0.48998289556131347
LT3Ha7,delta_volume,0,0.510952380952381
LT3Ha7,delta_volume,1,0.5149886621315193
LT3Ha7,face_num,0,0.5130119556345129
LT3Ha7,face_num,1,0.5298890862822297
LT3Ha7,frame_brightness,0,0.5286054421768708
LT3Ha7,frame_brightness,1,0.4991383219954648
LT3Ha7,global_flow,0,0.459234693877551
LT3Ha7,global_flow,1,0.4988378684807256
LT3Ha7,gpt2_surprisal,0,0.4938378684807256
LT3Ha7,gpt2_surprisal,1,0.5022789115646259
LT3Ha7,local_flow,0,0.5031859410430839
LT3Ha7,local_flow,1,0.4907709750566893
LT3Ha7,onset,0,0.5830033287419651
LT3Ha7,onset,1,0.5881686179981634
LT3Ha7,pitch,0,0.500498866213152
LT3Ha7,pitch,1,0.5459268707482994
LT3Ha7,speech,0,0.521901089829995
LT3Ha7,speech,1,0.5371409464698076
LT3Ha7,volume,0,0.48743764172335596
LT3Ha7,volume,1,0.5037018140589569
LT3Ha7,word_gap,0,0.5013925360070025
LT3Ha7,word_gap,1,0.5245245484204664
LT3Ha7,word_head_pos,0,0.4923461124520652
LT3Ha7,word_head_pos,1,0.4844989185291997
LT3Ha7,word_index,0,0.5421180818006215
LT3Ha7,word_index,1,0.5561714397693234
LT3Ha7,word_length,0,0.5299068075917718
LT3Ha7,word_length,1,0.49155585862029777
LT3Ha7,word_part_speech,0,0.5113888465511693
LT3Ha7,word_part_speech,1,0.4930820166302563
LT1aIb6,delta_volume,0,0.5280045351473923
LT1aIb6,delta_volume,1,0.548718820861678
LT1aIb6,face_num,0,0.4903250588178806
LT1aIb6,face_num,1,0.5029609001136346
LT1aIb6,frame_brightness,0,0.5205045351473923
LT1aIb6,frame_brightness,1,0.5222902494331065
LT1aIb6,global_flow,0,0.4555102040816326
LT1aIb6,global_flow,1,0.45234693877551013
LT1aIb6,gpt2_surprisal,0,0.493718820861678
LT1aIb6,gpt2_surprisal,1,0.508718820861678
LT1aIb6,local_flow,0,0.4777040816326531
LT1aIb6,local_flow,1,0.49685374149659867
LT1aIb6,onset,0,0.5567320936639119
LT1aIb6,onset,1,0.5993744260789715
LT1aIb6,pitch,0,0.4945124716553288
LT1aIb6,pitch,1,0.5201190476190476
LT1aIb6,speech,0,0.5495125544653773
LT1aIb6,speech,1,0.5328046142754146
LT1aIb6,volume,0,0.4789909297052154
LT1aIb6,volume,1,0.45361111111111113
LT1aIb6,word_gap,0,0.5049096840932601
LT1aIb6,word_gap,1,0.48172197023951624
LT1aIb6,word_head_pos,0,0.4828323041074993
LT1aIb6,word_head_pos,1,0.4878634943523192
LT1aIb6,word_index,0,0.493883149967806
LT1aIb6,word_index,1,0.5212060132695053
LT1aIb6,word_length,0,0.5394590294351631
LT1aIb6,word_length,1,0.49362427548585064
LT1aIb6,word_part_speech,0,0.4654947585903233
LT1aIb6,word_part_speech,1,0.48420803061863876
LF3aOFa9,delta_volume,0,0.5335884353741497
LF3aOFa9,delta_volume,1,0.536921768707483
LF3aOFa9,face_num,0,0.47828139754485366
LF3aOFa9,face_num,1,0.49838350858661035
LF3aOFa9,frame_brightness,0,0.5036281179138322
LF3aOFa9,frame_brightness,1,0.5126870748299319
LF3aOFa9,global_flow,0,0.4651927437641723
LF3aOFa9,global_flow,1,0.4669869614512472
LF3aOFa9,gpt2_surprisal,0,0.5057936507936508
LF3aOFa9,gpt2_surprisal,1,0.47369614512471653
LF3aOFa9,local_flow,0,0.5086224489795919
LF3aOFa9,local_flow,1,0.5180442176870748
LF3aOFa9,onset,0,0.4795540633608815
LF3aOFa9,onset,1,0.4904011707988981
LF3aOFa9,pitch,0,0.4845691609977324
LF3aOFa9,pitch,1,0.4963832199546485
LF3aOFa9,speech,0,0.494718033917432
LF3aOFa9,speech,1,0.5047699654138325
LF3aOFa9,volume,0,0.46523809523809523
LF3aOFa9,volume,1,0.44749433106575964
LF3aOFa9,word_gap,0,0.5166945173868067
LF3aOFa9,word_gap,1,0.4828996578340097
LF3aOFa9,word_head_pos,0,0.46996959342967304
LF3aOFa9,word_head_pos,1,0.4683447749809305
LF3aOFa9,word_index,0,0.4830771814898799
LF3aOFa9,word_index,1,0.5236695501245766
LF3aOFa9,word_length,0,0.505216501875213
LF3aOFa9,word_length,1,0.5023241277417888
LF3aOFa9,word_part_speech,0,0.47399617267015526
LF3aOFa9,word_part_speech,1,0.46947450422530446
LF3bIa5,delta_volume,0,0.497624716553288
LF3bIa5,delta_volume,1,0.503951247165533
LF3bIa5,face_num,0,0.48099422224356203
LF3bIa5,face_num,1,0.5081864886925624
LF3bIa5,frame_brightness,0,0.5314172335600906
LF3bIa5,frame_brightness,1,0.5235770975056689
LF3bIa5,global_flow,0,0.4319727891156463
LF3bIa5,global_flow,1,0.48087868480725626
LF3bIa5,gpt2_surprisal,0,0.5164569160997732
LF3bIa5,gpt2_surprisal,1,0.5063718820861678
LF3bIa5,local_flow,0,0.4727551020408164
LF3bIa5,local_flow,1,0.5100283446712018
LF3bIa5,onset,0,0.508235766758494
LF3bIa5,onset,1,0.5188389577594122
LF3bIa5,pitch,0,0.4828401360544218
LF3bIa5,pitch,1,0.5175566893424036
LF3bIa5,speech,0,0.5175908801187006
LF3bIa5,speech,1,0.5020793496546607
LF3bIa5,volume,0,0.46798752834467117
LF3bIa5,volume,1,0.4679648526077097
LF3bIa5,word_gap,0,0.5157714649478794
LF3bIa5,word_gap,1,0.5218986233786902
LF3bIa5,word_head_pos,0,0.4882788418335893
LF3bIa5,word_head_pos,1,0.4619970115879335
LF3bIa5,word_index,0,0.5001819657904314
LF3bIa5,word_index,1,0.5551916239746928
LF3bIa5,word_length,0,0.5466814410728491
LF3bIa5,word_length,1,0.4999261279690873
LF3bIa5,word_part_speech,0,0.4867990990533286
LF3bIa5,word_part_speech,1,0.4517265322020695
LT2bHb6,delta_volume,0,0.524546485260771
LT2bHb6,delta_volume,1,0.5222732426303854
LT2bHb6,face_num,0,0.5410364750884269
LT2bHb6,face_num,1,0.5234311230614106
LT2bHb6,frame_brightness,0,0.5185997732426304
LT2bHb6,frame_brightness,1,0.527891156462585
LT2bHb6,global_flow,0,0.45575963718820867
LT2bHb6,global_flow,1,0.4766269841269841
LT2bHb6,gpt2_surprisal,0,0.5134750566893423
LT2bHb6,gpt2_surprisal,1,0.5109467120181406
LT2bHb6,local_flow,0,0.4993764172335601
LT2bHb6,local_flow,1,0.48566893424036284
LT2bHb6,onset,0,0.5756284435261708
LT2bHb6,onset,1,0.5737632001836548
LT2bHb6,pitch,0,0.4792176870748299
LT2bHb6,pitch,1,0.5120068027210884
LT2bHb6,speech,0,0.5106422996144322
LT2bHb6,speech,1,0.5393509085399621
LT2bHb6,volume,0,0.46929138321995467
LT2bHb6,volume,1,0.4814512471655329
LT2bHb6,word_gap,0,0.5219384101217474
LT2bHb6,word_gap,1,0.5439723084268322
LT2bHb6,word_head_pos,0,0.49107655977346576
LT2bHb6,word_head_pos,1,0.4876910859638674
LT2bHb6,word_index,0,0.5492847344699197
LT2bHb6,word_index,1,0.5491727555219619
LT2bHb6,word_length,0,0.5160813728832823
LT2bHb6,word_length,1,0.5014206159790885
LT2bHb6,word_part_speech,0,0.5154193974495758
LT2bHb6,word_part_speech,1,0.47897508848583387
LT1cCd6,delta_volume,0,0.5744274376417233
LT1cCd6,delta_volume,1,0.5638378684807257
LT1cCd6,face_num,0,0.4989356764456395
LT1cCd6,face_num,1,0.4926217570141323
LT1cCd6,frame_brightness,0,0.5211621315192744
LT1cCd6,frame_brightness,1,0.49263038548752835
LT1cCd6,global_flow,0,0.472562358276644
LT1cCd6,global_flow,1,0.5123015873015873
LT1cCd6,gpt2_surprisal,0,0.5079591836734694
LT1cCd6,gpt2_surprisal,1,0.5322505668934241
LT1cCd6,local_flow,0,0.508202947845805
LT1cCd6,local_flow,1,0.5118764172335601
LT1cCd6,onset,0,0.5851698806244261
LT1cCd6,onset,1,0.5614525941230487
LT1cCd6,pitch,0,0.5170748299319728
LT1cCd6,pitch,1,0.5424206349206349
LT1cCd6,speech,0,0.5084532355307566
LT1cCd6,speech,1,0.5271203619531258
LT1cCd6,volume,0,0.4847845804988662
LT1cCd6,volume,1,0.5034637188208617
LT1cCd6,word_gap,0,0.4921460969205061
LT1cCd6,word_gap,1,0.5123179756505132
LT1cCd6,word_head_pos,0,0.48542365443089563
LT1cCd6,word_head_pos,1,0.5032339634076257
LT1cCd6,word_index,0,0.507628565829624
LT1cCd6,word_index,1,0.5357632765040172
LT1cCd6,word_length,0,0.5212183202636663
LT1cCd6,word_length,1,0.5108194112967381
LT1cCd6,word_part_speech,0,0.5132855763857136
LT1cCd6,word_part_speech,1,0.4735219902115192
LT1bId2,delta_volume,0,0.6175510204081633
LT1bId2,delta_volume,1,0.5713718820861678
LT1bId2,face_num,0,0.4500968294361486
LT1bId2,face_num,1,0.4927738032361838
LT1bId2,frame_brightness,0,0.49819160997732426
LT1bId2,frame_brightness,1,0.5481746031746032
LT1bId2,global_flow,0,0.4839795918367346
LT1bId2,global_flow,1,0.5072619047619048
LT1bId2,gpt2_surprisal,0,0.5331802721088434
LT1bId2,gpt2_surprisal,1,0.5292403628117914
LT1bId2,local_flow,0,0.5029024943310657
LT1bId2,local_flow,1,0.5041609977324263
LT1bId2,onset,0,0.5696596648301193
LT1bId2,onset,1,0.5004447887970616
LT1bId2,pitch,0,0.5002267573696144
LT1bId2,pitch,1,0.5255102040816326
LT1bId2,speech,0,0.515443612007983
LT1bId2,speech,1,0.4796140141897328
LT1bId2,volume,0,0.5356632653061224
LT1bId2,volume,1,0.5167006802721088
LT1bId2,word_gap,0,0.5149439006922893
LT1bId2,word_gap,1,0.5366992917959735
LT1bId2,word_head_pos,0,0.49524570807602686
LT1bId2,word_head_pos,1,0.46073790790257363
LT1bId2,word_index,0,0.5587469555723523
LT1bId2,word_index,1,0.5199462501049803
LT1bId2,word_length,0,0.5153369701102398
LT1bId2,word_length,1,0.49959654506193885
LT1bId2,word_part_speech,0,0.5385188572202747
LT1bId2,word_part_speech,1,0.5340141238632322
LF3cIc6,delta_volume,0,0.5831689342403628
LF3cIc6,delta_volume,1,0.5856292517006803
LF3cIc6,face_num,0,0.512239720875146
LF3cIc6,face_num,1,0.48707607112562223
LF3cIc6,frame_brightness,0,0.5028061224489796
LF3cIc6,frame_brightness,1,0.5133730158730159
LF3cIc6,global_flow,0,0.45110544217687076
LF3cIc6,global_flow,1,0.5110034013605442
LF3cIc6,gpt2_surprisal,0,0.5110374149659864
LF3cIc6,gpt2_surprisal,1,0.5330272108843537
LF3cIc6,local_flow,0,0.49884353741496595
LF3cIc6,local_flow,1,0.5113208616780045
LF3cIc6,onset,0,0.5435032139577594
LF3cIc6,onset,1,0.5338469926538109
LF3cIc6,pitch,0,0.5010770975056689
LF3cIc6,pitch,1,0.5496371882086168
LF3cIc6,speech,0,0.5192209230640628
LF3cIc6,speech,1,0.5104071972665434
LF3cIc6,volume,0,0.5050680272108844
LF3cIc6,volume,1,0.5021768707482993
LF3cIc6,word_gap,0,0.5188270868146734
LF3cIc6,word_gap,1,0.512978435585263
LF3cIc6,word_head_pos,0,0.49303052150925264
LF3cIc6,word_head_pos,1,0.515046550264882
LF3cIc6,word_index,0,0.5688810503625318
LF3cIc6,word_index,1,0.5348114554463761
LF3cIc6,word_length,0,0.49505057392885554
LF3cIc6,word_length,1,0.49147630412546883
LF3cIc6,word_part_speech,0,0.5145387728835374
LF3cIc6,word_part_speech,1,0.4809056884959949
LF1aCaOF8,delta_volume,0,0.5621768707482994
LF1aCaOF8,delta_volume,1,0.5672335600907029
LF1aCaOF8,face_num,0,0.4961508298522751
LF1aCaOF8,face_num,1,0.4782173780829372
LF1aCaOF8,frame_brightness,0,0.5129705215419501
LF1aCaOF8,frame_brightness,1,0.5526473922902494
LF1aCaOF8,global_flow,0,0.4588095238095238
LF1aCaOF8,global_flow,1,0.46687074829931974
LF1aCaOF8,gpt2_surprisal,0,0.5211224489795918
LF1aCaOF8,gpt2_surprisal,1,0.5173412698412698
LF1aCaOF8,local_flow,0,0.5076360544217687
LF1aCaOF8,local_flow,1,0.5176247165532879
LF1aCaOF8,onset,0,0.5283230027548209
LF1aCaOF8,onset,1,0.5253529614325069
LF1aCaOF8,pitch,0,0.522641723356009
LF1aCaOF8,pitch,1,0.5013265306122449
LF1aCaOF8,speech,0,0.49135868259093235
LF1aCaOF8,speech,1,0.5262426465210077
LF1aCaOF8,volume,0,0.48410147392290254
LF1aCaOF8,volume,1,0.47191609977324267
LF1aCaOF8,word_gap,0,0.4874751332855892
LF1aCaOF8,word_gap,1,0.4998806397708284
LF1aCaOF8,word_head_pos,0,0.47973417761198706
LF1aCaOF8,word_head_pos,1,0.4973355067239271
LF1aCaOF8,word_index,0,0.513339492175471
LF1aCaOF8,word_index,1,0.5487528344671202
LF1aCaOF8,word_length,0,0.5309069212410501
LF1aCaOF8,word_length,1,0.5147289464711899
LF1aCaOF8,word_part_speech,0,0.5194330132601738
LF1aCaOF8,word_part_speech,1,0.5102372605801961
RF1aCaOF4,delta_volume,0,0.5584240362811791
RF1aCaOF4,delta_volume,1,0.5763775510204081
RF1aCaOF4,face_num,0,0.503417038779789
RF1aCaOF4,face_num,1,0.48102623197452027
RF1aCaOF4,frame_brightness,0,0.45904761904761904
RF1aCaOF4,frame_brightness,1,0.48413832199546486
RF1aCaOF4,global_flow,0,0.5184126984126984
RF1aCaOF4,global_flow,1,0.4996371882086168
RF1aCaOF4,gpt2_surprisal,0,0.5860544217687074
RF1aCaOF4,gpt2_surprisal,1,0.5415532879818594
RF1aCaOF4,local_flow,0,0.542891156462585
RF1aCaOF4,local_flow,1,0.5323242630385487
RF1aCaOF4,onset,0,0.5252525252525253
RF1aCaOF4,onset,1,0.5277921258034894
RF1aCaOF4,pitch,0,0.5169160997732426
RF1aCaOF4,pitch,1,0.5528798185941043
RF1aCaOF4,speech,0,0.5194142294389935
RF1aCaOF4,speech,1,0.5325015934714691
RF1aCaOF4,volume,0,0.4907199546485261
RF1aCaOF4,volume,1,0.4656746031746032
RF1aCaOF4,word_gap,0,0.4858916209119122
RF1aCaOF4,word_gap,1,0.48987825256624495
RF1aCaOF4,word_head_pos,0,0.47228404543222263
RF1aCaOF4,word_head_pos,1,0.5418847894005413
RF1aCaOF4,word_index,0,0.5490887713109935
RF1aCaOF4,word_index,1,0.5945522241818538
RF1aCaOF4,word_length,0,0.5375951812705989
RF1aCaOF4,word_length,1,0.4878338447550858
RF1aCaOF4,word_part_speech,0,0.5178241799183729
RF1aCaOF4,word_part_speech,1,0.4834628867550678
RF1aCaOF16,delta_volume,0,0.5636111111111112
RF1aCaOF16,delta_volume,1,0.5668650793650793
RF1aCaOF16,face_num,0,0.4985275523759223
RF1aCaOF16,face_num,1,0.553096141226933
RF1aCaOF16,frame_brightness,0,0.546609977324263
RF1aCaOF16,frame_brightness,1,0.5197562358276644
RF1aCaOF16,global_flow,0,0.5274659863945579
RF1aCaOF16,global_flow,1,0.503656462585034
RF1aCaOF16,gpt2_surprisal,0,0.5402947845804988
RF1aCaOF16,gpt2_surprisal,1,0.5146712018140589
RF1aCaOF16,local_flow,0,0.5362188208616779
RF1aCaOF16,local_flow,1,0.5291269841269841
RF1aCaOF16,onset,0,0.49309859963269054
RF1aCaOF16,onset,1,0.5123249540863177
RF1aCaOF16,pitch,0,0.48745464852607706
RF1aCaOF16,pitch,1,0.5216043083900226
RF1aCaOF16,speech,0,0.49844832450393406
RF1aCaOF16,speech,1,0.4789348296291652
RF1aCaOF16,volume,0,0.49787131519274375
RF1aCaOF16,volume,1,0.5096258503401361
RF1aCaOF16,word_gap,0,0.50165512851118
RF1aCaOF16,word_gap,1,0.49226545714967773
RF1aCaOF16,word_head_pos,0,0.4843317346373677
RF1aCaOF16,word_head_pos,1,0.5346122901058483
RF1aCaOF16,word_index,0,0.5730242714369699
RF1aCaOF16,word_index,1,0.5819545925366032
RF1aCaOF16,word_length,0,0.5221445618820321
RF1aCaOF16,word_length,1,0.49863052619615866
RF1aCaOF16,word_part_speech,0,0.5051228640620502
RF1aCaOF16,word_part_speech,1,0.4714728445866992
RF1bCb2,delta_volume,0,0.594671201814059
RF1bCb2,delta_volume,1,0.5736054421768708
RF1bCb2,face_num,0,0.47633680638914233
RF1bCb2,face_num,1,0.48932475472543663
RF1bCb2,frame_brightness,0,0.5205980725623583
RF1bCb2,frame_brightness,1,0.5336621315192743
RF1bCb2,global_flow,0,0.4928741496598639
RF1bCb2,global_flow,1,0.4848299319727891
RF1bCb2,gpt2_surprisal,0,0.5498979591836735
RF1bCb2,gpt2_surprisal,1,0.5135487528344671
RF1bCb2,local_flow,0,0.5323412698412698
RF1bCb2,local_flow,1,0.5138718820861679
RF1bCb2,onset,0,0.5414657943067034
RF1bCb2,onset,1,0.5502467860422406
RF1bCb2,pitch,0,0.49076530612244895
RF1bCb2,pitch,1,0.5279761904761905
RF1bCb2,speech,0,0.49309321546868956
RF1bCb2,speech,1,0.5199210056111094
RF1bCb2,volume,0,0.49320861678004535
RF1bCb2,volume,1,0.4658673469387755
RF1bCb2,word_gap,0,0.5066682581363889
RF1bCb2,word_gap,1,0.5129306914935943
RF1bCb2,word_head_pos,0,0.490005537966417
RF1bCb2,word_head_pos,1,0.5288601193275028
RF1bCb2,word_index,0,0.5436857870720305
RF1bCb2,word_index,1,0.5569552924050278
RF1bCb2,word_length,0,0.5057904307307648
RF1bCb2,word_length,1,0.5168939652233209
RF1bCb2,word_part_speech,0,0.5028196921201037
RF1bCb2,word_part_speech,1,0.4379583058138157
LF1cCc4,delta_volume,0,0.5969160997732427
LF1cCc4,delta_volume,1,0.5457256235827664
LF1cCc4,face_num,0,0.48595573054208485
LF1cCc4,face_num,1,0.4825626990605144
LF1cCc4,frame_brightness,0,0.5072108843537415
LF1cCc4,frame_brightness,1,0.5294047619047619
LF1cCc4,global_flow,0,0.48994897959183675
LF1cCc4,global_flow,1,0.48917800453514737
LF1cCc4,gpt2_surprisal,0,0.522766439909297
LF1cCc4,gpt2_surprisal,1,0.522295918367347
LF1cCc4,local_flow,0,0.49184240362811793
LF1cCc4,local_flow,1,0.5072959183673469
LF1cCc4,onset,0,0.555369031221304
LF1cCc4,onset,1,0.569889233241506
LF1cCc4,pitch,0,0.5137755102040816
LF1cCc4,pitch,1,0.5197902494331066
LF1cCc4,speech,0,0.5207203535939312
LF1cCc4,speech,1,0.5143203452347367
LF1cCc4,volume,0,0.5213265306122449
LF1cCc4,volume,1,0.482375283446712
LF1cCc4,word_gap,0,0.4953529084109175
LF1cCc4,word_gap,1,0.5011140288056021
LF1cCc4,word_head_pos,0,0.5264881978621361
LF1cCc4,word_head_pos,1,0.5343197182951422
LF1cCc4,word_index,0,0.5566753450351334
LF1cCc4,word_index,1,0.5439657344419249
LF1cCc4,word_length,0,0.5297079213546994
LF1cCc4,word_length,1,0.49611319468121373
LF1cCc4,word_part_speech,0,0.4939118359328693
LF1cCc4,word_part_speech,1,0.4731663533675422
RF1cCc4,delta_volume,0,0.6133049886621316
RF1cCc4,delta_volume,1,0.5534523809523809
RF1cCc4,face_num,0,0.49261375458139267
RF1cCc4,face_num,1,0.46979081640818804
RF1cCc4,frame_brightness,0,0.5196201814058957
RF1cCc4,frame_brightness,1,0.5287131519274376
RF1cCc4,global_flow,0,0.48041950113378684
RF1cCc4,global_flow,1,0.47799886621315196
RF1cCc4,gpt2_surprisal,0,0.5515589569160998
RF1cCc4,gpt2_surprisal,1,0.5180839002267574
RF1cCc4,local_flow,0,0.48828231292517005
RF1cCc4,local_flow,1,0.4816496598639456
RF1cCc4,onset,0,0.5841942148760331
RF1cCc4,onset,1,0.5634326216712581
RF1cCc4,pitch,0,0.5258503401360544
RF1cCc4,pitch,1,0.5515759637188209
RF1cCc4,speech,0,0.5055170684304567
RF1cCc4,speech,1,0.527052443497069
RF1cCc4,volume,0,0.5215561224489796
RF1cCc4,volume,1,0.4625680272108843
RF1cCc4,word_gap,0,0.4831622503381873
RF1cCc4,word_gap,1,0.506938807989178
RF1cCc4,word_head_pos,0,0.5256418294097364
RF1cCc4,word_head_pos,1,0.5398472357188385
RF1cCc4,word_index,0,0.5331877607009883
RF1cCc4,word_index,1,0.5193023711542231
RF1cCc4,word_length,0,0.5205477895215366
RF1cCc4,word_length,1,0.4961245596090465
RF1cCc4,word_part_speech,0,0.49699402191400366
RF1cCc4,word_part_speech,1,0.4594658673305221
LT2aA8,delta_volume,0,0.5375113378684808
LT2aA8,delta_volume,1,0.532998866213152
LT2aA8,face_num,0,0.4926057521486532
LT2aA8,face_num,1,0.5316096093212337
LT2aA8,frame_brightness,0,0.51921768707483
LT2aA8,frame_brightness,1,0.5182596371882086
LT2aA8,global_flow,0,0.473219954648526
LT2aA8,global_flow,1,0.49492630385487535
LT2aA8,gpt2_surprisal,0,0.49842403628117915
LT2aA8,gpt2_surprisal,1,0.49917233560090707
LT2aA8,local_flow,0,0.5188888888888888
LT2aA8,local_flow,1,0.5287698412698413
LT2aA8,onset,0,0.5607351928374655
LT2aA8,onset,1,0.558640381083563
LT2aA8,pitch,0,0.5008900226757369
LT2aA8,pitch,1,0.5492460317460317
LT2aA8,speech,0,0.5106736465941507
LT2aA8,speech,1,0.5407771961171541
LT2aA8,volume,0,0.4853628117913832
LT2aA8,volume,1,0.4757369614512471
LT2aA8,word_gap,0,0.5276915731678204
LT2aA8,word_gap,1,0.5113869658629744
LT2aA8,word_head_pos,0,0.4878060248895019
LT2aA8,word_head_pos,1,0.4803245457300189
LT2aA8,word_index,0,0.5204781501077796
LT2aA8,word_index,1,0.5385627502029618
LT2aA8,word_length,0,0.4865666553017388
LT2aA8,word_length,1,0.4775315376747357
LT2aA8,word_part_speech,0,0.44232755846839067
LT2aA8,word_part_speech,1,0.4686785550983082
LT3Ha8,delta_volume,0,0.5032256235827663
LT3Ha8,delta_volume,1,0.5209183673469389
LT3Ha8,face_num,0,0.4984875402122245
LT3Ha8,face_num,1,0.5199900769834029
LT3Ha8,frame_brightness,0,0.5088038548752835
LT3Ha8,frame_brightness,1,0.5027097505668934
LT3Ha8,global_flow,0,0.4636678004535147
LT3Ha8,global_flow,1,0.503531746031746
LT3Ha8,gpt2_surprisal,0,0.499750566893424
LT3Ha8,gpt2_surprisal,1,0.5104761904761904
LT3Ha8,local_flow,0,0.5081972789115646
LT3Ha8,local_flow,1,0.5203571428571429
LT3Ha8,onset,0,0.5678374655647382
LT3Ha8,onset,1,0.5724575298438935
LT3Ha8,pitch,0,0.4782936507936508
LT3Ha8,pitch,1,0.548078231292517
LT3Ha8,speech,0,0.5289123642937004
LT3Ha8,speech,1,0.5192627190370207
LT3Ha8,volume,0,0.4844897959183674
LT3Ha8,volume,1,0.49143990929705217
LT3Ha8,word_gap,0,0.5173311052757221
LT3Ha8,word_gap,1,0.5183735179438211
LT3Ha8,word_head_pos,0,0.49159378493882117
LT3Ha8,word_head_pos,1,0.4908362329289573
LT3Ha8,word_index,0,0.5539038660731783
LT3Ha8,word_index,1,0.5489767923630358
LT3Ha8,word_length,0,0.5303898170246618
LT3Ha8,word_length,1,0.49399363564041365
LT3Ha8,word_part_speech,0,0.502718081593253
LT3Ha8,word_part_speech,1,0.48859421836102224
LT1aIb7,delta_volume,0,0.5257936507936507
LT1aIb7,delta_volume,1,0.5204421768707483
LT1aIb7,face_num,0,0.47861749971991485
LT1aIb7,face_num,1,0.5088426881772059
LT1aIb7,frame_brightness,0,0.5347562358276644
LT1aIb7,frame_brightness,1,0.5357086167800453
LT1aIb7,global_flow,0,0.43897959183673463
LT1aIb7,global_flow,1,0.45332766439909294
LT1aIb7,gpt2_surprisal,0,0.499297052154195
LT1aIb7,gpt2_surprisal,1,0.49506235827664397
LT1aIb7,local_flow,0,0.48078231292517004
LT1aIb7,local_flow,1,0.48498866213151925
LT1aIb7,onset,0,0.561524334251607
LT1aIb7,onset,1,0.595830463728191
LT1aIb7,pitch,0,0.49717120181405894
LT1aIb7,pitch,1,0.5156009070294785
LT1aIb7,speech,0,0.5393091125670042
LT1aIb7,speech,1,0.5189701472263147
LT1aIb7,volume,0,0.4862641723356009
LT1aIb7,volume,1,0.4631009070294785
LT1aIb7,word_gap,0,0.49713535449988056
LT1aIb7,word_gap,1,0.49033977878570867
LT1aIb7,word_head_pos,0,0.48396079537736536
LT1aIb7,word_head_pos,1,0.503730290586502
LT1aIb7,word_index,0,0.49315528680608045
LT1aIb7,word_index,1,0.5292405027854763
LT1aIb7,word_length,0,0.5281054665302876
LT1aIb7,word_length,1,0.504284577792931
LT1aIb7,word_part_speech,0,0.490711104337076
LT1aIb7,word_part_speech,1,0.4574336567935105
LF3aOFa10,delta_volume,0,0.542891156462585
LF3aOFa10,delta_volume,1,0.5082766439909296
LF3aOFa10,face_num,0,0.5037291336566316
LF3aOFa10,face_num,1,0.48891663065571933
LF3aOFa10,frame_brightness,0,0.49015306122448976
LF3aOFa10,frame_brightness,1,0.5303968253968254
LF3aOFa10,global_flow,0,0.5066043083900227
LF3aOFa10,global_flow,1,0.5002210884353742
LF3aOFa10,gpt2_surprisal,0,0.5265022675736961
LF3aOFa10,gpt2_surprisal,1,0.5060374149659864
LF3aOFa10,local_flow,0,0.5097562358276644
LF3aOFa10,local_flow,1,0.5341043083900227
LF3aOFa10,onset,0,0.5146206382001837
LF3aOFa10,onset,1,0.5275338613406796
LF3aOFa10,pitch,0,0.5239399092970523
LF3aOFa10,pitch,1,0.5518877551020408
LF3aOFa10,speech,0,0.5027428607253691
LF3aOFa10,speech,1,0.509722788209356
LF3aOFa10,volume,0,0.5054138321995465
LF3aOFa10,volume,1,0.4884126984126984
LF3aOFa10,word_gap,0,0.5221055144425877
LF3aOFa10,word_gap,1,0.5307869817776716
LF3aOFa10,word_head_pos,0,0.46853808135586145
LF3aOFa10,word_head_pos,1,0.48567965476526337
LF3aOFa10,word_index,0,0.5540438397581255
LF3aOFa10,word_index,1,0.5548556871308195
LF3aOFa10,word_length,0,0.48574269803386744
LF3aOFa10,word_length,1,0.49705932492328675
LF3aOFa10,word_part_speech,0,0.46425849718030787
LF3aOFa10,word_part_speech,1,0.45353858659757157
LF3bIa6,delta_volume,0,0.5199433106575964
LF3bIa6,delta_volume,1,0.5136848072562358
LF3bIa6,face_num,0,0.5135721259262815
LF3bIa6,face_num,1,0.47944975272482837
LF3bIa6,frame_brightness,0,0.541156462585034
LF3bIa6,frame_brightness,1,0.5840589569160998
LF3bIa6,global_flow,0,0.506592970521542
LF3bIa6,global_flow,1,0.4916156462585034
LF3bIa6,gpt2_surprisal,0,0.5155725623582766
LF3bIa6,gpt2_surprisal,1,0.5201757369614513
LF3bIa6,local_flow,0,0.49853741496598636
LF3bIa6,local_flow,1,0.5184070294784581
LF3bIa6,onset,0,0.506112258953168
LF3bIa6,onset,1,0.5381227043158862
LF3bIa6,pitch,0,0.525765306122449
LF3bIa6,pitch,1,0.510844671201814
LF3bIa6,speech,0,0.5270106475241111
LF3bIa6,speech,1,0.521122639833652
LF3bIa6,volume,0,0.48905895691609974
LF3bIa6,volume,1,0.4505555555555556
LF3bIa6,word_gap,0,0.5067717036683377
LF3bIa6,word_gap,1,0.5114983687435346
LF3bIa6,word_head_pos,0,0.4930827664754501
LF3bIa6,word_head_pos,1,0.4990804885949238
LF3bIa6,word_index,0,0.5065087763500462
LF3bIa6,word_index,1,0.5404943870552337
LF3bIa6,word_length,0,0.48557790658029315
LF3bIa6,word_length,1,0.480344357313331
LF3bIa6,word_part_speech,0,0.4661213568392352
LF3bIa6,word_part_speech,1,0.4530813392267439
LT2bHb7,delta_volume,0,0.4900283446712018
LT2bHb7,delta_volume,1,0.4930328798185941
LT2bHb7,face_num,0,0.506818072694099
LT2bHb7,face_num,1,0.5112274131335925
LT2bHb7,frame_brightness,0,0.5433503401360544
LT2bHb7,frame_brightness,1,0.5484126984126985
LT2bHb7,global_flow,0,0.4777437641723356
LT2bHb7,global_flow,1,0.4804591836734694
LT2bHb7,gpt2_surprisal,0,0.5289569160997732
LT2bHb7,gpt2_surprisal,1,0.5095606575963718
LT2bHb7,local_flow,0,0.4971485260770975
LT2bHb7,local_flow,1,0.49731859410430834
LT2bHb7,onset,0,0.5502324380165289
LT2bHb7,onset,1,0.5458419421487604
LT2bHb7,pitch,0,0.477046485260771
LT2bHb7,pitch,1,0.5043197278911564
LT2bHb7,speech,0,0.5171050019330636
LT2bHb7,speech,1,0.512026791218666
LT2bHb7,volume,0,0.4628628117913832
LT2bHb7,volume,1,0.4567063492063492
LT2bHb7,word_gap,0,0.5037319964987667
LT2bHb7,word_gap,1,0.507837988382271
LT2bHb7,word_head_pos,0,0.5015412265028265
LT2bHb7,word_head_pos,1,0.48830235206837813
LT2bHb7,word_index,0,0.5454214607653762
LT2bHb7,word_index,1,0.553008034489516
LT2bHb7,word_length,0,0.5128366859870439
LT2bHb7,word_length,1,0.5076315490396636
LT2bHb7,word_part_speech,0,0.5238700062659825
LT2bHb7,word_part_speech,1,0.472607495469864
LT1cCd7,delta_volume,0,0.5724829931972788
LT1cCd7,delta_volume,1,0.5606235827664399
LT1cCd7,face_num,0,0.49807141370976776
LT1cCd7,face_num,1,0.4928658312126887
LT1cCd7,frame_brightness,0,0.5319387755102041
LT1cCd7,frame_brightness,1,0.49797619047619057
LT1cCd7,global_flow,0,0.46723922902494325
LT1cCd7,global_flow,1,0.49126417233560093
LT1cCd7,gpt2_surprisal,0,0.5156519274376418
LT1cCd7,gpt2_surprisal,1,0.5378514739229024
LT1cCd7,local_flow,0,0.5064965986394557
LT1cCd7,local_flow,1,0.5119387755102041
LT1cCd7,onset,0,0.5969639577594124
LT1cCd7,onset,1,0.5731175390266299
LT1cCd7,pitch,0,0.5070691609977324
LT1cCd7,pitch,1,0.5358786848072563
LT1cCd7,speech,0,0.5313835511948424
LT1cCd7,speech,1,0.5263262384669237
LT1cCd7,volume,0,0.4746485260770975
LT1cCd7,volume,1,0.4728514739229025
LT1cCd7,word_gap,0,0.5028805601973423
LT1cCd7,word_gap,1,0.5130659664199888
LT1cCd7,word_head_pos,0,0.48186054773622555
LT1cCd7,word_head_pos,1,0.5034847392453737
LT1cCd7,word_index,0,0.5062848184541306
LT1cCd7,word_index,1,0.5337476554407772
LT1cCd7,word_length,0,0.514939197636095
LT1cCd7,word_length,1,0.505921127400841
LT1cCd7,word_part_speech,0,0.516486307981507
LT1cCd7,word_part_speech,1,0.4776541516367762
LT1bId3,delta_volume,0,0.598015873015873
LT1bId3,delta_volume,1,0.5491043083900227
LT1bId3,face_num,0,0.4391094892847426
LT1bId3,face_num,1,0.5081944911253021
LT1bId3,frame_brightness,0,0.5227607709750566
LT1bId3,frame_brightness,1,0.5099092970521543
LT1bId3,global_flow,0,0.4531179138321995
LT1bId3,global_flow,1,0.5104931972789115
LT1bId3,gpt2_surprisal,0,0.5490022675736961
LT1bId3,gpt2_surprisal,1,0.5345181405895691
LT1bId3,local_flow,0,0.5086678004535148
LT1bId3,local_flow,1,0.5575510204081633
LT1bId3,onset,0,0.5934343434343434
LT1bId3,onset,1,0.5577938475665748
LT1bId3,pitch,0,0.5255612244897959
LT1bId3,pitch,1,0.5553684807256236
LT1bId3,speech,0,0.5642665329195532
LT1bId3,speech,1,0.5607974671640388
LT1bId3,volume,0,0.54109410430839
LT1bId3,volume,1,0.49790249433106576
LT1bId3,word_gap,0,0.5651786424763269
LT1bId3,word_gap,1,0.5224795098273255
LT1bId3,word_head_pos,0,0.5172094918654588
LT1bId3,word_head_pos,1,0.5018703697898708
LT1bId3,word_index,0,0.5318160185885054
LT1bId3,word_index,1,0.5107079868984632
LT1bId3,word_length,0,0.549278327082623
LT1bId3,word_length,1,0.505279008978293
LT1bId3,word_part_speech,0,0.5192467272942809
LT1bId3,word_part_speech,1,0.5224982641534996
LF3cIc7,delta_volume,0,0.5555385487528345
LF3cIc7,delta_volume,1,0.5211224489795918
LF3cIc7,face_num,0,0.4972151534066356
LF3cIc7,face_num,1,0.5138922232358636
LF3cIc7,frame_brightness,0,0.5543367346938776
LF3cIc7,frame_brightness,1,0.5292460317460317
LF3cIc7,global_flow,0,0.46175170068027205
LF3cIc7,global_flow,1,0.46791950113378683
LF3cIc7,gpt2_surprisal,0,0.4885487528344671
LF3cIc7,gpt2_surprisal,1,0.5251700680272109
LF3cIc7,local_flow,0,0.5247562358276644
LF3cIc7,local_flow,1,0.49756235827664397
LF3cIc7,onset,0,0.5413510101010102
LF3cIc7,onset,1,0.5237459825528008
LF3cIc7,pitch,0,0.5055668934240363
LF3cIc7,pitch,1,0.5608503401360543
LF3cIc7,speech,0,0.5386090300199575
LF3cIc7,speech,1,0.5352287807069789
LF3cIc7,volume,0,0.4933276643990929
LF3cIc7,volume,1,0.48000566893424035
LF3cIc7,word_gap,0,0.5178005888437973
LF3cIc7,word_gap,1,0.47618365560595205
LF3cIc7,word_head_pos,0,0.4984431000073143
LF3cIc7,word_head_pos,1,0.517920023405745
LF3cIc7,word_index,0,0.5027854763304498
LF3cIc7,word_index,1,0.5216539290613365
LF3cIc7,word_length,0,0.5182691214910785
LF3cIc7,word_length,1,0.5138311171724059
LF3cIc7,word_part_speech,0,0.4386357093261528
LF3cIc7,word_part_speech,1,0.41646767938491763
LF1aCaOF9,delta_volume,0,0.5159523809523809
LF1aCaOF9,delta_volume,1,0.5225226757369614
LF1aCaOF9,face_num,0,0.5197339991357373
LF1aCaOF9,face_num,1,0.5114754885485188
LF1aCaOF9,frame_brightness,0,0.5085827664399093
LF1aCaOF9,frame_brightness,1,0.5165646258503401
LF1aCaOF9,global_flow,0,0.457891156462585
LF1aCaOF9,global_flow,1,0.4721598639455782
LF1aCaOF9,gpt2_surprisal,0,0.5218537414965986
LF1aCaOF9,gpt2_surprisal,1,0.5034183673469388
LF1aCaOF9,local_flow,0,0.4930215419501134
LF1aCaOF9,local_flow,1,0.5137414965986395
LF1aCaOF9,onset,0,0.5359848484848484
LF1aCaOF9,onset,1,0.5563303489439854
LF1aCaOF9,pitch,0,0.5133333333333333
LF1aCaOF9,pitch,1,0.5362868480725623
LF1aCaOF9,speech,0,0.48708504435597627
LF1aCaOF9,speech,1,0.5112901371952813
LF1aCaOF9,volume,0,0.48608843537414964
LF1aCaOF9,volume,1,0.46077664399092966
LF1aCaOF9,word_gap,0,0.48903477361343206
LF1aCaOF9,word_gap,1,0.5004456115222408
LF1aCaOF9,word_head_pos,0,0.4910922332633251
LF1aCaOF9,word_head_pos,1,0.5153443465722078
LF1aCaOF9,word_index,0,0.5373309817754263
LF1aCaOF9,word_index,1,0.531983987010442
LF1aCaOF9,word_length,0,0.5515683600409137
LF1aCaOF9,word_length,1,0.5052449141947948
LF1aCaOF9,word_part_speech,0,0.514996020254365
LF1aCaOF9,word_part_speech,1,0.46317465156056836
RF1aCaOF5,delta_volume,0,0.5730725623582766
RF1aCaOF5,delta_volume,1,0.5765419501133787
RF1aCaOF5,face_num,0,0.5099070117315664
RF1aCaOF5,face_num,1,0.5006161873209456
RF1aCaOF5,frame_brightness,0,0.4661167800453515
RF1aCaOF5,frame_brightness,1,0.49595238095238087
RF1aCaOF5,global_flow,0,0.5232794784580499
RF1aCaOF5,global_flow,1,0.48744897959183675
RF1aCaOF5,gpt2_surprisal,0,0.5709523809523809
RF1aCaOF5,gpt2_surprisal,1,0.546218820861678
RF1aCaOF5,local_flow,0,0.5358163265306122
RF1aCaOF5,local_flow,1,0.5314399092970521
RF1aCaOF5,onset,0,0.5393422865013775
RF1aCaOF5,onset,1,0.5409492653810836
RF1aCaOF5,pitch,0,0.5132086167800454
RF1aCaOF5,pitch,1,0.5351417233560092
RF1aCaOF5,speech,0,0.513369486849942
RF1aCaOF5,speech,1,0.5319686948162545
RF1aCaOF5,volume,0,0.503843537414966
RF1aCaOF5,volume,1,0.4642857142857143
RF1aCaOF5,word_gap,0,0.5075196944378133
RF1aCaOF5,word_gap,1,0.48854141799952255
RF1aCaOF5,word_head_pos,0,0.4910034168207893
RF1aCaOF5,word_head_pos,1,0.5406988286678578
RF1aCaOF5,word_index,0,0.5804148820021836
RF1aCaOF5,word_index,1,0.5864897399288933
RF1aCaOF5,word_length,0,0.5122229798840777
RF1aCaOF5,word_length,1,0.4924025457438346
RF1aCaOF5,word_part_speech,0,0.5121847956781655
RF1aCaOF5,word_part_speech,1,0.48690070958017917
LF1bCb1,delta_volume,0,0.5778004535147392
LF1bCb1,delta_volume,1,0.5688038548752834
LF1bCb1,face_num,0,0.533626222371601
LF1bCb1,face_num,1,0.5354667819016982
LF1bCb1,frame_brightness,0,0.5201587301587303
LF1bCb1,frame_brightness,1,0.5054648526077098
LF1bCb1,global_flow,0,0.4822392290249433
LF1bCb1,global_flow,1,0.4843083900226758
LF1bCb1,gpt2_surprisal,0,0.5268480725623583
LF1bCb1,gpt2_surprisal,1,0.5154648526077097
LF1bCb1,local_flow,0,0.5168027210884354
LF1bCb1,local_flow,1,0.5201700680272109
LF1bCb1,onset,0,0.5572916666666667
LF1bCb1,onset,1,0.5335313360881544
LF1bCb1,pitch,0,0.5016666666666667
LF1bCb1,pitch,1,0.5261054421768707
LF1bCb1,speech,0,0.5016222062004326
LF1bCb1,speech,1,0.5045923325287609
LF1bCb1,volume,0,0.48609977324263043
LF1bCb1,volume,1,0.49621315192743765
LF1bCb1,word_gap,0,0.5011379008514363
LF1bCb1,word_gap,1,0.5352351396514681
LF1bCb1,word_head_pos,0,0.5023562479755076
LF1bCb1,word_head_pos,1,0.5212741502356248
LF1bCb1,word_index,0,0.5860418241370622
LF1bCb1,word_index,1,0.5645698608661571
LF1bCb1,word_length,0,0.4892885555176725
LF1bCb1,word_length,1,0.4875099443118536
LF1bCb1,word_part_speech,0,0.504445460549713
LF1bCb1,word_part_speech,1,0.46278514454097447
RF1bCb3,delta_volume,0,0.54468820861678
RF1bCb3,delta_volume,1,0.5060430839002268
RF1bCb3,face_num,0,0.4901169955666522
RF1bCb3,face_num,1,0.5054176469646772
RF1bCb3,frame_brightness,0,0.49249999999999994
RF1bCb3,frame_brightness,1,0.5103174603174603
RF1bCb3,global_flow,0,0.4806122448979592
RF1bCb3,global_flow,1,0.5126020408163265
RF1bCb3,gpt2_surprisal,0,0.5313945578231293
RF1bCb3,gpt2_surprisal,1,0.5288775510204081
RF1bCb3,local_flow,0,0.5231292517006803
RF1bCb3,local_flow,1,0.5034977324263039
RF1bCb3,onset,0,0.5618256427915519
RF1bCb3,onset,1,0.5538481404958678
RF1bCb3,pitch,0,0.484467120181406
RF1bCb3,pitch,1,0.5260827664399093
RF1bCb3,speech,0,0.4867297785858332
RF1bCb3,speech,1,0.5037041681034032
RF1bCb3,volume,0,0.48308956916099777
RF1bCb3,volume,1,0.47469954648526075
RF1bCb3,word_gap,0,0.4897509349884619
RF1bCb3,word_gap,1,0.4911036842524071
RF1bCb3,word_head_pos,0,0.5156107958998151
RF1bCb3,word_head_pos,1,0.5146756110048797
RF1bCb3,word_index,0,0.532739844909157
RF1bCb3,word_index,1,0.526329050138574
RF1bCb3,word_length,0,0.5319581770655756
RF1bCb3,word_length,1,0.53369701102398
RF1bCb3,word_part_speech,0,0.522633744855967
RF1bCb3,word_part_speech,1,0.463987535775373
LF1cCc5,delta_volume,0,0.585890022675737
LF1cCc5,delta_volume,1,0.554982993197279
LF1cCc5,face_num,0,0.5045773915270242
LF1cCc5,face_num,1,0.4997519245850738
LF1cCc5,frame_brightness,0,0.4930895691609978
LF1cCc5,frame_brightness,1,0.479546485260771
LF1cCc5,global_flow,0,0.4768083900226757
LF1cCc5,global_flow,1,0.4685714285714286
LF1cCc5,gpt2_surprisal,0,0.5659750566893423
LF1cCc5,gpt2_surprisal,1,0.5320521541950114
LF1cCc5,local_flow,0,0.49074829931972785
LF1cCc5,local_flow,1,0.4823922902494331
LF1cCc5,onset,0,0.5623565197428834
LF1cCc5,onset,1,0.5658574380165289
LF1cCc5,pitch,0,0.5125510204081632
LF1cCc5,pitch,1,0.5053231292517006
LF1cCc5,speech,0,0.5057155993020073
LF1cCc5,speech,1,0.5099944620335831
LF1cCc5,volume,0,0.549875283446712
LF1cCc5,volume,1,0.4738038548752835
LF1cCc5,word_gap,0,0.5081403676295058
LF1cCc5,word_gap,1,0.4924962202594096
LF1cCc5,word_head_pos,0,0.5246805220317022
LF1cCc5,word_head_pos,1,0.5311588978401931
LF1cCc5,word_index,0,0.5349794238683128
LF1cCc5,word_index,1,0.4954228605022256
LF1cCc5,word_length,0,0.5070519377201954
LF1cCc5,word_length,1,0.496454142516195
LF1cCc5,word_part_speech,0,0.5263255939982049
LF1cCc5,word_part_speech,1,0.48197259902792594
RF1cCc5,delta_volume,0,0.56671768707483
RF1cCc5,delta_volume,1,0.5459807256235827
RF1cCc5,face_num,0,0.5049294985675645
RF1cCc5,face_num,1,0.5208463372865351
RF1cCc5,frame_brightness,0,0.517154195011338
RF1cCc5,frame_brightness,1,0.5203174603174603
RF1cCc5,global_flow,0,0.4668027210884354
RF1cCc5,global_flow,1,0.45990929705215416
RF1cCc5,gpt2_surprisal,0,0.5291326530612245
RF1cCc5,gpt2_surprisal,1,0.525249433106576
RF1cCc5,local_flow,0,0.49142857142857144
RF1cCc5,local_flow,1,0.4908446712018141
RF1cCc5,onset,0,0.5404040404040404
RF1cCc5,onset,1,0.560419536271809
RF1cCc5,pitch,0,0.5343537414965988
RF1cCc5,pitch,1,0.5376360544217686
RF1cCc5,speech,0,0.5103654012935853
RF1cCc5,speech,1,0.5239020720353593
RF1cCc5,volume,0,0.4861337868480725
RF1cCc5,volume,1,0.4261791383219954
RF1cCc5,word_gap,0,0.4770032625129307
RF1cCc5,word_gap,1,0.46373836237765576
RF1cCc5,word_head_pos,0,0.5153338975789683
RF1cCc5,word_head_pos,1,0.5289123642937004
RF1cCc5,word_index,0,0.5621903082220543
RF1cCc5,word_index,1,0.5569832871420173
RF1cCc5,word_length,0,0.49553358336174563
RF1cCc5,word_length,1,0.5152403682236617
RF1cCc5,word_part_speech,0,0.470795441074362
RF1cCc5,word_part_speech,1,0.45155718132398515
LT2aA9,delta_volume,0,0.5364342403628118
LT2aA9,delta_volume,1,0.5346598639455783
LT2aA9,face_num,0,0.49639090283446163
LT2aA9,face_num,1,0.5255117555736943
LT2aA9,frame_brightness,0,0.5035204081632653
LT2aA9,frame_brightness,1,0.5203061224489796
LT2aA9,global_flow,0,0.4635827664399093
LT2aA9,global_flow,1,0.46531179138322
LT2aA9,gpt2_surprisal,0,0.5048185941043084
LT2aA9,gpt2_surprisal,1,0.48415532879818596
LT2aA9,local_flow,0,0.49767006802721087
LT2aA9,local_flow,1,0.5125396825396825
LT2aA9,onset,0,0.5278064738292011
LT2aA9,onset,1,0.5555268595041322
LT2aA9,pitch,0,0.49515306122448977
LT2aA9,pitch,1,0.5432199546485261
LT2aA9,speech,0,0.5199732505773069
LT2aA9,speech,1,0.5271673824227036
LT2aA9,volume,0,0.48191609977324257
LT2aA9,volume,1,0.45172335600907026
LT2aA9,word_gap,0,0.5063022201002626
LT2aA9,word_gap,1,0.5222089599745364
LT2aA9,word_head_pos,0,0.475314253471678
LT2aA9,word_head_pos,1,0.47938936083508354
LT2aA9,word_index,0,0.5114358500601887
LT2aA9,word_index,1,0.5343915343915344
LT2aA9,word_length,0,0.5254631208091829
LT2aA9,word_length,1,0.4754062961700193
LT2aA9,word_part_speech,0,0.4599231147013497
LT2aA9,word_part_speech,1,0.46869549018611656
LT3Ha9,delta_volume,0,0.4750396825396825
LT3Ha9,delta_volume,1,0.5122392290249433
LT3Ha9,face_num,0,0.49946383700645003
LT3Ha9,face_num,1,0.525463740977257
LT3Ha9,frame_brightness,0,0.5181575963718821
LT3Ha9,frame_brightness,1,0.4969444444444444
LT3Ha9,global_flow,0,0.4731972789115647
LT3Ha9,global_flow,1,0.5173639455782313
LT3Ha9,gpt2_surprisal,0,0.5103798185941043
LT3Ha9,gpt2_surprisal,1,0.50828231292517
LT3Ha9,local_flow,0,0.4945861678004535
LT3Ha9,local_flow,1,0.5184353741496599
LT3Ha9,onset,0,0.5358557162534435
LT3Ha9,onset,1,0.5442636593204775
LT3Ha9,pitch,0,0.45404761904761903
LT3Ha9,pitch,1,0.5363888888888888
LT3Ha9,speech,0,0.5323971035390741
LT3Ha9,speech,1,0.5005067761721158
LT3Ha9,volume,0,0.4707879818594104
LT3Ha9,volume,1,0.5027607709750567
LT3Ha9,word_gap,0,0.5132330707408291
LT3Ha9,word_gap,1,0.5067319169252804
LT3Ha9,word_head_pos,0,0.5092369100237193
LT3Ha9,word_head_pos,1,0.48012601485846834
LT3Ha9,word_index,0,0.5355113238711122
LT3Ha9,word_index,1,0.5370230396685424
LT3Ha9,word_length,0,0.5316911012615069
LT3Ha9,word_length,1,0.48902147971360377
LT3Ha9,word_part_speech,0,0.4785855814662399
LT3Ha9,word_part_speech,1,0.46984707615708987
LT1aIb8,delta_volume,0,0.5288038548752834
LT1aIb8,delta_volume,1,0.5168792517006802
LT1aIb8,face_num,0,0.47894559946223647
LT1aIb8,face_num,1,0.5047134328835966
LT1aIb8,frame_brightness,0,0.5493480725623583
LT1aIb8,frame_brightness,1,0.5373356009070296
LT1aIb8,global_flow,0,0.43417233560090707
LT1aIb8,global_flow,1,0.4496485260770975
LT1aIb8,gpt2_surprisal,0,0.4909863945578231
LT1aIb8,gpt2_surprisal,1,0.49719954648526077
LT1aIb8,local_flow,0,0.4878401360544217
LT1aIb8,local_flow,1,0.4919954648526077
LT1aIb8,onset,0,0.5909808310376492
LT1aIb8,onset,1,0.586956209825528
LT1aIb8,pitch,0,0.5065759637188209
LT1aIb8,pitch,1,0.5321938775510204
LT1aIb8,speech,0,0.5247588894809985
LT1aIb8,speech,1,0.5282227307398932
LT1aIb8,volume,0,0.47822562358276643
LT1aIb8,volume,1,0.44523242630385484
LT1aIb8,word_gap,0,0.5110686719185167
LT1aIb8,word_gap,1,0.5054189544043924
LT1aIb8,word_head_pos,0,0.49577338223462164
LT1aIb8,word_head_pos,1,0.4933492158030574
LT1aIb8,word_index,0,0.519106407995297
LT1aIb8,word_index,1,0.5706727135298564
LT1aIb8,word_length,0,0.5304864189112399
LT1aIb8,word_length,1,0.4949085123309467
LT1aIb8,word_part_speech,0,0.5013802096563871
LT1aIb8,word_part_speech,1,0.48657894291181897
LF3aOFa11,delta_volume,0,0.5189115646258503
LF3aOFa11,delta_volume,1,0.5181122448979592
LF3aOFa11,face_num,0,0.46638978249387814
LF3aOFa11,face_num,1,0.4688625342104
LF3aOFa11,frame_brightness,0,0.511264172335601
LF3aOFa11,frame_brightness,1,0.5341099773242631
LF3aOFa11,global_flow,0,0.5090816326530613
LF3aOFa11,global_flow,1,0.47747732426303857
LF3aOFa11,gpt2_surprisal,0,0.5340929705215419
LF3aOFa11,gpt2_surprisal,1,0.5050453514739229
LF3aOFa11,local_flow,0,0.5031916099773243
LF3aOFa11,local_flow,1,0.5187131519274375
LF3aOFa11,onset,0,0.497747359963269
LF3aOFa11,onset,1,0.5022813360881543
LF3aOFa11,pitch,0,0.4826643990929705
LF3aOFa11,pitch,1,0.5164965986394559
LF3aOFa11,speech,0,0.5205061492325214
LF3aOFa11,speech,1,0.5096339717668203
LF3aOFa11,volume,0,0.5135374149659864
LF3aOFa11,volume,1,0.49445578231292514
LF3aOFa11,word_gap,0,0.5317736930054906
LF3aOFa11,word_gap,1,0.5269754117927907
LF3aOFa11,word_head_pos,0,0.47226314744574366
LF3aOFa11,word_head_pos,1,0.4737782514654713
LF3aOFa11,word_index,0,0.46143724979703815
LF3aOFa11,word_index,1,0.5020576131687242
LF3aOFa11,word_length,0,0.47387771337652
LF3aOFa11,word_length,1,0.497834981247869
LF3aOFa11,word_part_speech,0,0.47729851479279917
LF3aOFa11,word_part_speech,1,0.48544429202865413
LF3bIa7,delta_volume,0,0.5190136054421768
LF3bIa7,delta_volume,1,0.5061167800453514
LF3bIa7,face_num,0,0.4704790256237896
LF3bIa7,face_num,1,0.4776011907619916
LF3bIa7,frame_brightness,0,0.5075113378684808
LF3bIa7,frame_brightness,1,0.5384750566893424
LF3bIa7,global_flow,0,0.5026814058956917
LF3bIa7,global_flow,1,0.4944727891156462
LF3bIa7,gpt2_surprisal,0,0.49200113378684796
LF3bIa7,gpt2_surprisal,1,0.5139115646258503
LF3bIa7,local_flow,0,0.4990136054421769
LF3bIa7,local_flow,1,0.5078684807256236
LF3bIa7,onset,0,0.47342745638200184
LF3bIa7,onset,1,0.48989898989898983
LF3bIa7,pitch,0,0.48632653061224496
LF3bIa7,pitch,1,0.5106179138321996
LF3bIa7,speech,0,0.5258717072610054
LF3bIa7,speech,1,0.5104751157226002
LF3bIa7,volume,0,0.511468253968254
LF3bIa7,volume,1,0.4953968253968254
LF3bIa7,word_gap,0,0.5025304368584388
LF3bIa7,word_gap,1,0.5137900851436301
LF3bIa7,word_head_pos,0,0.5063477633929971
LF3bIa7,word_head_pos,1,0.5014445733153611
LF3bIa7,word_index,0,0.4992861342067691
LF3bIa7,word_index,1,0.5062568237171412
LF3bIa7,word_length,0,0.5217979315831344
LF3bIa7,word_length,1,0.500642118422548
LF3bIa7,word_part_speech,0,0.5319480431506037
LF3bIa7,word_part_speech,1,0.4992971938559501
LT2bHb8,delta_volume,0,0.4978854875283447
LT2bHb8,delta_volume,1,0.4846882086167801
LT2bHb8,face_num,0,0.5109953425841456
LT2bHb8,face_num,1,0.5230870184536098
LT2bHb8,frame_brightness,0,0.5138321995464853
LT2bHb8,frame_brightness,1,0.54828231292517
LT2bHb8,global_flow,0,0.4677919501133786
LT2bHb8,global_flow,1,0.48484126984126985
LT2bHb8,gpt2_surprisal,0,0.5188718820861677
LT2bHb8,gpt2_surprisal,1,0.5020294784580499
LT2bHb8,local_flow,0,0.4991780045351474
LT2bHb8,local_flow,1,0.488922902494331
LT2bHb8,onset,0,0.5643221992653811
LT2bHb8,onset,1,0.5474345730027549
LT2bHb8,pitch,0,0.4884863945578231
LT2bHb8,pitch,1,0.5194614512471655
LT2bHb8,speech,0,0.5227840297587327
LT2bHb8,speech,1,0.5308349790497685
LT2bHb8,volume,0,0.487125850340136
LT2bHb8,volume,1,0.48718820861677997
LT2bHb8,word_gap,0,0.5151229410360468
LT2bHb8,word_gap,1,0.5563857722606828
LT2bHb8,word_head_pos,0,0.5070948664096215
LT2bHb8,word_head_pos,1,0.5085890724428701
LT2bHb8,word_index,0,0.5453094818174183
LT2bHb8,word_index,1,0.5481649449903419
LT2bHb8,word_length,0,0.4998181611546767
LT2bHb8,word_length,1,0.47307080350039776
LT2bHb8,word_part_speech,0,0.49391183593286936
LT2bHb8,word_part_speech,1,0.48341208149164255
LT1cCd8,delta_volume,0,0.5726643990929706
LT1cCd8,delta_volume,1,0.5574659863945578
LT1cCd8,face_num,0,0.4936940830012324
LT1cCd8,face_num,1,0.4929418543237144
LT1cCd8,frame_brightness,0,0.5332369614512471
LT1cCd8,frame_brightness,1,0.48966553287981857
LT1cCd8,global_flow,0,0.46705215419501134
LT1cCd8,global_flow,1,0.5111167800453514
LT1cCd8,gpt2_surprisal,0,0.5248696145124717
LT1cCd8,gpt2_surprisal,1,0.5469444444444445
LT1cCd8,local_flow,0,0.5028628117913833
LT1cCd8,local_flow,1,0.5141666666666667
LT1cCd8,onset,0,0.6106232782369145
LT1cCd8,onset,1,0.5665030991735538
LT1cCd8,pitch,0,0.4942290249433106
LT1cCd8,pitch,1,0.5257596371882087
LT1cCd8,speech,0,0.5368927828803695
LT1cCd8,speech,1,0.533044941119923
LT1cCd8,volume,0,0.47219954648526075
LT1cCd8,volume,1,0.49717687074829936
LT1cCd8,word_gap,0,0.5023474178403756
LT1cCd8,word_gap,1,0.5077663722447681
LT1cCd8,word_head_pos,0,0.4904914161520537
LT1cCd8,word_head_pos,1,0.5039444949479117
LT1cCd8,word_index,0,0.516726855351194
LT1cCd8,word_index,1,0.5305282606869909
LT1cCd8,word_length,0,0.5312819638595294
LT1cCd8,word_length,1,0.5197238322536651
LT1cCd8,word_part_speech,0,0.5177056343037139
LT1cCd8,word_part_speech,1,0.4912360920591373
LT1bId4,delta_volume,0,0.6491156462585034
LT1bId4,delta_volume,1,0.6282426303854874
LT1bId4,face_num,0,0.4573710407964021
LT1bId4,face_num,1,0.4991037275331701
LT1bId4,frame_brightness,0,0.5415136054421769
LT1bId4,frame_brightness,1,0.5701757369614512
LT1bId4,global_flow,0,0.4901984126984127
LT1bId4,global_flow,1,0.5020294784580499
LT1bId4,gpt2_surprisal,0,0.5333219954648526
LT1bId4,gpt2_surprisal,1,0.5156462585034013
LT1bId4,local_flow,0,0.49807823129251694
LT1bId4,local_flow,1,0.5494104308390022
LT1bId4,onset,0,0.7157512626262627
LT1bId4,onset,1,0.6856921487603306
LT1bId4,pitch,0,0.5354365079365079
LT1bId4,pitch,1,0.5009183673469387
LT1bId4,speech,0,0.5434521383864666
LT1bId4,speech,1,0.5101250744490768
LT1bId4,volume,0,0.4606689342403628
LT1bId4,volume,1,0.48862244897959184
LT1bId4,word_gap,0,0.5003103365958462
LT1bId4,word_gap,1,0.5112755629824143
LT1bId4,word_head_pos,0,0.5175125126694042
LT1bId4,word_head_pos,1,0.492288642989248
LT1bId4,word_index,0,0.6345287086027827
LT1bId4,word_index,1,0.654069035021416
LT1bId4,word_length,0,0.548460052278668
LT1bId4,word_length,1,0.499551085350608
LT1bId4,word_part_speech,0,0.4866805534386696
LT1bId4,word_part_speech,1,0.5058510728378126
LF3cIc8,delta_volume,0,0.5544897959183672
LF3cIc8,delta_volume,1,0.5083560090702948
LF3cIc8,face_num,0,0.4887325747027096
LF3cIc8,face_num,1,0.47968182327427533
LF3cIc8,frame_brightness,0,0.5165136054421768
LF3cIc8,frame_brightness,1,0.5155385487528344
LF3cIc8,global_flow,0,0.45438208616780046
LF3cIc8,global_flow,1,0.4779308390022675
LF3cIc8,gpt2_surprisal,0,0.48638321995464856
LF3cIc8,gpt2_surprisal,1,0.5198696145124717
LF3cIc8,local_flow,0,0.47909297052154187
LF3cIc8,local_flow,1,0.5058616780045352
LF3cIc8,onset,0,0.5569473140495869
LF3cIc8,onset,1,0.5433023415977961
LF3cIc8,pitch,0,0.5151757369614512
LF3cIc8,pitch,1,0.5527834467120182
LF3cIc8,speech,0,0.5185365140068754
LF3cIc8,speech,1,0.5486034920535406
LF3cIc8,volume,0,0.4757086167800454
LF3cIc8,volume,1,0.45637188208616786
LF3cIc8,word_gap,0,0.5273573645261399
LF3cIc8,word_gap,1,0.4874273891939206
LF3cIc8,word_head_pos,0,0.503876576491855
LF3cIc8,word_head_pos,1,0.5177005945477154
LF3cIc8,word_index,0,0.5334117185969038
LF3cIc8,word_index,1,0.5377788975672574
LF3cIc8,word_length,0,0.5362143425389249
LF3cIc8,word_length,1,0.5168087282645755
LF3cIc8,word_part_speech,0,0.4633440024386527
LF3cIc8,word_part_speech,1,0.42537553557215196
LF1aCaOF10,delta_volume,0,0.5167517006802722
LF1aCaOF10,delta_volume,1,0.5093367346938775
LF1aCaOF10,face_num,0,0.5111073766424994
LF1aCaOF10,face_num,1,0.5140522718906547
LF1aCaOF10,frame_brightness,0,0.5259297052154195
LF1aCaOF10,frame_brightness,1,0.5137981859410431
LF1aCaOF10,global_flow,0,0.48662698412698413
LF1aCaOF10,global_flow,1,0.4821825396825397
LF1aCaOF10,gpt2_surprisal,0,0.5273129251700681
LF1aCaOF10,gpt2_surprisal,1,0.5361678004535146
LF1aCaOF10,local_flow,0,0.49401927437641724
LF1aCaOF10,local_flow,1,0.49608276643990934
LF1aCaOF10,onset,0,0.5093118686868687
LF1aCaOF10,onset,1,0.5473341368227732
LF1aCaOF10,pitch,0,0.49389455782312924
LF1aCaOF10,pitch,1,0.5275340136054422
LF1aCaOF10,speech,0,0.5155063059674201
LF1aCaOF10,speech,1,0.5357251078858551
LF1aCaOF10,volume,0,0.4709353741496599
LF1aCaOF10,volume,1,0.4625
LF1aCaOF10,word_gap,0,0.5060873716877536
LF1aCaOF10,word_gap,1,0.5239834487148882
LF1aCaOF10,word_head_pos,0,0.504440822126788
LF1aCaOF10,word_head_pos,1,0.516786307639259
LF1aCaOF10,word_index,0,0.529156518574508
LF1aCaOF10,word_index,1,0.4967666078777189
LF1aCaOF10,word_length,0,0.5395726787134901
LF1aCaOF10,word_length,1,0.5371974087964542
LF1aCaOF10,word_part_speech,0,0.4986875306948466
LF1aCaOF10,word_part_speech,1,0.4787718674321326
RF1aCaOF6,delta_volume,0,0.5813151927437641
RF1aCaOF6,delta_volume,1,0.571201814058957
RF1aCaOF6,face_num,0,0.5248475536563115
RF1aCaOF6,face_num,1,0.5045933963925032
RF1aCaOF6,frame_brightness,0,0.4983843537414966
RF1aCaOF6,frame_brightness,1,0.5018990929705216
RF1aCaOF6,global_flow,0,0.5249943310657597
RF1aCaOF6,global_flow,1,0.4881689342403628
RF1aCaOF6,gpt2_surprisal,0,0.5694557823129252
RF1aCaOF6,gpt2_surprisal,1,0.5430442176870749
RF1aCaOF6,local_flow,0,0.5366609977324263
RF1aCaOF6,local_flow,1,0.535986394557823
RF1aCaOF6,onset,0,0.5536616161616161
RF1aCaOF6,onset,1,0.5401744719926538
RF1aCaOF6,pitch,0,0.5141780045351474
RF1aCaOF6,pitch,1,0.5317290249433106
RF1aCaOF6,speech,0,0.48933419015077895
RF1aCaOF6,speech,1,0.5232072139849326
RF1aCaOF6,volume,0,0.5012471655328798
RF1aCaOF6,volume,1,0.4744897959183673
RF1aCaOF6,word_gap,0,0.5125328240630223
RF1aCaOF6,word_gap,1,0.4977958144346304
RF1aCaOF6,word_head_pos,0,0.49425305371827427
RF1aCaOF6,word_head_pos,1,0.5395285414250337
RF1aCaOF6,word_index,0,0.5867416925617983
RF1aCaOF6,word_index,1,0.5591108871532152
RF1aCaOF6,word_length,0,0.5388623707239459
RF1aCaOF6,word_length,1,0.4985850664848278
RF1aCaOF6,word_part_speech,0,0.5294077799793392
RF1aCaOF6,word_part_speech,1,0.5010245728124101
LF1bCb2,delta_volume,0,0.583140589569161
LF1bCb2,delta_volume,1,0.5599092970521542
LF1bCb2,face_num,0,0.5100990701173157
LF1bCb2,face_num,1,0.48774027304300505
LF1bCb2,frame_brightness,0,0.49024376417233556
LF1bCb2,frame_brightness,1,0.5108900226757369
LF1bCb2,global_flow,0,0.4687868480725624
LF1bCb2,global_flow,1,0.4730328798185941
LF1bCb2,gpt2_surprisal,0,0.5202097505668934
LF1bCb2,gpt2_surprisal,1,0.5136394557823128
LF1bCb2,local_flow,0,0.5310770975056689
LF1bCb2,local_flow,1,0.5187301587301588
LF1bCb2,onset,0,0.5390122819100092
LF1bCb2,onset,1,0.5145488980716253
LF1bCb2,pitch,0,0.5176587301587301
LF1bCb2,pitch,1,0.5119387755102041
LF1bCb2,speech,0,0.497988568801396
LF1bCb2,speech,1,0.4932656238571414
LF1bCb2,volume,0,0.492766439909297
LF1bCb2,volume,1,0.47599206349206347
LF1bCb2,word_gap,0,0.5091509509031591
LF1bCb2,word_gap,1,0.5086814673350839
LF1bCb2,word_head_pos,0,0.5236930921705694
LF1bCb2,word_head_pos,1,0.5400144196106704
LF1bCb2,word_index,0,0.5685171187816691
LF1bCb2,word_index,1,0.5576271660927746
LF1bCb2,word_length,0,0.509290828503239
LF1bCb2,word_length,1,0.508858961245596
LF1bCb2,word_part_speech,0,0.46903419194228524
LF1bCb2,word_part_speech,1,0.4455790953276093
RF1bCb4,delta_volume,0,0.5447902494331066
RF1bCb4,delta_volume,1,0.536156462585034
RF1bCb4,face_num,0,0.4964069076999407
RF1bCb4,face_num,1,0.4973992093596454
RF1bCb4,frame_brightness,0,0.5216609977324262
RF1bCb4,frame_brightness,1,0.49160997732426304
RF1bCb4,global_flow,0,0.477108843537415
RF1bCb4,global_flow,1,0.4725056689342404
RF1bCb4,gpt2_surprisal,0,0.5203514739229025
RF1bCb4,gpt2_surprisal,1,0.5084070294784581
RF1bCb4,local_flow,0,0.49443877551020404
RF1bCb4,local_flow,1,0.5069501133786848
RF1bCb4,onset,0,0.5203024563820018
RF1bCb4,onset,1,0.5203741965105602
RF1bCb4,pitch,0,0.48576530612244895
RF1bCb4,pitch,1,0.5193990929705216
RF1bCb4,speech,0,0.4789557276156442
RF1bCb4,speech,1,0.5076434385546953
RF1bCb4,volume,0,0.5025340136054421
RF1bCb4,volume,1,0.5039512471655329
RF1bCb4,word_gap,0,0.534224556377815
RF1bCb4,word_gap,1,0.5030397071695711
RF1bCb4,word_head_pos,0,0.52305047908634
RF1bCb4,word_head_pos,1,0.5351033927881048
RF1bCb4,word_index,0,0.5303043027910752
RF1bCb4,word_index,1,0.5224937711710198
RF1bCb4,word_length,0,0.5244289123764063
RF1bCb4,word_length,1,0.5273724286850778
RF1bCb4,word_part_speech,0,0.5209063658995072
RF1bCb4,word_part_speech,1,0.492760249961896
LF1cCc6,delta_volume,0,0.5634920634920635
LF1cCc6,delta_volume,1,0.5525113378684807
LF1cCc6,face_num,0,0.5241673468734496
LF1cCc6,face_num,1,0.5226068724892368
LF1cCc6,frame_brightness,0,0.4940759637188208
LF1cCc6,frame_brightness,1,0.488968253968254
LF1cCc6,global_flow,0,0.5194047619047619
LF1cCc6,global_flow,1,0.5082766439909298
LF1cCc6,gpt2_surprisal,0,0.5235997732426303
LF1cCc6,gpt2_surprisal,1,0.508922902494331
LF1cCc6,local_flow,0,0.5114455782312926
LF1cCc6,local_flow,1,0.4775340136054422
LF1cCc6,onset,0,0.528495179063361
LF1cCc6,onset,1,0.5204172405876952
LF1cCc6,pitch,0,0.4886791383219955
LF1cCc6,pitch,1,0.5089909297052154
LF1cCc6,speech,0,0.4948956668025035
LF1cCc6,speech,1,0.4859983490590682
LF1cCc6,volume,0,0.5311054421768707
LF1cCc6,volume,1,0.5167063492063493
LF1cCc6,word_gap,0,0.5041219065807274
LF1cCc6,word_gap,1,0.4950982732553513
LF1cCc6,word_head_pos,0,0.5262086872929793
LF1cCc6,word_head_pos,1,0.5467644692433884
LF1cCc6,word_index,0,0.49872623946698025
LF1cCc6,word_index,1,0.5010498026371042
LF1cCc6,word_length,0,0.5000227298556654
LF1cCc6,word_length,1,0.49986362086600744
LF1cCc6,word_part_speech,0,0.47452116039221665
LF1cCc6,word_part_speech,1,0.4820572744669681
RF1cCc6,delta_volume,0,0.5814342403628118
RF1cCc6,delta_volume,1,0.5831065759637188
RF1cCc6,face_num,0,0.5045853939597638
RF1cCc6,face_num,1,0.5102991309358045
RF1cCc6,frame_brightness,0,0.5025396825396825
RF1cCc6,frame_brightness,1,0.5170691609977325
RF1cCc6,global_flow,0,0.48469387755102045
RF1cCc6,global_flow,1,0.4833616780045351
RF1cCc6,gpt2_surprisal,0,0.5504478458049886
RF1cCc6,gpt2_surprisal,1,0.5197165532879819
RF1cCc6,local_flow,0,0.5232653061224489
RF1cCc6,local_flow,1,0.5149206349206349
RF1cCc6,onset,0,0.5269599403122129
RF1cCc6,onset,1,0.5395862029384757
RF1cCc6,pitch,0,0.5039739229024944
RF1cCc6,pitch,1,0.5019501133786848
RF1cCc6,speech,0,0.47816160412944214
RF1cCc6,speech,1,0.49153631547600385
RF1cCc6,volume,0,0.5130555555555556
RF1cCc6,volume,1,0.45053854875283444
RF1cCc6,word_gap,0,0.49870295217633487
RF1cCc6,word_gap,1,0.4810376382589321
RF1cCc6,word_head_pos,0,0.531284285759067
RF1cCc6,word_head_pos,1,0.5222354576136589
RF1cCc6,word_index,0,0.5326278659611994
RF1cCc6,word_index,1,0.5535399344923154
RF1cCc6,word_length,0,0.5353221957040573
RF1cCc6,word_length,1,0.5350778497556541
RF1cCc6,word_part_speech,0,0.4890175955562329
RF1cCc6,word_part_speech,1,0.440058256702061
LT2aA10,delta_volume,0,0.5163945578231292
LT2aA10,delta_volume,1,0.5064229024943311
LT2aA10,face_num,0,0.4895968374385813
LT2aA10,face_num,1,0.516068884941022
LT2aA10,frame_brightness,0,0.513639455782313
LT2aA10,frame_brightness,1,0.5238378684807257
LT2aA10,global_flow,0,0.45791383219954646
LT2aA10,global_flow,1,0.4519104308390022
LT2aA10,gpt2_surprisal,0,0.5085657596371882
LT2aA10,gpt2_surprisal,1,0.4828968253968254
LT2aA10,local_flow,0,0.48768140589569164
LT2aA10,local_flow,1,0.5072278911564626
LT2aA10,onset,0,0.5423984159779613
LT2aA10,onset,1,0.5642791551882461
LT2aA10,pitch,0,0.49657029478458053
LT2aA10,pitch,1,0.5379365079365079
LT2aA10,speech,0,0.526843463632279
LT2aA10,speech,1,0.5284317106046832
LT2aA10,volume,0,0.4655328798185941
LT2aA10,volume,1,0.4250396825396825
LT2aA10,word_gap,0,0.5041616933237845
LT2aA10,word_gap,1,0.5196785231160976
LT2aA10,word_head_pos,0,0.4819336906889022
LT2aA10,word_head_pos,1,0.48988537454416264
LT2aA10,word_index,0,0.5076565605666135
LT2aA10,word_index,1,0.5453374765544078
LT2aA10,word_length,0,0.5462154790317081
LT2aA10,word_length,1,0.47342311626321176
LT2aA10,word_part_speech,0,0.4623787024335721
LT2aA10,word_part_speech,1,0.47462277091906724
LT3Ha11,delta_volume,0,0.4789739229024943
LT3Ha11,delta_volume,1,0.48792517006802716
LT3Ha11,face_num,0,0.4822906163473696
LT3Ha11,face_num,1,0.5253597093516429
LT3Ha11,frame_brightness,0,0.5451757369614513
LT3Ha11,frame_brightness,1,0.508531746031746
LT3Ha11,global_flow,0,0.44809523809523805
LT3Ha11,global_flow,1,0.48667800453514737
LT3Ha11,gpt2_surprisal,0,0.5175283446712018
LT3Ha11,gpt2_surprisal,1,0.49025510204081635
LT3Ha11,local_flow,0,0.4866496598639456
LT3Ha11,local_flow,1,0.532482993197279
LT3Ha11,onset,0,0.5311639118457301
LT3Ha11,onset,1,0.5248938246097337
LT3Ha11,pitch,0,0.4769557823129251
LT3Ha11,pitch,1,0.5088151927437641
LT3Ha11,speech,0,0.5349571068827519
LT3Ha11,speech,1,0.49516211613011085
LT3Ha11,volume,0,0.4530102040816326
LT3Ha11,volume,1,0.46798752834467117
LT3Ha11,word_gap,0,0.5027054985278905
LT3Ha11,word_gap,1,0.4736850481419591
LT3Ha11,word_head_pos,0,0.5171729203891204
LT3Ha11,word_head_pos,1,0.4846034084615947
LT3Ha11,word_index,0,0.5009658184261359
LT3Ha11,word_index,1,0.5308921922678537
LT3Ha11,word_length,0,0.5410842141152403
LT3Ha11,word_length,1,0.4783554949426071
LT3Ha11,word_part_speech,0,0.46136259716506633
LT3Ha11,word_part_speech,1,0.48175244288641633
LT1aIb9,delta_volume,0,0.5139115646258503
LT1aIb9,delta_volume,1,0.5281235827664399
LT1aIb9,face_num,0,0.4885805284806581
LT1aIb9,face_num,1,0.5245914758086458
LT1aIb9,frame_brightness,0,0.546921768707483
LT1aIb9,frame_brightness,1,0.5254875283446712
LT1aIb9,global_flow,0,0.42617913832199544
LT1aIb9,global_flow,1,0.4415136054421769
LT1aIb9,gpt2_surprisal,0,0.5001190476190476
LT1aIb9,gpt2_surprisal,1,0.4988265306122449
LT1aIb9,local_flow,0,0.48777777777777775
LT1aIb9,local_flow,1,0.4957369614512471
LT1aIb9,onset,0,0.5897469008264463
LT1aIb9,onset,1,0.5830176767676767
LT1aIb9,pitch,0,0.5144671201814058
LT1aIb9,pitch,1,0.5324489795918367
LT1aIb9,speech,0,0.5275905666489035
LT1aIb9,speech,1,0.545536712537747
LT1aIb9,volume,0,0.4812528344671202
LT1aIb9,volume,1,0.4457993197278911
LT1aIb9,word_gap,0,0.5072411872364129
LT1aIb9,word_gap,1,0.5238402164398822
LT1aIb9,word_head_pos,0,0.5024346154248038
LT1aIb9,word_head_pos,1,0.4865625946940012
LT1aIb9,word_index,0,0.5100921026846953
LT1aIb9,word_index,1,0.5691050082584475
LT1aIb9,word_length,0,0.5276792817365609
LT1aIb9,word_length,1,0.5
LT1aIb9,word_part_speech,0,0.4825483920134126
LT1aIb9,word_part_speech,1,0.4649867059560704
LF3aOFa12,delta_volume,0,0.5301643990929705
LF3aOFa12,delta_volume,1,0.5164569160997733
LF3aOFa12,face_num,0,0.4728557481474368
LF3aOFa12,face_num,1,0.5199300587378564
LF3aOFa12,frame_brightness,0,0.5347448979591837
LF3aOFa12,frame_brightness,1,0.5271145124716553
LF3aOFa12,global_flow,0,0.45751133786848075
LF3aOFa12,global_flow,1,0.4497902494331065
LF3aOFa12,gpt2_surprisal,0,0.5290532879818595
LF3aOFa12,gpt2_surprisal,1,0.5088095238095238
LF3aOFa12,local_flow,0,0.516077097505669
LF3aOFa12,local_flow,1,0.47005668934240363
LF3aOFa12,onset,0,0.5632460973370064
LF3aOFa12,onset,1,0.5848542240587695
LF3aOFa12,pitch,0,0.493781179138322
LF3aOFa12,pitch,1,0.5066836734693877
LF3aOFa12,speech,0,0.5186201059527915
LF3aOFa12,speech,1,0.5406779306813788
LF3aOFa12,volume,0,0.48837301587301585
LF3aOFa12,volume,1,0.43985260770975054
LF3aOFa12,word_gap,0,0.524643908649638
LF3aOFa12,word_gap,1,0.5134001750616695
LF3aOFa12,word_head_pos,0,0.4862177779170977
LF3aOFa12,word_head_pos,1,0.5018912677763497
LF3aOFa12,word_index,0,0.5334397133338933
LF3aOFa12,word_index,1,0.5315920606925898
LF3aOFa12,word_length,0,0.5131321741106945
LF3aOFa12,word_length,1,0.5037504261847937
LF3aOFa12,word_part_speech,0,0.4661213568392353
LF3aOFa12,word_part_speech,1,0.49530051313316065
LF3bIa8,delta_volume,0,0.5350056689342404
LF3bIa8,delta_volume,1,0.5172222222222222
LF3bIa8,face_num,0,0.466909940621949
LF3bIa8,face_num,1,0.4874281781661625
LF3bIa8,frame_brightness,0,0.5152607709750567
LF3bIa8,frame_brightness,1,0.5152777777777777
LF3bIa8,global_flow,0,0.4831972789115646
LF3bIa8,global_flow,1,0.46712018140589573
LF3bIa8,gpt2_surprisal,0,0.514421768707483
LF3bIa8,gpt2_surprisal,1,0.5101303854875283
LF3bIa8,local_flow,0,0.49159297052154194
LF3bIa8,local_flow,1,0.5101190476190476
LF3bIa8,onset,0,0.5372905188246098
LF3bIa8,onset,1,0.5355113636363636
LF3bIa8,pitch,0,0.5064002267573696
LF3bIa8,pitch,1,0.5253968253968254
LF3bIa8,speech,0,0.5136568341640283
LF3bIa8,speech,1,0.5267572594380532
LF3bIa8,volume,0,0.501734693877551
LF3bIa8,volume,1,0.4876190476190476
LF3bIa8,word_gap,0,0.5133126442269436
LF3bIa8,word_gap,1,0.5109174822948993
LF3bIa8,word_head_pos,0,0.5358400468114897
LF3bIa8,word_head_pos,1,0.49123329467205834
LF3bIa8,word_index,0,0.4974104868284762
LF3bIa8,word_index,1,0.5174547185129196
LF3bIa8,word_length,0,0.532492328673713
LF3bIa8,word_length,1,0.5047732696897375
LF3bIa8,word_part_speech,0,0.5241409676709174
LF3bIa8,word_part_speech,1,0.49475859032329084
LT2bHb9,delta_volume,0,0.511077097505669
LT2bHb9,delta_volume,1,0.5123356009070295
LT2bHb9,face_num,0,0.5110513596133224
LT2bHb9,face_num,1,0.5266160912917527
LT2bHb9,frame_brightness,0,0.5115022675736962
LT2bHb9,frame_brightness,1,0.5507879818594104
LT2bHb9,global_flow,0,0.46789115646258506
LT2bHb9,global_flow,1,0.48082199546485266
LT2bHb9,gpt2_surprisal,0,0.5125396825396825
LT2bHb9,gpt2_surprisal,1,0.5073185941043084
LT2bHb9,local_flow,0,0.4895804988662132
LT2bHb9,local_flow,1,0.4906065759637188
LT2bHb9,onset,0,0.5583247245179064
LT2bHb9,onset,1,0.5286099632690541
LT2bHb9,pitch,0,0.5136621315192744
LT2bHb9,pitch,1,0.5185260770975056
LT2bHb9,speech,0,0.5219167633198541
LT2bHb9,speech,1,0.5346175146024681
LT2bHb9,volume,0,0.484172335600907
LT2bHb9,volume,1,0.4754818594104308
LT2bHb9,word_gap,0,0.5218588366356329
LT2bHb9,word_gap,1,0.548730802896475
LT2bHb9,word_head_pos,0,0.48893451615936806
LT2bHb9,word_head_pos,1,0.5002977963073258
LT2bHb9,word_index,0,0.5207580974776742
LT2bHb9,word_index,1,0.5399904817894237
LT2bHb9,word_length,0,0.5005796113194682
LT2bHb9,word_length,1,0.47240027275826796
LT2bHb9,word_part_speech,0,0.5013802096563871
LT2bHb9,word_part_speech,1,0.48517333062371926
LT1cCd9,delta_volume,0,0.5663208616780046
LT1cCd9,delta_volume,1,0.5460430839002267
LT1cCd9,face_num,0,0.5063059169987676
LT1cCd9,face_num,1,0.497815335862102
LT1cCd9,frame_brightness,0,0.5355385487528345
LT1cCd9,frame_brightness,1,0.49481292517006803
LT1cCd9,global_flow,0,0.47877834467120184
LT1cCd9,global_flow,1,0.49845804988662135
LT1cCd9,gpt2_surprisal,0,0.5270294784580499
LT1cCd9,gpt2_surprisal,1,0.5435204081632653
LT1cCd9,local_flow,0,0.5007086167800454
LT1cCd9,local_flow,1,0.5054931972789115
LT1cCd9,onset,0,0.6132489669421488
LT1cCd9,onset,1,0.5774649908172635
LT1cCd9,pitch,0,0.4957596371882086
LT1cCd9,pitch,1,0.5338577097505669
LT1cCd9,speech,0,0.526864361618758
LT1cCd9,speech,1,0.5155428774437583
LT1cCd9,volume,0,0.470374149659864
LT1cCd9,volume,1,0.48401927437641723
LT1cCd9,word_gap,0,0.5012493037319965
LT1cCd9,word_gap,1,0.5133046868783322
LT1cCd9,word_head_pos,0,0.4919020302393864
LT1cCd9,word_head_pos,1,0.5003500412735233
LT1cCd9,word_index,0,0.522129839590157
LT1cCd9,word_index,1,0.5277287869880463
LT1cCd9,word_length,0,0.528531651324014
LT1cCd9,word_length,1,0.5262018411183089
LT1cCd9,word_part_speech,0,0.5289928703280327
LT1cCd9,word_part_speech,1,0.48200646920354284
LT1bId5,delta_volume,0,0.6498526077097506
LT1bId5,delta_volume,1,0.6746315192743764
LT1bId5,face_num,0,0.49150141643059486
LT1bId5,face_num,1,0.5049855155967414
LT1bId5,frame_brightness,0,0.5190816326530612
LT1bId5,frame_brightness,1,0.5438548752834468
LT1bId5,global_flow,0,0.46611678004535145
LT1bId5,global_flow,1,0.4966496598639455
LT1bId5,gpt2_surprisal,0,0.5624263038548752
LT1bId5,gpt2_surprisal,1,0.5610204081632653
LT1bId5,local_flow,0,0.5055102040816326
LT1bId5,local_flow,1,0.5563718820861678
LT1bId5,onset,0,0.7851239669421487
LT1bId5,onset,1,0.7467143021120294
LT1bId5,pitch,0,0.49116780045351477
LT1bId5,pitch,1,0.5251473922902494
LT1bId5,speech,0,0.5521665987482105
LT1bId5,speech,1,0.5902845260859116
LT1bId5,volume,0,0.493452380952381
LT1bId5,volume,1,0.4937358276643991
LT1bId5,word_gap,0,0.5368504814195909
LT1bId5,word_gap,1,0.5689345110209278
LT1bId5,word_head_pos,0,0.5426318924171656
LT1bId5,word_head_pos,1,0.5300669780466652
LT1bId5,word_index,0,0.705663335292965
LT1bId5,word_index,1,0.7102544721592341
LT1bId5,word_length,0,0.5675304011819525
LT1bId5,word_length,1,0.5513581088760087
LT1bId5,word_part_speech,0,0.49994072719267046
LT1bId5,word_part_speech,1,0.4759437077681248
LF3cIc9,delta_volume,0,0.5483333333333333
LF3cIc9,delta_volume,1,0.4996201814058957
LF3cIc9,face_num,0,0.49579872281173476
LF3cIc9,face_num,1,0.48976488852611194
LF3cIc9,frame_brightness,0,0.5236791383219954
LF3cIc9,frame_brightness,1,0.5139285714285715
LF3cIc9,global_flow,0,0.4500963718820862
LF3cIc9,global_flow,1,0.4597392290249433
LF3cIc9,gpt2_surprisal,0,0.488015873015873
LF3cIc9,gpt2_surprisal,1,0.5110544217687074
LF3cIc9,local_flow,0,0.49553854875283443
LF3cIc9,local_flow,1,0.5183730158730159
LF3cIc9,onset,0,0.5834194214876033
LF3cIc9,onset,1,0.5652691689623508
LF3cIc9,pitch,0,0.5136904761904761
LF3cIc9,pitch,1,0.5385090702947846
LF3cIc9,speech,0,0.5365453538551561
LF3cIc9,speech,1,0.5679811500161959
LF3cIc9,volume,0,0.47043083900226756
LF3cIc9,volume,1,0.4371541950113379
LF3cIc9,word_gap,0,0.5242380838704543
LF3cIc9,word_gap,1,0.483767008832657
LF3cIc9,word_head_pos,0,0.496207015454061
LF3cIc9,word_head_pos,1,0.49122284567881885
LF3cIc9,word_index,0,0.5262170711906162
LF3cIc9,word_index,1,0.5443016712857983
LF3cIc9,word_length,0,0.5184850551199
LF3cIc9,word_length,1,0.504892601431981
LF3cIc9,word_part_speech,0,0.4743856796897492
LF3cIc9,word_part_speech,1,0.44278480583921825
LF1aCaOF11,delta_volume,0,0.559438775510204
LF1aCaOF11,delta_volume,1,0.5249943310657597
LF1aCaOF11,face_num,0,0.5018165522318785
LF1aCaOF11,face_num,1,0.5323058209695748
LF1aCaOF11,frame_brightness,0,0.5241780045351474
LF1aCaOF11,frame_brightness,1,0.5293650793650794
LF1aCaOF11,global_flow,0,0.4741269841269841
LF1aCaOF11,global_flow,1,0.47635487528344667
LF1aCaOF11,gpt2_surprisal,0,0.486530612244898
LF1aCaOF11,gpt2_surprisal,1,0.4896371882086168
LF1aCaOF11,local_flow,0,0.4712301587301587
LF1aCaOF11,local_flow,1,0.49566893424036285
LF1aCaOF11,onset,0,0.5440484389348025
LF1aCaOF11,onset,1,0.5776515151515151
LF1aCaOF11,pitch,0,0.5087244897959183
LF1aCaOF11,pitch,1,0.5153514739229025
LF1aCaOF11,speech,0,0.49926857047323486
LF1aCaOF11,speech,1,0.5219846817759108
LF1aCaOF11,volume,0,0.4674659863945578
LF1aCaOF11,volume,1,0.45639455782312927
LF1aCaOF11,word_gap,0,0.49139014880241905
LF1aCaOF11,word_gap,1,0.49442189862337876
LF1aCaOF11,word_head_pos,0,0.46844404041670584
LF1aCaOF11,word_head_pos,1,0.5034377187757959
LF1aCaOF11,word_index,0,0.5257971501357745
LF1aCaOF11,word_index,1,0.5381708238851096
LF1aCaOF11,word_length,0,0.5110978520286396
LF1aCaOF11,word_length,1,0.4885725650642119
LF1aCaOF11,word_part_speech,0,0.4927094446984708
LF1aCaOF11,word_part_speech,1,0.46166742874561806
RF1aCaOF7,delta_volume,0,0.5949092970521541
RF1aCaOF7,delta_volume,1,0.5737273242630385
RF1aCaOF7,face_num,0,0.5266881131864086
RF1aCaOF7,face_num,1,0.5115155007122165
RF1aCaOF7,frame_brightness,0,0.5099886621315193
RF1aCaOF7,frame_brightness,1,0.48674603174603176
RF1aCaOF7,global_flow,0,0.5142857142857143
RF1aCaOF7,global_flow,1,0.4971315192743765
RF1aCaOF7,gpt2_surprisal,0,0.562437641723356
RF1aCaOF7,gpt2_surprisal,1,0.5456802721088435
RF1aCaOF7,local_flow,0,0.5395011337868482
RF1aCaOF7,local_flow,1,0.5152040816326531
RF1aCaOF7,onset,0,0.5672778925619835
RF1aCaOF7,onset,1,0.5645517676767677
RF1aCaOF7,pitch,0,0.49594671201814056
RF1aCaOF7,pitch,1,0.5299036281179138
RF1aCaOF7,speech,0,0.49647346478166826
RF1aCaOF7,speech,1,0.5304744887830057
RF1aCaOF7,volume,0,0.49038548752834465
RF1aCaOF7,volume,1,0.4515731292517007
RF1aCaOF7,word_gap,0,0.507440120951699
RF1aCaOF7,word_gap,1,0.5270231558844594
RF1aCaOF7,word_head_pos,0,0.49380897150559544
RF1aCaOF7,word_head_pos,1,0.5439066695923849
RF1aCaOF7,word_index,0,0.5697488872092047
RF1aCaOF7,word_index,1,0.567705271408975
RF1aCaOF7,word_length,0,0.5113990226162064
RF1aCaOF7,word_length,1,0.4898511194453915
RF1aCaOF7,word_part_speech,0,0.5214313536215686
RF1aCaOF7,word_part_speech,1,0.48158309200833205
LF1bCb3,delta_volume,0,0.5808163265306123
LF1bCb3,delta_volume,1,0.5784523809523809
LF1bCb3,face_num,0,0.5053376226372818
LF1bCb3,face_num,1,0.5078343816520222
LF1bCb3,frame_brightness,0,0.533656462585034
LF1bCb3,frame_brightness,1,0.5102380952380953
LF1bCb3,global_flow,0,0.48123015873015873
LF1bCb3,global_flow,1,0.4849319727891157
LF1bCb3,gpt2_surprisal,0,0.5343480725623583
LF1bCb3,gpt2_surprisal,1,0.4971485260770975
LF1bCb3,local_flow,0,0.5051984126984127
LF1bCb3,local_flow,1,0.5109863945578231
LF1bCb3,onset,0,0.5176767676767677
LF1bCb3,onset,1,0.5412362258953168
LF1bCb3,pitch,0,0.4880187074829932
LF1bCb3,pitch,1,0.5257936507936508
LF1bCb3,speech,0,0.5096705432431585
LF1bCb3,speech,1,0.5297900797258184
LF1bCb3,volume,0,0.4911451247165533
LF1bCb3,volume,1,0.4718310657596372
LF1bCb3,word_gap,0,0.5005649717514125
LF1bCb3,word_gap,1,0.4842762791437893
LF1bCb3,word_head_pos,0,0.5226690908330982
LF1bCb3,word_head_pos,1,0.5239490925049372
LF1bCb3,word_index,0,0.5405223817922231
LF1bCb3,word_index,1,0.5325998712242098
LF1bCb3,word_length,0,0.5022445732469599
LF1bCb3,word_length,1,0.5249005568814638
LF1bCb3,word_part_speech,0,0.48049924638859254
LF1bCb3,word_part_speech,1,0.4643770427949669
RF1bCb5,delta_volume,0,0.561218820861678
RF1bCb5,delta_volume,1,0.5521031746031745
RF1bCb5,face_num,0,0.4796578159760567
RF1bCb5,face_num,1,0.4859397256766056
RF1bCb5,frame_brightness,0,0.5402267573696145
RF1bCb5,frame_brightness,1,0.5061281179138322
RF1bCb5,global_flow,0,0.4843367346938776
RF1bCb5,global_flow,1,0.48609977324263043
RF1bCb5,gpt2_surprisal,0,0.5209126984126984
RF1bCb5,gpt2_surprisal,1,0.521014739229025
RF1bCb5,local_flow,0,0.4876360544217687
RF1bCb5,local_flow,1,0.5113151927437642
RF1bCb5,onset,0,0.5369605142332414
RF1bCb5,onset,1,0.5535755280073462
RF1bCb5,pitch,0,0.5100283446712018
RF1bCb5,pitch,1,0.5284863945578232
RF1bCb5,speech,0,0.5323448585728765
RF1bCb5,speech,1,0.5163108784468616
RF1bCb5,volume,0,0.47183673469387755
RF1bCb5,volume,1,0.4606632653061224
RF1bCb5,word_gap,0,0.5214609692050609
RF1bCb5,word_gap,1,0.49522559083313444
RF1bCb5,word_head_pos,0,0.4835532846410248
RF1bCb5,word_head_pos,1,0.5144718556367094
RF1bCb5,word_index,0,0.517482713249909
RF1bCb5,word_index,1,0.5119397553259987
RF1bCb5,word_length,0,0.5191839981816115
RF1bCb5,word_length,1,0.5050460279577225
RF1bCb5,word_part_speech,0,0.5093905061897747
RF1bCb5,word_part_speech,1,0.46281901471659137
LF1cCc7,delta_volume,0,0.5764909297052154
LF1cCc7,delta_volume,1,0.5460770975056688
LF1cCc7,face_num,0,0.49471039195915556
LF1cCc7,face_num,1,0.5164930138762185
LF1cCc7,frame_brightness,0,0.5042857142857142
LF1cCc7,frame_brightness,1,0.4929308390022676
LF1cCc7,global_flow,0,0.5386564625850341
LF1cCc7,global_flow,1,0.5061337868480726
LF1cCc7,gpt2_surprisal,0,0.47318594104308387
LF1cCc7,gpt2_surprisal,1,0.4597165532879819
LF1cCc7,local_flow,0,0.5386394557823129
LF1cCc7,local_flow,1,0.5290986394557823
LF1cCc7,onset,0,0.5389261937557392
LF1cCc7,onset,1,0.5411357897153352
LF1cCc7,pitch,0,0.4764569160997732
LF1cCc7,pitch,1,0.5185260770975058
LF1cCc7,speech,0,0.4995559177873212
LF1cCc7,speech,1,0.5154070405316448
LF1cCc7,volume,0,0.526235827664399
LF1cCc7,volume,1,0.47549319727891154
LF1cCc7,word_gap,0,0.4894246836953927
LF1cCc7,word_gap,1,0.48569268719662606
LF1cCc7,word_head_pos,0,0.5271621579260839
LF1cCc7,word_head_pos,1,0.5344555552072559
LF1cCc7,word_index,0,0.5483889028862574
LF1cCc7,word_index,1,0.5383387923070463
LF1cCc7,word_length,0,0.5117911126264348
LF1cCc7,word_length,1,0.4971417206500739
LF1cCc7,word_part_speech,0,0.5014987552710461
LF1cCc7,word_part_speech,1,0.462649663838507
RF1cCc7,delta_volume,0,0.5987528344671202
RF1cCc7,delta_volume,1,0.6032426303854875
RF1cCc7,face_num,0,0.517573342296058
RF1cCc7,face_num,1,0.5272242761799587
RF1cCc7,frame_brightness,0,0.49700113378684807
RF1cCc7,frame_brightness,1,0.512482993197279
RF1cCc7,global_flow,0,0.4984240362811792
RF1cCc7,global_flow,1,0.5176870748299319
RF1cCc7,gpt2_surprisal,0,0.5407312925170068
RF1cCc7,gpt2_surprisal,1,0.5366950113378685
RF1cCc7,local_flow,0,0.5195181405895691
RF1cCc7,local_flow,1,0.5435941043083901
RF1cCc7,onset,0,0.5255968778696052
RF1cCc7,onset,1,0.5278638659320478
RF1cCc7,pitch,0,0.4936734693877551
RF1cCc7,pitch,1,0.5032936507936507
RF1cCc7,speech,0,0.48438920410018493
RF1cCc7,speech,1,0.5073351932541299
RF1cCc7,volume,0,0.5084410430839003
RF1cCc7,volume,1,0.4551303854875283
RF1cCc7,word_gap,0,0.5129068194477601
RF1cCc7,word_gap,1,0.5134399618047267
RF1cCc7,word_head_pos,0,0.5354220870819096
RF1cCc7,word_head_pos,1,0.5359863327168427
RF1cCc7,word_index,0,0.5290445396265502
RF1cCc7,word_index,1,0.5267769659304051
RF1cCc7,word_length,0,0.5134674394817593
RF1cCc7,word_length,1,0.5327196272303671
RF1cCc7,word_part_speech,0,0.4838354586868533
RF1cCc7,word_part_speech,1,0.4630391708581009
LT2aA11,delta_volume,0,0.5236734693877552
LT2aA11,delta_volume,1,0.5207142857142857
LT2aA11,face_num,0,0.4838991053280197
LT2aA11,face_num,1,0.5165570333381349
LT2aA11,frame_brightness,0,0.5391780045351474
LT2aA11,frame_brightness,1,0.5389229024943311
LT2aA11,global_flow,0,0.4802947845804988
LT2aA11,global_flow,1,0.4874659863945578
LT2aA11,gpt2_surprisal,0,0.48134920634920636
LT2aA11,gpt2_surprisal,1,0.5081575963718821
LT2aA11,local_flow,0,0.4856802721088435
LT2aA11,local_flow,1,0.4770691609977324
LT2aA11,onset,0,0.5466454315886133
LT2aA11,onset,1,0.5710514233241506
LT2aA11,pitch,0,0.5198582766439909
LT2aA11,pitch,1,0.5293537414965986
LT2aA11,speech,0,0.48610806348808294
LT2aA11,speech,1,0.5162011640178469
LT2aA11,volume,0,0.46442176870748303
LT2aA11,volume,1,0.4363208616780045
LT2aA11,word_gap,0,0.5048619400015915
LT2aA11,word_gap,1,0.5076549693642078
LT2aA11,word_head_pos,0,0.4935268486881289
LT2aA11,word_head_pos,1,0.49787362987576145
LT2aA11,word_index,0,0.49872623946698025
LT2aA11,word_index,1,0.5036673105456174
LT2aA11,word_length,0,0.5430787589498807
LT2aA11,word_length,1,0.48383907262188885
LT2aA11,word_part_speech,0,0.4577046181984454
LT2aA11,word_part_speech,1,0.4653423428000474
LT3Ha12,delta_volume,0,0.4946485260770974
LT3Ha12,delta_volume,1,0.48384920634920636
LT3Ha12,face_num,0,0.4918775307693539
LT3Ha12,face_num,1,0.5251916582641123
LT3Ha12,frame_brightness,0,0.5378684807256235
LT3Ha12,frame_brightness,1,0.526218820861678
LT3Ha12,global_flow,0,0.4521031746031746
LT3Ha12,global_flow,1,0.4653174603174603
LT3Ha12,gpt2_surprisal,0,0.5107709750566893
LT3Ha12,gpt2_surprisal,1,0.4918820861678005
LT3Ha12,local_flow,0,0.497171201814059
LT3Ha12,local_flow,1,0.525719954648526
LT3Ha12,onset,0,0.560247359963269
LT3Ha12,onset,1,0.5656278696051423
LT3Ha12,pitch,0,0.47005102040816327
LT3Ha12,pitch,1,0.5279875283446712
LT3Ha12,speech,0,0.5350720458083864
LT3Ha12,speech,1,0.5100519314964003
LT3Ha12,volume,0,0.46820861678004533
LT3Ha12,volume,1,0.43802721088435376
LT3Ha12,word_gap,0,0.511792790642158
LT3Ha12,word_gap,1,0.4917561868385454
LT3Ha12,word_head_pos,0,0.5074396831865249
LT3Ha12,word_head_pos,1,0.4979937932980157
LT3Ha12,word_index,0,0.5013857394809775
LT3Ha12,word_index,1,0.5536239187032839
LT3Ha12,word_length,0,0.5250767132628708
LT3Ha12,word_length,1,0.4936697351971815
LT3Ha12,word_part_speech,0,0.4696099849277719
LT3Ha12,word_part_speech,1,0.47712916391471494
LF3aOFa1,delta_volume,0,0.5470663265306122
LF3aOFa1,delta_volume,1,0.5070351473922903
LF3aOFa1,face_num,0,0.4709031545589859
LF3aOFa1,face_num,1,0.48227461148189055
LF3aOFa1,frame_brightness,0,0.5104421768707483
LF3aOFa1,frame_brightness,1,0.5490362811791384
LF3aOFa1,global_flow,0,0.4915476190476191
LF3aOFa1,global_flow,1,0.460702947845805
LF3aOFa1,gpt2_surprisal,0,0.5141213151927437
LF3aOFa1,gpt2_surprisal,1,0.4904421768707483
LF3aOFa1,local_flow,0,0.4857482993197279
LF3aOFa1,local_flow,1,0.4942063492063492
LF3aOFa1,onset,0,0.5284234389348026
LF3aOFa1,onset,1,0.5597021349862259
LF3aOFa1,pitch,0,0.5154648526077098
LF3aOFa1,pitch,1,0.523140589569161
LF3aOFa1,speech,0,0.5044773936031264
LF3aOFa1,speech,1,0.4867663500621715
LF3aOFa1,volume,0,0.5163151927437641
LF3aOFa1,volume,1,0.4687925170068027
LF3aOFa1,word_gap,0,0.49862337869022033
LF3aOFa1,word_gap,1,0.47206970637383616
LF3aOFa1,word_head_pos,0,0.5049684962853829
LF3aOFa1,word_head_pos,1,0.5326217568937233
LF3aOFa1,word_index,0,0.5472971081436689
LF3aOFa1,word_index,1,0.557403208196859
LF3aOFa1,word_length,0,0.5318274803954995
LF3aOFa1,word_length,1,0.5060802363904989
LF3aOFa1,word_part_speech,0,0.5082050500431845
LF3aOFa1,word_part_speech,1,0.5475283239343596
LF3aOFa13,delta_volume,0,0.5234807256235828
LF3aOFa13,delta_volume,1,0.49860544217687075
LF3aOFa13,face_num,0,0.49911973239864915
LF3aOFa13,face_num,1,0.4793057089355164
LF3aOFa13,frame_brightness,0,0.5266043083900227
LF3aOFa13,frame_brightness,1,0.5163208616780045
LF3aOFa13,global_flow,0,0.45406462585034013
LF3aOFa13,global_flow,1,0.4658333333333333
LF3aOFa13,gpt2_surprisal,0,0.5171712018140591
LF3aOFa13,gpt2_surprisal,1,0.5133786848072562
LF3aOFa13,local_flow,0,0.46013605442176875
LF3aOFa13,local_flow,1,0.5228798185941044
LF3aOFa13,onset,0,0.5594438705234159
LF3aOFa13,onset,1,0.540246212121212
LF3aOFa13,pitch,0,0.4931292517006802
LF3aOFa13,pitch,1,0.5286734693877551
LF3aOFa13,speech,0,0.4985580389329488
LF3aOFa13,speech,1,0.48541320543765615
LF3aOFa13,volume,0,0.4561337868480725
LF3aOFa13,volume,1,0.4605498866213152
LF3aOFa13,word_gap,0,0.5205220020689106
LF3aOFa13,word_gap,1,0.5119360229171639
LF3aOFa13,word_head_pos,0,0.5082599291558259
LF3aOFa13,word_head_pos,1,0.5085786234496307
LF3aOFa13,word_index,0,0.5658016292936928
LF3aOFa13,word_index,1,0.5468491923518379
LF3aOFa13,word_length,0,0.526588248664621
LF3aOFa13,word_length,1,0.48038413456074547
LF3aOFa13,word_part_speech,0,0.46850920422022385
LF3aOFa13,word_part_speech,1,0.46124405155040726
LF3bIa9,delta_volume,0,0.548390022675737
LF3bIa9,delta_volume,1,0.5387755102040817
LF3bIa9,face_num,0,0.45911557113362467
LF3bIa9,face_num,1,0.4945663481698437
LF3bIa9,frame_brightness,0,0.521014739229025
LF3bIa9,frame_brightness,1,0.5254138321995465
LF3bIa9,global_flow,0,0.49630385487528345
LF3bIa9,global_flow,1,0.47391723356009074
LF3bIa9,gpt2_surprisal,0,0.5048072562358277
LF3bIa9,gpt2_surprisal,1,0.5261111111111111
LF3bIa9,local_flow,0,0.4885034013605442
LF3bIa9,local_flow,1,0.5046768707482994
LF3bIa9,onset,0,0.5482667584940312
LF3bIa9,onset,1,0.5660439623507805
LF3bIa9,pitch,0,0.5062018140589569
LF3bIa9,pitch,1,0.5098412698412698
LF3bIa9,speech,0,0.5504216168772138
LF3bIa9,speech,1,0.5496274933910117
LF3bIa9,volume,0,0.5127154195011338
LF3bIa9,volume,1,0.4879988662131519
LF3bIa9,word_gap,0,0.5259170844274687
LF3bIa9,word_gap,1,0.5268799236094533
LF3bIa9,word_head_pos,0,0.49894987617943015
LF3bIa9,word_head_pos,1,0.5032705348839639
LF3bIa9,word_index,0,0.49088771310993534
LF3bIa9,word_index,1,0.5005738921082836
LF3bIa9,word_length,0,0.5013296965564269
LF3bIa9,word_length,1,0.4922377542902603
LF3bIa9,word_part_speech,0,0.49763755525072406
LF3bIa9,word_part_speech,1,0.49215058680079254
LT2bHb10,delta_volume,0,0.49705215419501136
LT2bHb10,delta_volume,1,0.498781179138322
LT2bHb10,face_num,0,0.5003361021750612
LT2bHb10,face_num,1,0.5224628286999249
LT2bHb10,frame_brightness,0,0.5105839002267574
LT2bHb10,frame_brightness,1,0.546672335600907
LT2bHb10,global_flow,0,0.46937641723356005
LT2bHb10,global_flow,1,0.4786621315192744
LT2bHb10,gpt2_surprisal,0,0.5134637188208616
LT2bHb10,gpt2_surprisal,1,0.517375283446712
LT2bHb10,local_flow,0,0.4946485260770975
LT2bHb10,local_flow,1,0.4989795918367347
LT2bHb10,onset,0,0.5704918503213958
LT2bHb10,onset,1,0.5516815886134068
LT2bHb10,pitch,0,0.5178543083900227
LT2bHb10,pitch,1,0.5110770975056689
LT2bHb10,speech,0,0.5381388253241801
LT2bHb10,speech,1,0.5227108868060562
LT2bHb10,volume,0,0.47899659863945576
LT2bHb10,volume,1,0.4829308390022675
LT2bHb10,word_gap,0,0.5281451420386727
LT2bHb10,word_gap,1,0.534550807670884
LT2bHb10,word_head_pos,0,0.48167769035453434
LT2bHb10,word_head_pos,1,0.5059820486296145
LT2bHb10,word_index,0,0.513339492175471
LT2bHb10,word_index,1,0.5525321239606954
LT2bHb10,word_length,0,0.4833219684055007
LT2bHb10,word_length,1,0.4631179679509035
LT2bHb10,word_part_speech,0,0.5086284272383952
LT2bHb10,word_part_speech,1,0.4877135937949838
LT1cCd10,delta_volume,0,0.5513378684807256
LT1cCd10,delta_volume,1,0.5268253968253968
LT1cCd10,face_num,0,0.511667546934268
LT1cCd10,face_num,1,0.5047134328835966
LT1cCd10,frame_brightness,0,0.5484410430839002
LT1cCd10,frame_brightness,1,0.5102551020408163
LT1cCd10,global_flow,0,0.48276077097505665
LT1cCd10,global_flow,1,0.4932596371882086
LT1cCd10,gpt2_surprisal,0,0.5346428571428572
LT1cCd10,gpt2_surprisal,1,0.5413265306122449
LT1cCd10,local_flow,0,0.502420634920635
LT1cCd10,local_flow,1,0.5096768707482993
LT1cCd10,onset,0,0.6079975895316805
LT1cCd10,onset,1,0.5662448347107438
LT1cCd10,pitch,0,0.48350340136054415
LT1cCd10,pitch,1,0.5399886621315192
LT1cCd10,speech,0,0.5207517005736497
LT1cCd10,speech,1,0.5141845083226232
LT1cCd10,volume,0,0.47072562358276643
LT1cCd10,volume,1,0.4821825396825396
LT1cCd10,word_gap,0,0.5056338028169015
LT1cCd10,word_gap,1,0.5190817219702396
LT1cCd10,word_head_pos,0,0.48659394167371983
LT1cCd10,word_head_pos,1,0.4899062725306417
LT1cCd10,word_index,0,0.5147672237619327
LT1cCd10,word_index,1,0.5215699448503681
LT1cCd10,word_length,0,0.5191612683259461
LT1cCd10,word_length,1,0.5271962723036708
LT1cCd10,word_part_speech,0,0.5197886501041509
LT1cCd10,word_part_speech,1,0.49025385696624835
LT1bId6,delta_volume,0,0.6768934240362812
LT1bId6,delta_volume,1,0.6911791383219955
LT1bId6,face_num,0,0.5205182375442134
LT1bId6,face_num,1,0.5468462412573423
LT1bId6,frame_brightness,0,0.5184240362811792
LT1bId6,frame_brightness,1,0.5418197278911564
LT1bId6,global_flow,0,0.4485827664399093
LT1bId6,global_flow,1,0.49926870748299323
LT1bId6,gpt2_surprisal,0,0.5857879818594104
LT1bId6,gpt2_surprisal,1,0.5564455782312925
LT1bId6,local_flow,0,0.5113605442176871
LT1bId6,local_flow,1,0.5243424036281179
LT1bId6,onset,0,0.7781651744719927
LT1bId6,onset,1,0.7688246097337006
LT1bId6,pitch,0,0.513265306122449
LT1bId6,pitch,1,0.5421315192743765
LT1bId6,speech,0,0.56307534769025
LT1bId6,speech,1,0.5597368943502293
LT1bId6,volume,0,0.5340249433106576
LT1bId6,volume,1,0.5157312925170068
LT1bId6,word_gap,0,0.5575077584148961
LT1bId6,word_gap,1,0.582668894724278
LT1bId6,word_head_pos,0,0.5439693635518218
LT1bId6,word_head_pos,1,0.5264098304128397
LT1bId6,word_index,0,0.7339660143892948
LT1bId6,word_index,1,0.7383611880966378
LT1bId6,word_length,0,0.545556313217411
LT1bId6,word_length,1,0.5201329696556427
LT1bId6,word_part_speech,0,0.47770495690020154
LT1bId6,word_part_speech,1,0.4632423919118021
LF3cIc10,delta_volume,0,0.5460714285714287
LF3cIc10,delta_volume,1,0.5128628117913832
LF3cIc10,face_num,0,0.48793233142875436
LF3cIc10,face_num,1,0.5075462940733984
LF3cIc10,frame_brightness,0,0.5275056689342403
LF3cIc10,frame_brightness,1,0.5312244897959184
LF3cIc10,global_flow,0,0.44924036281179136
LF3cIc10,global_flow,1,0.4539342403628118
LF3cIc10,gpt2_surprisal,0,0.49052154195011344
LF3cIc10,gpt2_surprisal,1,0.51140589569161
LF3cIc10,local_flow,0,0.4982709750566893
LF3cIc10,local_flow,1,0.5135090702947845
LF3cIc10,onset,0,0.5880825298438935
LF3cIc10,onset,1,0.5682535583103765
LF3cIc10,pitch,0,0.5161678004535147
LF3cIc10,pitch,1,0.5514342403628117
LF3cIc10,speech,0,0.5394083780027794
LF3cIc10,speech,1,0.5608706101167152
LF3cIc10,volume,0,0.4676020408163265
LF3cIc10,volume,1,0.4343140589569161
LF3cIc10,word_gap,0,0.5283679477997931
LF3cIc10,word_gap,1,0.49603724039150154
LF3cIc10,word_head_pos,0,0.4825606302832723
LF3cIc10,word_head_pos,1,0.4903137832669822
LF3cIc10,word_index,0,0.5330197922790515
LF3cIc10,word_index,1,0.5545197502869461
LF3cIc10,word_length,0,0.5177122400272758
LF3cIc10,word_length,1,0.5033697011023981
LF3cIc10,word_part_speech,0,0.48105810428627077
LF3cIc10,word_part_speech,1,0.4548256532710122
LF1aCaOF12,delta_volume,0,0.553843537414966
LF1aCaOF12,delta_volume,1,0.5491383219954649
LF1aCaOF12,face_num,0,0.4935500392119204
LF1aCaOF12,face_num,1,0.4950705014324355
LF1aCaOF12,frame_brightness,0,0.5441893424036282
LF1aCaOF12,frame_brightness,1,0.5283333333333333
LF1aCaOF12,global_flow,0,0.4750453514739229
LF1aCaOF12,global_flow,1,0.4725907029478458
LF1aCaOF12,gpt2_surprisal,0,0.5065759637188209
LF1aCaOF12,gpt2_surprisal,1,0.5079365079365079
LF1aCaOF12,local_flow,0,0.4990816326530612
LF1aCaOF12,local_flow,1,0.5296258503401361
LF1aCaOF12,onset,0,0.5487689393939393
LF1aCaOF12,onset,1,0.5727014462809917
LF1aCaOF12,pitch,0,0.5181235827664399
LF1aCaOF12,pitch,1,0.5347222222222222
LF1aCaOF12,speech,0,0.5046550264881978
LF1aCaOF12,speech,1,0.5429558112075902
LF1aCaOF12,volume,0,0.44763605442176874
LF1aCaOF12,volume,1,0.4484070294784581
LF1aCaOF12,word_gap,0,0.5079016471711626
LF1aCaOF12,word_gap,1,0.4886050767884141
LF1aCaOF12,word_head_pos,0,0.48361075410384213
LF1aCaOF12,word_head_pos,1,0.5246700730384627
LF1aCaOF12,word_index,0,0.5291285238375186
LF1aCaOF12,word_index,1,0.525321239606954
LF1aCaOF12,word_length,0,0.5136890555744971
LF1aCaOF12,word_length,1,0.5063188998749858
LF1aCaOF12,word_part_speech,0,0.4912191569713289
LF1aCaOF12,word_part_speech,1,0.47348812003590235
RF1aCaOF8,delta_volume,0,0.5504705215419501
RF1aCaOF8,delta_volume,1,0.5403798185941042
RF1aCaOF8,face_num,0,0.5234311230614107
RF1aCaOF8,face_num,1,0.4978873577567581
RF1aCaOF8,frame_brightness,0,0.5126927437641724
RF1aCaOF8,frame_brightness,1,0.5059750566893424
RF1aCaOF8,global_flow,0,0.49490362811791383
RF1aCaOF8,global_flow,1,0.47991496598639455
RF1aCaOF8,gpt2_surprisal,0,0.5547108843537414
RF1aCaOF8,gpt2_surprisal,1,0.5271995464852608
RF1aCaOF8,local_flow,0,0.5200736961451247
RF1aCaOF8,local_flow,1,0.4833843537414966
RF1aCaOF8,onset,0,0.5707644628099173
RF1aCaOF8,onset,1,0.5378070477502296
RF1aCaOF8,pitch,0,0.5325963718820862
RF1aCaOF8,pitch,1,0.5344897959183673
RF1aCaOF8,speech,0,0.5089809096893514
RF1aCaOF8,speech,1,0.5412421763163119
RF1aCaOF8,volume,0,0.47184807256235833
RF1aCaOF8,volume,1,0.4551587301587301
RF1aCaOF8,word_gap,0,0.5034455319487546
RF1aCaOF8,word_gap,1,0.4864406779661017
RF1aCaOF8,word_head_pos,0,0.4900107624630367
RF1aCaOF8,word_head_pos,1,0.539941276657994
RF1aCaOF8,word_index,0,0.5659695977156295
RF1aCaOF8,word_index,1,0.5831303714901599
RF1aCaOF8,word_length,0,0.5395613137856574
RF1aCaOF8,word_length,1,0.5100920559154449
RF1aCaOF8,word_part_speech,0,0.47008416738640785
RF1aCaOF8,word_part_speech,1,0.47770495690020154
LF1bCb4,delta_volume,0,0.6110600907029479
LF1bCb4,delta_volume,1,0.5909410430839003
LF1bCb4,face_num,0,0.5030009122773322
LF1bCb4,face_num,1,0.5481906499575872
LF1bCb4,frame_brightness,0,0.47946145124716555
LF1bCb4,frame_brightness,1,0.4893253968253968
LF1bCb4,global_flow,0,0.4703514739229025
LF1bCb4,global_flow,1,0.40318027210884355
LF1bCb4,gpt2_surprisal,0,0.5352777777777777
LF1bCb4,gpt2_surprisal,1,0.5446768707482993
LF1bCb4,local_flow,0,0.5132709750566894
LF1bCb4,local_flow,1,0.47573129251700685
LF1bCb4,onset,0,0.5412218778696052
LF1bCb4,onset,1,0.5393422865013775
LF1bCb4,pitch,0,0.4777154195011338
LF1bCb4,pitch,1,0.49773809523809526
LF1bCb4,speech,0,0.4765785816536577
LF1bCb4,speech,1,0.511065483840632
LF1bCb4,volume,0,0.49855442176870746
LF1bCb4,volume,1,0.4325
LF1bCb4,word_gap,0,0.4833611840534734
LF1bCb4,word_gap,1,0.47797405904352663
LF1bCb4,word_head_pos,0,0.4939186859346102
LF1bCb4,word_head_pos,1,0.521185333793089
LF1bCb4,word_index,0,0.5219058816942416
LF1bCb4,word_index,1,0.527840765936004
LF1bCb4,word_length,0,0.5185305148312308
LF1bCb4,word_length,1,0.5302534378906694
LF1bCb4,word_part_speech,0,0.520703144845806
LF1bCb4,word_part_speech,1,0.47406391302138906
RF1bCb6,delta_volume,0,0.5817006802721089
RF1bCb6,delta_volume,1,0.5647845804988663
RF1bCb6,face_num,0,0.49118932155375233
RF1bCb6,face_num,1,0.49183751860565617
RF1bCb6,frame_brightness,0,0.49794784580498863
RF1bCb6,frame_brightness,1,0.5206349206349206
RF1bCb6,global_flow,0,0.5056462585034014
RF1bCb6,global_flow,1,0.4677380952380952
RF1bCb6,gpt2_surprisal,0,0.531326530612245
RF1bCb6,gpt2_surprisal,1,0.5197675736961451
RF1bCb6,local_flow,0,0.512562358276644
RF1bCb6,local_flow,1,0.5204705215419502
RF1bCb6,onset,0,0.5523989898989898
RF1bCb6,onset,1,0.5403179522497705
RF1bCb6,pitch,0,0.5200396825396826
RF1bCb6,pitch,1,0.5225793650793651
RF1bCb6,speech,0,0.49684962853829034
RF1bCb6,speech,1,0.5038870254850946
RF1bCb6,volume,0,0.4722789115646258
RF1bCb6,volume,1,0.4551587301587301
RF1bCb6,word_gap,0,0.503182939444577
RF1bCb6,word_gap,1,0.48744330389114343
RF1bCb6,word_head_pos,0,0.4920692141312184
RF1bCb6,word_head_pos,1,0.5422191571842053
RF1bCb6,word_index,0,0.5439657344419249
RF1bCb6,word_index,1,0.5298283922622546
RF1bCb6,word_length,0,0.5344527787248551
RF1bCb6,word_length,1,0.49815888169110123
RF1bCb6,word_part_speech,0,0.5325746413995157
RF1bCb6,word_part_speech,1,0.4577554234618706
LF1cCc8,delta_volume,0,0.5781179138321996
LF1cCc8,delta_volume,1,0.5491468253968254
LF1cCc8,face_num,0,0.47245562651045914
LF1cCc8,face_num,1,0.49125334101566875
LF1cCc8,frame_brightness,0,0.5612528344671203
LF1cCc8,frame_brightness,1,0.4961281179138322
LF1cCc8,global_flow,0,0.526298185941043
LF1cCc8,global_flow,1,0.5105839002267574
LF1cCc8,gpt2_surprisal,0,0.47208049886621317
LF1cCc8,gpt2_surprisal,1,0.48121315192743763
LF1cCc8,local_flow,0,0.525890022675737
LF1cCc8,local_flow,1,0.5284637188208616
LF1cCc8,onset,0,0.5187385215794307
LF1cCc8,onset,1,0.5423840679522498
LF1cCc8,pitch,0,0.4780839002267574
LF1cCc8,pitch,1,0.50421768707483
LF1cCc8,speech,0,0.5006321640909899
LF1cCc8,speech,1,0.5006008171112714
LF1cCc8,volume,0,0.5218594104308389
LF1cCc8,volume,1,0.4811054421768708
LF1cCc8,word_gap,0,0.49835282883743137
LF1cCc8,word_gap,1,0.47500596801145856
LF1cCc8,word_head_pos,0,0.5063111919166589
LF1cCc8,word_head_pos,1,0.49861550839576607
LF1cCc8,word_index,0,0.5339436185997033
LF1cCc8,word_index,1,0.5280647238319196
LF1cCc8,word_length,0,0.49095351744516424
LF1cCc8,word_length,1,0.4971644505057393
LF1cCc8,word_part_speech,0,0.49657064471879286
LF1cCc8,word_part_speech,1,0.4733357042456265
RF1cCc8,delta_volume,0,0.5966269841269841
RF1cCc8,delta_volume,1,0.5877551020408163
RF1cCc8,face_num,0,0.4872361197804132
RF1cCc8,face_num,1,0.5185176293593252
RF1cCc8,frame_brightness,0,0.5170521541950114
RF1cCc8,frame_brightness,1,0.5229875283446712
RF1cCc8,global_flow,0,0.49744897959183676
RF1cCc8,global_flow,1,0.5106802721088435
RF1cCc8,gpt2_surprisal,0,0.5335827664399093
RF1cCc8,gpt2_surprisal,1,0.5400680272108843
RF1cCc8,local_flow,0,0.5152380952380953
RF1cCc8,local_flow,1,0.5558956916099773
RF1cCc8,onset,0,0.5373192148760331
RF1cCc8,onset,1,0.5363722451790633
RF1cCc8,pitch,0,0.5228231292517006
RF1cCc8,pitch,1,0.5503458049886621
RF1cCc8,speech,0,0.49880881477069683
RF1cCc8,speech,1,0.5061178855417281
RF1cCc8,volume,0,0.5150481859410431
RF1cCc8,volume,1,0.4588888888888889
RF1cCc8,word_gap,0,0.4997135354499881
RF1cCc8,word_gap,1,0.5112994350282486
RF1cCc8,word_head_pos,0,0.5374230692872741
RF1cCc8,word_head_pos,1,0.5313104082421659
RF1cCc8,word_index,0,0.5644298871812099
RF1cCc8,word_index,1,0.5236415553875872
RF1cCc8,word_length,0,0.5343277645186953
RF1cCc8,word_length,1,0.5165359699965906
RF1cCc8,word_part_speech,0,0.5338786431607647
RF1cCc8,word_part_speech,1,0.48739182712662366
LT2aA12,delta_volume,0,0.5346655328798186
LT2aA12,delta_volume,1,0.5322448979591836
LT2aA12,face_num,0,0.4782733951121141
LT2aA12,face_num,1,0.5138202013412076
LT2aA12,frame_brightness,0,0.5312868480725623
LT2aA12,frame_brightness,1,0.5199319727891156
LT2aA12,global_flow,0,0.4344954648526077
LT2aA12,global_flow,1,0.46338435374149656
LT2aA12,gpt2_surprisal,0,0.5111961451247165
LT2aA12,gpt2_surprisal,1,0.49545351473922905
LT2aA12,local_flow,0,0.4693877551020408
LT2aA12,local_flow,1,0.4953628117913832
LT2aA12,onset,0,0.5596016988062443
LT2aA12,onset,1,0.5769054178145088
LT2aA12,pitch,0,0.5154024943310658
LT2aA12,pitch,1,0.5315646258503401
LT2aA12,speech,0,0.502178615090436
LT2aA12,speech,1,0.5289228132869398
LT2aA12,volume,0,0.477375283446712
LT2aA12,volume,1,0.4348922902494331
LT2aA12,word_gap,0,0.511864406779661
LT2aA12,word_gap,1,0.5070820402641839
LT2aA12,word_head_pos,0,0.4819127927024231
LT2aA12,word_head_pos,1,0.49686007753152983
LT2aA12,word_index,0,0.4894039920494947
LT2aA12,word_index,1,0.553064023963495
LT2aA12,word_length,0,0.5405557449710194
LT2aA12,word_length,1,0.4916922377542903
LT2aA12,word_part_speech,0,0.46424156209249945
LT2aA12,word_part_speech,1,0.46515605683415473
LT3Ha13,delta_volume,0,0.5
LT3Ha13,delta_volume,1,0.4947789115646258
LT3Ha13,face_num,0,0.49351002704822267
LT3Ha13,face_num,1,0.5300331300715417
LT3Ha13,frame_brightness,0,0.5497732426303854
LT3Ha13,frame_brightness,1,0.537108843537415
LT3Ha13,global_flow,0,0.45266439909297057
LT3Ha13,global_flow,1,0.471592970521542
LT3Ha13,gpt2_surprisal,0,0.5114909297052155
LT3Ha13,gpt2_surprisal,1,0.4963095238095238
LT3Ha13,local_flow,0,0.5009240362811791
LT3Ha13,local_flow,1,0.5311621315192743
LT3Ha13,onset,0,0.559357782369146
LT3Ha13,onset,1,0.5420684113865932
LT3Ha13,pitch,0,0.4901360544217687
LT3Ha13,pitch,1,0.5322052154195012
LT3Ha13,speech,0,0.5237819086131053
LT3Ha13,speech,1,0.524414072704095
LT3Ha13,volume,0,0.46031179138322
LT3Ha13,volume,1,0.4587301587301587
LT3Ha13,word_gap,0,0.5253043685843877
LT3Ha13,word_gap,1,0.5000238720458343
LT3Ha13,word_head_pos,0,0.49068994702360424
LT3Ha13,word_head_pos,1,0.4904130487027575
LT3Ha13,word_index,0,0.5183505500965818
LT3Ha13,word_index,1,0.5747599451303156
LT3Ha13,word_length,0,0.5303557222411637
LT3Ha13,word_length,1,0.49453915217638367
LT3Ha13,word_part_speech,0,0.47990651831529746
LT3Ha13,word_part_speech,1,0.47199783230876047
LF3aOFa2,delta_volume,0,0.49786848072562356
LF3aOFa2,delta_volume,1,0.4920861678004535
LF3aOFa2,face_num,0,0.5008882700340903
LF3aOFa2,face_num,1,0.47123125430130763
LF3aOFa2,frame_brightness,0,0.4981065759637188
LF3aOFa2,frame_brightness,1,0.48374716553287983
LF3aOFa2,global_flow,0,0.4817913832199546
LF3aOFa2,global_flow,1,0.46490929705215417
LF3aOFa2,gpt2_surprisal,0,0.5130498866213151
LF3aOFa2,gpt2_surprisal,1,0.5359580498866213
LF3aOFa2,local_flow,0,0.4924092970521542
LF3aOFa2,local_flow,1,0.5107766439909297
LF3aOFa2,onset,0,0.49918216253443526
LF3aOFa2,onset,1,0.5598886593204775
LF3aOFa2,pitch,0,0.5217460317460317
LF3aOFa2,pitch,1,0.5427607709750566
LF3aOFa2,speech,0,0.5196075358139244
LF3aOFa2,speech,1,0.5181342277671547
LF3aOFa2,volume,0,0.4657993197278912
LF3aOFa2,volume,1,0.4725850340136054
LF3aOFa2,word_gap,0,0.5099546431129148
LF3aOFa2,word_gap,1,0.5075753958780934
LF3aOFa2,word_head_pos,0,0.4886523933419015
LF3aOFa2,word_head_pos,1,0.5101355234423164
LF3aOFa2,word_index,0,0.5041012289689539
LF3aOFa2,word_index,1,0.51490719744688
LF3aOFa2,word_length,0,0.5230139788612341
LF3aOFa2,word_length,1,0.49747130355722247
LF3aOFa2,word_part_speech,0,0.4915747938153059
LF3aOFa2,word_part_speech,1,0.49613033243577365
LF3aOFa14,delta_volume,0,0.5603401360544217
LF3aOFa14,delta_volume,1,0.5159920634920634
LF3aOFa14,face_num,0,0.4887005649717514
LF3aOFa14,face_num,1,0.5318816920343785
LF3aOFa14,frame_brightness,0,0.5053514739229025
LF3aOFa14,frame_brightness,1,0.5292573696145124
LF3aOFa14,global_flow,0,0.4466780045351474
LF3aOFa14,global_flow,1,0.4733390022675737
LF3aOFa14,gpt2_surprisal,0,0.4984240362811791
LF3aOFa14,gpt2_surprisal,1,0.5022052154195011
LF3aOFa14,local_flow,0,0.4886621315192744
LF3aOFa14,local_flow,1,0.5159240362811791
LF3aOFa14,onset,0,0.5132862718089991
LF3aOFa14,onset,1,0.5680526859504132
LF3aOFa14,pitch,0,0.5261337868480725
LF3aOFa14,pitch,1,0.539875283446712
LF3aOFa14,speech,0,0.5026488197862136
LF3aOFa14,speech,1,0.5225437029142243
LF3aOFa14,volume,0,0.48624716553287983
LF3aOFa14,volume,1,0.4451530612244897
LF3aOFa14,word_gap,0,0.5068353624572293
LF3aOFa14,word_gap,1,0.5030237924723483
LF3aOFa14,word_head_pos,0,0.5354952300345862
LF3aOFa14,word_head_pos,1,0.5314514696508991
LF3aOFa14,word_index,0,0.5560314660843761
LF3aOFa14,word_index,1,0.5655216819237984
LF3aOFa14,word_length,0,0.4877201954767587
LF3aOFa14,word_length,1,0.49862200250028416
LF3aOFa14,word_part_speech,0,0.4785347762028146
LF3aOFa14,word_part_speech,1,0.46646005859540385
LF3bIa10,delta_volume,0,0.5661451247165533
LF3bIa10,delta_volume,1,0.53140589569161
LF3bIa10,face_num,0,0.4724956386741569
LF3bIa10,face_num,1,0.4930778956802868
LF3bIa10,frame_brightness,0,0.5362244897959183
LF3bIa10,frame_brightness,1,0.5266043083900227
LF3bIa10,global_flow,0,0.45884353741496603
LF3bIa10,global_flow,1,0.4603458049886622
LF3bIa10,gpt2_surprisal,0,0.49964852607709753
LF3bIa10,gpt2_surprisal,1,0.5228854875283446
LF3bIa10,local_flow,0,0.4844387755102041
LF3bIa10,local_flow,1,0.5021995464852608
LF3bIa10,onset,0,0.5547951101928374
LF3bIa10,onset,1,0.5784406565656566
LF3bIa10,pitch,0,0.5071938775510204
LF3bIa10,pitch,1,0.5482936507936507
LF3bIa10,speech,0,0.52410060290691
LF3bIa10,speech,1,0.560792242667419
LF3bIa10,volume,0,0.48289682539682544
LF3bIa10,volume,1,0.4445351473922903
LF3bIa10,word_gap,0,0.5116575157157635
LF3bIa10,word_gap,1,0.5028964748945651
LF3bIa10,word_head_pos,0,0.49699068994702356
LF3bIa10,word_head_pos,1,0.5161436945550296
LF3bIa10,word_index,0,0.526832955404384
LF3bIa10,word_index,1,0.5656056661347666
LF3bIa10,word_length,0,0.5326571201272872
LF3bIa10,word_length,1,0.49902829867030346
LF3bIa10,word_part_speech,0,0.4837677183356196
LF3bIa10,word_part_speech,1,0.4873579569510068
LT2bHb11,delta_volume,0,0.5035430839002267
LT2bHb11,delta_volume,1,0.4725056689342403
LT2bHb11,face_num,0,0.4797458427361918
LT2bHb11,face_num,1,0.4879723435924521
LT2bHb11,frame_brightness,0,0.5039965986394558
LT2bHb11,frame_brightness,1,0.5416836734693877
LT2bHb11,global_flow,0,0.4660770975056689
LT2bHb11,global_flow,1,0.4839058956916099
LT2bHb11,gpt2_surprisal,0,0.5149716553287982
LT2bHb11,gpt2_surprisal,1,0.48553287981859405
LT2bHb11,local_flow,0,0.47912698412698407
LT2bHb11,local_flow,1,0.4788548752834467
LT2bHb11,onset,0,0.5695305325987143
LT2bHb11,onset,1,0.554005968778696
LT2bHb11,pitch,0,0.49095804988662134
LT2bHb11,pitch,1,0.511547619047619
LT2bHb11,speech,0,0.553289865521457
LT2bHb11,speech,1,0.5372558853954421
LT2bHb11,volume,0,0.4978004535147393
LT2bHb11,volume,1,0.5037925170068027
LT2bHb11,word_gap,0,0.5146813081881116
LT2bHb11,word_gap,1,0.4973104161693324
LT2bHb11,word_head_pos,0,0.4866618601297765
LT2bHb11,word_head_pos,1,0.48104030176692475
LT2bHb11,word_index,0,0.5051930237115422
LT2bHb11,word_index,1,0.5659695977156295
LT2bHb11,word_length,0,0.49469826116604154
LT2bHb11,word_length,1,0.47247982725309695
LT2bHb11,word_part_speech,0,0.49355619908889226
LT2bHb11,word_part_speech,1,0.5014310149198123
LT1cCd11,delta_volume,0,0.5107993197278912
LT1cCd11,delta_volume,1,0.5004421768707483
LT1cCd11,face_num,0,0.49452633600614593
LT1cCd11,face_num,1,0.5062498999695907
LT1cCd11,frame_brightness,0,0.5214569160997732
LT1cCd11,frame_brightness,1,0.4797392290249433
LT1cCd11,global_flow,0,0.4776814058956915
LT1cCd11,global_flow,1,0.48859410430839
LT1cCd11,gpt2_surprisal,0,0.5229648526077098
LT1cCd11,gpt2_surprisal,1,0.5395578231292517
LT1cCd11,local_flow,0,0.509484126984127
LT1cCd11,local_flow,1,0.4746485260770975
LT1cCd11,onset,0,0.5478650137741047
LT1cCd11,onset,1,0.5282656106519743
LT1cCd11,pitch,0,0.4943934240362811
LT1cCd11,pitch,1,0.48721088435374144
LT1cCd11,speech,0,0.5044878425963658
LT1cCd11,speech,1,0.4822680584725662
LT1cCd11,volume,0,0.46392857142857147
LT1cCd11,volume,1,0.48415532879818596
LT1cCd11,word_gap,0,0.4763030158351238
LT1cCd11,word_gap,1,0.512421421182462
LT1cCd11,word_head_pos,0,0.4726915561685632
LT1cCd11,word_head_pos,1,0.47135930953052674
LT1cCd11,word_index,0,0.4739508972313205
LT1cCd11,word_index,1,0.5015257131659248
LT1cCd11,word_length,0,0.5181043300375043
LT1cCd11,word_length,1,0.504989203318559
LT1cCd11,word_part_speech,0,0.5003979745634982
LT1cCd11,word_part_speech,1,0.5091195447848397
LT1bId7,delta_volume,0,0.5633503401360545
LT1bId7,delta_volume,1,0.5724433106575963
LT1bId7,face_num,0,0.4891126902578384
LT1bId7,face_num,1,0.49543061090571533
LT1bId7,frame_brightness,0,0.5205272108843537
LT1bId7,frame_brightness,1,0.5399263038548753
LT1bId7,global_flow,0,0.4949773242630386
LT1bId7,global_flow,1,0.44001133786848073
LT1bId7,gpt2_surprisal,0,0.5094841269841269
LT1bId7,gpt2_surprisal,1,0.5212131519274377
LT1bId7,local_flow,0,0.49753401360544225
LT1bId7,local_flow,1,0.4961224489795918
LT1bId7,onset,0,0.671071510560147
LT1bId7,onset,1,0.6630796602387512
LT1bId7,pitch,0,0.5047052154195011
LT1bId7,pitch,1,0.49297619047619046
LT1bId7,speech,0,0.5310282854246993
LT1bId7,speech,1,0.5167836953909491
LT1bId7,volume,0,0.4688095238095238
LT1bId7,volume,1,0.4886281179138322
LT1bId7,word_gap,0,0.5017744887403517
LT1bId7,word_gap,1,0.5111402880560197
LT1bId7,word_head_pos,0,0.505741721785106
LT1bId7,word_head_pos,1,0.49860505940252653
LT1bId7,word_index,0,0.6642871140225637
LT1bId7,word_index,1,0.6357324822933288
LT1bId7,word_length,0,0.537259915899534
LT1bId7,word_length,1,0.5036822366177974
LT1bId7,word_part_speech,0,0.48752730782909104
LT1bId7,word_part_speech,1,0.4959609815576894
LF1aCaOF1,delta_volume,0,0.506984126984127
LF1aCaOF1,delta_volume,1,0.5153628117913832
LF1aCaOF1,face_num,0,0.5037131287911525
LF1aCaOF1,face_num,1,0.4810022246763015
LF1aCaOF1,frame_brightness,0,0.5098866213151927
LF1aCaOF1,frame_brightness,1,0.5415532879818594
LF1aCaOF1,global_flow,0,0.45523242630385485
LF1aCaOF1,global_flow,1,0.4623299319727891
LF1aCaOF1,gpt2_surprisal,0,0.48157029478458047
LF1aCaOF1,gpt2_surprisal,1,0.5363095238095238
LF1aCaOF1,local_flow,0,0.4717403628117913
LF1aCaOF1,local_flow,1,0.5040107709750568
LF1aCaOF1,onset,0,0.5616391184573003
LF1aCaOF1,onset,1,0.5316230486685032
LF1aCaOF1,pitch,0,0.48801020408163265
LF1aCaOF1,pitch,1,0.4985090702947846
LF1aCaOF1,speech,0,0.5007680010031034
LF1aCaOF1,speech,1,0.5263575854466422
LF1aCaOF1,volume,0,0.48371315192743763
LF1aCaOF1,volume,1,0.45175736961451246
LF1aCaOF1,word_gap,0,0.5163125646534575
LF1aCaOF1,word_gap,1,0.5407654969364207
LF1aCaOF1,word_head_pos,0,0.5047647409172127
LF1aCaOF1,word_head_pos,1,0.518254391189409
LF1aCaOF1,word_index,0,0.5176226869348562
LF1aCaOF1,word_index,1,0.5337756501777666
LF1aCaOF1,word_length,0,0.4970621661552449
LF1aCaOF1,word_length,1,0.5188032730992158
LF1aCaOF1,word_part_speech,0,0.4785347762028146
LF1aCaOF1,word_part_speech,1,0.4988230113973141
LF1aCaOF13,delta_volume,0,0.49841836734693873
LF1aCaOF13,delta_volume,1,0.5159183673469387
LF1aCaOF13,face_num,0,0.4876122341191722
LF1aCaOF13,face_num,1,0.4709031545589859
LF1aCaOF13,frame_brightness,0,0.541592970521542
LF1aCaOF13,frame_brightness,1,0.5176020408163267
LF1aCaOF13,global_flow,0,0.4876077097505669
LF1aCaOF13,global_flow,1,0.46084467120181405
LF1aCaOF13,gpt2_surprisal,0,0.49883786848072564
LF1aCaOF13,gpt2_surprisal,1,0.4833531746031746
LF1aCaOF13,local_flow,0,0.5065362811791383
LF1aCaOF13,local_flow,1,0.5156575963718821
LF1aCaOF13,onset,0,0.5330148071625345
LF1aCaOF13,onset,1,0.5468893480257117
LF1aCaOF13,pitch,0,0.5334495464852608
LF1aCaOF13,pitch,1,0.5511848072562358
LF1aCaOF13,speech,0,0.5217757019111209
LF1aCaOF13,speech,1,0.5344398817173965
LF1aCaOF13,volume,0,0.5006575963718821
LF1aCaOF13,volume,1,0.48284580498866214
LF1aCaOF13,word_gap,0,0.4948515954483966
LF1aCaOF13,word_gap,1,0.48349645897986787
LF1aCaOF13,word_head_pos,0,0.4706122065139024
LF1aCaOF13,word_head_pos,1,0.4876963104604871
LF1aCaOF13,word_index,0,0.5279247501469724
LF1aCaOF13,word_index,1,0.5466532291929117
LF1aCaOF13,word_length,0,0.5019490851233095
LF1aCaOF13,word_length,1,0.5169735197181498
LF1aCaOF13,word_part_speech,0,0.49983911666581987
LF1aCaOF13,word_part_speech,1,0.43890667073108774
RF1aCaOF9,delta_volume,0,0.5427210884353741
RF1aCaOF9,delta_volume,1,0.5256575963718821
RF1aCaOF9,face_num,0,0.499767929450553
RF1aCaOF9,face_num,1,0.4911813191210128
RF1aCaOF9,frame_brightness,0,0.521173469387755
RF1aCaOF9,frame_brightness,1,0.49352040816326526
RF1aCaOF9,global_flow,0,0.4905612244897959
RF1aCaOF9,global_flow,1,0.4711507936507936
RF1aCaOF9,gpt2_surprisal,0,0.5520294784580498
RF1aCaOF9,gpt2_surprisal,1,0.5408163265306123
RF1aCaOF9,local_flow,0,0.49238095238095236
RF1aCaOF9,local_flow,1,0.4662131519274376
RF1aCaOF9,onset,0,0.5597308310376492
RF1aCaOF9,onset,1,0.5585686409550046
RF1aCaOF9,pitch,0,0.47565192743764173
RF1aCaOF9,pitch,1,0.48835034013605444
RF1aCaOF9,speech,0,0.5124290774583868
RF1aCaOF9,speech,1,0.5390374387427771
RF1aCaOF9,volume,0,0.5005385487528344
RF1aCaOF9,volume,1,0.4447562358276644
RF1aCaOF9,word_gap,0,0.5269197103525105
RF1aCaOF9,word_gap,1,0.47598472189066604
RF1aCaOF9,word_head_pos,0,0.49664064867350033
RF1aCaOF9,word_head_pos,1,0.5148218969102327
RF1aCaOF9,word_index,0,0.5437417765460094
RF1aCaOF9,word_index,1,0.540578371266202
RF1aCaOF9,word_length,0,0.5326684850551199
RF1aCaOF9,word_length,1,0.4996874644846005
RF1aCaOF9,word_part_speech,0,0.4578400989009128
RF1aCaOF9,word_part_speech,1,0.42940608647055833
LF1bCb5,delta_volume,0,0.6005215419501133
LF1bCb5,delta_volume,1,0.5677380952380953
LF1bCb5,face_num,0,0.5080024327395528
LF1bCb5,face_num,1,0.5362270130119556
LF1bCb5,frame_brightness,0,0.48797619047619045
LF1bCb5,frame_brightness,1,0.49763038548752836
LF1bCb5,global_flow,0,0.5049829931972789
LF1bCb5,global_flow,1,0.4874036281179139
LF1bCb5,gpt2_surprisal,0,0.5328344671201813
LF1bCb5,gpt2_surprisal,1,0.5208163265306123
LF1bCb5,local_flow,0,0.545062358276644
LF1bCb5,local_flow,1,0.5258673469387756
LF1bCb5,onset,0,0.5504907024793388
LF1bCb5,onset,1,0.5362861570247933
LF1bCb5,pitch,0,0.5076077097505669
LF1bCb5,pitch,1,0.5194897959183673
LF1bCb5,speech,0,0.48403393833004194
LF1bCb5,speech,1,0.4925080718472775
LF1bCb5,volume,0,0.49272108843537415
LF1bCb5,volume,1,0.4826927437641723
LF1bCb5,word_gap,0,0.4857404312882947
LF1bCb5,word_gap,1,0.4761518262115063
LF1bCb5,word_head_pos,0,0.5144091616772724
LF1bCb5,word_head_pos,1,0.5427834028191384
LF1bCb5,word_index,0,0.520366171159822
LF1bCb5,word_index,1,0.5429299291733154
LF1bCb5,word_length,0,0.5274519831799068
LF1bCb5,word_length,1,0.5342311626321172
LF1bCb5,word_part_speech,0,0.5176040237768633
LF1bCb5,word_part_speech,1,0.47653643584141986
RF1bCb7,delta_volume,0,0.5814909297052155
RF1bCb7,delta_volume,1,0.5655555555555556
RF1bCb7,face_num,0,0.49167746995086503
RF1bCb7,face_num,1,0.47783326131143866
RF1bCb7,frame_brightness,0,0.5125736961451247
RF1bCb7,frame_brightness,1,0.511655328798186
RF1bCb7,global_flow,0,0.512891156462585
RF1bCb7,global_flow,1,0.48657596371882084
RF1bCb7,gpt2_surprisal,0,0.5420294784580499
RF1bCb7,gpt2_surprisal,1,0.5216156462585034
RF1bCb7,local_flow,0,0.5141723356009069
RF1bCb7,local_flow,1,0.5132596371882087
RF1bCb7,onset,0,0.5676939853076216
RF1bCb7,onset,1,0.5552972910927456
RF1bCb7,pitch,0,0.5006462585034013
RF1bCb7,pitch,1,0.5456009070294785
RF1bCb7,speech,0,0.49205354064135914
RF1bCb7,speech,1,0.4912385191686781
RF1bCb7,volume,0,0.47620748299319726
RF1bCb7,volume,1,0.4693140589569161
RF1bCb7,word_gap,0,0.5162091191215088
RF1bCb7,word_gap,1,0.5054189544043924
RF1bCb7,word_head_pos,0,0.4904966406486735
RF1bCb7,word_head_pos,1,0.5363207005005068
RF1bCb7,word_index,0,0.5399344923154447
RF1bCb7,word_index,1,0.5184345343075502
RF1bCb7,word_length,0,0.5289919309012387
RF1bCb7,word_length,1,0.4968632799181726
RF1bCb7,word_part_speech,0,0.5538959169503294
RF1bCb7,word_part_speech,1,0.4753679147826382
LF1cCc9,delta_volume,0,0.5600453514739229
LF1cCc9,delta_volume,1,0.5213718820861677
LF1cCc9,face_num,0,0.4508090459499687
LF1cCc9,face_num,1,0.4825466941950353
LF1cCc9,frame_brightness,0,0.5446485260770975
LF1cCc9,frame_brightness,1,0.5056235827664399
LF1cCc9,global_flow,0,0.5163662131519274
LF1cCc9,global_flow,1,0.5079705215419501
LF1cCc9,gpt2_surprisal,0,0.4440702947845805
LF1cCc9,gpt2_surprisal,1,0.468344671201814
LF1cCc9,local_flow,0,0.5253968253968254
LF1cCc9,local_flow,1,0.519359410430839
LF1cCc9,onset,0,0.5187098255280073
LF1cCc9,onset,1,0.527261248852158
LF1cCc9,pitch,0,0.5135600907029478
LF1cCc9,pitch,1,0.5413888888888889
LF1cCc9,speech,0,0.49195427520558394
LF1cCc9,speech,1,0.47485449776913996
LF1cCc9,volume,0,0.49757936507936507
LF1cCc9,volume,1,0.5017630385487528
LF1cCc9,word_gap,0,0.5123736770907934
LF1cCc9,word_gap,1,0.47550728097397943
LF1cCc9,word_head_pos,0,0.5015464509994463
LF1cCc9,word_head_pos,1,0.4962540359236388
LF1cCc9,word_index,0,0.5735561714397692
LF1cCc9,word_index,1,0.5174267237759301
LF1cCc9,word_length,0,0.504443686782589
LF1cCc9,word_length,1,0.5185248323673145
LF1cCc9,word_part_speech,0,0.49778997104099976
LF1cCc9,word_part_speech,1,0.4839540043015123
RF1cCc9,delta_volume,0,0.57297052154195
RF1cCc9,delta_volume,1,0.5635260770975056
RF1cCc9,face_num,0,0.469094604759847
RF1cCc9,face_num,1,0.5091467806213088
RF1cCc9,frame_brightness,0,0.5104931972789115
RF1cCc9,frame_brightness,1,0.5101133786848072
RF1cCc9,global_flow,0,0.48223356009070295
RF1cCc9,global_flow,1,0.4851587301587301
RF1cCc9,gpt2_surprisal,0,0.5335600907029479
RF1cCc9,gpt2_surprisal,1,0.5464399092970522
RF1cCc9,local_flow,0,0.5316950113378685
RF1cCc9,local_flow,1,0.5333446712018141
RF1cCc9,onset,0,0.5279069100091828
RF1cCc9,onset,1,0.5256686179981634
RF1cCc9,pitch,0,0.5256462585034014
RF1cCc9,pitch,1,0.5283985260770975
RF1cCc9,speech,0,0.4827800591413018
RF1cCc9,speech,1,0.5052192721231309
RF1cCc9,volume,0,0.500062358276644
RF1cCc9,volume,1,0.45575963718820867
RF1cCc9,word_gap,0,0.5046232195432481
RF1cCc9,word_gap,1,0.5183416885493752
RF1cCc9,word_head_pos,0,0.5271255864497456
RF1cCc9,word_head_pos,1,0.5484833286312865
RF1cCc9,word_index,0,0.5729962766999803
RF1cCc9,word_index,1,0.5409702975840542
RF1cCc9,word_length,0,0.5406921241050119
RF1cCc9,word_length,1,0.5227639504489147
RF1cCc9,word_part_speech,0,0.5562498941557013
RF1cCc9,word_part_speech,1,0.48817084116581144
