electrode,task,fold,test_auroc
LT2H1,delta_volume,0,0.5142472022820601
LT2H1,delta_volume,1,0.534178656886409
LT2H1,face_num,0,0.44790131970784614
LT2H1,face_num,1,0.48259720175961046
LT2H1,frame_brightness,0,0.5055588644034147
LT2H1,frame_brightness,1,0.490799661452619
LT2H1,global_flow,0,0.4993521624191509
LT2H1,global_flow,1,0.5140695693969887
LT2H1,gpt2_surprisal,0,0.4940545228467237
LT2H1,gpt2_surprisal,1,0.5219899062725306
LT2H1,local_flow,0,0.48238822189482045
LT2H1,local_flow,1,0.47881466620691104
LT2H1,onset,0,0.5270210965173506
LT2H1,onset,1,0.5669205772023865
LT2H1,pitch,0,0.4853400624849795
LT2H1,pitch,1,0.5119640972592292
LT2H1,speech,0,0.5712412359069203
LT2H1,speech,1,0.5634410624536326
LT2H1,volume,0,0.48398169336384445
LT2H1,volume,1,0.4956270963292687
LT2H1,word_gap,0,0.4867559010689321
LT2H1,word_gap,1,0.49459264599855807
LT2H1,word_head_pos,0,0.5046445774949584
LT2H1,word_head_pos,1,0.5023823704586063
LT2H1,word_index,0,0.49855844704745805
LT2H1,word_index,1,0.4863769472285956
LT2H1,word_length,0,0.4788512376832492
LT2H1,word_length,1,0.4969123224977273
LT2H1,word_part_speech,0,0.49327168994688175
LT2H1,word_part_speech,1,0.48692373270378386
LT2H13,delta_volume,0,0.5468741836724031
LT2H13,delta_volume,1,0.5564846452044345
LT2H13,face_num,0,0.528541425033698
LT2H13,face_num,1,0.528562323020177
LT2H13,frame_brightness,0,0.4776339299708473
LT2H13,frame_brightness,1,0.4856535322821646
LT2H13,global_flow,0,0.5493035746005872
LT2H13,global_flow,1,0.5510224339884853
LT2H13,gpt2_surprisal,0,0.4872992487173861
LT2H13,gpt2_surprisal,1,0.48101417928382595
LT2H13,local_flow,0,0.5122305465868363
LT2H13,local_flow,1,0.494320972174331
LT2H13,onset,0,0.5795795325120425
LT2H13,onset,1,0.5584986886513484
LT2H13,pitch,0,0.5069276825177894
LT2H13,pitch,1,0.5082808271423048
LT2H13,speech,0,0.572317482210589
LT2H13,speech,1,0.5304953867694847
LT2H13,volume,0,0.5131866294682508
LT2H13,volume,1,0.5164728378420739
LT2H13,word_gap,0,0.522778805262113
LT2H13,word_gap,1,0.5092107875406204
LT2H13,word_head_pos,0,0.530573754218781
LT2H13,word_head_pos,1,0.4927849701681243
LT2H13,word_index,0,0.5171325926820431
LT2H13,word_index,1,0.5447560681077165
LT2H13,word_length,0,0.5089861341859712
LT2H13,word_length,1,0.5140120999341713
LT2H13,word_part_speech,0,0.5100531182372614
LT2H13,word_part_speech,1,0.4627910026887009
LT1A9,delta_volume,0,0.5371304974765683
LT1A9,delta_volume,1,0.5364042924464227
LT1A9,face_num,0,0.4782399715787384
LT1A9,face_num,1,0.4851572051032883
LT1A9,frame_brightness,0,0.5084636845239962
LT1A9,frame_brightness,1,0.5163370009299604
LT1A9,global_flow,0,0.5447164665684462
LT1A9,global_flow,1,0.5349780048692309
LT1A9,gpt2_surprisal,0,0.5310909793841363
LT1A9,gpt2_surprisal,1,0.5211539868133706
LT1A9,local_flow,0,0.4706122065139024
LT1A9,local_flow,1,0.4932708483537611
LT1A9,onset,0,0.6440419840548364
LT1A9,onset,1,0.5894799536064701
LT1A9,pitch,0,0.4739245373708243
LT1A9,pitch,1,0.4852251235593451
LT1A9,speech,0,0.5576209732192303
LT1A9,speech,1,0.5524643950555364
LT1A9,volume,0,0.5205427207088598
LT1A9,volume,1,0.4937149305664399
LT1A9,word_gap,0,0.4855281443632906
LT1A9,word_gap,1,0.48687606449118626
LT1A9,word_head_pos,0,0.5209502314452003
LT1A9,word_head_pos,1,0.5036310251507267
LT1A9,word_index,0,0.5665529525419635
LT1A9,word_index,1,0.5609603308779133
LT1A9,word_length,0,0.532501593471469
LT1A9,word_length,1,0.5373238038514989
LT1A9,word_part_speech,0,0.49826873893370055
LT1A9,word_part_speech,1,0.4853170699718014
LF3aOFa7,delta_volume,0,0.5151144687209387
LF3aOFa7,delta_volume,1,0.5296176713373666
LF3aOFa7,face_num,0,0.4553096559146526
LF3aOFa7,face_num,1,0.49309843996530933
LF3aOFa7,frame_brightness,0,0.4955748513630711
LF3aOFa7,frame_brightness,1,0.5039235969614329
LF3aOFa7,global_flow,0,0.5009613073780341
LF3aOFa7,global_flow,1,0.49939395839210887
LF3aOFa7,gpt2_surprisal,0,0.5212741502356248
LF3aOFa7,gpt2_surprisal,1,0.5165930012643282
LF3aOFa7,local_flow,0,0.4802461782807227
LF3aOFa7,local_flow,1,0.5179565948820831
LF3aOFa7,onset,0,0.5335569417886588
LF3aOFa7,onset,1,0.5159294901936198
LF3aOFa7,pitch,0,0.46103047971327965
LF3aOFa7,pitch,1,0.49463966646813584
LF3aOFa7,speech,0,0.5430707501332246
LF3aOFa7,speech,1,0.5251977471970576
LF3aOFa7,volume,0,0.48145826149650484
LF3aOFa7,volume,1,0.4876440654942896
LF3aOFa7,word_gap,0,0.46538770989415174
LF3aOFa7,word_gap,1,0.49812963021012924
LF3aOFa7,word_head_pos,0,0.4766203776266157
LF3aOFa7,word_head_pos,1,0.47443131354294016
LF3aOFa7,word_index,0,0.5314952904238619
LF3aOFa7,word_index,1,0.4980225818137906
LF3aOFa7,word_length,0,0.5020218801918435
LF3aOFa7,word_length,1,0.49911183557464234
LF3aOFa7,word_part_speech,0,0.4928060856449603
LF3aOFa7,word_part_speech,1,0.479664240278051
LF3cIc4,delta_volume,0,0.47625466286323315
LF3cIc4,delta_volume,1,0.488203086632603
LF3cIc4,face_num,0,0.4743999665632217
LF3cIc4,face_num,1,0.5159765106631976
LF3cIc4,frame_brightness,0,0.4904391711858562
LF3cIc4,frame_brightness,1,0.49820799765942547
LF3cIc4,global_flow,0,0.49312978694502785
LF3cIc4,global_flow,1,0.4831457739046843
LF3cIc4,gpt2_surprisal,0,0.5277734240305947
LF3cIc4,gpt2_surprisal,1,0.5200829650063217
LF3cIc4,local_flow,0,0.48255018129003274
LF3cIc4,local_flow,1,0.49587264767039696
LF3cIc4,onset,0,0.5539951725651233
LF3cIc4,onset,1,0.558592729590504
LF3cIc4,pitch,0,0.49238790842502334
LF3cIc4,pitch,1,0.5486139410467802
LF3cIc4,speech,0,0.5676102107561937
LF3cIc4,speech,1,0.5445022622070363
LF3cIc4,volume,0,0.4724878008003929
LF3cIc4,volume,1,0.46940534779473997
LF3cIc4,word_gap,0,0.48718430979175154
LF3cIc4,word_gap,1,0.5223242740561946
LF3cIc4,word_head_pos,0,0.4894465168281036
LF3cIc4,word_head_pos,1,0.4680783256533233
LF3cIc4,word_index,0,0.5150872479169182
LF3cIc4,word_index,1,0.5260309745199856
LF3cIc4,word_length,0,0.457963700197486
LF3cIc4,word_length,1,0.4744156400530809
LF3cIc4,word_part_speech,0,0.4857105383959604
LF3cIc4,word_part_speech,1,0.4618663518919274
LF3bOFb6,delta_volume,0,0.5018076758304337
LF3bOFb6,delta_volume,1,0.5029570650867788
LF3bOFb6,face_num,0,0.48313532491144484
LF3bOFb6,face_num,1,0.4904078242061377
LF3bOFb6,frame_brightness,0,0.4600561110936961
LF3bOFb6,frame_brightness,1,0.4899167215238812
LF3bOFb6,global_flow,0,0.49897077416590907
LF3bOFb6,global_flow,1,0.49414333928925946
LF3bOFb6,gpt2_surprisal,0,0.5159399391868593
LF3bOFb6,gpt2_surprisal,1,0.5074501321797645
LF3bOFb6,local_flow,0,0.4755023353499891
LF3bOFb6,local_flow,1,0.4818083027700282
LF3bOFb6,onset,0,0.5454217736121124
LF3bOFb6,onset,1,0.5184529220609595
LF3bOFb6,pitch,0,0.4576032099307232
LF3bOFb6,pitch,1,0.496666771156599
LF3bOFb6,speech,0,0.5511269239208803
LF3bOFb6,speech,1,0.5164780623386938
LF3bOFb6,volume,0,0.4714481259730625
LF3bOFb6,volume,1,0.47558592729590504
LF3bOFb6,word_gap,0,0.48496389872835755
LF3bOFb6,word_gap,1,0.4817456088105911
LF3bOFb6,word_head_pos,0,0.4984587734971735
LF3bOFb6,word_head_pos,1,0.49570023928194523
LF3bOFb6,word_index,0,0.4851165318198285
LF3bOFb6,word_index,1,0.4999849052046854
LF3bOFb6,word_length,0,0.46814624410938005
LF3bOFb6,word_length,1,0.46783799880881477
LF3bOFb6,word_part_speech,0,0.52147681815201
LF3bOFb6,word_part_speech,1,0.48775001639451765
LF2b2,delta_volume,0,0.5230452545897204
LF2b2,delta_volume,1,0.520203128428576
LF2b2,face_num,0,0.5114259741073948
LF2b2,face_num,1,0.5157623063017879
LF2b2,frame_brightness,0,0.46793203974797026
LF2b2,frame_brightness,1,0.47037187966939387
LF2b2,global_flow,0,0.5138187935592406
LF2b2,global_flow,1,0.520286720374492
LF2b2,gpt2_surprisal,0,0.48481238832638474
LF2b2,gpt2_surprisal,1,0.49409631881968175
LF2b2,local_flow,0,0.49422693123517547
LF2b2,local_flow,1,0.5196232093037836
LF2b2,onset,0,0.5687073550463413
LF2b2,onset,1,0.5415190746371588
LF2b2,pitch,0,0.47656813266041814
LF2b2,pitch,1,0.48083654639875445
LF2b2,speech,0,0.5573022789254256
LF2b2,speech,1,0.5448732014670387
LF2b2,volume,0,0.48460863295821444
LF2b2,volume,1,0.5090122566690699
LF2b2,word_gap,0,0.4885270054230275
LF2b2,word_gap,1,0.47332372025955294
LF2b2,word_head_pos,0,0.5083539700949814
LF2b2,word_head_pos,1,0.5303073048911737
LF2b2,word_index,0,0.5201892887332448
LF2b2,word_index,1,0.5064945356840962
LF2b2,word_length,0,0.503897474478334
LF2b2,word_length,1,0.5283115471824289
LF2b2,word_part_speech,0,0.5084858023476949
LF2b2,word_part_speech,1,0.519194701291888
LF2b14,delta_volume,0,0.5063268654065181
LF2b14,delta_volume,1,0.5426998108732223
LF2b14,face_num,0,0.4685171833693823
LF2b14,face_num,1,0.4696926951088263
LF2b14,frame_brightness,0,0.48594610409287065
LF2b14,frame_brightness,1,0.5025286563639593
LF2b14,global_flow,0,0.5030824530056529
LF2b14,global_flow,1,0.49908571309154365
LF2b14,gpt2_surprisal,0,0.5136568341640283
LF2b14,gpt2_surprisal,1,0.497967670814917
LF2b14,local_flow,0,0.4699434709465743
LF2b14,local_flow,1,0.5090279301589292
LF2b14,onset,0,0.5271099129598863
LF2b14,onset,1,0.5416653605425117
LF2b14,pitch,0,0.46454656593837185
LF2b14,pitch,1,0.4760639687366123
LF2b14,speech,0,0.5309290199889241
LF2b14,speech,1,0.5163422254265801
LF2b14,volume,0,0.5005485721450739
LF2b14,volume,1,0.5068963355380709
LF2b14,word_gap,0,0.48848782169837934
LF2b14,word_gap,1,0.48396079537736536
LF2b14,word_head_pos,0,0.48751867757541556
LF2b14,word_head_pos,1,0.4882083111292227
LF2b14,word_index,0,0.5230874894336434
LF2b14,word_index,1,0.5151325323028619
LF2b14,word_length,0,0.5010292258340909
LF2b14,word_length,1,0.48175605780383063
LF2b14,word_part_speech,0,0.5115548560561348
LF2b14,word_part_speech,1,0.49083874352416557
LF2c4,delta_volume,0,0.51466777425995
LF2c4,delta_volume,1,0.5018703697898708
LF2c4,face_num,0,0.49862595738900556
LF2c4,face_num,1,0.4958360761940587
LF2c4,frame_brightness,0,0.4973668537036456
LF2c4,frame_brightness,1,0.49758105806505537
LF2c4,global_flow,0,0.5202919448711116
LF2c4,global_flow,1,0.4648286887558384
LF2c4,gpt2_surprisal,0,0.5159085922071408
LF2c4,gpt2_surprisal,1,0.49999477550338023
LF2c4,local_flow,0,0.49000553796641694
LF2c4,local_flow,1,0.49038692621965874
LF2c4,onset,0,0.549141615205375
LF2c4,onset,1,0.5477310011180423
LF2c4,pitch,0,0.5035944536743885
LF2c4,pitch,1,0.48993761951036013
LF2c4,speech,0,0.5511269239208803
LF2c4,speech,1,0.5324075525323135
LF2c4,volume,0,0.5268277901424199
LF2c4,volume,1,0.5119797707490883
LF2c4,word_gap,0,0.5019591862324064
LF2c4,word_gap,1,0.5180663093110978
LF2c4,word_head_pos,0,0.5475533682329707
LF2c4,word_head_pos,1,0.4989498761794301
LF2c4,word_index,0,0.48448255041661636
LF2c4,word_index,1,0.46684428209153483
LF2c4,word_length,0,0.5278465669832713
LF2c4,word_length,1,0.5399151541748952
LF2c4,word_part_speech,0,0.5072726080398715
LF2c4,word_part_speech,1,0.5227490327234573
LF2d8,delta_volume,0,0.5164153683792566
LF2d8,delta_volume,1,0.5165642665329195
LF2d8,face_num,0,0.49143705004022864
LF2d8,face_num,1,0.4748440487759004
LF2d8,frame_brightness,0,0.4987513453078797
LF2d8,frame_brightness,1,0.49144749903346807
LF2d8,global_flow,0,0.5033698003197391
LF2d8,global_flow,1,0.498239344639144
LF2d8,gpt2_surprisal,0,0.5180297378347596
LF2d8,gpt2_surprisal,1,0.49601893357575
LF2d8,local_flow,0,0.5052976395724271
LF2d8,local_flow,1,0.5233012549240881
LF2d8,onset,0,0.5466652038076132
LF2d8,onset,1,0.5481097771229742
LF2d8,pitch,0,0.4937097060698202
LF2d8,pitch,1,0.4909825188343103
LF2d8,speech,0,0.534471228697115
LF2d8,speech,1,0.5398002152492607
LF2d8,volume,0,0.5180558603178584
LF2d8,volume,1,0.5210024764113977
LF2d8,word_gap,0,0.5077636019769496
LF2d8,word_gap,1,0.5041116788397438
LF2d8,word_head_pos,0,0.46995391993981384
LF2d8,word_head_pos,1,0.4959719131061722
LF2d8,word_index,0,0.5460013887211689
LF2d8,word_index,1,0.5374728293684338
LF2d8,word_length,0,0.49472325841405185
LF2d8,word_length,1,0.5012956751616982
LF2d8,word_part_speech,0,0.46407633287428685
LF2d8,word_part_speech,1,0.4635320348875337
LF2aIa12,delta_volume,0,0.4918863567495271
LF2aIa12,delta_volume,1,0.5024764113977619
LF2aIa12,face_num,0,0.5121208321578216
LF2aIa12,face_num,1,0.5002560003343678
LF2aIa12,frame_brightness,0,0.5061649060113058
LF2aIa12,frame_brightness,1,0.4823829973982007
LF2aIa12,global_flow,0,0.5472346739391659
LF2aIa12,global_flow,1,0.5461584276354974
LF2aIa12,gpt2_surprisal,0,0.5071418868791993
LF2aIa12,gpt2_surprisal,1,0.4987670187977389
LF2aIa12,local_flow,0,0.47101449275362317
LF2aIa12,local_flow,1,0.48419067322863446
LF2aIa12,onset,0,0.5500715756036906
LF2aIa12,onset,1,0.5713352768460758
LF2aIa12,pitch,0,0.47366331253983673
LF2aIa12,pitch,1,0.490089129912333
LF2aIa12,speech,0,0.560457874883755
LF2aIa12,speech,1,0.5643919208384273
LF2aIa12,volume,0,0.4758732746099913
LF2aIa12,volume,1,0.5065671922510266
LF2aIa12,word_gap,0,0.47003228738911007
LF2aIa12,word_gap,1,0.4839189994044074
LF2aIa12,word_head_pos,0,0.5086883378786453
LF2aIa12,word_head_pos,1,0.5122984650428932
LF2aIa12,word_index,0,0.5055775268687357
LF2aIa12,word_index,1,0.4911016181620577
LF2aIa12,word_length,0,0.4940022778805262
LF2aIa12,word_length,1,0.506854539565113
LF2aIa12,word_part_speech,0,0.5057708702209981
LF2aIa12,word_part_speech,1,0.49523903206767655
LF1aCaOF8,delta_volume,0,0.5237662351232458
LF1aCaOF8,delta_volume,1,0.5092316855270995
LF1aCaOF8,face_num,0,0.49279541916136377
LF1aCaOF8,face_num,1,0.49140047856389035
LF1aCaOF8,frame_brightness,0,0.4781198081564841
LF1aCaOF8,frame_brightness,1,0.4849743477215971
LF1aCaOF8,global_flow,0,0.4934641547286919
LF1aCaOF8,global_flow,1,0.4995768157738002
LF1aCaOF8,gpt2_surprisal,0,0.5046550264881978
LF1aCaOF8,gpt2_surprisal,1,0.4978527318892825
LF1aCaOF8,local_flow,0,0.46653187465387713
LF1aCaOF8,local_flow,1,0.4889240671661285
LF1aCaOF8,onset,0,0.5861415002664493
LF1aCaOF8,onset,1,0.5272144028922813
LF1aCaOF8,pitch,0,0.4395316761230056
LF1aCaOF8,pitch,1,0.46848583638966385
LF1aCaOF8,speech,0,0.539836786725599
LF1aCaOF8,speech,1,0.5077218060039915
LF1aCaOF8,volume,0,0.4945874215019383
LF1aCaOF8,volume,1,0.48283230410749933
LF1aCaOF8,word_gap,0,0.46213284850004704
LF1aCaOF8,word_gap,1,0.48688651348442585
LF1aCaOF8,word_head_pos,0,0.48692308496076403
LF1aCaOF8,word_head_pos,1,0.49490089129912335
LF1aCaOF8,word_index,0,0.53787284144427
LF1aCaOF8,word_index,1,0.5027925371331964
LF1aCaOF8,word_length,0,0.5064992737949698
LF1aCaOF8,word_length,1,0.5068911110414512
LF1aCaOF8,word_part_speech,0,0.504669158633353
LF1aCaOF8,word_part_speech,1,0.4708702209980983
LF1bIb4,delta_volume,0,0.516660919720385
LF1bIb4,delta_volume,1,0.5149472848291068
LF1bIb4,face_num,0,0.5238811740488803
LF1bIb4,face_num,1,0.5434051179168887
LF1bIb4,frame_brightness,0,0.5074240096966658
LF1bIb4,frame_brightness,1,0.5041586993093214
LF1bIb4,global_flow,0,0.5210181499012569
LF1bIb4,global_flow,1,0.5144143861738921
LF1bIb4,gpt2_surprisal,0,0.5083173986186431
LF1bIb4,gpt2_surprisal,1,0.5037250660898822
LF1bIb4,local_flow,0,0.4724042088544769
LF1bIb4,local_flow,1,0.49283721513432177
LF1bIb4,onset,0,0.5291683646280682
LF1bIb4,onset,1,0.5434155669101282
LF1bIb4,pitch,0,0.4622007669561038
LF1bIb4,pitch,1,0.49068472252698453
LF1bIb4,speech,0,0.5075076016425818
LF1bIb4,speech,1,0.5163370009299604
LF1bIb4,volume,0,0.5220369267421083
LF1bIb4,volume,1,0.5242521133088827
LF1bIb4,word_gap,0,0.4894308433382444
LF1bIb4,word_gap,1,0.4833913252458125
LF1bIb4,word_head_pos,0,0.5080352758011766
LF1bIb4,word_head_pos,1,0.5070791929197622
LF1bIb4,word_index,0,0.49342621664050235
LF1bIb4,word_index,1,0.504630328462746
LF1bIb4,word_length,0,0.5109975653845752
LF1bIb4,word_length,1,0.5185469630001149
LF1bIb4,word_part_speech,0,0.4610662994294708
LF1bIb4,word_part_speech,1,0.4653551052528035
LF1bIb16,delta_volume,0,0.5139232834916356
LF1bIb16,delta_volume,1,0.5119536482659897
LF1bIb16,face_num,0,0.5051513536670742
LF1bIb16,face_num,1,0.5005381231518343
LF1bIb16,frame_brightness,0,0.48023050479086343
LF1bIb16,frame_brightness,1,0.5120947096747228
LF1bIb16,global_flow,0,0.5013949405974734
LF1bIb16,global_flow,1,0.5039706174310106
LF1bIb16,gpt2_surprisal,0,0.515548101940378
LF1bIb16,gpt2_surprisal,1,0.5172512878384168
LF1bIb16,local_flow,0,0.4628277065504739
LF1bIb16,local_flow,1,0.5049737207820026
LF1bIb16,onset,0,0.5549564799431574
LF1bIb16,onset,1,0.5488803903743875
LF1bIb16,pitch,0,0.49399182888728665
LF1bIb16,pitch,1,0.5086465419056874
LF1bIb16,speech,0,0.5392725410906659
LF1bIb16,speech,1,0.5487184309791752
LF1bIb16,volume,0,0.4993678359090101
LF1bIb16,volume,1,0.4859617775827299
LF1bIb16,word_gap,0,0.46827685652487383
LF1bIb16,word_gap,1,0.49515166713687137
LF1bIb16,word_head_pos,0,0.5125649143705004
LF1bIb16,word_head_pos,1,0.5184529220609594
LF1bIb16,word_index,0,0.48685243328100475
LF1bIb16,word_index,1,0.5150117739403454
LF1bIb16,word_length,0,0.47947817727761927
LF1bIb16,word_length,1,0.44943209721743316
LF1bIb16,word_part_speech,0,0.5072135877762476
LF1bIb16,word_part_speech,1,0.4983998950750869
RF3aOFa1,delta_volume,0,0.5274286072536911
RF3aOFa1,delta_volume,1,0.5156421428795336
RF3aOFa1,face_num,0,0.47445221152941913
RF3aOFa1,face_num,1,0.48664096214329755
RF3aOFa1,frame_brightness,0,0.5074292341932854
RF3aOFa1,frame_brightness,1,0.5037773110560798
RF3aOFa1,global_flow,0,0.49722056779829266
RF3aOFa1,global_flow,1,0.5227735807654932
RF3aOFa1,gpt2_surprisal,0,0.4910138658140288
RF3aOFa1,gpt2_surprisal,1,0.4757322132012581
RF3aOFa1,local_flow,0,0.46186117467582
RF3aOFa1,local_flow,1,0.5060551915822911
RF3aOFa1,onset,0,0.511608831489086
RF3aOFa1,onset,1,0.48798888227119314
RF3aOFa1,pitch,0,0.49651526075462626
RF3aOFa1,pitch,1,0.49238268392840345
RF3aOFa1,speech,0,0.5310648569010376
RF3aOFa1,speech,1,0.49485909532616534
RF3aOFa1,volume,0,0.4780362162105681
RF3aOFa1,volume,1,0.48882480173035325
RF3aOFa1,word_gap,0,0.5355579239940231
RF3aOFa1,word_gap,1,0.5374230692872741
RF3aOFa1,word_head_pos,0,0.509367522439213
RF3aOFa1,word_head_pos,1,0.4842794896711702
RF3aOFa1,word_index,0,0.5032982127762347
RF3aOFa1,word_index,1,0.46399136577708
RF3aOFa1,word_length,0,0.49381419600221516
RF3aOFa1,word_length,1,0.5226377438533797
RF3aOFa1,word_part_speech,0,0.47803790412486064
RF3aOFa1,word_part_speech,1,0.4417076529608499
RF3aOFa13,delta_volume,0,0.5144561821468502
RF3aOFa13,delta_volume,1,0.5017449818709967
RF3aOFa13,face_num,0,0.5039706174310105
RF3aOFa13,face_num,1,0.5035996781710083
RF3aOFa13,frame_brightness,0,0.4939343594244695
RF3aOFa13,frame_brightness,1,0.5023301254924089
RF3aOFa13,global_flow,0,0.5035056372318527
RF3aOFa13,global_flow,1,0.5144614066434698
RF3aOFa13,gpt2_surprisal,0,0.4985110184633711
RF3aOFa13,gpt2_surprisal,1,0.4806197297890348
RF3aOFa13,local_flow,0,0.5071732338589177
RF3aOFa13,local_flow,1,0.5014419610670512
RF3aOFa13,onset,0,0.5267859941694618
RF3aOFa13,onset,1,0.5603168134750216
RF3aOFa13,pitch,0,0.5385097645841823
RF3aOFa13,pitch,1,0.509095848614986
RF3aOFa13,speech,0,0.5523599051231414
RF3aOFa13,speech,1,0.5404689508165889
RF3aOFa13,volume,0,0.5030458815293146
RF3aOFa13,volume,1,0.5078001734532878
RF3aOFa13,word_gap,0,0.5061440080248268
RF3aOFa13,word_gap,1,0.4647947295278099
RF3aOFa13,word_head_pos,0,0.4939657064041879
RF3aOFa13,word_head_pos,1,0.5152921016060102
RF3aOFa13,word_index,0,0.4897581813790606
RF3aOFa13,word_index,1,0.4928224248279193
RF3aOFa13,word_length,0,0.46453089244851264
RF3aOFa13,word_length,1,0.4978527318892825
RF3aOFa13,word_part_speech,0,0.5229851137779526
RF3aOFa13,word_part_speech,1,0.5210046560430193
RF3bOFb9,delta_volume,0,0.502011431198604
RF3bOFb9,delta_volume,1,0.5108408304859826
RF3bOFb9,face_num,0,0.4940858698264422
RF3bOFb9,face_num,1,0.4809985057939668
RF3bOFb9,frame_brightness,0,0.5330397166233034
RF3bOFb9,frame_brightness,1,0.5162638579772839
RF3bOFb9,global_flow,0,0.486609615163579
RF3bOFb9,global_flow,1,0.49948277483464476
RF3bOFb9,gpt2_surprisal,0,0.5278726894663699
RF3bOFb9,gpt2_surprisal,1,0.5315141636103362
RF3bOFb9,local_flow,0,0.4919699486954432
RF3bOFb9,local_flow,1,0.5258769317576252
RF3bOFb9,onset,0,0.5476787561518448
RF3bOFb9,onset,1,0.5382903357261528
RF3bOFb9,pitch,0,0.49409631881968175
RF3bOFb9,pitch,1,0.4950524017010961
RF3bOFb9,speech,0,0.5862930106684221
RF3bOFb9,speech,1,0.5271203619531258
RF3bOFb9,volume,0,0.5090645016352675
RF3bOFb9,volume,1,0.467644692433884
RF3bOFb9,word_gap,0,0.5294713854320137
RF3bOFb9,word_gap,1,0.5352601276866974
RF3bOFb9,word_head_pos,0,0.5146756110048797
RF3bOFb9,word_head_pos,1,0.5172356143485575
RF3bOFb9,word_index,0,0.44906261321096486
RF3bOFb9,word_index,1,0.467138630600169
RF3bOFb9,word_length,0,0.4701890222877026
RF3bOFb9,word_length,1,0.5358034753351515
RF3bOFb9,word_part_speech,0,0.482195553806807
RF3bOFb9,word_part_speech,1,0.5061249918027412
RF2I5,delta_volume,0,0.512089485178103
RF2I5,delta_volume,1,0.5259344012204424
RF2I5,face_num,0,0.5045244140727041
RF2I5,face_num,1,0.50188604327973
RF2I5,frame_brightness,0,0.5296437938204654
RF2I5,frame_brightness,1,0.5223660700291528
RF2I5,global_flow,0,0.49349550170841044
RF2I5,global_flow,1,0.4952248100895479
RF2I5,gpt2_surprisal,0,0.5274129337638318
RF2I5,gpt2_surprisal,1,0.5368640481489608
RF2I5,local_flow,0,0.47427980314096746
RF2I5,local_flow,1,0.49584652518729827
RF2I5,onset,0,0.5280555468480612
RF2I5,onset,1,0.5435200568425231
RF2I5,pitch,0,0.5099160945842869
RF2I5,pitch,1,0.5126119348400782
RF2I5,speech,0,0.5184633710541989
RF2I5,speech,1,0.503960168437771
RF2I5,volume,0,0.5167967566324985
RF2I5,volume,1,0.5159660616699582
RF2I5,word_gap,0,0.5153443465722077
RF2I5,word_gap,1,0.5046602509848177
RF2I5,word_head_pos,0,0.5466547548143735
RF2I5,word_head_pos,1,0.4998380406047877
RF2I5,word_index,0,0.49159974640743875
RF2I5,word_index,1,0.5353067262407922
RF2I5,word_length,0,0.4982968141019613
RF2I5,word_length,1,0.5081711127132902
RF2I5,word_part_speech,0,0.5209587513935341
RF2I5,word_part_speech,1,0.5129254377336219
RF1aCaOF4,delta_volume,0,0.512951527120362
RF1aCaOF4,delta_volume,1,0.5274286072536912
RF1aCaOF4,face_num,0,0.5032444124008651
RF1aCaOF4,face_num,1,0.5061649060113058
RF1aCaOF4,frame_brightness,0,0.48153662894580107
RF1aCaOF4,frame_brightness,1,0.45734198509973567
RF1aCaOF4,global_flow,0,0.5241946438460654
RF1aCaOF4,global_flow,1,0.5234370918362017
RF1aCaOF4,gpt2_surprisal,0,0.5155167549606596
RF1aCaOF4,gpt2_surprisal,1,0.5188290858175815
RF1aCaOF4,local_flow,0,0.48979133360500715
RF1aCaOF4,local_flow,1,0.5116976479316218
RF1aCaOF4,onset,0,0.5724115231497445
RF1aCaOF4,onset,1,0.5254903190077636
RF1aCaOF4,pitch,0,0.45854884381889804
RF1aCaOF4,pitch,1,0.4644525249992163
RF1aCaOF4,speech,0,0.5291004461720114
RF1aCaOF4,speech,1,0.5013531446245154
RF1aCaOF4,volume,0,0.5237087656604286
RF1aCaOF4,volume,1,0.5149159378493882
RF1aCaOF4,word_gap,0,0.48721565677147005
RF1aCaOF4,word_gap,1,0.49247150037093923
RF1aCaOF4,word_head_pos,0,0.4987879167842178
RF1aCaOF4,word_head_pos,1,0.5045609855490424
RF1aCaOF4,word_index,0,0.5173967516000483
RF1aCaOF4,word_index,1,0.47478414442700156
RF1aCaOF4,word_length,0,0.4913377846044534
RF1aCaOF4,word_length,1,0.5286720374491918
RF1aCaOF4,word_part_speech,0,0.5131090563315627
RF1aCaOF4,word_part_speech,1,0.5118368417601155
RF1aCaOF16,delta_volume,0,0.5374126202940347
RF1aCaOF16,delta_volume,1,0.5297900797258184
RF1aCaOF16,face_num,0,0.48188144572270464
RF1aCaOF16,face_num,1,0.49554872887997237
RF1aCaOF16,frame_brightness,0,0.4700427363823495
RF1aCaOF16,frame_brightness,1,0.4734804551581455
RF1aCaOF16,global_flow,0,0.52661358578101
RF1aCaOF16,global_flow,1,0.5202396999049141
RF1aCaOF16,gpt2_surprisal,0,0.4994462033583064
RF1aCaOF16,gpt2_surprisal,1,0.49870954933492156
RF1aCaOF16,local_flow,0,0.4613700719935634
RF1aCaOF16,local_flow,1,0.4927275007053071
RF1aCaOF16,onset,0,0.5598048128062861
RF1aCaOF16,onset,1,0.5202605978913932
RF1aCaOF16,pitch,0,0.45802116966030326
RF1aCaOF16,pitch,1,0.46728942666374096
RF1aCaOF16,speech,0,0.5410749924244799
RF1aCaOF16,speech,1,0.49503150371461707
RF1aCaOF16,volume,0,0.48857402589260523
RF1aCaOF16,volume,1,0.5038243315256575
RF1aCaOF16,word_gap,0,0.47803099171394836
RF1aCaOF16,word_gap,1,0.4844466735630022
RF1aCaOF16,word_head_pos,0,0.4858572876503348
RF1aCaOF16,word_head_pos,1,0.4922416225196703
RF1aCaOF16,word_index,0,0.5005660548242965
RF1aCaOF16,word_index,1,0.4927997826349475
RF1aCaOF16,word_length,0,0.502220411063394
RF1aCaOF16,word_length,1,0.5219846817759108
RF1aCaOF16,word_part_speech,0,0.5249262246704702
RF1aCaOF16,word_part_speech,1,0.48714014033707126
LT2H2,delta_volume,0,0.5605466913262908
LT2H2,delta_volume,1,0.5615811416570013
LT2H2,face_num,0,0.46290607399977013
LT2H2,face_num,1,0.47985434103424135
LT2H2,frame_brightness,0,0.49350072620503016
LT2H2,frame_brightness,1,0.4573054136233974
LT2H2,global_flow,0,0.48567443026864365
LT2H2,global_flow,1,0.48871508730133856
LT2H2,gpt2_surprisal,0,0.4901257013886712
LT2H2,gpt2_surprisal,1,0.5261486055818521
LT2H2,local_flow,0,0.48762316750781065
LT2H2,local_flow,1,0.4925446433236158
LT2H2,onset,0,0.5734929939500328
LT2H2,onset,1,0.5466025098481762
LT2H2,pitch,0,0.5059977221194738
LT2H2,pitch,1,0.5153913670417856
LT2H2,speech,0,0.545306834686478
LT2H2,speech,1,0.5582557495585301
LT2H2,volume,0,0.5503432494279176
LT2H2,volume,1,0.5033802493129786
LT2H2,word_gap,0,0.4765315611840799
LT2H2,word_gap,1,0.47068012496995915
LT2H2,word_head_pos,0,0.4612969290408869
LT2H2,word_head_pos,1,0.5104646667293606
LT2H2,word_index,0,0.5400087549812824
LT2H2,word_index,1,0.5258951213621543
LT2H2,word_length,0,0.47800486923084956
LT2H2,word_length,1,0.49617566847434247
LT2H2,word_part_speech,0,0.4806938159879336
LT2H2,word_part_speech,1,0.48620237392615906
LT2H14,delta_volume,0,0.5259709726967807
LT2H14,delta_volume,1,0.549643166880871
LT2H14,face_num,0,0.5239804394846557
LT2H14,face_num,1,0.5263889324263608
LT2H14,frame_brightness,0,0.4922155000365715
LT2H14,frame_brightness,1,0.48235165041848216
LT2H14,global_flow,0,0.5462838155543713
LT2H14,global_flow,1,0.5266501572573482
LT2H14,gpt2_surprisal,0,0.4902040688379674
LT2H14,gpt2_surprisal,1,0.5038295560222772
LT2H14,local_flow,0,0.49828636510872176
LT2H14,local_flow,1,0.4760561319916826
LT2H14,onset,0,0.5806296563326123
LT2H14,onset,1,0.5578926470434573
LT2H14,pitch,0,0.5064940492983501
LT2H14,pitch,1,0.512089485178103
LT2H14,speech,0,0.5533473349842744
LT2H14,speech,1,0.5300356310669467
LT2H14,volume,0,0.5021420436140978
LT2H14,volume,1,0.4962853829033572
LT2H14,word_gap,0,0.5316447760258299
LT2H14,word_gap,1,0.5191164331316678
LT2H14,word_head_pos,0,0.5048013123935509
LT2H14,word_head_pos,1,0.49516211613011085
LT2H14,word_index,0,0.5184986716580123
LT2H14,word_index,1,0.5403332930805458
LT2H14,word_length,0,0.5086517664023071
LT2H14,word_length,1,0.5175490841457426
LT2H14,word_part_speech,0,0.5037117188012329
LT2H14,word_part_speech,1,0.4587907403764182
LT1A10,delta_volume,0,0.5410593189346206
LT1A10,delta_volume,1,0.5286093434897547
LT1A10,face_num,0,0.5105482586752766
LT1A10,face_num,1,0.5136960178886764
LT1A10,frame_brightness,0,0.5260754626291757
LT1A10,frame_brightness,1,0.510877401962321
LT1A10,global_flow,0,0.5396852763236262
LT1A10,global_flow,1,0.5156943878457312
LT1A10,gpt2_surprisal,0,0.5274129337638318
LT1A10,gpt2_surprisal,1,0.5375693551926272
LT1A10,local_flow,0,0.4763121323260504
LT1A10,local_flow,1,0.49945142785492613
LT1A10,onset,0,0.645956762065975
LT1A10,onset,1,0.6178176232719977
LT1A10,pitch,0,0.4561978203400103
LT1A10,pitch,1,0.4996969791960544
LT1A10,speech,0,0.555238602760624
LT1A10,speech,1,0.5498782692287597
LT1A10,volume,0,0.5123454855124708
LT1A10,volume,1,0.5022308600566335
LT1A10,word_gap,0,0.49658840370730284
LT1A10,word_gap,1,0.4937985225123559
LT1A10,word_head_pos,0,0.5052767415859483
LT1A10,word_head_pos,1,0.5125387918874017
LT1A10,word_index,0,0.5743418669242846
LT1A10,word_index,1,0.5635113512860765
LT1A10,word_length,0,0.5274651787300293
LT1A10,word_length,1,0.5345861676227496
LT1A10,word_part_speech,0,0.5020788248409732
LT1A10,word_part_speech,1,0.4971932585743327
LF3aOFa8,delta_volume,0,0.5000574694628173
LF3aOFa8,delta_volume,1,0.4970220369267422
LF3aOFa8,face_num,0,0.4729371075096914
LF3aOFa8,face_num,1,0.5199575770874476
LF3aOFa8,frame_brightness,0,0.47742495010605723
LF3aOFa8,frame_brightness,1,0.4853243889951203
LF3aOFa8,global_flow,0,0.48461385745483426
LF3aOFa8,global_flow,1,0.47782723634577806
LF3aOFa8,gpt2_surprisal,0,0.5076643365411743
LF3aOFa8,gpt2_surprisal,1,0.5021629416005767
LF3aOFa8,local_flow,0,0.4948068503599678
LF3aOFa8,local_flow,1,0.5190223921925123
LF3aOFa8,onset,0,0.5417176055087092
LF3aOFa8,onset,1,0.5201613324556179
LF3aOFa8,pitch,0,0.48093581183452977
LF3aOFa8,pitch,1,0.4915363154760039
LF3aOFa8,speech,0,0.5161645925415086
LF3aOFa8,speech,1,0.520725578090551
LF3aOFa8,volume,0,0.4994723258414052
LF3aOFa8,volume,1,0.5212845992288644
LF3aOFa8,word_gap,0,0.5062014774876441
LF3aOFa8,word_gap,1,0.5217757019111209
LF3aOFa8,word_head_pos,0,0.4848750822858218
LF3aOFa8,word_head_pos,1,0.48282185511425973
LF3aOFa8,word_index,0,0.5247554643159038
LF3aOFa8,word_index,1,0.5075775872479169
LF3aOFa8,word_length,0,0.49405974734334346
LF3aOFa8,word_length,1,0.4631934213138564
LF3aOFa8,word_part_speech,0,0.4891402714932126
LF3aOFa8,word_part_speech,1,0.48689750147550664
LF3cIc5,delta_volume,0,0.47756078701817073
LF3cIc5,delta_volume,1,0.4842951631610295
LF3cIc5,face_num,0,0.47658903064689717
LF3cIc5,face_num,1,0.488788230254015
LF3cIc5,frame_brightness,0,0.5017240838845176
LF3cIc5,frame_brightness,1,0.5299415901277913
LF3cIc5,global_flow,0,0.5012852261684586
LF3cIc5,global_flow,1,0.49326562385714134
LF3cIc5,gpt2_surprisal,0,0.4969802409537841
LF3cIc5,gpt2_surprisal,1,0.49619656646082144
LF3cIc5,local_flow,0,0.504064658370166
LF3cIc5,local_flow,1,0.5188081878311025
LF3cIc5,onset,0,0.5425848719475879
LF3cIc5,onset,1,0.564459839294484
LF3cIc5,pitch,0,0.5062955184267995
LF3cIc5,pitch,1,0.5156682653626323
LF3cIc5,speech,0,0.5494394115127008
LF3cIc5,speech,1,0.5283010981891896
LF3cIc5,volume,0,0.511838709340355
LF3cIc5,volume,1,0.4882762295852794
LF3cIc5,word_gap,0,0.49434187016081
LF3cIc5,word_gap,1,0.5305371827424428
LF3cIc5,word_head_pos,0,0.48125973062495425
LF3cIc5,word_head_pos,1,0.46585791458992926
LF3cIc5,word_index,0,0.5205440164231373
LF3cIc5,word_index,1,0.5277895181741336
LF3cIc5,word_length,0,0.4799170349936783
LF3cIc5,word_length,1,0.4785900128522617
LF3cIc5,word_part_speech,0,0.4690668240540364
LF3cIc5,word_part_speech,1,0.45729556036461405
LF3bOFb7,delta_volume,0,0.5122775670564141
LF3bOFb7,delta_volume,1,0.5000261224830987
LF3bOFb7,face_num,0,0.474666415890829
LF3bOFb7,face_num,1,0.4902092933345872
LF3bOFb7,frame_brightness,0,0.47266020918884466
LF3bOFb7,frame_brightness,1,0.48159932290523805
LF3bOFb7,global_flow,0,0.5032966573670627
LF3bOFb7,global_flow,1,0.4927327252019268
LF3bOFb7,gpt2_surprisal,0,0.5040071889073489
LF3bOFb7,gpt2_surprisal,1,0.5036049026676279
LF3bOFb7,local_flow,0,0.49326562385714134
LF3bOFb7,local_flow,1,0.5113423821614788
LF3bOFb7,onset,0,0.5476056131991682
LF3bOFb7,onset,1,0.5399465011546137
LF3bOFb7,pitch,0,0.4730050259657482
LF3bOFb7,pitch,1,0.49865730436872413
LF3bOFb7,speech,0,0.5436976897275948
LF3bOFb7,speech,1,0.522590723383802
LF3bOFb7,volume,0,0.48270169169200544
LF3bOFb7,volume,1,0.48991149702726144
LF3bOFb7,word_gap,0,0.4847131228906095
LF3bOFb7,word_gap,1,0.47942593231142183
LF3bOFb7,word_head_pos,0,0.47934234036550577
LF3bOFb7,word_head_pos,1,0.49760195605153446
LF3bOFb7,word_index,0,0.4840448013524936
LF3bOFb7,word_index,1,0.4928828040091776
LF3bOFb7,word_length,0,0.49096684534445106
LF3bOFb7,word_length,1,0.4917452953407939
LF3bOFb7,word_part_speech,0,0.5128270706275821
LF3bOFb7,word_part_speech,1,0.482713620565283
LF2b3,delta_volume,0,0.5064731513118711
LF2b3,delta_volume,1,0.5171781448857403
LF2b3,face_num,0,0.5101720949186545
LF2b3,face_num,1,0.5125596898738807
LF2b3,frame_brightness,0,0.5026906157591716
LF2b3,frame_brightness,1,0.5136620586606481
LF2b3,global_flow,0,0.513181404971631
LF2b3,global_flow,1,0.5408764615529293
LF2b3,gpt2_surprisal,0,0.4985580389329488
LF2b3,gpt2_surprisal,1,0.5175438596491229
LF2b3,local_flow,0,0.4897286396455701
LF2b3,local_flow,1,0.5123768324921893
LF2b3,onset,0,0.5812095754574047
LF2b3,onset,1,0.5675684147832357
LF2b3,pitch,0,0.4755493558195667
LF2b3,pitch,1,0.4830935289384868
LF2b3,speech,0,0.5520516598225761
LF2b3,speech,1,0.5392725410906659
LF2b3,volume,0,0.4818657722328454
LF2b3,volume,1,0.49545991243743664
LF2b3,word_gap,0,0.47929009539930834
LF2b3,word_gap,1,0.48035066821311767
LF2b3,word_head_pos,0,0.516849001598696
LF2b3,word_head_pos,1,0.49841697752421554
LF2b3,word_index,0,0.5293291872962202
LF2b3,word_index,1,0.5058341383890834
LF2b3,word_length,0,0.517768513003772
LF2b3,word_length,1,0.5166870422034837
LF2b3,word_part_speech,0,0.5196340743655321
LF2b3,word_part_speech,1,0.4905895468555315
LF2e1,delta_volume,0,0.5223190495595749
LF2e1,delta_volume,1,0.5105848301516149
LF2e1,face_num,0,0.49341713425911415
LF2e1,face_num,1,0.4963219543796955
LF2e1,frame_brightness,0,0.526655381753968
LF2e1,frame_brightness,1,0.5342883713154237
LF2e1,global_flow,0,0.5038922499817142
LF2e1,global_flow,1,0.5051827006467926
LF2e1,gpt2_surprisal,0,0.5100414825031608
LF2e1,gpt2_surprisal,1,0.5244245216973344
LF2e1,local_flow,0,0.5019121657628287
LF2e1,local_flow,1,0.5115095660533108
LF2e1,onset,0,0.5644807372809629
LF2e1,onset,1,0.5570097071147195
LF2e1,pitch,0,0.48129107760467277
LF2e1,pitch,1,0.5135418952383938
LF2e1,speech,0,0.5646792681525135
LF2e1,speech,1,0.5541675809535751
LF2e1,volume,0,0.5145502230860056
LF2e1,volume,1,0.4983177120884402
LF2e1,word_gap,0,0.50565812983919
LF2e1,word_gap,1,0.5216921099652049
LF2e1,word_head_pos,0,0.48137989404720855
LF2e1,word_head_pos,1,0.4807686279426977
LF2e1,word_index,0,0.4890713681922473
LF2e1,word_index,1,0.5074719236807149
LF2e1,word_length,0,0.5011598382495847
LF2e1,word_length,1,0.5018703697898708
LF2e1,word_part_speech,0,0.4776247622794938
LF2e1,word_part_speech,1,0.46462718866810937
LF2c5,delta_volume,0,0.5334158803799254
LF2c5,delta_volume,1,0.5266292592708693
LF2c5,face_num,0,0.4540923482022507
LF2c5,face_num,1,0.47721074574464756
LF2c5,frame_brightness,0,0.5048901288360866
LF2c5,frame_brightness,1,0.4932081543943241
LF2c5,global_flow,0,0.46498542365443085
LF2c5,global_flow,1,0.47558592729590504
LF2c5,gpt2_surprisal,0,0.4958465251872982
LF2c5,gpt2_surprisal,1,0.4785743393624024
LF2c5,local_flow,0,0.5005328986552146
LF2c5,local_flow,1,0.515568999926857
LF2c5,onset,0,0.5231392955288757
LF2c5,onset,1,0.5270681169869282
LF2c5,pitch,0,0.4674043655893754
LF2c5,pitch,1,0.5080352758011766
LF2c5,speech,0,0.5667742912970336
LF2c5,speech,1,0.5254903190077636
LF2c5,volume,0,0.49231476547234676
LF2c5,volume,1,0.5147748764406549
LF2c5,word_gap,0,0.49128553963825583
LF2c5,word_gap,1,0.47722119473788693
LF2c5,word_head_pos,0,0.5176431250848981
LF2c5,word_head_pos,1,0.5027167382422704
LF2c5,word_index,0,0.5235478806907379
LF2c5,word_index,1,0.4930790363482671
LF2c5,word_length,0,0.5135000992654358
LF2c5,word_length,1,0.5223242740561946
LF2c5,word_part_speech,0,0.49868843858613676
LF2c5,word_part_speech,1,0.48762541806020065
LF2aIa1,delta_volume,0,0.5511634953972185
LF2aIa1,delta_volume,1,0.5302759579114552
LF2aIa1,face_num,0,0.49808260974055146
LF2aIa1,face_num,1,0.48290022256355597
LF2aIa1,frame_brightness,0,0.4851310826201895
LF2aIa1,frame_brightness,1,0.484681775910891
LF2aIa1,global_flow,0,0.49941485637858785
LF2aIa1,global_flow,1,0.4616574193076497
LF2aIa1,gpt2_surprisal,0,0.49688097551800875
LF2aIa1,gpt2_surprisal,1,0.5045400875625634
LF2aIa1,local_flow,0,0.49590921914673525
LF2aIa1,local_flow,1,0.47656813266041814
LF2aIa1,onset,0,0.5514874141876429
LF2aIa1,onset,1,0.5370051095576941
LF2aIa1,pitch,0,0.4722631474457436
LF2aIa1,pitch,1,0.48707981985935656
LF2aIa1,speech,0,0.5613277535709434
LF2aIa1,speech,1,0.548028797425368
LF2aIa1,volume,0,0.4862386759035767
LF2aIa1,volume,1,0.5016613899250807
LF2aIa1,word_gap,0,0.5103862992800643
LF2aIa1,word_gap,1,0.5250357878018452
LF2aIa1,word_head_pos,0,0.49965518322309643
LF2aIa1,word_head_pos,1,0.5143934881874132
LF2aIa1,word_index,0,0.535955802439319
LF2aIa1,word_index,1,0.5175703417461659
LF2aIa1,word_length,0,0.4761919689037961
LF2aIa1,word_length,1,0.5147905499305141
LF2aIa1,word_part_speech,0,0.5017902813299232
LF2aIa1,word_part_speech,1,0.4983146435831857
LF2aIa13,delta_volume,0,0.5188499838040606
LF2aIa13,delta_volume,1,0.5231340710322561
LF2aIa13,face_num,0,0.5112378922290837
LF2aIa13,face_num,1,0.4756538457519618
LF2aIa13,frame_brightness,0,0.5078680919093446
LF2aIa13,frame_brightness,1,0.4742641296511081
LF2aIa13,global_flow,0,0.513432180809379
LF2aIa13,global_flow,1,0.52472754250128
LF2aIa13,gpt2_surprisal,0,0.4992737949698547
LF2aIa13,gpt2_surprisal,1,0.5017763288507152
LF2aIa13,local_flow,0,0.4871895342883713
LF2aIa13,local_flow,1,0.5025547788470581
LF2aIa13,onset,0,0.5875677878436413
LF2aIa13,onset,1,0.5615027742077051
LF2aIa13,pitch,0,0.46417562667836954
LF2aIa13,pitch,1,0.4758210296437938
LF2aIa13,speech,0,0.5743968318652497
LF2aIa13,speech,1,0.5385985810267181
LF2aIa13,volume,0,0.4918027648036112
LF2aIa13,volume,1,0.5243879502209962
LF2aIa13,word_gap,0,0.5130298945696582
LF2aIa13,word_gap,1,0.49473893190391105
LF2aIa13,word_head_pos,0,0.4771114803088723
LF2aIa13,word_head_pos,1,0.4590869669707324
LF2aIa13,word_index,0,0.5265215553677092
LF2aIa13,word_index,1,0.4964753652940466
LF2aIa13,word_length,0,0.4624515427938518
LF2aIa13,word_length,1,0.49412244130278055
LF2aIa13,word_part_speech,0,0.4755918420880058
LF2aIa13,word_part_speech,1,0.4780116728965834
LF1aCaOF9,delta_volume,0,0.5075128261392015
LF1aCaOF9,delta_volume,1,0.5088398482806182
LF1aCaOF9,face_num,0,0.4940545228467237
LF1aCaOF9,face_num,1,0.4951150956605331
LF1aCaOF9,frame_brightness,0,0.4953031775388441
LF1aCaOF9,frame_brightness,1,0.507878540902584
LF1aCaOF9,global_flow,0,0.5356624139264181
LF1aCaOF9,global_flow,1,0.5342674733289448
LF1aCaOF9,gpt2_surprisal,0,0.54777802158762
LF1aCaOF9,gpt2_surprisal,1,0.5282906491959499
LF1aCaOF9,local_flow,0,0.48992717051712076
LF1aCaOF9,local_flow,1,0.5179513703854633
LF1aCaOF9,onset,0,0.5846943147027784
LF1aCaOF9,onset,1,0.5693186211508522
LF1aCaOF9,pitch,0,0.5053969050082026
LF1aCaOF9,pitch,1,0.5259500747103016
LF1aCaOF9,speech,0,0.5222720290899971
LF1aCaOF9,speech,1,0.5394240514926386
LF1aCaOF9,volume,0,0.4759046215897098
LF1aCaOF9,volume,1,0.46915979645361167
LF1aCaOF9,word_gap,0,0.48889272018641
LF1aCaOF9,word_gap,1,0.4569344743633951
LF1aCaOF9,word_head_pos,0,0.5092160120372402
LF1aCaOF9,word_head_pos,1,0.46963000114938924
LF1aCaOF9,word_index,0,0.5268536408646298
LF1aCaOF9,word_index,1,0.5126117014853279
LF1aCaOF9,word_length,0,0.5328202877652738
LF1aCaOF9,word_length,1,0.5272509743686196
LF1aCaOF9,word_part_speech,0,0.47601809954751134
LF1aCaOF9,word_part_speech,1,0.5187553282182438
LF1bIb5,delta_volume,0,0.5028473506577641
LF1bIb5,delta_volume,1,0.5267964431627012
LF1bIb5,face_num,0,0.5133956093330407
LF1bIb5,face_num,1,0.5080143778146976
LF1bIb5,frame_brightness,0,0.5434521383864666
LF1bIb5,frame_brightness,1,0.5221806003991515
LF1bIb5,global_flow,0,0.49800946678787494
LF1bIb5,global_flow,1,0.5023928194518458
LF1bIb5,gpt2_surprisal,0,0.5381649478072787
LF1bIb5,gpt2_surprisal,1,0.4853296134917401
LF1bIb5,local_flow,0,0.462028358567652
LF1bIb5,local_flow,1,0.5087928278110403
LF1bIb5,onset,0,0.5718472775148115
LF1bIb5,onset,1,0.5800131657314818
LF1bIb5,pitch,0,0.48414365275905663
LF1bIb5,pitch,1,0.4857475732213201
LF1bIb5,speech,0,0.5983093528938487
LF1bIb5,speech,1,0.5580180349623314
LF1bIb5,volume,0,0.5025861258267765
LF1bIb5,volume,1,0.5005851436214122
LF1bIb5,word_gap,0,0.4748388242792807
LF1bIb5,word_gap,1,0.4955226063968736
LF1bIb5,word_head_pos,0,0.48921663897683454
LF1bIb5,word_head_pos,1,0.4897965581016269
LF1bIb5,word_index,0,0.5246648955440164
LF1bIb5,word_index,1,0.48522219538703054
LF1bIb5,word_length,0,0.48944129233148387
LF1bIb5,word_length,1,0.5099631150538646
LF1bIb5,word_part_speech,0,0.4801495180011804
LF1bIb5,word_part_speech,1,0.44054692110958094
LF1cCb1,delta_volume,0,0.5126537308130361
LF1cCb1,delta_volume,1,0.5226168458669007
LF1cCb1,face_num,0,0.4856953282551226
LF1cCb1,face_num,1,0.46570117969133673
LF1cCb1,frame_brightness,0,0.5104019727699236
LF1cCb1,frame_brightness,1,0.5070739684231425
LF1cCb1,global_flow,0,0.4816202208917171
LF1cCb1,global_flow,1,0.4916094584286804
LF1cCb1,gpt2_surprisal,0,0.5259448502136819
LF1cCb1,gpt2_surprisal,1,0.5223712945257724
LF1cCb1,local_flow,0,0.47313563838124195
LF1cCb1,local_flow,1,0.5169691650209502
LF1cCb1,onset,0,0.5547057041054094
LF1cCb1,onset,1,0.5230557035829598
LF1cCb1,pitch,0,0.5032078409245269
LF1cCb1,pitch,1,0.4944150131134865
LF1cCb1,speech,0,0.5272875458449577
LF1cCb1,speech,1,0.498155752693228
LF1cCb1,volume,0,0.45902166076298545
LF1cCb1,volume,1,0.4542438586042235
LF1cCb1,word_gap,0,0.48351671316468653
LF1cCb1,word_gap,1,0.481662016864675
LF1cCb1,word_head_pos,0,0.5162168375077061
LF1cCb1,word_head_pos,1,0.5064365798355329
LF1cCb1,word_index,0,0.5325443786982249
LF1cCb1,word_index,1,0.47181801714768745
LF1cCb1,word_length,0,0.4852042255728661
LF1cCb1,word_length,1,0.5075807445952581
LF1cCb1,word_part_speech,0,0.4896321070234113
LF1cCb1,word_part_speech,1,0.4540822349006492
RF3aOFa2,delta_volume,0,0.5195448418544873
RF3aOFa2,delta_volume,1,0.5096444207600598
RF3aOFa2,face_num,0,0.46922249041304875
RF3aOFa2,face_num,1,0.45377365390844593
RF3aOFa2,frame_brightness,0,0.4950889731774344
RF3aOFa2,frame_brightness,1,0.5061178855417281
RF3aOFa2,global_flow,0,0.4985110184633711
RF3aOFa2,global_flow,1,0.5364669864058598
RF3aOFa2,gpt2_surprisal,0,0.4921946020500925
RF3aOFa2,gpt2_surprisal,1,0.4808078116673459
RF3aOFa2,local_flow,0,0.46619228237359334
RF3aOFa2,local_flow,1,0.5081345412369519
RF3aOFa2,onset,0,0.5265090958486149
RF3aOFa2,onset,1,0.4988192637639363
RF3aOFa2,pitch,0,0.49783183390280344
RF3aOFa2,pitch,1,0.4778742568153559
RF3aOFa2,speech,0,0.5358452713081094
RF3aOFa2,speech,1,0.49483819733968637
RF3aOFa2,volume,0,0.48394512188750616
RF3aOFa2,volume,1,0.50020897986479
RF3aOFa2,word_gap,0,0.5277055055745379
RF3aOFa2,word_gap,1,0.5476500214204362
RF3aOFa2,word_head_pos,0,0.5003500412735233
RF3aOFa2,word_head_pos,1,0.4747552323333647
RF3aOFa2,word_index,0,0.4895166646540273
RF3aOFa2,word_index,1,0.4790559715010264
RF3aOFa2,word_length,0,0.49703771041660133
RF3aOFa2,word_length,1,0.5001985308715505
RF3aOFa2,word_part_speech,0,0.47376221391566664
RF3aOFa2,word_part_speech,1,0.4450521345662011
RF3aOFa14,delta_volume,0,0.4913586825909324
RF3aOFa14,delta_volume,1,0.4797655245917055
RF3aOFa14,face_num,0,0.5133956093330407
RF3aOFa14,face_num,1,0.5059611506431356
RF3aOFa14,frame_brightness,0,0.513453078795858
RF3aOFa14,frame_brightness,1,0.5133956093330407
RF3aOFa14,global_flow,0,0.4914527235300879
RF3aOFa14,global_flow,1,0.5158929187172816
RF3aOFa14,gpt2_surprisal,0,0.5145658965758648
RF3aOFa14,gpt2_surprisal,1,0.49524570807602686
RF3aOFa14,local_flow,0,0.463977095806819
RF3aOFa14,local_flow,1,0.4762912343395714
RF3aOFa14,onset,0,0.5155637754302373
RF3aOFa14,onset,1,0.5798773288193683
RF3aOFa14,pitch,0,0.48793141280837593
RF3aOFa14,pitch,1,0.471249595101512
RF3aOFa14,speech,0,0.5387553159253106
RF3aOFa14,speech,1,0.5357355568790947
RF3aOFa14,volume,0,0.4662758743195093
RF3aOFa14,volume,1,0.4712600440947515
RF3aOFa14,word_gap,0,0.49250545959896763
RF3aOFa14,word_gap,1,0.49687575102138914
RF3aOFa14,word_head_pos,0,0.4930879909720698
RF3aOFa14,word_head_pos,1,0.4983751815512576
RF3aOFa14,word_index,0,0.5110644849655839
RF3aOFa14,word_index,1,0.529638630600169
RF3aOFa14,word_length,0,0.48476536785680696
RF3aOFa14,word_length,1,0.5175281861592635
RF3aOFa14,word_part_speech,0,0.4951209915404289
RF3aOFa14,word_part_speech,1,0.4916978162502459
RF3bOFb10,delta_volume,0,0.526028442159598
RF3bOFb10,delta_volume,1,0.5130716905426161
RF3bOFb10,face_num,0,0.5201247609792796
RF3bOFb10,face_num,1,0.5234057448564832
RF3bOFb10,frame_brightness,0,0.5111229533034491
RF3bOFb10,frame_brightness,1,0.5161018985820716
RF3bOFb10,global_flow,0,0.4890337815951433
RF3bOFb10,global_flow,1,0.4990021211456276
RF3bOFb10,gpt2_surprisal,0,0.5159974086496766
RF3bOFb10,gpt2_surprisal,1,0.527830893493412
RF3bOFb10,local_flow,0,0.5014210630805722
RF3bOFb10,local_flow,1,0.5192940660167393
RF3bOFb10,onset,0,0.5349727803726111
RF3bOFb10,onset,1,0.5455053655580284
RF3bOFb10,pitch,0,0.4641965246648485
RF3bOFb10,pitch,1,0.45912353844707066
RF3bOFb10,speech,0,0.5603481604547402
RF3bOFb10,speech,1,0.48379361148553335
RF3bOFb10,volume,0,0.5028786976374826
RF3bOFb10,volume,1,0.46662591559303257
RF3bOFb10,word_gap,0,0.5142837737583984
RF3bOFb10,word_gap,1,0.4973355067239272
RF3bOFb10,word_head_pos,0,0.5294139159691964
RF3bOFb10,word_head_pos,1,0.5065724167476464
RF3bOFb10,word_index,0,0.4883317232218331
RF3bOFb10,word_index,1,0.49031668880569984
RF3bOFb10,word_length,0,0.49229909198248745
RF3bOFb10,word_length,1,0.49513599364701205
RF3bOFb10,word_part_speech,0,0.4890550200013115
RF3bOFb10,word_part_speech,1,0.5239950160666274
RF2I6,delta_volume,0,0.5059768241329948
RF2I6,delta_volume,1,0.5105090749506286
RF2I6,face_num,0,0.48279573263116093
RF2I6,face_num,1,0.5103392788104866
RF2I6,frame_brightness,0,0.5064418043321526
RF2I6,frame_brightness,1,0.511253565718943
RF2I6,global_flow,0,0.5014262875771919
RF2I6,global_flow,1,0.4979572218216775
RF2I6,gpt2_surprisal,0,0.4968862000146286
RF2I6,gpt2_surprisal,1,0.5162325109975654
RF2I6,local_flow,0,0.47528290649195953
RF2I6,local_flow,1,0.47905499305141946
RF2I6,onset,0,0.5217077834550641
RF2I6,onset,1,0.5225228049277453
RF2I6,pitch,0,0.49181843829347044
RF2I6,pitch,1,0.4975079151123789
RF2I6,speech,0,0.5295079569083518
RF2I6,speech,1,0.5078315204330064
RF2I6,volume,0,0.48913304703091853
RF2I6,volume,1,0.48388765242468895
RF2I6,word_gap,0,0.5051147821907359
RF2I6,word_gap,1,0.5122984650428931
RF2I6,word_head_pos,0,0.48364210108356065
RF2I6,word_head_pos,1,0.5004545312059183
RF2I6,word_index,0,0.4938715131022823
RF2I6,word_index,1,0.46952360825987194
RF2I6,word_length,0,0.5034168207893169
RF2I6,word_length,1,0.5073613157372288
RF2I6,word_part_speech,0,0.5003869106170897
RF2I6,word_part_speech,1,0.4948717948717949
RF1aCaOF5,delta_volume,0,0.49909616208478313
RF1aCaOF5,delta_volume,1,0.5088450727772379
RF1aCaOF5,face_num,0,0.4930514194957316
RF1aCaOF5,face_num,1,0.5104489932395014
RF1aCaOF5,frame_brightness,0,0.47503735515083123
RF1aCaOF5,frame_brightness,1,0.4581622310690365
RF1aCaOF5,global_flow,0,0.5197015767530798
RF1aCaOF5,global_flow,1,0.5234109693531028
RF1aCaOF5,gpt2_surprisal,0,0.5194351274254726
RF1aCaOF5,gpt2_surprisal,1,0.5245551341128283
RF1aCaOF5,local_flow,0,0.47682413299478593
RF1aCaOF5,local_flow,1,0.5093831959290722
RF1aCaOF5,onset,0,0.5738848311965142
RF1aCaOF5,onset,1,0.5120476892051451
RF1aCaOF5,pitch,0,0.4548081042391566
RF1aCaOF5,pitch,1,0.46425399412766577
RF1aCaOF5,speech,0,0.5318851028703384
RF1aCaOF5,speech,1,0.5027167382422704
RF1aCaOF5,volume,0,0.4927640721816453
RF1aCaOF5,volume,1,0.49537632049152064
RF1aCaOF5,word_gap,0,0.4774771950722548
RF1aCaOF5,word_gap,1,0.48141124102692706
RF1aCaOF5,word_head_pos,0,0.48582071617399664
RF1aCaOF5,word_head_pos,1,0.5035160862250923
RF1aCaOF5,word_index,0,0.5134268204323149
RF1aCaOF5,word_index,1,0.4698707885521072
RF1aCaOF5,word_length,0,0.4931402359382674
RF1aCaOF5,word_length,1,0.5398629092086977
RF1aCaOF5,word_part_speech,0,0.5235097383434979
RF1aCaOF5,word_part_speech,1,0.5192996262049971
RF1bCb1,delta_volume,0,0.5041012298465043
RF1bCb1,delta_volume,1,0.5223556210359132
RF1bCb1,face_num,0,0.508108418753853
RF1bCb1,face_num,1,0.5017502063676165
RF1bCb1,frame_brightness,0,0.46141186796652145
RF1bCb1,frame_brightness,1,0.4686739182679749
RF1bCb1,global_flow,0,0.49623313793715973
RF1bCb1,global_flow,1,0.5156996123423508
RF1bCb1,gpt2_surprisal,0,0.4948434218363061
RF1bCb1,gpt2_surprisal,1,0.4923696226868541
RF1bCb1,local_flow,0,0.4858154916773768
RF1bCb1,local_flow,1,0.5068231925853944
RF1bCb1,onset,0,0.5710427050353699
RF1bCb1,onset,1,0.5684095587390156
RF1bCb1,pitch,0,0.44784907474164865
RF1bCb1,pitch,1,0.4377422860307409
RF1bCb1,speech,0,0.5523285581434229
RF1bCb1,speech,1,0.554042193034701
RF1bCb1,volume,0,0.4869910034168208
RF1bCb1,volume,1,0.5408346655799714
RF1bCb1,word_gap,0,0.5041848217924203
RF1bCb1,word_gap,1,0.4740185783099798
RF1bCb1,word_head_pos,0,0.49477550338024934
RF1bCb1,word_head_pos,1,0.4684597139065651
RF1bCb1,word_index,0,0.501154751841565
RF1bCb1,word_index,1,0.5012906049993963
RF1bCb1,word_length,0,0.4924819493641787
RF1bCb1,word_length,1,0.5263366874601632
RF1bCb1,word_part_speech,0,0.48325136074496694
RF1bCb1,word_part_speech,1,0.49581611908977635
LT2H3,delta_volume,0,0.5274077092672121
LT2H3,delta_volume,1,0.5509388420425693
LT2H3,face_num,0,0.48106642425002355
LT2H3,face_num,1,0.4933753382861561
LT2H3,frame_brightness,0,0.505072986217778
LT2H3,frame_brightness,1,0.5088189502941391
LT2H3,global_flow,0,0.5170945529398242
LT2H3,global_flow,1,0.4727020051618026
LT2H3,gpt2_surprisal,0,0.5001044899323951
LT2H3,gpt2_surprisal,1,0.5119797707490883
LT2H3,local_flow,0,0.5011702872428242
LT2H3,local_flow,1,0.5175647576356018
LT2H3,onset,0,0.5460121417301443
LT2H3,onset,1,0.5388545813610859
LT2H3,pitch,0,0.4841332037658172
LT2H3,pitch,1,0.5061649060113058
LT2H3,speech,0,0.5303282028776527
LT2H3,speech,1,0.555870766851614
LT2H3,volume,0,0.5014942060332488
LT2H3,volume,1,0.5117185459181007
LT2H3,word_gap,0,0.4736528635465973
LT2H3,word_gap,1,0.5091637670710427
LT2H3,word_head_pos,0,0.47965842241100065
LT2H3,word_head_pos,1,0.5411063394041984
LT2H3,word_index,0,0.5387558869701727
LT2H3,word_index,1,0.5337142253351045
LT2H3,word_length,0,0.45566492168479567
LT2H3,word_length,1,0.4512658955309656
LT2H3,word_part_speech,0,0.47007016853564165
LT2H3,word_part_speech,1,0.47052265722342446
LT2H15,delta_volume,0,0.525965748200161
LT2H15,delta_volume,1,0.5609489775660115
LT2H15,face_num,0,0.5096339717668202
LT2H15,face_num,1,0.523217662978172
LT2H15,frame_brightness,0,0.5089809096893514
LT2H15,frame_brightness,1,0.47904454405818003
LT2H15,global_flow,0,0.5199941485637859
LT2H15,global_flow,1,0.5267859941694617
LT2H15,gpt2_surprisal,0,0.4918027648036112
LT2H15,gpt2_surprisal,1,0.5090436036487884
LT2H15,local_flow,0,0.4992319989968967
LT2H15,local_flow,1,0.48344357021201007
LT2H15,onset,0,0.5776360197694952
LT2H15,onset,1,0.5551288883316092
LT2H15,pitch,0,0.5046236795084793
LT2H15,pitch,1,0.5102504623679509
LT2H15,speech,0,0.5574851363071168
LT2H15,speech,1,0.5229773361336636
LT2H15,volume,0,0.49317158291798585
LT2H15,volume,1,0.4942687272081335
LT2H15,word_gap,0,0.5258194622948079
LT2H15,word_gap,1,0.5363624964734648
LT2H15,word_head_pos,0,0.5065802534925761
LT2H15,word_head_pos,1,0.5038295560222772
LT2H15,word_index,0,0.5159929356357928
LT2H15,word_index,1,0.5383105905083927
LT2H15,word_length,0,0.49574203525490323
LT2H15,word_length,1,0.511065483840632
LT2H15,word_part_speech,0,0.5005836448291692
LT2H15,word_part_speech,1,0.4543642206046298
LT1A11,delta_volume,0,0.5278517914798909
LT1A11,delta_volume,1,0.541743727991808
LT1A11,face_num,0,0.5024816358943816
LT1A11,face_num,1,0.5001880818783111
LT1A11,frame_brightness,0,0.5065097227882094
LT1A11,frame_brightness,1,0.5240431334440927
LT1A11,global_flow,0,0.5547422755817477
LT1A11,global_flow,1,0.5190014942060333
LT1A11,gpt2_surprisal,0,0.5273450153077751
LT1A11,gpt2_surprisal,1,0.5136986301369864
LT1A11,local_flow,0,0.49595623961631297
LT1A11,local_flow,1,0.46657889512345485
LT1A11,onset,0,0.6289719235551655
LT1A11,onset,1,0.5562417061116162
LT1A11,pitch,0,0.49373060405629915
LT1A11,pitch,1,0.5029622895833986
LT1A11,speech,0,0.5561110936961224
LT1A11,speech,1,0.5299781616041295
LT1A11,volume,0,0.511608831489086
LT1A11,volume,1,0.4929417050667168
LT1A11,word_gap,0,0.5092996039831562
LT1A11,word_gap,1,0.5148427948967117
LT1A11,word_head_pos,0,0.5159608371733384
LT1A11,word_head_pos,1,0.508233806672727
LT1A11,word_index,0,0.5588395121362154
LT1A11,word_index,1,0.5584319526627219
LT1A11,word_length,0,0.48250838531707474
LT1A11,word_length,1,0.5250880327680428
LT1A11,word_part_speech,0,0.47670666928978944
LT1A11,word_part_speech,1,0.4821168601219752
LF3aOFa9,delta_volume,0,0.49989551006760496
LF3aOFa9,delta_volume,1,0.4929364805700971
LF3aOFa9,face_num,0,0.5114677700803527
LF3aOFa9,face_num,1,0.5276846075880589
LF3aOFa9,frame_brightness,0,0.5543817853149849
LF3aOFa9,frame_brightness,1,0.4942060332486965
LF3aOFa9,global_flow,0,0.5133538133600828
LF3aOFa9,global_flow,1,0.5030615550191739
LF3aOFa9,gpt2_surprisal,0,0.4958256272008192
LF3aOFa9,gpt2_surprisal,1,0.49236701043854425
LF3aOFa9,local_flow,0,0.4978997523588602
LF3aOFa9,local_flow,1,0.490256313804165
LF3aOFa9,onset,0,0.5412369518196921
LF3aOFa9,onset,1,0.5686028651139462
LF3aOFa9,pitch,0,0.4933204810716487
LF3aOFa9,pitch,1,0.4917818668171322
LF3aOFa9,speech,0,0.5608183651505179
LF3aOFa9,speech,1,0.5523390071366624
LF3aOFa9,volume,0,0.4868342685182282
LF3aOFa9,volume,1,0.49511509566053313
LF3aOFa9,word_gap,0,0.5107206670637284
LF3aOFa9,word_gap,1,0.4689455920922019
LF3aOFa9,word_head_pos,0,0.5103654012935853
LF3aOFa9,word_head_pos,1,0.4828270796108795
LF3aOFa9,word_index,0,0.5340538582296823
LF3aOFa9,word_index,1,0.5210647868614902
LF3aOFa9,word_length,0,0.5446119766360511
LF3aOFa9,word_length,1,0.49312456244840813
LF3aOFa9,word_part_speech,0,0.5155157715260017
LF3aOFa9,word_part_speech,1,0.5172994950488556
LF3cIc6,delta_volume,0,0.48925321045317277
LF3cIc6,delta_volume,1,0.4847392453737082
LF3cIc6,face_num,0,0.4914004785638903
LF3cIc6,face_num,1,0.4950001567348986
LF3cIc6,frame_brightness,0,0.4995245708076027
LF3cIc6,frame_brightness,1,0.5150831217412203
LF3cIc6,global_flow,0,0.49326562385714134
LF3cIc6,global_flow,1,0.48836504602781516
LF3cIc6,gpt2_surprisal,0,0.4839973668537036
LF3cIc6,gpt2_surprisal,1,0.5029988610597369
LF3cIc6,local_flow,0,0.49444113559658526
LF3cIc6,local_flow,1,0.49793109933857876
LF3cIc6,onset,0,0.5491677376884737
LF3cIc6,onset,1,0.5732474426089047
LF3cIc6,pitch,0,0.5010135523442316
LF3cIc6,pitch,1,0.5136777321505073
LF3cIc6,speech,0,0.5849450905405265
LF3cIc6,speech,1,0.5518374554611664
LF3cIc6,volume,0,0.4939134614379905
LF3cIc6,volume,1,0.5009665318746539
LF3cIc6,word_gap,0,0.5127477717521917
LF3cIc6,word_gap,1,0.5239177455252186
LF3cIc6,word_head_pos,0,0.46380468741836733
LF3cIc6,word_head_pos,1,0.46825073404177503
LF3cIc6,word_index,0,0.49984150464919697
LF3cIc6,word_index,1,0.5292612607173047
LF3cIc6,word_length,0,0.49463966646813573
LF3cIc6,word_length,1,0.5001462859053529
LF3cIc6,word_part_speech,0,0.4804774083546462
LF3cIc6,word_part_speech,1,0.48815004262574596
LF3bOFb8,delta_volume,0,0.4976698745075912
LF3bOFb8,delta_volume,1,0.4902719872940242
LF3bOFb8,face_num,0,0.4803767906962164
LF3bOFb8,face_num,1,0.5085394397249825
LF3bOFb8,frame_brightness,0,0.4834017742390522
LF3bOFb8,frame_brightness,1,0.4789766256021233
LF3bOFb8,global_flow,0,0.5048431083665089
LF3bOFb8,global_flow,1,0.4934798282185512
LF3bOFb8,gpt2_surprisal,0,0.5045975570253806
LF3bOFb8,gpt2_surprisal,1,0.5024241664315643
LF3bOFb8,local_flow,0,0.4889501896492273
LF3bOFb8,local_flow,1,0.4959248926365945
LF3bOFb8,onset,0,0.5666332298883003
LF3bOFb8,onset,1,0.5547004796087898
LF3bOFb8,pitch,0,0.49275362318840576
LF3bOFb8,pitch,1,0.5101720949186546
LF3bOFb8,speech,0,0.5605989362924882
LF3bOFb8,speech,1,0.52703154551059
LF3bOFb8,volume,0,0.48560651181258685
LF3bOFb8,volume,1,0.4789348296291653
LF3bOFb8,word_gap,0,0.5038400050155167
LF3bOFb8,word_gap,1,0.5093413999561143
LF3bOFb8,word_head_pos,0,0.4921946020500925
LF3bOFb8,word_head_pos,1,0.500606041607891
LF3bOFb8,word_index,0,0.5058265909914261
LF3bOFb8,word_index,1,0.49457342108441005
LF3bOFb8,word_length,0,0.4919647241988234
LF3bOFb8,word_length,1,0.4956270963292687
LF3bOFb8,word_part_speech,0,0.4944783264476359
LF3bOFb8,word_part_speech,1,0.45277723129385533
LF2b4,delta_volume,0,0.5272353008787604
LF2b4,delta_volume,1,0.5270994639666468
LF2b4,face_num,0,0.5027219627388901
LF2b4,face_num,1,0.5205949656750571
LF2b4,frame_brightness,0,0.4917034993678359
LF2b4,frame_brightness,1,0.4716414323479933
LF2b4,global_flow,0,0.5174811656896858
LF2b4,global_flow,1,0.5388232343813673
LF2b4,gpt2_surprisal,0,0.4815627514288998
LF2b4,gpt2_surprisal,1,0.5066351107070833
LF2b4,local_flow,0,0.4890076591120446
LF2b4,local_flow,1,0.508045724794416
LF2b4,onset,0,0.5803527580117656
LF2b4,onset,1,0.5630910211801092
LF2b4,pitch,0,0.48395034638412593
LF2b4,pitch,1,0.48271736518186475
LF2b4,speech,0,0.5730541362339738
LF2b4,speech,1,0.5288287723477844
LF2b4,volume,0,0.488850924213452
LF2b4,volume,1,0.49477550338024934
LF2b4,word_gap,0,0.4716936773141908
LF2b4,word_gap,1,0.46910232699079446
LF2b4,word_head_pos,0,0.4998798365777457
LF2b4,word_head_pos,1,0.5077009080175126
LF2b4,word_index,0,0.5305971501026445
LF2b4,word_index,1,0.490663869097935
LF2b4,word_length,0,0.5190615759171604
LF2b4,word_length,1,0.5385332748189712
LF2b4,word_part_speech,0,0.5078955997114565
LF2b4,word_part_speech,1,0.5130893829103548
LF2e2,delta_volume,0,0.5161123475753111
LF2e2,delta_volume,1,0.530511060259344
LF2e2,face_num,0,0.49803558927097374
LF2e2,face_num,1,0.507648663051315
LF2e2,frame_brightness,0,0.5170501447185564
LF2e2,frame_brightness,1,0.5110393613575333
LF2e2,global_flow,0,0.5006478375808491
LF2e2,global_flow,1,0.5047020469577757
LF2e2,gpt2_surprisal,0,0.46534591392119373
LF2e2,gpt2_surprisal,1,0.5016613899250807
LF2e2,local_flow,0,0.4818344252531269
LF2e2,local_flow,1,0.5246282770655046
LF2e2,onset,0,0.5407980941036332
LF2e2,onset,1,0.5507821071439767
LF2e2,pitch,0,0.4967085671295571
LF2e2,pitch,1,0.5032235144143862
LF2e2,speech,0,0.542621443423926
LF2e2,speech,1,0.5349832293658506
LF2e2,volume,0,0.5038922499817142
LF2e2,volume,1,0.5290116297294756
LF2e2,word_gap,0,0.4759098460863295
LF2e2,word_gap,1,0.5004858781856368
LF2e2,word_head_pos,0,0.5170736549533452
LF2e2,word_head_pos,1,0.48777467790978346
LF2e2,word_index,0,0.49024876222678415
LF2e2,word_index,1,0.4914563458519502
LF2e2,word_length,0,0.488830026226973
LF2e2,word_length,1,0.5117916888707773
LF2e2,word_part_speech,0,0.4562102432946422
LF2e2,word_part_speech,1,0.4732966096137452
LF2c6,delta_volume,0,0.5047333939374941
LF2c6,delta_volume,1,0.507648663051315
LF2c6,face_num,0,0.47129139107446993
LF2c6,face_num,1,0.4772473172209858
LF2c6,frame_brightness,0,0.4962383624337795
LF2c6,frame_brightness,1,0.49754448658871725
LF2c6,global_flow,0,0.47642184675506516
LF2c6,global_flow,1,0.48612896147456186
LF2c6,gpt2_surprisal,0,0.530364774353991
LF2c6,gpt2_surprisal,1,0.5269113820883358
LF2c6,local_flow,0,0.49885061074365483
LF2c6,local_flow,1,0.5383373561957304
LF2c6,onset,0,0.5436088732850589
LF2c6,onset,1,0.5653950241894193
LF2c6,pitch,0,0.4543222260535198
LF2c6,pitch,1,0.4698180830277003
LF2c6,speech,0,0.5407040531644776
LF2c6,speech,1,0.5126537308130361
LF2c6,volume,0,0.4908466819221968
LF2c6,volume,1,0.5418168709444845
LF2c6,word_gap,0,0.46703342632937317
LF2c6,word_gap,1,0.46450999446203356
LF2c6,word_head_pos,0,0.521248027752526
LF2c6,word_head_pos,1,0.5017084103946584
LF2c6,word_index,0,0.5295707040212535
LF2c6,word_index,1,0.506294529646178
LF2c6,word_length,0,0.526091136119035
LF2c6,word_length,1,0.5174811656896858
LF2c6,word_part_speech,0,0.4969047150632828
LF2c6,word_part_speech,1,0.5243360220342318
LF2aIa2,delta_volume,0,0.5253701555855094
LF2aIa2,delta_volume,1,0.5186357794426506
LF2aIa2,face_num,0,0.4766569491029539
LF2aIa2,face_num,1,0.4735379246209628
LF2aIa2,frame_brightness,0,0.5244454196838134
LF2aIa2,frame_brightness,1,0.497675099004211
LF2aIa2,global_flow,0,0.5109296469285185
LF2aIa2,global_flow,1,0.5127373227589522
LF2aIa2,gpt2_surprisal,0,0.48618120644075946
LF2aIa2,gpt2_surprisal,1,0.4784489514435284
LF2aIa2,local_flow,0,0.4926412965110812
LF2aIa2,local_flow,1,0.48585206315371515
LF2aIa2,onset,0,0.5963344931715829
LF2aIa2,onset,1,0.562803673866023
LF2aIa2,pitch,0,0.47085253335841093
LF2aIa2,pitch,1,0.49436276814728897
LF2aIa2,speech,0,0.5773303867172397
LF2aIa2,speech,1,0.5767635288339968
LF2aIa2,volume,0,0.4967869345788533
LF2aIa2,volume,1,0.4890076591120446
LF2aIa2,word_gap,0,0.49128031514163617
LF2aIa2,word_gap,1,0.47395065985392304
LF2aIa2,word_head_pos,0,0.49504717720447633
LF2aIa2,word_head_pos,1,0.4830569574621485
LF2aIa2,word_index,0,0.5103550295857988
LF2aIa2,word_index,1,0.4825428692186934
LF2aIa2,word_length,0,0.48771198395034643
LF2aIa2,word_length,1,0.5113894026310565
LF2aIa2,word_part_speech,0,0.4931011869630796
LF2aIa2,word_part_speech,1,0.4873172011279428
LF2aIa14,delta_volume,0,0.5184111260880014
LF2aIa14,delta_volume,1,0.5423288716132201
LF2aIa14,face_num,0,0.5174602677032069
LF2aIa14,face_num,1,0.5126903022893744
LF2aIa14,frame_brightness,0,0.4843996530934245
LF2aIa14,frame_brightness,1,0.4930618684889711
LF2aIa14,global_flow,0,0.5086047459327294
LF2aIa14,global_flow,1,0.5054700479608789
LF2aIa14,gpt2_surprisal,0,0.5243461542480382
LF2aIa14,gpt2_surprisal,1,0.49285811312080086
LF2aIa14,local_flow,0,0.51131625967838
LF2aIa14,local_flow,1,0.4894099453517654
LF2aIa14,onset,0,0.5807602687481062
LF2aIa14,onset,1,0.5756585477989196
LF2aIa14,pitch,0,0.48414365275905663
LF2aIa14,pitch,1,0.5038661274986155
LF2aIa14,speech,0,0.5735191164331317
LF2aIa14,speech,1,0.5679289050499983
LF2aIa14,volume,0,0.5114677700803527
LF2aIa14,volume,1,0.5058148647377825
LF2aIa14,word_gap,0,0.5147748764406549
LF2aIa14,word_gap,1,0.4813485470674901
LF2aIa14,word_head_pos,0,0.507439683186525
LF2aIa14,word_head_pos,1,0.4805074031117102
LF2aIa14,word_index,0,0.5164835164835164
LF2aIa14,word_index,1,0.5096078372177273
LF2aIa14,word_length,0,0.5110759328338714
LF2aIa14,word_length,1,0.49468668693771356
LF2aIa14,word_part_speech,0,0.45991212538527115
LF2aIa14,word_part_speech,1,0.4662535248212998
LF1aCaOF10,delta_volume,0,0.5190641881654702
LF1aCaOF10,delta_volume,1,0.5134112828229
LF1aCaOF10,face_num,0,0.5123245875259919
LF1aCaOF10,face_num,1,0.48968684367261217
LF1aCaOF10,frame_brightness,0,0.4964003218289918
LF1aCaOF10,frame_brightness,1,0.4928006436579836
LF1aCaOF10,global_flow,0,0.49829158960534153
LF1aCaOF10,global_flow,1,0.5111960962561257
LF1aCaOF10,gpt2_surprisal,0,0.496207015454061
LF1aCaOF10,gpt2_surprisal,1,0.5296176713373666
LF1aCaOF10,local_flow,0,0.47364241455335787
LF1aCaOF10,local_flow,1,0.5090436036487884
LF1aCaOF10,onset,0,0.5431229950994223
LF1aCaOF10,onset,1,0.5386090300199575
LF1aCaOF10,pitch,0,0.4612342350814499
LF1aCaOF10,pitch,1,0.47798919574099036
LF1aCaOF10,speech,0,0.5507664336541174
LF1aCaOF10,speech,1,0.5133224663803643
LF1aCaOF10,volume,0,0.5155115304640397
LF1aCaOF10,volume,1,0.5195396173578677
LF1aCaOF10,word_gap,0,0.4505971599636376
LF1aCaOF10,word_gap,1,0.47813548164634334
LF1aCaOF10,word_head_pos,0,0.48278528363792145
LF1aCaOF10,word_head_pos,1,0.47981254506128324
LF1aCaOF10,word_index,0,0.51600048303345
LF1aCaOF10,word_index,1,0.49148653544257936
LF1aCaOF10,word_length,0,0.5001410614087333
LF1aCaOF10,word_length,1,0.5199889240671661
LF1aCaOF10,word_part_speech,0,0.4991737163092662
LF1aCaOF10,word_part_speech,1,0.49220276739458324
LF1bIb6,delta_volume,0,0.5003918372464813
LF1bIb6,delta_volume,1,0.5293877934860977
LF1bIb6,face_num,0,0.4874716571058379
LF1bIb6,face_num,1,0.5119170767896514
LF1bIb6,frame_brightness,0,0.5251507267274799
LF1bIb6,frame_brightness,1,0.5272666478584789
LF1bIb6,global_flow,0,0.4985946104092871
LF1bIb6,global_flow,1,0.507523275132441
LF1bIb6,gpt2_surprisal,0,0.5152921016060104
LF1bIb6,gpt2_surprisal,1,0.5294609364387741
LF1bIb6,local_flow,0,0.4680313051837456
LF1bIb6,local_flow,1,0.4880881477069684
LF1bIb6,onset,0,0.5850600294661609
LF1bIb6,onset,1,0.5495334524518563
LF1bIb6,pitch,0,0.48537140946469803
LF1bIb6,pitch,1,0.5007105315402861
LF1bIb6,speech,0,0.532313511593158
LF1bIb6,speech,1,0.520179618193787
LF1bIb6,volume,0,0.5054752724574987
LF1bIb6,volume,1,0.5043624546774919
LF1bIb6,word_gap,0,0.47698609238999823
LF1bIb6,word_gap,1,0.4928163171478428
LF1bIb6,word_head_pos,0,0.5256522784029759
LF1bIb6,word_head_pos,1,0.5238550515657816
LF1bIb6,word_index,0,0.5459485569375679
LF1bIb6,word_index,1,0.48817322787103007
LF1bIb6,word_length,0,0.512658955309656
LF1bIb6,word_length,1,0.5117394439045798
LF1bIb6,word_part_speech,0,0.4789625549216342
LF1bIb6,word_part_speech,1,0.46055479047806414
LF1cCb2,delta_volume,0,0.5208875374857633
LF1cCb2,delta_volume,1,0.5264620753790372
LF1cCb2,face_num,0,0.49896032517266964
LF1cCb2,face_num,1,0.47992748398691787
LF1cCb2,frame_brightness,0,0.49555917787321196
LF1cCb2,frame_brightness,1,0.5080143778146975
LF1cCb2,global_flow,0,0.5235938267347942
LF1cCb2,global_flow,1,0.4945508500256
LF1cCb2,gpt2_surprisal,0,0.5057312727918666
LF1cCb2,gpt2_surprisal,1,0.5101720949186546
LF1cCb2,local_flow,0,0.46748273303867166
LF1cCb2,local_flow,1,0.49472848291067156
LF1cCb2,onset,0,0.5673855574015443
LF1cCb2,onset,1,0.5635089809096894
LF1cCb2,pitch,0,0.4908675799086758
LF1cCb2,pitch,1,0.5031399224684702
LF1cCb2,speech,0,0.5657502899595623
LF1cCb2,speech,1,0.530761836097092
LF1cCb2,volume,0,0.507418785200046
LF1cCb2,volume,1,0.47449400750237714
LF1cCb2,word_gap,0,0.5124969959144436
LF1cCb2,word_gap,1,0.4942008087520767
LF1cCb2,word_head_pos,0,0.5297900797258184
LF1cCb2,word_head_pos,1,0.5087510318380825
LF1cCb2,word_index,0,0.5166872962202633
LF1cCb2,word_index,1,0.5308914986112787
LF1cCb2,word_length,0,0.49748179262928016
LF1cCb2,word_length,1,0.49214758158051464
LF1cCb2,word_part_speech,0,0.5154567512623778
LF1cCb2,word_part_speech,1,0.49962620499704896
RF3aOFa3,delta_volume,0,0.5159869596564371
RF3aOFa3,delta_volume,1,0.5109636061565468
RF3aOFa3,face_num,0,0.4863901863055495
RF3aOFa3,face_num,1,0.49370448157320046
RF3aOFa3,frame_brightness,0,0.45626051429944725
RF3aOFa3,frame_brightness,1,0.447023604275728
RF3aOFa3,global_flow,0,0.4844832450393405
RF3aOFa3,global_flow,1,0.5410227474582824
RF3aOFa3,gpt2_surprisal,0,0.48351148866806687
RF3aOFa3,gpt2_surprisal,1,0.4822941809556649
RF3aOFa3,local_flow,0,0.4703771041660136
RF3aOFa3,local_flow,1,0.5020427781783225
RF3aOFa3,onset,0,0.5489901048034022
RF3aOFa3,onset,1,0.5148062234203734
RF3aOFa3,pitch,0,0.5028839221341024
RF3aOFa3,pitch,1,0.46164697031441027
RF3aOFa3,speech,0,0.5493662685600242
RF3aOFa3,speech,1,0.5200725160130821
RF3aOFa3,volume,0,0.48269646719538567
RF3aOFa3,volume,1,0.5152085096600942
RF3aOFa3,word_gap,0,0.5314619186441386
RF3aOFa3,word_gap,1,0.5311014283773758
RF3aOFa3,word_head_pos,0,0.493631338620524
RF3aOFa3,word_head_pos,1,0.4781407061429631
RF3aOFa3,word_index,0,0.5278574447530492
RF3aOFa3,word_index,1,0.47796914623837705
RF3aOFa3,word_length,0,0.4704842063467185
RF3aOFa3,word_length,1,0.5078001734532878
RF3aOFa3,word_part_speech,0,0.47416224014689484
RF3aOFa3,word_part_speech,1,0.4372155551183684
RF3aOFa15,delta_volume,0,0.47281171959081736
RF3aOFa15,delta_volume,1,0.4961051377699759
RF3aOFa15,face_num,0,0.48212177256721317
RF3aOFa15,face_num,1,0.5211748847998495
RF3aOFa15,frame_brightness,0,0.5186671264223692
RF3aOFa15,frame_brightness,1,0.5293930179827173
RF3aOFa15,global_flow,0,0.533823391116266
RF3aOFa15,global_flow,1,0.5278256689967922
RF3aOFa15,gpt2_surprisal,0,0.5052140476265112
RF3aOFa15,gpt2_surprisal,1,0.4993051419495732
RF3aOFa15,local_flow,0,0.5080352758011766
RF3aOFa15,local_flow,1,0.5107363405535876
RF3aOFa15,onset,0,0.5299154676446924
RF3aOFa15,onset,1,0.5293773444928581
RF3aOFa15,pitch,0,0.5047333939374941
RF3aOFa15,pitch,1,0.5193672089694157
RF3aOFa15,speech,0,0.5277943220170737
RF3aOFa15,speech,1,0.5266658307472075
RF3aOFa15,volume,0,0.4994044073853484
RF3aOFa15,volume,1,0.5008254704659206
RF3aOFa15,word_gap,0,0.5029204936104407
RF3aOFa15,word_gap,1,0.4817038128376331
RF3aOFa15,word_head_pos,0,0.49127509064501634
RF3aOFa15,word_head_pos,1,0.4960764030385672
RF3aOFa15,word_index,0,0.5361218451877792
RF3aOFa15,word_index,1,0.5372162178480859
RF3aOFa15,word_length,0,0.47749286856211404
RF3aOFa15,word_length,1,0.5059820486296145
RF3aOFa15,word_part_speech,0,0.47271296478457603
RF3aOFa15,word_part_speech,1,0.49549806544691455
RF3bOFb11,delta_volume,0,0.511211769745985
RF3bOFb11,delta_volume,1,0.5202344754082944
RF3bOFb11,face_num,0,0.48806202522386966
RF3bOFb11,face_num,1,0.529356446506379
RF3bOFb11,frame_brightness,0,0.48191279270242315
RF3bOFb11,frame_brightness,1,0.5200934139995611
RF3bOFb11,global_flow,0,0.512429077458387
RF3bOFb11,global_flow,1,0.5094458898885093
RF3bOFb11,gpt2_surprisal,0,0.509576502304003
RF3bOFb11,gpt2_surprisal,1,0.5459233252876086
RF3bOFb11,local_flow,0,0.4918027648036112
RF3bOFb11,local_flow,1,0.5305659174738514
RF3bOFb11,onset,0,0.5582505250619103
RF3bOFb11,onset,1,0.5499618611746758
RF3bOFb11,pitch,0,0.44639144018473825
RF3bOFb11,pitch,1,0.46542428137048997
RF3bOFb11,speech,0,0.5482377772901581
RF3bOFb11,speech,1,0.4926125617796725
RF3bOFb11,volume,0,0.49547036143067613
RF3bOFb11,volume,1,0.48382495846525186
RF3bOFb11,word_gap,0,0.47940503432494286
RF3bOFb11,word_gap,1,0.49766987450759126
RF3bOFb11,word_head_pos,0,0.5171467979060218
RF3bOFb11,word_head_pos,1,0.5240143987126841
RF3bOFb11,word_index,0,0.4800069436058447
RF3bOFb11,word_index,1,0.46096485931650766
RF3bOFb11,word_length,0,0.49401272687376574
RF3bOFb11,word_length,1,0.492309540975727
RF3bOFb11,word_part_speech,0,0.4989704242901174
RF3bOFb11,word_part_speech,1,0.4994360285920388
RF2I7,delta_volume,0,0.5012852261684586
RF2I7,delta_volume,1,0.5092473590169587
RF2I7,face_num,0,0.4827487121615832
RF2I7,face_num,1,0.5261695035683313
RF2I7,frame_brightness,0,0.5011128177800068
RF2I7,frame_brightness,1,0.5082024596930086
RF2I7,global_flow,0,0.49682873055181137
RF2I7,global_flow,1,0.4800006269395944
RF2I7,gpt2_surprisal,0,0.48847476045683
RF2I7,gpt2_surprisal,1,0.4971526493422359
RF2I7,local_flow,0,0.47628600984295166
RF2I7,local_flow,1,0.481160465189179
RF2I7,onset,0,0.516828103612217
RF2I7,onset,1,0.5143412432212157
RF2I7,pitch,0,0.48133809807425054
RF2I7,pitch,1,0.4955330553901132
RF2I7,speech,0,0.5241894193494456
RF2I7,speech,1,0.4991379580577412
RF2I7,volume,0,0.5272405253753801
RF2I7,volume,1,0.5057260482952468
RF2I7,word_gap,0,0.501530777509587
RF2I7,word_gap,1,0.5020009822053646
RF2I7,word_head_pos,0,0.49129598863149526
RF2I7,word_head_pos,1,0.5110236878676739
RF2I7,word_index,0,0.48677695930443177
RF2I7,word_index,1,0.4814484965583867
RF2I7,word_length,0,0.5017763288507153
RF2I7,word_length,1,0.497925874841959
RF2I7,word_part_speech,0,0.48022821168601215
RF2I7,word_part_speech,1,0.482693947144075
RF1aCaOF6,delta_volume,0,0.520370312320408
RF1aCaOF6,delta_volume,1,0.5175125126694043
RF1aCaOF6,face_num,0,0.4890546795816223
RF1aCaOF6,face_num,1,0.5110236878676739
RF1aCaOF6,frame_brightness,0,0.4726863316719434
RF1aCaOF6,frame_brightness,1,0.46652665015725736
RF1aCaOF6,global_flow,0,0.5234997857956386
RF1aCaOF6,global_flow,1,0.518588758973073
RF1aCaOF6,gpt2_surprisal,0,0.5189179022601172
RF1aCaOF6,gpt2_surprisal,1,0.5181081052840559
RF1aCaOF6,local_flow,0,0.4675872229710667
RF1aCaOF6,local_flow,1,0.5179618193787028
RF1aCaOF6,onset,0,0.5759798543410343
RF1aCaOF6,onset,1,0.5284108126182042
RF1aCaOF6,pitch,0,0.4466317670292468
RF1aCaOF6,pitch,1,0.4664639561978204
RF1aCaOF6,speech,0,0.5348839639300753
RF1aCaOF6,speech,1,0.4985475899397093
RF1aCaOF6,volume,0,0.4860244715421669
RF1aCaOF6,volume,1,0.49929991745295343
RF1aCaOF6,word_gap,0,0.4803297702266387
RF1aCaOF6,word_gap,1,0.4838824279280691
RF1aCaOF6,word_head_pos,0,0.4798073205646636
RF1aCaOF6,word_head_pos,1,0.5023196764991693
RF1aCaOF6,word_index,0,0.5228988044922112
RF1aCaOF6,word_index,1,0.47088213983818383
RF1aCaOF6,word_length,0,0.4860244715421669
RF1aCaOF6,word_length,1,0.5420519732923732
RF1aCaOF6,word_part_speech,0,0.5124860646599777
RF1aCaOF6,word_part_speech,1,0.5048593350383632
RF1bCb2,delta_volume,0,0.4914109275571299
RF1bCb2,delta_volume,1,0.5305894277086403
RF1bCb2,face_num,0,0.4910347638005078
RF1bCb2,face_num,1,0.49172439735431495
RF1bCb2,frame_brightness,0,0.5244532564287431
RF1bCb2,frame_brightness,1,0.4762807853463319
RF1bCb2,global_flow,0,0.49529795304222435
RF1bCb2,global_flow,1,0.5196545562835021
RF1bCb2,gpt2_surprisal,0,0.5259082787373437
RF1bCb2,gpt2_surprisal,1,0.5100623804896398
RF1bCb2,local_flow,0,0.4744678850192784
RF1bCb2,local_flow,1,0.4966928936396978
RF1bCb2,onset,0,0.5777405097018903
RF1bCb2,onset,1,0.5610743654848855
RF1bCb2,pitch,0,0.4519659780780122
RF1bCb2,pitch,1,0.48113956720270007
RF1bCb2,speech,0,0.5382276417667158
RF1bCb2,speech,1,0.5231863159984537
RF1bCb2,volume,0,0.5001567348985926
RF1bCb2,volume,1,0.5506462702318632
RF1bCb2,word_gap,0,0.49260211278643307
RF1bCb2,word_gap,1,0.4989812231591486
RF1bCb2,word_head_pos,0,0.4854288789275154
RF1bCb2,word_head_pos,1,0.4819232416956626
RF1bCb2,word_index,0,0.511804129935998
RF1bCb2,word_index,1,0.521479893732641
RF1bCb2,word_length,0,0.4929312560734773
RF1bCb2,word_length,1,0.5307513871038525
RF1bCb2,word_part_speech,0,0.5079087153255951
RF1bCb2,word_part_speech,1,0.5119089776378779
LT2H4,delta_volume,0,0.5296072223441272
LT2H4,delta_volume,1,0.5465972853515564
LT2H4,face_num,0,0.49174007084417415
LT2H4,face_num,1,0.4653145669414751
LT2H4,frame_brightness,0,0.45314671431407577
LT2H4,frame_brightness,1,0.49643689330533003
LT2H4,global_flow,0,0.5157466328119286
LT2H4,global_flow,1,0.5039915154174895
LT2H4,gpt2_surprisal,0,0.4905593346081105
LT2H4,gpt2_surprisal,1,0.49507329968757513
LT2H4,local_flow,0,0.5139389569814948
LT2H4,local_flow,1,0.5267076267201655
LT2H4,onset,0,0.5314932656238571
LT2H4,onset,1,0.5470570410540945
LT2H4,pitch,0,0.4951359936470121
LT2H4,pitch,1,0.4954285654577182
LT2H4,speech,0,0.5496379423842512
LT2H4,speech,1,0.5725578090550976
LT2H4,volume,0,0.5084192763027282
LT2H4,volume,1,0.5170057364972884
LT2H4,word_gap,0,0.49895510067604987
LT2H4,word_gap,1,0.5415190746371588
LT2H4,word_head_pos,0,0.4965048117613868
LT2H4,word_head_pos,1,0.5062798449369404
LT2H4,word_index,0,0.5050869460210119
LT2H4,word_index,1,0.49610554280883956
LT2H4,word_length,0,0.4684335914234663
LT2H4,word_length,1,0.48647900274808525
LT2H4,word_part_speech,0,0.4589284543248737
LT2H4,word_part_speech,1,0.5029903600236081
LT2H16,delta_volume,0,0.5109296469285184
LT2H16,delta_volume,1,0.5532219470654003
LT2H16,face_num,0,0.5086987868718849
LT2H16,face_num,1,0.5171885938789798
LT2H16,frame_brightness,0,0.509618298276961
LT2H16,frame_brightness,1,0.4755702538060458
LT2H16,global_flow,0,0.5207778230567485
LT2H16,global_flow,1,0.5264934223587557
LT2H16,gpt2_surprisal,0,0.4872731262342873
LT2H16,gpt2_surprisal,1,0.5226272948601403
LT2H16,local_flow,0,0.515485407980941
LT2H16,local_flow,1,0.4637367689623105
LT2H16,onset,0,0.5693133966542324
LT2H16,onset,1,0.5333584109171081
LT2H16,pitch,0,0.5048849043394668
LT2H16,pitch,1,0.5001201634222543
LT2H16,speech,0,0.5563827675203494
LT2H16,speech,1,0.5170109609939082
LT2H16,volume,0,0.49432097217433096
LT2H16,volume,1,0.4902510893075452
LT2H16,word_gap,0,0.5136098136944506
LT2H16,word_gap,1,0.5175334106558832
LT2H16,word_head_pos,0,0.5022987785126903
LT2H16,word_head_pos,1,0.4985162429599908
LT2H16,word_index,0,0.5194798333534598
LT2H16,word_index,1,0.5344010385219177
LT2H16,word_length,0,0.4984065285309761
LT2H16,word_length,1,0.5234945612990188
LT2H16,word_part_speech,0,0.48898944193061833
LT2H16,word_part_speech,1,0.45607580824972127
LT1A12,delta_volume,0,0.5447425890515449
LT1A12,delta_volume,1,0.5455837330073248
LT1A12,face_num,0,0.46548175083330723
LT1A12,face_num,1,0.5156630408660126
LT1A12,frame_brightness,0,0.520683782117593
LT1A12,frame_brightness,1,0.4962644849168783
LT1A12,global_flow,0,0.5209815784249188
LT1A12,global_flow,1,0.5184267995778608
LT1A12,gpt2_surprisal,0,0.5350511478219074
LT1A12,gpt2_surprisal,1,0.531791061931183
LT1A12,local_flow,0,0.497884078869001
LT1A12,local_flow,1,0.47894527862240466
LT1A12,onset,0,0.638433486933534
LT1A12,onset,1,0.6315371513954632
LT1A12,pitch,0,0.4932395013740426
LT1A12,pitch,1,0.49309321546868956
LT1A12,speech,0,0.5588278319383927
LT1A12,speech,1,0.5760164258173724
LT1A12,volume,0,0.48944912907641347
LT1A12,volume,1,0.5184267995778606
LT1A12,word_gap,0,0.49134823359769286
LT1A12,word_gap,1,0.49168782587797666
LT1A12,word_head_pos,0,0.5159138167037606
LT1A12,word_head_pos,1,0.5019748597222657
LT1A12,word_index,0,0.5661152034778407
LT1A12,word_index,1,0.586553556333776
LT1A12,word_length,0,0.5489587578236838
LT1A12,word_length,1,0.4975967315549147
LT1A12,word_part_speech,0,0.49834087481146305
LT1A12,word_part_speech,1,0.48416289592760187
LF3aOFa10,delta_volume,0,0.5379220087144604
LF3aOFa10,delta_volume,1,0.5383112337126318
LF3aOFa10,face_num,0,0.4823464259218625
LF3aOFa10,face_num,1,0.5010031033509921
LF3aOFa10,frame_brightness,0,0.4826651202156672
LF3aOFa10,frame_brightness,1,0.48272258967848447
LF3aOFa10,global_flow,0,0.4694523682643177
LF3aOFa10,global_flow,1,0.4651996280158407
LF3aOFa10,gpt2_surprisal,0,0.5104071972665434
LF3aOFa10,gpt2_surprisal,1,0.5095451553242845
LF3aOFa10,local_flow,0,0.509701890222877
LF3aOFa10,local_flow,1,0.49018317085148844
LF3aOFa10,onset,0,0.5305267337492033
LF3aOFa10,onset,1,0.5404846243064481
LF3aOFa10,pitch,0,0.44789087071460665
LF3aOFa10,pitch,1,0.4594735797205939
LF3aOFa10,speech,0,0.5534204779369507
LF3aOFa10,speech,1,0.5632947765482795
LF3aOFa10,volume,0,0.46359048305695744
LF3aOFa10,volume,1,0.5076956835208928
LF3aOFa10,word_gap,0,0.5138292425524801
LF3aOFa10,word_gap,1,0.5205531697020993
LF3aOFa10,word_head_pos,0,0.49673468961265577
LF3aOFa10,word_head_pos,1,0.5108094835062642
LF3aOFa10,word_index,0,0.5386124864146842
LF3aOFa10,word_index,1,0.5193892645815723
LF3aOFa10,word_length,0,0.5078680919093446
LF3aOFa10,word_length,1,0.4879679842847141
LF3aOFa10,word_part_speech,0,0.4817824119614401
LF3aOFa10,word_part_speech,1,0.5075021312872976
LF3cIc7,delta_volume,0,0.5266083612843903
LF3cIc7,delta_volume,1,0.49277452117488474
LF3cIc7,face_num,0,0.47008453235530756
LF3cIc7,face_num,1,0.48202250713143785
LF3cIc7,frame_brightness,0,0.5011702872428242
LF3cIc7,frame_brightness,1,0.4924819493641788
LF3cIc7,global_flow,0,0.49629583189659676
LF3cIc7,global_flow,1,0.5131918539648705
LF3cIc7,gpt2_surprisal,0,0.4970168124301224
LF3cIc7,gpt2_surprisal,1,0.5124134039685275
LF3cIc7,local_flow,0,0.5116558519586638
LF3cIc7,local_flow,1,0.4941590127791187
LF3cIc7,onset,0,0.5230818260660585
LF3cIc7,onset,1,0.5614975497110853
LF3cIc7,pitch,0,0.4832084678641213
LF3cIc7,pitch,1,0.4874037386497811
LF3cIc7,speech,0,0.5515553326436998
LF3cIc7,speech,1,0.5577463611381043
LF3cIc7,volume,0,0.516807205625738
LF3cIc7,volume,1,0.4913639070875521
LF3cIc7,word_gap,0,0.5172774103215155
LF3cIc7,word_gap,1,0.5040751073634056
LF3cIc7,word_head_pos,0,0.5181760237401127
LF3cIc7,word_head_pos,1,0.5005067761721158
LF3cIc7,word_index,0,0.4749652819707765
LF3cIc7,word_index,1,0.5156155657529283
LF3cIc7,word_length,0,0.47873629875761475
LF3cIc7,word_length,1,0.486546921204142
LF3cIc7,word_part_speech,0,0.4902747721162043
LF3cIc7,word_part_speech,1,0.46413535313791066
LF3bOFb9,delta_volume,0,0.49687575102138914
LF3bOFb9,delta_volume,1,0.48585206315371515
LF3bOFb9,face_num,0,0.4665501603920462
LF3bOFb9,face_num,1,0.5009874298611329
LF3bOFb9,frame_brightness,0,0.5056424563493308
LF3bOFb9,frame_brightness,1,0.4953449735118021
LF3bOFb9,global_flow,0,0.5021524926073373
LF3bOFb9,global_flow,1,0.4772995621871833
LF3bOFb9,gpt2_surprisal,0,0.5369842115712151
LF3bOFb9,gpt2_surprisal,1,0.4965570567275843
LF3bOFb9,local_flow,0,0.4811918121688975
LF3bOFb9,local_flow,1,0.4837570400091951
LF3bOFb9,onset,0,0.5751648328683532
LF3bOFb9,onset,1,0.5611788554172805
LF3bOFb9,pitch,0,0.5090279301589292
LF3bOFb9,pitch,1,0.54547401857831
LF3bOFb9,speech,0,0.5829702308182607
LF3bOFb9,speech,1,0.5394449494791177
LF3bOFb9,volume,0,0.48443622456976276
LF3bOFb9,volume,1,0.46301578842878494
LF3bOFb9,word_gap,0,0.5137195281234653
LF3bOFb9,word_gap,1,0.5154749589877016
LF3bOFb9,word_head_pos,0,0.4941328902960199
LF3bOFb9,word_head_pos,1,0.5041952707856598
LF3bOFb9,word_index,0,0.5154193334138388
LF3bOFb9,word_index,1,0.5071473855814516
LF3bOFb9,word_length,0,0.5063582123862366
LF3bOFb9,word_length,1,0.5128104657116287
LF3bOFb9,word_part_speech,0,0.47113909108794017
LF3bOFb9,word_part_speech,1,0.4668437274575382
LF2b5,delta_volume,0,0.5209711294316793
LF2b5,delta_volume,1,0.5202135774218155
LF2b5,face_num,0,0.49439933962362725
LF2b5,face_num,1,0.5023536357271977
LF2b5,frame_brightness,0,0.48418544873201463
LF2b5,frame_brightness,1,0.4849691232249773
LF2b5,global_flow,0,0.5219951307691504
LF2b5,global_flow,1,0.5259709726967807
LF2b5,gpt2_surprisal,0,0.494425462106726
LF2b5,gpt2_surprisal,1,0.503876576491855
LF2b5,local_flow,0,0.4400332277985016
LF2b5,local_flow,1,0.5100676049862596
LF2b5,onset,0,0.5460905091794406
LF2b5,onset,1,0.5563723185271099
LF2b5,pitch,0,0.47026216524037906
LF2b5,pitch,1,0.4887150873013385
LF2b5,speech,0,0.5537026007544174
LF2b5,speech,1,0.5347324535281026
LF2b5,volume,0,0.4930148480193934
LF2b5,volume,1,0.4979415483318182
LF2b5,word_gap,0,0.4540714502157717
LF2b5,word_gap,1,0.4842585916846912
LF2b5,word_head_pos,0,0.469718817591925
LF2b5,word_head_pos,1,0.47474478334012515
LF2b5,word_index,0,0.5468466972587851
LF2b5,word_index,1,0.49861882622871634
LF2b5,word_length,0,0.4941381147926397
LF2b5,word_length,1,0.519173902594485
LF2b5,word_part_speech,0,0.5106433208735
LF2b5,word_part_speech,1,0.5061446652239492
LF2e3,delta_volume,0,0.504294536221435
LF2e3,delta_volume,1,0.515401816035025
LF2e3,face_num,0,0.49567934129546626
LF2e3,face_num,1,0.49975444865887175
LF2e3,frame_brightness,0,0.5257463193421315
LF2e3,frame_brightness,1,0.4913743560807916
LF2e3,global_flow,0,0.4691284494738932
LF2e3,global_flow,1,0.463893503860903
LF2e3,gpt2_surprisal,0,0.48229940545228467
LF2e3,gpt2_surprisal,1,0.5107363405535876
LF2e3,local_flow,0,0.4696874706122065
LF2e3,local_flow,1,0.5126955267859943
LF2e3,onset,0,0.5542616218927306
LF2e3,onset,1,0.5547631735682268
LF2e3,pitch,0,0.5007575520098639
LF2e3,pitch,1,0.5172983083079945
LF2e3,speech,0,0.5603742829378389
LF2e3,speech,1,0.5067239271496191
LF2e3,volume,0,0.49656228122420404
LF2e3,volume,1,0.524184194852826
LF2e3,word_gap,0,0.48289499806693625
LF2e3,word_gap,1,0.4887986792472545
LF2e3,word_head_pos,0,0.5090749506285069
LF2e3,word_head_pos,1,0.4823882218948205
LF2e3,word_index,0,0.485207100591716
LF2e3,word_index,1,0.5045510807873446
LF2e3,word_length,0,0.5248372569302948
LF2e3,word_length,1,0.528165261277076
LF2e3,word_part_speech,0,0.4671388287756574
LF2e3,word_part_speech,1,0.4602203423175291
LF2c7,delta_volume,0,0.5075284996290608
LF2c7,delta_volume,1,0.5155794489200966
LF2c7,face_num,0,0.469551633700093
LF2c7,face_num,1,0.4674879575352915
LF2c7,frame_brightness,0,0.48274871216158316
LF2c7,frame_brightness,1,0.4919490507089642
LF2c7,global_flow,0,0.48717386079851205
LF2c7,global_flow,1,0.4718242897296846
LF2c7,gpt2_surprisal,0,0.5244036237108554
LF2c7,gpt2_surprisal,1,0.512193975110498
LF2c7,local_flow,0,0.47252437227673116
LF2c7,local_flow,1,0.49914318255436085
LF2c7,onset,0,0.5622968976939072
LF2c7,onset,1,0.5463830809901467
LF2c7,pitch,0,0.45186148814561716
LF2c7,pitch,1,0.47148469744940075
LF2c7,speech,0,0.5533786819639929
LF2c7,speech,1,0.49717877182533465
LF2c7,volume,0,0.4935738691577066
LF2c7,volume,1,0.541367564235186
LF2c7,word_gap,0,0.4558947995360647
LF2c7,word_gap,1,0.4771480517852104
LF2c7,word_head_pos,0,0.5540265195448419
LF2c7,word_head_pos,1,0.5313522042151239
LF2c7,word_index,0,0.5166042748460331
LF2c7,word_index,1,0.511668276778167
LF2c7,word_length,0,0.49965518322309643
LF2c7,word_length,1,0.49492701378222215
LF2c7,word_part_speech,0,0.4854219948849105
LF2c7,word_part_speech,1,0.51764050101646
LF2aIa3,delta_volume,0,0.5464353259563441
LF2aIa3,delta_volume,1,0.5501525553012967
LF2aIa3,face_num,0,0.5084741335172356
LF2aIa3,face_num,1,0.48187622122608487
LF2aIa3,frame_brightness,0,0.5031817184414282
LF2aIa3,frame_brightness,1,0.47089955382798865
LF2aIa3,global_flow,0,0.4856274097990659
LF2aIa3,global_flow,1,0.4794154833181823
LF2aIa3,gpt2_surprisal,0,0.5217130079516838
LF2aIa3,gpt2_surprisal,1,0.5126328328265571
LF2aIa3,local_flow,0,0.49329174634024014
LF2aIa3,local_flow,1,0.5224810089547871
LF2aIa3,onset,0,0.5739579741491907
LF2aIa3,onset,1,0.5704000919511405
LF2aIa3,pitch,0,0.4742066601882909
LF2aIa3,pitch,1,0.5194716989018109
LF2aIa3,speech,0,0.594887307607912
LF2aIa3,speech,1,0.5772598560128731
LF2aIa3,volume,0,0.4617619092400448
LF2aIa3,volume,1,0.46137007199356345
LF2aIa3,word_gap,0,0.4952561570692664
LF2aIa3,word_gap,1,0.4701211038316458
LF2aIa3,word_head_pos,0,0.5045348630659436
LF2aIa3,word_head_pos,1,0.4769025004440822
LF2aIa3,word_index,0,0.5291027653665017
LF2aIa3,word_index,1,0.5165438956647748
LF2aIa3,word_length,0,0.5002246533546493
LF2aIa3,word_length,1,0.5319634703196348
LF2aIa3,word_part_speech,0,0.4847334251426323
LF2aIa3,word_part_speech,1,0.4901370581677488
LF2aIa15,delta_volume,0,0.5326217568937233
LF2aIa15,delta_volume,1,0.5390478877360166
LF2aIa15,face_num,0,0.5015464509994462
LF2aIa15,face_num,1,0.5061753550045454
LF2aIa15,frame_brightness,0,0.5100937274693583
LF2aIa15,frame_brightness,1,0.4956950147853255
LF2aIa15,global_flow,0,0.5151667136871363
LF2aIa15,global_flow,1,0.494718033917432
LF2aIa15,gpt2_surprisal,0,0.5216241915091482
LF2aIa15,gpt2_surprisal,1,0.4844310000731429
LF2aIa15,local_flow,0,0.4861080634880829
LF2aIa15,local_flow,1,0.5036623721304452
LF2aIa15,onset,0,0.5670929855908383
LF2aIa15,onset,1,0.5203807613136474
LF2aIa15,pitch,0,0.48854790340950655
LF2aIa15,pitch,1,0.5025809013301569
LF2aIa15,speech,0,0.5675057208237986
LF2aIa15,speech,1,0.5456934474363395
LF2aIa15,volume,0,0.47937891184184406
LF2aIa15,volume,1,0.47749809305873375
LF2aIa15,word_gap,0,0.5084218885510381
LF2aIa15,word_gap,1,0.5015673489859253
LF2aIa15,word_head_pos,0,0.5010344503307107
LF2aIa15,word_head_pos,1,0.5061022120518689
LF2aIa15,word_index,0,0.5392313730225818
LF2aIa15,word_index,1,0.5243629996377248
LF2aIa15,word_length,0,0.5118334848437354
LF2aIa15,word_length,1,0.5219690082860516
LF2aIa15,word_part_speech,0,0.4750672175224605
LF2aIa15,word_part_speech,1,0.45841038756639774
LF1aCaOF11,delta_volume,0,0.5367856806996646
LF1aCaOF11,delta_volume,1,0.5353019236596555
LF1aCaOF11,face_num,0,0.5135680177214925
LF1aCaOF11,face_num,1,0.5007314295267651
LF1aCaOF11,frame_brightness,0,0.5118805053133131
LF1aCaOF11,frame_brightness,1,0.4830517329655288
LF1aCaOF11,global_flow,0,0.5142628757719194
LF1aCaOF11,global_flow,1,0.5166034502575676
LF1aCaOF11,gpt2_surprisal,0,0.5029413915969196
LF1aCaOF11,gpt2_surprisal,1,0.5050207412515804
LF1aCaOF11,local_flow,0,0.4825710792765117
LF1aCaOF11,local_flow,1,0.5187663918581444
LF1aCaOF11,onset,0,0.5773747949385076
LF1aCaOF11,onset,1,0.5374073957974149
LF1aCaOF11,pitch,0,0.45093675224392127
LF1aCaOF11,pitch,1,0.4719078816756006
LF1aCaOF11,speech,0,0.5196441072902626
LF1aCaOF11,speech,1,0.5292624055672236
LF1aCaOF11,volume,0,0.5296751408001839
LF1aCaOF11,volume,1,0.5072254788251153
LF1aCaOF11,word_gap,0,0.46312027836117986
LF1aCaOF11,word_gap,1,0.467916366258111
LF1aCaOF11,word_head_pos,0,0.5169691650209501
LF1aCaOF11,word_head_pos,1,0.49856848792618835
LF1aCaOF11,word_index,0,0.5250271706315662
LF1aCaOF11,word_index,1,0.49630932254558624
LF1aCaOF11,word_length,0,0.5068336415786339
LF1aCaOF11,word_length,1,0.5100153600200621
LF1aCaOF11,word_part_speech,0,0.5045511181061053
LF1aCaOF11,word_part_speech,1,0.5049904911797495
LF1bIb7,delta_volume,0,0.49998432651014074
LF1bIb7,delta_volume,1,0.5296019978475074
LF1bIb7,face_num,0,0.4837152440362371
LF1bIb7,face_num,1,0.5140329979206504
LF1bIb7,frame_brightness,0,0.5040960053498845
LF1bIb7,frame_brightness,1,0.526216524037909
LF1bIb7,global_flow,0,0.5091062976082255
LF1bIb7,global_flow,1,0.5290952216753916
LF1bIb7,gpt2_surprisal,0,0.5108251569961234
LF1bIb7,gpt2_surprisal,1,0.515568999926857
LF1bIb7,local_flow,0,0.4704815940984087
LF1bIb7,local_flow,1,0.49967085671295564
LF1bIb7,onset,0,0.5765806714523056
LF1bIb7,onset,1,0.5371618444562866
LF1bIb7,pitch,0,0.47256094375306945
LF1bIb7,pitch,1,0.48334430477623486
LF1bIb7,speech,0,0.528604118993135
LF1bIb7,speech,1,0.5048483328631287
LF1bIb7,volume,0,0.4794468302979008
LF1bIb7,volume,1,0.46476077029978163
LF1bIb7,word_gap,0,0.47621286689027514
LF1bIb7,word_gap,1,0.49911183557464245
LF1bIb7,word_head_pos,0,0.5106057281380938
LF1bIb7,word_head_pos,1,0.5100728294828794
LF1bIb7,word_index,0,0.5287706798695809
LF1bIb7,word_index,1,0.4983093829247676
LF1bIb7,word_length,0,0.5065462942645476
LF1bIb7,word_length,1,0.5085786234496307
LF1bIb7,word_part_speech,0,0.46831923404813425
LF1bIb7,word_part_speech,1,0.4771066955210178
LF1cCb3,delta_volume,0,0.5179200234057448
LF1cCb3,delta_volume,1,0.5470805512888833
LF1cCb3,face_num,0,0.5295184059015914
LF1cCb3,face_num,1,0.5167915321358787
LF1cCb3,frame_brightness,0,0.48083132190213473
LF1cCb3,frame_brightness,1,0.48094626082776926
LF1cCb3,global_flow,0,0.48068503599678175
LF1cCb3,global_flow,1,0.4742380071680094
LF1cCb3,gpt2_surprisal,0,0.5333401251789389
LF1cCb3,gpt2_surprisal,1,0.5082651536524456
LF1cCb3,local_flow,0,0.4434761710709173
LF1cCb3,local_flow,1,0.4889815366289457
LF1cCb3,onset,0,0.5780278570159765
LF1cCb3,onset,1,0.5487915739318516
LF1cCb3,pitch,0,0.45983406998735665
LF1cCb3,pitch,1,0.47997972895311536
LF1cCb3,speech,0,0.5519210474070824
LF1cCb3,speech,1,0.5060551915822911
LF1cCb3,volume,0,0.4671797122347261
LF1cCb3,volume,1,0.4938350939886942
LF1cCb3,word_gap,0,0.5033698003197392
LF1cCb3,word_gap,1,0.5000156734898593
LF1cCb3,word_head_pos,0,0.5048535573597484
LF1cCb3,word_head_pos,1,0.5230400300931006
LF1cCb3,word_index,0,0.4982791933341384
LF1cCb3,word_index,1,0.4829051443062432
LF1cCb3,word_length,0,0.49707428189293956
LF1cCb3,word_length,1,0.5103810747834446
LF1cCb3,word_part_speech,0,0.49642927405075743
LF1cCb3,word_part_speech,1,0.46766345334120274
RF3aOFa4,delta_volume,0,0.5104542177361212
RF3aOFa4,delta_volume,1,0.5184059015913817
RF3aOFa4,face_num,0,0.47070102295643823
RF3aOFa4,face_num,1,0.4643140758387929
RF3aOFa4,frame_brightness,0,0.49622268894392024
RF3aOFa4,frame_brightness,1,0.4890703530714815
RF3aOFa4,global_flow,0,0.4815470779390406
RF3aOFa4,global_flow,1,0.5183275341420854
RF3aOFa4,gpt2_surprisal,0,0.4850527151708933
RF3aOFa4,gpt2_surprisal,1,0.5035787801845292
RF3aOFa4,local_flow,0,0.48135899606072957
RF3aOFa4,local_flow,1,0.5208143945330868
RF3aOFa4,onset,0,0.5818103925686761
RF3aOFa4,onset,1,0.5350877192982455
RF3aOFa4,pitch,0,0.4836473255801803
RF3aOFa4,pitch,1,0.4538206743780237
RF3aOFa4,speech,0,0.5442619353625279
RF3aOFa4,speech,1,0.541472054167581
RF3aOFa4,volume,0,0.47232061690856086
RF3aOFa4,volume,1,0.49897599866252884
RF3aOFa4,word_gap,0,0.4888300262269731
RF3aOFa4,word_gap,1,0.526028442159598
RF3aOFa4,word_head_pos,0,0.4778585833254966
RF3aOFa4,word_head_pos,1,0.4647189743268236
RF3aOFa4,word_index,0,0.49660367105422054
RF3aOFa4,word_index,1,0.45107776838546065
RF3aOFa4,word_length,0,0.4802357292874831
RF3aOFa4,word_length,1,0.493819420498835
RF3aOFa4,word_part_speech,0,0.46281723391697815
RF3aOFa4,word_part_speech,1,0.4754541281395501
RF3aOFa16,delta_volume,0,0.5108251569961234
RF3aOFa16,delta_volume,1,0.48368389705651854
RF3aOFa16,face_num,0,0.48065891351368295
RF3aOFa16,face_num,1,0.5170370834770069
RF3aOFa16,frame_brightness,0,0.5001358369121136
RF3aOFa16,frame_brightness,1,0.5322612666269605
RF3aOFa16,global_flow,0,0.5083226231152629
RF3aOFa16,global_flow,1,0.5077009080175126
RF3aOFa16,gpt2_surprisal,0,0.494509054052642
RF3aOFa16,gpt2_surprisal,1,0.49649958726476706
RF3aOFa16,local_flow,0,0.5158093267713656
RF3aOFa16,local_flow,1,0.5338077176264068
RF3aOFa16,onset,0,0.5214622321139357
RF3aOFa16,onset,1,0.5397009498134855
RF3aOFa16,pitch,0,0.5072307033217349
RF3aOFa16,pitch,1,0.5048535573597484
RF3aOFa16,speech,0,0.49911706007126216
RF3aOFa16,speech,1,0.5206942311108325
RF3aOFa16,volume,0,0.46704909981923237
RF3aOFa16,volume,1,0.4606020709904601
RF3aOFa16,word_gap,0,0.5125805878603596
RF3aOFa16,word_gap,1,0.5042370667586178
RF3aOFa16,word_head_pos,0,0.49374627754615846
RF3aOFa16,word_head_pos,1,0.48901288360866435
RF3aOFa16,word_index,0,0.5482278710300688
RF3aOFa16,word_index,1,0.5150570583262891
RF3aOFa16,word_length,0,0.5016195939521226
RF3aOFa16,word_length,1,0.5099213190809065
RF3aOFa16,word_part_speech,0,0.4805298708112008
RF3aOFa16,word_part_speech,1,0.5017247032592301
RF3bOFb12,delta_volume,0,0.4852616950356833
RF3bOFb12,delta_volume,1,0.4924819493641788
RF3bOFb12,face_num,0,0.50439902615383
RF3bOFb12,face_num,1,0.5234893368023991
RF3bOFb12,frame_brightness,0,0.5072881727845522
RF3bOFb12,frame_brightness,1,0.5274442807435503
RF3bOFb12,global_flow,0,0.5171938183755995
RF3bOFb12,global_flow,1,0.49603983156222897
RF3bOFb12,gpt2_surprisal,0,0.49539721847799967
RF3bOFb12,gpt2_surprisal,1,0.49885583524027455
RF3bOFb12,local_flow,0,0.48599834905906814
RF3bOFb12,local_flow,1,0.49722579229491237
RF3bOFb12,onset,0,0.5091637670710427
RF3bOFb12,onset,1,0.5296124468407469
RF3bOFb12,pitch,0,0.4850213681911748
RF3bOFb12,pitch,1,0.4820172826348181
RF3bOFb12,speech,0,0.5304170193201885
RF3bOFb12,speech,1,0.5155115304640397
RF3bOFb12,volume,0,0.49414333928925946
RF3bOFb12,volume,1,0.49764375202449246
RF3bOFb12,word_gap,0,0.48797320878133393
RF3bOFb12,word_gap,1,0.5131605069851519
RF3bOFb12,word_head_pos,0,0.49690709800110755
RF3bOFb12,word_head_pos,1,0.4969070980011076
RF3bOFb12,word_index,0,0.47979561647144064
RF3bOFb12,word_index,1,0.4592817896389325
RF3bOFb12,word_length,0,0.49156243795910265
RF3bOFb12,word_length,1,0.5060499670856713
RF3bOFb12,word_part_speech,0,0.4775329529805233
RF3bOFb12,word_part_speech,1,0.4931274181913568
RF2I8,delta_volume,0,0.5073404177507497
RF2I8,delta_volume,1,0.5022047375735348
RF2I8,face_num,0,0.4951673406267306
RF2I8,face_num,1,0.5153443465722077
RF2I8,frame_brightness,0,0.49587264767039696
RF2I8,frame_brightness,1,0.4907082327617734
RF2I8,global_flow,0,0.5134112828229
RF2I8,global_flow,1,0.48752390207203533
RF2I8,gpt2_surprisal,0,0.5042057197788993
RF2I8,gpt2_surprisal,1,0.5103340543138668
RF2I8,local_flow,0,0.501447185563671
RF2I8,local_flow,1,0.5020845741512806
RF2I8,onset,0,0.5470779390405734
RF2I8,onset,1,0.5252499921632551
RF2I8,pitch,0,0.4505135680177215
RF2I8,pitch,1,0.48668275811625555
RF2I8,speech,0,0.5091480935811834
RF2I8,speech,1,0.4896345987064146
RF2I8,volume,0,0.48971296615571086
RF2I8,volume,1,0.505595435879753
RF2I8,word_gap,0,0.4865834926804802
RF2I8,word_gap,1,0.5080509492910359
RF2I8,word_head_pos,0,0.4875604735483736
RF2I8,word_head_pos,1,0.4844101020866639
RF2I8,word_index,0,0.5199024876222679
RF2I8,word_index,1,0.5019019442096365
RF2I8,word_length,0,0.4991484070509806
RF2I8,word_length,1,0.5303073048911737
RF2I8,word_part_speech,0,0.4769689815725622
RF2I8,word_part_speech,1,0.480182307036527
RF1aCaOF7,delta_volume,0,0.5185365140068754
RF1aCaOF7,delta_volume,1,0.5162220620043259
RF1aCaOF7,face_num,0,0.4749694366947745
RF1aCaOF7,face_num,1,0.507460581173004
RF1aCaOF7,frame_brightness,0,0.4933910117760154
RF1aCaOF7,frame_brightness,1,0.4815575269322801
RF1aCaOF7,global_flow,0,0.5165146338150319
RF1aCaOF7,global_flow,1,0.5334211048765451
RF1aCaOF7,gpt2_surprisal,0,0.5141583858395243
RF1aCaOF7,gpt2_surprisal,1,0.5116454029654243
RF1aCaOF7,local_flow,0,0.4851572051032883
RF1aCaOF7,local_flow,1,0.5121939751104981
RF1aCaOF7,onset,0,0.5650606564057553
RF1aCaOF7,onset,1,0.5171938183755995
RF1aCaOF7,pitch,0,0.4401429422275164
RF1aCaOF7,pitch,1,0.46855897934234036
RF1aCaOF7,speech,0,0.5411324618872971
RF1aCaOF7,speech,1,0.503918372464813
RF1aCaOF7,volume,0,0.492372234935164
RF1aCaOF7,volume,1,0.4994879993312644
RF1aCaOF7,word_gap,0,0.471667554831092
RF1aCaOF7,word_gap,1,0.48557516483286833
RF1aCaOF7,word_head_pos,0,0.488453862470351
RF1aCaOF7,word_head_pos,1,0.5175020636761648
RF1aCaOF7,word_index,0,0.5163703055186573
RF1aCaOF7,word_index,1,0.48104848448255044
RF1aCaOF7,word_length,0,0.49535019800842195
RF1aCaOF7,word_length,1,0.5563226858092223
RF1aCaOF7,word_part_speech,0,0.5155026559118631
RF1aCaOF7,word_part_speech,1,0.4996721096465342
RF1bCb3,delta_volume,0,0.5092682570034377
RF1bCb3,delta_volume,1,0.5091951140507612
RF1bCb3,face_num,0,0.4739402108606835
RF1bCb3,face_num,1,0.4860349205354064
RF1bCb3,frame_brightness,0,0.5139337324848752
RF1bCb3,frame_brightness,1,0.48089924035819154
RF1bCb3,global_flow,0,0.5008515929490194
RF1bCb3,global_flow,1,0.5127320982623325
RF1bCb3,gpt2_surprisal,0,0.5018546963000116
RF1bCb3,gpt2_surprisal,1,0.5206263126547758
RF1bCb3,local_flow,0,0.46659456861331405
RF1bCb3,local_flow,1,0.48543410342413507
RF1bCb3,onset,0,0.5618528154812283
RF1bCb3,onset,1,0.5290743236889126
RF1bCb3,pitch,0,0.46515260754626286
RF1bCb3,pitch,1,0.4756538457519618
RF1bCb3,speech,0,0.5230713770728189
RF1bCb3,speech,1,0.48592520610639167
RF1bCb3,volume,0,0.5088398482806182
RF1bCb3,volume,1,0.5177319415274338
RF1bCb3,word_gap,0,0.4869701054303418
RF1bCb3,word_gap,1,0.46540077113570105
RF1bCb3,word_head_pos,0,0.47374951673406274
RF1bCb3,word_head_pos,1,0.47132796255080817
RF1bCb3,word_index,0,0.4918337157348147
RF1bCb3,word_index,1,0.5196534234995773
RF1bCb3,word_length,0,0.48194936417876133
RF1bCb3,word_length,1,0.5137508751031838
RF1bCb3,word_part_speech,0,0.49481933241524034
RF1bCb3,word_part_speech,1,0.5004721621089907
LT2H5,delta_volume,0,0.5351765357407814
LT2H5,delta_volume,1,0.5560066037637273
LT2H5,face_num,0,0.4887255362945781
LT2H5,face_num,1,0.4858781856368139
LT2H5,frame_brightness,0,0.47779066486943983
LT2H5,frame_brightness,1,0.4803767906962164
LT2H5,global_flow,0,0.4898958235374022
LT2H5,global_flow,1,0.4815679759255196
LT2H5,gpt2_surprisal,0,0.4532041837768931
LT2H5,gpt2_surprisal,1,0.4705860840308036
LT2H5,local_flow,0,0.5136986301369862
LT2H5,local_flow,1,0.5254746455179043
LT2H5,onset,0,0.5092525835135785
LT2H5,onset,1,0.5074762546628633
LT2H5,pitch,0,0.5016091449588832
LT2H5,pitch,1,0.4999216325507037
LT2H5,speech,0,0.5111856472628863
LT2H5,speech,1,0.5448470789839399
LT2H5,volume,0,0.49379852251235595
LT2H5,volume,1,0.5301766924756799
LT2H5,word_gap,0,0.5257045233691734
LT2H5,word_gap,1,0.5454426715985914
LT2H5,word_head_pos,0,0.4946083194884173
LT2H5,word_head_pos,1,0.5177685130037721
LT2H5,word_index,0,0.48527502717063153
LT2H5,word_index,1,0.4667008815360464
LT2H5,word_length,0,0.5053185375589062
LT2H5,word_length,1,0.49312456244840813
LT2H5,word_part_speech,0,0.5074234376024658
LT2H5,word_part_speech,1,0.48824185192471636
LT1A1,delta_volume,0,0.509785482168793
LT1A1,delta_volume,1,0.47986479002748084
LT1A1,face_num,0,0.46173578675694593
LT1A1,face_num,1,0.4804185866691744
LT1A1,frame_brightness,0,0.4813433225708703
LT1A1,frame_brightness,1,0.4736894350229355
LT1A1,global_flow,0,0.4900839054157132
LT1A1,global_flow,1,0.46459358640794957
LT1A1,gpt2_surprisal,0,0.4760718054815418
LT1A1,gpt2_surprisal,1,0.4822053645131291
LT1A1,local_flow,0,0.5443664252949229
LT1A1,local_flow,1,0.519194800580964
LT1A1,onset,0,0.5948141646552355
LT1A1,onset,1,0.5183118606522262
LT1A1,pitch,0,0.5167967566324985
LT1A1,pitch,1,0.49663542417688056
LT1A1,speech,0,0.5713248278528363
LT1A1,speech,1,0.5223974170088712
LT1A1,volume,0,0.49658317921068307
LT1A1,volume,1,0.503395922802838
LT1A1,word_gap,0,0.5241528478731075
LT1A1,word_gap,1,0.5191791270911048
LT1A1,word_head_pos,0,0.5091271955947045
LT1A1,word_head_pos,1,0.48609761449484334
LT1A1,word_index,0,0.5113060016906171
LT1A1,word_index,1,0.5069511532423621
LT1A1,word_length,0,0.5021472681107175
LT1A1,word_length,1,0.5124395264516264
LT1A1,word_part_speech,0,0.4724375368876648
LT1A1,word_part_speech,1,0.488130369204538
LT1A13,delta_volume,0,0.5348369434604976
LT1A13,delta_volume,1,0.5367386602300868
LT1A13,face_num,0,0.5016927369047992
LT1A13,face_num,1,0.5339331055452806
LT1A13,frame_brightness,0,0.5075493976155397
LT1A13,frame_brightness,1,0.49274317419516633
LT1A13,global_flow,0,0.5266031367877705
LT1A13,global_flow,1,0.5121208321578216
LT1A13,gpt2_surprisal,0,0.4976280785346332
LT1A13,gpt2_surprisal,1,0.5015516754960659
LT1A13,local_flow,0,0.47190788167560055
LT1A13,local_flow,1,0.48606104301850517
LT1A13,onset,0,0.6181415420624223
LT1A13,onset,1,0.6038002988412066
LT1A13,pitch,0,0.49343803224559313
LT1A13,pitch,1,0.48849043394668923
LT1A13,speech,0,0.5897202804509787
LT1A13,speech,1,0.5745901382401806
LT1A13,volume,0,0.4747709058232239
LT1A13,volume,1,0.4922155000365715
LT1A13,word_gap,0,0.49109745775994484
LT1A13,word_gap,1,0.4977952624264652
LT1A13,word_head_pos,0,0.5121574036341597
LT1A13,word_head_pos,1,0.4831039779317263
LT1A13,word_index,0,0.5402200821156865
LT1A13,word_index,1,0.5269442096365173
LT1A13,word_length,0,0.5259918706832597
LT1A13,word_length,1,0.5224914579480268
LT1A13,word_part_speech,0,0.4991606006951276
LT1A13,word_part_speech,1,0.4783592366712571
LF3aOFa11,delta_volume,0,0.5135053237620555
LF3aOFa11,delta_volume,1,0.5063268654065181
LF3aOFa11,face_num,0,0.4927640721816453
LF3aOFa11,face_num,1,0.5027742077050876
LF3aOFa11,frame_brightness,0,0.49340668526587467
LF3aOFa11,frame_brightness,1,0.48549157288695244
LF3aOFa11,global_flow,0,0.4978527318892825
LF3aOFa11,global_flow,1,0.48453026550891826
LF3aOFa11,gpt2_surprisal,0,0.5358452713081094
LF3aOFa11,gpt2_surprisal,1,0.5149525093257264
LF3aOFa11,local_flow,0,0.5026070238132556
LF3aOFa11,local_flow,1,0.4638046874183672
LF3aOFa11,onset,0,0.5003291432870444
LF3aOFa11,onset,1,0.5328411857517528
LF3aOFa11,pitch,0,0.45144352841603713
LF3aOFa11,pitch,1,0.47892960513254546
LF3aOFa11,speech,0,0.5515971286166577
LF3aOFa11,speech,1,0.5693760906136693
LF3aOFa11,volume,0,0.46688191592740036
LF3aOFa11,volume,1,0.4932839095953105
LF3aOFa11,word_gap,0,0.4954076674712392
LF3aOFa11,word_gap,1,0.5086256439192084
LF3aOFa11,word_head_pos,0,0.4799640554632561
LF3aOFa11,word_head_pos,1,0.4943784416371483
LF3aOFa11,word_index,0,0.5167250332085497
LF3aOFa11,word_index,1,0.5155099021857263
LF3aOFa11,word_length,0,0.4895875782368369
LF3aOFa11,word_length,1,0.48632749234611244
LF3aOFa11,word_part_speech,0,0.5113909108794019
LF3aOFa11,word_part_speech,1,0.4645484949832776
LF3cIc8,delta_volume,0,0.5199628015840674
LF3cIc8,delta_volume,1,0.4959301171332143
LF3cIc8,face_num,0,0.4818971192125639
LF3cIc8,face_num,1,0.5025391053571988
LF3cIc8,frame_brightness,0,0.49934693792253115
LF3cIc8,frame_brightness,1,0.5083879293230098
LF3cIc8,global_flow,0,0.5083487455983616
LF3cIc8,global_flow,1,0.4732453528102567
LF3cIc8,gpt2_surprisal,0,0.4984431000073143
LF3cIc8,gpt2_surprisal,1,0.4741805377051921
LF3cIc8,local_flow,0,0.49701681243012236
LF3cIc8,local_flow,1,0.47832878802127415
LF3cIc8,onset,0,0.5411899313501144
LF3cIc8,onset,1,0.5447739360312633
LF3cIc8,pitch,0,0.5064627023186316
LF3cIc8,pitch,1,0.4771376027919709
LF3cIc8,speech,0,0.5548415410175229
LF3cIc8,speech,1,0.5608601611234758
LF3cIc8,volume,0,0.49741909866984324
LF3cIc8,volume,1,0.4767980105116872
LF3cIc8,word_gap,0,0.5219063143266146
LF3cIc8,word_gap,1,0.49265435775263056
LF3cIc8,word_head_pos,0,0.50880327680428
LF3cIc8,word_head_pos,1,0.4796140141897328
LF3cIc8,word_index,0,0.4925884555005434
LF3cIc8,word_index,1,0.506113392102403
LF3cIc8,word_length,0,0.5056215583628518
LF3cIc8,word_length,1,0.5076956835208928
LF3cIc8,word_part_speech,0,0.5209915404288806
LF3cIc8,word_part_speech,1,0.5092924126172208
LF3bOFb10,delta_volume,0,0.5208875374857633
LF3bOFb10,delta_volume,1,0.5209293334587212
LF3bOFb10,face_num,0,0.498615508395766
LF3bOFb10,face_num,1,0.5065828657408858
LF3bOFb10,frame_brightness,0,0.5049110268225656
LF3bOFb10,frame_brightness,1,0.5126380573231768
LF3bOFb10,global_flow,0,0.5018076758304337
LF3bOFb10,global_flow,1,0.48738806515992183
LF3bOFb10,gpt2_surprisal,0,0.503604902667628
LF3bOFb10,gpt2_surprisal,1,0.5057155993020073
LF3bOFb10,local_flow,0,0.5005746946281726
LF3bOFb10,local_flow,1,0.5062641714470811
LF3bOFb10,onset,0,0.573257891602144
LF3bOFb10,onset,1,0.5598048128062861
LF3bOFb10,pitch,0,0.4780048692308496
LF3bOFb10,pitch,1,0.4913116621213546
LF3bOFb10,speech,0,0.5816066372005058
LF3bOFb10,speech,1,0.5126380573231768
LF3bOFb10,volume,0,0.49562709632926866
LF3bOFb10,volume,1,0.471604860871655
LF3bOFb10,word_gap,0,0.49431574767771125
LF3bOFb10,word_gap,1,0.4934589302320721
LF3bOFb10,word_head_pos,0,0.47950952425733784
LF3bOFb10,word_head_pos,1,0.49545468794081693
LF3bOFb10,word_index,0,0.5294725878517087
LF3bOFb10,word_index,1,0.49821881415288005
LF3bOFb10,word_length,0,0.48823443361232144
LF3bOFb10,word_length,1,0.5230243566032412
LF3bOFb10,word_part_speech,0,0.46949308151354185
LF3bOFb10,word_part_speech,1,0.4930946291560102
LF2b6,delta_volume,0,0.5185887589730729
LF2b6,delta_volume,1,0.5211696603032298
LF2b6,face_num,0,0.48027230076382144
LF2b6,face_num,1,0.4770278883629562
LF2b6,frame_brightness,0,0.4866670846263963
LF2b6,frame_brightness,1,0.5095294818344253
LF2b6,global_flow,0,0.4947546053937703
LF2b6,global_flow,1,0.4833808762525731
LF2b6,gpt2_surprisal,0,0.49265958224925027
LF2b6,gpt2_surprisal,1,0.5032078409245269
LF2b6,local_flow,0,0.4429223744292238
LF2b6,local_flow,1,0.5106109526347136
LF2b6,onset,0,0.5351347397678233
LF2b6,onset,1,0.534178656886409
LF2b6,pitch,0,0.4665841196200746
LF2b6,pitch,1,0.4992006520171781
LF2b6,speech,0,0.5294713854320137
LF2b6,speech,1,0.5128731596710656
LF2b6,volume,0,0.4945612990188395
LF2b6,volume,1,0.49659885270054227
LF2b6,word_gap,0,0.4526138156588613
LF2b6,word_gap,1,0.483004712495951
LF2b6,word_head_pos,0,0.48047605613199174
LF2b6,word_head_pos,1,0.4916251319185396
LF2b6,word_index,0,0.5075247554643159
LF2b6,word_index,1,0.5011698466368796
LF2b6,word_length,0,0.48293679403989426
LF2b6,word_length,1,0.5246752975350825
LF2b6,word_part_speech,0,0.513384484228474
LF2b6,word_part_speech,1,0.47154567512623774
LF2e4,delta_volume,0,0.5010710218070489
LF2e4,delta_volume,1,0.5252238696801563
LF2e4,face_num,0,0.501823349320293
LF2e4,face_num,1,0.4965675057208238
LF2e4,frame_brightness,0,0.5129045066507842
LF2e4,frame_brightness,1,0.5023928194518459
LF2e4,global_flow,0,0.49615477048786344
LF2e4,global_flow,1,0.4825449567934129
LF2e4,gpt2_surprisal,0,0.4979833443047762
LF2e4,gpt2_surprisal,1,0.5092996039831561
LF2e4,local_flow,0,0.46963000114938924
LF2e4,local_flow,1,0.5205845166818177
LF2e4,onset,0,0.5906032203797165
LF2e4,onset,1,0.5814081063289552
LF2e4,pitch,0,0.508045724794416
LF2e4,pitch,1,0.5234057448564831
LF2e4,speech,0,0.5962091052527089
LF2e4,speech,1,0.5429714846974494
LF2e4,volume,0,0.5111386267933085
LF2e4,volume,1,0.4932081543943241
LF2e4,word_gap,0,0.49907526409830416
LF2e4,word_gap,1,0.5066873556732809
LF2e4,word_head_pos,0,0.513682956647127
LF2e4,word_head_pos,1,0.4915833359455817
LF2e4,word_index,0,0.5105286197319164
LF2e4,word_index,1,0.5047322183311194
LF2e4,word_length,0,0.5031608204549491
LF2e4,word_length,1,0.5023092275059299
LF2e4,word_part_speech,0,0.47643779919994755
LF2e4,word_part_speech,1,0.4546527641156797
LF2c8,delta_volume,0,0.47372600649927377
LF2c8,delta_volume,1,0.5062537224538416
LF2c8,face_num,0,0.49642121981547077
LF2c8,face_num,1,0.4954808104239157
LF2c8,frame_brightness,0,0.49046529366895497
LF2c8,frame_brightness,1,0.49231476547234676
LF2c8,global_flow,0,0.4940388493568645
LF2c8,global_flow,1,0.4801625863348067
LF2c8,gpt2_surprisal,0,0.49992685704732354
LF2c8,gpt2_surprisal,1,0.4960868520318067
LF2c8,local_flow,0,0.4851101846337106
LF2c8,local_flow,1,0.4879470862982352
LF2c8,onset,0,0.5387135199523526
LF2c8,onset,1,0.5236565206942312
LF2c8,pitch,0,0.47140110550348474
LF2c8,pitch,1,0.46373154446569076
LF2c8,speech,0,0.5185208405170162
LF2c8,speech,1,0.4990177946354869
LF2c8,volume,0,0.501844247306772
LF2c8,volume,1,0.5300251820737072
LF2c8,word_gap,0,0.4707062474530579
LF2c8,word_gap,1,0.4924244799013615
LF2c8,word_head_pos,0,0.5014053895907129
LF2c8,word_head_pos,1,0.48790006582865736
LF2c8,word_index,0,0.5255403936722618
LF2c8,word_index,1,0.5058794227750272
LF2c8,word_length,0,0.47734658265676105
LF2c8,word_length,1,0.4879366373049957
LF2c8,word_part_speech,0,0.47964456685684304
LF2c8,word_part_speech,1,0.502511640107548
LF2aIa4,delta_volume,0,0.5046080060186201
LF2aIa4,delta_volume,1,0.5353907401021911
LF2aIa4,face_num,0,0.48315622289792376
LF2aIa4,face_num,1,0.49297827654305504
LF2aIa4,frame_brightness,0,0.5151562646938967
LF2aIa4,frame_brightness,1,0.46242542031075307
LF2aIa4,global_flow,0,0.5009665318746539
LF2aIa4,global_flow,1,0.49853191644985007
LF2aIa4,gpt2_surprisal,0,0.5220734982184466
LF2aIa4,gpt2_surprisal,1,0.5121051586679624
LF2aIa4,local_flow,0,0.4849273272520193
LF2aIa4,local_flow,1,0.5225019069412662
LF2aIa4,onset,0,0.5622655507141887
LF2aIa4,onset,1,0.5385463360605205
LF2aIa4,pitch,0,0.4814791594829838
LF2aIa4,pitch,1,0.5108199324995037
LF2aIa4,speech,0,0.5553378681963993
LF2aIa4,speech,1,0.5338495135993646
LF2aIa4,volume,0,0.5043049852146746
LF2aIa4,volume,1,0.488600148375704
LF2aIa4,word_gap,0,0.4746193954212512
LF2aIa4,word_gap,1,0.522799703248592
LF2aIa4,word_head_pos,0,0.510224339884852
LF2aIa4,word_head_pos,1,0.48753957556189464
LF2aIa4,word_index,0,0.519434548967516
LF2aIa4,word_index,1,0.497139536287888
LF2aIa4,word_length,0,0.5025182073707198
LF2aIa4,word_length,1,0.5175490841457426
LF2aIa4,word_part_speech,0,0.4697488359892452
LF2aIa4,word_part_speech,1,0.4906157780838088
LF2aIa16,delta_volume,0,0.5366341702976918
LF2aIa16,delta_volume,1,0.5544288057845627
LF2aIa16,face_num,0,0.5059559261465159
LF2aIa16,face_num,1,0.492685704732349
LF2aIa16,frame_brightness,0,0.5085054804969542
LF2aIa16,frame_brightness,1,0.5122880160496537
LF2aIa16,global_flow,0,0.507063519429903
LF2aIa16,global_flow,1,0.5078524184194853
LF2aIa16,gpt2_surprisal,0,0.5025025338808606
LF2aIa16,gpt2_surprisal,1,0.48733582019372435
LF2aIa16,local_flow,0,0.4690187350448785
LF2aIa16,local_flow,1,0.48957712924359736
LF2aIa16,onset,0,0.5701310303752234
LF2aIa16,onset,1,0.5406883796746184
LF2aIa16,pitch,0,0.4725295967733509
LF2aIa16,pitch,1,0.49458742150193824
LF2aIa16,speech,0,0.5578874225468375
LF2aIa16,speech,1,0.4982445691357638
LF2aIa16,volume,0,0.5222406821102787
LF2aIa16,volume,1,0.5015255530129672
LF2aIa16,word_gap,0,0.47075326792263567
LF2aIa16,word_gap,1,0.5142106308057218
LF2aIa16,word_head_pos,0,0.48723133026132937
LF2aIa16,word_head_pos,1,0.4944202376101063
LF2aIa16,word_index,0,0.5381822847482188
LF2aIa16,word_index,1,0.5323858833474218
LF2aIa16,word_length,0,0.5003448167769036
LF2aIa16,word_length,1,0.5104333197496421
LF2aIa16,word_part_speech,0,0.4879008459571119
LF2aIa16,word_part_speech,1,0.45937438520558727
LF1aCaOF12,delta_volume,0,0.5246282770655049
LF1aCaOF12,delta_volume,1,0.5076643365411743
LF1aCaOF12,face_num,0,0.5255582374638204
LF1aCaOF12,face_num,1,0.4991013865814029
LF1aCaOF12,frame_brightness,0,0.5104176462597829
LF1aCaOF12,frame_brightness,1,0.5062223754741231
LF1aCaOF12,global_flow,0,0.48350626417144704
LF1aCaOF12,global_flow,1,0.49426872720813353
LF1aCaOF12,gpt2_surprisal,0,0.5032391879042455
LF1aCaOF12,gpt2_surprisal,1,0.5070112744637054
LF1aCaOF12,local_flow,0,0.504231842261998
LF1aCaOF12,local_flow,1,0.5095242573378055
LF1aCaOF12,onset,0,0.5372193139191039
LF1aCaOF12,onset,1,0.5344764531937348
LF1aCaOF12,pitch,0,0.45137560995998033
LF1aCaOF12,pitch,1,0.5090801751251267
LF1aCaOF12,speech,0,0.5147435294609364
LF1aCaOF12,speech,1,0.5248424814269146
LF1aCaOF12,volume,0,0.5028943711273418
LF1aCaOF12,volume,1,0.5079307858687816
LF1aCaOF12,word_gap,0,0.4986834268518229
LF1aCaOF12,word_gap,1,0.5368640481489609
LF1aCaOF12,word_head_pos,0,0.5004702046957775
LF1aCaOF12,word_head_pos,1,0.4994932238278842
LF1aCaOF12,word_index,0,0.5021811979229561
LF1aCaOF12,word_index,1,0.4886562613210965
LF1aCaOF12,word_length,0,0.4945612990188396
LF1aCaOF12,word_length,1,0.5073038462744115
LF1aCaOF12,word_part_speech,0,0.5060266246967015
LF1aCaOF12,word_part_speech,1,0.47764443570070164
LF1bIb8,delta_volume,0,0.48503181718441424
LF1bIb8,delta_volume,1,0.514142712349665
LF1bIb8,face_num,0,0.4964421178019498
LF1bIb8,face_num,1,0.49090937588163375
LF1bIb8,frame_brightness,0,0.48946219031796284
LF1bIb8,frame_brightness,1,0.49409631881968175
LF1bIb8,global_flow,0,0.49297305204643527
LF1bIb8,global_flow,1,0.5397636437729225
LF1bIb8,gpt2_surprisal,0,0.49585174968391793
LF1bIb8,gpt2_surprisal,1,0.5128627106778263
LF1bIb8,local_flow,0,0.4811761386790383
LF1bIb8,local_flow,1,0.5028734731408628
LF1bIb8,onset,0,0.5594077510631851
LF1bIb8,onset,1,0.5469891225980377
LF1bIb8,pitch,0,0.47138020751700577
LF1bIb8,pitch,1,0.47631213232605035
LF1bIb8,speech,0,0.5470518165574746
LF1bIb8,speech,1,0.5200725160130821
LF1bIb8,volume,0,0.5016404919386017
LF1bIb8,volume,1,0.4713645340271465
LF1bIb8,word_gap,0,0.45862198677157456
LF1bIb8,word_gap,1,0.5124186284651474
LF1bIb8,word_head_pos,0,0.507021723456945
LF1bIb8,word_head_pos,1,0.5103497278037261
LF1bIb8,word_index,0,0.5159023668639053
LF1bIb8,word_index,1,0.48301080787344525
LF1bIb8,word_length,0,0.5040907808532648
LF1bIb8,word_length,1,0.5071680093622979
LF1bIb8,word_part_speech,0,0.4661682733293987
LF1bIb8,word_part_speech,1,0.49779001901764053
LF1cCb4,delta_volume,0,0.5037407395797415
LF1cCb4,delta_volume,1,0.5260388911528375
LF1cCb4,face_num,0,0.4823934463914402
LF1cCb4,face_num,1,0.5132545479243074
LF1cCb4,frame_brightness,0,0.49506807519095536
LF1cCb4,frame_brightness,1,0.5186201059527914
LF1cCb4,global_flow,0,0.5098638496180893
LF1cCb4,global_flow,1,0.48479671483652553
LF1cCb4,gpt2_surprisal,0,0.5303491008641318
LF1cCb4,gpt2_surprisal,1,0.5217286814415432
LF1cCb4,local_flow,0,0.48380406047877283
LF1cCb4,local_flow,1,0.4854184299342758
LF1cCb4,onset,0,0.545766590389016
LF1cCb4,onset,1,0.541827319937724
LF1cCb4,pitch,0,0.47988568801395987
LF1cCb4,pitch,1,0.4774353990992968
LF1cCb4,speech,0,0.5298945696582134
LF1cCb4,speech,1,0.512173077124019
LF1cCb4,volume,0,0.5103445033071063
LF1cCb4,volume,1,0.49716309833547545
LF1cCb4,word_gap,0,0.4992372234935164
LF1cCb4,word_gap,1,0.494049298350104
LF1cCb4,word_head_pos,0,0.48593565509963116
LF1cCb4,word_head_pos,1,0.47644274474154413
LF1cCb4,word_index,0,0.5327783480256008
LF1cCb4,word_index,1,0.5083172322183311
LF1cCb4,word_length,0,0.5142263042955811
LF1cCb4,word_length,1,0.5004806536890171
LF1cCb4,word_part_speech,0,0.4908354646206309
LF1cCb4,word_part_speech,1,0.48466784707193916
RF3aOFa5,delta_volume,0,0.5054387009811605
RF3aOFa5,delta_volume,1,0.5285675475167968
RF3aOFa5,face_num,0,0.4864267577818877
RF3aOFa5,face_num,1,0.482753936658203
RF3aOFa5,frame_brightness,0,0.5213786401680198
RF3aOFa5,frame_brightness,1,0.5295445283846901
RF3aOFa5,global_flow,0,0.48093058733791005
RF3aOFa5,global_flow,1,0.5359967817100822
RF3aOFa5,gpt2_surprisal,0,0.4889867611255656
RF3aOFa5,gpt2_surprisal,1,0.48410708128271834
RF3aOFa5,local_flow,0,0.46740959008599525
RF3aOFa5,local_flow,1,0.504085556356645
RF3aOFa5,onset,0,0.5603377114615007
RF3aOFa5,onset,1,0.5390426632393969
RF3aOFa5,pitch,0,0.4895614557537381
RF3aOFa5,pitch,1,0.44468302979007973
RF3aOFa5,speech,0,0.5440216085180194
RF3aOFa5,speech,1,0.5375432327095284
RF3aOFa5,volume,0,0.4949897077416591
RF3aOFa5,volume,1,0.5069642539941277
RF3aOFa5,word_gap,0,0.4975392620920975
RF3aOFa5,word_gap,1,0.5105430341786569
RF3aOFa5,word_head_pos,0,0.4753299269615372
RF3aOFa5,word_head_pos,1,0.4609416632707439
RF3aOFa5,word_index,0,0.48929024272430865
RF3aOFa5,word_index,1,0.48669393793020166
RF3aOFa5,word_length,0,0.5142315287922008
RF3aOFa5,word_length,1,0.527702893326228
RF3aOFa5,word_part_speech,0,0.4844579972457211
RF3aOFa5,word_part_speech,1,0.4703915010820382
RF3bOFb1,delta_volume,0,0.518944024743216
RF3bOFb1,delta_volume,1,0.5307409381106131
RF3bOFb1,face_num,0,0.5082181331828679
RF3bOFb1,face_num,1,0.4863065943596334
RF3bOFb1,frame_brightness,0,0.5097907066654128
RF3bOFb1,frame_brightness,1,0.501488981536629
RF3bOFb1,global_flow,0,0.5062067019842639
RF3bOFb1,global_flow,1,0.4895666802503579
RF3bOFb1,gpt2_surprisal,0,0.4854236544308956
RF3bOFb1,gpt2_surprisal,1,0.5062328244673626
RF3bOFb1,local_flow,0,0.49034513024670073
RF3bOFb1,local_flow,1,0.48519900107624636
RF3bOFb1,onset,0,0.5096757677397783
RF3bOFb1,onset,1,0.4978788543723812
RF3bOFb1,pitch,0,0.4776025829911288
RF3bOFb1,pitch,1,0.4596773350887642
RF3bOFb1,speech,0,0.5198060666854749
RF3bOFb1,speech,1,0.5226272948601401
RF3bOFb1,volume,0,0.5072307033217349
RF3bOFb1,volume,1,0.4900734564224737
RF3bOFb1,word_gap,0,0.4884747604568299
RF3bOFb1,word_gap,1,0.5099787885437238
RF3bOFb1,word_head_pos,0,0.5037459640763613
RF3bOFb1,word_head_pos,1,0.4844257755765232
RF3bOFb1,word_index,0,0.4690330274121483
RF3bOFb1,word_index,1,0.4339300809081029
RF3bOFb1,word_length,0,0.48923231246669385
RF3bOFb1,word_length,1,0.4901361503819107
RF3bOFb1,word_part_speech,0,0.5113450062299167
RF3bOFb1,word_part_speech,1,0.5379369138959931
RF3bOFb13,delta_volume,0,0.49539721847799967
RF3bOFb13,delta_volume,1,0.49225207151290984
RF3bOFb13,face_num,0,0.47545531488041126
RF3bOFb13,face_num,1,0.49404929835010397
RF3bOFb13,frame_brightness,0,0.509283930493297
RF3bOFb13,frame_brightness,1,0.5261590545750916
RF3bOFb13,global_flow,0,0.5300878760331442
RF3bOFb13,global_flow,1,0.505219272123131
RF3bOFb13,gpt2_surprisal,0,0.5267233002100248
RF3bOFb13,gpt2_surprisal,1,0.5355318015109244
RF3bOFb13,local_flow,0,0.4920378671514999
RF3bOFb13,local_flow,1,0.5274024847705925
RF3bOFb13,onset,0,0.5174863901863056
RF3bOFb13,onset,1,0.5363781699633241
RF3bOFb13,pitch,0,0.4802618517705819
RF3bOFb13,pitch,1,0.4816358943815764
RF3bOFb13,speech,0,0.5119954442389476
RF3bOFb13,speech,1,0.4799797289531154
RF3bOFb13,volume,0,0.5044251486369289
RF3bOFb13,volume,1,0.5071575603690585
RF3bOFb13,word_gap,0,0.5078158469431471
RF3bOFb13,word_gap,1,0.5172094918654588
RF3bOFb13,word_head_pos,0,0.49630628088983625
RF3bOFb13,word_head_pos,1,0.4859304306030114
RF3bOFb13,word_index,0,0.5049359980678662
RF3bOFb13,word_index,1,0.46418005071851226
RF3bOFb13,word_length,0,0.47990136150381907
RF3bOFb13,word_length,1,0.5316970209920274
RF3bOFb13,word_part_speech,0,0.4641943734015346
RF3bOFb13,word_part_speech,1,0.4740638730408552
RF2I9,delta_volume,0,0.5040333113904476
RF2I9,delta_volume,1,0.49765420101773195
RF2I9,face_num,0,0.48402348933680234
RF2I9,face_num,1,0.5133747113465618
RF2I9,frame_brightness,0,0.48438920410018493
RF2I9,frame_brightness,1,0.4967503631025151
RF2I9,global_flow,0,0.5193776579626553
RF2I9,global_flow,1,0.5047751899104521
RF2I9,gpt2_surprisal,0,0.511044585854153
RF2I9,gpt2_surprisal,1,0.5118543828302143
RF2I9,local_flow,0,0.481620220891717
RF2I9,local_flow,1,0.484681775910891
RF2I9,onset,0,0.5392359696143276
RF2I9,onset,1,0.5142263042955811
RF2I9,pitch,0,0.4444531519388107
RF2I9,pitch,1,0.46768126391022224
RF2I9,speech,0,0.49988506107436553
RF2I9,speech,1,0.4911183557464239
RF2I9,volume,0,0.48721565677147005
RF2I9,volume,1,0.48512063362695
RF2I9,word_gap,0,0.47037187966939387
RF2I9,word_gap,1,0.4961077500182857
RF2I9,word_head_pos,0,0.49874089631464014
RF2I9,word_head_pos,1,0.4900995789055725
RF2I9,word_index,0,0.5085134645574206
RF2I9,word_index,1,0.47862576983456107
RF2I9,word_length,0,0.4931245624484081
RF2I9,word_length,1,0.532125429714847
RF2I9,word_part_speech,0,0.4821037445078366
RF2I9,word_part_speech,1,0.4898878614991147
RF1aCaOF8,delta_volume,0,0.5163996948893974
RF1aCaOF8,delta_volume,1,0.5192000250775837
RF1aCaOF8,face_num,0,0.4861968799306187
RF1aCaOF8,face_num,1,0.5009038379152169
RF1aCaOF8,frame_brightness,0,0.4878373718692204
RF1aCaOF8,frame_brightness,1,0.4720855145606721
RF1aCaOF8,global_flow,0,0.5084427865375172
RF1aCaOF8,global_flow,1,0.5289228132869399
RF1aCaOF8,gpt2_surprisal,0,0.5058775586972195
RF1aCaOF8,gpt2_surprisal,1,0.49571068827518455
RF1aCaOF8,local_flow,0,0.47841237996719016
RF1aCaOF8,local_flow,1,0.5117185459181008
RF1aCaOF8,onset,0,0.5506776172115817
RF1aCaOF8,onset,1,0.5182596156860286
RF1aCaOF8,pitch,0,0.43629771271537987
RF1aCaOF8,pitch,1,0.46488615821865564
RF1aCaOF8,speech,0,0.5296437938204654
RF1aCaOF8,speech,1,0.4957942802211006
RF1aCaOF8,volume,0,0.4857580222145596
RF1aCaOF8,volume,1,0.500940409391555
RF1aCaOF8,word_gap,0,0.47421188468491066
RF1aCaOF8,word_gap,1,0.4764479692381639
RF1aCaOF8,word_head_pos,0,0.47947295278099955
RF1aCaOF8,word_head_pos,1,0.5072359278183547
RF1aCaOF8,word_index,0,0.5148306363965705
RF1aCaOF8,word_index,1,0.48968270740248765
RF1aCaOF8,word_length,0,0.4955957493495502
RF1aCaOF8,word_length,1,0.5362266595613512
RF1aCaOF8,word_part_speech,0,0.5242966751918159
RF1aCaOF8,word_part_speech,1,0.494583251360745
RF1bCb4,delta_volume,0,0.5100362580065411
RF1bCb4,delta_volume,1,0.4866200641568185
RF1bCb4,face_num,0,0.4811970366655173
RF1bCb4,face_num,1,0.47836013500099267
RF1bCb4,frame_brightness,0,0.49517778961997017
RF1bCb4,frame_brightness,1,0.4877746779097834
RF1bCb4,global_flow,0,0.46968224611558673
RF1bCb4,global_flow,1,0.50963919626344
RF1bCb4,gpt2_surprisal,0,0.501091919793528
RF1bCb4,gpt2_surprisal,1,0.5180297378347596
RF1bCb4,local_flow,0,0.4791229115074763
RF1bCb4,local_flow,1,0.46601987398514155
RF1bCb4,onset,0,0.5641411450006792
RF1bCb4,onset,1,0.5575112587902156
RF1bCb4,pitch,0,0.46788501927839243
RF1bCb4,pitch,1,0.48281663061763996
RF1bCb4,speech,0,0.5361117206357167
RF1bCb4,speech,1,0.5231079485491572
RF1bCb4,volume,0,0.4980669362506923
RF1bCb4,volume,1,0.5031660449515689
RF1bCb4,word_gap,0,0.5052976395724272
RF1bCb4,word_gap,1,0.48503181718441435
RF1bCb4,word_head_pos,0,0.473344618246032
RF1bCb4,word_head_pos,1,0.4911183557464238
RF1bCb4,word_index,0,0.48864116652578193
RF1bCb4,word_index,1,0.5026566839753653
RF1bCb4,word_length,0,0.4931193379517884
RF1bCb4,word_length,1,0.4836786725598989
RF1bCb4,word_part_speech,0,0.48678601875532823
RF1bCb4,word_part_speech,1,0.5001705029838022
LT2H6,delta_volume,0,0.5039706174310106
LT2H6,delta_volume,1,0.4983386100749192
LT2H6,face_num,0,0.476970418900139
LT2H6,face_num,1,0.5128052412150089
LT2H6,frame_brightness,0,0.5103079318307682
LT2H6,frame_brightness,1,0.5084793580138554
LT2H6,global_flow,0,0.46343897265498474
LT2H6,global_flow,1,0.4814948329728431
LT2H6,gpt2_surprisal,0,0.502178615090436
LT2H6,gpt2_surprisal,1,0.5019905332121251
LT2H6,local_flow,0,0.4857632467111793
LT2H6,local_flow,1,0.4719549021451784
LT2H6,onset,0,0.5296646918069444
LT2H6,onset,1,0.5461636521321172
LT2H6,pitch,0,0.5258508092745263
LT2H6,pitch,1,0.5147644274474155
LT2H6,speech,0,0.5299990595906084
LT2H6,speech,1,0.5208770884925237
LT2H6,volume,0,0.507794948956668
LT2H6,volume,1,0.5155428774437583
LT2H6,word_gap,0,0.5150935707344597
LT2H6,word_gap,1,0.5144196106705119
LT2H6,word_head_pos,0,0.4953606470016614
LT2H6,word_head_pos,1,0.49613387250138447
LT2H6,word_index,0,0.46013464557420597
LT2H6,word_index,1,0.5365671416495592
LT2H6,word_length,0,0.5027115137456506
LT2H6,word_length,1,0.4955591778732119
LT2H6,word_part_speech,0,0.4670666928978949
LT2H6,word_part_speech,1,0.5004524886877828
LT1A2,delta_volume,0,0.5136045891978308
LT1A2,delta_volume,1,0.48582594067061635
LT1A2,face_num,0,0.48847476045683
LT1A2,face_num,1,0.49336488929291666
LT1A2,frame_brightness,0,0.48619165543399895
LT1A2,frame_brightness,1,0.49817665067970707
LT1A2,global_flow,0,0.5035108617284725
LT1A2,global_flow,1,0.4823673239083414
LT1A2,gpt2_surprisal,0,0.4868133705317493
LT1A2,gpt2_surprisal,1,0.5093361754594945
LT1A2,local_flow,0,0.5311536733435732
LT1A2,local_flow,1,0.5057469462817258
LT1A2,onset,0,0.5627880003761638
LT1A2,onset,1,0.5077165815073718
LT1A2,pitch,0,0.5091271955947044
LT1A2,pitch,1,0.5048692308496077
LT1A2,speech,0,0.565044982915896
LT1A2,speech,1,0.5204277817832252
LT1A2,volume,0,0.5271203619531258
LT1A2,volume,1,0.4895614557537381
LT1A2,word_gap,0,0.5176483495815178
LT1A2,word_gap,1,0.5096548697532992
LT1A2,word_head_pos,0,0.5020845741512805
LT1A2,word_head_pos,1,0.48998463997993796
LT1A2,word_index,0,0.4996452723101074
LT1A2,word_index,1,0.5082719478323874
LT1A2,word_length,0,0.49376195103601767
LT1A2,word_length,1,0.5285466495303177
LT1A2,word_part_speech,0,0.4818611056462719
LT1A2,word_part_speech,1,0.45756443045445605
LT1A14,delta_volume,0,0.5412735232960304
LT1A14,delta_volume,1,0.5306103256951193
LT1A14,face_num,0,0.5100467069997806
LT1A14,face_num,1,0.5212375787592866
LT1A14,frame_brightness,0,0.49590921914673525
LT1A14,frame_brightness,1,0.5008672664388786
LT1A14,global_flow,0,0.537950743445869
LT1A14,global_flow,1,0.4819911601517194
LT1A14,gpt2_surprisal,0,0.4983908550411168
LT1A14,gpt2_surprisal,1,0.5196336582970231
LT1A14,local_flow,0,0.5048378838698891
LT1A14,local_flow,1,0.49480685035996785
LT1A14,onset,0,0.5696477644378963
LT1A14,onset,1,0.5439745880484415
LT1A14,pitch,0,0.5023249009957891
LT1A14,pitch,1,0.49608162753518703
LT1A14,speech,0,0.5314410206576596
LT1A14,speech,1,0.4984274265174551
LT1A14,volume,0,0.47909678902437747
LT1A14,volume,1,0.4882553315988005
LT1A14,word_gap,0,0.5106214016279531
LT1A14,word_gap,1,0.518839534810821
LT1A14,word_head_pos,0,0.4907212940033228
LT1A14,word_head_pos,1,0.4842638161813109
LT1A14,word_index,0,0.5246196111580727
LT1A14,word_index,1,0.5210798816568047
LT1A14,word_length,0,0.5315246126035756
LT1A14,word_length,1,0.5502439839921422
LT1A14,word_part_speech,0,0.5102826414846875
LT1A14,word_part_speech,1,0.4810807266050234
LF3aOFa12,delta_volume,0,0.5274024847705924
LF3aOFa12,delta_volume,1,0.5080352758011766
LF3aOFa12,face_num,0,0.4933962362726351
LF3aOFa12,face_num,1,0.48806202522386966
LF3aOFa12,frame_brightness,0,0.519194800580964
LF3aOFa12,frame_brightness,1,0.5096914412296375
LF3aOFa12,global_flow,0,0.4735797205939207
LF3aOFa12,global_flow,1,0.4804029131793152
LF3aOFa12,gpt2_surprisal,0,0.5319321233399162
LF3aOFa12,gpt2_surprisal,1,0.5068702130549722
LF3aOFa12,local_flow,0,0.48501875594286487
LF3aOFa12,local_flow,1,0.4676185699507852
LF3aOFa12,onset,0,0.5132388744344483
LF3aOFa12,onset,1,0.5487341044690344
LF3aOFa12,pitch,0,0.4612394595780696
LF3aOFa12,pitch,1,0.46582656761021074
LF3aOFa12,speech,0,0.5592248936814938
LF3aOFa12,speech,1,0.5314410206576596
LF3aOFa12,volume,0,0.48470789839398976
LF3aOFa12,volume,1,0.4916146829253002
LF3aOFa12,word_gap,0,0.48837027052443505
LF3aOFa12,word_gap,1,0.4684022444437478
LF3aOFa12,word_head_pos,0,0.48043948465565345
LF3aOFa12,word_head_pos,1,0.5104542177361211
LF3aOFa12,word_index,0,0.49989433643279796
LF3aOFa12,word_index,1,0.5184307450790967
LF3aOFa12,word_length,0,0.4932760728503809
LF3aOFa12,word_length,1,0.48315099840130404
LF3aOFa12,word_part_speech,0,0.48069381598793365
LF3aOFa12,word_part_speech,1,0.47628696963735323
LF3cIc9,delta_volume,0,0.5150726727479807
LF3cIc9,delta_volume,1,0.4827173651818648
LF3cIc9,face_num,0,0.4923983574182627
LF3cIc9,face_num,1,0.5011180422766267
LF3cIc9,frame_brightness,0,0.5103654012935853
LF3cIc9,frame_brightness,1,0.5157309593220694
LF3cIc9,global_flow,0,0.5129880985967001
LF3cIc9,global_flow,1,0.4828949980669363
LF3cIc9,gpt2_surprisal,0,0.5291944871111668
LF3cIc9,gpt2_surprisal,1,0.4829733655162325
LF3cIc9,local_flow,0,0.48724177925456885
LF3cIc9,local_flow,1,0.46708567129557066
LF3cIc9,onset,0,0.5140173244307911
LF3cIc9,onset,1,0.5143882636907935
LF3cIc9,pitch,0,0.49951934631098294
LF3cIc9,pitch,1,0.48615508395766066
LF3cIc9,speech,0,0.5319530213263952
LF3cIc9,speech,1,0.5297430592562407
LF3cIc9,volume,0,0.5056006603763727
LF3cIc9,volume,1,0.4895405577672591
LF3cIc9,word_gap,0,0.5144718556367094
LF3cIc9,word_gap,1,0.4908362329289573
LF3cIc9,word_head_pos,0,0.4934746037219314
LF3cIc9,word_head_pos,1,0.4654138323772504
LF3cIc9,word_index,0,0.49822636155053734
LF3cIc9,word_index,1,0.5136381475667189
LF3cIc9,word_length,0,0.48949353729768136
LF3cIc9,word_length,1,0.5231236220390165
LF3cIc9,word_part_speech,0,0.4925044265197718
LF3cIc9,word_part_speech,1,0.5168142173257262
LF3bOFb11,delta_volume,0,0.4803088722401596
LF3bOFb11,delta_volume,1,0.4855647158396288
LF3bOFb11,face_num,0,0.4986991003416821
LF3bOFb11,face_num,1,0.507690459024273
LF3bOFb11,frame_brightness,0,0.5243148072683197
LF3bOFb11,frame_brightness,1,0.494195584255457
LF3bOFb11,global_flow,0,0.4988715087301338
LF3bOFb11,global_flow,1,0.4668296709612029
LF3bOFb11,gpt2_surprisal,0,0.501280001671839
LF3bOFb11,gpt2_surprisal,1,0.47240682110278676
LF3bOFb11,local_flow,0,0.49595623961631297
LF3bOFb11,local_flow,1,0.49267525573910953
LF3bOFb11,onset,0,0.5579344430164154
LF3bOFb11,onset,1,0.5669571486787248
LF3bOFb11,pitch,0,0.463454646144844
LF3bOFb11,pitch,1,0.5027898811949468
LF3bOFb11,speech,0,0.579318307681055
LF3bOFb11,speech,1,0.5708389496671995
LF3bOFb11,volume,0,0.47220045348630657
LF3bOFb11,volume,1,0.468104448136422
LF3bOFb11,word_gap,0,0.49210578560755674
LF3bOFb11,word_gap,1,0.4855490423497696
LF3bOFb11,word_head_pos,0,0.46281725755723435
LF3bOFb11,word_head_pos,1,0.4823673239083414
LF3bOFb11,word_index,0,0.5261894698707885
LF3bOFb11,word_index,1,0.519328885400314
LF3bOFb11,word_length,0,0.4991745295340793
LF3bOFb11,word_length,1,0.5460330397166233
LF3bOFb11,word_part_speech,0,0.4747327693619254
LF3bOFb11,word_part_speech,1,0.49908190701029576
LF2b7,delta_volume,0,0.5456203044836629
LF2b7,delta_volume,1,0.5036362496473465
LF2b7,face_num,0,0.5390792347157352
LF2b7,face_num,1,0.48257630377313143
LF2b7,frame_brightness,0,0.473532700124343
LF2b7,frame_brightness,1,0.49660930169378176
LF2b7,global_flow,0,0.4782399715787384
LF2b7,global_flow,1,0.45972435555834196
LF2b7,gpt2_surprisal,0,0.4716309833547538
LF2b7,gpt2_surprisal,1,0.5045975570253807
LF2b7,local_flow,0,0.45326687773633006
LF2b7,local_flow,1,0.4878373718692204
LF2b7,onset,0,0.5687752735023981
LF2b7,onset,1,0.5646322476829357
LF2b7,pitch,0,0.4852407970492043
LF2b7,pitch,1,0.49985893859126673
LF2b7,speech,0,0.5687230285362005
LF2b7,speech,1,0.5467435712569093
LF2b7,volume,0,0.4831196514215855
LF2b7,volume,1,0.49066904903712527
LF2b7,word_gap,0,0.4889188426695088
LF2b7,word_gap,1,0.49007868091909346
LF2b7,word_head_pos,0,0.4797237286187476
LF2b7,word_head_pos,1,0.5121678526273993
LF2b7,word_index,0,0.5146570462504528
LF2b7,word_index,1,0.5142494867769593
LF2b7,word_length,0,0.5086099704293492
LF2b7,word_length,1,0.5089600117028724
LF2b7,word_part_speech,0,0.5198242507705423
LF2b7,word_part_speech,1,0.46422060462981185
LF2e5,delta_volume,0,0.514712182481218
LF2e5,delta_volume,1,0.5174027982403895
LF2e5,face_num,0,0.4934641547286919
LF2e5,face_num,1,0.5064470288287723
LF2e5,frame_brightness,0,0.5164310418691159
LF2e5,frame_brightness,1,0.4897286396455701
LF2e5,global_flow,0,0.477325684670282
LF2e5,global_flow,1,0.48816651515626475
LF2e5,gpt2_surprisal,0,0.49443068660334577
LF2e5,gpt2_surprisal,1,0.5075076016425817
LF2e5,local_flow,0,0.5065462942645476
LF2e5,local_flow,1,0.5206890066142127
LF2e5,onset,0,0.5552595007471031
LF2e5,onset,1,0.5767739778272364
LF2e5,pitch,0,0.4994566523515459
LF2e5,pitch,1,0.49093027386811283
LF2e5,speech,0,0.5759380583680762
LF2e5,speech,1,0.5720928288559398
LF2e5,volume,0,0.5026749422693123
LF2e5,volume,1,0.4852460215458241
LF2e5,word_gap,0,0.5009456338881748
LF2e5,word_gap,1,0.49655183223096455
LF2e5,word_head_pos,0,0.5078210714397668
LF2e5,word_head_pos,1,0.5035160862250923
LF2e5,word_index,0,0.4883090810288612
LF2e5,word_index,1,0.5123022581813791
LF2e5,word_length,0,0.5083226231152629
LF2e5,word_length,1,0.49251852084051706
LF2e5,word_part_speech,0,0.4798675322971998
LF2e5,word_part_speech,1,0.47592629024854083
LF2d1,delta_volume,0,0.5059820486296146
LF2d1,delta_volume,1,0.5074083362068065
LF2d1,face_num,0,0.5196493317868823
LF2d1,face_num,1,0.5029152691138209
LF2d1,frame_brightness,0,0.515130142210798
LF2d1,frame_brightness,1,0.4901204768920514
LF2d1,global_flow,0,0.5330240431334441
LF2d1,global_flow,1,0.49768554799745046
LF2d1,gpt2_surprisal,0,0.5035369842115713
LF2d1,gpt2_surprisal,1,0.502032329185083
LF2d1,local_flow,0,0.4942948496912322
LF2d1,local_flow,1,0.49019884434134775
LF2d1,onset,0,0.5389068263272834
LF2d1,onset,1,0.5521404762651119
LF2d1,pitch,0,0.5015360020062067
LF2d1,pitch,1,0.4799222594902981
LF2d1,speech,0,0.5845689267839044
LF2d1,speech,1,0.5561633386623199
LF2d1,volume,0,0.5268748106119975
LF2d1,volume,1,0.5268748106119976
LF2d1,word_gap,0,0.47355882260744175
LF2d1,word_gap,1,0.4626709716518813
LF2d1,word_head_pos,0,0.4979154258487195
LF2d1,word_head_pos,1,0.5140538959071294
LF2d1,word_index,0,0.528431046975003
LF2d1,word_index,1,0.49382622871633863
LF2d1,word_length,0,0.5003186942938048
LF2d1,word_length,1,0.503709392600023
LF2d1,word_part_speech,0,0.4254442914289462
LF2d1,word_part_speech,1,0.48207095547249
LF2aIa5,delta_volume,0,0.49644211780194974
LF2aIa5,delta_volume,1,0.492539418826996
LF2aIa5,face_num,0,0.5175177371660241
LF2aIa5,face_num,1,0.4996969791960545
LF2aIa5,frame_brightness,0,0.5025756768335371
LF2aIa5,frame_brightness,1,0.4901048034021922
LF2aIa5,global_flow,0,0.49088847789515483
LF2aIa5,global_flow,1,0.49626970941349796
LF2aIa5,gpt2_surprisal,0,0.519529168364628
LF2aIa5,gpt2_surprisal,1,0.5243357052547987
LF2aIa5,local_flow,0,0.506096987555249
LF2aIa5,local_flow,1,0.5282331797331327
LF2aIa5,onset,0,0.5614453047448877
LF2aIa5,onset,1,0.5476892051450843
LF2aIa5,pitch,0,0.4692015924265697
LF2aIa5,pitch,1,0.4722788209356028
LF2aIa5,speech,0,0.5591830977085358
LF2aIa5,speech,1,0.568712579542961
LF2aIa5,volume,0,0.48460863295821444
LF2aIa5,volume,1,0.48621777791709775
LF2aIa5,word_gap,0,0.4943627681472891
LF2aIa5,word_gap,1,0.49565321881236746
LF2aIa5,word_head_pos,0,0.4940440738534842
LF2aIa5,word_head_pos,1,0.4826180997460895
LF2aIa5,word_index,0,0.5021661031276416
LF2aIa5,word_index,1,0.5036604878637846
LF2aIa5,word_length,0,0.5012956751616982
LF2aIa5,word_length,1,0.5212428032559063
LF2aIa5,word_part_speech,0,0.5031870942356875
LF2aIa5,word_part_speech,1,0.49974424552429664
LF1aCaOF1,delta_volume,0,0.5098795231079486
LF1aCaOF1,delta_volume,1,0.5081031942572333
LF1aCaOF1,face_num,0,0.49246105137769974
LF1aCaOF1,face_num,1,0.45005381231518343
LF1aCaOF1,frame_brightness,0,0.5242521133088827
LF1aCaOF1,frame_brightness,1,0.522757907275634
LF1aCaOF1,global_flow,0,0.49523525908278737
LF1aCaOF1,global_flow,1,0.5101877684085139
LF1aCaOF1,gpt2_surprisal,0,0.4991431825543609
LF1aCaOF1,gpt2_surprisal,1,0.5313522042151239
LF1aCaOF1,local_flow,0,0.49562709632926866
LF1aCaOF1,local_flow,1,0.49077876346614
LF1aCaOF1,onset,0,0.5222511311035181
LF1aCaOF1,onset,1,0.51844247306772
LF1aCaOF1,pitch,0,0.5083487455983616
LF1aCaOF1,pitch,1,0.49589354565687593
LF1aCaOF1,speech,0,0.5199471280942082
LF1aCaOF1,speech,1,0.5200672915164624
LF1aCaOF1,volume,0,0.5089234402265341
LF1aCaOF1,volume,1,0.48023050479086343
LF1aCaOF1,word_gap,0,0.48906512857486173
LF1aCaOF1,word_gap,1,0.501071021807049
LF1aCaOF1,word_head_pos,0,0.5046915979645361
LF1aCaOF1,word_head_pos,1,0.4907474164864215
LF1aCaOF1,word_index,0,0.5116380871875378
LF1aCaOF1,word_index,1,0.48830153363120393
LF1aCaOF1,word_length,0,0.5132702214141668
LF1aCaOF1,word_length,1,0.5342935958120436
LF1aCaOF1,word_part_speech,0,0.5201390255098695
LF1aCaOF1,word_part_speech,1,0.5175093448750738
LF1aCaOF13,delta_volume,0,0.5185365140068755
LF1aCaOF13,delta_volume,1,0.5069276825177894
LF1aCaOF13,face_num,0,0.4909668453444511
LF1aCaOF13,face_num,1,0.49192815272248525
LF1aCaOF13,frame_brightness,0,0.5015386142545166
LF1aCaOF13,frame_brightness,1,0.507209805335256
LF1aCaOF13,global_flow,0,0.5048326593732694
LF1aCaOF13,global_flow,1,0.5128104657116286
LF1aCaOF13,gpt2_surprisal,0,0.4950994221706739
LF1aCaOF13,gpt2_surprisal,1,0.48827100508865967
LF1aCaOF13,local_flow,0,0.4826912426987659
LF1aCaOF13,local_flow,1,0.5200803527580118
LF1aCaOF13,onset,0,0.5671556795502753
LF1aCaOF13,onset,1,0.54798700145241
LF1aCaOF13,pitch,0,0.4758210296437938
LF1aCaOF13,pitch,1,0.47539262092097423
LF1aCaOF13,speech,0,0.5465972853515564
LF1aCaOF13,speech,1,0.5230766015694389
LF1aCaOF13,volume,0,0.5174210839785587
LF1aCaOF13,volume,1,0.4951882386132096
LF1aCaOF13,word_gap,0,0.4685015098795232
LF1aCaOF13,word_gap,1,0.5122305465868364
LF1aCaOF13,word_head_pos,0,0.5007784499963428
LF1aCaOF13,word_head_pos,1,0.5021315946208583
LF1aCaOF13,word_index,0,0.5231478686149016
LF1aCaOF13,word_index,1,0.48203719357565505
LF1aCaOF13,word_length,0,0.4974687313877308
LF1aCaOF13,word_length,1,0.5108617284724617
LF1aCaOF13,word_part_speech,0,0.5049052396878484
LF1aCaOF13,word_part_speech,1,0.45925634467833953
LF1bIb9,delta_volume,0,0.4609573367606031
LF1bIb9,delta_volume,1,0.49143182554360887
LF1bIb9,face_num,0,0.5129306291338829
LF1bIb9,face_num,1,0.5148271214068525
LF1bIb9,frame_brightness,0,0.5106684220975309
LF1bIb9,frame_brightness,1,0.47528813098857925
LF1bIb9,global_flow,0,0.47250869878687185
LF1bIb9,global_flow,1,0.5191373311181469
LF1bIb9,gpt2_surprisal,0,0.4936679100968621
LF1bIb9,gpt2_surprisal,1,0.4823829973982007
LF1bIb9,local_flow,0,0.4536900619625299
LF1bIb9,local_flow,1,0.5033906983062182
LF1bIb9,onset,0,0.5821604338421993
LF1bIb9,onset,1,0.5602959154885426
LF1bIb9,pitch,0,0.4574569240253702
LF1bIb9,pitch,1,0.46827163202825406
LF1bIb9,speech,0,0.5705045818835355
LF1bIb9,speech,1,0.5232699079443696
LF1bIb9,volume,0,0.507084417416382
LF1bIb9,volume,1,0.4898122315914861
LF1bIb9,word_gap,0,0.4616234600796213
LF1bIb9,word_gap,1,0.49308276647545
LF1bIb9,word_head_pos,0,0.5035944536743884
LF1bIb9,word_head_pos,1,0.4893472513923284
LF1bIb9,word_index,0,0.5212081874169786
LF1bIb9,word_index,1,0.5025736626011351
LF1bIb9,word_length,0,0.5191373311181467
LF1bIb9,word_length,1,0.5118021378640168
LF1bIb9,word_part_speech,0,0.45534789166502726
LF1bIb9,word_part_speech,1,0.48671388287756573
LF1cCb5,delta_volume,0,0.5043258832011536
LF1cCb5,delta_volume,1,0.5205819044335078
LF1cCb5,face_num,0,0.5004231842261998
LF1cCb5,face_num,1,0.4913795805774113
LF1cCb5,frame_brightness,0,0.49478595237348877
LF1cCb5,frame_brightness,1,0.49422693123517547
LF1cCb5,global_flow,0,0.5100101355234423
LF1cCb5,global_flow,1,0.5089652361994922
LF1cCb5,gpt2_surprisal,0,0.5276689340981996
LF1cCb5,gpt2_surprisal,1,0.5211748847998496
LF1cCb5,local_flow,0,0.5077688264735694
LF1cCb5,local_flow,1,0.478647482315079
LF1cCb5,onset,0,0.5620565708493986
LF1cCb5,onset,1,0.536022904193181
LF1cCb5,pitch,0,0.49004210944275517
LF1cCb5,pitch,1,0.49685485303491006
LF1cCb5,speech,0,0.5467383467602897
LF1cCb5,speech,1,0.4949792587484196
LF1cCb5,volume,0,0.5017920023405745
LF1cCb5,volume,1,0.514628590535302
LF1cCb5,word_gap,0,0.5144927536231884
LF1cCb5,word_gap,1,0.5137822220829023
LF1cCb5,word_head_pos,0,0.46759244746768647
LF1cCb5,word_head_pos,1,0.4755284578330877
LF1cCb5,word_index,0,0.5514128728414444
LF1cCb5,word_index,1,0.5199100350199252
LF1cCb5,word_length,0,0.5059193546701776
LF1cCb5,word_length,1,0.48676635006217145
LF1cCb5,word_part_speech,0,0.4903010033444817
LF1cCb5,word_part_speech,1,0.5043412682798871
RF3aOFa6,delta_volume,0,0.5281966082567944
RF3aOFa6,delta_volume,1,0.5246491750519837
RF3aOFa6,face_num,0,0.4969123224977274
RF3aOFa6,face_num,1,0.5121103831645821
RF3aOFa6,frame_brightness,0,0.4812283836452357
RF3aOFa6,frame_brightness,1,0.5165094093184122
RF3aOFa6,global_flow,0,0.48926888394303214
RF3aOFa6,global_flow,1,0.5067500496327179
RF3aOFa6,gpt2_surprisal,0,0.5106214016279531
RF3aOFa6,gpt2_surprisal,1,0.528875792817362
RF3aOFa6,local_flow,0,0.47080551288883316
RF3aOFa6,local_flow,1,0.46460403540118905
RF3aOFa6,onset,0,0.5486034920535406
RF3aOFa6,onset,1,0.5154122650282644
RF3aOFa6,pitch,0,0.4788669111731085
RF3aOFa6,pitch,1,0.4948956668025036
RF3aOFa6,speech,0,0.5307879585801908
RF3aOFa6,speech,1,0.5185574119933545
RF3aOFa6,volume,0,0.5079255613721618
RF3aOFa6,volume,1,0.5239699904914161
RF3aOFa6,word_gap,0,0.5028369016645247
RF3aOFa6,word_gap,1,0.49959771376027917
RF3aOFa6,word_head_pos,0,0.5023196764991693
RF3aOFa6,word_head_pos,1,0.46493317868823336
RF3aOFa6,word_index,0,0.4853806907378336
RF3aOFa6,word_index,1,0.4649498852795556
RF3aOFa6,word_length,0,0.4875291265686551
RF3aOFa6,word_length,1,0.4977639154467467
RF3aOFa6,word_part_speech,0,0.5032264410781035
RF3aOFa6,word_part_speech,1,0.48400550855793817
RF3bOFb2,delta_volume,0,0.5122357710834561
RF3bOFb2,delta_volume,1,0.5376738451250221
RF3bOFb2,face_num,0,0.49400750237714597
RF3bOFb2,face_num,1,0.4873044732140058
RF3bOFb2,frame_brightness,0,0.5014628590535303
RF3bOFb2,frame_brightness,1,0.5119327502795106
RF3bOFb2,global_flow,0,0.5213263952018223
RF3bOFb2,global_flow,1,0.5119693217558487
RF3bOFb2,gpt2_surprisal,0,0.4884852094500695
RF3bOFb2,gpt2_surprisal,1,0.5059742118846849
RF3bOFb2,local_flow,0,0.5091480935811835
RF3bOFb2,local_flow,1,0.5027376362287495
RF3bOFb2,onset,0,0.5111856472628863
RF3bOFb2,onset,1,0.4854550014106141
RF3bOFb2,pitch,0,0.4969645674639249
RF3bOFb2,pitch,1,0.4585122723425598
RF3bOFb2,speech,0,0.497466119139421
RF3bOFb2,speech,1,0.4760770299781616
RF3bOFb2,volume,0,0.5121156076612018
RF3bOFb2,volume,1,0.505553639906795
RF3bOFb2,word_gap,0,0.5071732338589178
RF3bOFb2,word_gap,1,0.5042370667586178
RF3bOFb2,word_head_pos,0,0.5064522533253921
RF3bOFb2,word_head_pos,1,0.5055588644034147
RF3bOFb2,word_index,0,0.4771389324960753
RF3bOFb2,word_index,1,0.47321805941311434
RF3bOFb2,word_length,0,0.5184607588058892
RF3bOFb2,word_length,1,0.5017136348912782
RF3bOFb2,word_part_speech,0,0.5242835595776771
RF3bOFb2,word_part_speech,1,0.5221063676306643
RF3bOFb14,delta_volume,0,0.5124290774583868
RF3bOFb14,delta_volume,1,0.49753403759547765
RF3bOFb14,face_num,0,0.483213692360741
RF3bOFb14,face_num,1,0.5037250660898822
RF3bOFb14,frame_brightness,0,0.5024398399214236
RF3bOFb14,frame_brightness,1,0.5221623146609824
RF3bOFb14,global_flow,0,0.532564287430906
RF3bOFb14,global_flow,1,0.5082860516389245
RF3bOFb14,gpt2_surprisal,0,0.5233326019038066
RF3bOFb14,gpt2_surprisal,1,0.5388598058577057
RF3bOFb14,local_flow,0,0.5112143819942948
RF3bOFb14,local_flow,1,0.5157675307984075
RF3bOFb14,onset,0,0.5311693468334326
RF3bOFb14,onset,1,0.5526890484101856
RF3bOFb14,pitch,0,0.47186608570264266
RF3bOFb14,pitch,1,0.4692068169231895
RF3bOFb14,speech,0,0.529988610597369
RF3bOFb14,speech,1,0.5160862250922124
RF3bOFb14,volume,0,0.47432159911392535
RF3bOFb14,volume,1,0.49578905572448095
RF3bOFb14,word_gap,0,0.49492701378222204
RF3bOFb14,word_gap,1,0.5140068754375516
RF3bOFb14,word_head_pos,0,0.48743508562949955
RF3bOFb14,word_head_pos,1,0.5001097144290148
RF3bOFb14,word_index,0,0.5106871150827195
RF3bOFb14,word_index,1,0.49178088395121355
RF3bOFb14,word_length,0,0.5066821311766612
RF3bOFb14,word_length,1,0.523196764991693
RF3bOFb14,word_part_speech,0,0.4998163814020592
RF3bOFb14,word_part_speech,1,0.4864253393665158
RF2I10,delta_volume,0,0.5035108617284725
RF2I10,delta_volume,1,0.5017606553608559
RF2I10,face_num,0,0.5018703697898708
RF2I10,face_num,1,0.5092473590169587
RF2I10,frame_brightness,0,0.4668453444510621
RF2I10,frame_brightness,1,0.4911288047396633
RF2I10,global_flow,0,0.5436611182512565
RF2I10,global_flow,1,0.48631704335287296
RF2I10,gpt2_surprisal,0,0.5065097227882094
RF2I10,gpt2_surprisal,1,0.5058200892344022
RF2I10,local_flow,0,0.47659425514351694
RF2I10,local_flow,1,0.48099850579396675
RF2I10,onset,0,0.5200568425232228
RF2I10,onset,1,0.5141270388598058
RF2I10,pitch,0,0.4659519555290848
RF2I10,pitch,1,0.45955194716989023
RF2I10,speech,0,0.5094772368682277
RF2I10,speech,1,0.49074219198980173
RF2I10,volume,0,0.4945769725086988
RF2I10,volume,1,0.482774834644682
RF2I10,word_gap,0,0.4881038211968277
RF2I10,word_gap,1,0.4746664158908289
RF2I10,word_head_pos,0,0.49547036143067613
RF2I10,word_head_pos,1,0.49272227620868725
RF2I10,word_index,0,0.4920450428692187
RF2I10,word_index,1,0.4894185484844825
RF2I10,word_length,0,0.48926365944641237
RF2I10,word_length,1,0.5235833777415546
RF2I10,word_part_speech,0,0.49378975670535774
RF2I10,word_part_speech,1,0.48319889828841234
RF1aCaOF9,delta_volume,0,0.5169430425378515
RF1aCaOF9,delta_volume,1,0.5191895760843444
RF1aCaOF9,face_num,0,0.4785482168793037
RF1aCaOF9,face_num,1,0.5068754375515919
RF1aCaOF9,frame_brightness,0,0.4941224413027805
RF1aCaOF9,frame_brightness,1,0.471751146777008
RF1aCaOF9,global_flow,0,0.5131134865155742
RF1aCaOF9,global_flow,1,0.5292467320773644
RF1aCaOF9,gpt2_surprisal,0,0.509660094249919
RF1aCaOF9,gpt2_surprisal,1,0.5042057197788993
RF1aCaOF9,local_flow,0,0.4711346561758775
RF1aCaOF9,local_flow,1,0.5078262959363865
RF1aCaOF9,onset,0,0.5654733916387156
RF1aCaOF9,onset,1,0.5239229700218384
RF1aCaOF9,pitch,0,0.4359058754688986
RF1aCaOF9,pitch,1,0.45860631328171525
RF1aCaOF9,speech,0,0.5316865719987879
RF1aCaOF9,speech,1,0.5059298036634171
RF1aCaOF9,volume,0,0.48049172962185094
RF1aCaOF9,volume,1,0.49758628256167514
RF1aCaOF9,word_gap,0,0.47592029507956907
RF1aCaOF9,word_gap,1,0.4726393112023657
RF1aCaOF9,word_head_pos,0,0.4817038128376331
RF1aCaOF9,word_head_pos,1,0.49825501812900325
RF1aCaOF9,word_index,0,0.5176156261321097
RF1aCaOF9,word_index,1,0.4921356116411062
RF1aCaOF9,word_length,0,0.4903555792399402
RF1aCaOF9,word_length,1,0.5472242249459265
RF1aCaOF9,word_part_speech,0,0.522329333071021
RF1aCaOF9,word_part_speech,1,0.5010426913240212
RF1bCb5,delta_volume,0,0.48934202689570855
RF1bCb5,delta_volume,1,0.5041639238059412
RF1bCb5,face_num,0,0.5240849294170506
RF1bCb5,face_num,1,0.5216607629854864
RF1bCb5,frame_brightness,0,0.5116558519586638
RF1bCb5,frame_brightness,1,0.5478145930639583
RF1bCb5,global_flow,0,0.5053707825251037
RF1bCb5,global_flow,1,0.5154749589877016
RF1bCb5,gpt2_surprisal,0,0.4899689664900787
RF1bCb5,gpt2_surprisal,1,0.48581026718075715
RF1bCb5,local_flow,0,0.47112943167925764
RF1bCb5,local_flow,1,0.4828035693760906
RF1bCb5,onset,0,0.5041534748127018
RF1bCb5,onset,1,0.5343144937985225
RF1bCb5,pitch,0,0.511504341556691
RF1bCb5,pitch,1,0.507105315402861
RF1bCb5,speech,0,0.5165407562981307
RF1bCb5,speech,1,0.4949061157957431
RF1bCb5,volume,0,0.46852763236262185
RF1bCb5,volume,1,0.4628277065504739
RF1bCb5,word_gap,0,0.4822105890097489
RF1bCb5,word_gap,1,0.49502627921799736
RF1bCb5,word_head_pos,0,0.49060635507768824
RF1bCb5,word_head_pos,1,0.49613387250138447
RF1bCb5,word_index,0,0.47298786378456714
RF1bCb5,word_index,1,0.5048907136819225
RF1bCb5,word_length,0,0.4849586742317378
RF1bCb5,word_length,1,0.4919072547360062
RF1bCb5,word_part_speech,0,0.5078693684831792
RF1bCb5,word_part_speech,1,0.47462784444881634
LT2H7,delta_volume,0,0.5274651787300293
LT2H7,delta_volume,1,0.5504529638569323
LT2H7,face_num,0,0.48541320543765615
LT2H7,face_num,1,0.5158667962341829
LT2H7,frame_brightness,0,0.5346593105754261
LT2H7,frame_brightness,1,0.5012904506650784
LT2H7,global_flow,0,0.5008724909354983
LT2H7,global_flow,1,0.49028243628726376
LT2H7,gpt2_surprisal,0,0.5098168291485116
LT2H7,gpt2_surprisal,1,0.507481479159483
LT2H7,local_flow,0,0.4796976061356488
LT2H7,local_flow,1,0.4810533630084741
LT2H7,onset,0,0.552328558143423
LT2H7,onset,1,0.5526733749203264
LT2H7,pitch,0,0.4977116704805492
LT2H7,pitch,1,0.5016300429453622
LT2H7,speech,0,0.5180245133381399
LT2H7,speech,1,0.5094406653918895
LT2H7,volume,0,0.4846504289311725
LT2H7,volume,1,0.49553305539011316
LT2H7,word_gap,0,0.5041221278329833
LT2H7,word_gap,1,0.5196284338004034
LT2H7,word_head_pos,0,0.4681201216262813
LT2H7,word_head_pos,1,0.5023614724721273
LT2H7,word_index,0,0.5080455259026687
LT2H7,word_index,1,0.5180458277985751
LT2H7,word_length,0,0.48966072118951337
LT2H7,word_length,1,0.5128052412150089
LT2H7,word_part_speech,0,0.4898353990425601
LT2H7,word_part_speech,1,0.46086300741032193
LT1A3,delta_volume,0,0.5101511969321756
LT1A3,delta_volume,1,0.5064783758084909
LT1A3,face_num,0,0.4759882135356258
LT1A3,face_num,1,0.4943366456641903
LT1A3,frame_brightness,0,0.5022151865667743
LT1A3,frame_brightness,1,0.5159974086496766
LT1A3,global_flow,0,0.517287859314755
LT1A3,global_flow,1,0.4981870996729465
LT1A3,gpt2_surprisal,0,0.49958204027041997
LT1A3,gpt2_surprisal,1,0.5090253179106193
LT1A3,local_flow,0,0.5238759495522607
LT1A3,local_flow,1,0.5060499670856713
LT1A3,onset,0,0.5393718065264412
LT1A3,onset,1,0.519048514675611
LT1A3,pitch,0,0.5046027815220003
LT1A3,pitch,1,0.5087614808313219
LT1A3,speech,0,0.5251298287410007
LT1A3,speech,1,0.5204121082933659
LT1A3,volume,0,0.5250723592781836
LT1A3,volume,1,0.4775451135283115
LT1A3,word_gap,0,0.5215040280868939
LT1A3,word_gap,1,0.5184894935372977
LT1A3,word_head_pos,0,0.5171781448857403
LT1A3,word_head_pos,1,0.49231476547234676
LT1A3,word_index,0,0.508498369762106
LT1A3,word_index,1,0.5477750271706315
LT1A3,word_length,0,0.5139337324848751
LT1A3,word_length,1,0.5043467811876325
LT1A3,word_part_speech,0,0.48687782805429863
LT1A3,word_part_speech,1,0.4862286051544364
LF3aOFa1,delta_volume,0,0.5317440414616051
LF3aOFa1,delta_volume,1,0.5195396173578676
LF3aOFa1,face_num,0,0.4781981756057804
LF3aOFa1,face_num,1,0.4950524017010961
LF3aOFa1,frame_brightness,0,0.49802514027773426
LF3aOFa1,frame_brightness,1,0.5188708817905394
LF3aOFa1,global_flow,0,0.4902197423278267
LF3aOFa1,global_flow,1,0.5008463684523996
LF3aOFa1,gpt2_surprisal,0,0.48163589438157633
LF3aOFa1,gpt2_surprisal,1,0.49760195605153446
LF3aOFa1,local_flow,0,0.49076308997628076
LF3aOFa1,local_flow,1,0.5162220620043259
LF3aOFa1,onset,0,0.5158250002612248
LF3aOFa1,onset,1,0.521122639833652
LF3aOFa1,pitch,0,0.48151050646270227
LF3aOFa1,pitch,1,0.49099296782754986
LF3aOFa1,speech,0,0.5424176880557557
LF3aOFa1,speech,1,0.5018181248236733
LF3aOFa1,volume,0,0.5082442556659665
LF3aOFa1,volume,1,0.5171938183755995
LF3aOFa1,word_gap,0,0.5119118522930315
LF3aOFa1,word_gap,1,0.5042266177653782
LF3aOFa1,word_head_pos,0,0.49347982821855113
LF3aOFa1,word_head_pos,1,0.4892427614599334
LF3aOFa1,word_index,0,0.5365520468542446
LF3aOFa1,word_index,1,0.5193213380026567
LF3aOFa1,word_length,0,0.49072651849994253
LF3aOFa1,word_length,1,0.49054366111825115
LF3aOFa1,word_part_speech,0,0.5233195619384878
LF3aOFa1,word_part_speech,1,0.49597350645943994
LF3aOFa13,delta_volume,0,0.49255509231685535
LF3aOFa13,delta_volume,1,0.5034533922656552
LF3aOFa13,face_num,0,0.5101355234423163
LF3aOFa13,face_num,1,0.5045296385693239
LF3aOFa13,frame_brightness,0,0.512847037187967
LF3aOFa13,frame_brightness,1,0.4922102755399517
LF3aOFa13,global_flow,0,0.48569010375850286
LF3aOFa13,global_flow,1,0.4996133872501385
LF3aOFa13,gpt2_surprisal,0,0.50754417311892
LF3aOFa13,gpt2_surprisal,1,0.5151876116736153
LF3aOFa13,local_flow,0,0.45426475659070253
LF3aOFa13,local_flow,1,0.4839189994044074
LF3aOFa13,onset,0,0.5378932739830518
LF3aOFa13,onset,1,0.5260650136359362
LF3aOFa13,pitch,0,0.5010657973104291
LF3aOFa13,pitch,1,0.4959196681399747
LF3aOFa13,speech,0,0.5081815617065296
LF3aOFa13,speech,1,0.48749777958893664
LF3aOFa13,volume,0,0.4731304138846222
LF3aOFa13,volume,1,0.4504926700312425
LF3aOFa13,word_gap,0,0.5138240180558603
LF3aOFa13,word_gap,1,0.49738775169012467
LF3aOFa13,word_head_pos,0,0.5039549439411513
LF3aOFa13,word_head_pos,1,0.5218227223806986
LF3aOFa13,word_index,0,0.5200534355754135
LF3aOFa13,word_index,1,0.5100908706677937
LF3aOFa13,word_length,0,0.4985998349059068
LF3aOFa13,word_length,1,0.533760697156829
LF3aOFa13,word_part_speech,0,0.5009639976391894
LF3aOFa13,word_part_speech,1,0.4670011148272018
LF3cIc10,delta_volume,0,0.5267650961829828
LF3cIc10,delta_volume,1,0.4870223503965393
LF3cIc10,face_num,0,0.488161290659645
LF3cIc10,face_num,1,0.503855678505376
LF3cIc10,frame_brightness,0,0.525208196190297
LF3cIc10,frame_brightness,1,0.5029936365631171
LF3cIc10,global_flow,0,0.515360020062067
LF3cIc10,global_flow,1,0.5041221278329833
LF3cIc10,gpt2_surprisal,0,0.5159399391868593
LF3cIc10,gpt2_surprisal,1,0.4832450393404595
LF3cIc10,local_flow,0,0.48466610242103175
LF3cIc10,local_flow,1,0.4887882302540151
LF3cIc10,onset,0,0.5026801667659321
LF3cIc10,onset,1,0.5044773936031264
LF3cIc10,pitch,0,0.4920692141312185
LF3cIc10,pitch,1,0.473344618246032
LF3cIc10,speech,0,0.5155167549606596
LF3cIc10,speech,1,0.5133276908769839
LF3cIc10,volume,0,0.48709026885259604
LF3cIc10,volume,1,0.4811447916993198
LF3cIc10,word_gap,0,0.5135209972519148
LF3cIc10,word_gap,1,0.4894883128010616
LF3cIc10,word_head_pos,0,0.5046289040050991
LF3cIc10,word_head_pos,1,0.49253419433037626
LF3cIc10,word_index,0,0.5009811616954474
LF3cIc10,word_index,1,0.5170344765124985
LF3cIc10,word_length,0,0.503960168437771
LF3cIc10,word_length,1,0.5399778481343323
LF3cIc10,word_part_speech,0,0.49277985441668304
LF3cIc10,word_part_speech,1,0.5207882484097317
LF3bOFb12,delta_volume,0,0.5235206837821176
LF3bOFb12,delta_volume,1,0.5109766673980962
LF3bOFb12,face_num,0,0.49130121312811503
LF3bOFb12,face_num,1,0.5078053979499075
LF3bOFb12,frame_brightness,0,0.5203598633271684
LF3bOFb12,frame_brightness,1,0.5273397908111555
LF3bOFb12,global_flow,0,0.5168594505919355
LF3bOFb12,global_flow,1,0.49611297451490555
LF3bOFb12,gpt2_surprisal,0,0.528938486776799
LF3bOFb12,gpt2_surprisal,1,0.49617566847434247
LF3bOFb12,local_flow,0,0.48416977524215543
LF3bOFb12,local_flow,1,0.5099317680741461
LF3bOFb12,onset,0,0.5480026749422693
LF3bOFb12,onset,1,0.5535510903524445
LF3bOFb12,pitch,0,0.4569188008735358
LF3bOFb12,pitch,1,0.48668798261287527
LF3bOFb12,speech,0,0.562803673866023
LF3bOFb12,speech,1,0.535813924328391
LF3bOFb12,volume,0,0.4779265017815534
LF3bOFb12,volume,1,0.5077270305006113
LF3bOFb12,word_gap,0,0.4892270879700741
LF3bOFb12,word_gap,1,0.5218331713739381
LF3bOFb12,word_head_pos,0,0.49212668359403566
LF3bOFb12,word_head_pos,1,0.5330135941402045
LF3bOFb12,word_index,0,0.548575051322304
LF3bOFb12,word_index,1,0.5263479652215917
LF3bOFb12,word_length,0,0.47977597358494506
LF3bOFb12,word_length,1,0.5061701305079256
LF3bOFb12,word_part_speech,0,0.49549478654338
LF3bOFb12,word_part_speech,1,0.4887008984195685
LF2b8,delta_volume,0,0.5084845825104751
LF2b8,delta_volume,1,0.4995036728211237
LF2b8,face_num,0,0.4985893859126673
LF2b8,face_num,1,0.5273972602739725
LF2b8,frame_brightness,0,0.4969697919605446
LF2b8,frame_brightness,1,0.48868374032162
LF2b8,global_flow,0,0.5260232176629781
LF2b8,global_flow,1,0.5225854988871823
LF2b8,gpt2_surprisal,0,0.5035735556879094
LF2b8,gpt2_surprisal,1,0.48273826316834373
LF2b8,local_flow,0,0.4911758252092411
LF2b8,local_flow,1,0.49226774500276904
LF2b8,onset,0,0.6022747458282394
LF2b8,onset,1,0.5862459901988444
LF2b8,pitch,0,0.4918968057427667
LF2b8,pitch,1,0.5119014032997922
LF2b8,speech,0,0.5749506285069433
LF2b8,speech,1,0.5467723059883179
LF2b8,volume,0,0.4976385275278727
LF2b8,volume,1,0.47696519440351925
LF2b8,word_gap,0,0.4722004534863066
LF2b8,word_gap,1,0.4808260974055151
LF2b8,word_head_pos,0,0.49883493725379563
LF2b8,word_head_pos,1,0.4772316437311265
LF2b8,word_index,0,0.508317232218331
LF2b8,word_index,1,0.5144910035019925
LF2b8,word_length,0,0.4757740091742161
LF2b8,word_length,1,0.5279615059089057
LF2b8,word_part_speech,0,0.5134107154567513
LF2b8,word_part_speech,1,0.5003410059676044
LF2e6,delta_volume,0,0.5243487664963481
LF2e6,delta_volume,1,0.5247745629708578
LF2e6,face_num,0,0.49309321546868956
LF2e6,face_num,1,0.5056529053425702
LF2e6,frame_brightness,0,0.49132733561121383
LF2e6,frame_brightness,1,0.5087771543211812
LF2e6,global_flow,0,0.4869178604641443
LF2e6,global_flow,1,0.49595101511969325
LF2e6,gpt2_surprisal,0,0.5084062150611789
LF2e6,gpt2_surprisal,1,0.5182805136725076
LF2e6,local_flow,0,0.495747259751523
LF2e6,local_flow,1,0.5262530955142471
LF2e6,onset,0,0.5410593189346207
LF2e6,onset,1,0.548786349435232
LF2e6,pitch,0,0.47506347763393
LF2e6,pitch,1,0.4848959802723008
LF2e6,speech,0,0.548470267389737
LF2e6,speech,1,0.5232124384815524
LF2e6,volume,0,0.5134583032924778
LF2e6,volume,1,0.49999477550338023
LF2e6,word_gap,0,0.4824038953846797
LF2e6,word_gap,1,0.4923199899689665
LF2e6,word_head_pos,0,0.51739234924715
LF2e6,word_head_pos,1,0.4929887255362946
LF2e6,word_index,0,0.5330274121482912
LF2e6,word_index,1,0.49180352614418554
LF2e6,word_length,0,0.5014158385839524
LF2e6,word_length,1,0.49668766914307805
LF2e6,word_part_speech,0,0.46460751524690147
LF2e6,word_part_speech,1,0.4799068791396157
LF2d2,delta_volume,0,0.5120111177288069
LF2d2,delta_volume,1,0.5156787143558719
LF2d2,face_num,0,0.5452284672371817
LF2d2,face_num,1,0.503479514748754
LF2d2,frame_brightness,0,0.505490945947358
LF2d2,frame_brightness,1,0.5109244224318987
LF2d2,global_flow,0,0.5060656405755305
LF2d2,global_flow,1,0.4947075849241925
LF2d2,gpt2_surprisal,0,0.508886868750196
LF2d2,gpt2_surprisal,1,0.48093058733791005
LF2d2,local_flow,0,0.5029831875698777
LF2d2,local_flow,1,0.4699957159127718
LF2d2,onset,0,0.5663275968360448
LF2d2,onset,1,0.5425639739611088
LF2d2,pitch,0,0.5105691566617556
LF2d2,pitch,1,0.4939970533839064
LF2d2,speech,0,0.5774165909114657
LF2d2,speech,1,0.548598267556921
LF2d2,volume,0,0.5287817518782065
LF2d2,volume,1,0.5008045724794417
LF2d2,word_gap,0,0.49019884434134775
LF2d2,word_gap,1,0.49174007084417415
LF2d2,word_head_pos,0,0.4914474990334681
LF2d2,word_head_pos,1,0.4748179262928017
LF2d2,word_index,0,0.51004558628185
LF2d2,word_index,1,0.47627098176548727
LF2d2,word_length,0,0.47469253837392766
LF2d2,word_length,1,0.5180454113246189
LF2d2,word_part_speech,0,0.47577546068594667
LF2d2,word_part_speech,1,0.4994294707849695
LF2aIa6,delta_volume,0,0.5048222103800298
LF2aIa6,delta_volume,1,0.5070426214434239
LF2aIa6,face_num,0,0.47778021587620034
LF2aIa6,face_num,1,0.4930148480193933
LF2aIa6,frame_brightness,0,0.4883754950210547
LF2aIa6,frame_brightness,1,0.4847967148365255
LF2aIa6,global_flow,0,0.48310136568341644
LF2aIa6,global_flow,1,0.5077583774803298
LF2aIa6,gpt2_surprisal,0,0.5279249344325674
LF2aIa6,gpt2_surprisal,1,0.4924401533912208
LF2aIa6,local_flow,0,0.501614369455503
LF2aIa6,local_flow,1,0.5036571476338255
LF2aIa6,onset,0,0.5876931757625152
LF2aIa6,onset,1,0.5779494895666802
LF2aIa6,pitch,0,0.46365840151301424
LF2aIa6,pitch,1,0.46678265049162515
LF2aIa6,speech,0,0.5831374147100926
LF2aIa6,speech,1,0.5697365808804322
LF2aIa6,volume,0,0.48920096548697534
LF2aIa6,volume,1,0.5123036895395129
LF2aIa6,word_gap,0,0.5253335841091711
LF2aIa6,word_gap,1,0.531686571998788
LF2aIa6,word_head_pos,0,0.496541383237725
LF2aIa6,word_head_pos,1,0.5006164906011306
LF2aIa6,word_index,0,0.5168684337640381
LF2aIa6,word_index,1,0.5066190677454414
LF2aIa6,word_length,0,0.48145303699988506
LF2aIa6,word_length,1,0.5168019811291182
LF2aIa6,word_part_speech,0,0.4717292937241786
LF2aIa6,word_part_speech,1,0.4874221260410519
LF1aCaOF2,delta_volume,0,0.49038170172303897
LF1aCaOF2,delta_volume,1,0.5242312153224037
LF1aCaOF2,face_num,0,0.5168960220682738
LF1aCaOF2,face_num,1,0.48364732558018037
LF1aCaOF2,frame_brightness,0,0.49258121479995404
LF1aCaOF2,frame_brightness,1,0.5186566774291297
LF1aCaOF2,global_flow,0,0.5316708985089287
LF1aCaOF2,global_flow,1,0.5088085013008997
LF1aCaOF2,gpt2_surprisal,0,0.5051513536670742
LF1aCaOF2,gpt2_surprisal,1,0.5224496619750687
LF1aCaOF2,local_flow,0,0.49504195270785656
LF1aCaOF2,local_flow,1,0.5090436036487884
LF1aCaOF2,onset,0,0.5263053404804447
LF1aCaOF2,onset,1,0.5513254547924307
LF1aCaOF2,pitch,0,0.45399308276647543
LF1aCaOF2,pitch,1,0.4936052161374252
LF1aCaOF2,speech,0,0.5338129421230264
LF1aCaOF2,speech,1,0.5400509910870088
LF1aCaOF2,volume,0,0.47567996823506054
LF1aCaOF2,volume,1,0.492351336948685
LF1aCaOF2,word_gap,0,0.5047020469577755
LF1aCaOF2,word_gap,1,0.4850840621506118
LF1aCaOF2,word_head_pos,0,0.524476766663532
LF1aCaOF2,word_head_pos,1,0.5078524184194853
LF1aCaOF2,word_index,0,0.5164306846999155
LF1aCaOF2,word_index,1,0.48238437386789035
LF1aCaOF2,word_length,0,0.4975444865887172
LF1aCaOF2,word_length,1,0.5148218969102327
LF1aCaOF2,word_part_speech,0,0.5119811135156404
LF1aCaOF2,word_part_speech,1,0.47574267165059997
LF1aCaOF14,delta_volume,0,0.5134217318161396
LF1aCaOF14,delta_volume,1,0.5195605153443466
LF1aCaOF14,face_num,0,0.49087280440529546
LF1aCaOF14,face_num,1,0.5023771459619866
LF1aCaOF14,frame_brightness,0,0.4968862000146286
LF1aCaOF14,frame_brightness,1,0.5062223754741231
LF1aCaOF14,global_flow,0,0.5097593596856943
LF1aCaOF14,global_flow,1,0.49763330303125297
LF1aCaOF14,gpt2_surprisal,0,0.5103810747834445
LF1aCaOF14,gpt2_surprisal,1,0.5163213274401012
LF1aCaOF14,local_flow,0,0.47785335882887686
LF1aCaOF14,local_flow,1,0.516932593544612
LF1aCaOF14,onset,0,0.542940137717731
LF1aCaOF14,onset,1,0.5506985151980606
LF1aCaOF14,pitch,0,0.4683343259876911
LF1aCaOF14,pitch,1,0.47250347429025213
LF1aCaOF14,speech,0,0.531540286093435
LF1aCaOF14,speech,1,0.5303282028776527
LF1aCaOF14,volume,0,0.5031451469650898
LF1aCaOF14,volume,1,0.4888665977033113
LF1aCaOF14,word_gap,0,0.4617723582332842
LF1aCaOF14,word_gap,1,0.509534706331045
LF1aCaOF14,word_head_pos,0,0.51487936637305
LF1aCaOF14,word_head_pos,1,0.49756538457519617
LF1aCaOF14,word_index,0,0.5142759026687598
LF1aCaOF14,word_index,1,0.48787133196473864
LF1aCaOF14,word_length,0,0.49436276814728897
LF1aCaOF14,word_length,1,0.49953501980084214
LF1aCaOF14,word_part_speech,0,0.4979080595448882
LF1aCaOF14,word_part_speech,1,0.4760246573545806
LF1bIb10,delta_volume,0,0.4494425462106726
LF1bIb10,delta_volume,1,0.4932708483537611
LF1bIb10,face_num,0,0.4928424396309416
LF1bIb10,face_num,1,0.5164676133454542
LF1bIb10,frame_brightness,0,0.4911026822565646
LF1bIb10,frame_brightness,1,0.47305204643532595
LF1bIb10,global_flow,0,0.5131866294682508
LF1bIb10,global_flow,1,0.5457404679059173
LF1bIb10,gpt2_surprisal,0,0.4970742818929396
LF1bIb10,gpt2_surprisal,1,0.4995924892636595
LF1bIb10,local_flow,0,0.46749840652853103
LF1bIb10,local_flow,1,0.5052558435994692
LF1bIb10,onset,0,0.5949055933460812
LF1bIb10,onset,1,0.564668819159274
LF1bIb10,pitch,0,0.4725504947598299
LF1bIb10,pitch,1,0.45831374147100923
LF1bIb10,speech,0,0.5515396591538405
LF1bIb10,speech,1,0.5155507141886879
LF1bIb10,volume,0,0.5263053404804447
LF1bIb10,volume,1,0.50356310669467
LF1bIb10,word_gap,0,0.48513630711680933
LF1bIb10,word_gap,1,0.5222824780832367
LF1bIb10,word_head_pos,0,0.4947702788836295
LF1bIb10,word_head_pos,1,0.5073978872135669
LF1bIb10,word_index,0,0.511985267479773
LF1bIb10,word_index,1,0.47386336191281253
LF1bIb10,word_length,0,0.5224757844581674
LF1bIb10,word_length,1,0.529084772682152
LF1bIb10,word_part_speech,0,0.4752114892779854
LF1bIb10,word_part_speech,1,0.4830611843399567
LF1cCb6,delta_volume,0,0.524602154582406
LF1cCb6,delta_volume,1,0.5514978631808826
LF1cCb6,face_num,0,0.49380897150559544
LF1cCb6,face_num,1,0.5052035986332717
LF1cCb6,frame_brightness,0,0.4856483077855449
LF1cCb6,frame_brightness,1,0.5120006687355674
LF1cCb6,global_flow,0,0.5172930838113747
LF1cCb6,global_flow,1,0.5046602509848176
LF1cCb6,gpt2_surprisal,0,0.5179461458888437
LF1cCb6,gpt2_surprisal,1,0.5138553650355788
LF1cCb6,local_flow,0,0.5050886597076372
LF1cCb6,local_flow,1,0.5123454855124709
LF1cCb6,onset,0,0.5798877778126077
LF1cCb6,onset,1,0.5541989279332936
LF1cCb6,pitch,0,0.4768502554778847
LF1cCb6,pitch,1,0.507439683186525
LF1cCb6,speech,0,0.5488856148710072
LF1cCb6,speech,1,0.49282676614108234
LF1cCb6,volume,0,0.49038692621965874
LF1cCb6,volume,1,0.4760665809849221
LF1cCb6,word_gap,0,0.509472012371608
LF1cCb6,word_gap,1,0.5106005036414742
LF1cCb6,word_head_pos,0,0.48858447488584467
LF1cCb6,word_head_pos,1,0.5084375620408974
LF1cCb6,word_index,0,0.5397672382562493
LF1cCb6,word_index,1,0.5172458036469025
LF1cCb6,word_length,0,0.4764009487685861
LF1cCb6,word_length,1,0.4982341201425243
LF1cCb6,word_part_speech,0,0.4745229195357073
LF1cCb6,word_part_speech,1,0.4743655321660437
RF3aOFa7,delta_volume,0,0.4962017909574412
RF3aOFa7,delta_volume,1,0.4785743393624024
RF3aOFa7,face_num,0,0.48508406215061184
RF3aOFa7,face_num,1,0.48507883765399207
RF3aOFa7,frame_brightness,0,0.4843578571204665
RF3aOFa7,frame_brightness,1,0.4879000658286574
RF3aOFa7,global_flow,0,0.5188499838040604
RF3aOFa7,global_flow,1,0.5256992988725536
RF3aOFa7,gpt2_surprisal,0,0.47657858165365763
RF3aOFa7,gpt2_surprisal,1,0.48150528196608255
RF3aOFa7,local_flow,0,0.4975601600785764
RF3aOFa7,local_flow,1,0.5223869680156317
RF3aOFa7,onset,0,0.5290273032193348
RF3aOFa7,onset,1,0.5003970617431011
RF3aOFa7,pitch,0,0.494425462106726
RF3aOFa7,pitch,1,0.4921214590974159
RF3aOFa7,speech,0,0.5538384376665308
RF3aOFa7,speech,1,0.5018755942864905
RF3aOFa7,volume,0,0.46926428638600665
RF3aOFa7,volume,1,0.501509879523108
RF3aOFa7,word_gap,0,0.4990804885949239
RF3aOFa7,word_gap,1,0.48427426517455047
RF3aOFa7,word_head_pos,0,0.5075337241256804
RF3aOFa7,word_head_pos,1,0.4510934871425138
RF3aOFa7,word_index,0,0.5166646540272913
RF3aOFa7,word_index,1,0.4926186450911726
RF3aOFa7,word_length,0,0.4862439004001964
RF3aOFa7,word_length,1,0.522799703248592
RF3aOFa7,word_part_speech,0,0.48313332021771915
RF3aOFa7,word_part_speech,1,0.4628631385664634
RF3bOFb3,delta_volume,0,0.520809170036467
RF3bOFb3,delta_volume,1,0.528813098857925
RF3bOFb3,face_num,0,0.4968130570619521
RF3bOFb3,face_num,1,0.4933335423131981
RF3bOFb3,frame_brightness,0,0.4995715912771804
RF3bOFb3,frame_brightness,1,0.515819775764605
RF3bOFb3,global_flow,0,0.49647868927828803
RF3bOFb3,global_flow,1,0.5011964097259229
RF3bOFb3,gpt2_surprisal,0,0.4815679759255196
RF3bOFb3,gpt2_surprisal,1,0.5042631892417164
RF3bOFb3,local_flow,0,0.5233691733801448
RF3bOFb3,local_flow,1,0.5032496368974849
RF3bOFb3,onset,0,0.5500402286239721
RF3bOFb3,onset,1,0.5107363405535876
RF3bOFb3,pitch,0,0.47432682361054507
RF3bOFb3,pitch,1,0.4571748012079036
RF3bOFb3,speech,0,0.5123402610158511
RF3bOFb3,speech,1,0.5118021378640168
RF3bOFb3,volume,0,0.48541842993427575
RF3bOFb3,volume,1,0.4845459389987775
RF3bOFb3,word_gap,0,0.4944568090864445
RF3bOFb3,word_gap,1,0.5072150298318757
RF3bOFb3,word_head_pos,0,0.5221779881508416
RF3bOFb3,word_head_pos,1,0.517078879449965
RF3bOFb3,word_index,0,0.5099248279193335
RF3bOFb3,word_index,1,0.4941054824296583
RF3bOFb3,word_length,0,0.5122357710834561
RF3bOFb3,word_length,1,0.492142357083895
RF3bOFb3,word_part_speech,0,0.4691783067742147
RF3bOFb3,word_part_speech,1,0.49948849104859333
RF3bOFb15,delta_volume,0,0.46683489545782264
RF3bOFb15,delta_volume,1,0.4869596564371024
RF3bOFb15,face_num,0,0.47909678902437747
RF3bOFb15,face_num,1,0.4984901204768921
RF3bOFb15,frame_brightness,0,0.5000574694628173
RF3bOFb15,frame_brightness,1,0.5155742244234768
RF3bOFb15,global_flow,0,0.5028160036780456
RF3bOFb15,global_flow,1,0.5145345495961464
RF3bOFb15,gpt2_surprisal,0,0.5129776496034607
RF3bOFb15,gpt2_surprisal,1,0.5235050102922583
RF3bOFb15,local_flow,0,0.4859565530861102
RF3bOFb15,local_flow,1,0.49215803057375423
RF3bOFb15,onset,0,0.5310387344179388
RF3bOFb15,onset,1,0.5568738702026059
RF3bOFb15,pitch,0,0.48455638799201695
RF3bOFb15,pitch,1,0.47022559376404083
RF3bOFb15,speech,0,0.5250566857883243
RF3bOFb15,speech,1,0.5247536649843788
RF3bOFb15,volume,0,0.5042004952822795
RF3bOFb15,volume,1,0.4967608120957546
RF3bOFb15,word_gap,0,0.4914736215165668
RF3bOFb15,word_gap,1,0.5155794489200966
RF3bOFb15,word_head_pos,0,0.5087876033144206
RF3bOFb15,word_head_pos,1,0.4966981181363176
RF3bOFb15,word_index,0,0.5246120637604154
RF3bOFb15,word_index,1,0.4978112546793866
RF3bOFb15,word_length,0,0.5125910368535992
RF3bOFb15,word_length,1,0.5461741011253566
RF3bOFb15,word_part_speech,0,0.508590727260804
RF3bOFb15,word_part_speech,1,0.49138959931798804
RF2I11,delta_volume,0,0.49898644765576833
RF2I11,delta_volume,1,0.4947180339174321
RF2I11,face_num,0,0.4942217067385557
RF2I11,face_num,1,0.5215510485564716
RF2I11,frame_brightness,0,0.46015798877778125
RF2I11,frame_brightness,1,0.4754291923973125
RF2I11,global_flow,0,0.5461479786422578
RF2I11,global_flow,1,0.5077322549972311
RF2I11,gpt2_surprisal,0,0.5066769066800414
RF2I11,gpt2_surprisal,1,0.5061231100383478
RF2I11,local_flow,0,0.47077939040573435
RF2I11,local_flow,1,0.4994827748346447
RF2I11,onset,0,0.5141009163767071
RF2I11,onset,1,0.5116192804823255
RF2I11,pitch,0,0.46320909480371564
RF2I11,pitch,1,0.46486526023217667
RF2I11,speech,0,0.5121312811510611
RF2I11,speech,1,0.49629844414490665
RF2I11,volume,0,0.49478072787686905
RF2I11,volume,1,0.4858311651672362
RF2I11,word_gap,0,0.4963376278695548
RF2I11,word_gap,1,0.46353040134583035
RF2I11,word_head_pos,0,0.49755493558195674
RF2I11,word_head_pos,1,0.4853923074511771
RF2I11,word_index,0,0.4724293563579278
RF2I11,word_index,1,0.4857203236324116
RF2I11,word_length,0,0.4818265885081972
RF2I11,word_length,1,0.5146703865082599
RF2I11,word_part_speech,0,0.5148403173978622
RF2I11,word_part_speech,1,0.5188143484818677
RF1aCaOF10,delta_volume,0,0.5395755618946114
RF1aCaOF10,delta_volume,1,0.5131500579919124
RF1aCaOF10,face_num,0,0.4785325433894445
RF1aCaOF10,face_num,1,0.49603983156222897
RF1aCaOF10,frame_brightness,0,0.49449860505940246
RF1aCaOF10,frame_brightness,1,0.475544131322947
RF1aCaOF10,global_flow,0,0.5314305716644201
RF1aCaOF10,global_flow,1,0.5388441323678463
RF1aCaOF10,gpt2_surprisal,0,0.5007888989895823
RF1aCaOF10,gpt2_surprisal,1,0.5063634368828565
RF1aCaOF10,local_flow,0,0.46649007868091913
RF1aCaOF10,local_flow,1,0.5080875207673741
RF1aCaOF10,onset,0,0.5589532198572666
RF1aCaOF10,onset,1,0.5259552992069214
RF1aCaOF10,pitch,0,0.435602854664953
RF1aCaOF10,pitch,1,0.4563859022183213
RF1aCaOF10,speech,0,0.5436036487884393
RF1aCaOF10,speech,1,0.5063529878896168
RF1aCaOF10,volume,0,0.4919856221853025
RF1aCaOF10,volume,1,0.4995559177873212
RF1aCaOF10,word_gap,0,0.4742118846849106
RF1aCaOF10,word_gap,1,0.4815052819660826
RF1aCaOF10,word_head_pos,0,0.49433142116757056
RF1aCaOF10,word_head_pos,1,0.49388211445827196
RF1aCaOF10,word_index,0,0.5126343436782997
RF1aCaOF10,word_index,1,0.497848991667673
RF1aCaOF10,word_length,0,0.4953449735118022
RF1aCaOF10,word_length,1,0.5416549115492723
RF1aCaOF10,word_part_speech,0,0.5189979670798086
RF1aCaOF10,word_part_speech,1,0.49331103678929766
RF1bCb6,delta_volume,0,0.5196597807801219
RF1bCb6,delta_volume,1,0.5276271381252416
RF1bCb6,face_num,0,0.48176128230045034
RF1bCb6,face_num,1,0.48458251047511575
RF1bCb6,frame_brightness,0,0.4989864476557684
RF1bCb6,frame_brightness,1,0.49649958726476706
RF1bCb6,global_flow,0,0.4800267494226932
RF1bCb6,global_flow,1,0.4881194946866869
RF1bCb6,gpt2_surprisal,0,0.49074219198980173
RF1bCb6,gpt2_surprisal,1,0.4748440487759005
RF1bCb6,local_flow,0,0.5117185459181008
RF1bCb6,local_flow,1,0.5021577171039571
RF1bCb6,onset,0,0.5453747531425347
RF1bCb6,onset,1,0.5427154843630816
RF1bCb6,pitch,0,0.45110393613575334
RF1bCb6,pitch,1,0.5012225322090217
RF1bCb6,speech,0,0.5089182157299144
RF1bCb6,speech,1,0.49650481176138683
RF1bCb6,volume,0,0.5181342277671547
RF1bCb6,volume,1,0.5158981432139014
RF1bCb6,word_gap,0,0.48668275811625555
RF1bCb6,word_gap,1,0.528457833087782
RF1bCb6,word_head_pos,0,0.4935111751982697
RF1bCb6,word_head_pos,1,0.48047083163537196
RF1bCb6,word_index,0,0.5211704504286921
RF1bCb6,word_index,1,0.5325368313005676
RF1bCb6,word_length,0,0.4687366122274119
RF1bCb6,word_length,1,0.5054857214507382
RF1bCb6,word_part_speech,0,0.524716374844252
RF1bCb6,word_part_speech,1,0.5260738409076006
LT2H8,delta_volume,0,0.48361075410384213
LT2H8,delta_volume,1,0.4933439913064376
LT2H8,face_num,0,0.48105075076016424
LT2H8,face_num,1,0.4844362245697627
LT2H8,frame_brightness,0,0.49655183223096455
LT2H8,frame_brightness,1,0.46387783037104374
LT2H8,global_flow,0,0.5203285163474499
LT2H8,global_flow,1,0.510543034178657
LT2H8,gpt2_surprisal,0,0.5283272206722882
LT2H8,gpt2_surprisal,1,0.5062641714470811
LT2H8,local_flow,0,0.4908466819221968
LT2H8,local_flow,1,0.5036937191101638
LT2H8,onset,0,0.5547788470580859
LT2H8,onset,1,0.5635298788961683
LT2H8,pitch,0,0.5044251486369289
LT2H8,pitch,1,0.5177476150172932
LT2H8,speech,0,0.5412056048399737
LT2H8,speech,1,0.5022935540160706
LT2H8,volume,0,0.4940649718399633
LT2H8,volume,1,0.5106527486076716
LT2H8,word_gap,0,0.5106318506211927
LT2H8,word_gap,1,0.4838563054449704
LT2H8,word_head_pos,0,0.4846817759108909
LT2H8,word_head_pos,1,0.507481479159483
LT2H8,word_index,0,0.4899015819345489
LT2H8,word_index,1,0.5370577224972829
LT2H8,word_length,0,0.49133256010783366
LT2H8,word_length,1,0.47615017293083817
LT2H8,word_part_speech,0,0.49689815725621356
LT2H8,word_part_speech,1,0.4870352154239622
LT1A4,delta_volume,0,0.50775315298371
LT1A4,delta_volume,1,0.5126694043028954
LT1A4,face_num,0,0.471207799128554
LT1A4,face_num,1,0.5037668620628403
LT1A4,frame_brightness,0,0.5031660449515689
LT1A4,frame_brightness,1,0.4949479117687011
LT1A4,global_flow,0,0.4985214674566105
LT1A4,global_flow,1,0.4947807278768691
LT1A4,gpt2_surprisal,0,0.5096809922363981
LT1A4,gpt2_surprisal,1,0.5277107300711577
LT1A4,local_flow,0,0.515255530129672
LT1A4,local_flow,1,0.5022883295194508
LT1A4,onset,0,0.5596637513975528
LT1A4,onset,1,0.5568843191958455
LT1A4,pitch,0,0.503897474478334
LT1A4,pitch,1,0.5103862992800643
LT1A4,speech,0,0.5568999926857048
LT1A4,speech,1,0.5350772703050061
LT1A4,volume,0,0.5311118773706154
LT1A4,volume,1,0.500501551675496
LT1A4,word_gap,0,0.5236930921705693
LT1A4,word_gap,1,0.5073717647304682
LT1A4,word_head_pos,0,0.5177214925341944
LT1A4,word_head_pos,1,0.4954390144509576
LT1A4,word_index,0,0.5280310348991668
LT1A4,word_index,1,0.5557375316990701
LT1A4,word_length,0,0.5193672089694158
LT1A4,word_length,1,0.5121521791375402
LT1A4,word_part_speech,0,0.48437274575381994
LT1A4,word_part_speech,1,0.487507377532953
LF3aOFa2,delta_volume,0,0.5339122075588016
LF3aOFa2,delta_volume,1,0.5307043666342749
LF3aOFa2,face_num,0,0.46815669310261965
LF3aOFa2,face_num,1,0.5063582123862366
LF3aOFa2,frame_brightness,0,0.47482837528604116
LF3aOFa2,frame_brightness,1,0.5387448669320711
LF3aOFa2,global_flow,0,0.4962331379371598
LF3aOFa2,global_flow,1,0.5087092358651244
LF3aOFa2,gpt2_surprisal,0,0.49142137655036944
LF3aOFa2,gpt2_surprisal,1,0.5045766590389017
LF3aOFa2,local_flow,0,0.4772420927243661
LF3aOFa2,local_flow,1,0.5127947922217695
LF3aOFa2,onset,0,0.5038295560222772
LF3aOFa2,onset,1,0.5192940660167393
LF3aOFa2,pitch,0,0.4959039946501155
LF3aOFa2,pitch,1,0.499096162084783
LF3aOFa2,speech,0,0.5296960387866629
LF3aOFa2,speech,1,0.4908728044052955
LF3aOFa2,volume,0,0.501865145293251
LF3aOFa2,volume,1,0.4919934589302321
LF3aOFa2,word_gap,0,0.4955278308934934
LF3aOFa2,word_gap,1,0.4979310993385787
LF3aOFa2,word_head_pos,0,0.4835950806139828
LF3aOFa2,word_head_pos,1,0.4906429265540265
LF3aOFa2,word_index,0,0.5380766211810167
LF3aOFa2,word_index,1,0.5417144668518294
LF3aOFa2,word_length,0,0.49850056947013155
LF3aOFa2,word_length,1,0.5130978130257149
LF3aOFa2,word_part_speech,0,0.5149845891533872
LF3aOFa2,word_part_speech,1,0.49047150632828385
LF3aOFa14,delta_volume,0,0.4892114144802149
LF3aOFa14,delta_volume,1,0.47914903399057507
LF3aOFa14,face_num,0,0.4972780372611099
LF3aOFa14,face_num,1,0.48998463997993796
LF3aOFa14,frame_brightness,0,0.5220317022454886
LF3aOFa14,frame_brightness,1,0.49227296949938876
LF3aOFa14,global_flow,0,0.48430038765764916
LF3aOFa14,global_flow,1,0.49123329467205845
LF3aOFa14,gpt2_surprisal,0,0.4889188426695088
LF3aOFa14,gpt2_surprisal,1,0.49468668693771356
LF3aOFa14,local_flow,0,0.4477236868227747
LF3aOFa14,local_flow,1,0.47223702496264486
LF3aOFa14,onset,0,0.512596261350219
LF3aOFa14,onset,1,0.541451156181102
LF3aOFa14,pitch,0,0.5063164164132786
LF3aOFa14,pitch,1,0.5171729203891205
LF3aOFa14,speech,0,0.4975444865887172
LF3aOFa14,speech,1,0.4938350939886942
LF3aOFa14,volume,0,0.47381482294180954
LF3aOFa14,volume,1,0.46088941830454644
LF3aOFa14,word_gap,0,0.5128574861812064
LF3aOFa14,word_gap,1,0.5255321149807216
LF3aOFa14,word_head_pos,0,0.4972832617577297
LF3aOFa14,word_head_pos,1,0.5178050844801103
LF3aOFa14,word_index,0,0.5211251660427485
LF3aOFa14,word_index,1,0.5121890472165198
LF3aOFa14,word_length,0,0.49782660940618373
LF3aOFa14,word_length,1,0.5194037804457541
LF3aOFa14,word_part_speech,0,0.5163879598662208
LF3aOFa14,word_part_speech,1,0.4677749360613811
LF3bOFb1,delta_volume,0,0.45750916899156757
LF3bOFb1,delta_volume,1,0.5064627023186317
LF3bOFb1,face_num,0,0.5096966657262573
LF3bOFb1,face_num,1,0.4736528635465973
LF3bOFb1,frame_brightness,0,0.5073090707710313
LF3bOFb1,frame_brightness,1,0.48674545207569253
LF3bOFb1,global_flow,0,0.43989216638976836
LF3bOFb1,global_flow,1,0.4797498511018463
LF3bOFb1,gpt2_surprisal,0,0.502178615090436
LF3bOFb1,gpt2_surprisal,1,0.5006635110707083
LF3bOFb1,local_flow,0,0.468671306019665
LF3bOFb1,local_flow,1,0.46570117969133673
LF3bOFb1,onset,0,0.5330815125962612
LF3bOFb1,onset,1,0.556560400405421
LF3bOFb1,pitch,0,0.5191164331316678
LF3bOFb1,pitch,1,0.5339331055452807
LF3bOFb1,speech,0,0.521122639833652
LF3bOFb1,speech,1,0.5371827424427656
LF3bOFb1,volume,0,0.5105378096820372
LF3bOFb1,volume,1,0.513599364701211
LF3bOFb1,word_gap,0,0.4903242322602217
LF3bOFb1,word_gap,1,0.4923356634588258
LF3bOFb1,word_head_pos,0,0.503646698640586
LF3bOFb1,word_head_pos,1,0.47742495010605734
LF3bOFb1,word_index,0,0.49298846757637965
LF3bOFb1,word_index,1,0.5312084893128849
LF3bOFb1,word_length,0,0.4641834634232992
LF3bOFb1,word_length,1,0.4757896826640753
LF3bOFb1,word_part_speech,0,0.5197193258574333
LF3bOFb1,word_part_speech,1,0.5300741032198832
LF3bOFb13,delta_volume,0,0.5247641139776182
LF3bOFb13,delta_volume,1,0.5164153683792567
LF3bOFb13,face_num,0,0.5330971860861207
LF3bOFb13,face_num,1,0.4931088889585489
LF3bOFb13,frame_brightness,0,0.5319112253534373
LF3bOFb13,frame_brightness,1,0.5233012549240881
LF3bOFb13,global_flow,0,0.5042893117248153
LF3bOFb13,global_flow,1,0.49722579229491237
LF3bOFb13,gpt2_surprisal,0,0.513599364701211
LF3bOFb13,gpt2_surprisal,1,0.4959823620994117
LF3bOFb13,local_flow,0,0.49819232416956627
LF3bOFb13,local_flow,1,0.5021838395870558
LF3bOFb13,onset,0,0.558509137644588
LF3bOFb13,onset,1,0.5524905175386352
LF3bOFb13,pitch,0,0.5169221445513724
LF3bOFb13,pitch,1,0.5053969050082026
LF3bOFb13,speech,0,0.5677042516953492
LF3bOFb13,speech,1,0.55092316855271
LF3bOFb13,volume,0,0.5221623146609824
LF3bOFb13,volume,1,0.4905123141385328
LF3bOFb13,word_gap,0,0.5034272697825565
LF3bOFb13,word_gap,1,0.5076956835208928
LF3bOFb13,word_head_pos,0,0.46062819347355877
LF3bOFb13,word_head_pos,1,0.47976030009508586
LF3bOFb13,word_index,0,0.5513751358531578
LF3bOFb13,word_index,1,0.5245667793744717
LF3bOFb13,word_length,0,0.4928372151343218
LF3bOFb13,word_length,1,0.5030354325360751
LF3bOFb13,word_part_speech,0,0.4484425208210374
LF3bOFb13,word_part_speech,1,0.46152534592432287
LF2b9,delta_volume,0,0.5165512052913701
LF2b9,delta_volume,1,0.5048796798428472
LF2b9,face_num,0,0.5040855563566451
LF2b9,face_num,1,0.4943784416371482
LF2b9,frame_brightness,0,0.4892793329362716
LF2b9,frame_brightness,1,0.4846713269176516
LF2b9,global_flow,0,0.5203755368170276
LF2b9,global_flow,1,0.5304588152931465
LF2b9,gpt2_surprisal,0,0.5026331462963542
LF2b9,gpt2_surprisal,1,0.4938455429819337
LF2b9,local_flow,0,0.49880359027407706
LF2b9,local_flow,1,0.49109223326332513
LF2b9,onset,0,0.5695014785325434
LF2b9,onset,1,0.5689111104145116
LF2b9,pitch,0,0.5179722683719424
LF2b9,pitch,1,0.5306521216680773
LF2b9,speech,0,0.5624640815857391
LF2b9,speech,1,0.5681065379350698
LF2b9,volume,0,0.515213734156714
LF2b9,volume,1,0.49141615205374967
LF2b9,word_gap,0,0.4876231675078107
LF2b9,word_gap,1,0.504550536555803
LF2b9,word_head_pos,0,0.5103967482733038
LF2b9,word_head_pos,1,0.4730572709319457
LF2b9,word_index,0,0.5332236444873808
LF2b9,word_index,1,0.5370879120879122
LF2b9,word_length,0,0.49738252719350495
LF2b9,word_length,1,0.528666812952572
LF2b9,word_part_speech,0,0.49187815594465206
LF2b9,word_part_speech,1,0.46082366056790613
LF2e7,delta_volume,0,0.5307853463318809
LF2e7,delta_volume,1,0.5195918623240651
LF2e7,face_num,0,0.4995924892636594
LF2e7,face_num,1,0.508212908686248
LF2e7,frame_brightness,0,0.484619081951454
LF2e7,frame_brightness,1,0.4985893859126673
LF2e7,global_flow,0,0.4920378671515
LF2e7,global_flow,1,0.5001097144290148
LF2e7,gpt2_surprisal,0,0.5234788878091596
LF2e7,gpt2_surprisal,1,0.5295393038880705
LF2e7,local_flow,0,0.4974138741732234
LF2e7,local_flow,1,0.5200098220536451
LF2e7,onset,0,0.5451030793183077
LF2e7,onset,1,0.5379298454593899
LF2e7,pitch,0,0.4797028306322686
LF2e7,pitch,1,0.4921893775534727
LF2e7,speech,0,0.5460069172335246
LF2e7,speech,1,0.51676540965278
LF2e7,volume,0,0.5048535573597484
LF2e7,volume,1,0.5170423079736267
LF2e7,word_gap,0,0.4876649634807686
LF2e7,word_gap,1,0.49489566680250363
LF2e7,word_head_pos,0,0.49759150705829497
LF2e7,word_head_pos,1,0.49077353896952036
LF2e7,word_index,0,0.5289518174133558
LF2e7,word_index,1,0.4900298876947229
LF2e7,word_length,0,0.5061126610451083
LF2e7,word_length,1,0.5012538791887402
LF2e7,word_part_speech,0,0.4732966096137452
LF2e7,word_part_speech,1,0.47829693750409863
LF2d3,delta_volume,0,0.535981108220223
LF2d3,delta_volume,1,0.5279040364460884
LF2d3,face_num,0,0.549267003124249
LF2d3,face_num,1,0.5193933314525145
LF2d3,frame_brightness,0,0.48644243127174697
LF2d3,frame_brightness,1,0.48145826149650484
LF2d3,global_flow,0,0.5142942227516379
LF2d3,global_flow,1,0.5040333113904475
LF2d3,gpt2_surprisal,0,0.5275174236962269
LF2d3,gpt2_surprisal,1,0.5237087656604286
LF2d3,local_flow,0,0.5300251820737072
LF2d3,local_flow,1,0.5006373885876095
LF2d3,onset,0,0.5897411784374575
LF2d3,onset,1,0.5525297012632833
LF2d3,pitch,0,0.4815366289458011
LF2d3,pitch,1,0.4778220118491583
LF2d3,speech,0,0.5567328087938727
LF2d3,speech,1,0.5647994315747678
LF2d3,volume,0,0.49443068660334577
LF2d3,volume,1,0.49902824362872633
LF2d3,word_gap,0,0.4848541842993428
LF2d3,word_gap,1,0.4899062725306417
LF2d3,word_head_pos,0,0.49958204027041997
LF2d3,word_head_pos,1,0.5060081711127133
LF2d3,word_index,0,0.48019562854727693
LF2d3,word_index,1,0.48208247796159887
LF2d3,word_length,0,0.4798334430477623
LF2d3,word_length,1,0.4947702788836296
LF2d3,word_part_speech,0,0.49285199029444554
LF2d3,word_part_speech,1,0.506184012066365
LF2aIa7,delta_volume,0,0.4901831708514885
LF2aIa7,delta_volume,1,0.5220996207015455
LF2aIa7,face_num,0,0.49280586815460325
LF2aIa7,face_num,1,0.5052035986332717
LF2aIa7,frame_brightness,0,0.4883650460278153
LF2aIa7,frame_brightness,1,0.5207621495668892
LF2aIa7,global_flow,0,0.4857005527517424
LF2aIa7,global_flow,1,0.5069956009738462
LF2aIa7,gpt2_surprisal,0,0.5335569417886586
LF2aIa7,gpt2_surprisal,1,0.5079673573451198
LF2aIa7,local_flow,0,0.46710134478543
LF2aIa7,local_flow,1,0.5010187768408514
LF2aIa7,onset,0,0.5597107718671306
LF2aIa7,onset,1,0.5500715756036907
LF2aIa7,pitch,0,0.46265007366540234
LF2aIa7,pitch,1,0.470894329331369
LF2aIa7,speech,0,0.5336457582311944
LF2aIa7,speech,1,0.5155794489200966
LF2aIa7,volume,0,0.501107593283387
LF2aIa7,volume,1,0.4988976312132326
LF2aIa7,word_gap,0,0.4791594829838145
LF2aIa7,word_gap,1,0.4951516671368713
LF2aIa7,word_head_pos,0,0.49850056947013166
LF2aIa7,word_head_pos,1,0.4843526326238467
LF2aIa7,word_index,0,0.5485750513223041
LF2aIa7,word_index,1,0.5117890351406835
LF2aIa7,word_length,0,0.49217370406361344
LF2aIa7,word_length,1,0.5350145763455691
LF2aIa7,word_part_speech,0,0.48486458128401866
LF2aIa7,word_part_speech,1,0.4831070889894419
LF1aCaOF3,delta_volume,0,0.4983908550411168
LF1aCaOF3,delta_volume,1,0.49812701796181935
LF1aCaOF3,face_num,0,0.4974243231664629
LF1aCaOF3,face_num,1,0.4946762379444741
LF1aCaOF3,frame_brightness,0,0.48504749067427355
LF1aCaOF3,frame_brightness,1,0.47586282561675186
LF1aCaOF3,global_flow,0,0.4935738691577067
LF1aCaOF3,global_flow,1,0.484995245708076
LF1aCaOF3,gpt2_surprisal,0,0.5048378838698891
LF1aCaOF3,gpt2_surprisal,1,0.5201247609792796
LF1aCaOF3,local_flow,0,0.4577494958360762
LF1aCaOF3,local_flow,1,0.4731251893880025
LF1aCaOF3,onset,0,0.5570985235572552
LF1aCaOF3,onset,1,0.5433424239574517
LF1aCaOF3,pitch,0,0.48226283397594644
LF1aCaOF3,pitch,1,0.47979687157142403
LF1aCaOF3,speech,0,0.528896690803841
LF1aCaOF3,speech,1,0.5234788878091596
LF1aCaOF3,volume,0,0.5154801834843213
LF1aCaOF3,volume,1,0.4986468553754846
LF1aCaOF3,word_gap,0,0.4858363896638559
LF1aCaOF3,word_gap,1,0.47701221487309703
LF1aCaOF3,word_head_pos,0,0.5090958486149859
LF1aCaOF3,word_head_pos,1,0.47896095211226397
LF1aCaOF3,word_index,0,0.5234271223282212
LF1aCaOF3,word_index,1,0.4878185001811375
LF1aCaOF3,word_length,0,0.48396079537736536
LF1aCaOF3,word_length,1,0.5101250744490768
LF1aCaOF3,word_part_speech,0,0.5403370712833628
LF1aCaOF3,word_part_speech,1,0.5012656567643781
LF1aCaOF15,delta_volume,0,0.4990334681253461
LF1aCaOF15,delta_volume,1,0.5272353008787605
LF1aCaOF15,face_num,0,0.4736058430770196
LF1aCaOF15,face_num,1,0.47732046017366225
LF1aCaOF15,frame_brightness,0,0.48902855709852355
LF1aCaOF15,frame_brightness,1,0.5257724418252301
LF1aCaOF15,global_flow,0,0.5073874382203274
LF1aCaOF15,global_flow,1,0.5060238446025725
LF1aCaOF15,gpt2_surprisal,0,0.515318224089109
LF1aCaOF15,gpt2_surprisal,1,0.5181499012570139
LF1aCaOF15,local_flow,0,0.4820277316280576
LF1aCaOF15,local_flow,1,0.5294400384522951
LF1aCaOF15,onset,0,0.5412056048399737
LF1aCaOF15,onset,1,0.5504790863400312
LF1aCaOF15,pitch,0,0.4707584924192554
LF1aCaOF15,pitch,1,0.4685224078660021
LF1aCaOF15,speech,0,0.5115095660533108
LF1aCaOF15,speech,1,0.507439683186525
LF1aCaOF15,volume,0,0.49672685286772617
LF1aCaOF15,volume,1,0.499916408054084
LF1aCaOF15,word_gap,0,0.4722840454322226
LF1aCaOF15,word_gap,1,0.5145241006029069
LF1aCaOF15,word_head_pos,0,0.5092787059966772
LF1aCaOF15,word_head_pos,1,0.5035474332048107
LF1aCaOF15,word_index,0,0.5328764641951454
LF1aCaOF15,word_index,1,0.5250196232339089
LF1aCaOF15,word_length,0,0.48834937253795596
LF1aCaOF15,word_length,1,0.49921110101041766
LF1aCaOF15,word_part_speech,0,0.5136467965112466
LF1aCaOF15,word_part_speech,1,0.47646403042822477
LF1bIb11,delta_volume,0,0.48210087458073414
LF1bIb11,delta_volume,1,0.5064470288287723
LF1bIb11,face_num,0,0.557652320198949
LF1bIb11,face_num,1,0.5035683311912896
LF1bIb11,frame_brightness,0,0.505114782190736
LF1bIb11,frame_brightness,1,0.5204904757426623
LF1bIb11,global_flow,0,0.5142681002685392
LF1bIb11,global_flow,1,0.5072307033217349
LF1bIb11,gpt2_surprisal,0,0.5128783841676854
LF1bIb11,gpt2_surprisal,1,0.4948956668025035
LF1bIb11,local_flow,0,0.4555290847726821
LF1bIb11,local_flow,1,0.4516368347909679
LF1bIb11,onset,0,0.5823380667272708
LF1bIb11,onset,1,0.555447582625414
LF1bIb11,pitch,0,0.4779891957409904
LF1bIb11,pitch,1,0.5058462117175011
LF1bIb11,speech,0,0.5632843275550401
LF1bIb11,speech,1,0.5433476484540715
LF1bIb11,volume,0,0.5204330062798449
LF1bIb11,volume,1,0.5104489932395014
LF1bIb11,word_gap,0,0.4966928936396978
LF1bIb11,word_gap,1,0.46764991693050373
LF1bIb11,word_head_pos,0,0.5076486630513151
LF1bIb11,word_head_pos,1,0.49511509566053313
LF1bIb11,word_index,0,0.5388540031397174
LF1bIb11,word_index,1,0.47787857746648954
LF1bIb11,word_length,0,0.4887412097844373
LF1bIb11,word_length,1,0.5093309509628748
LF1bIb11,word_part_speech,0,0.500019673421208
LF1bIb11,word_part_speech,1,0.49660961374516366
LF1cCb7,delta_volume,0,0.5094145429087906
LF1cCb7,delta_volume,1,0.5071836828521572
LF1cCb7,face_num,0,0.5016404919386017
LF1cCb7,face_num,1,0.49901779463548684
LF1cCb7,frame_brightness,0,0.48001630042945365
LF1cCb7,frame_brightness,1,0.4803767906962164
LF1cCb7,global_flow,0,0.5073613157372288
LF1cCb7,global_flow,1,0.49968653020281495
LF1cCb7,gpt2_surprisal,0,0.5359654347303637
LF1cCb7,gpt2_surprisal,1,0.5314932656238571
LF1cCb7,local_flow,0,0.5018546963000116
LF1cCb7,local_flow,1,0.4813694450539691
LF1cCb7,onset,0,0.5389538467968611
LF1cCb7,onset,1,0.5238289290826829
LF1cCb7,pitch,0,0.49344325674221295
LF1cCb7,pitch,1,0.505574537893274
LF1cCb7,speech,0,0.531158897840193
LF1cCb7,speech,1,0.5105430341786569
LF1cCb7,volume,0,0.5022465335464927
LF1cCb7,volume,1,0.52053749621224
LF1cCb7,word_gap,0,0.4943314211675705
LF1cCb7,word_gap,1,0.5159399391868593
LF1cCb7,word_head_pos,0,0.4917452953407939
LF1cCb7,word_head_pos,1,0.5020009822053645
LF1cCb7,word_index,0,0.5090946141770318
LF1cCb7,word_index,1,0.5093134887090931
LF1cCb7,word_length,0,0.4982811406121021
LF1cCb7,word_length,1,0.49271182721544776
LF1cCb7,word_part_speech,0,0.5027542789691127
LF1cCb7,word_part_speech,1,0.4839923929437996
RF3aOFa8,delta_volume,0,0.47413351723561437
RF3aOFa8,delta_volume,1,0.4872731262342873
RF3aOFa8,face_num,0,0.4861211247296323
RF3aOFa8,face_num,1,0.49029288528050324
RF3aOFa8,frame_brightness,0,0.47605090749506285
RF3aOFa8,frame_brightness,1,0.4959666886095525
RF3aOFa8,global_flow,0,0.4906794980303648
RF3aOFa8,global_flow,1,0.507418785200046
RF3aOFa8,gpt2_surprisal,0,0.48351671316468653
RF3aOFa8,gpt2_surprisal,1,0.4898592520610639
RF3aOFa8,local_flow,0,0.4865730436872407
RF3aOFa8,local_flow,1,0.49402840036362494
RF3aOFa8,onset,0,0.5173244307910932
RF3aOFa8,onset,1,0.5244715421669122
RF3aOFa8,pitch,0,0.4717615957702475
RF3aOFa8,pitch,1,0.46602509848176127
RF3aOFa8,speech,0,0.5529502732411732
RF3aOFa8,speech,1,0.5235415817685967
RF3aOFa8,volume,0,0.4735797205939207
RF3aOFa8,volume,1,0.4847653678568071
RF3aOFa8,word_gap,0,0.4931245624484081
RF3aOFa8,word_gap,1,0.47978119808156483
RF3aOFa8,word_head_pos,0,0.4968182815585719
RF3aOFa8,word_head_pos,1,0.44563911267149403
RF3aOFa8,word_index,0,0.49923771283661394
RF3aOFa8,word_index,1,0.48613543050356234
RF3aOFa8,word_length,0,0.4716362078513735
RF3aOFa8,word_length,1,0.5211539868133706
RF3aOFa8,word_part_speech,0,0.48836645025903336
RF3aOFa8,word_part_speech,1,0.44671781756180734
RF3bOFb4,delta_volume,0,0.5078001734532878
RF3bOFb4,delta_volume,1,0.5360647001661389
RF3bOFb4,face_num,0,0.49132211111459406
RF3bOFb4,face_num,1,0.4969332204842063
RF3bOFb4,frame_brightness,0,0.48932635340584935
RF3bOFb4,frame_brightness,1,0.4995271830559126
RF3bOFb4,global_flow,0,0.518149901257014
RF3bOFb4,global_flow,1,0.5079725818417395
RF3bOFb4,gpt2_surprisal,0,0.49911183557464245
RF3bOFb4,gpt2_surprisal,1,0.5428931172481531
RF3bOFb4,local_flow,0,0.4749537632049152
RF3bOFb4,local_flow,1,0.47798397124437064
RF3bOFb4,onset,0,0.5312215917996301
RF3bOFb4,onset,1,0.5080143778146975
RF3bOFb4,pitch,0,0.46509513808344566
RF3bOFb4,pitch,1,0.45219063143266147
RF3bOFb4,speech,0,0.4939082369413707
RF3bOFb4,speech,1,0.5013113486515574
RF3bOFb4,volume,0,0.5016195939521227
RF3bOFb4,volume,1,0.4778063383592991
RF3bOFb4,word_gap,0,0.5026253095514248
RF3bOFb4,word_gap,1,0.5098481761282301
RF3bOFb4,word_head_pos,0,0.526529993835094
RF3bOFb4,word_head_pos,1,0.5202762713812524
RF3bOFb4,word_index,0,0.4847165197439922
RF3bOFb4,word_index,1,0.4692971863301534
RF3bOFb4,word_length,0,0.4867193295925937
RF3bOFb4,word_length,1,0.476719643062391
RF3bOFb4,word_part_speech,0,0.4835005574136009
RF3bOFb4,word_part_speech,1,0.5077775591842087
RF3bOFb16,delta_volume,0,0.4818657722328454
RF3bOFb16,delta_volume,1,0.5065306207746884
RF3bOFb16,face_num,0,0.4894125576000753
RF3bOFb16,face_num,1,0.5103131563273878
RF3bOFb16,frame_brightness,0,0.5197903931956156
RF3bOFb16,frame_brightness,1,0.5087196848583639
RF3bOFb16,global_flow,0,0.48793141280837593
RF3bOFb16,global_flow,1,0.4714011055034848
RF3bOFb16,gpt2_surprisal,0,0.5373812733143162
RF3bOFb16,gpt2_surprisal,1,0.5214726811071753
RF3bOFb16,local_flow,0,0.4609625612572229
RF3bOFb16,local_flow,1,0.4943366456641902
RF3bOFb16,onset,0,0.5605780383060093
RF3bOFb16,onset,1,0.5303804478438503
RF3bOFb16,pitch,0,0.503625800654107
RF3bOFb16,pitch,1,0.5068963355380709
RF3bOFb16,speech,0,0.5341107384303523
RF3bOFb16,speech,1,0.5091219710980848
RF3bOFb16,volume,0,0.5088085013008997
RF3bOFb16,volume,1,0.5121417301443006
RF3bOFb16,word_gap,0,0.4766882960826724
RF3bOFb16,word_gap,1,0.5233952958632435
RF3bOFb16,word_head_pos,0,0.5022517580431126
RF3bOFb16,word_head_pos,1,0.49282154164446257
RF3bOFb16,word_index,0,0.5040604999396208
RF3bOFb16,word_index,1,0.4877052892162782
RF3bOFb16,word_length,0,0.47907589103789844
RF3bOFb16,word_length,1,0.52367741868071
RF3bOFb16,word_part_speech,0,0.48131024985244936
RF3bOFb16,word_part_speech,1,0.5211226965702669
RF2I12,delta_volume,0,0.48020438230776463
RF2I12,delta_volume,1,0.4984222020208353
RF2I12,face_num,0,0.509346624452734
RF2I12,face_num,1,0.5261956260514299
RF2I12,frame_brightness,0,0.46061251998369956
RF2I12,frame_brightness,1,0.49385599197517327
RF2I12,global_flow,0,0.5695067030291632
RF2I12,global_flow,1,0.5101825439118941
RF2I12,gpt2_surprisal,0,0.4947441564005308
RF2I12,gpt2_surprisal,1,0.5021315946208582
RF2I12,local_flow,0,0.47885123768324916
RF2I12,local_flow,1,0.513097813025715
RF2I12,onset,0,0.5310230609280795
RF2I12,onset,1,0.5103758502868249
RF2I12,pitch,0,0.4769547454102797
RF2I12,pitch,1,0.45593137101240294
RF2I12,speech,0,0.5217913754009802
RF2I12,speech,1,0.49913273356112137
RF2I12,volume,0,0.48572667523484114
RF2I12,volume,1,0.4696613481291078
RF2I12,word_gap,0,0.5065253962780686
RF2I12,word_gap,1,0.47629123433957143
RF2I12,word_head_pos,0,0.5081502147268111
RF2I12,word_head_pos,1,0.4845668369852565
RF2I12,word_index,0,0.4858486293925855
RF2I12,word_index,1,0.47198405989614783
RF2I12,word_length,0,0.491745295340794
RF2I12,word_length,1,0.5048744553462274
RF2I12,word_part_speech,0,0.5115876450914814
RF2I12,word_part_speech,1,0.5012984457997246
RF1aCaOF11,delta_volume,0,0.5252447676666353
RF1aCaOF11,delta_volume,1,0.5100885029727386
RF1aCaOF11,face_num,0,0.4817560578038306
RF1aCaOF11,face_num,1,0.4986677533619637
RF1aCaOF11,frame_brightness,0,0.49121239668557937
RF1aCaOF11,frame_brightness,1,0.4723885353646176
RF1aCaOF11,global_flow,0,0.5264098304128397
RF1aCaOF11,global_flow,1,0.5250932572646625
RF1aCaOF11,gpt2_surprisal,0,0.5094824613648474
RF1aCaOF11,gpt2_surprisal,1,0.4972362412881519
RF1aCaOF11,local_flow,0,0.45895635455523864
RF1aCaOF11,local_flow,1,0.5014367365704315
RF1aCaOF11,onset,0,0.5527987628392004
RF1aCaOF11,onset,1,0.5210494968809756
RF1aCaOF11,pitch,0,0.44695046132305155
RF1aCaOF11,pitch,1,0.46232093037835803
RF1aCaOF11,speech,0,0.5292258340908853
RF1aCaOF11,speech,1,0.494300074187852
RF1aCaOF11,volume,0,0.4878373718692204
RF1aCaOF11,volume,1,0.4994409788616867
RF1aCaOF11,word_gap,0,0.4653354649279542
RF1aCaOF11,word_gap,1,0.4772264192345068
RF1aCaOF11,word_head_pos,0,0.4876179430111909
RF1aCaOF11,word_head_pos,1,0.5081449902301913
RF1aCaOF11,word_index,0,0.5106418306967757
RF1aCaOF11,word_index,1,0.488067564303828
RF1aCaOF11,word_length,0,0.49066382454050556
RF1aCaOF11,word_length,1,0.5350250253388086
RF1aCaOF11,word_part_speech,0,0.5356023345793166
RF1aCaOF11,word_part_speech,1,0.4969965243622532
RF1bCb7,delta_volume,0,0.5233482753936658
RF1bCb7,delta_volume,1,0.5325695119275257
RF1bCb7,face_num,0,0.4737521289823726
RF1bCb7,face_num,1,0.48316667189116325
RF1bCb7,frame_brightness,0,0.4802723007638214
RF1bCb7,frame_brightness,1,0.4935320731847487
RF1bCb7,global_flow,0,0.5370469055306522
RF1bCb7,global_flow,1,0.5157205103288298
RF1bCb7,gpt2_surprisal,0,0.5115565865228885
RF1bCb7,gpt2_surprisal,1,0.5293512220097594
RF1bCb7,local_flow,0,0.5029936365631171
RF1bCb7,local_flow,1,0.4925759903033343
RF1bCb7,onset,0,0.5849398660439067
RF1bCb7,onset,1,0.5532846410248372
RF1bCb7,pitch,0,0.47343343468856774
RF1bCb7,pitch,1,0.49549125941715516
RF1bCb7,speech,0,0.5213838646646396
RF1bCb7,speech,1,0.5223921925122514
RF1bCb7,volume,0,0.5204382307764647
RF1bCb7,volume,1,0.5347951474875395
RF1bCb7,word_gap,0,0.46381513641160677
RF1bCb7,word_gap,1,0.5006635110707084
RF1bCb7,word_head_pos,0,0.5075493976155397
RF1bCb7,word_head_pos,1,0.4860923899982237
RF1bCb7,word_index,0,0.5316688805699795
RF1bCb7,word_index,1,0.5357067383166285
RF1bCb7,word_length,0,0.4894099453517654
RF1bCb7,word_length,1,0.517308757301234
RF1bCb7,word_part_speech,0,0.5152665748573677
RF1bCb7,word_part_speech,1,0.5336415502655912
LT2H9,delta_volume,0,0.4962749339101178
LT2H9,delta_volume,1,0.5085577254631516
LT2H9,face_num,0,0.46018933575749976
LT2H9,face_num,1,0.49136390708755207
LT2H9,frame_brightness,0,0.48729402422076634
LT2H9,frame_brightness,1,0.47836535949761244
LT2H9,global_flow,0,0.5336039622582364
LT2H9,global_flow,1,0.519194800580964
LT2H9,gpt2_surprisal,0,0.5310805303908969
LT2H9,gpt2_surprisal,1,0.5242782357919814
LT2H9,local_flow,0,0.48974431313542943
LT2H9,local_flow,1,0.4774197256094375
LT2H9,onset,0,0.5724062986531249
LT2H9,onset,1,0.5377469880776987
LT2H9,pitch,0,0.4924035819148824
LT2H9,pitch,1,0.5042893117248153
LT2H9,speech,0,0.5440111595247797
LT2H9,speech,1,0.5095242573378056
LT2H9,volume,0,0.4826180997460895
LT2H9,volume,1,0.4910243148072684
LT2H9,word_gap,0,0.48290544706017574
LT2H9,word_gap,1,0.4821505072986218
LT2H9,word_head_pos,0,0.4825867527663709
LT2H9,word_head_pos,1,0.5089077667366749
LT2H9,word_index,0,0.49603006883226664
LT2H9,word_index,1,0.5384615384615384
LT2H9,word_length,0,0.5010762463036686
LT2H9,word_length,1,0.49541811646447864
LT2H9,word_part_speech,0,0.4942553610072792
LT2H9,word_part_speech,1,0.481946357138173
LT1A5,delta_volume,0,0.52095545594182
LT1A5,delta_volume,1,0.5173244307910932
LT1A5,face_num,0,0.4682507340417751
LT1A5,face_num,1,0.5070635194299029
LT1A5,frame_brightness,0,0.515443612007983
LT1A5,frame_brightness,1,0.5201195364826598
LT1A5,global_flow,0,0.5166452462305257
LT1A5,global_flow,1,0.507293397281172
LT1A5,gpt2_surprisal,0,0.5182230442096903
LT1A5,gpt2_surprisal,1,0.5160392046226345
LT1A5,local_flow,0,0.509472012371608
LT1A5,local_flow,1,0.49482774834644677
LT1A5,onset,0,0.5261904015548101
LT1A5,onset,1,0.5468794081690229
LT1A5,pitch,0,0.5087196848583639
LT1A5,pitch,1,0.4989707741659091
LT1A5,speech,0,0.5387553159253107
LT1A5,speech,1,0.5440163840213995
LT1A5,volume,0,0.5155428774437584
LT1A5,volume,1,0.4903764772264192
LT1A5,word_gap,0,0.5019226147560683
LT1A5,word_gap,1,0.5135627932248727
LT1A5,word_head_pos,0,0.5110759328338714
LT1A5,word_head_pos,1,0.4716571058378525
LT1A5,word_index,0,0.5221214225335105
LT1A5,word_index,1,0.5460617679024272
LT1A5,word_length,0,0.5081031942572334
LT1A5,word_length,1,0.4961181990115253
LT1A5,word_part_speech,0,0.4841956849629484
LT1A5,word_part_speech,1,0.48577611646665353
LF3aOFa3,delta_volume,0,0.5155742244234768
LF3aOFa3,delta_volume,1,0.5153025505992498
LF3aOFa3,face_num,0,0.4779526242646521
LF3aOFa3,face_num,1,0.5076434385546953
LF3aOFa3,frame_brightness,0,0.4855124708734313
LF3aOFa3,frame_brightness,1,0.5202344754082944
LF3aOFa3,global_flow,0,0.5006791845605676
LF3aOFa3,global_flow,1,0.5201352099725192
LF3aOFa3,gpt2_surprisal,0,0.4756329477654828
LF3aOFa3,gpt2_surprisal,1,0.5002403268445086
LF3aOFa3,local_flow,0,0.4801782598246659
LF3aOFa3,local_flow,1,0.49980669362506924
LF3aOFa3,onset,0,0.5439484655653428
LF3aOFa3,onset,1,0.5504425148636929
LF3aOFa3,pitch,0,0.4820695276010156
LF3aOFa3,pitch,1,0.5116767499451428
LF3aOFa3,speech,0,0.5543086423623085
LF3aOFa3,speech,1,0.5366028233179734
LF3aOFa3,volume,0,0.5068806620482117
LF3aOFa3,volume,1,0.5040855563566451
LF3aOFa3,word_gap,0,0.4859931245624485
LF3aOFa3,word_gap,1,0.49608162753518703
LF3aOFa3,word_head_pos,0,0.47229971892208183
LF3aOFa3,word_head_pos,1,0.49532407552532315
LF3aOFa3,word_index,0,0.5262498490520469
LF3aOFa3,word_index,1,0.5182118705470353
LF3aOFa3,word_length,0,0.4800215249260734
LF3aOFa3,word_length,1,0.4859670020793496
LF3aOFa3,word_part_speech,0,0.48317266706013506
LF3aOFa3,word_part_speech,1,0.48272673617942163
LF3aOFa15,delta_volume,0,0.5064052328558144
LF3aOFa15,delta_volume,1,0.4856117363092067
LF3aOFa15,face_num,0,0.5018181248236733
LF3aOFa15,face_num,1,0.49902301913210667
LF3aOFa15,frame_brightness,0,0.5159817351598174
LF3aOFa15,frame_brightness,1,0.486212553420478
LF3aOFa15,global_flow,0,0.4832241413539805
LF3aOFa15,global_flow,1,0.4780100937274694
LF3aOFa15,gpt2_surprisal,0,0.5014680835501499
LF3aOFa15,gpt2_surprisal,1,0.49765420101773195
LF3aOFa15,local_flow,0,0.4439254777802159
LF3aOFa15,local_flow,1,0.47181645298475494
LF3aOFa15,onset,0,0.5161227965685506
LF3aOFa15,onset,1,0.5418534424208227
LF3aOFa15,pitch,0,0.4904757426621945
LF3aOFa15,pitch,1,0.5016457164352215
LF3aOFa15,speech,0,0.48654169670752223
LF3aOFa15,speech,1,0.5053655580284839
LF3aOFa15,volume,0,0.4895092107875406
LF3aOFa15,volume,1,0.45915488542678906
LF3aOFa15,word_gap,0,0.5095451553242845
LF3aOFa15,word_gap,1,0.5207882720499879
LF3aOFa15,word_head_pos,0,0.4912594171551571
LF3aOFa15,word_head_pos,1,0.5092734815000576
LF3aOFa15,word_index,0,0.5289895544016423
LF3aOFa15,word_index,1,0.5195100229440889
LF3aOFa15,word_length,0,0.5038870254850945
LF3aOFa15,word_length,1,0.5217130079516838
LF3aOFa15,word_part_speech,0,0.5069906223358909
LF3aOFa15,word_part_speech,1,0.4705292150304937
LF3bOFb2,delta_volume,0,0.5074762546628633
LF3bOFb2,delta_volume,1,0.5257985643083289
LF3bOFb2,face_num,0,0.46367929949949316
LF3bOFb2,face_num,1,0.5072202543284954
LF3bOFb2,frame_brightness,0,0.5077218060039915
LF3bOFb2,frame_brightness,1,0.49263868426277135
LF3bOFb2,global_flow,0,0.4890494550850025
LF3bOFb2,global_flow,1,0.49450905405264206
LF3bOFb2,gpt2_surprisal,0,0.4989759986625289
LF3bOFb2,gpt2_surprisal,1,0.4973511802137864
LF3bOFb2,local_flow,0,0.5154618977461521
LF3bOFb2,local_flow,1,0.4898174560881059
LF3bOFb2,onset,0,0.5328882062213306
LF3bOFb2,onset,1,0.5346488615821865
LF3bOFb2,pitch,0,0.5101773194152743
LF3bOFb2,pitch,1,0.5198374136651933
LF3bOFb2,speech,0,0.5475638172262103
LF3bOFb2,speech,1,0.5263732589365016
LF3bOFb2,volume,0,0.5155951224099558
LF3bOFb2,volume,1,0.5090592771386477
LF3bOFb2,word_gap,0,0.47987001452410055
LF3bOFb2,word_gap,1,0.495726361765044
LF3bOFb2,word_head_pos,0,0.5193907192042047
LF3bOFb2,word_head_pos,1,0.5043885771605906
LF3bOFb2,word_index,0,0.4953809926337398
LF3bOFb2,word_index,1,0.47650495109286317
LF3bOFb2,word_length,0,0.5002089798647901
LF3bOFb2,word_length,1,0.5149681828155857
LF3bOFb2,word_part_speech,0,0.5027739523903207
LF3bOFb2,word_part_speech,1,0.5276345989900977
LF3bOFb14,delta_volume,0,0.4681410196127603
LF3bOFb14,delta_volume,1,0.48944129233148387
LF3bOFb14,face_num,0,0.5178103089767301
LF3bOFb14,face_num,1,0.517162471395881
LF3bOFb14,frame_brightness,0,0.507648663051315
LF3bOFb14,frame_brightness,1,0.5089913586825909
LF3bOFb14,global_flow,0,0.5412474008129317
LF3bOFb14,global_flow,1,0.5009613073780342
LF3bOFb14,gpt2_surprisal,0,0.4925080718472775
LF3bOFb14,gpt2_surprisal,1,0.4702308182606606
LF3bOFb14,local_flow,0,0.4880776987137289
LF3bOFb14,local_flow,1,0.4934955017084104
LF3bOFb14,onset,0,0.555468480611893
LF3bOFb14,onset,1,0.5604004054209377
LF3bOFb14,pitch,0,0.489206189983595
LF3bOFb14,pitch,1,0.4938873389548917
LF3bOFb14,speech,0,0.5530338651870892
LF3bOFb14,speech,1,0.5615550191739026
LF3bOFb14,volume,0,0.5056111093696123
LF3bOFb14,volume,1,0.4773988276229586
LF3bOFb14,word_gap,0,0.4965309342444856
LF3bOFb14,word_gap,1,0.527679383091439
LF3bOFb14,word_head_pos,0,0.47738837862971906
LF3bOFb14,word_head_pos,1,0.4745149054888561
LF3bOFb14,word_index,0,0.4933507426639294
LF3bOFb14,word_index,1,0.4962413959666706
LF3bOFb14,word_length,0,0.4938350939886942
LF3bOFb14,word_length,1,0.46538248539753196
LF3bOFb14,word_part_speech,0,0.4768050363958292
LF3bOFb14,word_part_speech,1,0.4652436225326251
LF2b10,delta_volume,0,0.5307095911308946
LF2b10,delta_volume,1,0.5085368274766726
LF2b10,face_num,0,0.5027245749872
LF2b10,face_num,1,0.501175511739444
LF2b10,frame_brightness,0,0.4711398806724971
LF2b10,frame_brightness,1,0.45347585760112014
LF2b10,global_flow,0,0.4942426047250348
LF2b10,global_flow,1,0.5210442723843558
LF2b10,gpt2_surprisal,0,0.4764636427280232
LF2b10,gpt2_surprisal,1,0.47480225280294247
LF2b10,local_flow,0,0.5067500496327179
LF2b10,local_flow,1,0.5342100038661275
LF2b10,onset,0,0.5724324211362235
LF2b10,onset,1,0.5666071074052015
LF2b10,pitch,0,0.4945404010323605
LF2b10,pitch,1,0.5248633794133934
LF2b10,speech,0,0.5782420613773863
LF2b10,speech,1,0.5292467320773644
LF2b10,volume,0,0.46922771490966847
LF2b10,volume,1,0.5035160862250923
LF2b10,word_gap,0,0.49983804060478776
LF2b10,word_gap,1,0.47608225447478136
LF2b10,word_head_pos,0,0.4778847058085954
LF2b10,word_head_pos,1,0.5084323375442776
LF2b10,word_index,0,0.5248913174737351
LF2b10,word_index,1,0.4977886124864147
LF2b10,word_length,0,0.5112117697459849
LF2b10,word_length,1,0.5155533264369978
LF2b10,word_part_speech,0,0.491802741163355
LF2b10,word_part_speech,1,0.4936782739851793
LF2e8,delta_volume,0,0.5192470455471616
LF2e8,delta_volume,1,0.5240326844508532
LF2e8,face_num,0,0.48444144906638253
LF2e8,face_num,1,0.511169973773027
LF2e8,frame_brightness,0,0.5050102922583409
LF2e8,frame_brightness,1,0.5040071889073487
LF2e8,global_flow,0,0.48889794468302983
LF2e8,global_flow,1,0.4995872647670397
LF2e8,gpt2_surprisal,0,0.48988015004754293
LF2e8,gpt2_surprisal,1,0.4781093591632446
LF2e8,local_flow,0,0.46687146693416093
LF2e8,local_flow,1,0.5071523358724388
LF2e8,onset,0,0.5259239522272029
LF2e8,onset,1,0.5118073623606365
LF2e8,pitch,0,0.4867976970418901
LF2e8,pitch,1,0.4829367940398943
LF2e8,speech,0,0.5063634368828563
LF2e8,speech,1,0.504210944275519
LF2e8,volume,0,0.4924140309081221
LF2e8,volume,1,0.5086831133820257
LF2e8,word_gap,0,0.49431835992602113
LF2e8,word_gap,1,0.49965518322309643
LF2e8,word_head_pos,0,0.5035892291777687
LF2e8,word_head_pos,1,0.5068336415786339
LF2e8,word_index,0,0.5007471923680715
LF2e8,word_index,1,0.4963697017268446
LF2e8,word_length,0,0.4984431000073143
LF2e8,word_length,1,0.5169796140141898
LF2e8,word_part_speech,0,0.46845694799659
LF2e8,word_part_speech,1,0.45284936717161783
LF2d4,delta_volume,0,0.5110289123642937
LF2d4,delta_volume,1,0.5081449902301913
LF2d4,face_num,0,0.5335673907818982
LF2d4,face_num,1,0.5234893368023992
LF2d4,frame_brightness,0,0.5169169200547528
LF2d4,frame_brightness,1,0.49930514194957315
LF2d4,global_flow,0,0.5261381565886126
LF2d4,global_flow,1,0.5016927369047992
LF2d4,gpt2_surprisal,0,0.4993678359090102
LF2d4,gpt2_surprisal,1,0.5012382056988809
LF2d4,local_flow,0,0.4932760728503809
LF2d4,local_flow,1,0.4605654995141218
LF2d4,onset,0,0.5820663929030438
LF2d4,onset,1,0.5618998359508061
LF2d4,pitch,0,0.45769725086987867
LF2d4,pitch,1,0.46100435723018085
LF2d4,speech,0,0.5700291526911382
LF2d4,speech,1,0.530448366299907
LF2d4,volume,0,0.5190328411857518
LF2d4,volume,1,0.47144290147644274
LF2d4,word_gap,0,0.4911235802430436
LF2d4,word_gap,1,0.4837674890024346
LF2d4,word_head_pos,0,0.4984013040343563
LF2d4,word_head_pos,1,0.4893733738754271
LF2d4,word_index,0,0.492211085617679
LF2d4,word_index,1,0.5024000724550175
LF2d4,word_length,0,0.5076382140580755
LF2d4,word_length,1,0.490883253398535
LF2d4,word_part_speech,0,0.48101514853433014
LF2d4,word_part_speech,1,0.513220539051741
LF2aIa8,delta_volume,0,0.49807738524393175
LF2aIa8,delta_volume,1,0.5135889157079715
LF2aIa8,face_num,0,0.47579490716069506
LF2aIa8,face_num,1,0.4897338641421899
LF2aIa8,frame_brightness,0,0.4877433309300649
LF2aIa8,frame_brightness,1,0.5072620503014534
LF2aIa8,global_flow,0,0.4916251319185397
LF2aIa8,global_flow,1,0.5108303814927432
LF2aIa8,gpt2_surprisal,0,0.5272666478584789
LF2aIa8,gpt2_surprisal,1,0.4990543661118251
LF2aIa8,local_flow,0,0.46361138104343647
LF2aIa8,local_flow,1,0.5128731596710657
LF2aIa8,onset,0,0.5489639823203035
LF2aIa8,onset,1,0.5395076434385546
LF2aIa8,pitch,0,0.46363227902991555
LF2aIa8,pitch,1,0.4846817759108911
LF2aIa8,speech,0,0.5302028149587787
LF2aIa8,speech,1,0.4971395881006865
LF2aIa8,volume,0,0.4851781030897673
LF2aIa8,volume,1,0.48093058733790994
LF2aIa8,word_gap,0,0.463935299833861
LF2aIa8,word_gap,1,0.4930932154686896
LF2aIa8,word_head_pos,0,0.4879105148218969
LF2aIa8,word_head_pos,1,0.4678066518290963
LF2aIa8,word_index,0,0.53378215191402
LF2aIa8,word_index,1,0.489456285472769
LF2aIa8,word_length,0,0.49905959060844485
LF2aIa8,word_length,1,0.5306442849231476
LF2aIa8,word_part_speech,0,0.45656764377992
LF2aIa8,word_part_speech,1,0.4771919470129189
LF1aCaOF4,delta_volume,0,0.5161071230786913
LF1aCaOF4,delta_volume,1,0.4972048943084334
LF1aCaOF4,face_num,0,0.5043049852146746
LF1aCaOF4,face_num,1,0.48541842993427586
LF1aCaOF4,frame_brightness,0,0.500250775837748
LF1aCaOF4,frame_brightness,1,0.4677857538426172
LF1aCaOF4,global_flow,0,0.5031608204549491
LF1aCaOF4,global_flow,1,0.5034063717960775
LF1aCaOF4,gpt2_surprisal,0,0.5003813882532419
LF1aCaOF4,gpt2_surprisal,1,0.5043258832011536
LF1aCaOF4,local_flow,0,0.47531947796829777
LF1aCaOF4,local_flow,1,0.5031555959583295
LF1aCaOF4,onset,0,0.5512157403634159
LF1aCaOF4,onset,1,0.522757907275634
LF1aCaOF4,pitch,0,0.4888352507235928
LF1aCaOF4,pitch,1,0.4756016007857643
LF1aCaOF4,speech,0,0.5105874423999248
LF1aCaOF4,speech,1,0.5199889240671662
LF1aCaOF4,volume,0,0.5106579731042914
LF1aCaOF4,volume,1,0.520433006279845
LF1aCaOF4,word_gap,0,0.49338056278277587
LF1aCaOF4,word_gap,1,0.48694659519555294
LF1aCaOF4,word_head_pos,0,0.5050102922583409
LF1aCaOF4,word_head_pos,1,0.5216294160057678
LF1aCaOF4,word_index,0,0.5255252988769472
LF1aCaOF4,word_index,1,0.4819617195990823
LF1aCaOF4,word_length,0,0.4840287138334222
LF1aCaOF4,word_length,1,0.5011807362360636
LF1aCaOF4,word_part_speech,0,0.524506525018034
LF1aCaOF4,word_part_speech,1,0.5265722342448685
LF1aCaOF16,delta_volume,0,0.5244088482074752
LF1aCaOF16,delta_volume,1,0.5311118773706154
LF1aCaOF16,face_num,0,0.4926334597661516
LF1aCaOF16,face_num,1,0.4900734564224737
LF1aCaOF16,frame_brightness,0,0.5025495543504384
LF1aCaOF16,frame_brightness,1,0.5362214350647315
LF1aCaOF16,global_flow,0,0.5193985559491343
LF1aCaOF16,global_flow,1,0.5240901539136704
LF1aCaOF16,gpt2_surprisal,0,0.5072254788251153
LF1aCaOF16,gpt2_surprisal,1,0.5156447551278435
LF1aCaOF16,local_flow,0,0.5003657147633825
LF1aCaOF16,local_flow,1,0.5116871989383823
LF1aCaOF16,onset,0,0.5353541686258529
LF1aCaOF16,onset,1,0.5257619928319907
LF1aCaOF16,pitch,0,0.45265038713519945
LF1aCaOF16,pitch,1,0.49076831447290054
LF1aCaOF16,speech,0,0.5147539784541759
LF1aCaOF16,speech,1,0.48176128230045034
LF1aCaOF16,volume,0,0.5007053070436663
LF1aCaOF16,volume,1,0.5049475982989039
LF1aCaOF16,word_gap,0,0.47955132023029584
LF1aCaOF16,word_gap,1,0.515464509994462
LF1aCaOF16,word_head_pos,0,0.5093100529763956
LF1aCaOF16,word_head_pos,1,0.49564276981912797
LF1aCaOF16,word_index,0,0.5104003139717426
LF1aCaOF16,word_index,1,0.5076681560198044
LF1aCaOF16,word_length,0,0.4946292174748963
LF1aCaOF16,word_length,1,0.5018546963000114
LF1aCaOF16,word_part_speech,0,0.5464751787002426
LF1aCaOF16,word_part_speech,1,0.49300281985703986
LF1bIb12,delta_volume,0,0.5112796882020418
LF1bIb12,delta_volume,1,0.5348108209773987
LF1bIb12,face_num,0,0.5117603418910588
LF1bIb12,face_num,1,0.5047386184341138
LF1bIb12,frame_brightness,0,0.5309028975058253
LF1bIb12,frame_brightness,1,0.5260702381325559
LF1bIb12,global_flow,0,0.5027428607253691
LF1bIb12,global_flow,1,0.5096444207600598
LF1bIb12,gpt2_surprisal,0,0.5272457498719998
LF1bIb12,gpt2_surprisal,1,0.49956636678056066
LF1bIb12,local_flow,0,0.450252343186734
LF1bIb12,local_flow,1,0.509513808344566
LF1bIb12,onset,0,0.5896001170287243
LF1bIb12,onset,1,0.575060342935958
LF1bIb12,pitch,0,0.5141374878530454
LF1bIb12,pitch,1,0.48928455743289134
LF1bIb12,speech,0,0.5546273366561132
LF1bIb12,speech,1,0.5481150016195939
LF1bIb12,volume,0,0.5258873807508646
LF1bIb12,volume,1,0.5166661442170046
LF1bIb12,word_gap,0,0.4695986541696707
LF1bIb12,word_gap,1,0.4945456255289803
LF1bIb12,word_head_pos,0,0.4690500820245969
LF1bIb12,word_head_pos,1,0.49009957890557243
LF1bIb12,word_index,0,0.5408314213259268
LF1bIb12,word_index,1,0.4780446202149499
LF1bIb12,word_length,0,0.4822419359894674
LF1bIb12,word_length,1,0.4873201467038651
LF1bIb12,word_part_speech,0,0.4884057971014492
LF1bIb12,word_part_speech,1,0.47740179683913697
LF1cCb8,delta_volume,0,0.5408921350427887
LF1cCb8,delta_volume,1,0.5375745796892469
LF1cCb8,face_num,0,0.479525197747197
LF1cCb8,face_num,1,0.49697501645716435
LF1cCb8,frame_brightness,0,0.47582102964379386
LF1cCb8,frame_brightness,1,0.4867297785858333
LF1cCb8,global_flow,0,0.5055484154101753
LF1cCb8,global_flow,1,0.5213054972153432
LF1cCb8,gpt2_surprisal,0,0.5282958736925698
LF1cCb8,gpt2_surprisal,1,0.5337084521906315
LF1cCb8,local_flow,0,0.48811427019006715
LF1cCb8,local_flow,1,0.505261068096089
LF1cCb8,onset,0,0.5427625048326594
LF1cCb8,onset,1,0.5368797216388201
LF1cCb8,pitch,0,0.5003500412735233
LF1cCb8,pitch,1,0.49536064700166144
LF1cCb8,speech,0,0.5333113904475304
LF1cCb8,speech,1,0.5120111177288069
LF1cCb8,volume,0,0.49280586815460325
LF1cCb8,volume,1,0.5159425514351693
LF1cCb8,word_gap,0,0.5137717730896628
LF1cCb8,word_gap,1,0.5104280952530224
LF1cCb8,word_head_pos,0,0.5029361671002999
LF1cCb8,word_head_pos,1,0.481244057135095
LF1cCb8,word_index,0,0.5060982973070886
LF1cCb8,word_index,1,0.4957659099142616
LF1cCb8,word_length,0,0.5078942143924433
LF1cCb8,word_length,1,0.5430707501332246
LF1cCb8,word_part_speech,0,0.5026624696701423
LF1cCb8,word_part_speech,1,0.48507443111023674
RF3aOFa9,delta_volume,0,0.48327116182355834
RF3aOFa9,delta_volume,1,0.5044930670929856
RF3aOFa9,face_num,0,0.4795356467404366
RF3aOFa9,face_num,1,0.5087667053279417
RF3aOFa9,frame_brightness,0,0.4993730604056299
RF3aOFa9,frame_brightness,1,0.5235990512314138
RF3aOFa9,global_flow,0,0.49789452786224053
RF3aOFa9,global_flow,1,0.5221832126474614
RF3aOFa9,gpt2_surprisal,0,0.5068649885583524
RF3aOFa9,gpt2_surprisal,1,0.513515772755295
RF3aOFa9,local_flow,0,0.49535019800842195
RF3aOFa9,local_flow,1,0.5054909459473579
RF3aOFa9,onset,0,0.5536764782713186
RF3aOFa9,onset,1,0.5376059266689655
RF3aOFa9,pitch,0,0.4575091689915676
RF3aOFa9,pitch,1,0.46561236324880095
RF3aOFa9,speech,0,0.570932990606355
RF3aOFa9,speech,1,0.5067187026529993
RF3aOFa9,volume,0,0.5203232918508303
RF3aOFa9,volume,1,0.5376424981453037
RF3aOFa9,word_gap,0,0.47766005245394605
RF3aOFa9,word_gap,1,0.48501614369455504
RF3aOFa9,word_head_pos,0,0.4765472346739391
RF3aOFa9,word_head_pos,1,0.5143151207381169
RF3aOFa9,word_index,0,0.5002188745320615
RF3aOFa9,word_index,1,0.4812900012075837
RF3aOFa9,word_length,0,0.4896816191759924
RF3aOFa9,word_length,1,0.5048483328631287
RF3aOFa9,word_part_speech,0,0.48869434061249917
RF3aOFa9,word_part_speech,1,0.5108597285067873
RF3bOFb5,delta_volume,0,0.5116088314890861
RF3bOFb5,delta_volume,1,0.5322037971641432
RF3bOFb5,face_num,0,0.5081920106997692
RF3bOFb5,face_num,1,0.5011807362360636
RF3bOFb5,frame_brightness,0,0.4712861665778503
RF3bOFb5,frame_brightness,1,0.5031764939448085
RF3bOFb5,global_flow,0,0.5134687522857173
RF3bOFb5,global_flow,1,0.5203285163474498
RF3bOFb5,gpt2_surprisal,0,0.5121991996071178
RF3bOFb5,gpt2_surprisal,1,0.5308349790497686
RF3bOFb5,local_flow,0,0.46907098001107594
RF3bOFb5,local_flow,1,0.4844989185291997
RF3bOFb5,onset,0,0.5387213566972823
RF3bOFb5,onset,1,0.5111960962561257
RF3bOFb5,pitch,0,0.4603565196493318
RF3bOFb5,pitch,1,0.46495407667471245
RF3bOFb5,speech,0,0.49846922249041303
RF3bOFb5,speech,1,0.48657304368724075
RF3bOFb5,volume,0,0.50104751157226
RF3bOFb5,volume,1,0.4795878917066341
RF3bOFb5,word_gap,0,0.5143098962414971
RF3bOFb5,word_gap,1,0.5119014032997921
RF3bOFb5,word_head_pos,0,0.5099892375369632
RF3bOFb5,word_head_pos,1,0.5060290690991923
RF3bOFb5,word_index,0,0.4885958821398382
RF3bOFb5,word_index,1,0.47510113512860763
RF3bOFb5,word_length,0,0.4896450476996541
RF3bOFb5,word_length,1,0.46902918403811794
RF3bOFb5,word_part_speech,0,0.49673421207948065
RF3bOFb5,word_part_speech,1,0.5078824840973178
RF2I1,delta_volume,0,0.51446140664347
RF2I1,delta_volume,1,0.5231967649916931
RF2I1,face_num,0,0.4904078242061378
RF2I1,face_num,1,0.5097384616992153
RF2I1,frame_brightness,0,0.4916982748712161
RF2I1,frame_brightness,1,0.5334890233326018
RF2I1,global_flow,0,0.5122984650428931
RF2I1,global_flow,1,0.49540244297461944
RF2I1,gpt2_surprisal,0,0.5219951307691504
RF2I1,gpt2_surprisal,1,0.5350929437948654
RF2I1,local_flow,0,0.4919908466819223
RF2I1,local_flow,1,0.5086360929124478
RF2I1,onset,0,0.5455941820005643
RF2I1,onset,1,0.549329697083686
RF2I1,pitch,0,0.46987032799389783
RF2I1,pitch,1,0.49385599197517316
RF2I1,speech,0,0.5379611924391084
RF2I1,speech,1,0.5051200066873557
RF2I1,volume,0,0.5063738858760958
RF2I1,volume,1,0.4864372067751272
RF2I1,word_gap,0,0.4925028473506578
RF2I1,word_gap,1,0.4857005527517424
RF2I1,word_head_pos,0,0.48523034805596477
RF2I1,word_head_pos,1,0.48042381116579425
RF2I1,word_index,0,0.46156110373143333
RF2I1,word_index,1,0.4673801473252023
RF2I1,word_length,0,0.5017554308642362
RF2I1,word_length,1,0.5039340459546723
RF2I1,word_part_speech,0,0.5193914355039675
RF2I1,word_part_speech,1,0.5230375762345072
RF2I13,delta_volume,0,0.47990136150381907
RF2I13,delta_volume,1,0.5028421261611444
RF2I13,face_num,0,0.5040071889073487
RF2I13,face_num,1,0.526864361618758
RF2I13,frame_brightness,0,0.4814687104897444
RF2I13,frame_brightness,1,0.4847549188635675
RF2I13,global_flow,0,0.5627096329268675
RF2I13,global_flow,1,0.5065097227882094
RF2I13,gpt2_surprisal,0,0.4791438094939553
RF2I13,gpt2_surprisal,1,0.5150282645267129
RF2I13,local_flow,0,0.4707219209429172
RF2I13,local_flow,1,0.5023849827069162
RF2I13,onset,0,0.5176274515950388
RF2I13,onset,1,0.5016875124081795
RF2I13,pitch,0,0.4793371158688861
RF2I13,pitch,1,0.4534549596146411
RF2I13,speech,0,0.5202605978913932
RF2I13,speech,1,0.4920117446684012
RF2I13,volume,0,0.4937436652978486
RF2I13,volume,1,0.47250086204194225
RF2I13,word_gap,0,0.507857642916105
RF2I13,word_gap,1,0.48514153161342904
RF2I13,word_head_pos,0,0.5079360103654014
RF2I13,word_head_pos,1,0.4891330470309186
RF2I13,word_index,0,0.47979561647144064
RF2I13,word_index,1,0.4648895060982974
RF2I13,word_length,0,0.4849221027553996
RF2I13,word_length,1,0.5001985308715505
RF2I13,word_part_speech,0,0.5201390255098696
RF2I13,word_part_speech,1,0.49786871270247224
RF1aCaOF12,delta_volume,0,0.5244767666635319
RF1aCaOF12,delta_volume,1,0.5224444374784489
RF1aCaOF12,face_num,0,0.479274421909449
RF1aCaOF12,face_num,1,0.4960293825689895
RF1aCaOF12,frame_brightness,0,0.4764531937347836
RF1aCaOF12,frame_brightness,1,0.4746402934077301
RF1aCaOF12,global_flow,0,0.5233117039173275
RF1aCaOF12,global_flow,1,0.5189074532668777
RF1aCaOF12,gpt2_surprisal,0,0.5037459640763613
RF1aCaOF12,gpt2_surprisal,1,0.5044721691065067
RF1aCaOF12,local_flow,0,0.4676081209575458
RF1aCaOF12,local_flow,1,0.5032339634076256
RF1aCaOF12,onset,0,0.5524539460622969
RF1aCaOF12,onset,1,0.5296072223441272
RF1aCaOF12,pitch,0,0.44743111501206856
RF1aCaOF12,pitch,1,0.46756110048796795
RF1aCaOF12,speech,0,0.548279573263116
RF1aCaOF12,speech,1,0.5057521707783456
RF1aCaOF12,volume,0,0.4842167957117332
RF1aCaOF12,volume,1,0.4972205677982926
RF1aCaOF12,word_gap,0,0.47616584642069737
RF1aCaOF12,word_gap,1,0.4904809671588143
RF1aCaOF12,word_head_pos,0,0.4821896910232699
RF1aCaOF12,word_head_pos,1,0.4968444040416705
RF1aCaOF12,word_index,0,0.5101286076560801
RF1aCaOF12,word_index,1,0.5007471923680715
RF1aCaOF12,word_length,0,0.4900525584359947
RF1aCaOF12,word_length,1,0.5280398733582019
RF1aCaOF12,word_part_speech,0,0.5340219030756115
RF1aCaOF12,word_part_speech,1,0.498963866483048
RF1bCb11,delta_volume,0,0.49818709967294655
RF1bCb11,delta_volume,1,0.5139337324848752
RF1bCb11,face_num,0,0.4748701712589992
RF1bCb11,face_num,1,0.5186827999122285
RF1bCb11,frame_brightness,0,0.5083278476118827
RF1bCb11,frame_brightness,1,0.5373342528447385
RF1bCb11,global_flow,0,0.5310021629416005
RF1bCb11,global_flow,1,0.47837058399423216
RF1bCb11,gpt2_surprisal,0,0.4921998265467122
RF1bCb11,gpt2_surprisal,1,0.4391764103528625
RF1bCb11,local_flow,0,0.509472012371608
RF1bCb11,local_flow,1,0.48723133026132925
RF1bCb11,onset,0,0.5275748931590442
RF1bCb11,onset,1,0.5059663751397553
RF1bCb11,pitch,0,0.49865207987210436
RF1bCb11,pitch,1,0.51529732610263
RF1bCb11,speech,0,0.5149211623460079
RF1bCb11,speech,1,0.490820559439098
RF1bCb11,volume,0,0.4917452953407939
RF1bCb11,volume,1,0.5099944620335831
RF1bCb11,word_gap,0,0.5063477633929971
RF1bCb11,word_gap,1,0.49835428356477857
RF1bCb11,word_head_pos,0,0.5010605728138093
RF1bCb11,word_head_pos,1,0.471333187047428
RF1bCb11,word_index,0,0.5175627943485086
RF1bCb11,word_index,1,0.5113361912812462
RF1bCb11,word_length,0,0.4867663500621715
RF1bCb11,word_length,1,0.5016822879115597
RF1bCb11,word_part_speech,0,0.51994229129779
RF1bCb11,word_part_speech,1,0.513010689225523
LT2H10,delta_volume,0,0.5162795314671431
LT2H10,delta_volume,1,0.5233169284139473
LT2H10,face_num,0,0.4682507340417751
LT2H10,face_num,1,0.5055118439338371
LT2H10,frame_brightness,0,0.506938131511029
LT2H10,frame_brightness,1,0.4886367198520422
LT2H10,global_flow,0,0.5128104657116286
LT2H10,global_flow,1,0.5063059674200391
LT2H10,gpt2_surprisal,0,0.527893587452849
LT2H10,gpt2_surprisal,1,0.5333322884340095
LT2H10,local_flow,0,0.4911235802430436
LT2H10,local_flow,1,0.49088325339853506
LT2H10,onset,0,0.5927609374836734
LT2H10,onset,1,0.5410697679278602
LT2H10,pitch,0,0.5044564956166473
LT2H10,pitch,1,0.486902186974285
LT2H10,speech,0,0.5667324953240755
LT2H10,speech,1,0.5050520882312989
LT2H10,volume,0,0.5203598633271684
LT2H10,volume,1,0.5149159378493882
LT2H10,word_gap,0,0.5021733905938163
LT2H10,word_gap,1,0.49662497518364107
LT2H10,word_head_pos,0,0.497884078869001
LT2H10,word_head_pos,1,0.4957002392819452
LT2H10,word_index,0,0.5067624683009299
LT2H10,word_index,1,0.5589527231010747
LT2H10,word_length,0,0.5057782932614443
LT2H10,word_length,1,0.5066089882239846
LT2H10,word_part_speech,0,0.48759262902485406
LT2H10,word_part_speech,1,0.4712243425798413
LT1A6,delta_volume,0,0.5315455105900546
LT1A6,delta_volume,1,0.511441647597254
LT1A6,face_num,0,0.4546618183338036
LT1A6,face_num,1,0.5037146170966427
LT1A6,frame_brightness,0,0.49507852418419485
LT1A6,frame_brightness,1,0.4945456255289803
LT1A6,global_flow,0,0.5321567766945655
LT1A6,global_flow,1,0.5069381315110288
LT1A6,gpt2_surprisal,0,0.5213420686916816
LT1A6,gpt2_surprisal,1,0.5206210881581559
LT1A6,local_flow,0,0.48491165376215994
LT1A6,local_flow,1,0.4933466035547475
LT1A6,onset,0,0.5570776255707763
LT1A6,onset,1,0.5587860359654347
LT1A6,pitch,0,0.5161175720719309
LT1A6,pitch,1,0.4941015433163015
LT1A6,speech,0,0.541158584370396
LT1A6,speech,1,0.5369580890881164
LT1A6,volume,0,0.495768157738002
LT1A6,volume,1,0.47818250211592117
LT1A6,word_gap,0,0.500480653689017
LT1A6,word_gap,1,0.509364910190903
LT1A6,word_head_pos,0,0.5087301338516034
LT1A6,word_head_pos,1,0.4718086162398253
LT1A6,word_index,0,0.5345293442820915
LT1A6,word_index,1,0.5270045888177757
LT1A6,word_length,0,0.5009926543577526
LT1A6,word_length,1,0.488871822199931
LT1A6,word_part_speech,0,0.48002164076332876
LT1A6,word_part_speech,1,0.4711128598596629
LF3aOFa4,delta_volume,0,0.5440947514706957
LF3aOFa4,delta_volume,1,0.5164676133454542
LF3aOFa4,face_num,0,0.4727438011347607
LF3aOFa4,face_num,1,0.49807738524393175
LF3aOFa4,frame_brightness,0,0.48521989906272533
LF3aOFa4,frame_brightness,1,0.5225567641557736
LF3aOFa4,global_flow,0,0.49185500976980867
LF3aOFa4,global_flow,1,0.5175438596491229
LF3aOFa4,gpt2_surprisal,0,0.5091898895541415
LF3aOFa4,gpt2_surprisal,1,0.5032705348839639
LF3aOFa4,local_flow,0,0.4743842930733624
LF3aOFa4,local_flow,1,0.4902197423278267
LF3aOFa4,onset,0,0.5798930023092275
LF3aOFa4,onset,1,0.5567537067803516
LF3aOFa4,pitch,0,0.5046811489712966
LF3aOFa4,pitch,1,0.5331651045421774
LF3aOFa4,speech,0,0.5554946030949918
LF3aOFa4,speech,1,0.5217025589584444
LF3aOFa4,volume,0,0.5044930670929857
LF3aOFa4,volume,1,0.5128836086643052
LF3aOFa4,word_gap,0,0.47303376069715686
LF3aOFa4,word_gap,1,0.4846243064480738
LF3aOFa4,word_head_pos,0,0.48096193431762857
LF3aOFa4,word_head_pos,1,0.5036101271642477
LF3aOFa4,word_index,0,0.4891468421688202
LF3aOFa4,word_index,1,0.4737652457432677
LF3aOFa4,word_length,0,0.4774771950722548
LF3aOFa4,word_length,1,0.49405974734334346
LF3aOFa4,word_part_speech,0,0.47427372286707326
LF3aOFa4,word_part_speech,1,0.4589940323955669
LF3cIc1,delta_volume,0,0.5163317764333407
LF3cIc1,delta_volume,1,0.5270263210139703
LF3cIc1,face_num,0,0.48980961934317624
LF3cIc1,face_num,1,0.5038400050155168
LF3cIc1,frame_brightness,0,0.49219460205009247
LF3cIc1,frame_brightness,1,0.5018599207966312
LF3cIc1,global_flow,0,0.5332800434678119
LF3cIc1,global_flow,1,0.5115722600127477
LF3cIc1,gpt2_surprisal,0,0.5121417301443005
LF3cIc1,gpt2_surprisal,1,0.5098534006248497
LF3cIc1,local_flow,0,0.5161045108303816
LF3cIc1,local_flow,1,0.48899721011880504
LF3cIc1,onset,0,0.5301819169722998
LF3cIc1,onset,1,0.5119536482659894
LF3cIc1,pitch,0,0.49681305706195206
LF3cIc1,pitch,1,0.5143307942279761
LF3cIc1,speech,0,0.5289019153004608
LF3cIc1,speech,1,0.4973355067239272
LF3cIc1,volume,0,0.48820308663260303
LF3cIc1,volume,1,0.4906168040709278
LF3cIc1,word_gap,0,0.48690741147090477
LF3cIc1,word_gap,1,0.5047229449442546
LF3cIc1,word_head_pos,0,0.5013479201278956
LF3cIc1,word_head_pos,1,0.4857266752348411
LF3cIc1,word_index,0,0.49538099263373986
LF3cIc1,word_index,1,0.5137438111339211
LF3cIc1,word_length,0,0.490381701723039
LF3cIc1,word_length,1,0.5151667136871363
LF3cIc1,word_part_speech,0,0.4910748245786609
LF3cIc1,word_part_speech,1,0.4993114302577218
LF3bOFb3,delta_volume,0,0.5065933147341254
LF3bOFb3,delta_volume,1,0.5100780539794991
LF3bOFb3,face_num,0,0.4593638652915792
LF3bOFb3,face_num,1,0.48373091752609637
LF3bOFb3,frame_brightness,0,0.5123663834989498
LF3bOFb3,frame_brightness,1,0.5171258999195427
LF3bOFb3,global_flow,0,0.49829681410196125
LF3bOFb3,global_flow,1,0.47663605111647495
LF3bOFb3,gpt2_surprisal,0,0.4935111751982696
LF3bOFb3,gpt2_surprisal,1,0.49648391377490775
LF3bOFb3,local_flow,0,0.4912959886314954
LF3bOFb3,local_flow,1,0.4864737782514654
LF3bOFb3,onset,0,0.5575373812733143
LF3bOFb3,onset,1,0.5554005621558363
LF3bOFb3,pitch,0,0.49143705004022864
LF3bOFb3,pitch,1,0.49819754866618604
LF3bOFb3,speech,0,0.5839994566523516
LF3bOFb3,speech,1,0.5580337084521906
LF3bOFb3,volume,0,0.4848907557756811
LF3bOFb3,volume,1,0.4832763863201781
LF3bOFb3,word_gap,0,0.49060113058106847
LF3bOFb3,word_gap,1,0.4901570483683897
LF3bOFb3,word_head_pos,0,0.49978057114197044
LF3bOFb3,word_head_pos,1,0.48838594401429425
LF3bOFb3,word_index,0,0.5112229803163869
LF3bOFb3,word_index,1,0.46161393551503443
LF3bOFb3,word_length,0,0.4846034084615948
LF3bOFb3,word_length,1,0.49078921245937956
LF3bOFb3,word_part_speech,0,0.4960259689159945
LF3bOFb3,word_part_speech,1,0.49228146107941506
LF3bOFb15,delta_volume,0,0.5217495794280221
LF3bOFb15,delta_volume,1,0.49062202856754755
LF3bOFb15,face_num,0,0.48620732892385815
LF3bOFb15,face_num,1,0.5061178855417281
LF3bOFb15,frame_brightness,0,0.5177058190443351
LF3bOFb15,frame_brightness,1,0.5168803485784145
LF3bOFb15,global_flow,0,0.5017920023405744
LF3bOFb15,global_flow,1,0.480846995391994
LF3bOFb15,gpt2_surprisal,0,0.5098742986113287
LF3bOFb15,gpt2_surprisal,1,0.5007627765064836
LF3bOFb15,local_flow,0,0.4888300262269731
LF3bOFb15,local_flow,1,0.4871320648255541
LF3bOFb15,onset,0,0.5548990104803403
LF3bOFb15,onset,1,0.5311484488469536
LF3bOFb15,pitch,0,0.4629165229930096
LF3bOFb15,pitch,1,0.47733613366352157
LF3bOFb15,speech,0,0.519173902594485
LF3bOFb15,speech,1,0.5296855897934234
LF3bOFb15,volume,0,0.5064888248017304
LF3bOFb15,volume,1,0.47873629875761464
LF3bOFb15,word_gap,0,0.4681671420958591
LF3bOFb15,word_gap,1,0.4907735389695203
LF3bOFb15,word_head_pos,0,0.4746716403874487
LF3bOFb15,word_head_pos,1,0.4706226555071419
LF3bOFb15,word_index,0,0.5374124501871755
LF3bOFb15,word_index,1,0.49986414684216884
LF3bOFb15,word_length,0,0.48721043227485034
LF3bOFb15,word_length,1,0.4894256188416246
LF3bOFb15,word_part_speech,0,0.451419765230507
LF3bOFb15,word_part_speech,1,0.4665748573676962
LF2b11,delta_volume,0,0.4965727302174435
LF2b11,delta_volume,1,0.4750948246136484
LF2b11,face_num,0,0.47505302864069043
LF2b11,face_num,1,0.4991902030239387
LF2b11,frame_brightness,0,0.47110853369277866
LF2b11,frame_brightness,1,0.4665527726403561
LF2b11,global_flow,0,0.48888227119317057
LF2b11,global_flow,1,0.5207203535939312
LF2b11,gpt2_surprisal,0,0.457942802211007
LF2b11,gpt2_surprisal,1,0.483067406455388
LF2b11,local_flow,0,0.4880985967002079
LF2b11,local_flow,1,0.5302707334148355
LF2b11,onset,0,0.5629656332612352
LF2b11,onset,1,0.5619259584339049
LF2b11,pitch,0,0.4890076591120446
LF2b11,pitch,1,0.5178782274327869
LF2b11,speech,0,0.5647968193264579
LF2b11,speech,1,0.5459233252876086
LF2b11,volume,0,0.4978161604129442
LF2b11,volume,1,0.4889867611255656
LF2b11,word_gap,0,0.4856326342956856
LF2b11,word_gap,1,0.46870004075107363
LF2b11,word_head_pos,0,0.5003030208039455
LF2b11,word_head_pos,1,0.5056320073560913
LF2b11,word_index,0,0.5307103610675039
LF2b11,word_index,1,0.5195704021253472
LF2b11,word_length,0,0.4940806453298225
LF2b11,word_length,1,0.5004649801991577
LF2b11,word_part_speech,0,0.5160338382844777
LF2b11,word_part_speech,1,0.49651124663912394
LF2c1,delta_volume,0,0.49477550338024934
LF2c1,delta_volume,1,0.4925498678202356
LF2c1,face_num,0,0.4836629990700396
LF2c1,face_num,1,0.5034481677690354
LF2c1,frame_brightness,0,0.4978945278622405
LF2c1,frame_brightness,1,0.4649122807017544
LF2c1,global_flow,0,0.4769704189001389
LF2c1,global_flow,1,0.5184372485711002
LF2c1,gpt2_surprisal,0,0.5141374878530454
LF2c1,gpt2_surprisal,1,0.49459264599855807
LF2c1,local_flow,0,0.529946814624411
LF2c1,local_flow,1,0.508108418753853
LF2c1,onset,0,0.5487706759453728
LF2c1,onset,1,0.5558341953752756
LF2c1,pitch,0,0.5103758502868249
LF2c1,pitch,1,0.48977566011514784
LF2c1,speech,0,0.5706665412787478
LF2c1,speech,1,0.5224287639885897
LF2c1,volume,0,0.49070562051346356
LF2c1,volume,1,0.49343280774897336
LF2c1,word_gap,0,0.4958987701534957
LF2c1,word_gap,1,0.5152450811364324
LF2c1,word_head_pos,0,0.4892270879700741
LF2c1,word_head_pos,1,0.48268079370552647
LF2c1,word_index,0,0.49449039971017994
LF2c1,word_index,1,0.49510928631807755
LF2c1,word_length,0,0.5092421345203391
LF2c1,word_length,1,0.5046759244746769
LF2c1,word_part_speech,0,0.4626860777755918
LF2c1,word_part_speech,1,0.4971407961177782
LF2d5,delta_volume,0,0.4792482994263504
LF2d5,delta_volume,1,0.4962226889439203
LF2d5,face_num,0,0.5315768575697731
LF2d5,face_num,1,0.517980105116872
LF2d5,frame_brightness,0,0.5088293992873786
LF2d5,frame_brightness,1,0.5096496452566796
LF2d5,global_flow,0,0.542015401816035
LF2d5,global_flow,1,0.5086569908989268
LF2d5,gpt2_surprisal,0,0.5164885113319332
LF2d5,gpt2_surprisal,1,0.5074449076831448
LF2d5,local_flow,0,0.48826055609542024
LF2d5,local_flow,1,0.4693792253116413
LF2d5,onset,0,0.5731742996562281
LF2d5,onset,1,0.5750446694460989
LF2d5,pitch,0,0.47171457530066974
LF2d5,pitch,1,0.456453820674378
LF2d5,speech,0,0.556769380270211
LF2d5,speech,1,0.5457979373687345
LF2d5,volume,0,0.5252238696801563
LF2d5,volume,1,0.49594056612645365
LF2d5,word_gap,0,0.49169305037459643
LF2d5,word_gap,1,0.5111647492764071
LF2d5,word_head_pos,0,0.4840705098063802
LF2d5,word_head_pos,1,0.4945404010323606
LF2d5,word_index,0,0.538687960391257
LF2d5,word_index,1,0.5139324960753532
LF2d5,word_length,0,0.5010396748273304
LF2d5,word_length,1,0.5069381315110288
LF2d5,word_part_speech,0,0.4743327431306971
LF2d5,word_part_speech,1,0.4948062168011017
LF2aIa9,delta_volume,0,0.5040698828667858
LF2aIa9,delta_volume,1,0.5244610931736727
LF2aIa9,face_num,0,0.4585540683155178
LF2aIa9,face_num,1,0.48566920577202377
LF2aIa9,frame_brightness,0,0.5040751073634056
LF2aIa9,frame_brightness,1,0.4997335506723928
LF2aIa9,global_flow,0,0.5033698003197392
LF2aIa9,global_flow,1,0.5242782357919814
LF2aIa9,gpt2_surprisal,0,0.5051095576941161
LF2aIa9,gpt2_surprisal,1,0.4900786809190934
LF2aIa9,local_flow,0,0.46912322497727343
LF2aIa9,local_flow,1,0.5114573210871132
LF2aIa9,onset,0,0.53604380217966
LF2aIa9,onset,1,0.5369894360678349
LF2aIa9,pitch,0,0.4879000658286574
LF2aIa9,pitch,1,0.5199001076246303
LF2aIa9,speech,0,0.5349466578895123
LF2aIa9,speech,1,0.5226847643229575
LF2aIa9,volume,0,0.49878791678421786
LF2aIa9,volume,1,0.5100728294828794
LF2aIa9,word_gap,0,0.46808877464656284
LF2aIa9,word_gap,1,0.4813433225708703
LF2aIa9,word_head_pos,0,0.49736162920702587
LF2aIa9,word_head_pos,1,0.5014262875771919
LF2aIa9,word_index,0,0.5142645815722738
LF2aIa9,word_index,1,0.4817579398623355
LF2aIa9,word_length,0,0.5208039455398472
LF2aIa9,word_length,1,0.5236199492178928
LF2aIa9,word_part_speech,0,0.479165846940783
LF2aIa9,word_part_speech,1,0.48984195684962945
LF1aCaOF5,delta_volume,0,0.5248842773998725
LF1aCaOF5,delta_volume,1,0.5229825606302834
LF1aCaOF5,face_num,0,0.51362026268769
LF1aCaOF5,face_num,1,0.496165219481103
LF1aCaOF5,frame_brightness,0,0.4774145011128178
LF1aCaOF5,frame_brightness,1,0.4832868353134176
LF1aCaOF5,global_flow,0,0.5152032851634745
LF1aCaOF5,global_flow,1,0.5151823871769955
LF1aCaOF5,gpt2_surprisal,0,0.5135262217485346
LF1aCaOF5,gpt2_surprisal,1,0.5078158469431471
LF1aCaOF5,local_flow,0,0.4982445691357638
LF1aCaOF5,local_flow,1,0.5118334848437354
LF1aCaOF5,onset,0,0.5804311254610619
LF1aCaOF5,onset,1,0.5229721116370438
LF1aCaOF5,pitch,0,0.47308861791166423
LF1aCaOF5,pitch,1,0.4793632383519848
LF1aCaOF5,speech,0,0.5320078785409026
LF1aCaOF5,speech,1,0.5177110435409549
LF1aCaOF5,volume,0,0.491008641317409
LF1aCaOF5,volume,1,0.4938664409684127
LF1aCaOF5,word_gap,0,0.48145826149650484
LF1aCaOF5,word_gap,1,0.501384491604234
LF1aCaOF5,word_head_pos,0,0.4916355809117791
LF1aCaOF5,word_head_pos,1,0.5137195281234653
LF1aCaOF5,word_index,0,0.5121362154329188
LF1aCaOF5,word_index,1,0.48371271585557296
LF1aCaOF5,word_length,0,0.4730415974420864
LF1aCaOF5,word_length,1,0.5062850694335601
LF1aCaOF5,word_part_speech,0,0.49665551839464883
LF1aCaOF5,word_part_speech,1,0.5084202242770017
LF1bIb1,delta_volume,0,0.5211696603032299
LF1bIb1,delta_volume,1,0.5056894768189085
LF1bIb1,face_num,0,0.4877955758962624
LF1bIb1,face_num,1,0.5042893117248154
LF1bIb1,frame_brightness,0,0.5041743727991809
LF1bIb1,frame_brightness,1,0.4758158051471741
LF1bIb1,global_flow,0,0.5214570076173161
LF1bIb1,global_flow,1,0.5070426214434239
LF1bIb1,gpt2_surprisal,0,0.49111313124980405
LF1bIb1,gpt2_surprisal,1,0.5140643449003688
LF1bIb1,local_flow,0,0.4905123141385328
LF1bIb1,local_flow,1,0.49294692956333663
LF1bIb1,onset,0,0.5345913921193692
LF1bIb1,onset,1,0.5283481186587672
LF1bIb1,pitch,0,0.4861916554339989
LF1bIb1,pitch,1,0.4775869095012696
LF1bIb1,speech,0,0.5405838897422234
LF1bIb1,speech,1,0.5168333281088366
LF1bIb1,volume,0,0.5271412599396048
LF1bIb1,volume,1,0.5065880902375056
LF1bIb1,word_gap,0,0.5189701472263147
LF1bIb1,word_gap,1,0.5021942885802954
LF1bIb1,word_head_pos,0,0.5129045066507841
LF1bIb1,word_head_pos,1,0.5090958486149859
LF1bIb1,word_index,0,0.5016679748822606
LF1bIb1,word_index,1,0.5174420359859919
LF1bIb1,word_length,0,0.511128177800069
LF1bIb1,word_length,1,0.5216137425159085
LF1bIb1,word_part_speech,0,0.5076529608498918
LF1bIb1,word_part_speech,1,0.506577480490524
LF1bIb13,delta_volume,0,0.4869596564371023
LF1bIb13,delta_volume,1,0.5153547955654473
LF1bIb13,face_num,0,0.5072620503014534
LF1bIb13,face_num,1,0.5017554308642362
LF1bIb13,frame_brightness,0,0.486818595028369
LF1bIb13,frame_brightness,1,0.4973355067239272
LF1bIb13,global_flow,0,0.5155115304640399
LF1bIb13,global_flow,1,0.5325381649478073
LF1bIb13,gpt2_surprisal,0,0.5335621662852783
LF1bIb13,gpt2_surprisal,1,0.510772912029926
LF1bIb13,local_flow,0,0.4738775169012466
LF1bIb13,local_flow,1,0.5247014200181812
LF1bIb13,onset,0,0.5633574705077167
LF1bIb13,onset,1,0.5302341619384973
LF1bIb13,pitch,0,0.5038400050155167
LF1bIb13,pitch,1,0.4760456829984431
LF1bIb13,speech,0,0.5046498019915782
LF1bIb13,speech,1,0.4892532104531729
LF1bIb13,volume,0,0.530364774353991
LF1bIb13,volume,1,0.5046550264881979
LF1bIb13,word_gap,0,0.4790549930514195
LF1bIb13,word_gap,1,0.4797707490883253
LF1bIb13,word_head_pos,0,0.4436329059695099
LF1bIb13,word_head_pos,1,0.49403884935686454
LF1bIb13,word_index,0,0.5416012558869702
LF1bIb13,word_index,1,0.49935847119913046
LF1bIb13,word_length,0,0.4627336656113184
LF1bIb13,word_length,1,0.4878530453590797
LF1bIb13,word_part_speech,0,0.4882418519247164
LF1bIb13,word_part_speech,1,0.4647386713882877
LF1cCb9,delta_volume,0,0.531623878039351
LF1cCb9,delta_volume,1,0.5226116213702809
LF1cCb9,face_num,0,0.48001630042945365
LF1cCb9,face_num,1,0.5067187026529993
LF1cCb9,frame_brightness,0,0.4974034251799839
LF1cCb9,frame_brightness,1,0.52305047908634
LF1cCb9,global_flow,0,0.4776287054742276
LF1cCb9,global_flow,1,0.5077792754668088
LF1cCb9,gpt2_surprisal,0,0.5160183066361557
LF1cCb9,gpt2_surprisal,1,0.5309446934787834
LF1cCb9,local_flow,0,0.4743111501206859
LF1cCb9,local_flow,1,0.49617566847434247
LF1cCb9,onset,0,0.5240744804238111
LF1cCb9,onset,1,0.5334785743393624
LF1cCb9,pitch,0,0.5172251653553179
LF1cCb9,pitch,1,0.505908905676938
LF1cCb9,speech,0,0.5105639321651358
LF1cCb9,speech,1,0.5270785659801679
LF1cCb9,volume,0,0.4885426789128867
LF1cCb9,volume,1,0.5052662925927087
LF1cCb9,word_gap,0,0.49421125774531627
LF1cCb9,word_gap,1,0.48315099840130404
LF1cCb9,word_head_pos,0,0.49464489096475556
LF1cCb9,word_head_pos,1,0.49311933795178836
LF1cCb9,word_index,0,0.5369143219417944
LF1cCb9,word_index,1,0.511539971017993
LF1cCb9,word_length,0,0.5081867862031494
LF1cCb9,word_length,1,0.5275957911455231
LF1cCb9,word_part_speech,0,0.4815266574857368
LF1cCb9,word_part_speech,1,0.4648304806872582
RF3aOFa10,delta_volume,0,0.5295706508677889
RF3aOFa10,delta_volume,1,0.49804081376759346
RF3aOFa10,face_num,0,0.48404438732328137
RF3aOFa10,face_num,1,0.5268904841018568
RF3aOFa10,frame_brightness,0,0.5149786318088252
RF3aOFa10,frame_brightness,1,0.49633240337293505
RF3aOFa10,global_flow,0,0.5169482670344712
RF3aOFa10,global_flow,1,0.5217495794280221
RF3aOFa10,gpt2_surprisal,0,0.5418116464478647
RF3aOFa10,gpt2_surprisal,1,0.5057155993020073
RF3aOFa10,local_flow,0,0.4908048859492388
RF3aOFa10,local_flow,1,0.5312581632759684
RF3aOFa10,onset,0,0.5587024440195187
RF3aOFa10,onset,1,0.5595070164989603
RF3aOFa10,pitch,0,0.5025443298538186
RF3aOFa10,pitch,1,0.5069120090279302
RF3aOFa10,speech,0,0.564898697010543
RF3aOFa10,speech,1,0.51571528583221
RF3aOFa10,volume,0,0.4821844665266501
RF3aOFa10,volume,1,0.48043426015903373
RF3aOFa10,word_gap,0,0.48204079286960705
RF3aOFa10,word_gap,1,0.5144979781198082
RF3aOFa10,word_head_pos,0,0.4971892208185741
RF3aOFa10,word_head_pos,1,0.48509451114385127
RF3aOFa10,word_index,0,0.4973433160246348
RF3aOFa10,word_index,1,0.48048242965825383
RF3aOFa10,word_length,0,0.5212114562761878
RF3aOFa10,word_length,1,0.5469159796453611
RF3aOFa10,word_part_speech,0,0.4732966096137452
RF3aOFa10,word_part_speech,1,0.47049642599514724
RF3bOFb6,delta_volume,0,0.5133433643668432
RF3bOFb6,delta_volume,1,0.5308611015328674
RF3bOFb6,face_num,0,0.4980669362506923
RF3bOFb6,face_num,1,0.5144143861738921
RF3bOFb6,frame_brightness,0,0.4857005527517424
RF3bOFb6,frame_brightness,1,0.4950628506943356
RF3bOFb6,global_flow,0,0.5120058932321871
RF3bOFb6,global_flow,1,0.5066925801699006
RF3bOFb6,gpt2_surprisal,0,0.5173819002539105
RF3bOFb6,gpt2_surprisal,1,0.539962174644473
RF3bOFb6,local_flow,0,0.45816223106903653
RF3bOFb6,local_flow,1,0.48584683865709544
RF3bOFb6,onset,0,0.5355161280210652
RF3bOFb6,onset,1,0.5114103006175356
RF3bOFb6,pitch,0,0.46026770320679605
RF3bOFb6,pitch,1,0.4556544726915562
RF3bOFb6,speech,0,0.5051200066873557
RF3bOFb6,speech,1,0.4957002392819452
RF3bOFb6,volume,0,0.5026488197862137
RF3bOFb6,volume,1,0.49248717386079843
RF3bOFb6,word_gap,0,0.5084741335172356
RF3bOFb6,word_gap,1,0.522130967681264
RF3bOFb6,word_head_pos,0,0.5090592771386477
RF3bOFb6,word_head_pos,1,0.5166191237474269
RF3bOFb6,word_index,0,0.5123022581813791
RF3bOFb6,word_index,1,0.4947998430141287
RF3bOFb6,word_length,0,0.4934066852658746
RF3bOFb6,word_length,1,0.4715839628851761
RF3bOFb6,word_part_speech,0,0.506184012066365
RF3bOFb6,word_part_speech,1,0.5059282575906617
RF2I2,delta_volume,0,0.5331807780320367
RF2I2,delta_volume,1,0.5226272948601403
RF2I2,face_num,0,0.528813098857925
RF2I2,face_num,1,0.5292310585875051
RF2I2,frame_brightness,0,0.5080196023113174
RF2I2,frame_brightness,1,0.5266292592708692
RF2I2,global_flow,0,0.5133329153736037
RF2I2,global_flow,1,0.4977952624264652
RF2I2,gpt2_surprisal,0,0.5034638412588948
RF2I2,gpt2_surprisal,1,0.5264829733655163
RF2I2,local_flow,0,0.5073090707710313
RF2I2,local_flow,1,0.5089704606961118
RF2I2,onset,0,0.5519941903597588
RF2I2,onset,1,0.5649666154665998
RF2I2,pitch,0,0.4403989425618841
RF2I2,pitch,1,0.47448355850913765
RF2I2,speech,0,0.5630387762139119
RF2I2,speech,1,0.5310230609280796
RF2I2,volume,0,0.5050886597076372
RF2I2,volume,1,0.4931402359382674
RF2I2,word_gap,0,0.5013165731481772
RF2I2,word_gap,1,0.5010083278476118
RF2I2,word_head_pos,0,0.49627493391011773
RF2I2,word_head_pos,1,0.48456683698525643
RF2I2,word_index,0,0.4735916555971501
RF2I2,word_index,1,0.4867090327255162
RF2I2,word_length,0,0.4849743477215971
RF2I2,word_length,1,0.5166556952237652
RF2I2,word_part_speech,0,0.49672765427241133
RF2I2,word_part_speech,1,0.4953242835595777
RF1aCaOF1,delta_volume,0,0.5253597065922698
RF1aCaOF1,delta_volume,1,0.535855720301349
RF1aCaOF1,face_num,0,0.4872052077782306
RF1aCaOF1,face_num,1,0.4793005443925479
RF1aCaOF1,frame_brightness,0,0.46879930618684895
RF1aCaOF1,frame_brightness,1,0.49063770205740675
RF1aCaOF1,global_flow,0,0.4782242980888791
RF1aCaOF1,global_flow,1,0.4982027731628057
RF1aCaOF1,gpt2_surprisal,0,0.49578383122786124
RF1aCaOF1,gpt2_surprisal,1,0.5189910452127937
RF1aCaOF1,local_flow,0,0.5024450644180433
RF1aCaOF1,local_flow,1,0.49551738190025396
RF1aCaOF1,onset,0,0.5058775586972195
RF1aCaOF1,onset,1,0.499832816108168
RF1aCaOF1,pitch,0,0.49202741815826045
RF1aCaOF1,pitch,1,0.46952551121699426
RF1aCaOF1,speech,0,0.5021890640836755
RF1aCaOF1,speech,1,0.49554350438335265
RF1aCaOF1,volume,0,0.5166086747541875
RF1aCaOF1,volume,1,0.49324995036728214
RF1aCaOF1,word_gap,0,0.5026644932760728
RF1aCaOF1,word_gap,1,0.5119118522930315
RF1aCaOF1,word_head_pos,0,0.5143464677178353
RF1aCaOF1,word_head_pos,1,0.5142210797989614
RF1aCaOF1,word_index,0,0.5037887936239585
RF1aCaOF1,word_index,1,0.49083745924405264
RF1aCaOF1,word_length,0,0.49766987450759115
RF1aCaOF1,word_length,1,0.4705181655747469
RF1aCaOF1,word_part_speech,0,0.5233720243950424
RF1aCaOF1,word_part_speech,1,0.5363433667781494
RF1aCaOF13,delta_volume,0,0.5390060917630586
RF1aCaOF13,delta_volume,1,0.5193724334660357
RF1aCaOF13,face_num,0,0.47726821520746476
RF1aCaOF13,face_num,1,0.5021942885802952
RF1aCaOF13,frame_brightness,0,0.4812127101553765
RF1aCaOF13,frame_brightness,1,0.4860087980523077
RF1aCaOF13,global_flow,0,0.5301087740196232
RF1aCaOF13,global_flow,1,0.5242991337784604
RF1aCaOF13,gpt2_surprisal,0,0.4928842356038996
RF1aCaOF13,gpt2_surprisal,1,0.5017580431125461
RF1aCaOF13,local_flow,0,0.4607013364262354
RF1aCaOF13,local_flow,1,0.49558007585969094
RF1aCaOF13,onset,0,0.54945508500256
RF1aCaOF13,onset,1,0.5311693468334326
RF1aCaOF13,pitch,0,0.4507434458689905
RF1aCaOF13,pitch,1,0.4665162011640179
RF1aCaOF13,speech,0,0.5510433319749642
RF1aCaOF13,speech,1,0.5093622979425932
RF1aCaOF13,volume,0,0.47838625748409136
RF1aCaOF13,volume,1,0.504315434207914
RF1aCaOF13,word_gap,0,0.4656907306980972
RF1aCaOF13,word_gap,1,0.48377793799567415
RF1aCaOF13,word_head_pos,0,0.4837883869889136
RF1aCaOF13,word_head_pos,1,0.49217892856023326
RF1aCaOF13,word_index,0,0.5039925733607052
RF1aCaOF13,word_index,1,0.49390925009056874
RF1aCaOF13,word_length,0,0.49608162753518703
RF1aCaOF13,word_length,1,0.530072202543285
RF1aCaOF13,word_part_speech,0,0.5267427372286707
RF1aCaOF13,word_part_speech,1,0.4910158043150371
RF1bCb12,delta_volume,0,0.5250723592781835
RF1bCb12,delta_volume,1,0.5256313804164969
RF1bCb12,face_num,0,0.4886262708588028
RF1bCb12,face_num,1,0.4728221685840569
RF1bCb12,frame_brightness,0,0.5102191153882324
RF1bCb12,frame_brightness,1,0.5192940660167393
RF1bCb12,global_flow,0,0.5301871414689194
RF1bCb12,global_flow,1,0.48455638799201695
RF1bCb12,gpt2_surprisal,0,0.5310282854246994
RF1bCb12,gpt2_surprisal,1,0.48698055442358135
RF1bCb12,local_flow,0,0.48500569470131555
RF1bCb12,local_flow,1,0.5036780456203045
RF1bCb12,onset,0,0.5612885698462953
RF1bCb12,onset,1,0.5324702464917506
RF1bCb12,pitch,0,0.4699121239668558
RF1bCb12,pitch,1,0.46436370855668063
RF1bCb12,speech,0,0.5653114322435033
RF1bCb12,speech,1,0.49711085336927785
RF1bCb12,volume,0,0.5541728054501949
RF1bCb12,volume,1,0.5383164582092516
RF1bCb12,word_gap,0,0.4978266094061837
RF1bCb12,word_gap,1,0.4929521540599563
RF1bCb12,word_head_pos,0,0.5059193546701776
RF1bCb12,word_head_pos,1,0.47851686989958514
RF1bCb12,word_index,0,0.5613829851467214
RF1bCb12,word_index,1,0.5032302861973191
RF1bCb12,word_length,0,0.495768157738002
RF1bCb12,word_length,1,0.525542563973961
RF1bCb12,word_part_speech,0,0.5027739523903206
RF1bCb12,word_part_speech,1,0.5032329988851728
LT2H11,delta_volume,0,0.5271935049058023
LT2H11,delta_volume,1,0.5273554643010145
LT2H11,face_num,0,0.48709549334921576
LT2H11,face_num,1,0.4958883211602562
LT2H11,frame_brightness,0,0.5007915112378922
LT2H11,frame_brightness,1,0.5002089798647901
LT2H11,global_flow,0,0.5043154342079141
LT2H11,global_flow,1,0.5063634368828563
LT2H11,gpt2_surprisal,0,0.5350250253388087
LT2H11,gpt2_surprisal,1,0.5279092609427082
LT2H11,local_flow,0,0.48924798595655306
LT2H11,local_flow,1,0.4961599949844832
LT2H11,onset,0,0.5959322069318621
LT2H11,onset,1,0.553080885656667
LT2H11,pitch,0,0.5177214925341943
LT2H11,pitch,1,0.5041848217924203
LT2H11,speech,0,0.5749819754866619
LT2H11,speech,1,0.5290273032193348
LT2H11,volume,0,0.5166870422034837
LT2H11,volume,1,0.5293512220097594
LT2H11,word_gap,0,0.5153626323103769
LT2H11,word_gap,1,0.4948643198227851
LT2H11,word_head_pos,0,0.5179774928685621
LT2H11,word_head_pos,1,0.4861341859711817
LT2H11,word_index,0,0.5247554643159038
LT2H11,word_index,1,0.5457221350078494
LT2H11,word_length,0,0.48161499639509736
LT2H11,word_length,1,0.4970063634368828
LT2H11,word_part_speech,0,0.48303495311167943
LT2H11,word_part_speech,1,0.46365663322185063
LT1A7,delta_volume,0,0.5256052579333981
LT1A7,delta_volume,1,0.5246335015621245
LT1A7,face_num,0,0.44941119923095413
LT1A7,face_num,1,0.49484342183630614
LT1A7,frame_brightness,0,0.4787362987576147
LT1A7,frame_brightness,1,0.4975601600785764
LT1A7,global_flow,0,0.5278831384596094
LT1A7,global_flow,1,0.516577327774469
LT1A7,gpt2_surprisal,0,0.522298151573096
LT1A7,gpt2_surprisal,1,0.5248477059235342
LT1A7,local_flow,0,0.4765263366874602
LT1A7,local_flow,1,0.4907839879627598
LT1A7,onset,0,0.5652226158009674
LT1A7,onset,1,0.5595279144854393
LT1A7,pitch,0,0.4822732829691859
LT1A7,pitch,1,0.4971996698118137
LT1A7,speech,0,0.5553483171896388
LT1A7,speech,1,0.5577672591245832
LT1A7,volume,0,0.4909198248748733
LT1A7,volume,1,0.48710071784583564
LT1A7,word_gap,0,0.5025391053571988
LT1A7,word_gap,1,0.48649467623794446
LT1A7,word_head_pos,0,0.4991484070509807
LT1A7,word_head_pos,1,0.4845825104751157
LT1A7,word_index,0,0.5083210059171597
LT1A7,word_index,1,0.5235931650766815
LT1A7,word_length,0,0.5145084271130476
LT1A7,word_length,1,0.4932917463402401
LT1A7,word_part_speech,0,0.4723457275886943
LT1A7,word_part_speech,1,0.4697881828316611
LF3aOFa5,delta_volume,0,0.5035892291777687
LF3aOFa5,delta_volume,1,0.5308872240159661
LF3aOFa5,face_num,0,0.5011337157664859
LF3aOFa5,face_num,1,0.5220839472116862
LF3aOFa5,frame_brightness,0,0.5130716905426161
LF3aOFa5,frame_brightness,1,0.4998432651014075
LF3aOFa5,global_flow,0,0.5086831133820257
LF3aOFa5,global_flow,1,0.5012173077124019
LF3aOFa5,gpt2_surprisal,0,0.5100049110268225
LF3aOFa5,gpt2_surprisal,1,0.5261642790717115
LF3aOFa5,local_flow,0,0.4845250410122985
LF3aOFa5,local_flow,1,0.49553305539011316
LF3aOFa5,onset,0,0.5302864069046948
LF3aOFa5,onset,1,0.5294713854320137
LF3aOFa5,pitch,0,0.4814896084762233
LF3aOFa5,pitch,1,0.5184738200474384
LF3aOFa5,speech,0,0.5644650637911037
LF3aOFa5,speech,1,0.5267964431627012
LF3aOFa5,volume,0,0.5063320899031378
LF3aOFa5,volume,1,0.5033671880714293
LF3aOFa5,word_gap,0,0.49122284567881885
LF3aOFa5,word_gap,1,0.499665632216336
LF3aOFa5,word_head_pos,0,0.530866326029487
LF3aOFa5,word_head_pos,1,0.5096444207600598
LF3aOFa5,word_index,0,0.46485176911001086
LF3aOFa5,word_index,1,0.48365233667431473
LF3aOFa5,word_length,0,0.4898226805847257
LF3aOFa5,word_length,1,0.4918863567495272
LF3aOFa5,word_part_speech,0,0.46820775132795595
LF3aOFa5,word_part_speech,1,0.4761492556888976
LF3cIc2,delta_volume,0,0.5296019978475074
LF3cIc2,delta_volume,1,0.5266397082641088
LF3cIc2,face_num,0,0.5073456422473694
LF3cIc2,face_num,1,0.5163631234130592
LF3cIc2,frame_brightness,0,0.4887150873013385
LF3cIc2,frame_brightness,1,0.5161593680448888
LF3cIc2,global_flow,0,0.5371775179461459
LF3cIc2,global_flow,1,0.5201561079589982
LF3cIc2,gpt2_surprisal,0,0.49559574934955014
LF3cIc2,gpt2_surprisal,1,0.5047438429307336
LF3cIc2,local_flow,0,0.5106893200840099
LF3cIc2,local_flow,1,0.5252238696801563
LF3cIc2,onset,0,0.5572500339592281
LF3cIc2,onset,1,0.5461741011253565
LF3cIc2,pitch,0,0.4720280450978548
LF3cIc2,pitch,1,0.5148950398629093
LF3cIc2,speech,0,0.5658286574088587
LF3cIc2,speech,1,0.543943241068723
LF3cIc2,volume,0,0.47104061523672197
LF3cIc2,volume,1,0.4928894601005193
LF3cIc2,word_gap,0,0.5015360020062067
LF3cIc2,word_gap,1,0.5219899062725306
LF3cIc2,word_head_pos,0,0.503897474478334
LF3cIc2,word_head_pos,1,0.5185156160203964
LF3cIc2,word_index,0,0.48405234875015096
LF3cIc2,word_index,1,0.5114041178601618
LF3cIc2,word_length,0,0.5035369842115712
LF3cIc2,word_length,1,0.5129776496034607
LF3cIc2,word_part_speech,0,0.489271427634599
LF3cIc2,word_part_speech,1,0.5016460095743983
LF3bOFb4,delta_volume,0,0.5027637587118482
LF3bOFb4,delta_volume,1,0.5212950482221038
LF3bOFb4,face_num,0,0.4513912834498396
LF3bOFb4,face_num,1,0.49555395337659214
LF3bOFb4,frame_brightness,0,0.5060813140653898
LF3bOFb4,frame_brightness,1,0.4836786725598988
LF3bOFb4,global_flow,0,0.5204277817832252
LF3bOFb4,global_flow,1,0.5104594422327409
LF3bOFb4,gpt2_surprisal,0,0.5088711952603366
LF3bOFb4,gpt2_surprisal,1,0.5036362496473465
LF3bOFb4,local_flow,0,0.5053028640690469
LF3bOFb4,local_flow,1,0.4986050594025266
LF3bOFb4,onset,0,0.5419631568498375
LF3bOFb4,onset,1,0.5317231434751262
LF3bOFb4,pitch,0,0.4890076591120446
LF3bOFb4,pitch,1,0.5184111260880014
LF3bOFb4,speech,0,0.5256757886377648
LF3bOFb4,speech,1,0.5033280043467813
LF3bOFb4,volume,0,0.47790037929845464
LF3bOFb4,volume,1,0.48477059235342673
LF3bOFb4,word_gap,0,0.5076538875479347
LF3bOFb4,word_gap,1,0.5082129086862481
LF3bOFb4,word_head_pos,0,0.4901413748785305
LF3bOFb4,word_head_pos,1,0.478856462179869
LF3bOFb4,word_index,0,0.511041842772612
LF3bOFb4,word_index,1,0.5080455259026687
LF3bOFb4,word_length,0,0.4871425138187936
LF3bOFb4,word_length,1,0.5009299603983156
LF3bOFb4,word_part_speech,0,0.4846416158436619
LF3bOFb4,word_part_speech,1,0.4744442258508755
LF3bOFb16,delta_volume,0,0.4828741000804572
LF3bOFb16,delta_volume,1,0.49517778961997017
LF3bOFb16,face_num,0,0.5092578080101983
LF3bOFb16,face_num,1,0.5135000992654357
LF3bOFb16,frame_brightness,0,0.5199784750739266
LF3bOFb16,frame_brightness,1,0.49257076580671455
LF3bOFb16,global_flow,0,0.4815105064627023
LF3bOFb16,global_flow,1,0.46647440519105987
LF3bOFb16,gpt2_surprisal,0,0.5034429432724157
LF3bOFb16,gpt2_surprisal,1,0.489838354074585
LF3bOFb16,local_flow,0,0.4701002058451669
LF3bOFb16,local_flow,1,0.4864737782514655
LF3bOFb16,onset,0,0.5475847152126893
LF3bOFb16,onset,1,0.5267807696728419
LF3bOFb16,pitch,0,0.4692851843724858
LF3bOFb16,pitch,1,0.4661609353938748
LF3bOFb16,speech,0,0.5060395180924318
LF3bOFb16,speech,1,0.4925655413100948
LF3bOFb16,volume,0,0.47144290147644274
LF3bOFb16,volume,1,0.5064940492983501
LF3bOFb16,word_gap,0,0.46131260253074613
LF3bOFb16,word_gap,1,0.49667199565321873
LF3bOFb16,word_head_pos,0,0.4870380238863985
LF3bOFb16,word_head_pos,1,0.4621563587348359
LF3bOFb16,word_index,0,0.520377973674677
LF3bOFb16,word_index,1,0.4952677816688806
LF3bOFb16,word_length,0,0.5034847392453736
LF3bOFb16,word_length,1,0.5281182408074981
LF3bOFb16,word_part_speech,0,0.45691520755459375
LF3bOFb16,word_part_speech,1,0.47379500295101323
LF2b12,delta_volume,0,0.5029988610597369
LF2b12,delta_volume,1,0.5048561696080583
LF2b12,face_num,0,0.4694210212845993
LF2b12,face_num,1,0.47516274306970524
LF2b12,frame_brightness,0,0.505720823798627
LF2b12,frame_brightness,1,0.4492701378222208
LF2b12,global_flow,0,0.5113685046445775
LF2b12,global_flow,1,0.5213995381544988
LF2b12,gpt2_surprisal,0,0.5085942969394899
LF2b12,gpt2_surprisal,1,0.48652079872104326
LF2b12,local_flow,0,0.47004796087896933
LF2b12,local_flow,1,0.5242730112953616
LF2b12,onset,0,0.526655381753968
LF2b12,onset,1,0.5650345339226566
LF2b12,pitch,0,0.467895468271632
LF2b12,pitch,1,0.5108512794792222
LF2b12,speech,0,0.5627357554099662
LF2b12,speech,1,0.5356519649331787
LF2b12,volume,0,0.4904914161520537
LF2b12,volume,1,0.48096715881424823
LF2b12,word_gap,0,0.4755075598466088
LF2b12,word_gap,1,0.4754030699142138
LF2b12,word_head_pos,0,0.5105848301516149
LF2b12,word_head_pos,1,0.4988819577233734
LF2b12,word_index,0,0.4890336312039609
LF2b12,word_index,1,0.4894110010868253
LF2b12,word_length,0,0.4817560578038306
LF2b12,word_length,1,0.5097384616992152
LF2b12,word_part_speech,0,0.5079808512033576
LF2b12,word_part_speech,1,0.47543445471834217
LF2c2,delta_volume,0,0.4908310084323375
LF2c2,delta_volume,1,0.4852564705390635
LF2c2,face_num,0,0.5065410697679279
LF2c2,face_num,1,0.49706383289970013
LF2c2,frame_brightness,0,0.5133590378567026
LF2c2,frame_brightness,1,0.5092473590169587
LF2c2,global_flow,0,0.47379914945195023
LF2c2,global_flow,1,0.5194612499085713
LF2c2,gpt2_surprisal,0,0.5198060666854748
LF2c2,gpt2_surprisal,1,0.5038269437739673
LF2c2,local_flow,0,0.4678014273324765
LF2c2,local_flow,1,0.5304901622728649
LF2c2,onset,0,0.5581120759014869
LF2c2,onset,1,0.5478145930639583
LF2c2,pitch,0,0.48995851749683916
LF2c2,pitch,1,0.47957221821677476
LF2c2,speech,0,0.5948716341180528
LF2c2,speech,1,0.5301192230128627
LF2c2,volume,0,0.4729632299927902
LF2c2,volume,1,0.4810611997534038
LF2c2,word_gap,0,0.4883128010616177
LF2c2,word_gap,1,0.4917191728576952
LF2c2,word_head_pos,0,0.5294191404658162
LF2c2,word_head_pos,1,0.4972937107509692
LF2c2,word_index,0,0.5351482308899891
LF2c2,word_index,1,0.5023019562854727
LF2c2,word_length,0,0.533233022998234
LF2c2,word_length,1,0.5124969959144436
LF2c2,word_part_speech,0,0.4648435963013968
LF2c2,word_part_speech,1,0.4838415633812053
LF2d6,delta_volume,0,0.49465533995799504
LF2d6,delta_volume,1,0.501614369455503
LF2d6,face_num,0,0.5375014367365705
LF2d6,face_num,1,0.512658955309656
LF2d6,frame_brightness,0,0.5021315946208582
LF2d6,frame_brightness,1,0.5111386267933085
LF2d6,global_flow,0,0.5217913754009802
LF2d6,global_flow,1,0.5090436036487884
LF2d6,gpt2_surprisal,0,0.5366028233179733
LF2d6,gpt2_surprisal,1,0.513118711012194
LF2d6,local_flow,0,0.45980794750425796
LF2d6,local_flow,1,0.4827016916920055
LF2d6,onset,0,0.5725996050280555
LF2d6,onset,1,0.5733414835480601
LF2d6,pitch,0,0.5098168291485116
LF2d6,pitch,1,0.4950785241841949
LF2d6,speech,0,0.5213681911747803
LF2d6,speech,1,0.5087405828448429
LF2d6,volume,0,0.5044930670929856
LF2d6,volume,1,0.46110884716257594
LF2d6,word_gap,0,0.48936814937880735
LF2d6,word_gap,1,0.5089234402265341
LF2d6,word_head_pos,0,0.4658317921068305
LF2d6,word_head_pos,1,0.48851655642978803
LF2d6,word_index,0,0.5518053375196232
LF2d6,word_index,1,0.5223025600772854
LF2d6,word_length,0,0.48686039100132694
LF2d6,word_length,1,0.505992497622854
LF2d6,word_part_speech,0,0.4620893173322841
LF2d6,word_part_speech,1,0.4858089055020001
LF2aIa10,delta_volume,0,0.488453862470351
LF2aIa10,delta_volume,1,0.5141165898665663
LF2aIa10,face_num,0,0.49389256345151145
LF2aIa10,face_num,1,0.48470267389737
LF2aIa10,frame_brightness,0,0.4801913210662153
LF2aIa10,frame_brightness,1,0.46886200014628593
LF2aIa10,global_flow,0,0.5158720207308025
LF2aIa10,global_flow,1,0.5256575028995956
LF2aIa10,gpt2_surprisal,0,0.5039862909208698
LF2aIa10,gpt2_surprisal,1,0.4887568832742965
LF2aIa10,local_flow,0,0.5041273523296029
LF2aIa10,local_flow,1,0.5138605895321986
LF2aIa10,onset,0,0.5917317116495826
LF2aIa10,onset,1,0.5638799201696917
LF2aIa10,pitch,0,0.48557516483286833
LF2aIa10,pitch,1,0.5126119348400782
LF2aIa10,speech,0,0.5593711795868468
LF2aIa10,speech,1,0.5483892876921309
LF2aIa10,volume,0,0.5021054721377595
LF2aIa10,volume,1,0.48758137153485265
LF2aIa10,word_gap,0,0.4714481259730625
LF2aIa10,word_gap,1,0.4758837236032308
LF2aIa10,word_head_pos,0,0.5068911110414511
LF2aIa10,word_head_pos,1,0.4985423654430896
LF2aIa10,word_index,0,0.5468844342470716
LF2aIa10,word_index,1,0.5090040454051443
LF2aIa10,word_length,0,0.5076852345276532
LF2aIa10,word_length,1,0.5275435461793256
LF2aIa10,word_part_speech,0,0.4891927339497672
LF2aIa10,word_part_speech,1,0.49257984130106897
LF1aCaOF6,delta_volume,0,0.5308140810632895
LF1aCaOF6,delta_volume,1,0.5250357878018453
LF1aCaOF6,face_num,0,0.4896502721962739
LF1aCaOF6,face_num,1,0.4918132137968507
LF1aCaOF6,frame_brightness,0,0.4630419109118836
LF1aCaOF6,frame_brightness,1,0.47795262426465207
LF1aCaOF6,global_flow,0,0.5278204445001724
LF1aCaOF6,global_flow,1,0.5225437029142243
LF1aCaOF6,gpt2_surprisal,0,0.5045296385693239
LF1aCaOF6,gpt2_surprisal,1,0.5011128177800068
LF1aCaOF6,local_flow,0,0.48419589772525423
LF1aCaOF6,local_flow,1,0.5070373969468042
LF1aCaOF6,onset,0,0.5874737469044857
LF1aCaOF6,onset,1,0.5376842941182617
LF1aCaOF6,pitch,0,0.4600952948183442
LF1aCaOF6,pitch,1,0.47101971725024294
LF1aCaOF6,speech,0,0.5483527162157926
LF1aCaOF6,speech,1,0.5277786485272143
LF1aCaOF6,volume,0,0.4993051419495732
LF1aCaOF6,volume,1,0.49089370239177454
LF1aCaOF6,word_gap,0,0.4640293407730165
LF1aCaOF6,word_gap,1,0.4824091198812994
LF1aCaOF6,word_head_pos,0,0.47386706790800703
LF1aCaOF6,word_head_pos,1,0.48706937086611707
LF1aCaOF6,word_index,0,0.517072213500785
LF1aCaOF6,word_index,1,0.47799178843134893
LF1aCaOF6,word_length,0,0.4666990585457091
LF1aCaOF6,word_length,1,0.49739558843505427
LF1aCaOF6,word_part_speech,0,0.46716506000393476
LF1aCaOF6,word_part_speech,1,0.49487835267886415
LF1bIb2,delta_volume,0,0.5775315298371002
LF1bIb2,delta_volume,1,0.5481959813172
LF1bIb2,face_num,0,0.4333667701116998
LF1bIb2,face_num,1,0.49074219198980185
LF1bIb2,frame_brightness,0,0.48250838531707474
LF1bIb2,frame_brightness,1,0.4762651118564726
LF1bIb2,global_flow,0,0.5330397166233034
LF1bIb2,global_flow,1,0.5067187026529993
LF1bIb2,gpt2_surprisal,0,0.4871581873086528
LF1bIb2,gpt2_surprisal,1,0.5057782932614443
LF1bIb2,local_flow,0,0.488976312132326
LF1bIb2,local_flow,1,0.503375024816359
LF1bIb2,onset,0,0.5563879920169692
LF1bIb2,onset,1,0.5673698839116851
LF1bIb2,pitch,0,0.47676143903534896
LF1bIb2,pitch,1,0.47711670480549195
LF1bIb2,speech,0,0.5274599542334097
LF1bIb2,speech,1,0.5654054731826589
LF1bIb2,volume,0,0.4826651202156672
LF1bIb2,volume,1,0.4749433142116757
LF1bIb2,word_gap,0,0.5049319248090446
LF1bIb2,word_gap,1,0.5283167716790488
LF1bIb2,word_head_pos,0,0.47878854372381224
LF1bIb2,word_head_pos,1,0.4947964013667283
LF1bIb2,word_index,0,0.5044152276295133
LF1bIb2,word_index,1,0.47958428933703656
LF1bIb2,word_length,0,0.5126798532961349
LF1bIb2,word_length,1,0.5370887015036101
LF1bIb2,word_part_speech,0,0.45797101449275357
LF1bIb2,word_part_speech,1,0.48051019738999284
LF1bIb14,delta_volume,0,0.4837152440362371
LF1bIb14,delta_volume,1,0.5029309426036801
LF1bIb14,face_num,0,0.5289698337565175
LF1bIb14,face_num,1,0.5054961704439778
LF1bIb14,frame_brightness,0,0.49423738022841496
LF1bIb14,frame_brightness,1,0.5020271046884633
LF1bIb14,global_flow,0,0.5073926627169473
LF1bIb14,global_flow,1,0.525169012465649
LF1bIb14,gpt2_surprisal,0,0.5106997690772495
LF1bIb14,gpt2_surprisal,1,0.5245708076026875
LF1bIb14,local_flow,0,0.45207569250702695
LF1bIb14,local_flow,1,0.5179774928685621
LF1bIb14,onset,0,0.5720405838897422
LF1bIb14,onset,1,0.5411429108805367
LF1bIb14,pitch,0,0.5078628674127248
LF1bIb14,pitch,1,0.47709058232239326
LF1bIb14,speech,0,0.5327001243430195
LF1bIb14,speech,1,0.5216294160057678
LF1bIb14,volume,0,0.5385463360605206
LF1bIb14,volume,1,0.49443591109996554
LF1bIb14,word_gap,0,0.4677544068628987
LF1bIb14,word_gap,1,0.4899794154833182
LF1bIb14,word_head_pos,0,0.45802116966030326
LF1bIb14,word_head_pos,1,0.4886314953554225
LF1bIb14,word_index,0,0.505298273155416
LF1bIb14,word_index,1,0.47622569737954357
LF1bIb14,word_length,0,0.470115879335026
LF1bIb14,word_length,1,0.46134394951046476
LF1bIb14,word_part_speech,0,0.5032821824381927
LF1bIb14,word_part_speech,1,0.481802085382648
LF1cCb10,delta_volume,0,0.5386769484760143
LF1cCb10,delta_volume,1,0.49212668359403566
LF1cCb10,face_num,0,0.50356310669467
LF1cCb10,face_num,1,0.5036963313584736
LF1cCb10,frame_brightness,0,0.4721795554998276
LF1cCb10,frame_brightness,1,0.5319425723331557
LF1cCb10,global_flow,0,0.4678014273324765
LF1cCb10,global_flow,1,0.4851937765796265
LF1cCb10,gpt2_surprisal,0,0.48891361817288903
LF1cCb10,gpt2_surprisal,1,0.522360845532533
LF1cCb10,local_flow,0,0.46263440017554314
LF1cCb10,local_flow,1,0.5020375536817028
LF1cCb10,onset,0,0.5321620011911853
LF1cCb10,onset,1,0.5241894193494456
LF1cCb10,pitch,0,0.5130403435628977
LF1cCb10,pitch,1,0.5006269395943701
LF1cCb10,speech,0,0.5154697344910818
LF1cCb10,speech,1,0.537888049486432
LF1cCb10,volume,0,0.5177789619970116
LF1cCb10,volume,1,0.5167549606595405
LF1cCb10,word_gap,0,0.48639018630554953
LF1cCb10,word_gap,1,0.49420080875207667
LF1cCb10,word_head_pos,0,0.5217652529178813
LF1cCb10,word_head_pos,1,0.5226220703635205
LF1cCb10,word_index,0,0.5353746528197078
LF1cCb10,word_index,1,0.49803767660910514
LF1cCb10,word_length,0,0.513871038525438
LF1cCb10,word_length,1,0.5393352350501028
LF1cCb10,word_part_speech,0,0.47068660240015736
LF1cCb10,word_part_speech,1,0.47449668830742997
RF3aOFa11,delta_volume,0,0.5149943052986845
RF3aOFa11,delta_volume,1,0.5133851603398013
RF3aOFa11,face_num,0,0.45170475324702464
RF3aOFa11,face_num,1,0.5145815700657241
RF3aOFa11,frame_brightness,0,0.4992685704732349
RF3aOFa11,frame_brightness,1,0.4898174560881059
RF3aOFa11,global_flow,0,0.4859983490590682
RF3aOFa11,global_flow,1,0.5013008996583179
RF3aOFa11,gpt2_surprisal,0,0.5264986468553755
RF3aOFa11,gpt2_surprisal,1,0.49418513526221747
RF3aOFa11,local_flow,0,0.45720092369100235
RF3aOFa11,local_flow,1,0.5373760488176964
RF3aOFa11,onset,0,0.5280868938277797
RF3aOFa11,onset,1,0.5470309185709957
RF3aOFa11,pitch,0,0.4803297702266386
RF3aOFa11,pitch,1,0.496290607399977
RF3aOFa11,speech,0,0.5392464186075672
RF3aOFa11,speech,1,0.4850422661776538
RF3aOFa11,volume,0,0.5033175553535416
RF3aOFa11,volume,1,0.4834331212187706
RF3aOFa11,word_gap,0,0.48857402589260523
RF3aOFa11,word_gap,1,0.49800424229125523
RF3aOFa11,word_head_pos,0,0.4859670020793496
RF3aOFa11,word_head_pos,1,0.48285320209397825
RF3aOFa11,word_index,0,0.4950036227508755
RF3aOFa11,word_index,1,0.48535804854486175
RF3aOFa11,word_length,0,0.5111125043102097
RF3aOFa11,word_length,1,0.5161645925415086
RF3aOFa11,word_part_speech,0,0.4808512033575972
RF3aOFa11,word_part_speech,1,0.4834087481146304
RF3bOFb7,delta_volume,0,0.5243931747176159
RF3bOFb7,delta_volume,1,0.5230609280795796
RF3bOFb7,face_num,0,0.5083017251287838
RF3bOFb7,face_num,1,0.524643950555364
RF3bOFb7,frame_brightness,0,0.5026017993166358
RF3bOFb7,frame_brightness,1,0.5179618193787029
RF3bOFb7,global_flow,0,0.5079151123789223
RF3bOFb7,global_flow,1,0.5120320157152859
RF3bOFb7,gpt2_surprisal,0,0.5401136850464456
RF3bOFb7,gpt2_surprisal,1,0.5283428941621475
RF3bOFb7,local_flow,0,0.46361660554005624
RF3bOFb7,local_flow,1,0.5047229449442546
RF3bOFb7,onset,0,0.5395180924317942
RF3bOFb7,onset,1,0.5286197924829943
RF3bOFb7,pitch,0,0.4689717145753006
RF3bOFb7,pitch,1,0.4612028881017314
RF3bOFb7,speech,0,0.5052140476265112
RF3bOFb7,speech,1,0.4934380322455932
RF3bOFb7,volume,0,0.5032809838772034
RF3bOFb7,volume,1,0.5019539617357867
RF3bOFb7,word_gap,0,0.5077061325141323
RF3bOFb7,word_gap,1,0.522653417343239
RF3bOFb7,word_head_pos,0,0.5041586993093216
RF3bOFb7,word_head_pos,1,0.5173766757572907
RF3bOFb7,word_index,0,0.5105663567202029
RF3bOFb7,word_index,1,0.4919620214949885
RF3bOFb7,word_length,0,0.49973877516901244
RF3bOFb7,word_length,1,0.5016561654284609
RF3bOFb7,word_part_speech,0,0.5008131680765951
RF3bOFb7,word_part_speech,1,0.4910420355433143
RF2I3,delta_volume,0,0.5055379664169357
RF2I3,delta_volume,1,0.5116976479316218
RF2I3,face_num,0,0.48665663563315675
RF2I3,face_num,1,0.501530777509587
RF2I3,frame_brightness,0,0.495893545656876
RF2I3,frame_brightness,1,0.5394240514926387
RF2I3,global_flow,0,0.5233482753936658
RF2I3,global_flow,1,0.4907003960168438
RF2I3,gpt2_surprisal,0,0.5121260566544413
RF2I3,gpt2_surprisal,1,0.5340114729945769
RF2I3,local_flow,0,0.47333939374941225
RF2I3,local_flow,1,0.48533483798835986
RF2I3,onset,0,0.5511008014377814
RF2I3,onset,1,0.5471301840067709
RF2I3,pitch,0,0.435958120435096
RF2I3,pitch,1,0.4703666551727741
RF2I3,speech,0,0.5148532438899512
RF2I3,speech,1,0.524267786798742
RF2I3,volume,0,0.5049005778293261
RF2I3,volume,1,0.4916826013813569
RF2I3,word_gap,0,0.5242573378055024
RF2I3,word_gap,1,0.4805021786150905
RF2I3,word_head_pos,0,0.5070687439265227
RF2I3,word_head_pos,1,0.4628642780268122
RF2I3,word_index,0,0.46534989735539184
RF2I3,word_index,1,0.4484210844100954
RF2I3,word_length,0,0.48251360981369446
RF2I3,word_length,1,0.500229877851269
RF2I3,word_part_speech,0,0.48613023804839667
RF2I3,word_part_speech,1,0.5018624172076858
RF1aCaOF2,delta_volume,0,0.504670699978057
RF1aCaOF2,delta_volume,1,0.5299677126108899
RF1aCaOF2,face_num,0,0.5071209888927202
RF1aCaOF2,face_num,1,0.4840809587996196
RF1aCaOF2,frame_brightness,0,0.48967639467937263
RF1aCaOF2,frame_brightness,1,0.47709058232239326
RF1aCaOF2,global_flow,0,0.5072359278183547
RF1aCaOF2,global_flow,1,0.5109348714251382
RF1aCaOF2,gpt2_surprisal,0,0.5206315371513954
RF1aCaOF2,gpt2_surprisal,1,0.5257410948455116
RF1aCaOF2,local_flow,0,0.48364210108356065
RF1aCaOF2,local_flow,1,0.5008045724794417
RF1aCaOF2,onset,0,0.5645643292268789
RF1aCaOF2,onset,1,0.5048013123935509
RF1aCaOF2,pitch,0,0.44682507340417754
RF1aCaOF2,pitch,1,0.4668453444510621
RF1aCaOF2,speech,0,0.5146181415420624
RF1aCaOF2,speech,1,0.4945612990188395
RF1aCaOF2,volume,0,0.524539460622969
RF1aCaOF2,volume,1,0.5010031033509921
RF1aCaOF2,word_gap,0,0.48575802221455966
RF1aCaOF2,word_gap,1,0.5158929187172816
RF1aCaOF2,word_head_pos,0,0.5313940001880819
RF1aCaOF2,word_head_pos,1,0.5031137999853714
RF1aCaOF2,word_index,0,0.5054869580968482
RF1aCaOF2,word_index,1,0.4693877551020408
RF1aCaOF2,word_length,0,0.493903012444751
RF1aCaOF2,word_length,1,0.5025600033436778
RF1aCaOF2,word_part_speech,0,0.5384353072332613
RF1aCaOF2,word_part_speech,1,0.5305397075218047
RF1aCaOF14,delta_volume,0,0.5269061575917161
RF1aCaOF14,delta_volume,1,0.5293355485199001
RF1aCaOF14,face_num,0,0.47223702496264486
RF1aCaOF14,face_num,1,0.4915258664827644
RF1aCaOF14,frame_brightness,0,0.485057939667513
RF1aCaOF14,frame_brightness,1,0.4830935289384868
RF1aCaOF14,global_flow,0,0.5259500747103016
RF1aCaOF14,global_flow,1,0.5269897495376321
RF1aCaOF14,gpt2_surprisal,0,0.49706383289970013
RF1aCaOF14,gpt2_surprisal,1,0.4928058681546033
RF1aCaOF14,local_flow,0,0.4685328568592416
RF1aCaOF14,local_flow,1,0.4952091365996887
RF1aCaOF14,onset,0,0.5582426883169807
RF1aCaOF14,onset,1,0.5343144937985225
RF1aCaOF14,pitch,0,0.44687731837037503
RF1aCaOF14,pitch,1,0.470115879335026
RF1aCaOF14,speech,0,0.5601078336102318
RF1aCaOF14,speech,1,0.501530777509587
RF1aCaOF14,volume,0,0.4806484645204435
RF1aCaOF14,volume,1,0.49692277149096686
RF1aCaOF14,word_gap,0,0.4733184957629333
RF1aCaOF14,word_gap,1,0.4880045557610524
RF1aCaOF14,word_head_pos,0,0.4802618517705819
RF1aCaOF14,word_head_pos,1,0.48569010375850286
RF1aCaOF14,word_index,0,0.5086568651129091
RF1aCaOF14,word_index,1,0.4943243569617196
RF1aCaOF14,word_length,0,0.49295215405995635
RF1aCaOF14,word_length,1,0.5306521216680773
RF1aCaOF14,word_part_speech,0,0.5366056790609219
RF1aCaOF14,word_part_speech,1,0.4948062168011017
LT2H12,delta_volume,0,0.5533473349842744
LT2H12,delta_volume,1,0.5685610691409883
LT2H12,face_num,0,0.5097123392161166
LT2H12,face_num,1,0.5352000459755702
LT2H12,frame_brightness,0,0.47716372527506973
LT2H12,frame_brightness,1,0.5116036069924663
LT2H12,global_flow,0,0.5226377438533798
LT2H12,global_flow,1,0.5144927536231885
LT2H12,gpt2_surprisal,0,0.5018703697898708
LT2H12,gpt2_surprisal,1,0.5199941485637859
LT2H12,local_flow,0,0.5112587902155628
LT2H12,local_flow,1,0.4936626856002424
LT2H12,onset,0,0.5757081805168072
LT2H12,onset,1,0.5587755869721953
LT2H12,pitch,0,0.4999529795304223
LT2H12,pitch,1,0.5216868854685851
LT2H12,speech,0,0.5591099547558592
LT2H12,speech,1,0.528520527047219
LT2H12,volume,0,0.49143705004022864
LT2H12,volume,1,0.5058096402411627
LT2H12,word_gap,0,0.4940858698264422
LT2H12,word_gap,1,0.5003082453005653
LT2H12,word_head_pos,0,0.4985737124228081
LT2H12,word_head_pos,1,0.47933711586888605
LT2H12,word_index,0,0.5309745199855089
LT2H12,word_index,1,0.551012860765608
LT2H12,word_length,0,0.49741387417322347
LT2H12,word_length,1,0.5089443382130132
LT2H12,word_part_speech,0,0.5004524886877828
LT2H12,word_part_speech,1,0.4759394058626796
LT1A8,delta_volume,0,0.5327419203159776
LT1A8,delta_volume,1,0.5244245216973344
LT1A8,face_num,0,0.460205009247359
LT1A8,face_num,1,0.488244882605561
LT1A8,frame_brightness,0,0.49435231915404954
LT1A8,frame_brightness,1,0.5074658056696237
LT1A8,global_flow,0,0.5588905258978298
LT1A8,global_flow,1,0.5334576763528834
LT1A8,gpt2_surprisal,0,0.5376581716351629
LT1A8,gpt2_surprisal,1,0.5168385526054565
LT1A8,local_flow,0,0.46741481458261497
LT1A8,local_flow,1,0.4726393112023657
LT1A8,onset,0,0.5953470633104501
LT1A8,onset,1,0.5653897996927996
LT1A8,pitch,0,0.49911706007126216
LT1A8,pitch,1,0.4841958977252542
LT1A8,speech,0,0.5504372903670731
LT1A8,speech,1,0.5554423581287944
LT1A8,volume,0,0.5092316855270995
LT1A8,volume,1,0.49155198896586316
LT1A8,word_gap,0,0.5061231100383479
LT1A8,word_gap,1,0.4985632634295686
LT1A8,word_head_pos,0,0.49172962185093466
LT1A8,word_head_pos,1,0.49523003458616766
LT1A8,word_index,0,0.5242950730588093
LT1A8,word_index,1,0.5426427967636759
LT1A8,word_length,0,0.5126380573231769
LT1A8,word_length,1,0.5214831301004148
LT1A8,word_part_speech,0,0.48154633090694476
LT1A8,word_part_speech,1,0.47532952980523313
LF3aOFa6,delta_volume,0,0.5126067103434584
LF3aOFa6,delta_volume,1,0.51026613585781
LF3aOFa6,face_num,0,0.44412923314838615
LF3aOFa6,face_num,1,0.4986991003416821
LF3aOFa6,frame_brightness,0,0.4867663500621715
LF3aOFa6,frame_brightness,1,0.49887673322675363
LF3aOFa6,global_flow,0,0.47110853369277866
LF3aOFa6,global_flow,1,0.48710071784583553
LF3aOFa6,gpt2_surprisal,0,0.5019017167695892
LF3aOFa6,gpt2_surprisal,1,0.5126955267859942
LF3aOFa6,local_flow,0,0.44959405661264534
LF3aOFa6,local_flow,1,0.5088607462670972
LF3aOFa6,onset,0,0.5231654180119746
LF3aOFa6,onset,1,0.5433528729506912
LF3aOFa6,pitch,0,0.4652518729820382
LF3aOFa6,pitch,1,0.5053342110487655
LF3aOFa6,speech,0,0.5343562897714806
LF3aOFa6,speech,1,0.5241946438460654
LF3aOFa6,volume,0,0.46564893472513924
LF3aOFa6,volume,1,0.4847601433601873
LF3aOFa6,word_gap,0,0.45590524852930414
LF3aOFa6,word_gap,1,0.48513108262018956
LF3aOFa6,word_head_pos,0,0.48856880139598546
LF3aOFa6,word_head_pos,1,0.47906021754803924
LF3aOFa6,word_index,0,0.522476150223403
LF3aOFa6,word_index,1,0.5218497162178481
LF3aOFa6,word_length,0,0.5119902197423278
LF3aOFa6,word_length,1,0.5128888331609249
LF3aOFa6,word_part_speech,0,0.5114433733359565
LF3aOFa6,word_part_speech,1,0.4895140664961637
LF3cIc3,delta_volume,0,0.47110330919615895
LF3cIc3,delta_volume,1,0.49029810977712296
LF3cIc3,face_num,0,0.48509451114385127
LF3cIc3,face_num,1,0.49939918288872875
LF3cIc3,frame_brightness,0,0.5240640314305717
LF3cIc3,frame_brightness,1,0.5023405744856484
LF3cIc3,global_flow,0,0.5195187193713886
LF3cIc3,global_flow,1,0.482649446725808
LF3cIc3,gpt2_surprisal,0,0.5120215667220464
LF3cIc3,gpt2_surprisal,1,0.49823934463914404
LF3cIc3,local_flow,0,0.48500047020469583
LF3cIc3,local_flow,1,0.509304828479776
LF3cIc3,onset,0,0.568399109745776
LF3cIc3,onset,1,0.5715390322142461
LF3cIc3,pitch,0,0.5034220452859367
LF3cIc3,pitch,1,0.5237348881435274
LF3cIc3,speech,0,0.5563252980575322
LF3cIc3,speech,1,0.5337293501771104
LF3cIc3,volume,0,0.4718869836891215
LF3cIc3,volume,1,0.47002183839587053
LF3cIc3,word_gap,0,0.5105796056549952
LF3cIc3,word_gap,1,0.5395233169284139
LF3cIc3,word_head_pos,0,0.493944808417709
LF3cIc3,word_head_pos,1,0.4909563963512115
LF3cIc3,word_index,0,0.5420239101557782
LF3cIc3,word_index,1,0.5290801231735297
LF3cIc3,word_length,0,0.4799640554632561
LF3cIc3,word_length,1,0.5052924150758075
LF3cIc3,word_part_speech,0,0.4908780903665814
LF3cIc3,word_part_speech,1,0.47860187553282185
LF3bOFb5,delta_volume,0,0.5176483495815178
LF3bOFb5,delta_volume,1,0.5017606553608559
LF3bOFb5,face_num,0,0.47048681859502833
LF3bOFb5,face_num,1,0.4897181906523307
LF3bOFb5,frame_brightness,0,0.49789452786224053
LF3bOFb5,frame_brightness,1,0.48521989906272533
LF3bOFb5,global_flow,0,0.5002716738242271
LF3bOFb5,global_flow,1,0.5059611506431355
LF3bOFb5,gpt2_surprisal,0,0.49416423727573844
LF3bOFb5,gpt2_surprisal,1,0.5223556210359132
LF3bOFb5,local_flow,0,0.5027167382422704
LF3bOFb5,local_flow,1,0.48814039267316595
LF3bOFb5,onset,0,0.56831551779986
LF3bOFb5,onset,1,0.5704209899376195
LF3bOFb5,pitch,0,0.5123245875259919
LF3bOFb5,pitch,1,0.5375432327095284
LF3bOFb5,speech,0,0.5444343437509795
LF3bOFb5,speech,1,0.5448888749568979
LF3bOFb5,volume,0,0.49370448157320035
LF3bOFb5,volume,1,0.4879888822711932
LF3bOFb5,word_gap,0,0.49523003458616766
LF3bOFb5,word_gap,1,0.47912813600409604
LF3bOFb5,word_head_pos,0,0.5202553733947735
LF3bOFb5,word_head_pos,1,0.4696038786662905
LF3bOFb5,word_index,0,0.47721440647264823
LF3bOFb5,word_index,1,0.5119777200821157
LF3bOFb5,word_length,0,0.465675057208238
LF3bOFb5,word_length,1,0.4908310084323375
LF3bOFb5,word_part_speech,0,0.5301396812905764
LF3bOFb5,word_part_speech,1,0.4964981310249852
LF2b1,delta_volume,0,0.4927118272154478
LF2b1,delta_volume,1,0.501530777509587
LF2b1,face_num,0,0.48425859168469115
LF2b1,face_num,1,0.48934202689570866
LF2b1,frame_brightness,0,0.48006854539565114
LF2b1,frame_brightness,1,0.4708107373854529
LF2b1,global_flow,0,0.5107467895468272
LF2b1,global_flow,1,0.5520046393529985
LF2b1,gpt2_surprisal,0,0.5107520140434468
LF2b1,gpt2_surprisal,1,0.4927797456715045
LF2b1,local_flow,0,0.48662006415681847
LF2b1,local_flow,1,0.5023353499890285
LF2b1,onset,0,0.5275435461793256
LF2b1,onset,1,0.5285988944965153
LF2b1,pitch,0,0.506264171447081
LF2b1,pitch,1,0.5216555384888666
LF2b1,speech,0,0.5351713112441616
LF2b1,speech,1,0.5394553984723571
LF2b1,volume,0,0.4580995371095995
LF2b1,volume,1,0.4775085420519733
LF2b1,word_gap,0,0.4865939416737197
LF2b1,word_gap,1,0.5069538050008882
LF2b1,word_head_pos,0,0.4618455011859608
LF2b1,word_head_pos,1,0.5293459975131396
LF2b1,word_index,0,0.5366350682284748
LF2b1,word_index,1,0.5084757275691342
LF2b1,word_length,0,0.4785900128522617
LF2b1,word_length,1,0.5015725734825449
LF2b1,word_part_speech,0,0.5267230638074628
LF2b1,word_part_speech,1,0.5039084530133123
LF2b13,delta_volume,0,0.49680260806871257
LF2b13,delta_volume,1,0.5448993239501373
LF2b13,face_num,0,0.4546670428304233
LF2b13,face_num,1,0.47144812597306246
LF2b13,frame_brightness,0,0.4924297043979813
LF2b13,frame_brightness,1,0.5023875949552261
LF2b13,global_flow,0,0.5091533180778032
LF2b13,global_flow,1,0.5248006854539565
LF2b13,gpt2_surprisal,0,0.495830851697439
LF2b13,gpt2_surprisal,1,0.5002246533546493
LF2b13,local_flow,0,0.4487738106433445
LF2b13,local_flow,1,0.4953031775388441
LF2b13,onset,0,0.5368692726455806
LF2b13,onset,1,0.5532950900180766
LF2b13,pitch,0,0.47855866587254314
LF2b13,pitch,1,0.48809859670020794
LF2b13,speech,0,0.5621558362851738
LF2b13,speech,1,0.5608079161572782
LF2b13,volume,0,0.4952875040489849
LF2b13,volume,1,0.5136881811437468
LF2b13,word_gap,0,0.5046602509848176
LF2b13,word_gap,1,0.48571100174498183
LF2b13,word_head_pos,0,0.5140277734240306
LF2b13,word_head_pos,1,0.49494268727208135
LF2b13,word_index,0,0.5174797729742785
LF2b13,word_index,1,0.5332915710662964
LF2b13,word_length,0,0.5179147989091252
LF2b13,word_length,1,0.48187622122608487
LF2b13,word_part_speech,0,0.505541346973572
LF2b13,word_part_speech,1,0.49150763984523577
LF2c3,delta_volume,0,0.5021681660971965
LF2c3,delta_volume,1,0.4921528060771344
LF2c3,face_num,0,0.4983595080613983
LF2c3,face_num,1,0.5143725902009342
LF2c3,frame_brightness,0,0.4974608946428012
LF2c3,frame_brightness,1,0.49306186848897116
LF2c3,global_flow,0,0.49350595070164993
LF2c3,global_flow,1,0.49083100843233757
LF2c3,gpt2_surprisal,0,0.5098951965978078
LF2c3,gpt2_surprisal,1,0.5081606637200506
LF2c3,local_flow,0,0.4641286062087918
LF2c3,local_flow,1,0.5005955926146516
LF2c3,onset,0,0.5279353834258069
LF2c3,onset,1,0.5412682987994106
LF2c3,pitch,0,0.47092045181446773
LF2c3,pitch,1,0.47955654472691556
LF2c3,speech,0,0.5397009498134855
LF2c3,speech,1,0.5220943962049256
LF2c3,volume,0,0.5143203452347367
LF2c3,volume,1,0.5146756110048796
LF2c3,word_gap,0,0.5004858781856367
LF2c3,word_gap,1,0.5224287639885897
LF2c3,word_head_pos,0,0.5284003636249647
LF2c3,word_head_pos,1,0.4733289447561727
LF2c3,word_index,0,0.4950262649438474
LF2c3,word_index,1,0.5117437507547397
LF2c3,word_length,0,0.5472555719256451
LF2c3,word_length,1,0.5600869356237527
LF2c3,word_part_speech,0,0.500708243163486
LF2c3,word_part_speech,1,0.5022558856318448
LF2d7,delta_volume,0,0.5033593513264998
LF2d7,delta_volume,1,0.51718336938236
LF2d7,face_num,0,0.5067918456056759
LF2d7,face_num,1,0.48278005914130173
LF2d7,frame_brightness,0,0.49070562051346356
LF2d7,frame_brightness,1,0.5071732338589177
LF2d7,global_flow,0,0.5129254046372632
LF2d7,global_flow,1,0.4967817100822336
LF2d7,gpt2_surprisal,0,0.505992497622854
LF2d7,gpt2_surprisal,1,0.4901413748785305
LF2d7,local_flow,0,0.4735797205939208
LF2d7,local_flow,1,0.49309060322037973
LF2d7,onset,0,0.5540421930347011
LF2d7,onset,1,0.5712412359069203
LF2d7,pitch,0,0.4919229282258654
LF2d7,pitch,1,0.48604536952864597
LF2d7,speech,0,0.5422400551706843
LF2d7,speech,1,0.5598466087792442
LF2d7,volume,0,0.5136672831572677
LF2d7,volume,1,0.49833338557829954
LF2d7,word_gap,0,0.5046236795084793
LF2d7,word_gap,1,0.520558394198719
LF2d7,word_head_pos,0,0.4645256679518928
LF2d7,word_head_pos,1,0.4880881477069684
LF2d7,word_index,0,0.5487410940707644
LF2d7,word_index,1,0.5296990097814274
LF2d7,word_length,0,0.49205876513797897
LF2d7,word_length,1,0.500501551675496
LF2d7,word_part_speech,0,0.4698931077447701
LF2d7,word_part_speech,1,0.4752508361204013
LF2aIa11,delta_volume,0,0.5006060416078911
LF2aIa11,delta_volume,1,0.5214674566105557
LF2aIa11,face_num,0,0.5067082536597599
LF2aIa11,face_num,1,0.5027115137456506
LF2aIa11,frame_brightness,0,0.5072359278183547
LF2aIa11,frame_brightness,1,0.4935895426475659
LF2aIa11,global_flow,0,0.49817665067970707
LF2aIa11,global_flow,1,0.5406883796746184
LF2aIa11,gpt2_surprisal,0,0.5184529220609595
LF2aIa11,gpt2_surprisal,1,0.5148872031179796
LF2aIa11,local_flow,0,0.4563388817487435
LF2aIa11,local_flow,1,0.49283199063770206
LF2aIa11,onset,0,0.5424176880557559
LF2aIa11,onset,1,0.564856901037585
LF2aIa11,pitch,0,0.49280064365798354
LF2aIa11,pitch,1,0.5085263784834332
LF2aIa11,speech,0,0.5435357303323824
LF2aIa11,speech,1,0.5434416893932269
LF2aIa11,volume,0,0.4890703530714816
LF2aIa11,volume,1,0.48633271684273227
LF2aIa11,word_gap,0,0.4841802242353949
LF2aIa11,word_gap,1,0.47869450278465675
LF2aIa11,word_head_pos,0,0.4917348463475544
LF2aIa11,word_head_pos,1,0.4851990010762463
LF2aIa11,word_index,0,0.49526023427122323
LF2aIa11,word_index,1,0.517940164231373
LF2aIa11,word_length,0,0.503124248978611
LF2aIa11,word_length,1,0.5206210881581559
LF2aIa11,word_part_speech,0,0.5064266509279297
LF2aIa11,word_part_speech,1,0.5131352875598401
LF1aCaOF7,delta_volume,0,0.5309342444855438
LF1aCaOF7,delta_volume,1,0.5153077750958694
LF1aCaOF7,face_num,0,0.4897338641421899
LF1aCaOF7,face_num,1,0.4861237369779422
LF1aCaOF7,frame_brightness,0,0.47994838197339684
LF1aCaOF7,frame_brightness,1,0.4779108282916941
LF1aCaOF7,global_flow,0,0.5270628924903086
LF1aCaOF7,global_flow,1,0.5238132555928237
LF1aCaOF7,gpt2_surprisal,0,0.5128365881947274
LF1aCaOF7,gpt2_surprisal,1,0.5119954442389476
LF1aCaOF7,local_flow,0,0.483004712495951
LF1aCaOF7,local_flow,1,0.4980199157811145
LF1aCaOF7,onset,0,0.585415295236304
LF1aCaOF7,onset,1,0.528227955236513
LF1aCaOF7,pitch,0,0.45532532940451187
LF1aCaOF7,pitch,1,0.47752421554183255
LF1aCaOF7,speech,0,0.525249992163255
LF1aCaOF7,speech,1,0.5059611506431356
LF1aCaOF7,volume,0,0.48298381450947203
LF1aCaOF7,volume,1,0.48065891351368295
LF1aCaOF7,word_gap,0,0.4727751481144792
LF1aCaOF7,word_gap,1,0.4841619384972258
LF1aCaOF7,word_head_pos,0,0.4804447091522732
LF1aCaOF7,word_head_pos,1,0.4799327084835376
LF1aCaOF7,word_index,0,0.5260838063035864
LF1aCaOF7,word_index,1,0.48312401883830447
LF1aCaOF7,word_length,0,0.4901936198447279
LF1aCaOF7,word_length,1,0.5253858290753686
LF1aCaOF7,word_part_speech,0,0.501350908256279
LF1aCaOF7,word_part_speech,1,0.491678142829038
LF1bIb3,delta_volume,0,0.5536085598152618
LF1bIb3,delta_volume,1,0.5263157894736843
LF1bIb3,face_num,0,0.48933680239908883
LF1bIb3,face_num,1,0.4925655413100947
LF1bIb3,frame_brightness,0,0.4990700396016844
LF1bIb3,frame_brightness,1,0.4743633950868834
LF1bIb3,global_flow,0,0.5210808438606941
LF1bIb3,global_flow,1,0.5486923084960765
LF1bIb3,gpt2_surprisal,0,0.5083800925780801
LF1bIb3,gpt2_surprisal,1,0.5114991170600713
LF1bIb3,local_flow,0,0.5036832701169243
LF1bIb3,local_flow,1,0.5045714345422818
LF1bIb3,onset,0,0.551842679957786
LF1bIb3,onset,1,0.5314880411272374
LF1bIb3,pitch,0,0.47193400415869935
LF1bIb3,pitch,1,0.46775440686289876
LF1bIb3,speech,0,0.5453643041492952
LF1bIb3,speech,1,0.5574433403341589
LF1bIb3,volume,0,0.49387166546503247
LF1bIb3,volume,1,0.4922938674858678
LF1bIb3,word_gap,0,0.5161071230786913
LF1bIb3,word_gap,1,0.5392934390771449
LF1bIb3,word_head_pos,0,0.48201205813819836
LF1bIb3,word_head_pos,1,0.4804342601590337
LF1bIb3,word_index,0,0.4989282695326651
LF1bIb3,word_index,1,0.4934865958217607
LF1bIb3,word_length,0,0.5057887422546838
LF1bIb3,word_length,1,0.5354429850683886
LF1bIb3,word_part_speech,0,0.46984064528821556
LF1bIb3,word_part_speech,1,0.44729490458390714
LF1bIb15,delta_volume,0,0.49615999498448327
LF1bIb15,delta_volume,1,0.5008672664388787
LF1bIb15,face_num,0,0.5340062484979573
LF1bIb15,face_num,1,0.5044564956166473
LF1bIb15,frame_brightness,0,0.4929312560734773
LF1bIb15,frame_brightness,1,0.4774850318171845
LF1bIb15,global_flow,0,0.48840161750415345
LF1bIb15,global_flow,1,0.5059036811803183
LF1bIb15,gpt2_surprisal,0,0.5129463026237422
LF1bIb15,gpt2_surprisal,1,0.5177058190443351
LF1bIb15,local_flow,0,0.46768126391022224
LF1bIb15,local_flow,1,0.5009978788543724
LF1bIb15,onset,0,0.5873013385160339
LF1bIb15,onset,1,0.568817069475356
LF1bIb15,pitch,0,0.5124238529617672
LF1bIb15,pitch,1,0.5175334106558833
LF1bIb15,speech,0,0.5483474917191729
LF1bIb15,speech,1,0.5329874716571058
LF1bIb15,volume,0,0.52074647607703
LF1bIb15,volume,1,0.5166661442170046
LF1bIb15,word_gap,0,0.48363687658694077
LF1bIb15,word_gap,1,0.5181551257536336
LF1bIb15,word_head_pos,0,0.4609468877673636
LF1bIb15,word_head_pos,1,0.4889240671661286
LF1bIb15,word_index,0,0.5244686632049269
LF1bIb15,word_index,1,0.5042265426880811
LF1bIb15,word_length,0,0.49035035474332045
LF1bIb15,word_length,1,0.4687627347105106
LF1bIb15,word_part_speech,0,0.5078628106761099
LF1bIb15,word_part_speech,1,0.4727654272411306
LF1cCb11,delta_volume,0,0.5052506191028494
LF1cCb11,delta_volume,1,0.5140277734240306
LF1cCb11,face_num,0,0.5164205928758765
LF1cCb11,face_num,1,0.5221936616407009
LF1cCb11,frame_brightness,0,0.4903555792399402
LF1cCb11,frame_brightness,1,0.5063529878896169
LF1cCb11,global_flow,0,0.49805126276083306
LF1cCb11,global_flow,1,0.5113319331682392
LF1cCb11,gpt2_surprisal,0,0.48326593732693857
LF1cCb11,gpt2_surprisal,1,0.5131500579919126
LF1cCb11,local_flow,0,0.4605863975006008
LF1cCb11,local_flow,1,0.481035077270305
LF1cCb11,onset,0,0.5400771135701076
LF1cCb11,onset,1,0.5183588811218038
LF1cCb11,pitch,0,0.5159190412003803
LF1cCb11,pitch,1,0.5088346237839984
LF1cCb11,speech,0,0.5173035328046143
LF1cCb11,speech,1,0.5069799274839869
LF1cCb11,volume,0,0.5211487623167508
LF1cCb11,volume,1,0.5263157894736842
LF1cCb11,word_gap,0,0.48609238999822363
LF1cCb11,word_gap,1,0.5086360929124479
LF1cCb11,word_head_pos,0,0.5244088482074752
LF1cCb11,word_head_pos,1,0.5089600117028724
LF1cCb11,word_index,0,0.5108229682405506
LF1cCb11,word_index,1,0.5131702089119672
LF1cCb11,word_length,0,0.5073456422473694
LF1cCb11,word_length,1,0.5364304149295216
LF1cCb11,word_part_speech,0,0.46879139615712506
LF1cCb11,word_part_speech,1,0.4828316610925307
RF3aOFa12,delta_volume,0,0.5124917714178239
RF3aOFa12,delta_volume,1,0.5064992737949698
RF3aOFa12,face_num,0,0.5060551915822911
RF3aOFa12,face_num,1,0.542015401816035
RF3aOFa12,frame_brightness,0,0.4872887997241465
RF3aOFa12,frame_brightness,1,0.4927901946647441
RF3aOFa12,global_flow,0,0.4858729611401942
RF3aOFa12,global_flow,1,0.4913430091010731
RF3aOFa12,gpt2_surprisal,0,0.4913430091010731
RF3aOFa12,gpt2_surprisal,1,0.5072359278183547
RF3aOFa12,local_flow,0,0.4897181906523307
RF3aOFa12,local_flow,1,0.5383791521686886
RF3aOFa12,onset,0,0.5348369434604976
RF3aOFa12,onset,1,0.5424438105388546
RF3aOFa12,pitch,0,0.4911183557464238
RF3aOFa12,pitch,1,0.4811082202229815
RF3aOFa12,speech,0,0.5867997868405379
RF3aOFa12,speech,1,0.5173401042809526
RF3aOFa12,volume,0,0.48509451114385127
RF3aOFa12,volume,1,0.5006635110707084
RF3aOFa12,word_gap,0,0.5088398482806182
RF3aOFa12,word_gap,1,0.5302132639520182
RF3aOFa12,word_head_pos,0,0.46879930618684884
RF3aOFa12,word_head_pos,1,0.4547454102797196
RF3aOFa12,word_index,0,0.4889807994203599
RF3aOFa12,word_index,1,0.5033661393551504
RF3aOFa12,word_length,0,0.4816881393477739
RF3aOFa12,word_length,1,0.5116454029654243
RF3aOFa12,word_part_speech,0,0.47898878614991147
RF3aOFa12,word_part_speech,1,0.4899337661485999
RF3bOFb8,delta_volume,0,0.5266449327607284
RF3bOFb8,delta_volume,1,0.531623878039351
RF3bOFb8,face_num,0,0.4763957242719664
RF3bOFb8,face_num,1,0.5054543744710197
RF3bOFb8,frame_brightness,0,0.5068205803370847
RF3bOFb8,frame_brightness,1,0.4924923983574182
RF3bOFb8,global_flow,0,0.48984357857120464
RF3bOFb8,global_flow,1,0.5145867945623439
RF3bOFb8,gpt2_surprisal,0,0.5455053655580285
RF3bOFb8,gpt2_surprisal,1,0.5281600367804562
RF3bOFb8,local_flow,0,0.47616584642069737
RF3bOFb8,local_flow,1,0.5029936365631171
RF3bOFb8,onset,0,0.5359288632540256
RF3bOFb8,onset,1,0.5324911444782295
RF3bOFb8,pitch,0,0.4690605310178365
RF3bOFb8,pitch,1,0.47906544204465906
RF3bOFb8,speech,0,0.5164362663657356
RF3bOFb8,speech,1,0.5058200892344022
RF3bOFb8,volume,0,0.5007627765064836
RF3bOFb8,volume,1,0.48867329132838055
RF3bOFb8,word_gap,0,0.4957159127718045
RF3bOFb8,word_gap,1,0.5108199324995037
RF3bOFb8,word_head_pos,0,0.49984848959802725
RF3bOFb8,word_head_pos,1,0.4928372151343218
RF3bOFb8,word_index,0,0.4644064726482309
RF3bOFb8,word_index,1,0.4712142253351045
RF3bOFb8,word_length,0,0.5004414699643689
RF3bOFb8,word_length,1,0.5256888498793141
RF3bOFb8,word_part_speech,0,0.4741163354974096
RF3bOFb8,word_part_speech,1,0.48245130828251037
RF2I4,delta_volume,0,0.49780571141970476
RF2I4,delta_volume,1,0.5099474415640053
RF2I4,face_num,0,0.48507883765399196
RF2I4,face_num,1,0.5026958402557914
RF2I4,frame_brightness,0,0.49340668526587467
RF2I4,frame_brightness,1,0.486651411136537
RF2I4,global_flow,0,0.5105378096820371
RF2I4,global_flow,1,0.5051565781636939
RF2I4,gpt2_surprisal,0,0.4893106799159901
RF2I4,gpt2_surprisal,1,0.5397218477999645
RF2I4,local_flow,0,0.4836891215531384
RF2I4,local_flow,1,0.5195970868206848
RF2I4,onset,0,0.541931809870119
RF2I4,onset,1,0.5596846493840318
RF2I4,pitch,0,0.4873723916700625
RF2I4,pitch,1,0.4530213263952018
RF2I4,speech,0,0.5695537234987409
RF2I4,speech,1,0.5333740844069673
RF2I4,volume,0,0.4814007920336876
RF2I4,volume,1,0.48997941548331814
RF2I4,word_gap,0,0.509555604317524
RF2I4,word_gap,1,0.5008411439557798
RF2I4,word_head_pos,0,0.48501614369455504
RF2I4,word_head_pos,1,0.5014628590535302
RF2I4,word_index,0,0.4799239222316146
RF2I4,word_index,1,0.49716217848085975
RF2I4,word_length,0,0.4982759161154822
RF2I4,word_length,1,0.5074658056696237
RF2I4,word_part_speech,0,0.46660108859597343
RF2I4,word_part_speech,1,0.49283231687323753
RF1aCaOF3,delta_volume,0,0.49754448658871714
RF1aCaOF3,delta_volume,1,0.5181028807874362
RF1aCaOF3,face_num,0,0.5122409955800759
RF1aCaOF3,face_num,1,0.5005955926146516
RF1aCaOF3,frame_brightness,0,0.4799222594902981
RF1aCaOF3,frame_brightness,1,0.46611130267598716
RF1aCaOF3,global_flow,0,0.5240640314305717
RF1aCaOF3,global_flow,1,0.5171729203891205
RF1aCaOF3,gpt2_surprisal,0,0.5030040855563567
RF1aCaOF3,gpt2_surprisal,1,0.5165329195532009
RF1aCaOF3,local_flow,0,0.49038170172303897
RF1aCaOF3,local_flow,1,0.5197668829608267
RF1aCaOF3,onset,0,0.5522449661975068
RF1aCaOF3,onset,1,0.4989342026895709
RF1aCaOF3,pitch,0,0.47425368065786866
RF1aCaOF3,pitch,1,0.4629635434625874
RF1aCaOF3,speech,0,0.5024084929417051
RF1aCaOF3,speech,1,0.4979310993385787
RF1aCaOF3,volume,0,0.5277420770508762
RF1aCaOF3,volume,1,0.5111125043102098
RF1aCaOF3,word_gap,0,0.47930576888916754
RF1aCaOF3,word_gap,1,0.4896920681692319
RF1aCaOF3,word_head_pos,0,0.5050102922583409
RF1aCaOF3,word_head_pos,1,0.5190119431992728
RF1aCaOF3,word_index,0,0.48197681439439677
RF1aCaOF3,word_index,1,0.4630252988769472
RF1aCaOF3,word_length,0,0.49895248842774
RF1aCaOF3,word_length,1,0.5201979039319562
RF1aCaOF3,word_part_speech,0,0.5268607777559184
RF1aCaOF3,word_part_speech,1,0.5279165846940783
RF1aCaOF15,delta_volume,0,0.5334263293731649
RF1aCaOF15,delta_volume,1,0.5337972686331672
RF1aCaOF15,face_num,0,0.48018870881790543
RF1aCaOF15,face_num,1,0.488307576564998
RF1aCaOF15,frame_brightness,0,0.4794259323114217
RF1aCaOF15,frame_brightness,1,0.47345955717166655
RF1aCaOF15,global_flow,0,0.53143579616104
RF1aCaOF15,global_flow,1,0.5270576679936888
RF1aCaOF15,gpt2_surprisal,0,0.49140047856389035
RF1aCaOF15,gpt2_surprisal,1,0.4895980272300764
RF1aCaOF15,local_flow,0,0.4615529293752547
RF1aCaOF15,local_flow,1,0.4965230974995559
RF1aCaOF15,onset,0,0.5590263628099432
RF1aCaOF15,onset,1,0.5221779881508417
RF1aCaOF15,pitch,0,0.4435911099965518
RF1aCaOF15,pitch,1,0.4647555458031619
RF1aCaOF15,speech,0,0.5451971202574633
RF1aCaOF15,speech,1,0.49223639802305047
RF1aCaOF15,volume,0,0.47161008536827476
RF1aCaOF15,volume,1,0.49283721513432177
RF1aCaOF15,word_gap,0,0.47934234036550577
RF1aCaOF15,word_gap,1,0.4891905164937358
RF1aCaOF15,word_head_pos,0,0.47368421052631576
RF1aCaOF15,word_head_pos,1,0.4828479775973585
RF1aCaOF15,word_index,0,0.5040076681560198
RF1aCaOF15,word_index,1,0.4935167854123898
RF1aCaOF15,word_length,0,0.49665632216335953
RF1aCaOF15,word_length,1,0.5256313804164968
RF1aCaOF15,word_part_speech,0,0.5272280149518
RF1aCaOF15,word_part_speech,1,0.4858875991868319
