electrode,task,fold,test_auroc
LT3a1,delta_volume,0,0.5775628768168186
LT3a1,delta_volume,1,0.5176483495815178
LT3a1,face_num,0,0.5039862909208698
LT3a1,face_num,1,0.47555980481280635
LT3a1,frame_brightness,0,0.49094594735797203
LT3a1,frame_brightness,1,0.48411753027595794
LT3a1,global_flow,0,0.5281391387939772
LT3a1,global_flow,1,0.5194299029288528
LT3a1,gpt2_surprisal,0,0.5197538217192773
LT3a1,gpt2_surprisal,1,0.46982853202093977
LT3a1,local_flow,0,0.5105142994472482
LT3a1,local_flow,1,0.4965048117613868
LT3a1,onset,0,0.577826074523149
LT3a1,onset,1,0.5496940146987332
LT3a1,pitch,0,0.5084166640544183
LT3a1,pitch,1,0.4821269970638329
LT3a1,speech,0,0.5015203285163474
LT3a1,speech,1,0.5143307942279761
LT3a1,volume,0,0.5472555719256449
LT3a1,volume,1,0.5230557035829598
LT3a1,word_gap,0,0.5258812861298977
LT3a1,word_gap,1,0.5417501039029735
LT3a1,word_head_pos,0,0.5172199408586984
LT3a1,word_head_pos,1,0.465695955194717
LT3a1,word_index,0,0.5616626151845779
LT3a1,word_index,1,0.5480948612131834
LT3a1,word_length,0,0.4433716811385223
LT3a1,word_length,1,0.4846452044345527
LT3a1,word_part_speech,0,0.5012819765747917
LT3a1,word_part_speech,1,0.4782938057222773
LT2aA4,delta_volume,0,0.6007178458355538
LT2aA4,delta_volume,1,0.5604683238769945
LT2aA4,face_num,0,0.4782765430550766
LT2aA4,face_num,1,0.4937828490224967
LT2aA4,frame_brightness,0,0.4888404752202126
LT2aA4,frame_brightness,1,0.47270200516180266
LT2aA4,global_flow,0,0.5132232009445891
LT2aA4,global_flow,1,0.511862219575144
LT2aA4,gpt2_surprisal,0,0.5171729203891204
LT2aA4,gpt2_surprisal,1,0.5199993730604056
LT2aA4,local_flow,0,0.48276438565144253
LT2aA4,local_flow,1,0.47267065818208415
LT2aA4,onset,0,0.5897652206239813
LT2aA4,onset,1,0.5762318053132774
LT2aA4,pitch,0,0.4841227547725777
LT2aA4,pitch,1,0.4952613815658861
LT2aA4,speech,0,0.5268800351086174
LT2aA4,speech,1,0.5314514696508992
LT2aA4,volume,0,0.5178103089767301
LT2aA4,volume,1,0.5102818093476693
LT2aA4,word_gap,0,0.50256294001335
LT2aA4,word_gap,1,0.5174682938502033
LT2aA4,word_head_pos,0,0.49870432483830185
LT2aA4,word_head_pos,1,0.5030458815293147
LT2aA4,word_index,0,0.5670190513878681
LT2aA4,word_index,1,0.5745237153032958
LT2aA4,word_length,0,0.46120288810173143
LT2aA4,word_length,1,0.5031973919312874
LT2aA4,word_part_speech,0,0.4632305809684751
LT2aA4,word_part_speech,1,0.47750713827865504
LT3bHa5,delta_volume,0,0.5853682747667261
LT3bHa5,delta_volume,1,0.5338547380959844
LT3bHa5,face_num,0,0.4972362412881519
LT3bHa5,face_num,1,0.485287817518782
LT3bHa5,frame_brightness,0,0.49641599531885106
LT3bHa5,frame_brightness,1,0.49863640638224516
LT3bHa5,global_flow,0,0.5277681995339749
LT3bHa5,global_flow,1,0.5382903357261528
LT3bHa5,gpt2_surprisal,0,0.5164989603251727
LT3bHa5,gpt2_surprisal,1,0.529319875030041
LT3bHa5,local_flow,0,0.4884068420007732
LT3bHa5,local_flow,1,0.4644055045296386
LT3bHa5,onset,0,0.5736866939289085
LT3bHa5,onset,1,0.5623623781063227
LT3bHa5,pitch,0,0.4880933722035882
LT3bHa5,pitch,1,0.469468041754177
LT3bHa5,speech,0,0.49783705839942316
LT3bHa5,speech,1,0.5505417802994681
LT3bHa5,volume,0,0.5371670689529064
LT3bHa5,volume,1,0.4963115053864561
LT3bHa5,word_gap,0,0.5251760053399831
LT3bHa5,word_gap,1,0.5314227780506543
LT3bHa5,word_head_pos,0,0.46993040970502487
LT3bHa5,word_head_pos,1,0.5130978130257149
LT3bHa5,word_index,0,0.5347673695516988
LT3bHa5,word_index,1,0.524252360223868
LT3bHa5,word_length,0,0.4843996530934245
LT3bHa5,word_length,1,0.48550202188019187
LT3bHa5,word_part_speech,0,0.48690344385525325
LT3bHa5,word_part_speech,1,0.4826933162403123
LT1bIb4,delta_volume,0,0.6890431856890589
LT1bIb4,delta_volume,1,0.636401157748451
LT1bIb4,face_num,0,0.47431115012068586
LT1bIb4,face_num,1,0.5057051503087678
LT1bIb4,frame_brightness,0,0.469112775984034
LT1bIb4,frame_brightness,1,0.4994409788616867
LT1bIb4,global_flow,0,0.4536116945132336
LT1bIb4,global_flow,1,0.4943888906303878
LT1bIb4,gpt2_surprisal,0,0.5500297796307325
LT1bIb4,gpt2_surprisal,1,0.5466181833380355
LT1bIb4,local_flow,0,0.4866461866399172
LT1bIb4,local_flow,1,0.4617828072265237
LT1bIb4,onset,0,0.6909262489633675
LT1bIb4,onset,1,0.6894749635391346
LT1bIb4,pitch,0,0.49728326175772963
LT1bIb4,pitch,1,0.48583638966385584
LT1bIb4,speech,0,0.5529189262614547
LT1bIb4,speech,1,0.5903210975622498
LT1bIb4,volume,0,0.5569156661755639
LT1bIb4,volume,1,0.5341629833965498
LT1bIb4,word_gap,0,0.5520018639563733
LT1bIb4,word_gap,1,0.5323736476870568
LT1bIb4,word_head_pos,0,0.5309917139483611
LT1bIb4,word_head_pos,1,0.5044982915896054
LT1bIb4,word_index,0,0.6301939058171746
LT1bIb4,word_index,1,0.632342133529312
LT1bIb4,word_length,0,0.497863180882522
LT1bIb4,word_length,1,0.49361566513066457
LT1bIb4,word_part_speech,0,0.5291649670765106
LT1bIb4,word_part_speech,1,0.5042101276149409
LT2b6,delta_volume,0,0.5317962864278026
LT2b6,delta_volume,1,0.49958726476703974
LT2b6,face_num,0,0.47162053436151424
LT2b6,face_num,1,0.5113737291411973
LT2b6,frame_brightness,0,0.43744710197172504
LT2b6,frame_brightness,1,0.44233723080781173
LT2b6,global_flow,0,0.5280085263784834
LT2b6,global_flow,1,0.5543399893420269
LT2b6,gpt2_surprisal,0,0.5292885280503223
LT2b6,gpt2_surprisal,1,0.5172094918654587
LT2b6,local_flow,0,0.5585195866378274
LT2b6,local_flow,1,0.5186932489054679
LT2b6,onset,0,0.5290471560525036
LT2b6,onset,1,0.520818439188996
LT2b6,pitch,0,0.5068493150684932
LT2b6,pitch,1,0.4720019226147561
LT2b6,speech,0,0.5429976071805481
LT2b6,speech,1,0.5469577756183192
LT2b6,volume,0,0.5361117206357168
LT2b6,volume,1,0.4968339550484311
LT2b6,word_gap,0,0.5252893540383622
LT2b6,word_gap,1,0.5348673190513974
LT2b6,word_head_pos,0,0.5293146505334211
LT2b6,word_head_pos,1,0.5370260075441731
LT2b6,word_index,0,0.5442789304087285
LT2b6,word_index,1,0.537989711119905
LT2b6,word_length,0,0.4828427531007387
LT2b6,word_length,1,0.48828145408189927
LT2b6,word_part_speech,0,0.5515412854728745
LT2b6,word_part_speech,1,0.49398345084785267
LT1c4,delta_volume,0,0.6605749036080375
LT1c4,delta_volume,1,0.5964233096141187
LT1c4,face_num,0,0.4940832575781323
LT1c4,face_num,1,0.5077688264735692
LT1c4,frame_brightness,0,0.4837936114855334
LT1c4,frame_brightness,1,0.4859513285894904
LT1c4,global_flow,0,0.5349414333928926
LT1c4,global_flow,1,0.5412474008129317
LT1c4,gpt2_surprisal,0,0.5377208655946
LT1c4,gpt2_surprisal,1,0.5476317356822671
LT1c4,local_flow,0,0.5255895844435389
LT1c4,local_flow,1,0.5246961955215615
LT1c4,onset,0,0.5996239526437702
LT1c4,onset,1,0.6222725842889416
LT1c4,pitch,0,0.49197517319206296
LT1c4,pitch,1,0.4725870662361682
LT1c4,speech,0,0.5476630826619855
LT1c4,speech,1,0.5601653030730489
LT1c4,volume,0,0.5243043582750802
LT1c4,volume,1,0.4934537057354524
LT1c4,word_gap,0,0.5001700230475686
LT1c4,word_gap,1,0.48477978866764904
LT1c4,word_head_pos,0,0.501614369455503
LT1c4,word_head_pos,1,0.4829994879993313
LT1c4,word_index,0,0.581646786138278
LT1c4,word_index,1,0.6151139126010515
LT1c4,word_length,0,0.5157100613355904
LT1c4,word_length,1,0.5030876775022727
LT1c4,word_part_speech,0,0.5033506205932056
LT1c4,word_part_speech,1,0.5198415010780257
LT3d8,delta_volume,0,0.6496870526524768
LT3d8,delta_volume,1,0.5634201644671535
LT3d8,face_num,0,0.48747688160245756
LT3d8,face_num,1,0.49956636678056066
LT3d8,frame_brightness,0,0.4811395672027
LT3d8,frame_brightness,1,0.4982236711492848
LT3d8,global_flow,0,0.5242834602886012
LT3d8,global_flow,1,0.5138292425524801
LT3d8,gpt2_surprisal,0,0.5422348306740645
LT3d8,gpt2_surprisal,1,0.5639687366122275
LT3d8,local_flow,0,0.508970460696112
LT3d8,local_flow,1,0.4952091365996885
LT3d8,onset,0,0.6192913723583746
LT3d8,onset,1,0.6389587920729789
LT3d8,pitch,0,0.5319843683061136
LT3d8,pitch,1,0.4814791594829838
LT3d8,speech,0,0.5370364565374126
LT3d8,speech,1,0.5783256533233023
LT3d8,volume,0,0.56663845438492
LT3d8,volume,1,0.503897474478334
LT3d8,word_gap,0,0.5264984068210727
LT3d8,word_gap,1,0.5570206924346042
LT3d8,word_head_pos,0,0.5234423163328212
LT3d8,word_head_pos,1,0.5057782932614443
LT3d8,word_index,0,0.6066905986771439
LT3d8,word_index,1,0.5993131324551981
LT3d8,word_length,0,0.4739036393843453
LT3d8,word_length,1,0.4582197005318538
LT3d8,word_part_speech,0,0.574966493794068
LT3d8,word_part_speech,1,0.4810325738593322
RT3aHa7,delta_volume,0,0.6104667565280085
RT3aHa7,delta_volume,1,0.573534789922991
RT3aHa7,face_num,0,0.4968182815585718
RT3aHa7,face_num,1,0.48898676112556555
RT3aHa7,frame_brightness,0,0.5251402777342403
RT3aHa7,frame_brightness,1,0.4903451302467007
RT3aHa7,global_flow,0,0.5164049193860172
RT3aHa7,global_flow,1,0.5122671180631746
RT3aHa7,gpt2_surprisal,0,0.5255059924976229
RT3aHa7,gpt2_surprisal,1,0.5452545897202804
RT3aHa7,local_flow,0,0.47801531822408905
RT3aHa7,local_flow,1,0.46025725421355657
RT3aHa7,onset,0,0.6033486802596586
RT3aHa7,onset,1,0.5820869913351826
RT3aHa7,pitch,0,0.5357564548655737
RT3aHa7,pitch,1,0.5313208572354053
RT3aHa7,speech,0,0.4819702621652404
RT3aHa7,speech,1,0.5115461375296491
RT3aHa7,volume,0,0.5103340543138668
RT3aHa7,volume,1,0.4947441564005308
RT3aHa7,word_gap,0,0.5046347023337238
RT3aHa7,word_gap,1,0.509974685457362
RT3aHa7,word_head_pos,0,0.47883033969677025
RT3aHa7,word_head_pos,1,0.48275916115482276
RT3aHa7,word_index,0,0.542102436542484
RT3aHa7,word_index,1,0.5303295833568885
RT3aHa7,word_length,0,0.4774353990992968
RT3aHa7,word_length,1,0.5121469546409203
RT3aHa7,word_part_speech,0,0.5050404988054309
RT3aHa7,word_part_speech,1,0.5123681603636152
RT2aA5,delta_volume,0,0.6096360615654681
RT2aA5,delta_volume,1,0.5636761648015214
RT2aA5,face_num,0,0.49490089129912335
RT2aA5,face_num,1,0.48938382286866655
RT2aA5,frame_brightness,0,0.4824979363238352
RT2aA5,frame_brightness,1,0.5084480110341368
RT2aA5,global_flow,0,0.5155898979133361
RT2aA5,global_flow,1,0.4798647900274809
RT2aA5,gpt2_surprisal,0,0.5385097645841823
RT2aA5,gpt2_surprisal,1,0.5468428366926845
RT2aA5,local_flow,0,0.47022559376404083
RT2aA5,local_flow,1,0.47123392161165273
RT2aA5,onset,0,0.5729789241899969
RT2aA5,onset,1,0.600860762389545
RT2aA5,pitch,0,0.5126694043028954
RT2aA5,pitch,1,0.5199575770874476
RT2aA5,speech,0,0.5143098962414971
RT2aA5,speech,1,0.5336614317210537
RT2aA5,volume,0,0.5286772619458115
RT2aA5,volume,1,0.5181603502502534
RT2aA5,word_gap,0,0.5317880127454314
RT2aA5,word_gap,1,0.5226067681767232
RT2aA5,word_head_pos,0,0.48864716884528175
RT2aA5,word_head_pos,1,0.503897474478334
RT2aA5,word_index,0,0.5509356097009441
RT2aA5,word_index,1,0.5439821357906043
RT2aA5,word_length,0,0.4780205427207089
RT2aA5,word_length,1,0.483150998401304
RT2aA5,word_part_speech,0,0.5395955946623158
RT2aA5,word_part_speech,1,0.5200454518967427
RT1bIb1,delta_volume,0,0.5687073550463413
RT1bIb1,delta_volume,1,0.5824059851833276
RT1bIb1,face_num,0,0.4652832199617567
RT1bIb1,face_num,1,0.4881769641495042
RT1bIb1,frame_brightness,0,0.4988662842335142
RT1bIb1,frame_brightness,1,0.49938873389548916
RT1bIb1,global_flow,0,0.5020897986479003
RT1bIb1,global_flow,1,0.5188761062871592
RT1bIb1,gpt2_surprisal,0,0.5348421679571174
RT1bIb1,gpt2_surprisal,1,0.5684043342423958
RT1bIb1,local_flow,0,0.5120738116882438
RT1bIb1,local_flow,1,0.5025025338808605
RT1bIb1,onset,0,0.6216506048214133
RT1bIb1,onset,1,0.6096614143956075
RT1bIb1,pitch,0,0.4845302655089182
RT1bIb1,pitch,1,0.496269709413498
RT1bIb1,speech,0,0.527201341650732
RT1bIb1,speech,1,0.5007680010031034
RT1bIb1,volume,0,0.5323709810559752
RT1bIb1,volume,1,0.5078733164059643
RT1bIb1,word_gap,0,0.516372589765872
RT1bIb1,word_gap,1,0.4872482714323497
RT1bIb1,word_head_pos,0,0.4686216733017774
RT1bIb1,word_head_pos,1,0.5073717647304683
RT1bIb1,word_index,0,0.5583272089999436
RT1bIb1,word_index,1,0.60967267793544
RT1bIb1,word_length,0,0.4753403759547768
RT1bIb1,word_length,1,0.49421648224193593
RT1bIb1,word_part_speech,0,0.5024328419089797
RT1bIb1,word_part_speech,1,0.4739088631198648
RT3bHb8,delta_volume,0,0.5188134123277224
RT3bHb8,delta_volume,1,0.5083173986186431
RT3bHb8,face_num,0,0.4367365704314389
RT3bHb8,face_num,1,0.4801260148584684
RT3bHb8,frame_brightness,0,0.4423424553044314
RT3bHb8,frame_brightness,1,0.4965570567275843
RT3bHb8,global_flow,0,0.4963376278695548
RT3bHb8,global_flow,1,0.4769599699068995
RT3bHb8,gpt2_surprisal,0,0.5189074532668777
RT3bHb8,gpt2_surprisal,1,0.5481959813172002
RT3bHb8,local_flow,0,0.48715818730865285
RT3bHb8,local_flow,1,0.4975523233336468
RT3bHb8,onset,0,0.5370113529125797
RT3bHb8,onset,1,0.5156924704738483
RT3bHb8,pitch,0,0.49319770540108454
RT3bHb8,pitch,1,0.4796819326457896
RT3bHb8,speech,0,0.5358922917776872
RT3bHb8,speech,1,0.5106057281380939
RT3bHb8,volume,0,0.5042893117248153
RT3bHb8,volume,1,0.4909093758816338
RT3bHb8,word_gap,0,0.5067127618040075
RT3bHb8,word_gap,1,0.525068953791514
RT3bHb8,word_head_pos,0,0.4551267985329614
RT3bHb8,word_head_pos,1,0.497654201017732
RT3bHb8,word_index,0,0.509228899315959
RT3bHb8,word_index,1,0.525651534852168
RT3bHb8,word_length,0,0.4437008244255666
RT3bHb8,word_length,1,0.49190725473600616
RT3bHb8,word_part_speech,0,0.4874570246489133
RT3bHb8,word_part_speech,1,0.5052590175397704
RT1c8,delta_volume,0,0.6213128115106109
RT1c8,delta_volume,1,0.6239877537799233
RT1c8,face_num,0,0.4825763037731315
RT1c8,face_num,1,0.5011859607326834
RT1c8,frame_brightness,0,0.49210578560755674
RT1c8,frame_brightness,1,0.4876440654942896
RT1c8,global_flow,0,0.48170381283763314
RT1c8,global_flow,1,0.5062902939301799
RT1c8,gpt2_surprisal,0,0.5184581465575792
RT1c8,gpt2_surprisal,1,0.4833390802796151
RT1c8,local_flow,0,0.5242050928393049
RT1c8,local_flow,1,0.4991327335611214
RT1c8,onset,0,0.6402313477651633
RT1c8,onset,1,0.6373645228631073
RT1c8,pitch,0,0.508547276469912
RT1c8,pitch,1,0.48956145575373816
RT1c8,speech,0,0.5250828082714231
RT1c8,speech,1,0.5222197841237997
RT1c8,volume,0,0.5056267828594716
RT1c8,volume,1,0.4806641380103027
RT1c8,word_gap,0,0.49443331947960345
RT1c8,word_gap,1,0.5000440800493697
RT1c8,word_head_pos,0,0.5127425472555719
RT1c8,word_head_pos,1,0.5083173986186431
RT1c8,word_index,0,0.5732941375996382
RT1c8,word_index,1,0.6362993951043022
RT1c8,word_length,0,0.4905959060844488
RT1c8,word_length,1,0.5105325851854173
RT1c8,word_part_speech,0,0.50658469786143
RT1c8,word_part_speech,1,0.5391002855311462
LT3a2,delta_volume,0,0.5857653365098273
LT3a2,delta_volume,1,0.5371827424427655
LT3a2,face_num,0,0.49587264767039696
LT3a2,face_num,1,0.4714115544967242
LT3a2,frame_brightness,0,0.4928372151343219
LT3a2,frame_brightness,1,0.47876242124071344
LT3a2,global_flow,0,0.5024032684450853
LT3a2,global_flow,1,0.5230818260660585
LT3a2,gpt2_surprisal,0,0.5216973344618246
LT3a2,gpt2_surprisal,1,0.48093581183452977
LT3a2,local_flow,0,0.49974399966563227
LT3a2,local_flow,1,0.49434187016081
LT3a2,onset,0,0.56951871657754
LT3a2,onset,1,0.5379478967085133
LT3a2,pitch,0,0.5176796965612364
LT3a2,pitch,1,0.49509680992236393
LT3a2,speech,0,0.49217892856023326
LT3a2,speech,1,0.5202605978913932
LT3a2,volume,0,0.5490893702391775
LT3a2,volume,1,0.5409130330292676
LT3a2,word_gap,0,0.5301129708693845
LT3a2,word_gap,1,0.5174619967002935
LT3a2,word_head_pos,0,0.4947650543870098
LT3a2,word_head_pos,1,0.47639049977534664
LT3a2,word_index,0,0.5413109842274859
LT3a2,word_index,1,0.5006218553903555
LT3a2,word_length,0,0.46942624578121894
LT3a2,word_length,1,0.4817247108241121
LT3a2,word_part_speech,0,0.5243429870054193
LT3a2,word_part_speech,1,0.4845580094400093
LT2aA5,delta_volume,0,0.6081157330491207
LT2aA5,delta_volume,1,0.5718577265080509
LT2aA5,face_num,0,0.5021942885802954
LT2aA5,face_num,1,0.50356310669467
LT2aA5,frame_brightness,0,0.4950889731774344
LT2aA5,frame_brightness,1,0.4781407061429631
LT2aA5,global_flow,0,0.5227213357992957
LT2aA5,global_flow,1,0.5028003301881864
LT2aA5,gpt2_surprisal,0,0.5266292592708692
LT2aA5,gpt2_surprisal,1,0.5354116380886701
LT2aA5,local_flow,0,0.4779108282916941
LT2aA5,local_flow,1,0.47392453737082435
LT2aA5,onset,0,0.592782178500958
LT2aA5,onset,1,0.5677671652034659
LT2aA5,pitch,0,0.482649446725808
LT2aA5,pitch,1,0.4994462033583065
LT2aA5,speech,0,0.5104907892124594
LT2aA5,speech,1,0.5080143778146975
LT2aA5,volume,0,0.5269636270545333
LT2aA5,volume,1,0.49283199063770206
LT2aA5,word_gap,0,0.49858314127026104
LT2aA5,word_gap,1,0.5345902444553595
LT2aA5,word_head_pos,0,0.49486954431940483
LT2aA5,word_head_pos,1,0.49304619499911184
LT2aA5,word_index,0,0.5499604273842501
LT2aA5,word_index,1,0.5390920911300808
LT2aA5,word_length,0,0.4898331295779652
LT2aA5,word_length,1,0.49225207151290973
LT2aA5,word_part_speech,0,0.48738418507080006
LT2aA5,word_part_speech,1,0.4739234310354874
LT3bHa6,delta_volume,0,0.5957075535772128
LT3bHa6,delta_volume,1,0.5381649478072787
LT3bHa6,face_num,0,0.5187611673615248
LT3bHa6,face_num,1,0.5140538959071294
LT3bHa6,frame_brightness,0,0.49105566178698684
LT3bHa6,frame_brightness,1,0.4997596731554914
LT3bHa6,global_flow,0,0.5270210965173506
LT3bHa6,global_flow,1,0.5595226899888195
LT3bHa6,gpt2_surprisal,0,0.5269949740342518
LT3bHa6,gpt2_surprisal,1,0.524351378744658
LT3bHa6,local_flow,0,0.4998537140946471
LT3bHa6,local_flow,1,0.47157873838855624
LT3bHa6,onset,0,0.5623480797277589
LT3bHa6,onset,1,0.5570934256055364
LT3bHa6,pitch,0,0.5177841864936314
LT3bHa6,pitch,1,0.5008986134185971
LT3bHa6,speech,0,0.5221414166745034
LT3bHa6,speech,1,0.542140789734909
LT3bHa6,volume,0,0.5495282279552366
LT3bHa6,volume,1,0.5094458898885093
LT3bHa6,word_gap,0,0.5189418269291318
LT3bHa6,word_gap,1,0.536309366380776
LT3bHa6,word_head_pos,0,0.48221058900974895
LT3bHa6,word_head_pos,1,0.483171896387783
LT3bHa6,word_index,0,0.5110238001017582
LT3bHa6,word_index,1,0.5428797557804286
LT3bHa6,word_length,0,0.482315078942144
LT3bHa6,word_length,1,0.48638496180892976
LT3bHa6,word_part_speech,0,0.508128896917429
LT3bHa6,word_part_speech,1,0.4600547753627411
LT1bIb5,delta_volume,0,0.7242458439129389
LT1bIb5,delta_volume,1,0.6952524999216325
LT1bIb5,face_num,0,0.5082285821761073
LT1bIb5,face_num,1,0.5112274432358442
LT1bIb5,frame_brightness,0,0.4807163829765002
LT1bIb5,frame_brightness,1,0.5052558435994692
LT1bIb5,global_flow,0,0.47900797258184175
LT1bIb5,global_flow,1,0.5070530704366635
LT1bIb5,gpt2_surprisal,0,0.5757029560201874
LT1bIb5,gpt2_surprisal,1,0.5884037073028014
LT1bIb5,local_flow,0,0.5030302080394554
LT1bIb5,local_flow,1,0.46084762233158827
LT1bIb5,onset,0,0.7419714604363865
LT1bIb5,onset,1,0.7756441419543023
LT1bIb5,pitch,0,0.5235886022381744
LT1bIb5,pitch,1,0.5008202459693009
LT1bIb5,speech,0,0.6068043843975632
LT1bIb5,speech,1,0.6388357731732548
LT1bIb5,volume,0,0.589020197903932
LT1bIb5,volume,1,0.5699089892688839
LT1bIb5,word_gap,0,0.4966562133978162
LT1bIb5,word_gap,1,0.5283056888452287
LT1bIb5,word_head_pos,0,0.5048065368901706
LT1bIb5,word_head_pos,1,0.5074867036561027
LT1bIb5,word_index,0,0.6636044999717338
LT1bIb5,word_index,1,0.6981881395217366
LT1bIb5,word_length,0,0.4856692057720239
LT1bIb5,word_length,1,0.5066089882239846
LT1bIb5,word_part_speech,0,0.48511159023366934
LT1bIb5,word_part_speech,1,0.4763271371132219
LT3cHb4,delta_volume,0,0.5806192073393728
LT3cHb4,delta_volume,1,0.5409287065191268
LT3cHb4,face_num,0,0.47974985110184637
LT3cHb4,face_num,1,0.5011911852293032
LT3cHb4,frame_brightness,0,0.4654921998265467
LT3cHb4,frame_brightness,1,0.4753821719277347
LT3cHb4,global_flow,0,0.5107467895468272
LT3cHb4,global_flow,1,0.5373499263345977
LT3cHb4,gpt2_surprisal,0,0.5089129912332947
LT3cHb4,gpt2_surprisal,1,0.5360281286898008
LT3cHb4,local_flow,0,0.45571194215437344
LT3cHb4,local_flow,1,0.4495418116464479
LT3cHb4,onset,0,0.5594383596900112
LT3cHb4,onset,1,0.5607466613286054
LT3cHb4,pitch,0,0.5285362005370784
LT3cHb4,pitch,1,0.5060865385620095
LT3cHb4,speech,0,0.5214883545970347
LT3cHb4,speech,1,0.5094981348547067
LT3cHb4,volume,0,0.5113423821614788
LT3cHb4,volume,1,0.4949531362653209
LT3cHb4,word_gap,0,0.5294958501782093
LT3cHb4,word_gap,1,0.5339920152139142
LT3cHb4,word_head_pos,0,0.4704397981254506
LT3cHb4,word_head_pos,1,0.47747197057563506
LT3cHb4,word_index,0,0.5398552772909718
LT3cHb4,word_index,1,0.5364774718751767
LT3cHb4,word_length,0,0.48672977858583333
LT3cHb4,word_length,1,0.49757583356843565
LT3cHb4,word_part_speech,0,0.48840393916438435
LT3cHb4,word_part_speech,1,0.4483713070333896
LT1c5,delta_volume,0,0.6857778753017146
LT1c5,delta_volume,1,0.620158197757646
LT1c5,face_num,0,0.4842585916846912
LT1c5,face_num,1,0.4700270628924903
LT1c5,frame_brightness,0,0.49363133862052394
LT1c5,frame_brightness,1,0.4838406319551112
LT1c5,global_flow,0,0.507711357010752
LT1c5,global_flow,1,0.5333897578968267
LT1c5,gpt2_surprisal,0,0.5611161614578435
LT1c5,gpt2_surprisal,1,0.5281704857736957
LT1c5,local_flow,0,0.5593084856274098
LT1c5,local_flow,1,0.5242730112953617
LT1c5,onset,0,0.6223798221281707
LT1c5,onset,1,0.6481740970573937
LT1c5,pitch,0,0.4824979363238352
LT1c5,pitch,1,0.486442431271747
LT1c5,speech,0,0.5807080237819087
LT1c5,speech,1,0.5924265697000094
LT1c5,volume,0,0.5554998275916115
LT1c5,volume,1,0.5495125544653773
LT1c5,word_gap,0,0.488362866966411
LT1c5,word_gap,1,0.483507764385839
LT1c5,word_head_pos,0,0.5176587985747574
LT1c5,word_head_pos,1,0.5054387009811605
LT1c5,word_index,0,0.5805302730510487
LT1c5,word_index,1,0.5887981231273673
LT1c5,word_length,0,0.5224810089547872
LT1c5,word_length,1,0.5171990428722193
LT1c5,word_part_speech,0,0.5320348464541693
LT1c5,word_part_speech,1,0.5172921158440651
RT1aIa1,delta_volume,0,0.5996833955048431
RT1aIa1,delta_volume,1,0.565509963115054
RT1aIa1,face_num,0,0.5045400875625634
RT1aIa1,face_num,1,0.5035369842115711
RT1aIa1,frame_brightness,0,0.5044146996436893
RT1aIa1,frame_brightness,1,0.5034951882386132
RT1aIa1,global_flow,0,0.49692799598758663
RT1aIa1,global_flow,1,0.5035317597149515
RT1aIa1,gpt2_surprisal,0,0.5252970126328328
RT1aIa1,gpt2_surprisal,1,0.5504999843265102
RT1aIa1,local_flow,0,0.46050803005130453
RT1aIa1,local_flow,1,0.4754448658871718
RT1aIa1,onset,0,0.6290428665389345
RT1aIa1,onset,1,0.6214790242786469
RT1aIa1,pitch,0,0.5211853337930891
RT1aIa1,pitch,1,0.500313469797185
RT1aIa1,speech,0,0.527809995506933
RT1aIa1,speech,1,0.522987785126903
RT1aIa1,volume,0,0.515276428116151
RT1aIa1,volume,1,0.47823474708211866
RT1aIa1,word_gap,0,0.519433004622108
RT1aIa1,word_gap,1,0.4753655495522726
RT1aIa1,word_head_pos,0,0.5003239187904245
RT1aIa1,word_head_pos,1,0.5258560337711462
RT1aIa1,word_index,0,0.5753858330035616
RT1aIa1,word_index,1,0.6224065803606762
RT1aIa1,word_length,0,0.475397845417594
RT1aIa1,word_length,1,0.514377814697554
RT1aIa1,word_part_speech,0,0.5010634578404523
RT1aIa1,word_part_speech,1,0.47791503991608886
RT3aHa8,delta_volume,0,0.6053728723237516
RT3aHa8,delta_volume,1,0.5607243242113622
RT3aHa8,face_num,0,0.48457206148187626
RT3aHa8,face_num,1,0.4901361503819107
RT3aHa8,frame_brightness,0,0.49245060238446026
RT3aHa8,frame_brightness,1,0.488328474551477
RT3aHa8,global_flow,0,0.49668244464645833
RT3aHa8,global_flow,1,0.4913586825909324
RT3aHa8,gpt2_surprisal,0,0.5258926052474844
RT3aHa8,gpt2_surprisal,1,0.5332121250117551
RT3aHa8,local_flow,0,0.494091094323062
RT3aHa8,local_flow,1,0.46091031629102536
RT3aHa8,onset,0,0.5790056907546685
RT3aHa8,onset,1,0.5592596299579627
RT3aHa8,pitch,0,0.517329655287713
RT3aHa8,pitch,1,0.5391314796819326
RT3aHa8,speech,0,0.4837727134990544
RT3aHa8,speech,1,0.5166713687136244
RT3aHa8,volume,0,0.5084323375442776
RT3aHa8,volume,1,0.5014837570400092
RT3aHa8,word_gap,0,0.5104217831009685
RT3aHa8,word_gap,1,0.47535925240236265
RT3aHa8,word_head_pos,0,0.47507915112378923
RT3aHa8,word_head_pos,1,0.4689612655820612
RT3aHa8,word_index,0,0.5588218666968172
RT3aHa8,word_index,1,0.5347815026287523
RT3aHa8,word_length,0,0.4917661933272729
RT3aHa8,word_length,1,0.5187637796098346
RT3aHa8,word_part_speech,0,0.5330546005477537
RT3aHa8,word_part_speech,1,0.506424450789581
RT2aA6,delta_volume,0,0.6021441334127458
RT2aA6,delta_volume,1,0.5588173829451533
RT2aA6,face_num,0,0.48593043060301144
RT2aA6,face_num,1,0.47939458533170337
RT2aA6,frame_brightness,0,0.5140904673834676
RT2aA6,frame_brightness,1,0.5037041681034032
RT2aA6,global_flow,0,0.5064627023186316
RT2aA6,global_flow,1,0.4977116704805492
RT2aA6,gpt2_surprisal,0,0.5342517998390854
RT2aA6,gpt2_surprisal,1,0.547589939709309
RT2aA6,local_flow,0,0.4838510809483506
RT2aA6,local_flow,1,0.46960387866629055
RT2aA6,onset,0,0.5946910120392347
RT2aA6,onset,1,0.6031770997168922
RT2aA6,pitch,0,0.5278099955069329
RT2aA6,pitch,1,0.5214465586240766
RT2aA6,speech,0,0.5120372402119056
RT2aA6,speech,1,0.51865145293251
RT2aA6,volume,0,0.5262896669905854
RT2aA6,volume,1,0.5001619593952124
RT2aA6,word_gap,0,0.5085893124771729
RT2aA6,word_gap,1,0.5231105401695193
RT2aA6,word_head_pos,0,0.4947075849241926
RT2aA6,word_head_pos,1,0.5055484154101753
RT2aA6,word_index,0,0.5489711119905026
RT2aA6,word_index,1,0.5514726666289784
RT2aA6,word_length,0,0.46798428471416775
RT2aA6,word_length,1,0.49937828490224956
RT2aA6,word_part_speech,0,0.5258580502301731
RT2aA6,word_part_speech,1,0.5139123594196142
RT1bIb2,delta_volume,0,0.5426527904036447
RT1bIb2,delta_volume,1,0.5760738952801897
RT1bIb2,face_num,0,0.4746820893806882
RT1bIb2,face_num,1,0.4959196681399747
RT1bIb2,frame_brightness,0,0.5108565039758419
RT1bIb2,frame_brightness,1,0.5083278476118825
RT1bIb2,global_flow,0,0.5102818093476693
RT1bIb2,global_flow,1,0.5267441981965038
RT1bIb2,gpt2_surprisal,0,0.5328202877652738
RT1bIb2,gpt2_surprisal,1,0.5590420362998025
RT1bIb2,local_flow,0,0.5144770801333292
RT1bIb2,local_flow,1,0.5149629583189659
RT1bIb2,onset,0,0.5865266378792645
RT1bIb2,onset,1,0.578376562097858
RT1bIb2,pitch,0,0.47753988903169176
RT1bIb2,pitch,1,0.47959311620325384
RT1bIb2,speech,0,0.5319948172993532
RT1bIb2,speech,1,0.5083696435848406
RT1bIb2,volume,0,0.5103915237766841
RT1bIb2,volume,1,0.5016561654284609
RT1bIb2,word_gap,0,0.5447790330096598
RT1bIb2,word_gap,1,0.5170463848062367
RT1bIb2,word_head_pos,0,0.47600388702548513
RT1bIb2,word_head_pos,1,0.5051461291704544
RT1bIb2,word_index,0,0.5617898128780598
RT1bIb2,word_index,1,0.5805585392051558
RT1bIb2,word_length,0,0.48225760947932667
RT1bIb2,word_length,1,0.48865761783852124
RT1bIb2,word_part_speech,0,0.4912592506264204
RT1bIb2,word_part_speech,1,0.4877483829613659
RT3bHb10,delta_volume,0,0.5210965173505533
RT3bHb10,delta_volume,1,0.5207308025871706
RT3bHb10,face_num,0,0.49741909866984313
RT3bHb10,face_num,1,0.48326593732693857
RT3bHb10,frame_brightness,0,0.49689142451124835
RT3bHb10,frame_brightness,1,0.48512063362695007
RT3bHb10,global_flow,0,0.5147801009372748
RT3bHb10,global_flow,1,0.4986468553754846
RT3bHb10,gpt2_surprisal,0,0.4987513453078797
RT3bHb10,gpt2_surprisal,1,0.49244015339122077
RT3bHb10,local_flow,0,0.5217495794280221
RT3bHb10,local_flow,1,0.490695171520224
RT3bHb10,onset,0,0.5239783808516115
RT3bHb10,onset,1,0.48757470902799627
RT3bHb10,pitch,0,0.5351033927881048
RT3bHb10,pitch,1,0.5307670605937118
RT3bHb10,speech,0,0.5200202710468846
RT3bHb10,speech,1,0.47060175752066286
RT3bHb10,volume,0,0.5061910284944046
RT3bHb10,volume,1,0.4750060081711127
RT3bHb10,word_gap,0,0.4919774310147227
RT3bHb10,word_gap,1,0.47885417060238533
RT3bHb10,word_head_pos,0,0.47107196221644043
RT3bHb10,word_head_pos,1,0.5117864643741575
RT3bHb10,word_index,0,0.48282831137995363
RT3bHb10,word_index,1,0.4903047091412743
RT3bHb10,word_length,0,0.4789139316426862
RT3bHb10,word_length,1,0.5093622979425932
RT3bHb10,word_part_speech,0,0.4855340597867257
RT3bHb10,word_part_speech,1,0.48951110075170445
RT1c9,delta_volume,0,0.6557735912144865
RT1c9,delta_volume,1,0.651176034189106
RT1c9,face_num,0,0.48695443194048255
RT1c9,face_num,1,0.5155167549606596
RT1c9,frame_brightness,0,0.4934380322455932
RT1c9,frame_brightness,1,0.49413289029602003
RT1c9,global_flow,0,0.463789013928508
RT1c9,global_flow,1,0.5016195939521227
RT1c9,gpt2_surprisal,0,0.5247014200181812
RT1c9,gpt2_surprisal,1,0.49619134196420167
RT1c9,local_flow,0,0.5293616710029988
RT1c9,local_flow,1,0.49483819733968637
RT1c9,onset,0,0.7009851582830507
RT1c9,onset,1,0.6998698847550688
RT1c9,pitch,0,0.4998641630878865
RT1c9,pitch,1,0.5075389486223002
RT1c9,speech,0,0.5429296887244913
RT1c9,speech,1,0.5353280461427541
RT1c9,volume,0,0.4990386926219659
RT1c9,volume,1,0.493965706404188
RT1c9,word_gap,0,0.5143323131950479
RT1c9,word_gap,1,0.5137718668530623
RT1c9,word_head_pos,0,0.5173244307910932
RT1c9,word_head_pos,1,0.5130560170527569
RT1c9,word_index,0,0.6253179942337046
RT1c9,word_index,1,0.6957855164226354
RT1c9,word_length,0,0.49299395003291435
RT1c9,word_length,1,0.49955069329070145
RT1c9,word_part_speech,0,0.5233232329118349
RT1c9,word_part_speech,1,0.5281160771516811
LT3a3,delta_volume,0,0.6101689602206828
LT3a3,delta_volume,1,0.5856399485909533
LT3a3,face_num,0,0.47693384742380074
LT3a3,face_num,1,0.47508437562040895
LT3a3,frame_brightness,0,0.4684283669268466
LT3a3,frame_brightness,1,0.4744678850192784
LT3a3,global_flow,0,0.5096548697532992
LT3a3,global_flow,1,0.5174184717302488
LT3a3,gpt2_surprisal,0,0.5307095911308946
LT3a3,gpt2_surprisal,1,0.5138553650355788
LT3a3,local_flow,0,0.49826024262562296
LT3a3,local_flow,1,0.5069172335245499
LT3a3,onset,0,0.5778975664159685
LT3a3,onset,1,0.5631702364951814
LT3a3,pitch,0,0.5104907892124594
LT3a3,pitch,1,0.5114364231006342
LT3a3,speech,0,0.4961913419642017
LT3a3,speech,1,0.538640376999676
LT3a3,volume,0,0.5648255540578666
LT3a3,volume,1,0.5390687857224957
LT3a3,word_gap,0,0.5290298610848729
LT3a3,word_gap,1,0.5042757647888566
LT3a3,word_head_pos,0,0.5081711127132901
LT3a3,word_head_pos,1,0.49986938758450616
LT3a3,word_index,0,0.551458533551925
LT3a3,word_index,1,0.5363785403358019
LT3a3,word_length,0,0.4726915561685632
LT3a3,word_length,1,0.48070593398326067
LT3a3,word_part_speech,0,0.5361284307441292
LT3a3,word_part_speech,1,0.494566167472758
LT2aA6,delta_volume,0,0.615508395766068
LT2aA6,delta_volume,1,0.5558132973887966
LT2aA6,face_num,0,0.5222406821102787
LT2aA6,face_num,1,0.5125910368535992
LT2aA6,frame_brightness,0,0.5061544570180664
LT2aA6,frame_brightness,1,0.5004022862397208
LT2aA6,global_flow,0,0.5416444625560327
LT2aA6,global_flow,1,0.5486348390332592
LT2aA6,gpt2_surprisal,0,0.5471040615236722
LT2aA6,gpt2_surprisal,1,0.556748482283732
LT2aA6,local_flow,0,0.47385661891476755
LT2aA6,local_flow,1,0.44604662340783463
LT2aA6,onset,0,0.6028768337670507
LT2aA6,onset,1,0.562326632159913
LT2aA6,pitch,0,0.5045975570253806
LT2aA6,pitch,1,0.4960659540453277
LT2aA6,speech,0,0.5290690991922928
LT2aA6,speech,1,0.5482743487664964
LT2aA6,volume,0,0.5366446192909313
LT2aA6,volume,1,0.5178521049496881
LT2aA6,word_gap,0,0.5043891134872357
LT2aA6,word_gap,1,0.5286772206899157
LT2aA6,word_head_pos,0,0.4809567098210087
LT2aA6,word_head_pos,1,0.49237745943178374
LT2aA6,word_index,0,0.5589490643902991
LT2aA6,word_index,1,0.5437984057889084
LT2aA6,word_length,0,0.48338087625257314
LT2aA6,word_length,1,0.4988819577233733
LT2aA6,word_part_speech,0,0.4954985140726066
LT2aA6,word_part_speech,1,0.4910990035545714
LT3bHa7,delta_volume,0,0.585770561006447
LT3bHa7,delta_volume,1,0.538201519283617
LT3bHa7,face_num,0,0.5179461458888436
LT3bHa7,face_num,1,0.5113685046445775
LT3bHa7,frame_brightness,0,0.46399799379329804
LT3bHa7,frame_brightness,1,0.4680678766600838
LT3bHa7,global_flow,0,0.5287138334221497
LT3bHa7,global_flow,1,0.5578717490569783
LT3bHa7,gpt2_surprisal,0,0.5167366749213713
LT3bHa7,gpt2_surprisal,1,0.52095545594182
LT3bHa7,local_flow,0,0.47569564172491985
LT3bHa7,local_flow,1,0.45950492670031245
LT3bHa7,onset,0,0.5650862192227402
LT3bHa7,onset,1,0.538090880494152
LT3bHa7,pitch,0,0.5155846734167163
LT3bHa7,pitch,1,0.4942060332486965
LT3bHa7,speech,0,0.5354847810413468
LT3bHa7,speech,1,0.5344503307106361
LT3bHa7,volume,0,0.5571089725504947
LT3bHa7,volume,1,0.5053969050082026
LT3bHa7,word_gap,0,0.5119142076296268
LT3bHa7,word_gap,1,0.5301570509187543
LT3bHa7,word_head_pos,0,0.49629583189659676
LT3bHa7,word_head_pos,1,0.48091491384805074
LT3bHa7,word_index,0,0.5216236078919102
LT3bHa7,word_index,1,0.5272203064051105
LT3bHa7,word_length,0,0.4665736706268351
LT3bHa7,word_length,1,0.46705432431585214
LT3bHa7,word_part_speech,0,0.5004516053843016
LT3bHa7,word_part_speech,1,0.45078958102674666
LT1bIb6,delta_volume,0,0.6953334796192387
LT1bIb6,delta_volume,1,0.6629468250734042
LT1bIb6,face_num,0,0.5252290941767761
LT1bIb6,face_num,1,0.5257724418252302
LT1bIb6,frame_brightness,0,0.4777697668829608
LT1bIb6,frame_brightness,1,0.4926857047323491
LT1bIb6,global_flow,0,0.5005955926146516
LT1bIb6,global_flow,1,0.525670564141145
LT1bIb6,gpt2_surprisal,0,0.6000073142952677
LT1bIb6,gpt2_surprisal,1,0.5769934066852659
LT1bIb6,local_flow,0,0.4949061157957431
LT1bIb6,local_flow,1,0.4948799933126443
LT1bIb6,onset,0,0.7387543252595157
LT1bIb6,onset,1,0.7736566673339244
LT1bIb6,pitch,0,0.5094197674054105
LT1bIb6,pitch,1,0.48389287692130867
LT1bIb6,speech,0,0.5890306468971714
LT1bIb6,speech,1,0.6327858060875834
LT1bIb6,volume,0,0.5283481186587673
LT1bIb6,volume,1,0.5385045400875627
LT1bIb6,word_gap,0,0.5051258800266999
LT1bIb6,word_gap,1,0.5048551025805721
LT1bIb6,word_head_pos,0,0.5331337575624588
LT1bIb6,word_head_pos,1,0.5059611506431355
LT1bIb6,word_index,0,0.6964780371982587
LT1bIb6,word_index,1,0.704364294194132
LT1bIb6,word_length,0,0.4859565530861102
LT1bIb6,word_length,1,0.49411199230954095
LT1bIb6,word_part_speech,0,0.5073276615581842
LT1bIb6,word_part_speech,1,0.5120330983042947
LT3cHb5,delta_volume,0,0.5718890734877695
LT3cHb5,delta_volume,1,0.5230661525761993
LT3cHb5,face_num,0,0.49143705004022864
LT3cHb5,face_num,1,0.5133747113465619
LT3cHb5,frame_brightness,0,0.4850683886607525
LT3cHb5,frame_brightness,1,0.4710406152367219
LT3cHb5,global_flow,0,0.5305476317356823
LT3cHb5,global_flow,1,0.5347638005078211
LT3cHb5,gpt2_surprisal,0,0.5252238696801563
LT3cHb5,gpt2_surprisal,1,0.5507194131845397
LT3cHb5,local_flow,0,0.48848520945006946
LT3cHb5,local_flow,1,0.48609500224653357
LT3cHb5,onset,0,0.5677886127713118
LT3cHb5,onset,1,0.559903056993337
LT3cHb5,pitch,0,0.5240065619677545
LT3cHb5,pitch,1,0.49221550003657144
LT3cHb5,speech,0,0.5299990595906084
LT3cHb5,speech,1,0.5118543828302143
LT3cHb5,volume,0,0.5113319331682393
LT3cHb5,volume,1,0.4816045474018578
LT3cHb5,word_gap,0,0.514187478747119
LT3cHb5,word_gap,1,0.5485699172554501
LT3cHb5,word_head_pos,0,0.494509054052642
LT3cHb5,word_head_pos,1,0.48423246920159246
LT3cHb5,word_index,0,0.5310079710554583
LT3cHb5,word_index,1,0.5505822827746056
LT3cHb5,word_length,0,0.48726790173766765
LT3cHb5,word_length,1,0.484765367856807
LT3cHb5,word_part_speech,0,0.47434590058854376
LT3cHb5,word_part_speech,1,0.4422819183031292
LT1c6,delta_volume,0,0.6264746141709246
LT1c6,delta_volume,1,0.5577933816076821
LT1c6,face_num,0,0.45707553577212834
LT1c6,face_num,1,0.4898435785712047
LT1c6,frame_brightness,0,0.46528844445837647
LT1c6,frame_brightness,1,0.483046508468909
LT1c6,global_flow,0,0.5745065462942647
LT1c6,global_flow,1,0.5558603178583743
LT1c6,gpt2_surprisal,0,0.5288026498646856
LT1c6,gpt2_surprisal,1,0.5424803820151929
LT1c6,local_flow,0,0.5414825031608205
LT1c6,local_flow,1,0.5108251569961234
LT1c6,onset,0,0.6315808287340217
LT1c6,onset,1,0.6283779919357144
LT1c6,pitch,0,0.5013322466380363
LT1c6,pitch,1,0.503312330856922
LT1c6,speech,0,0.5378828249898122
LT1c6,speech,1,0.5538959071293481
LT1c6,volume,0,0.5610900389747447
LT1c6,volume,1,0.5301401209993417
LT1c6,word_gap,0,0.5033437866021838
LT1c6,word_gap,1,0.5164355612649716
LT1c6,word_head_pos,0,0.5050416392380593
LT1c6,word_head_pos,1,0.5052453946062296
LT1c6,word_index,0,0.5652524167561761
LT1c6,word_index,1,0.5965995816609192
LT1c6,word_length,0,0.5266710552438273
LT1c6,word_length,1,0.5030720040124135
LT1c6,word_part_speech,0,0.5194773031874599
LT1c6,word_part_speech,1,0.5096148243109375
RT1aIa2,delta_volume,0,0.5939468982163568
RT1aIa2,delta_volume,1,0.5530965591465262
RT1aIa2,face_num,0,0.5139076100017763
RT1aIa2,face_num,1,0.5054334764845407
RT1aIa2,frame_brightness,0,0.49170872386445563
RT1aIa2,frame_brightness,1,0.4869126359675246
RT1aIa2,global_flow,0,0.5314619186441386
RT1aIa2,global_flow,1,0.4980826097405515
RT1aIa2,gpt2_surprisal,0,0.5450090383791522
RT1aIa2,gpt2_surprisal,1,0.5252656656531143
RT1aIa2,local_flow,0,0.5137717730896628
RT1aIa2,local_flow,1,0.4853975319477969
RT1aIa2,onset,0,0.5847822356944723
RT1aIa2,onset,1,0.5823086162029226
RT1aIa2,pitch,0,0.4943366456641903
RT1aIa2,pitch,1,0.5197276992361786
RT1aIa2,speech,0,0.5041639238059412
RT1aIa2,speech,1,0.5042579647450968
RT1aIa2,volume,0,0.5272300763821406
RT1aIa2,volume,1,0.49311411345516865
RT1aIa2,word_gap,0,0.5268510472160299
RT1aIa2,word_gap,1,0.46103953350713467
RT1aIa2,word_head_pos,0,0.49622268894392024
RT1aIa2,word_head_pos,1,0.48760749401795134
RT1aIa2,word_index,0,0.5722624229747301
RT1aIa2,word_index,1,0.596938775510204
RT1aIa2,word_length,0,0.471145105169117
RT1aIa2,word_length,1,0.5055484154101753
RT1aIa2,word_part_speech,0,0.4932987588135889
RT1aIa2,word_part_speech,1,0.4987034555095857
RT3aHa9,delta_volume,0,0.5737594432776402
RT3aHa9,delta_volume,1,0.5264934223587556
RT3aHa9,face_num,0,0.46410248372569307
RT3aHa9,face_num,1,0.501008327847612
RT3aHa9,frame_brightness,0,0.48762839200443037
RT3aHa9,frame_brightness,1,0.4901152523954317
RT3aHa9,global_flow,0,0.509806380155272
RT3aHa9,global_flow,1,0.4897599866252887
RT3aHa9,gpt2_surprisal,0,0.511692423435002
RT3aHa9,gpt2_surprisal,1,0.5237401126401471
RT3aHa9,local_flow,0,0.5026488197862137
RT3aHa9,local_flow,1,0.48640585979540873
RT3aHa9,onset,0,0.5414009551316881
RT3aHa9,onset,1,0.5699262203666104
RT3aHa9,pitch,0,0.4910243148072683
RT3aHa9,pitch,1,0.4947389319039111
RT3aHa9,speech,0,0.5078315204330063
RT3aHa9,speech,1,0.5194246784322331
RT3aHa9,volume,0,0.5211330888268916
RT3aHa9,volume,1,0.471688452817571
RT3aHa9,word_gap,0,0.4842193423256634
RT3aHa9,word_gap,1,0.4726514779410839
RT3aHa9,word_head_pos,0,0.5044826180997461
RT3aHa9,word_head_pos,1,0.4834958151782076
RT3aHa9,word_index,0,0.5500028266154107
RT3aHa9,word_index,1,0.5917378031545029
RT3aHa9,word_length,0,0.4929887255362946
RT3aHa9,word_length,1,0.517162471395881
RT3aHa9,word_part_speech,0,0.4803915855719364
RT3aHa9,word_part_speech,1,0.4813239321717849
RT2aA7,delta_volume,0,0.5995475585927296
RT2aA7,delta_volume,1,0.549076308997628
RT2aA7,face_num,0,0.48640585979540873
RT2aA7,face_num,1,0.49516211613011096
RT2aA7,frame_brightness,0,0.5224601109683082
RT2aA7,frame_brightness,1,0.5247641139776182
RT2aA7,global_flow,0,0.5096653187465388
RT2aA7,global_flow,1,0.5191112086350481
RT2aA7,gpt2_surprisal,0,0.5433528729506912
RT2aA7,gpt2_surprisal,1,0.5595122409955802
RT2aA7,local_flow,0,0.4720332695944746
RT2aA7,local_flow,1,0.4790393195615602
RT2aA7,onset,0,0.5874345849180704
RT2aA7,onset,1,0.601968886728245
RT2aA7,pitch,0,0.5129828741000805
RT2aA7,pitch,1,0.5276637096015799
RT2aA7,speech,0,0.49379329801573624
RT2aA7,speech,1,0.5184294118261705
RT2aA7,volume,0,0.5202083529251957
RT2aA7,volume,1,0.5049214758158052
RT2aA7,word_gap,0,0.5045843251344442
RT2aA7,word_gap,1,0.5130665860631478
RT2aA7,word_head_pos,0,0.4711451051691169
RT2aA7,word_head_pos,1,0.4875761470382328
RT2aA7,word_index,0,0.545451975804172
RT2aA7,word_index,1,0.5464695573520267
RT2aA7,word_length,0,0.48271736518186475
RT2aA7,word_length,1,0.48947786380782216
RT2aA7,word_part_speech,0,0.5131256919759921
RT2aA7,word_part_speech,1,0.5164180409067071
RT1bIb3,delta_volume,0,0.5511373729141197
RT1bIb3,delta_volume,1,0.5499618611746758
RT1bIb3,face_num,0,0.47928487090268856
RT1bIb3,face_num,1,0.49617566847434247
RT1bIb3,frame_brightness,0,0.49748701712589993
RT1bIb3,frame_brightness,1,0.4834487947086298
RT1bIb3,global_flow,0,0.49460309499179755
RT1bIb3,global_flow,1,0.5004597557025381
RT1bIb3,gpt2_surprisal,0,0.511358055651338
RT1bIb3,gpt2_surprisal,1,0.5308715505261067
RT1bIb3,local_flow,0,0.524393174717616
RT1bIb3,local_flow,1,0.4960659540453277
RT1bIb3,onset,0,0.5804569761789014
RT1bIb3,onset,1,0.5819011124138522
RT1bIb3,pitch,0,0.47246690281391385
RT1bIb3,pitch,1,0.48467655141427124
RT1bIb3,speech,0,0.5369789870745953
RT1bIb3,speech,1,0.49019884434134775
RT1bIb3,volume,0,0.5038191070290378
RT1bIb3,volume,1,0.5003186942938047
RT1bIb3,word_gap,0,0.5149116509867634
RT1bIb3,word_gap,1,0.5141182100981095
RT1bIb3,word_head_pos,0,0.48569532825512257
RT1bIb3,word_head_pos,1,0.5194351274254726
RT1bIb3,word_index,0,0.5313612979817965
RT1bIb3,word_index,1,0.5822969076827407
RT1bIb3,word_length,0,0.4838772034314494
RT1bIb3,word_length,1,0.49647868927828803
RT1bIb3,word_part_speech,0,0.48876813705495015
RT1bIb3,word_part_speech,1,0.4617592214905891
RT3bHb11,delta_volume,0,0.49054627336656115
RT3bHb11,delta_volume,1,0.4926125617796725
RT3bHb11,face_num,0,0.4981870996729466
RT3bHb11,face_num,1,0.5127112002758534
RT3bHb11,frame_brightness,0,0.48214267055369214
RT3bHb11,frame_brightness,1,0.49483819733968637
RT3bHb11,global_flow,0,0.5028003301881864
RT3bHb11,global_flow,1,0.5093466244527339
RT3bHb11,gpt2_surprisal,0,0.4661348129107761
RT3bHb11,gpt2_surprisal,1,0.4992685704732349
RT3bHb11,local_flow,0,0.500313469797185
RT3bHb11,local_flow,1,0.47891393164268625
RT3bHb11,onset,0,0.49934942377534386
RT3bHb11,onset,1,0.513955217478338
RT3bHb11,pitch,0,0.5068754375515919
RT3bHb11,pitch,1,0.5037982090425588
RT3bHb11,speech,0,0.5418325444343438
RT3bHb11,speech,1,0.5021002476411398
RT3bHb11,volume,0,0.48047083163537185
RT3bHb11,volume,1,0.4835167131646866
RT3bHb11,word_gap,0,0.4987846500673795
RT3bHb11,word_gap,1,0.5280286142491908
RT3bHb11,word_head_pos,0,0.5104176462597829
RT3bHb11,word_head_pos,1,0.48235165041848216
RT3bHb11,word_index,0,0.5070665385267681
RT3bHb11,word_index,1,0.4749844536152411
RT3bHb11,word_length,0,0.5005694701315528
RT3bHb11,word_length,1,0.5164467153589752
RT3bHb11,word_part_speech,0,0.5183410057688946
RT3bHb11,word_part_speech,1,0.49366295670415483
RT1c10,delta_volume,0,0.6341389507120989
RT1c10,delta_volume,1,0.6388671201529734
RT1c10,face_num,0,0.4692904088691055
RT1c10,face_num,1,0.480491729621851
RT1c10,frame_brightness,0,0.490736967493182
RT1c10,frame_brightness,1,0.5176013291119401
RT1c10,global_flow,0,0.46429579010062383
RT1c10,global_flow,1,0.4936313386205239
RT1c10,gpt2_surprisal,0,0.5449620179095744
RT1c10,gpt2_surprisal,1,0.5635142054063091
RT1c10,local_flow,0,0.5129045066507842
RT1c10,local_flow,1,0.44975079151123787
RT1c10,onset,0,0.6690497297606451
RT1c10,onset,1,0.6656467156624439
RT1c10,pitch,0,0.4914579480267076
RT1c10,pitch,1,0.49036602823317976
RT1c10,speech,0,0.5281966082567945
RT1c10,speech,1,0.5227056623094365
RT1c10,volume,0,0.5142994472482576
RT1c10,volume,1,0.5020793496546608
RT1c10,word_gap,0,0.5370398357703303
RT1c10,word_gap,1,0.5201193939622927
RT1c10,word_head_pos,0,0.48082087290889525
RT1c10,word_head_pos,1,0.5225959478804217
RT1c10,word_index,0,0.6030583978743851
RT1c10,word_index,1,0.66518740460173
RT1c10,word_length,0,0.49393958392108916
RT1c10,word_length,1,0.5161280210651704
RT1c10,word_part_speech,0,0.5380222597750713
RT1c10,word_part_speech,1,0.49494493327894645
LT3a4,delta_volume,0,0.6083717333834885
LT3a4,delta_volume,1,0.584997335506724
LT3a4,face_num,0,0.48169858834101337
LT3a4,face_num,1,0.46042966260200824
LT3a4,frame_brightness,0,0.4777070729235238
LT3a4,frame_brightness,1,0.48792096381513644
LT3a4,global_flow,0,0.535521352517685
LT3a4,global_flow,1,0.5219742327826714
LT3a4,gpt2_surprisal,0,0.5101355234423164
LT3a4,gpt2_surprisal,1,0.5022517580431125
LT3a4,local_flow,0,0.5251716247139588
LT3a4,local_flow,1,0.4934746037219314
LT3a4,onset,0,0.5704838571306013
LT3a4,onset,1,0.5431453573164803
LT3a4,pitch,0,0.5070948664096214
LT3a4,pitch,1,0.48995329300021945
LT3a4,speech,0,0.5046393529983386
LT3a4,speech,1,0.5202344754082944
LT3a4,volume,0,0.5550766433654117
LT3a4,volume,1,0.519090310648569
LT3a4,word_gap,0,0.5323799448369668
LT3a4,word_gap,1,0.4942318106824851
LT3a4,word_head_pos,0,0.5083696435848406
LT3a4,word_head_pos,1,0.47121824812179347
LT3a4,word_index,0,0.5290152071909097
LT3a4,word_index,1,0.5362372095652665
LT3a4,word_length,0,0.47671964306239095
LT3a4,word_length,1,0.48297336551623254
LT3a4,word_part_speech,0,0.5255375560864751
LT3a4,word_part_speech,1,0.4824893654215955
LT2aA7,delta_volume,0,0.6102943481395567
LT2aA7,delta_volume,1,0.5419631568498375
LT2aA7,face_num,0,0.5232437854612708
LT2aA7,face_num,1,0.520767374063509
LT2aA7,frame_brightness,0,0.5017293083811375
LT2aA7,frame_brightness,1,0.5052767415859483
LT2aA7,global_flow,0,0.5186044324629322
LT2aA7,global_flow,1,0.5324075525323134
LT2aA7,gpt2_surprisal,0,0.5439536900619624
LT2aA7,gpt2_surprisal,1,0.5446433236157695
LT2aA7,local_flow,0,0.490235415817686
LT2aA7,local_flow,1,0.47944160580128103
LT2aA7,onset,0,0.5853827675941549
LT2aA7,onset,1,0.5594169121221654
LT2aA7,pitch,0,0.5193881069558948
LT2aA7,pitch,1,0.5011075932833872
LT2aA7,speech,0,0.5384366216315059
LT2aA7,speech,1,0.5457352434092975
LT2aA7,volume,0,0.5398629092086977
LT2aA7,volume,1,0.5000052244966198
LT2aA7,word_gap,0,0.4994458508079243
LT2aA7,word_gap,1,0.5233372375662775
LT2aA7,word_head_pos,0,0.47877809473057276
LT2aA7,word_head_pos,1,0.4938821144582719
LT2aA7,word_index,0,0.546794618124258
LT2aA7,word_index,1,0.5479393973655945
LT2aA7,word_length,0,0.4851363071168093
LT2aA7,word_length,1,0.4827800591413018
LT2aA7,word_part_speech,0,0.5166219917254239
LT2aA7,word_part_speech,1,0.4794301031408426
LT3bHa8,delta_volume,0,0.5721189513390383
LT3bHa8,delta_volume,1,0.52535448209565
LT3bHa8,face_num,0,0.5153234485857288
LT3bHa8,face_num,1,0.5045609855490424
LT3bHa8,frame_brightness,0,0.4795669937201551
LT3bHa8,frame_brightness,1,0.46214329749328653
LT3bHa8,global_flow,0,0.5318015109244225
LT3bHa8,global_flow,1,0.5419474833599782
LT3bHa8,gpt2_surprisal,0,0.5281234653041179
LT3bHa8,gpt2_surprisal,1,0.5362423330512105
LT3bHa8,local_flow,0,0.5051200066873556
LT3bHa8,local_flow,1,0.47709580681901304
LT3bHa8,onset,0,0.5639780948840402
LT3bHa8,onset,1,0.5230704338128056
LT3bHa8,pitch,0,0.5233169284139474
LT3bHa8,pitch,1,0.49418774751052735
LT3bHa8,speech,0,0.5405577672591246
LT3bHa8,speech,1,0.5170214099871477
LT3bHa8,volume,0,0.5323030625999184
LT3bHa8,volume,1,0.4900734564224737
LT3bHa8,word_gap,0,0.507537688442211
LT3bHa8,word_gap,1,0.5229090313724009
LT3bHa8,word_head_pos,0,0.49279541916136377
LT3bHa8,word_head_pos,1,0.4819598131720008
LT3bHa8,word_index,0,0.5272344394821641
LT3bHa8,word_index,1,0.5320114195262593
LT3bHa8,word_length,0,0.48441532658328373
LT3bHa8,word_length,1,0.46855375484572065
LT3bHa8,word_part_speech,0,0.4866703572052911
LT3bHa8,word_part_speech,1,0.44296661033739293
LT1bIb7,delta_volume,0,0.590822649237746
LT1bIb7,delta_volume,1,0.5481594098408619
LT1bIb7,face_num,0,0.4921946020500925
LT1bIb7,face_num,1,0.5095242573378056
LT1bIb7,frame_brightness,0,0.4965466077343448
LT1bIb7,frame_brightness,1,0.49785795638590224
LT1bIb7,global_flow,0,0.5040855563566451
LT1bIb7,global_flow,1,0.5138396915457196
LT1bIb7,gpt2_surprisal,0,0.5371200484833286
LT1bIb7,gpt2_surprisal,1,0.528436935101303
LT1bIb7,local_flow,0,0.4751313960899868
LT1bIb7,local_flow,1,0.5018285738169128
LT1bIb7,onset,0,0.5871915124824845
LT1bIb7,onset,1,0.5756956161171323
LT1bIb7,pitch,0,0.4848019393331453
LT1bIb7,pitch,1,0.5002142043614098
LT1bIb7,speech,0,0.5223347230494342
LT1bIb7,speech,1,0.509242134520339
LT1bIb7,volume,0,0.49187590775628764
LT1bIb7,volume,1,0.5222824780832367
LT1bIb7,word_gap,0,0.5087719298245614
LT1bIb7,word_gap,1,0.5214606868931122
LT1bIb7,word_head_pos,0,0.505762619771585
LT1bIb7,word_head_pos,1,0.49885583524027455
LT1bIb7,word_index,0,0.5309373056701905
LT1bIb7,word_index,1,0.5398411442139183
LT1bIb7,word_length,0,0.5094406653918895
LT1bIb7,word_length,1,0.4880672497204895
LT1bIb7,word_part_speech,0,0.4673095973428122
LT1bIb7,word_part_speech,1,0.4696695996736787
LT3cHb6,delta_volume,0,0.5515553326436997
LT3cHb6,delta_volume,1,0.48901810810528407
LT3cHb6,face_num,0,0.5008777154321181
LT3cHb6,face_num,1,0.5300643657983553
LT3cHb6,frame_brightness,0,0.4755180088398483
LT3cHb6,frame_brightness,1,0.4921580305737543
LT3cHb6,global_flow,0,0.5343719632613397
LT3cHb6,global_flow,1,0.5463987544800059
LT3cHb6,gpt2_surprisal,0,0.5000208979864791
LT3cHb6,gpt2_surprisal,1,0.5295758753644086
LT3cHb6,local_flow,0,0.5319321233399162
LT3cHb6,local_flow,1,0.5050155167549607
LT3cHb6,onset,0,0.5392704967256713
LT3cHb6,onset,1,0.5406860362034945
LT3cHb6,pitch,0,0.5158354492544643
LT3cHb6,pitch,1,0.4937462775461584
LT3cHb6,speech,0,0.5236251737145126
LT3cHb6,speech,1,0.5176274515950389
LT3cHb6,volume,0,0.5301035495230035
LT3cHb6,volume,1,0.49381419600221516
LT3cHb6,word_gap,0,0.4994080679084646
LT3cHb6,word_gap,1,0.5296469817760482
LT3cHb6,word_head_pos,0,0.49857371242280807
LT3cHb6,word_head_pos,1,0.48495867423173783
LT3cHb6,word_index,0,0.5317852902934027
LT3cHb6,word_index,1,0.5352478941715191
LT3cHb6,word_length,0,0.4839973668537036
LT3cHb6,word_length,1,0.46887244913952547
LT3cHb6,word_part_speech,0,0.49258493094808
LT3cHb6,word_part_speech,1,0.4563545247945925
LT1c7,delta_volume,0,0.5995109871163913
LT1c7,delta_volume,1,0.5262321975277682
LT1c7,face_num,0,0.45375275592196695
LT1c7,face_num,1,0.47745629708577586
LT1c7,frame_brightness,0,0.47465596689758943
LT1c7,frame_brightness,1,0.48326593732693857
LT1c7,global_flow,0,0.5654681671420958
LT1c7,global_flow,1,0.535960210233744
LT1c7,gpt2_surprisal,0,0.5317022454886472
LT1c7,gpt2_surprisal,1,0.5400196441072903
LT1c7,local_flow,0,0.5407249511509566
LT1c7,local_flow,1,0.5074292341932856
LT1c7,onset,0,0.6064728759758643
LT1c7,onset,1,0.5828734021561954
LT1c7,pitch,0,0.4930984399653094
LT1c7,pitch,1,0.492476724867559
LT1c7,speech,0,0.5517747615017293
LT1c7,speech,1,0.5497215343301673
LT1c7,volume,0,0.5452232427405619
LT1c7,volume,1,0.5084427865375172
LT1c7,word_gap,0,0.49034646918804553
LT1c7,word_gap,1,0.5130476946134179
LT1c7,word_head_pos,0,0.503834780518897
LT1c7,word_head_pos,1,0.49427917620137296
LT1c7,word_index,0,0.5315874272146531
LT1c7,word_index,1,0.5494940358414834
LT1c7,word_length,0,0.5185208405170162
LT1c7,word_length,1,0.5025913503233963
LT1c7,word_part_speech,0,0.5029427189557718
LT1c7,word_part_speech,1,0.518603228250102
RT1aIa3,delta_volume,0,0.5758022214559627
RT1aIa3,delta_volume,1,0.5249260733728306
RT1aIa3,face_num,0,0.5221884371440811
RT1aIa3,face_num,1,0.49391346143799053
RT1aIa3,frame_brightness,0,0.4538781438408409
RT1aIa3,frame_brightness,1,0.48284275310073876
RT1aIa3,global_flow,0,0.5075337241256805
RT1aIa3,global_flow,1,0.5231236220390165
RT1aIa3,gpt2_surprisal,0,0.5130664660459965
RT1aIa3,gpt2_surprisal,1,0.530782734083571
RT1aIa3,local_flow,0,0.5023771459619866
RT1aIa3,local_flow,1,0.5068806620482116
RT1aIa3,onset,0,0.583917183791358
RT1aIa3,onset,1,0.5790628842689238
RT1aIa3,pitch,0,0.488579250389225
RT1aIa3,pitch,1,0.5030772285090331
RT1aIa3,speech,0,0.4978788543723812
RT1aIa3,speech,1,0.4893054554193703
RT1aIa3,volume,0,0.5274860767165084
RT1aIa3,volume,1,0.4883389235447165
RT1aIa3,word_gap,0,0.5231609173687989
RT1aIa3,word_gap,1,0.4951826803188877
RT1aIa3,word_head_pos,0,0.4859382673479411
RT1aIa3,word_head_pos,1,0.536294578017408
RT1aIa3,word_index,0,0.5655774775284075
RT1aIa3,word_index,1,0.6131070156594494
RT1aIa3,word_length,0,0.47994838197339684
RT1aIa3,word_length,1,0.5018129003270535
RT1aIa3,word_part_speech,0,0.5115960608356156
RT1aIa3,word_part_speech,1,0.5181953266126682
RT3aHa10,delta_volume,0,0.5509101073111605
RT3aHa10,delta_volume,1,0.5225280294243649
RT3aHa10,face_num,0,0.47756601151479056
RT3aHa10,face_num,1,0.4758367031336531
RT3aHa10,frame_brightness,0,0.4755911517925248
RT3aHa10,frame_brightness,1,0.514795774427134
RT3aHa10,global_flow,0,0.5156055714031953
RT3aHa10,global_flow,1,0.5120320157152859
RT3aHa10,gpt2_surprisal,0,0.5130873640324755
RT3aHa10,gpt2_surprisal,1,0.4970377104166014
RT3aHa10,local_flow,0,0.48751867757541567
RT3aHa10,local_flow,1,0.5221361921778838
RT3aHa10,onset,0,0.5325502588006521
RT3aHa10,onset,1,0.5515385055334725
RT3aHa10,pitch,0,0.49402840036362494
RT3aHa10,pitch,1,0.5010657973104291
RT3aHa10,speech,0,0.5010866952969081
RT3aHa10,speech,1,0.4774850318171844
RT3aHa10,volume,0,0.5195134948747689
RT3aHa10,volume,1,0.5154958569741804
RT3aHa10,word_gap,0,0.49110212717723956
RT3aHa10,word_gap,1,0.4947040969257315
RT3aHa10,word_head_pos,0,0.4957315862616637
RT3aHa10,word_head_pos,1,0.5295602018745494
RT3aHa10,word_index,0,0.5068121431398044
RT3aHa10,word_index,1,0.5246904856125275
RT3aHa10,word_length,0,0.4974817926292802
RT3aHa10,word_length,1,0.5209502314452003
RT3aHa10,word_part_speech,0,0.5128634694947847
RT3aHa10,word_part_speech,1,0.5249548394615698
RT2aA8,delta_volume,0,0.5924422431898686
RT2aA8,delta_volume,1,0.5560901957096434
RT2aA8,face_num,0,0.4799327084835376
RT2aA8,face_num,1,0.49946710134478534
RT2aA8,frame_brightness,0,0.4967608120957546
RT2aA8,frame_brightness,1,0.5368483746591015
RT2aA8,global_flow,0,0.5506567192251027
RT2aA8,global_flow,1,0.5141218143631862
RT2aA8,gpt2_surprisal,0,0.5013897161008537
RT2aA8,gpt2_surprisal,1,0.5115827090059872
RT2aA8,local_flow,0,0.5196388827936428
RT2aA8,local_flow,1,0.47491719172857694
RT2aA8,onset,0,0.5806500042895136
RT2aA8,onset,1,0.6021833624067031
RT2aA8,pitch,0,0.49992163255070377
RT2aA8,pitch,1,0.5196545562835021
RT2aA8,speech,0,0.5012852261684587
RT2aA8,speech,1,0.515924265697
RT2aA8,volume,0,0.5066037637273648
RT2aA8,volume,1,0.5117969133673971
RT2aA8,word_gap,0,0.5156799032757773
RT2aA8,word_gap,1,0.4928086548028363
RT2aA8,word_head_pos,0,0.4780362162105681
RT2aA8,word_head_pos,1,0.5101564214287954
RT2aA8,word_index,0,0.5638956413590367
RT2aA8,word_index,1,0.551246537396122
RT2aA8,word_length,0,0.49089370239177454
RT2aA8,word_length,1,0.5012173077124019
RT2aA8,word_part_speech,0,0.5193461919468563
RT2aA8,word_part_speech,1,0.5221140959151565
RT1bIb4,delta_volume,0,0.5518479044544058
RT1bIb4,delta_volume,1,0.552077782305675
RT1bIb4,face_num,0,0.4739558843505428
RT1bIb4,face_num,1,0.484410102086664
RT1bIb4,frame_brightness,0,0.5276637096015799
RT1bIb4,frame_brightness,1,0.49848489598027235
RT1bIb4,global_flow,0,0.48276438565144253
RT1bIb4,global_flow,1,0.48413320376581725
RT1bIb4,gpt2_surprisal,0,0.5160078576429161
RT1bIb4,gpt2_surprisal,1,0.5172826348181353
RT1bIb4,local_flow,0,0.4887307607911978
RT1bIb4,local_flow,1,0.4744887830057575
RT1bIb4,onset,0,0.5828805513454774
RT1bIb4,onset,1,0.5996382510223341
RT1bIb4,pitch,0,0.4893263534058493
RT1bIb4,pitch,1,0.5005746946281726
RT1bIb4,speech,0,0.5267024022235457
RT1bIb4,speech,1,0.49907526409830416
RT1bIb4,volume,0,0.4873305956971046
RT1bIb4,volume,1,0.4958360761940588
RT1bIb4,word_gap,0,0.5110514980919636
RT1bIb4,word_gap,1,0.5199304794649942
RT1bIb4,word_head_pos,0,0.4894621903179629
RT1bIb4,word_head_pos,1,0.5270837904767877
RT1bIb4,word_index,0,0.5428373565492679
RT1bIb4,word_index,1,0.5985216801402
RT1bIb4,word_length,0,0.47750854205197324
RT1bIb4,word_length,1,0.501426287577192
RT1bIb4,word_part_speech,0,0.5015004953091311
RT1bIb4,word_part_speech,1,0.4469873550492396
RT3bHb12,delta_volume,0,0.5120633626950044
RT3bHb12,delta_volume,1,0.5036780456203045
RT3bHb12,face_num,0,0.42571810706038477
RT3bHb12,face_num,1,0.49314023593826734
RT3bHb12,frame_brightness,0,0.4772107457446475
RT3bHb12,frame_brightness,1,0.4868238195249888
RT3bHb12,global_flow,0,0.4825684670282018
RT3bHb12,global_flow,1,0.5180976562908164
RT3bHb12,gpt2_surprisal,0,0.5064836003051106
RT3bHb12,gpt2_surprisal,1,0.5321149807216075
RT3bHb12,local_flow,0,0.4654817508333072
RT3bHb12,local_flow,1,0.4931663584213661
RT3bHb12,onset,0,0.5325574079899339
RT3bHb12,onset,1,0.5212545397351941
RT3bHb12,pitch,0,0.47465596689758943
RT3bHb12,pitch,1,0.47015245081136436
RT3bHb12,speech,0,0.4989185291997116
RT3bHb12,speech,1,0.47769139943366457
RT3bHb12,volume,0,0.48445712255624174
RT3bHb12,volume,1,0.4790184215750813
RT3bHb12,word_gap,0,0.4901638518406569
RT3bHb12,word_gap,1,0.5048425082807522
RT3bHb12,word_head_pos,0,0.49455085002560006
RT3bHb12,word_head_pos,1,0.5029622895833986
RT3bHb12,word_index,0,0.4983181638306292
RT3bHb12,word_index,1,0.5306829102832269
RT3bHb12,word_length,0,0.4624410938006123
RT3bHb12,word_length,1,0.5077844999634284
RT3bHb12,word_part_speech,0,0.5004516053843016
RT3bHb12,word_part_speech,1,0.47520540761027913
LT3a5,delta_volume,0,0.6013500099265436
LT3a5,delta_volume,1,0.5746894036759559
LT3a5,face_num,0,0.4780571141970471
LT3a5,face_num,1,0.4530317753884413
LT3a5,frame_brightness,0,0.4731251893880025
LT3a5,frame_brightness,1,0.5064522533253921
LT3a5,global_flow,0,0.5394919699486953
LT3a5,global_flow,1,0.5216973344618245
LT3a5,gpt2_surprisal,0,0.5123141385327523
LT3a5,gpt2_surprisal,1,0.5121156076612018
LT3a5,local_flow,0,0.5085107049935739
LT3a5,local_flow,1,0.508340908853432
LT3a5,onset,0,0.5609468386284996
LT3a5,onset,1,0.5438102319197003
LT3a5,pitch,0,0.5069224580211696
LT3a5,pitch,1,0.5029884120664974
LT3a5,speech,0,0.493819420498835
LT3a5,speech,1,0.5137195281234653
LT3a5,volume,0,0.5587337909992371
LT3a5,volume,1,0.5374126202940347
LT3a5,word_gap,0,0.5213977153940127
LT3a5,word_gap,1,0.5015239102782081
LT3a5,word_head_pos,0,0.5011755117394439
LT3a5,word_head_pos,1,0.4874873305956971
LT3a5,word_index,0,0.5555005935892363
LT3a5,word_index,1,0.5351630957091977
LT3a5,word_length,0,0.47935801385536503
LT3a5,word_length,1,0.47757646050803004
LT3a5,word_part_speech,0,0.5211089097371948
LT3a5,word_part_speech,1,0.47230639240137523
LT2aA8,delta_volume,0,0.6128700249730937
LT2aA8,delta_volume,1,0.5474488783005758
LT2aA8,face_num,0,0.49801469128449477
LT2aA8,face_num,1,0.5096705432431585
LT2aA8,frame_brightness,0,0.4949426872720813
LT2aA8,frame_brightness,1,0.4758889480998506
LT2aA8,global_flow,0,0.5074501321797644
LT2aA8,global_flow,1,0.5437029142242145
LT2aA8,gpt2_surprisal,0,0.5389904182731995
LT2aA8,gpt2_surprisal,1,0.5476212866890275
LT2aA8,local_flow,0,0.4610095817268006
LT2aA8,local_flow,1,0.4619996238362434
LT2aA8,onset,0,0.6026480597100288
LT2aA8,onset,1,0.556464296948726
LT2aA8,pitch,0,0.5234475408294411
LT2aA8,pitch,1,0.5120320157152858
LT2aA8,speech,0,0.5484363081617087
LT2aA8,speech,1,0.5484519816515678
LT2aA8,volume,0,0.5242521133088827
LT2aA8,volume,1,0.5002925718107061
LT2aA8,word_gap,0,0.5112907897885417
LT2aA8,word_gap,1,0.5462651603884082
LT2aA8,word_head_pos,0,0.49215803057375423
LT2aA8,word_head_pos,1,0.4916617033948779
LT2aA8,word_index,0,0.5343857764712533
LT2aA8,word_index,1,0.5383430380462434
LT2aA8,word_length,0,0.4883128010616177
LT2aA8,word_length,1,0.4848541842993428
LT2aA8,word_part_speech,0,0.4978148126566051
LT2aA8,word_part_speech,1,0.4755696055008449
LT3bHa9,delta_volume,0,0.5649770644598393
LT3bHa9,delta_volume,1,0.511086381827111
LT3bHa9,face_num,0,0.5143098962414971
LT3bHa9,face_num,1,0.5027376362287493
LT3bHa9,frame_brightness,0,0.49599281109265114
LT3bHa9,frame_brightness,1,0.4886471688452817
LT3bHa9,global_flow,0,0.5234109693531028
LT3bHa9,global_flow,1,0.5521953334796192
LT3bHa9,gpt2_surprisal,0,0.5266188102776297
LT3bHa9,gpt2_surprisal,1,0.5302916314013145
LT3bHa9,local_flow,0,0.5228780706978882
LT3bHa9,local_flow,1,0.4919177037292457
LT3bHa9,onset,0,0.5556850353169951
LT3bHa9,onset,1,0.5419728902742429
LT3bHa9,pitch,0,0.5183693301150434
LT3bHa9,pitch,1,0.4951046466672936
LT3bHa9,speech,0,0.5391680511582709
LT3bHa9,speech,1,0.5231445200254955
LT3bHa9,volume,0,0.5365349048619166
LT3bHa9,volume,1,0.492560316813475
LT3bHa9,word_gap,0,0.5041876046901173
LT3bHa9,word_gap,1,0.5251508167403434
LT3bHa9,word_head_pos,0,0.5034951882386132
LT3bHa9,word_head_pos,1,0.4749276407218164
LT3bHa9,word_index,0,0.5329866018429532
LT3bHa9,word_index,1,0.5390214257448132
LT3bHa9,word_length,0,0.4606595404532773
LT3bHa9,word_length,1,0.46917024544685115
LT3bHa9,word_part_speech,0,0.4738651593729969
LT3bHa9,word_part_speech,1,0.4440300681778451
LT1bIb8,delta_volume,0,0.5971338411544047
LT1bIb8,delta_volume,1,0.5652017178144886
LT1bIb8,face_num,0,0.5086987868718849
LT1bIb8,face_num,1,0.48834414804133625
LT1bIb8,frame_brightness,0,0.49484342183630603
LT1bIb8,frame_brightness,1,0.5066612331901821
LT1bIb8,global_flow,0,0.526906157591716
LT1bIb8,global_flow,1,0.524832032433675
LT1bIb8,gpt2_surprisal,0,0.5296594673103246
LT1bIb8,gpt2_surprisal,1,0.5666018829085817
LT1bIb8,local_flow,0,0.4996133872501385
LT1bIb8,local_flow,1,0.467581998474447
LT1bIb8,onset,0,0.5840530183877148
LT1bIb8,onset,1,0.5940547341931426
LT1bIb8,pitch,0,0.5028421261611443
LT1bIb8,pitch,1,0.4731408628778617
LT1bIb8,speech,0,0.5305842032120206
LT1bIb8,speech,1,0.5083853170746999
LT1bIb8,volume,0,0.5129045066507842
LT1bIb8,volume,1,0.5259918706832596
LT1bIb8,word_gap,0,0.5110514980919636
LT1bIb8,word_gap,1,0.4806551554766313
LT1bIb8,word_head_pos,0,0.5100258090133016
LT1bIb8,word_head_pos,1,0.5019905332121251
LT1bIb8,word_index,0,0.5506741477754536
LT1bIb8,word_index,1,0.5748205099214201
LT1bIb8,word_length,0,0.4995559177873212
LT1bIb8,word_length,1,0.509095848614986
LT1bIb8,word_part_speech,0,0.5057980304178078
LT1bIb8,word_part_speech,1,0.5155293980537264
LT3cHb7,delta_volume,0,0.5495230034586167
LT3cHb7,delta_volume,1,0.49996865302028143
LT3cHb7,face_num,0,0.507857642916105
LT3cHb7,face_num,1,0.5243148072683197
LT3cHb7,frame_brightness,0,0.47951997325057727
LT3cHb7,frame_brightness,1,0.4852930420154018
LT3cHb7,global_flow,0,0.5164571643522147
LT3cHb7,global_flow,1,0.5401189095430654
LT3cHb7,gpt2_surprisal,0,0.49052276313177223
LT3cHb7,gpt2_surprisal,1,0.5198321891685737
LT3cHb7,local_flow,0,0.5279249344325675
LT3cHb7,local_flow,1,0.49077353896952025
LT3cHb7,onset,0,0.5343947496353914
LT3cHb7,onset,1,0.5269810403500244
LT3cHb7,pitch,0,0.5008045724794417
LT3cHb7,pitch,1,0.48675590106893196
LT3cHb7,speech,0,0.5253388086057909
LT3cHb7,speech,1,0.5126328328265571
LT3cHb7,volume,0,0.540821604338422
LT3cHb7,volume,1,0.48454071450215774
LT3cHb7,word_gap,0,0.5159569778718152
LT3cHb7,word_gap,1,0.5329152025793126
LT3cHb7,word_head_pos,0,0.4992267745002769
LT3cHb7,word_head_pos,1,0.48357940712412356
LT3cHb7,word_index,0,0.525835264853864
LT3cHb7,word_index,1,0.5363926734128555
LT3cHb7,word_length,0,0.47587849910661106
LT3cHb7,word_length,1,0.4708002883922134
LT3cHb7,word_part_speech,0,0.48974418740166653
LT3cHb7,word_part_speech,1,0.4628955189091545
LT1c8,delta_volume,0,0.6076559773465826
LT1c8,delta_volume,1,0.5332434719914736
LT1c8,face_num,0,0.4501844247306772
LT1c8,face_num,1,0.48383540745849135
LT1c8,frame_brightness,0,0.49656750572082387
LT1c8,frame_brightness,1,0.501635267441982
LT1c8,global_flow,0,0.555196806787666
LT1c8,global_flow,1,0.5347585760112014
LT1c8,gpt2_surprisal,0,0.5410175229616627
LT1c8,gpt2_surprisal,1,0.5460278152200035
LT1c8,local_flow,0,0.5250566857883243
LT1c8,local_flow,1,0.5120372402119056
LT1c8,onset,0,0.6047999656838914
LT1c8,onset,1,0.5847035946123709
LT1c8,pitch,0,0.48264422222918824
LT1c8,pitch,1,0.5010292258340909
LT1c8,speech,0,0.5528562323020176
LT1c8,speech,1,0.562427510109401
LT1c8,volume,0,0.5500088816442537
LT1c8,volume,1,0.5050520882312989
LT1c8,word_gap,0,0.49648619035024744
LT1c8,word_gap,1,0.5062530698605812
LT1c8,word_head_pos,0,0.5162325109975653
LT1c8,word_head_pos,1,0.49473893190391105
LT1c8,word_index,0,0.5325767426084007
LT1c8,word_index,1,0.5604330374809203
LT1c8,word_length,0,0.5196441072902627
LT1c8,word_length,1,0.5041586993093216
LT1c8,word_part_speech,0,0.5168259425441408
LT1c8,word_part_speech,1,0.5219392809276848
RT1aIa4,delta_volume,0,0.5693708661170497
RT1aIa4,delta_volume,1,0.5233691733801449
RT1aIa4,face_num,0,0.452347366331254
RT1aIa4,face_num,1,0.49981714261830873
RT1aIa4,frame_brightness,0,0.501426287577192
RT1aIa4,frame_brightness,1,0.4679633867276888
RT1aIa4,global_flow,0,0.5195239438680083
RT1aIa4,global_flow,1,0.4946501154613753
RT1aIa4,gpt2_surprisal,0,0.5185260650136359
RT1aIa4,gpt2_surprisal,1,0.5136881811437468
RT1aIa4,local_flow,0,0.4872626772410479
RT1aIa4,local_flow,1,0.44809462608277695
RT1aIa4,onset,0,0.5730432668935344
RT1aIa4,onset,1,0.5443821670622551
RT1aIa4,pitch,0,0.5168437771020763
RT1aIa4,pitch,1,0.5203232918508301
RT1aIa4,speech,0,0.4844989185291997
RT1aIa4,speech,1,0.4996969791960545
RT1aIa4,volume,0,0.5161802660313678
RT1aIa4,volume,1,0.47715327628183024
RT1aIa4,word_gap,0,0.5012657271319001
RT1aIa4,word_gap,1,0.49272049470409696
RT1aIa4,word_head_pos,0,0.4971552615905458
RT1aIa4,word_head_pos,1,0.5118648318234538
RT1aIa4,word_index,0,0.5093136977782803
RT1aIa4,word_index,1,0.5546667420430776
RT1aIa4,word_length,0,0.5102295643814718
RT1aIa4,word_length,1,0.4755702538060458
RT1aIa4,word_part_speech,0,0.5079977856768253
RT1aIa4,word_part_speech,1,0.5000874074937358
RT3aHa11,delta_volume,0,0.5203912103068871
RT3aHa11,delta_volume,1,0.49551215740363413
RT3aHa11,face_num,0,0.5107990345130247
RT3aHa11,face_num,1,0.499623836243378
RT3aHa11,frame_brightness,0,0.4981087322236502
RT3aHa11,frame_brightness,1,0.4878687188489389
RT3aHa11,global_flow,0,0.4938298694920744
RT3aHa11,global_flow,1,0.48238822189482045
RT3aHa11,gpt2_surprisal,0,0.4893315779024691
RT3aHa11,gpt2_surprisal,1,0.4774145011128178
RT3aHa11,local_flow,0,0.49373582855291887
RT3aHa11,local_flow,1,0.5152398566398128
RT3aHa11,onset,0,0.5495510309130944
RT3aHa11,onset,1,0.5380336869798965
RT3aHa11,pitch,0,0.4899950889731774
RT3aHa11,pitch,1,0.5013792671076143
RT3aHa11,speech,0,0.5030197590462159
RT3aHa11,speech,1,0.5160601026091136
RT3aHa11,volume,0,0.5027167382422704
RT3aHa11,volume,1,0.4826807937055264
RT3aHa11,word_gap,0,0.49137290462336747
RT3aHa11,word_gap,1,0.49189556806589335
RT3aHa11,word_head_pos,0,0.519194800580964
RT3aHa11,word_head_pos,1,0.4923879084250233
RT3aHa11,word_index,0,0.5275453671773418
RT3aHa11,word_index,1,0.5302730510486743
RT3aHa11,word_length,0,0.5087510318380823
RT3aHa11,word_length,1,0.5041430258194622
RT3aHa11,word_part_speech,0,0.5422469553056348
RT3aHa11,word_part_speech,1,0.5116251966668609
RT2aA9,delta_volume,0,0.5775263053404804
RT2aA9,delta_volume,1,0.551362026268769
RT2aA9,face_num,0,0.5054700479608789
RT2aA9,face_num,1,0.5020166556952238
RT2aA9,frame_brightness,0,0.5201352099725192
RT2aA9,frame_brightness,1,0.5386038055233378
RT2aA9,global_flow,0,0.5338024931297869
RT2aA9,global_flow,1,0.5092943794865366
RT2aA9,gpt2_surprisal,0,0.5492199826546713
RT2aA9,gpt2_surprisal,1,0.5442253638861895
RT2aA9,local_flow,0,0.5324388995120319
RT2aA9,local_flow,1,0.4788512376832493
RT2aA9,onset,0,0.5706840344304955
RT2aA9,onset,1,0.5643498527267008
RT2aA9,pitch,0,0.47611360145449977
RT2aA9,pitch,1,0.508066622780895
RT2aA9,speech,0,0.5141688348327639
RT2aA9,speech,1,0.5489665945686133
RT2aA9,volume,0,0.51299332309332
RT2aA9,volume,1,0.5092996039831563
RT2aA9,word_gap,0,0.529924056372086
RT2aA9,word_gap,1,0.5148045994382943
RT2aA9,word_head_pos,0,0.4977482419568875
RT2aA9,word_head_pos,1,0.5056790278256691
RT2aA9,word_index,0,0.5860845723330884
RT2aA9,word_index,1,0.5753010345412404
RT2aA9,word_length,0,0.5091637670710427
RT2aA9,word_length,1,0.5310857548875166
RT2aA9,word_part_speech,0,0.5192442165374979
RT2aA9,word_part_speech,1,0.5168550783753861
RT1bIb5,delta_volume,0,0.5398211132357397
RT1bIb5,delta_volume,1,0.5310282854246993
RT1bIb5,face_num,0,0.480617117540725
RT1bIb5,face_num,1,0.5018755942864905
RT1bIb5,frame_brightness,0,0.49047051816557474
RT1bIb5,frame_brightness,1,0.49812963021012924
RT1bIb5,global_flow,0,0.5239281945184582
RT1bIb5,global_flow,1,0.514121814363186
RT1bIb5,gpt2_surprisal,0,0.530469264286386
RT1bIb5,gpt2_surprisal,1,0.5105064627023186
RT1bIb5,local_flow,0,0.49833338557829954
RT1bIb5,local_flow,1,0.5044669446098868
RT1bIb5,onset,0,0.5636063370413795
RT1bIb5,onset,1,0.5655294689582201
RT1bIb5,pitch,0,0.5227108868060562
RT1bIb5,pitch,1,0.48845386247035094
RT1bIb5,speech,0,0.5111020553169702
RT1bIb5,speech,1,0.517162471395881
RT1bIb5,volume,0,0.5162847559637629
RT1bIb5,volume,1,0.47850642090634565
RT1bIb5,word_gap,0,0.5392186496391733
RT1bIb5,word_gap,1,0.5348043475522979
RT1bIb5,word_head_pos,0,0.47080028839221344
RT1bIb5,word_head_pos,1,0.5239125210285989
RT1bIb5,word_index,0,0.5725309514387472
RT1bIb5,word_index,1,0.6102097348634745
RT1bIb5,word_length,0,0.4983386100749192
RT1bIb5,word_length,1,0.5271569334294641
RT1bIb5,word_part_speech,0,0.5138540877571237
RT1bIb5,word_part_speech,1,0.4862041839053668
RT2c1,delta_volume,0,0.46249856326342953
RT2c1,delta_volume,1,0.5010448993239501
RT2c1,face_num,0,0.49077353896952025
RT2c1,face_num,1,0.47016812430122357
RT2c1,frame_brightness,0,0.4961965664608215
RT2c1,frame_brightness,1,0.4790393195615603
RT2c1,global_flow,0,0.4908414574255771
RT2c1,global_flow,1,0.47986479002748084
RT2c1,gpt2_surprisal,0,0.4756851927316803
RT2c1,gpt2_surprisal,1,0.49438889063038777
RT2c1,local_flow,0,0.5034011472994577
RT2c1,local_flow,1,0.4940075023771459
RT2c1,onset,0,0.515721067230976
RT2c1,onset,1,0.507299322256856
RT2c1,pitch,0,0.49051231413853275
RT2c1,pitch,1,0.5081763372099097
RT2c1,speech,0,0.49241925540474174
RT2c1,speech,1,0.5085629499597715
RT2c1,volume,0,0.4949270137822221
RT2c1,volume,1,0.515736183818689
RT2c1,word_gap,0,0.4895026511001121
RT2c1,word_gap,1,0.5234128033651969
RT2c1,word_head_pos,0,0.4778115628559188
RT2c1,word_head_pos,1,0.5207099046006918
RT2c1,word_index,0,0.5297218610435864
RT2c1,word_index,1,0.5319972864492057
RT2c1,word_length,0,0.5052662925927086
RT2c1,word_length,1,0.4989968966490078
RT2c1,word_part_speech,0,0.5135627294446711
RT2c1,word_part_speech,1,0.5236145912242877
LT3a6,delta_volume,0,0.5920869774197255
LT3a6,delta_volume,1,0.5782786328537246
LT3a6,face_num,0,0.4953084020354639
LT3a6,face_num,1,0.4660407719716205
LT3a6,frame_brightness,0,0.46912322497727343
LT3a6,frame_brightness,1,0.5025129828741001
LT3a6,global_flow,0,0.5633104500381388
LT3a6,global_flow,1,0.5448784259636584
LT3a6,gpt2_surprisal,0,0.5096287472702006
LT3a6,gpt2_surprisal,1,0.49321337889094385
LT3a6,local_flow,0,0.5484101856786099
LT3a6,local_flow,1,0.5342047793695077
LT3a6,onset,0,0.5820583945780549
LT3a6,onset,1,0.5444751065229203
LT3a6,pitch,0,0.5013844916042339
LT3a6,pitch,1,0.4940754208332027
LT3a6,speech,0,0.5075284996290608
LT3a6,speech,1,0.5290325277159545
LT3a6,volume,0,0.5345600451396508
LT3a6,volume,1,0.5280033018818637
LT3a6,word_gap,0,0.5180854145413786
LT3a6,word_gap,1,0.493482449843201
LT3a6,word_head_pos,0,0.5007314295267651
LT3a6,word_head_pos,1,0.4907003960168438
LT3a6,word_index,0,0.5276725648708237
LT3a6,word_index,1,0.49403584148340773
LT3a6,word_length,0,0.4594579062307347
LT3a6,word_length,1,0.46332403372935016
LT3a6,word_part_speech,0,0.497581726006643
LT3a6,word_part_speech,1,0.4622545306217587
LT2aA9,delta_volume,0,0.6096465105587077
LT2aA9,delta_volume,1,0.5353175971495145
LT2aA9,face_num,0,0.5124447509482462
LT2aA9,face_num,1,0.5207934965466077
LT2aA9,frame_brightness,0,0.4895248842773998
LT2aA9,frame_brightness,1,0.46335015621244896
LT2aA9,global_flow,0,0.5128470371879669
LT2aA9,global_flow,1,0.5220578247285874
LT2aA9,gpt2_surprisal,0,0.5358191488250107
LT2aA9,gpt2_surprisal,1,0.5364304149295215
LT2aA9,local_flow,0,0.5055849868865134
LT2aA9,local_flow,1,0.4886785158250003
LT2aA9,onset,0,0.5806928994252052
LT2aA9,onset,1,0.5368683691269409
LT2aA9,pitch,0,0.511232667732464
LT2aA9,pitch,1,0.4927849701681243
LT2aA9,speech,0,0.5356258424500799
LT2aA9,speech,1,0.534095064940493
LT2aA9,volume,0,0.5502074125158041
LT2aA9,volume,1,0.5106684220975309
LT2aA9,word_gap,0,0.5139922670999105
LT2aA9,word_gap,1,0.5378080880593443
LT2aA9,word_head_pos,0,0.4962383624337795
LT2aA9,word_head_pos,1,0.48919574099035557
LT2aA9,word_index,0,0.5249024817683307
LT2aA9,word_index,1,0.5346260387811634
LT2aA9,word_length,0,0.48002152492607336
LT2aA9,word_length,1,0.5033332288434009
LT2aA9,word_part_speech,0,0.5019521006934328
LT2aA9,word_part_speech,1,0.4772012120505798
LT3bHa10,delta_volume,0,0.5454687940816902
LT3bHa10,delta_volume,1,0.5095190328411857
LT3bHa10,face_num,0,0.5206106391649166
LT3bHa10,face_num,1,0.5156107958998151
LT3bHa10,frame_brightness,0,0.4791647074804342
LT3bHa10,frame_brightness,1,0.49376717553263744
LT3bHa10,global_flow,0,0.4985632634295686
LT3bHa10,global_flow,1,0.49475982989039
LT3bHa10,gpt2_surprisal,0,0.5317597149514645
LT3bHa10,gpt2_surprisal,1,0.5411847068534947
LT3bHa10,local_flow,0,0.484075734303
LT3bHa10,local_flow,1,0.46255080822962713
LT3bHa10,onset,0,0.5675026452000344
LT3bHa10,onset,1,0.5288255311847637
LT3bHa10,pitch,0,0.5045426998108733
LT3bHa10,pitch,1,0.4627075431282196
LT3bHa10,speech,0,0.5074527444280743
LT3bHa10,speech,1,0.525944850213682
LT3bHa10,volume,0,0.5204434552730844
LT3bHa10,volume,1,0.5065724167476464
LT3bHa10,word_gap,0,0.47125351066107474
LT3bHa10,word_gap,1,0.5007808465888338
LT3bHa10,word_head_pos,0,0.5055379664169357
LT3bHa10,word_head_pos,1,0.494028400363625
LT3bHa10,word_index,0,0.5367883995703545
LT3bHa10,word_index,1,0.548744982757646
LT3bHa10,word_length,0,0.4639614223169597
LT3bHa10,word_length,1,0.4573524340929752
LT3bHa10,word_part_speech,0,0.47964862187518215
LT3bHa10,word_part_speech,1,0.4725686148825826
LT1bIb9,delta_volume,0,0.6012507444907683
LT1bIb9,delta_volume,1,0.5426423414104051
LT1bIb9,face_num,0,0.5126014858468386
LT1bIb9,face_num,1,0.5201195364826598
LT1bIb9,frame_brightness,0,0.49332309331995866
LT1bIb9,frame_brightness,1,0.4754135189074533
LT1bIb9,global_flow,0,0.5332121250117552
LT1bIb9,global_flow,1,0.5644964107708222
LT1bIb9,gpt2_surprisal,0,0.533149431052318
LT1bIb9,gpt2_surprisal,1,0.5618998359508062
LT1bIb9,local_flow,0,0.5240901539136704
LT1bIb9,local_flow,1,0.5044878425963658
LT1bIb9,onset,0,0.5669235608681975
LT1bIb9,onset,1,0.5913308930767252
LT1bIb9,pitch,0,0.5207517005736497
LT1bIb9,pitch,1,0.49040782420613777
LT1bIb9,speech,0,0.553770519210474
LT1bIb9,speech,1,0.5387866629050291
LT1bIb9,volume,0,0.522799703248592
LT1bIb9,volume,1,0.5098742986113288
LT1bIb9,word_gap,0,0.5141371015478394
LT1bIb9,word_gap,1,0.526089092076926
LT1bIb9,word_head_pos,0,0.5045087405828449
LT1bIb9,word_head_pos,1,0.4888979446830297
LT1bIb9,word_index,0,0.5642065690542145
LT1bIb9,word_index,1,0.5663971959975126
LT1bIb9,word_length,0,0.5130455680595174
LT1bIb9,word_length,1,0.5061335590315874
LT1bIb9,word_part_speech,0,0.5333168230289611
LT1bIb9,word_part_speech,1,0.5206427364372705
LT3cHb8,delta_volume,0,0.5446380991191497
LT3cHb8,delta_volume,1,0.4959666886095525
LT3cHb8,face_num,0,0.5103288298172471
LT3cHb8,face_num,1,0.5380865803579825
LT3cHb8,frame_brightness,0,0.4622425629290618
LT3cHb8,frame_brightness,1,0.4854915728869523
LT3cHb8,global_flow,0,0.5221414166745034
LT3cHb8,global_flow,1,0.5447948340177423
LT3cHb8,gpt2_surprisal,0,0.49414333928925946
LT3cHb8,gpt2_surprisal,1,0.5226586418398588
LT3cHb8,local_flow,0,0.530281182408075
LT3cHb8,local_flow,1,0.5066455597003229
LT3cHb8,onset,0,0.5532972060968286
LT3cHb8,onset,1,0.5212259429780662
LT3cHb8,pitch,0,0.4994723258414052
LT3cHb8,pitch,1,0.4814478125032653
LT3cHb8,speech,0,0.5172303898519378
LT3cHb8,speech,1,0.5134008338296605
LT3cHb8,volume,0,0.534471228697115
LT3cHb8,volume,1,0.4935320731847487
LT3cHb8,word_gap,0,0.5196785934685961
LT3cHb8,word_gap,1,0.5250059822924145
LT3cHb8,word_head_pos,0,0.5165041848217925
LT3cHb8,word_head_pos,1,0.501342695631276
LT3cHb8,word_index,0,0.5200831024930749
LT3cHb8,word_index,1,0.5589914636214597
LT3cHb8,word_length,0,0.47255571925644957
LT3cHb8,word_length,1,0.4831196514215855
LT3cHb8,word_part_speech,0,0.4961832061068702
LT3cHb8,word_part_speech,1,0.49449332789464484
LT3d1,delta_volume,0,0.66513066466046
LT3d1,delta_volume,1,0.6295727406664369
LT3d1,face_num,0,0.505470047960879
LT3d1,face_num,1,0.519738148229418
LT3d1,frame_brightness,0,0.4886785158250002
LT3d1,frame_brightness,1,0.5054125784980616
LT3d1,global_flow,0,0.49937828490224967
LT3d1,global_flow,1,0.5086334806641379
LT3d1,gpt2_surprisal,0,0.5181916972299718
LT3d1,gpt2_surprisal,1,0.5537496212239951
LT3d1,local_flow,0,0.5564350124865469
LT3d1,local_flow,1,0.5336144112514759
LT3d1,onset,0,0.6401455574937802
LT3d1,onset,1,0.6477451457004776
LT3d1,pitch,0,0.48787916784217844
LT3d1,pitch,1,0.46507424009696663
LT3d1,speech,0,0.6206179534601841
LT3d1,speech,1,0.6290659644943211
LT3d1,volume,0,0.5460957336760603
LT3d1,volume,1,0.5527151708932845
LT3d1,word_gap,0,0.5313535094016448
LT3d1,word_gap,1,0.5082807521315853
LT3d1,word_head_pos,0,0.5306207746883588
LT3d1,word_head_pos,1,0.5588957503944495
LT3d1,word_index,0,0.5451551811860478
LT3d1,word_index,1,0.5774775284074849
LT3d1,word_length,0,0.4984222020208353
LT3d1,word_length,1,0.48428471416778995
LT3d1,word_part_speech,0,0.5483363440358953
LT3d1,word_part_speech,1,0.5461365887768779
RT1aIa5,delta_volume,0,0.7030291631401315
RT1aIa5,delta_volume,1,0.6732756548906513
RT1aIa5,face_num,0,0.4846295309446934
RT1aIa5,face_num,1,0.4774980930587338
RT1aIa5,frame_brightness,0,0.5071993563420164
RT1aIa5,frame_brightness,1,0.4953606470016614
RT1aIa5,global_flow,0,0.5110550348473925
RT1aIa5,global_flow,1,0.5060917630586294
RT1aIa5,gpt2_surprisal,0,0.590065097227882
RT1aIa5,gpt2_surprisal,1,0.5886806056236482
RT1aIa5,local_flow,0,0.5039131479681933
RT1aIa5,local_flow,1,0.4691754699434709
RT1aIa5,onset,0,0.6796662758443192
RT1aIa5,onset,1,0.6693714432783323
RT1aIa5,pitch,0,0.5309603669686426
RT1aIa5,pitch,1,0.5201926794353364
RT1aIa5,speech,0,0.5685610691409883
RT1aIa5,speech,1,0.5582949332831781
RT1aIa5,volume,0,0.5539586010887851
RT1aIa5,volume,1,0.5525061910284944
RT1aIa5,word_gap,0,0.5163222125665924
RT1aIa5,word_gap,1,0.5169141446581278
RT1aIa5,word_head_pos,0,0.5144091616772725
RT1aIa5,word_head_pos,1,0.5245499096162085
RT1aIa5,word_index,0,0.6054044886652723
RT1aIa5,word_index,1,0.6060970094408955
RT1aIa5,word_length,0,0.5014576345569105
RT1aIa5,word_length,1,0.5250723592781835
RT1aIa5,word_part_speech,0,0.547637084086009
RT1aIa5,word_part_speech,1,0.5555765981003438
RT3aHa12,delta_volume,0,0.5155376529471385
RT3aHa12,delta_volume,1,0.49199607117854194
RT3aHa12,face_num,0,0.47224224945926463
RT3aHa12,face_num,1,0.5083957660679395
RT3aHa12,frame_brightness,0,0.5001306124154938
RT3aHa12,frame_brightness,1,0.49659362820392255
RT3aHa12,global_flow,0,0.5137195281234653
RT3aHa12,global_flow,1,0.4859879000658287
RT3aHa12,gpt2_surprisal,0,0.5102191153882323
RT3aHa12,gpt2_surprisal,1,0.5097358494509054
RT3aHa12,local_flow,0,0.500313469797185
RT3aHa12,local_flow,1,0.4908884778951548
RT3aHa12,onset,0,0.5488861563098745
RT3aHa12,onset,1,0.5431954016414537
RT3aHa12,pitch,0,0.5104228707564026
RT3aHa12,pitch,1,0.5129672006102213
RT3aHa12,speech,0,0.5069851519806067
RT3aHa12,speech,1,0.5059559261465157
RT3aHa12,volume,0,0.4951307691503924
RT3aHa12,volume,1,0.4673155491468397
RT3aHa12,word_gap,0,0.474546920063979
RT3aHa12,word_gap,1,0.5145841991914459
RT3aHa12,word_head_pos,0,0.5197694952091366
RT3aHa12,word_head_pos,1,0.5127216492690929
RT3aHa12,word_index,0,0.505144440047487
RT3aHa12,word_index,1,0.5202385663406637
RT3aHa12,word_length,0,0.5258717072610054
RT3aHa12,word_length,1,0.5221832126474614
RT3aHa12,word_part_speech,0,0.538750655556203
RT3aHa12,word_part_speech,1,0.49175455975758986
RT2aA10,delta_volume,0,0.5698933157790247
RT2aA10,delta_volume,1,0.5654368201623774
RT2aA10,face_num,0,0.5193254129964577
RT2aA10,face_num,1,0.49071084501008333
RT2aA10,frame_brightness,0,0.4974817926292801
RT2aA10,frame_brightness,1,0.5013374711346562
RT2aA10,global_flow,0,0.5220526002319676
RT2aA10,global_flow,1,0.5061805795011651
RT2aA10,gpt2_surprisal,0,0.5367804562030449
RT2aA10,gpt2_surprisal,1,0.5173714512606711
RT2aA10,local_flow,0,0.5201038629928006
RT2aA10,local_flow,1,0.47772797091000285
RT2aA10,onset,0,0.6046855786553805
RT2aA10,onset,1,0.5702908290199892
RT2aA10,pitch,0,0.47491719172857694
RT2aA10,pitch,1,0.5148375704000919
RT2aA10,speech,0,0.527956281412286
RT2aA10,speech,1,0.5486557370197382
RT2aA10,volume,0,0.49819232416956627
RT2aA10,volume,1,0.4978475073926627
RT2aA10,word_gap,0,0.5189544212289517
RT2aA10,word_gap,1,0.4891059306557852
RT2aA10,word_head_pos,0,0.4813224245843913
RT2aA10,word_head_pos,1,0.48051262760832997
RT2aA10,word_index,0,0.5992707332240376
RT2aA10,word_index,1,0.5796822884278365
RT2aA10,word_length,0,0.4767300920556305
RT2aA10,word_length,1,0.4854445524173746
RT2aA10,word_part_speech,0,0.4954111065788707
RT2aA10,word_part_speech,1,0.522427306101043
RT1bIb6,delta_volume,0,0.6686885468585102
RT1bIb6,delta_volume,1,0.6467456610555573
RT1bIb6,face_num,0,0.48509973564047104
RT1bIb6,face_num,1,0.482921120550035
RT1bIb6,frame_brightness,0,0.5046341285017188
RT1bIb6,frame_brightness,1,0.4909093758816338
RT1bIb6,global_flow,0,0.49066904903712527
RT1bIb6,global_flow,1,0.4746455179043499
RT1bIb6,gpt2_surprisal,0,0.5513568017721493
RT1bIb6,gpt2_surprisal,1,0.549329697083686
RT1bIb6,local_flow,0,0.5112744637054221
RT1bIb6,local_flow,1,0.4818030782734083
RT1bIb6,onset,0,0.6717092281735251
RT1bIb6,onset,1,0.6691140724641825
RT1bIb6,pitch,0,0.49109745775994484
RT1bIb6,pitch,1,0.5083539700949813
RT1bIb6,speech,0,0.5413623397385662
RT1bIb6,speech,1,0.5367491092233263
RT1bIb6,volume,0,0.5939207757332581
RT1bIb6,volume,1,0.5734198509973564
RT1bIb6,word_gap,0,0.5390423294416946
RT1bIb6,word_gap,1,0.5419264241004522
RT1bIb6,word_head_pos,0,0.5113110351817602
RT1bIb6,word_head_pos,1,0.5497946772828438
RT1bIb6,word_index,0,0.6057295494375036
RT1bIb6,word_index,1,0.6450053705692804
RT1bIb6,word_length,0,0.516807205625738
RT1bIb6,word_length,1,0.501614369455503
RT1bIb6,word_part_speech,0,0.5043412388555446
RT1bIb6,word_part_speech,1,0.4961977740224929
RT2c2,delta_volume,0,0.5182021462232114
RT2c2,delta_volume,1,0.5259082787373437
RT2c2,face_num,0,0.47554413132294704
RT2c2,face_num,1,0.4880881477069684
RT2c2,frame_brightness,0,0.4343646489660721
RT2c2,frame_brightness,1,0.48233597692862296
RT2c2,global_flow,0,0.51048034021922
RT2c2,global_flow,1,0.4894412923314838
RT2c2,gpt2_surprisal,0,0.4980199157811145
RT2c2,gpt2_surprisal,1,0.5155272039538991
RT2c2,local_flow,0,0.5520203128428576
RT2c2,local_flow,1,0.5198060666854749
RT2c2,onset,0,0.5187952186222082
RT2c2,onset,1,0.506530784409048
RT2c2,pitch,0,0.5238550515657816
RT2c2,pitch,1,0.5177528395139128
RT2c2,speech,0,0.5027324117321296
RT2c2,speech,1,0.5068597640617327
RT2c2,volume,0,0.4991066110780227
RT2c2,volume,1,0.49939918288872864
RT2c2,word_gap,0,0.4943325650810443
RT2c2,word_gap,1,0.5411329832117984
RT2c2,word_head_pos,0,0.5156839388524915
RT2c2,word_head_pos,1,0.48577369570441886
RT2c2,word_index,0,0.49092656453162986
RT2c2,word_index,1,0.5053140369721296
RT2c2,word_length,0,0.4927745211748848
RT2c2,word_length,1,0.5203494143339289
RT2c2,word_part_speech,0,0.48269331624031236
RT2c2,word_part_speech,1,0.5164253248645184
LT3a7,delta_volume,0,0.6039936052161374
LT3a7,delta_volume,1,0.5931214277504362
LT3a7,face_num,0,0.48281140612102025
LT3a7,face_num,1,0.49238268392840345
LT3a7,frame_brightness,0,0.444594213347544
LT3a7,frame_brightness,1,0.4995297953042225
LT3a7,global_flow,0,0.6057882198050217
LT3a7,global_flow,1,0.5529398242479338
LT3a7,gpt2_surprisal,0,0.5117446684011995
LT3a7,gpt2_surprisal,1,0.5130089965831792
LT3a7,local_flow,0,0.5446119766360512
LT3a7,local_flow,1,0.5204512920180142
LT3a7,onset,0,0.5722640052618033
LT3a7,onset,1,0.5517601304012125
LT3a7,pitch,0,0.4900630074292342
LT3a7,pitch,1,0.49807738524393175
LT3a7,speech,0,0.4957838312278612
LT3a7,speech,1,0.5204486797697042
LT3a7,volume,0,0.5393300105534832
LT3a7,volume,1,0.539753194779683
LT3a7,word_gap,0,0.5309819775569578
LT3a7,word_gap,1,0.48869031876172847
LT3a7,word_head_pos,0,0.4976542010177319
LT3a7,word_head_pos,1,0.49990073456422474
LT3a7,word_index,0,0.49659392843009775
LT3a7,word_index,1,0.5154898524506756
LT3a7,word_length,0,0.45898247703833733
LT3a7,word_length,1,0.46709089579219043
LT3a7,word_part_speech,0,0.5243721228366646
LT3a7,word_part_speech,1,0.4963288852630966
LT2aA10,delta_volume,0,0.5756193640742714
LT2aA10,delta_volume,1,0.5178521049496881
LT2aA10,face_num,0,0.5084741335172356
LT2aA10,face_num,1,0.5076800100310335
LT2aA10,frame_brightness,0,0.48619165543399895
LT2aA10,frame_brightness,1,0.48261809974608944
LT2aA10,global_flow,0,0.49933648892929167
LT2aA10,global_flow,1,0.49467101344785425
LT2aA10,gpt2_surprisal,0,0.5203023938643512
LT2aA10,gpt2_surprisal,1,0.5050729862177779
LT2aA10,local_flow,0,0.5193881069558948
LT2aA10,local_flow,1,0.5096235227735807
LT2aA10,onset,0,0.554691298006806
LT2aA10,onset,1,0.5081858217278161
LT2aA10,pitch,0,0.5116245049789453
LT2aA10,pitch,1,0.47644796923816396
LT2aA10,speech,0,0.5129776496034607
LT2aA10,speech,1,0.521686885468585
LT2aA10,volume,0,0.5175647576356018
LT2aA10,volume,1,0.4888822711931705
LT2aA10,word_gap,0,0.5126068941197213
LT2aA10,word_gap,1,0.5252074910895329
LT2aA10,word_head_pos,0,0.4868551665047073
LT2aA10,word_head_pos,1,0.4954076674712391
LT2aA10,word_index,0,0.525312341002883
LT2aA10,word_index,1,0.525255808694669
LT2aA10,word_length,0,0.4725713927463088
LT2aA10,word_length,1,0.4874768816024576
LT2aA10,word_part_speech,0,0.4807120797156343
LT2aA10,word_part_speech,1,0.48024590641571
LT3bHa11,delta_volume,0,0.5354482095650085
LT3bHa11,delta_volume,1,0.5034220452859366
LT3bHa11,face_num,0,0.5046341285017188
LT3bHa11,face_num,1,0.49172439735431495
LT3bHa11,frame_brightness,0,0.47738837862971906
LT3bHa11,frame_brightness,1,0.4723728618747584
LT3bHa11,global_flow,0,0.5019017167695893
LT3bHa11,global_flow,1,0.5091951140507612
LT3bHa11,gpt2_surprisal,0,0.5184111260880014
LT3bHa11,gpt2_surprisal,1,0.5250775837748033
LT3bHa11,local_flow,0,0.4563127592656447
LT3bHa11,local_flow,1,0.48619687993061866
LT3bHa11,onset,0,0.5864622951757271
LT3bHa11,onset,1,0.5562712688381137
LT3bHa11,pitch,0,0.5229982341201426
LT3bHa11,pitch,1,0.502701064752411
LT3bHa11,speech,0,0.530364774353991
LT3bHa11,speech,1,0.5251298287410008
LT3bHa11,volume,0,0.5158511227443235
LT3bHa11,volume,1,0.4870536973762578
LT3bHa11,word_gap,0,0.47120313346179515
LT3bHa11,word_gap,1,0.5008627095376632
LT3bHa11,word_head_pos,0,0.5095974002904821
LT3bHa11,word_head_pos,1,0.47199147362151656
LT3bHa11,word_index,0,0.5285205494940358
LT3bHa11,word_index,1,0.5460879642715812
LT3bHa11,word_length,0,0.47022036926742117
LT3bHa11,word_length,1,0.4566053310763508
LT3bHa11,word_part_speech,0,0.4825622049997087
LT3bHa11,word_part_speech,1,0.4535574849950469
LT1bIb10,delta_volume,0,0.5844592123548896
LT1bIb10,delta_volume,1,0.5173975737437698
LT1bIb10,face_num,0,0.5137404261099443
LT1bIb10,face_num,1,0.5128000167183892
LT1bIb10,frame_brightness,0,0.4861028389914631
LT1bIb10,frame_brightness,1,0.4715996363750353
LT1bIb10,global_flow,0,0.5375850286824865
LT1bIb10,global_flow,1,0.5668108627733718
LT1bIb10,gpt2_surprisal,0,0.5355109035244454
LT1bIb10,gpt2_surprisal,1,0.5673542104218259
LT1bIb10,local_flow,0,0.5088920932468157
LT1bIb10,local_flow,1,0.495830851697439
LT1bIb10,onset,0,0.5622980354027853
LT1bIb10,onset,1,0.5946624152821071
LT1bIb10,pitch,0,0.5012486546921204
LT1bIb10,pitch,1,0.4782608695652174
LT1bIb10,speech,0,0.5520882312989144
LT1bIb10,speech,1,0.5486087165501604
LT1bIb10,volume,0,0.5321358787080865
LT1bIb10,volume,1,0.49973877516901255
LT1bIb10,word_gap,0,0.5050503142277805
LT1bIb10,word_gap,1,0.5292376670319014
LT1bIb10,word_head_pos,0,0.5298057532156776
LT1bIb10,word_head_pos,1,0.5006373885876096
LT1bIb10,word_index,0,0.5530838374130815
LT1bIb10,word_index,1,0.5526881112555826
LT1bIb10,word_length,0,0.5204800267494227
LT1bIb10,word_length,1,0.5138292425524801
LT1bIb10,word_part_speech,0,0.5366820115377892
LT1bIb10,word_part_speech,1,0.5108530971388614
LT3cHb9,delta_volume,0,0.5365401293585362
LT3cHb9,delta_volume,1,0.4863222678494927
LT3cHb9,face_num,0,0.504064658370166
LT3cHb9,face_num,1,0.5307409381106131
LT3cHb9,frame_brightness,0,0.45812043509607847
LT3cHb9,frame_brightness,1,0.4889083936762693
LT3cHb9,global_flow,0,0.5108512794792223
LT3cHb9,global_flow,1,0.5251768492105785
LT3cHb9,gpt2_surprisal,0,0.486818595028369
LT3cHb9,gpt2_surprisal,1,0.5075493976155397
LT3cHb9,local_flow,0,0.5434155669101282
LT3cHb9,local_flow,1,0.4978997523588602
LT3cHb9,onset,0,0.5593168234722182
LT3cHb9,onset,1,0.5104664131087535
LT3cHb9,pitch,0,0.49730938424082843
LT3cHb9,pitch,1,0.48004764740917216
LT3cHb9,speech,0,0.5300983250263837
LT3cHb9,speech,1,0.5296333448272259
LT3cHb9,volume,0,0.5235886022381744
LT3cHb9,volume,1,0.48621777791709764
LT3cHb9,word_gap,0,0.5347161874535585
LT3cHb9,word_gap,1,0.5398672560798983
LT3cHb9,word_head_pos,0,0.5344189837309175
LT3cHb9,word_head_pos,1,0.5057835177580641
LT3cHb9,word_index,0,0.49875628921928883
LT3cHb9,word_index,1,0.5526881112555826
LT3cHb9,word_length,0,0.46717448773810644
LT3cHb9,word_length,1,0.4800058514362141
LT3cHb9,word_part_speech,0,0.5154856943068586
LT3cHb9,word_part_speech,1,0.4846454169337452
LT3d2,delta_volume,0,0.5303125293877935
LT3d2,delta_volume,1,0.5314096736779411
LT3d2,face_num,0,0.5139494059747345
LT3d2,face_num,1,0.5074109484551164
LT3d2,frame_brightness,0,0.5257306458522721
LT3d2,frame_brightness,1,0.5049475982989039
LT3d2,global_flow,0,0.5162168375077061
LT3d2,global_flow,1,0.5057521707783454
LT3d2,gpt2_surprisal,0,0.5006426130842294
LT3d2,gpt2_surprisal,1,0.5223294985528144
LT3d2,local_flow,0,0.5467278977670502
LT3d2,local_flow,1,0.503730290586502
LT3d2,onset,0,0.5156281277703109
LT3d2,onset,1,0.47883839972547115
LT3d2,pitch,0,0.48729924871738606
LT3d2,pitch,1,0.47850119640972594
LT3d2,speech,0,0.5132597724209272
LT3d2,speech,1,0.5052244966197508
LT3d2,volume,0,0.5227526827790142
LT3d2,volume,1,0.4667774259950054
LT3d2,word_gap,0,0.4999559199506304
LT3d2,word_gap,1,0.4770594828780494
LT3d2,word_head_pos,0,0.4994671013447854
LT3d2,word_head_pos,1,0.5015412265028264
LT3d2,word_index,0,0.496099270733224
LT3d2,word_index,1,0.49478489456724517
LT3d2,word_length,0,0.4868708399945665
LT3d2,word_length,1,0.47343865918518746
LT3d2,word_part_speech,0,0.509046675601655
LT3d2,word_part_speech,1,0.4979022201503409
RT1aIa6,delta_volume,0,0.7321452828020021
RT1aIa6,delta_volume,1,0.6663114008965236
RT1aIa6,face_num,0,0.48624912489681615
RT1aIa6,face_num,1,0.47662560212323546
RT1aIa6,frame_brightness,0,0.5186827999122285
RT1aIa6,frame_brightness,1,0.5104751157226002
RT1aIa6,global_flow,0,0.5317126944818866
RT1aIa6,global_flow,1,0.5062693959437008
RT1aIa6,gpt2_surprisal,0,0.5734250754939761
RT1aIa6,gpt2_surprisal,1,0.5792556137216178
RT1aIa6,local_flow,0,0.5168333281088368
RT1aIa6,local_flow,1,0.4903294567568414
RT1aIa6,onset,0,0.7014856015327862
RT1aIa6,onset,1,0.7158197260430668
RT1aIa6,pitch,0,0.5348656781919061
RT1aIa6,pitch,1,0.5143307942279761
RT1aIa6,speech,0,0.5757290785032863
RT1aIa6,speech,1,0.5654472691556169
RT1aIa6,volume,0,0.6202835856765201
RT1aIa6,volume,1,0.5647680845950493
RT1aIa6,word_gap,0,0.5393634840871022
RT1aIa6,word_gap,1,0.5349365877004068
RT1aIa6,word_head_pos,0,0.5275383216827059
RT1aIa6,word_head_pos,1,0.5448575279771793
RT1aIa6,word_index,0,0.5866074961840693
RT1aIa6,word_index,1,0.5954265362654757
RT1aIa6,word_length,0,0.5095817268006229
RT1aIa6,word_length,1,0.5285309760404585
RT1aIa6,word_part_speech,0,0.5274750888642852
RT1aIa6,word_part_speech,1,0.5452625138395198
RT3aHa13,delta_volume,0,0.53268967534978
RT3aHa13,delta_volume,1,0.5000992654357752
RT3aHa13,face_num,0,0.5129358536305028
RT3aHa13,face_num,1,0.4970951798794186
RT3aHa13,frame_brightness,0,0.5063582123862366
RT3aHa13,frame_brightness,1,0.5056529053425702
RT3aHa13,global_flow,0,0.5138762630220578
RT3aHa13,global_flow,1,0.4989603251726696
RT3aHa13,gpt2_surprisal,0,0.5070896419130017
RT3aHa13,gpt2_surprisal,1,0.509200338547381
RT3aHa13,local_flow,0,0.4992163255070374
RT3aHa13,local_flow,1,0.4978161604129443
RT3aHa13,onset,0,0.5218622208241586
RT3aHa13,onset,1,0.5011939146100832
RT3aHa13,pitch,0,0.5239072965319791
RT3aHa13,pitch,1,0.49901257013886713
RT3aHa13,speech,0,0.5195657398409663
RT3aHa13,speech,1,0.4859199816097719
RT3aHa13,volume,0,0.49807738524393175
RT3aHa13,volume,1,0.47016812430122357
RT3aHa13,word_gap,0,0.5019458193221749
RT3aHa13,word_gap,1,0.4981549350763845
RT3aHa13,word_head_pos,0,0.49634807686279425
RT3aHa13,word_head_pos,1,0.5157048368389706
RT3aHa13,word_index,0,0.5164791678444232
RT3aHa13,word_index,1,0.5189241901746849
RT3aHa13,word_length,0,0.5182387176995497
RT3aHa13,word_length,1,0.5271621579260838
RT3aHa13,word_part_speech,0,0.5324427480916031
RT3aHa13,word_part_speech,1,0.5251587902802868
RT2b1,delta_volume,0,0.6169346833432598
RT2b1,delta_volume,1,0.5784510412421764
RT2b1,face_num,0,0.49842742651745503
RT2b1,face_num,1,0.4893106799159901
RT2b1,frame_brightness,0,0.5296176713373667
RT2b1,frame_brightness,1,0.513453078795858
RT2b1,global_flow,0,0.5268539126255185
RT2b1,global_flow,1,0.5244297461939542
RT2b1,gpt2_surprisal,0,0.5370625790205114
RT2b1,gpt2_surprisal,1,0.555447582625414
RT2b1,local_flow,0,0.48031409673677944
RT2b1,local_flow,1,0.467811876325716
RT2b1,onset,0,0.6354342417569847
RT2b1,onset,1,0.6004818553576023
RT2b1,pitch,0,0.5160130821395359
RT2b1,pitch,1,0.5256522784029758
RT2b1,speech,0,0.502533880860579
RT2b1,speech,1,0.5077113570107521
RT2b1,volume,0,0.510496013709079
RT2b1,volume,1,0.5098534006248499
RT2b1,word_gap,0,0.49116509867633906
RT2b1,word_gap,1,0.4983249581239531
RT2b1,word_head_pos,0,0.5072045808386362
RT2b1,word_head_pos,1,0.4993991828887287
RT2b1,word_index,0,0.5679942337045621
RT2b1,word_index,1,0.533297529538131
RT2b1,word_length,0,0.4742589051544884
RT2b1,word_length,1,0.5288287723477842
RT2b1,word_part_speech,0,0.5199289085717615
RT2b1,word_part_speech,1,0.5120622341355399
RT1bIb7,delta_volume,0,0.7105001933063749
RT1bIb7,delta_volume,1,0.6673876472001923
RT1bIb7,face_num,0,0.4439359267734554
RT1bIb7,face_num,1,0.45814133308255744
RT1bIb7,frame_brightness,0,0.5022569825397323
RT1bIb7,frame_brightness,1,0.494362768147289
RT1bIb7,global_flow,0,0.4842011222218739
RT1bIb7,global_flow,1,0.5012643281819796
RT1bIb7,gpt2_surprisal,0,0.5495021054721377
RT1bIb7,gpt2_surprisal,1,0.5405238080310961
RT1bIb7,local_flow,0,0.5063164164132786
RT1bIb7,local_flow,1,0.45919145690312735
RT1bIb7,onset,0,0.727851811604564
RT1bIb7,onset,1,0.7348651662901426
RT1bIb7,pitch,0,0.4751940900494237
RT1bIb7,pitch,1,0.48546022590723376
RT1bIb7,speech,0,0.5821081888760018
RT1bIb7,speech,1,0.5685506201477488
RT1bIb7,volume,0,0.5560901957096434
RT1bIb7,volume,1,0.5591151792524791
RT1bIb7,word_gap,0,0.5345713530056297
RT1bIb7,word_gap,1,0.5257994231810683
RT1bIb7,word_head_pos,0,0.5303908968370898
RT1bIb7,word_head_pos,1,0.5349884538624703
RT1bIb7,word_index,0,0.6555486460512183
RT1bIb7,word_index,1,0.7024987280230652
RT1bIb7,word_length,0,0.503228738911006
RT1bIb7,word_length,1,0.5056372318527109
RT1bIb7,word_part_speech,0,0.5296602762076802
RT1bIb7,word_part_speech,1,0.5163743371598392
RT1c1,delta_volume,0,0.5855250096653187
RT1c1,delta_volume,1,0.5797676143903534
RT1c1,face_num,0,0.4831039779317263
RT1c1,face_num,1,0.49532930002194286
RT1c1,frame_brightness,0,0.4892688839430321
RT1c1,frame_brightness,1,0.5043729036707314
RT1c1,global_flow,0,0.4867820235520307
RT1c1,global_flow,1,0.477325684670282
RT1c1,gpt2_surprisal,0,0.5242782357919814
RT1c1,gpt2_surprisal,1,0.538285111229533
RT1c1,local_flow,0,0.5036884946135439
RT1c1,local_flow,1,0.4854497769139944
RT1c1,onset,0,0.6179830707197804
RT1c1,onset,1,0.5946338185249793
RT1c1,pitch,0,0.5084480110341368
RT1c1,pitch,1,0.49387688996165224
RT1c1,speech,0,0.5298423246920159
RT1c1,speech,1,0.49702726142336184
RT1c1,volume,0,0.4887307607911977
RT1c1,volume,1,0.5082285821761073
RT1c1,word_gap,0,0.5366494124759134
RT1c1,word_gap,1,0.5387337690961072
RT1c1,word_head_pos,0,0.4852460215458241
RT1c1,word_head_pos,1,0.5203964348035066
RT1c1,word_index,0,0.5657046752218893
RT1c1,word_index,1,0.6291197919611058
RT1c1,word_length,0,0.46486003573555695
RT1c1,word_length,1,0.4680469786736048
RT1c1,word_part_speech,0,0.4919585105763068
RT1c1,word_part_speech,1,0.47508886428529806
LT3a8,delta_volume,0,0.6150120685871916
LT3a8,delta_volume,1,0.5837225583315048
LT3a8,face_num,0,0.49658317921068307
LT3a8,face_num,1,0.5092787059966772
LT3a8,frame_brightness,0,0.4979781198081564
LT3a8,frame_brightness,1,0.5119902197423278
LT3a8,global_flow,0,0.49269092922896873
LT3a8,global_flow,1,0.49963428523661746
LT3a8,gpt2_surprisal,0,0.536399067949803
LT3a8,gpt2_surprisal,1,0.5542354994096319
LT3a8,local_flow,0,0.4807372809629792
LT3a8,local_flow,1,0.4952248100895479
LT3a8,onset,0,0.5787697675083645
LT3a8,onset,1,0.5529254482541679
LT3a8,pitch,0,0.5107729120299258
LT3a8,pitch,1,0.5096653187465388
LT3a8,speech,0,0.4861185124813224
LT3a8,speech,1,0.5149734073122054
LT3a8,volume,0,0.5723436046936877
LT3a8,volume,1,0.541430258194623
LT3a8,word_gap,0,0.5298988677724461
LT3a8,word_gap,1,0.4856676868049521
LT3a8,word_head_pos,0,0.5082860516389245
LT3a8,word_head_pos,1,0.49008390541571323
LT3a8,word_index,0,0.5258988637006049
LT3a8,word_index,1,0.5439821357906043
LT3a8,word_length,0,0.4686033875636082
LT3a8,word_length,1,0.49067427353374504
LT3a8,word_part_speech,0,0.4999125925062642
LT3a8,word_part_speech,1,0.48696171551774375
LT2aA11,delta_volume,0,0.5451709977743644
LT2aA11,delta_volume,1,0.5116558519586638
LT2aA11,face_num,0,0.5158667962341827
LT2aA11,face_num,1,0.5156891633491113
LT2aA11,frame_brightness,0,0.4886105973689435
LT2aA11,frame_brightness,1,0.5017345328777572
LT2aA11,global_flow,0,0.5217025589584444
LT2aA11,global_flow,1,0.5177423905206733
LT2aA11,gpt2_surprisal,0,0.5091454813328735
LT2aA11,gpt2_surprisal,1,0.4817508333072108
LT2aA11,local_flow,0,0.5272509743686196
LT2aA11,local_flow,1,0.5087771543211811
LT2aA11,onset,0,0.5620406645886357
LT2aA11,onset,1,0.5125611255683605
LT2aA11,pitch,0,0.5073769892270881
LT2aA11,pitch,1,0.4947598298903901
LT2aA11,speech,0,0.5403853588706728
LT2aA11,speech,1,0.5402939301798272
LT2aA11,volume,0,0.5218854163401356
LT2aA11,volume,1,0.499895510067605
LT2aA11,word_gap,0,0.5302766967670431
LT2aA11,word_gap,1,0.5318257956448911
LT2aA11,word_head_pos,0,0.5098795231079486
LT2aA11,word_head_pos,1,0.5019382882459275
LT2aA11,word_index,0,0.5166911640002261
LT2aA11,word_index,1,0.5286477471875176
LT2aA11,word_length,0,0.4893263534058494
LT2aA11,word_length,1,0.4720802900640524
LT2aA11,word_part_speech,0,0.4906036944234019
LT2aA11,word_part_speech,1,0.5189601421828565
LT3bHa12,delta_volume,0,0.5495804729214341
LT3bHa12,delta_volume,1,0.5239856639812754
LT3bHa12,face_num,0,0.5233639488835251
LT3bHa12,face_num,1,0.5142628757719194
LT3bHa12,frame_brightness,0,0.4632561152732934
LT3bHa12,frame_brightness,1,0.4814007920336876
LT3bHa12,global_flow,0,0.5102191153882324
LT3bHa12,global_flow,1,0.5265979122911507
LT3bHa12,gpt2_surprisal,0,0.5096339717668202
LT3bHa12,gpt2_surprisal,1,0.5305371827424428
LT3bHa12,local_flow,0,0.4817665067970701
LT3bHa12,local_flow,1,0.48665141113653704
LT3bHa12,onset,0,0.5686608138637078
LT3bHa12,onset,1,0.5363178815522319
LT3bHa12,pitch,0,0.5190171676958926
LT3bHa12,pitch,1,0.5050311902448199
LT3bHa12,speech,0,0.5206890066142127
LT3bHa12,speech,1,0.5317283679717459
LT3bHa12,volume,0,0.5203337408440697
LT3bHa12,volume,1,0.48372046853285683
LT3bHa12,word_gap,0,0.48889182755884686
LT3bHa12,word_gap,1,0.49991813705117066
LT3bHa12,word_head_pos,0,0.4920535406413592
LT3bHa12,word_head_pos,1,0.4593429673051002
LT3bHa12,word_index,0,0.5009469161625869
LT3bHa12,word_index,1,0.5421589688506981
LT3bHa12,word_length,0,0.4752672330021003
LT3bHa12,word_length,1,0.46750885552177046
LT3bHa12,word_part_speech,0,0.4798380047782763
LT3bHa12,word_part_speech,1,0.45629625313210187
LT2b1,delta_volume,0,0.5723592781835469
LT2b1,delta_volume,1,0.557082850067396
LT2b1,face_num,0,0.5049841697752422
LT2b1,face_num,1,0.5040907808532649
LT2b1,frame_brightness,0,0.44523160193515354
LT2b1,frame_brightness,1,0.44610931736727166
LT2b1,global_flow,0,0.5175438596491229
LT2b1,global_flow,1,0.48563785879230537
LT2b1,gpt2_surprisal,0,0.525396278068608
LT2b1,gpt2_surprisal,1,0.523781908613105
LT2b1,local_flow,0,0.5317753884413237
LT2b1,local_flow,1,0.4931350114416476
LT2b1,onset,0,0.5402499356572965
LT2b1,onset,1,0.5548342817924448
LT2b1,pitch,0,0.5266710552438272
LT2b1,pitch,1,0.49548603492053545
LT2b1,speech,0,0.5346906575551446
LT2b1,speech,1,0.5419265853734992
LT2b1,volume,0,0.5436349957681577
LT2b1,volume,1,0.5151823871769955
LT2b1,word_gap,0,0.49263863175526756
LT2b1,word_gap,1,0.49695217944358383
LT2b1,word_head_pos,0,0.5119484237693699
LT2b1,word_head_pos,1,0.5009978788543723
LT2b1,word_index,0,0.5466532873537227
LT2b1,word_index,1,0.5598253151676182
LT2b1,word_length,0,0.5206942311108325
LT2b1,word_length,1,0.5119693217558489
LT2b1,word_part_speech,0,0.5223034788182507
LT2b1,word_part_speech,1,0.5008449391061128
LT3cHb10,delta_volume,0,0.5428043008056174
LT3cHb10,delta_volume,1,0.4905436611182513
LT3cHb10,face_num,0,0.4846661024210317
LT3cHb10,face_num,1,0.5102974828375286
LT3cHb10,frame_brightness,0,0.4604557850851071
LT3cHb10,frame_brightness,1,0.5097802576721733
LT3cHb10,global_flow,0,0.5228258257316908
LT3cHb10,global_flow,1,0.5638328997001139
LT3cHb10,gpt2_surprisal,0,0.47970805512888837
LT3cHb10,gpt2_surprisal,1,0.4957002392819452
LT3cHb10,local_flow,0,0.5092734815000575
LT3cHb10,local_flow,1,0.4876492899909094
LT3cHb10,onset,0,0.5816794875461122
LT3cHb10,onset,1,0.5275601246818611
LT3cHb10,pitch,0,0.495684565792086
LT3cHb10,pitch,1,0.4835689581308841
LT3cHb10,speech,0,0.532209021660763
LT3cHb10,speech,1,0.5341211874235917
LT3cHb10,volume,0,0.512951527120362
LT3cHb10,volume,1,0.5003604902667628
LT3cHb10,word_gap,0,0.5231231344693392
LT3cHb10,word_gap,1,0.5252893540383623
LT3cHb10,word_head_pos,0,0.5319948172993532
LT3cHb10,word_head_pos,1,0.49954024429746197
LT3cHb10,word_index,0,0.5222313302052123
LT3cHb10,word_index,1,0.5595567867036011
LT3cHb10,word_length,0,0.47436861958350307
LT3cHb10,word_length,1,0.45435879752985797
LT3cHb10,word_part_speech,0,0.5250422469553055
LT3cHb10,word_part_speech,1,0.5178456966377251
LT3d3,delta_volume,0,0.7093351305601705
LT3d3,delta_volume,1,0.6719747552323334
LT3d3,face_num,0,0.5040594338735462
LT3d3,face_num,1,0.5275330971860861
LT3d3,frame_brightness,0,0.49375672653939795
LT3d3,frame_brightness,1,0.5122514445733154
LT3d3,global_flow,0,0.4898540275644442
LT3d3,global_flow,1,0.5073926627169472
LT3d3,gpt2_surprisal,0,0.5574642383206379
LT3d3,gpt2_surprisal,1,0.5670564141145
LT3d3,local_flow,0,0.5057730687648245
LT3d3,local_flow,1,0.477597358494509
LT3d3,onset,0,0.648688838685693
LT3d3,onset,1,0.7042308902170493
LT3d3,pitch,0,0.5037041681034032
LT3d3,pitch,1,0.5001201634222543
LT3d3,speech,0,0.5458031618653543
LT3d3,speech,1,0.5592092201916345
LT3d3,volume,0,0.5706351942990293
LT3d3,volume,1,0.5847570086622154
LT3d3,word_gap,0,0.5261205778264757
LT3d3,word_gap,1,0.5376632536114155
LT3d3,word_head_pos,0,0.5349832293658506
LT3d3,word_head_pos,1,0.546080060186201
LT3d3,word_index,0,0.5928967154728928
LT3d3,word_index,1,0.6159477641472101
LT3d3,word_length,0,0.5131552824885321
LT3d3,word_length,1,0.5202344754082944
LT3d3,word_part_speech,0,0.540498805430919
LT3d3,word_part_speech,1,0.5359827515879028
RT1aIa7,delta_volume,0,0.6823610545123979
RT1aIa7,delta_volume,1,0.6214381994294849
RT1aIa7,face_num,0,0.4936626856002424
RT1aIa7,face_num,1,0.4849377762452588
RT1aIa7,frame_brightness,0,0.5116610764552836
RT1aIa7,frame_brightness,1,0.5001253879188741
RT1aIa7,global_flow,0,0.5309394689821636
RT1aIa7,global_flow,1,0.5104124217631631
RT1aIa7,gpt2_surprisal,0,0.583445660010658
RT1aIa7,gpt2_surprisal,1,0.5559230118178113
RT1aIa7,local_flow,0,0.510140747938936
RT1aIa7,local_flow,1,0.4893838228686666
RT1aIa7,onset,0,0.6585475707054819
RT1aIa7,onset,1,0.6591481026051645
RT1aIa7,pitch,0,0.5283846901351055
RT1aIa7,pitch,1,0.5102974828375286
RT1aIa7,speech,0,0.531519388106956
RT1aIa7,speech,1,0.541952707856598
RT1aIa7,volume,0,0.5466652038076132
RT1aIa7,volume,1,0.5218122733874592
RT1aIa7,word_gap,0,0.5100565484061914
RT1aIa7,word_gap,1,0.4958564753592524
RT1aIa7,word_head_pos,0,0.5039862909208698
RT1aIa7,word_head_pos,1,0.547798919574099
RT1aIa7,word_index,0,0.5513313358584431
RT1aIa7,word_index,1,0.5798094861213183
RT1aIa7,word_length,0,0.4928163171478428
RT1aIa7,word_length,1,0.50607608956877
RT1aIa7,word_part_speech,0,0.5245760736553815
RT1aIa7,word_part_speech,1,0.514116310238331
RT3aHa14,delta_volume,0,0.5259082787373436
RT3aHa14,delta_volume,1,0.49363656311714366
RT3aHa14,face_num,0,0.528395139128345
RT3aHa14,face_num,1,0.5068493150684932
RT3aHa14,frame_brightness,0,0.4827434876649635
RT3aHa14,frame_brightness,1,0.4953763204915206
RT3aHa14,global_flow,0,0.496541383237725
RT3aHa14,global_flow,1,0.5085942969394899
RT3aHa14,gpt2_surprisal,0,0.5242860725369112
RT3aHa14,gpt2_surprisal,1,0.5163108784468616
RT3aHa14,local_flow,0,0.5017005736497289
RT3aHa14,local_flow,1,0.4870119014032998
RT3aHa14,onset,0,0.5403786210643713
RT3aHa14,onset,1,0.5033601189625097
RT3aHa14,pitch,0,0.524058806933952
RT3aHa14,pitch,1,0.5145920190589637
RT3aHa14,speech,0,0.5405682162523641
RT3aHa14,speech,1,0.4712966155710897
RT3aHa14,volume,0,0.4761919689037961
RT3aHa14,volume,1,0.475648621255342
RT3aHa14,word_gap,0,0.5158373320235261
RT3aHa14,word_gap,1,0.4967254820468256
RT3aHa14,word_head_pos,0,0.5180401868279991
RT3aHa14,word_head_pos,1,0.5104385442462619
RT3aHa14,word_index,0,0.5073350669907852
RT3aHa14,word_index,1,0.5090451693142631
RT3aHa14,word_length,0,0.5431177706028025
RT3aHa14,word_length,1,0.5283794656384857
RT3aHa14,word_part_speech,0,0.5263970631082104
RT3aHa14,word_part_speech,1,0.5077064273643727
RT2b2,delta_volume,0,0.5721032778491792
RT2b2,delta_volume,1,0.5239281945184582
RT2b2,face_num,0,0.48612896147456197
RT2b2,face_num,1,0.486714105095974
RT2b2,frame_brightness,0,0.4462921747489629
RT2b2,frame_brightness,1,0.467665590420363
RT2b2,global_flow,0,0.562072244339258
RT2b2,global_flow,1,0.5124551999414857
RT2b2,gpt2_surprisal,0,0.5294243649624358
RT2b2,gpt2_surprisal,1,0.5275278726894663
RT2b2,local_flow,0,0.5072202543284955
RT2b2,local_flow,1,0.4787049517778962
RT2b2,onset,0,0.5788341102119019
RT2b2,onset,1,0.5635991878520975
RT2b2,pitch,0,0.5276846075880588
RT2b2,pitch,1,0.5228101522418315
RT2b2,speech,0,0.5202344754082944
RT2b2,speech,1,0.5081658882166703
RT2b2,volume,0,0.5082076841896284
RT2b2,volume,1,0.47318788334743944
RT2b2,word_gap,0,0.5093890505157366
RT2b2,word_gap,1,0.5064482815077896
RT2b2,word_head_pos,0,0.514273324765159
RT2b2,word_head_pos,1,0.5269322800748149
RT2b2,word_index,0,0.5118152524167563
RT2b2,word_index,1,0.5485753858330036
RT2b2,word_length,0,0.454588675381127
RT2b2,word_length,1,0.49141615205374967
RT2b2,word_part_speech,0,0.5234397762368159
RT2b2,word_part_speech,1,0.48669949303653637
RT1bIb8,delta_volume,0,0.6456589657586491
RT1bIb8,delta_volume,1,0.6328798470267389
RT1bIb8,face_num,0,0.4477289113193944
RT1bIb8,face_num,1,0.47225792294912394
RT1bIb8,frame_brightness,0,0.509137644587944
RT1bIb8,frame_brightness,1,0.5069120090279302
RT1bIb8,global_flow,0,0.4917191728576952
RT1bIb8,global_flow,1,0.49561664733602917
RT1bIb8,gpt2_surprisal,0,0.537470089756852
RT1bIb8,gpt2_surprisal,1,0.5371357219731879
RT1bIb8,local_flow,0,0.5129776496034607
RT1bIb8,local_flow,1,0.4669132629071189
RT1bIb8,onset,0,0.6935500014298379
RT1bIb8,onset,1,0.6798950499013412
RT1bIb8,pitch,0,0.4934380322455932
RT1bIb8,pitch,1,0.47407604777279705
RT1bIb8,speech,0,0.5599093027386811
RT1bIb8,speech,1,0.5554319091355548
RT1bIb8,volume,0,0.5398263377323596
RT1bIb8,volume,1,0.5276114646353824
RT1bIb8,word_gap,0,0.5357079885643756
RT1bIb8,word_gap,1,0.524162164204481
RT1bIb8,word_head_pos,0,0.5306259991849785
RT1bIb8,word_head_pos,1,0.5414407071878624
RT1bIb8,word_index,0,0.6188309118661315
RT1bIb8,word_index,1,0.6368929843405506
RT1bIb8,word_length,0,0.47301025046236794
RT1bIb8,word_length,1,0.49340146076925484
RT1bIb8,word_part_speech,0,0.5196521181749316
RT1bIb8,word_part_speech,1,0.4919730784919294
RT1c2,delta_volume,0,0.6410457352434092
RT1c2,delta_volume,1,0.6147926397291621
RT1c2,face_num,0,0.4768554799745045
RT1c2,face_num,1,0.518985820716174
RT1c2,frame_brightness,0,0.48780602488950187
RT1c2,frame_brightness,1,0.5436663427478763
RT1c2,global_flow,0,0.5031660449515689
RT1c2,global_flow,1,0.515422714021504
RT1c2,gpt2_surprisal,0,0.5470204695777563
RT1c2,gpt2_surprisal,1,0.5952530223712945
RT1c2,local_flow,0,0.4944306866033458
RT1c2,local_flow,1,0.4633919521854069
RT1c2,onset,0,0.6340330006577255
RT1c2,onset,1,0.6412965769681718
RT1c2,pitch,0,0.4793057688891675
RT1c2,pitch,1,0.47325580180349625
RT1c2,speech,0,0.5390635612258758
RT1c2,speech,1,0.536754333719946
RT1c2,volume,0,0.5401450320261643
RT1c2,volume,1,0.5485355735974838
RT1c2,word_gap,0,0.5154941373534339
RT1c2,word_gap,1,0.5318194984949811
RT1c2,word_head_pos,0,0.48479149033990576
RT1c2,word_head_pos,1,0.5142315287922008
RT1c2,word_index,0,0.5605461020973486
RT1c2,word_index,1,0.6257702526994178
RT1c2,word_length,0,0.5116871989383823
RT1c2,word_length,1,0.5114259741073948
RT1c2,word_part_speech,0,0.5446506613833694
RT1c2,word_part_speech,1,0.49108443563894877
LT3a9,delta_volume,0,0.5876879512658955
LT3a9,delta_volume,1,0.5511164749276407
LT3a9,face_num,0,0.49185500976980867
LT3a9,face_num,1,0.5051618026603137
LT3a9,frame_brightness,0,0.49567411679884643
LT3a9,frame_brightness,1,0.4921789285602332
LT3a9,global_flow,0,0.5526864361618757
LT3a9,global_flow,1,0.5291161196618707
LT3a9,gpt2_surprisal,0,0.5270576679936888
LT3a9,gpt2_surprisal,1,0.5009560828814144
LT3a9,local_flow,0,0.5254798700145241
LT3a9,local_flow,1,0.504085556356645
LT3a9,onset,0,0.5732076982470188
LT3a9,onset,1,0.5642783608338815
LT3a9,pitch,0,0.5119170767896513
LT3a9,pitch,1,0.5144927536231884
LT3a9,speech,0,0.49537632049152064
LT3a9,speech,1,0.5307566116004723
LT3a9,volume,0,0.5197329237327983
LT3a9,volume,1,0.51697438951757
LT3a9,word_gap,0,0.5325877507839952
LT3a9,word_gap,1,0.5222289391821262
LT3a9,word_head_pos,0,0.5009769808678934
LT3a9,word_head_pos,1,0.49806171175407243
LT3a9,word_index,0,0.5085505116173894
LT3a9,word_index,1,0.5157159816835322
LT3a9,word_length,0,0.4870119014032998
LT3a9,word_length,1,0.46925644964107704
LT3a9,word_part_speech,0,0.5146407552007459
LT3a9,word_part_speech,1,0.4758463958976749
LT2aA12,delta_volume,0,0.5828134959196681
LT2aA12,delta_volume,1,0.5323657565593555
LT2aA12,face_num,0,0.5103862992800643
LT2aA12,face_num,1,0.4965675057208238
LT2aA12,frame_brightness,0,0.493986604390667
LT2aA12,frame_brightness,1,0.48398691786046416
LT2aA12,global_flow,0,0.5184738200474384
LT2aA12,global_flow,1,0.5469943470946574
LT2aA12,gpt2_surprisal,0,0.5224914579480268
LT2aA12,gpt2_surprisal,1,0.5108878509555604
LT2aA12,local_flow,0,0.533718901183871
LT2aA12,local_flow,1,0.510731116056968
LT2aA12,onset,0,0.5409434070176442
LT2aA12,onset,1,0.5216119991992908
LT2aA12,pitch,0,0.47816944087437174
LT2aA12,pitch,1,0.4746350689111104
LT2aA12,speech,0,0.5423811165794176
LT2aA12,speech,1,0.5114311986040145
LT2aA12,volume,0,0.5133433643668432
LT2aA12,volume,1,0.49114970272614233
LT2aA12,word_gap,0,0.4781111069130112
LT2aA12,word_gap,1,0.5138789184015314
LT2aA12,word_head_pos,0,0.517287859314755
LT2aA12,word_head_pos,1,0.47218477999644737
LT2aA12,word_index,0,0.5106846062524732
LT2aA12,word_index,1,0.5473458081293459
LT2aA12,word_length,0,0.5025077583774804
LT2aA12,word_length,1,0.46468240285048534
LT2aA12,word_part_speech,0,0.46164267816560806
LT2aA12,word_part_speech,1,0.5012382728279237
LT3bHa14,delta_volume,0,0.5322455931371013
LT3bHa14,delta_volume,1,0.5248895018964923
LT3bHa14,face_num,0,0.5023353499890286
LT3bHa14,face_num,1,0.5145711210724847
LT3bHa14,frame_brightness,0,0.48579459369089784
LT3bHa14,frame_brightness,1,0.4667408545186671
LT3bHa14,global_flow,0,0.4859199816097719
LT3bHa14,global_flow,1,0.5172199408586983
LT3bHa14,gpt2_surprisal,0,0.5323030625999184
LT3bHa14,gpt2_surprisal,1,0.5309812649551215
LT3bHa14,local_flow,0,0.4998641630878865
LT3bHa14,local_flow,1,0.513390384836421
LT3bHa14,onset,0,0.5419800394635248
LT3bHa14,onset,1,0.5282893419886185
LT3bHa14,pitch,0,0.5015777979791647
LT3bHa14,pitch,1,0.5155428774437583
LT3bHa14,speech,0,0.5320836337418889
LT3bHa14,speech,1,0.5594390980429035
LT3bHa14,volume,0,0.5429767091940692
LT3bHa14,volume,1,0.513473976782337
LT3bHa14,word_gap,0,0.5034886210501127
LT3bHa14,word_gap,1,0.5182806261885871
LT3bHa14,word_head_pos,0,0.505553639906795
LT3bHa14,word_head_pos,1,0.524811134447196
LT3bHa14,word_index,0,0.5081123862287297
LT3bHa14,word_index,1,0.526047261009667
LT3bHa14,word_length,0,0.5094772368682278
LT3bHa14,word_length,1,0.46934265383530294
LT3bHa14,word_part_speech,0,0.48533010896800893
LT3bHa14,word_part_speech,1,0.475846395897675
LT2b2,delta_volume,0,0.5250514612917045
LT2b2,delta_volume,1,0.5218070488908394
LT2b2,face_num,0,0.5017266961328276
LT2b2,face_num,1,0.5141845083226231
LT2b2,frame_brightness,0,0.4825815282697512
LT2b2,frame_brightness,1,0.49422954348348536
LT2b2,global_flow,0,0.45911308945383117
LT2b2,global_flow,1,0.500125387918874
LT2b2,gpt2_surprisal,0,0.5084323375442776
LT2b2,gpt2_surprisal,1,0.5209084354722423
LT2b2,local_flow,0,0.5125701388671202
LT2b2,local_flow,1,0.5158615717375631
LT2b2,onset,0,0.5209685721639167
LT2b2,onset,1,0.5101518487803482
LT2b2,pitch,0,0.5092369100237192
LT2b2,pitch,1,0.47731001118042277
LT2b2,speech,0,0.5264986468553755
LT2b2,speech,1,0.5370573545238917
LT2b2,volume,0,0.5242050928393049
LT2b2,volume,1,0.4923983574182627
LT2b2,word_gap,0,0.5090615987204191
LT2b2,word_gap,1,0.5019458193221747
LT2b2,word_head_pos,0,0.4934119097624944
LT2b2,word_head_pos,1,0.49883493725379563
LT2b2,word_index,0,0.5049324438916841
LT2b2,word_index,1,0.5168324947707615
LT2b2,word_length,0,0.5020897986479003
LT2b2,word_length,1,0.47920127895677256
LT2b2,word_part_speech,0,0.49166715226385405
LT2b2,word_part_speech,1,0.4644542858807762
LT3cHb11,delta_volume,0,0.5239908884778952
LT3cHb11,delta_volume,1,0.49306709298559087
LT3cHb11,face_num,0,0.5000156734898592
LT3cHb11,face_num,1,0.5214361096308371
LT3cHb11,frame_brightness,0,0.45255112169942424
LT3cHb11,frame_brightness,1,0.47626511185647263
LT3cHb11,global_flow,0,0.5322664911235803
LT3cHb11,global_flow,1,0.5426371169137854
LT3cHb11,gpt2_surprisal,0,0.49711085336927785
LT3cHb11,gpt2_surprisal,1,0.5287974253680657
LT3cHb11,local_flow,0,0.5324127770289333
LT3cHb11,local_flow,1,0.5094824613648475
LT3cHb11,onset,0,0.5472132460179017
LT3cHb11,onset,1,0.5107666790585947
LT3cHb11,pitch,0,0.4910243148072683
LT3cHb11,pitch,1,0.48587818563681384
LT3cHb11,speech,0,0.5134426298026185
LT3cHb11,speech,1,0.5522397417008871
LT3cHb11,volume,0,0.5296019978475075
LT3cHb11,volume,1,0.5096966657262573
LT3cHb11,word_gap,0,0.4954030805657359
LT3cHb11,word_gap,1,0.5326381279832748
LT3cHb11,word_head_pos,0,0.5316604495156891
LT3cHb11,word_head_pos,1,0.4941224413027805
LT3cHb11,word_index,0,0.5299197241223359
LT3cHb11,word_index,1,0.5342303126236644
LT3cHb11,word_length,0,0.5107676875333061
LT3cHb11,word_length,1,0.48861582186556324
LT3cHb11,word_part_speech,0,0.5448254763708409
LT3cHb11,word_part_speech,1,0.5356913932754501
LT3d4,delta_volume,0,0.6811959917661934
LT3d4,delta_volume,1,0.6397030396121334
LT3d4,face_num,0,0.5102504623679508
LT3d4,face_num,1,0.5135471197350135
LT3d4,frame_brightness,0,0.4877276574402057
LT3d4,frame_brightness,1,0.5067291516462389
LT3d4,global_flow,0,0.5142942227516378
LT3d4,global_flow,1,0.5265038713519952
LT3d4,gpt2_surprisal,0,0.5639791856054669
LT3d4,gpt2_surprisal,1,0.5626835104437687
LT3d4,local_flow,0,0.5004127352329604
LT3d4,local_flow,1,0.4874977795889366
LT3d4,onset,0,0.6715019016843489
LT3d4,onset,1,0.7069404329549028
LT3d4,pitch,0,0.5127582207454311
LT3d4,pitch,1,0.49821844665266507
LT3d4,speech,0,0.5664242500235103
LT3d4,speech,1,0.5802534925759903
LT3d4,volume,0,0.5805042684137385
LT3d4,volume,1,0.529507956908352
LT3d4,word_gap,0,0.5283497688945983
LT3d4,word_gap,1,0.511750481731968
LT3d4,word_head_pos,0,0.5291370176483495
LT3d4,word_head_pos,1,0.5401868279991223
LT3d4,word_index,0,0.5835547515405055
LT3d4,word_index,1,0.5883458646616542
LT3d4,word_length,0,0.503939270451292
LT3d4,word_length,1,0.5139128344983961
LT3d4,word_part_speech,0,0.5231484179243634
LT3d4,word_part_speech,1,0.5333896626070742
RT1aIa8,delta_volume,0,0.6696759767196432
RT1aIa8,delta_volume,1,0.6192282373593305
RT1aIa8,face_num,0,0.4926177862762923
RT1aIa8,face_num,1,0.49093027386811283
RT1aIa8,frame_brightness,0,0.5366811907672696
RT1aIa8,frame_brightness,1,0.5241476233764877
RT1aIa8,global_flow,0,0.528729506912009
RT1aIa8,global_flow,1,0.5028891466307222
RT1aIa8,gpt2_surprisal,0,0.565358452713081
RT1aIa8,gpt2_surprisal,1,0.5467122242771909
RT1aIa8,local_flow,0,0.5167183891832022
RT1aIa8,local_flow,1,0.4749380897150559
RT1aIa8,onset,0,0.6493608624781949
RT1aIa8,onset,1,0.6412429580485575
RT1aIa8,pitch,0,0.5178103089767301
RT1aIa8,pitch,1,0.5159347146902397
RT1aIa8,speech,0,0.5136150381910702
RT1aIa8,speech,1,0.5085211539868134
RT1aIa8,volume,0,0.5503223514414386
RT1aIa8,volume,1,0.5200829650063216
RT1aIa8,word_gap,0,0.5280349113991007
RT1aIa8,word_gap,1,0.5176005339983123
RT1aIa8,word_head_pos,0,0.49083100843233757
RT1aIa8,word_head_pos,1,0.5309812649551217
RT1aIa8,word_index,0,0.5481655265984511
RT1aIa8,word_index,1,0.5746650460738312
RT1aIa8,word_length,0,0.5012643281819796
RT1aIa8,word_length,1,0.5136463851707889
RT1aIa8,word_part_speech,0,0.5165928558941786
RT1aIa8,word_part_speech,1,0.5074296369675427
RT2aA1,delta_volume,0,0.5701649896032518
RT2aA1,delta_volume,1,0.5679289050499984
RT2aA1,face_num,0,0.4784280534570494
RT2aA1,face_num,1,0.4846922249041305
RT2aA1,frame_brightness,0,0.48997419098669837
RT2aA1,frame_brightness,1,0.4834644681984891
RT2aA1,global_flow,0,0.5233587243869053
RT2aA1,global_flow,1,0.5188238613209617
RT2aA1,gpt2_surprisal,0,0.5385881320334786
RT2aA1,gpt2_surprisal,1,0.5306103256951193
RT2aA1,local_flow,0,0.5061649060113058
RT2aA1,local_flow,1,0.46839701994712807
RT2aA1,onset,0,0.5816079956532929
RT2aA1,onset,1,0.5590451542795047
RT2aA1,pitch,0,0.5133747113465618
RT2aA1,pitch,1,0.512867935174446
RT2aA1,speech,0,0.5329143287044293
RT2aA1,speech,1,0.5096600942499191
RT2aA1,volume,0,0.5015464509994462
RT2aA1,volume,1,0.5299154676446924
RT2aA1,word_gap,0,0.5476568305185073
RT2aA1,word_gap,1,0.4811211445699677
RT2aA1,word_head_pos,0,0.4871163913356948
RT2aA1,word_head_pos,1,0.4920378671515
RT2aA1,word_index,0,0.5753858330035615
RT2aA1,word_index,1,0.5783961784159647
RT2aA1,word_length,0,0.48626479838667547
RT2aA1,word_length,1,0.47064877799024063
RT2aA1,word_part_speech,0,0.48240195792785967
RT2aA1,word_part_speech,1,0.5334916380164326
RT2b3,delta_volume,0,0.5815700657241675
RT2b3,delta_volume,1,0.5560118282603471
RT2b3,face_num,0,0.49140047856389035
RT2b3,face_num,1,0.49161990742191986
RT2b3,frame_brightness,0,0.46498542365443085
RT2b3,frame_brightness,1,0.5079621328485
RT2b3,global_flow,0,0.5218592938570368
RT2b3,global_flow,1,0.5028107791814259
RT2b3,gpt2_surprisal,0,0.5319948172993532
RT2b3,gpt2_surprisal,1,0.4930305215092526
RT2b3,local_flow,0,0.48293156954327454
RT2b3,local_flow,1,0.4889554141458471
RT2b3,onset,0,0.5286539506419972
RT2b3,onset,1,0.5070705481998341
RT2b3,pitch,0,0.5411220128940577
RT2b3,pitch,1,0.48742986113287984
RT2b3,speech,0,0.4947180339174321
RT2b3,speech,1,0.5224078660021108
RT2b3,volume,0,0.5311406121020239
RT2b3,volume,1,0.5150204277817833
RT2b3,word_gap,0,0.5287842722383849
RT2b3,word_gap,1,0.5104343774007883
RT2b3,word_head_pos,0,0.5179879418618016
RT2b3,word_head_pos,1,0.5151823871769955
RT2b3,word_index,0,0.503872463112669
RT2b3,word_index,1,0.5238283679122618
RT2b3,word_length,0,0.4503359351326499
RT2b3,word_length,1,0.49754448658871714
RT2b3,word_part_speech,0,0.5284657071266243
RT2b3,word_part_speech,1,0.4932841908979663
RT3bHb4,delta_volume,0,0.49849012047689206
RT3bHb4,delta_volume,1,0.4927118272154478
RT3bHb4,face_num,0,0.48100373029058646
RT3bHb4,face_num,1,0.4801782598246659
RT3bHb4,frame_brightness,0,0.4771637252750698
RT3bHb4,frame_brightness,1,0.48982268058472567
RT3bHb4,global_flow,0,0.5077061325141322
RT3bHb4,global_flow,1,0.5208248435263263
RT3bHb4,gpt2_surprisal,0,0.5107990345130247
RT3bHb4,gpt2_surprisal,1,0.5072881727845523
RT3bHb4,local_flow,0,0.49504717720447633
RT3bHb4,local_flow,1,0.4954024429746194
RT3bHb4,onset,0,0.5104163687837799
RT3bHb4,onset,1,0.48362835654436787
RT3bHb4,pitch,0,0.5216398649990073
RT3bHb4,pitch,1,0.5311902448199116
RT3bHb4,speech,0,0.5235363572719769
RT3bHb4,speech,1,0.49597713760279194
RT3bHb4,volume,0,0.49819232416956627
RT3bHb4,volume,1,0.5136254871843098
RT3bHb4,word_gap,0,0.49150514477147644
RT3bHb4,word_gap,1,0.4968262364453848
RT3bHb4,word_head_pos,0,0.5132597724209272
RT3bHb4,word_head_pos,1,0.5084114395577987
RT3bHb4,word_index,0,0.4917180168466278
RT3bHb4,word_index,1,0.4724970320538187
RT3bHb4,word_length,0,0.4887255362945781
RT3bHb4,word_length,1,0.5070635194299029
RT3bHb4,word_part_speech,0,0.5305052153137929
RT3bHb4,word_part_speech,1,0.5038896334712429
RT1c3,delta_volume,0,0.5937170203650878
RT1c3,delta_volume,1,0.6061199753403759
RT1c3,face_num,0,0.4842220202083529
RT1c3,face_num,1,0.501238205698881
RT1c3,frame_brightness,0,0.4929155825836181
RT1c3,frame_brightness,1,0.5006948580504269
RT1c3,global_flow,0,0.49864685537548453
RT1c3,global_flow,1,0.521477905603795
RT1c3,gpt2_surprisal,0,0.5427572803360396
RT1c3,gpt2_surprisal,1,0.5764291610503327
RT1c3,local_flow,0,0.47898185009874306
RT1c3,local_flow,1,0.496123423508145
RT1c3,onset,0,0.6443635791701221
RT1c3,onset,1,0.6381366353055564
RT1c3,pitch,0,0.5094615633783686
RT1c3,pitch,1,0.505302864069047
RT1c3,speech,0,0.50377208655946
RT1c3,speech,1,0.5424124635591361
RT1c3,volume,0,0.5272666478584789
RT1c3,volume,1,0.5207725985601288
RT1c3,word_gap,0,0.5242629186030403
RT1c3,word_gap,1,0.5522474528028615
RT1c3,word_head_pos,0,0.47841237996719016
RT1c3,word_head_pos,1,0.4898017825982467
RT1c3,word_index,0,0.5885295946633501
RT1c3,word_index,1,0.6587003222341569
RT1c3,word_length,0,0.501217307712402
RT1c3,word_length,1,0.4918184382934704
RT1c3,word_part_speech,0,0.5005244449624148
RT1c3,word_part_speech,1,0.5021123477652818
LT3a10,delta_volume,0,0.5941193066048086
LT3a10,delta_volume,1,0.542182585707867
LT3a10,face_num,0,0.49006823192585397
LT3a10,face_num,1,0.5043729036707313
LT3a10,frame_brightness,0,0.48593043060301144
LT3a10,frame_brightness,1,0.48744553462273904
LT3a10,global_flow,0,0.5296646918069443
LT3a10,global_flow,1,0.5194560254119516
LT3a10,gpt2_surprisal,0,0.5331024105827403
LT3a10,gpt2_surprisal,1,0.5068858865448314
LT3a10,local_flow,0,0.5235572552584558
LT3a10,local_flow,1,0.5135000992654357
LT3a10,onset,0,0.553583173668106
LT3a10,onset,1,0.5529969401469873
LT3a10,pitch,0,0.5073874382203274
LT3a10,pitch,1,0.5160287556293951
LT3a10,speech,0,0.4964212198154708
LT3a10,speech,1,0.5295445283846902
LT3a10,volume,0,0.5261224830987534
LT3a10,volume,1,0.5403017669247567
LT3a10,word_gap,0,0.5316872583468721
LT3a10,word_gap,1,0.5265613783201724
LT3a10,word_head_pos,0,0.5225123559345057
LT3a10,word_head_pos,1,0.5000261224830987
LT3a10,word_index,0,0.5179066086268302
LT3a10,word_index,1,0.5106422070213127
LT3a10,word_length,0,0.49016749736162923
LT3a10,word_length,1,0.4812963021012926
LT3a10,word_part_speech,0,0.5056086475147136
LT3a10,word_part_speech,1,0.4875298642270264
LT2aA13,delta_volume,0,0.5515605571403195
LT2aA13,delta_volume,1,0.4962174644473005
LT2aA13,face_num,0,0.5016039204622634
LT2aA13,face_num,1,0.5175647576356018
LT2aA13,frame_brightness,0,0.4876336165010501
LT2aA13,frame_brightness,1,0.4637158709758315
LT2aA13,global_flow,0,0.5385515605571403
LT2aA13,global_flow,1,0.5420571977889931
LT2aA13,gpt2_surprisal,0,0.5426475659070249
LT2aA13,gpt2_surprisal,1,0.5088659707637169
LT2aA13,local_flow,0,0.4990386926219659
LT2aA13,local_flow,1,0.4910190903106486
LT2aA13,onset,0,0.5266092825073636
LT2aA13,onset,1,0.5049686865509452
LT2aA13,pitch,0,0.49763852752787263
LT2aA13,pitch,1,0.48886659770331126
LT2aA13,speech,0,0.5543295403487875
LT2aA13,speech,1,0.5074710301662435
LT2aA13,volume,0,0.5263523609500225
LT2aA13,volume,1,0.4878425963658401
LT2aA13,word_gap,0,0.46425737711111953
LT2aA13,word_gap,1,0.4944018337300538
LT2aA13,word_head_pos,0,0.4937671755326374
LT2aA13,word_head_pos,1,0.48495344973511806
LT2aA13,word_index,0,0.5137938832042512
LT2aA13,word_index,1,0.5327322064559896
LT2aA13,word_length,0,0.5042579647450969
LT2aA13,word_length,1,0.5051304556805952
LT2aA13,word_part_speech,0,0.4869325796864985
LT2aA13,word_part_speech,1,0.4867431967834042
LT1bIb1,delta_volume,0,0.6282666165114991
LT1bIb1,delta_volume,1,0.608949040259971
LT1bIb1,face_num,0,0.5014628590535302
LT1bIb1,face_num,1,0.5412056048399737
LT1bIb1,frame_brightness,0,0.5227265602959155
LT1bIb1,frame_brightness,1,0.4924506023844603
LT1bIb1,global_flow,0,0.5065097227882094
LT1bIb1,global_flow,1,0.5540735400144196
LT1bIb1,gpt2_surprisal,0,0.5300565290534256
LT1bIb1,gpt2_surprisal,1,0.5360751491593785
LT1bIb1,local_flow,0,0.48572145073822137
LT1bIb1,local_flow,1,0.5252970126328329
LT1bIb1,onset,0,0.6358274471674912
LT1bIb1,onset,1,0.6120921387514656
LT1bIb1,pitch,0,0.5045453120591831
LT1bIb1,pitch,1,0.4952613815658861
LT1bIb1,speech,0,0.4970168124301224
LT1bIb1,speech,1,0.553540641359205
LT1bIb1,volume,0,0.5326217568937233
LT1bIb1,volume,1,0.5154227140215041
LT1bIb1,word_gap,0,0.4910013727786804
LT1bIb1,word_gap,1,0.5001070515484691
LT1bIb1,word_head_pos,0,0.5216790487236556
LT1bIb1,word_head_pos,1,0.5116401784688045
LT1bIb1,word_index,0,0.5384702357397253
LT1bIb1,word_index,1,0.5812086607496184
LT1bIb1,word_length,0,0.49448293156954326
LT1bIb1,word_length,1,0.5083748680814603
LT1bIb1,word_part_speech,0,0.5398723850591457
LT1bIb1,word_part_speech,1,0.5
LT2b3,delta_volume,0,0.5219428858029528
LT2b3,delta_volume,1,0.5158406737510841
LT2b3,face_num,0,0.5122827915530338
LT2b3,face_num,1,0.5135732422181123
LT2b3,frame_brightness,0,0.425733780550244
LT2b3,frame_brightness,1,0.4866670846263962
LT2b3,global_flow,0,0.5557244809462607
LT2b3,global_flow,1,0.5143151207381168
LT2b3,gpt2_surprisal,0,0.5062067019842638
LT2b3,gpt2_surprisal,1,0.5095294818344253
LT2b3,local_flow,0,0.5456725494498604
LT2b3,local_flow,1,0.5016300429453622
LT2b3,onset,0,0.5447539249049158
LT2b3,onset,1,0.5456189768080301
LT2b3,pitch,0,0.48737761616668235
LT2b3,pitch,1,0.47014722631474454
LT2b3,speech,0,0.5458867538112703
LT2b3,speech,1,0.5277002810779181
LT2b3,volume,0,0.5356362914433195
LT2b3,volume,1,0.517747615017293
LT2b3,word_gap,0,0.518926084054357
LT2b3,word_gap,1,0.5194204103222881
LT2b3,word_head_pos,0,0.4950419527078566
LT2b3,word_head_pos,1,0.48423246920159246
LT2b3,word_index,0,0.4937673130193906
LT2b3,word_index,1,0.5092712985471197
LT2b3,word_length,0,0.4970481594098409
LT2b3,word_length,1,0.4764636427280232
LT2b3,word_part_speech,0,0.48291183497465184
LT2b3,word_part_speech,1,0.4523774838296137
LT3cHb12,delta_volume,0,0.5087092358651244
LT3cHb12,delta_volume,1,0.47740927661619803
LT3cHb12,face_num,0,0.5082860516389246
LT3cHb12,face_num,1,0.513787446579522
LT3cHb12,frame_brightness,0,0.448679769704189
LT3cHb12,frame_brightness,1,0.4725557192564496
LT3cHb12,global_flow,0,0.5251977471970576
LT3cHb12,global_flow,1,0.5216189670125283
LT3cHb12,gpt2_surprisal,0,0.5072777237913128
LT3cHb12,gpt2_surprisal,1,0.5412891967858898
LT3cHb12,local_flow,0,0.5444186702611205
LT3cHb12,local_flow,1,0.5061962529910242
LT3cHb12,onset,0,0.5466413108753467
LT3cHb12,onset,1,0.5410434956675914
LT3cHb12,pitch,0,0.49400227788052625
LT3cHb12,pitch,1,0.48980700709486635
LT3cHb12,speech,0,0.530573754218781
LT3cHb12,speech,1,0.5542146014231529
LT3cHb12,volume,0,0.5435514038222418
LT3cHb12,volume,1,0.5248424814269145
LT3cHb12,word_gap,0,0.5056485434692258
LT3cHb12,word_gap,1,0.5348295361519376
LT3cHb12,word_head_pos,0,0.5425953209408273
LT3cHb12,word_head_pos,1,0.5153234485857288
LT3cHb12,word_index,0,0.5202244332636101
LT3cHb12,word_index,1,0.5276160325626096
LT3cHb12,word_length,0,0.501844247306772
LT3cHb12,word_length,1,0.5087510318380825
LT3cHb12,word_part_speech,0,0.5395373229998252
LT3cHb12,word_part_speech,1,0.5214148359652702
LT3d5,delta_volume,0,0.6873870202605978
LT3d5,delta_volume,1,0.6302884967033426
LT3d5,face_num,0,0.5146494885217809
LT3d5,face_num,1,0.5027115137456506
LT3d5,frame_brightness,0,0.49692277149096686
LT3d5,frame_brightness,1,0.5287295069120089
LT3d5,global_flow,0,0.4860714920117447
LT3d5,global_flow,1,0.5203494143339289
LT3d5,gpt2_surprisal,0,0.5460487132064826
LT3d5,gpt2_surprisal,1,0.5741617295173611
LT3d5,local_flow,0,0.47888258466296774
LT3d5,local_flow,1,0.4856587567787844
LT3d5,onset,0,0.6412393834539164
LT3d5,onset,1,0.6802167634190281
LT3d5,pitch,0,0.4919594997022037
LT3d5,pitch,1,0.4874925550923168
LT3d5,speech,0,0.6008275602645685
LT3d5,speech,1,0.5817842700855773
LT3d5,volume,0,0.5899710562887266
LT3d5,volume,1,0.5251141552511416
LT3d5,word_gap,0,0.5494389239430234
LT3d5,word_gap,1,0.5337842092668859
LT3d5,word_head_pos,0,0.555280398733582
LT3d5,word_head_pos,1,0.5326113079004838
LT3d5,word_index,0,0.5834840861552377
LT3d5,word_index,1,0.5740431906834756
LT3d5,word_length,0,0.5151040197276993
LT3d5,word_length,1,0.530093100529764
LT3d5,word_part_speech,0,0.5352397878911486
LT3d5,word_part_speech,1,0.5118145795699551
RT3aHa4,delta_volume,0,0.5191059841384283
RT3aHa4,delta_volume,1,0.47825564506859763
RT3aHa4,face_num,0,0.501969635225646
RT3aHa4,face_num,1,0.4997648976521112
RT3aHa4,frame_brightness,0,0.4910817842700856
RT3aHa4,frame_brightness,1,0.4563232082588843
RT3aHa4,global_flow,0,0.5217495794280221
RT3aHa4,global_flow,1,0.4908884778951548
RT3aHa4,gpt2_surprisal,0,0.4898383540745849
RT3aHa4,gpt2_surprisal,1,0.509472012371608
RT3aHa4,local_flow,0,0.5103862992800644
RT3aHa4,local_flow,1,0.48953533327063936
RT3aHa4,onset,0,0.5285753095598958
RT3aHa4,onset,1,0.4854299522434156
RT3aHa4,pitch,0,0.47697041890013897
RT3aHa4,pitch,1,0.48509973564047104
RT3aHa4,speech,0,0.5247223180046603
RT3aHa4,speech,1,0.5375902531791061
RT3aHa4,volume,0,0.5024816358943816
RT3aHa4,volume,1,0.5160548781124938
RT3aHa4,word_gap,0,0.5245211017493483
RT3aHa4,word_gap,1,0.49510081737005834
RT3aHa4,word_head_pos,0,0.5257881153150894
RT3aHa4,word_head_pos,1,0.5196911277598404
RT3aHa4,word_index,0,0.5120979139578269
RT3aHa4,word_index,1,0.5151506586013908
RT3aHa4,word_length,0,0.4980669362506922
RT3aHa4,word_length,1,0.5284526085911622
RT3aHa4,word_part_speech,0,0.5081580327486743
RT3aHa4,word_part_speech,1,0.5239933570304761
RT2aA2,delta_volume,0,0.589041095890411
RT2aA2,delta_volume,1,0.5553692151761178
RT2aA2,face_num,0,0.5105796056549952
RT2aA2,face_num,1,0.5083069496254036
RT2aA2,frame_brightness,0,0.4779003792984546
RT2aA2,frame_brightness,1,0.4963271788763153
RT2aA2,global_flow,0,0.5046445774949583
RT2aA2,global_flow,1,0.4789348296291652
RT2aA2,gpt2_surprisal,0,0.5236460717009916
RT2aA2,gpt2_surprisal,1,0.5334002068900662
RT2aA2,local_flow,0,0.496290607399977
RT2aA2,local_flow,1,0.4488835250723593
RT2aA2,onset,0,0.5987374531728102
RT2aA2,onset,1,0.567974491692642
RT2aA2,pitch,0,0.515443612007983
RT2aA2,pitch,1,0.5083278476118825
RT2aA2,speech,0,0.5468219387062057
RT2aA2,speech,1,0.5205583941987189
RT2aA2,volume,0,0.5192313720573023
RT2aA2,volume,1,0.5479974504456495
RT2aA2,word_gap,0,0.534401329958061
RT2aA2,word_gap,1,0.49778970038160725
RT2aA2,word_head_pos,0,0.49355297117122765
RT2aA2,word_head_pos,1,0.4861550839576607
RT2aA2,word_index,0,0.5535502289558483
RT2aA2,word_index,1,0.5818163830629205
RT2aA2,word_length,0,0.46612436391753653
RT2aA2,word_length,1,0.4708055128888332
RT2aA2,word_part_speech,0,0.49434764873841847
RT2aA2,word_part_speech,1,0.4852135656430278
RT2b4,delta_volume,0,0.5371984159326249
RT2b4,delta_volume,1,0.5553953376592166
RT2b4,face_num,0,0.4896398232030344
RT2b4,face_num,1,0.4944150131134865
RT2b4,frame_brightness,0,0.46634379277556615
RT2b4,frame_brightness,1,0.4812649551215741
RT2b4,global_flow,0,0.5129776496034607
RT2b4,global_flow,1,0.5156003469065756
RT2b4,gpt2_surprisal,0,0.49634807686279425
RT2b4,gpt2_surprisal,1,0.5018599207966312
RT2b4,local_flow,0,0.5390949082055944
RT2b4,local_flow,1,0.49752881309885794
RT2b4,onset,0,0.48058280191026337
RT2b4,onset,1,0.49789813835111096
RT2b4,pitch,0,0.4815993229052381
RT2b4,pitch,1,0.5074083362068065
RT2b4,speech,0,0.494571748012079
RT2b4,speech,1,0.4992267745002769
RT2b4,volume,0,0.511358055651338
RT2b4,volume,1,0.5339122075588018
RT2b4,word_gap,0,0.5376380650117756
RT2b4,word_gap,1,0.5165740985629904
RT2b4,word_head_pos,0,0.5053028640690469
RT2b4,word_head_pos,1,0.4761919689037961
RT2b4,word_index,0,0.520379897111199
RT2b4,word_index,1,0.5408021934535586
RT2b4,word_length,0,0.4897443131354293
RT2b4,word_length,1,0.5129619761136015
RT2b4,word_part_speech,0,0.5098187751296543
RT2b4,word_part_speech,1,0.5173503875065555
RT3bHb5,delta_volume,0,0.5201404344691389
RT3bHb5,delta_volume,1,0.5049737207820026
RT3bHb5,face_num,0,0.49564276981912786
RT3bHb5,face_num,1,0.49068994702360424
RT3bHb5,frame_brightness,0,0.4591810079098879
RT3bHb5,frame_brightness,1,0.47879376822043196
RT3bHb5,global_flow,0,0.5011493892563452
RT3bHb5,global_flow,1,0.4872887997241466
RT3bHb5,gpt2_surprisal,0,0.5130455680595175
RT3bHb5,gpt2_surprisal,1,0.5698097238331087
RT3bHb5,local_flow,0,0.5046132305152399
RT3bHb5,local_flow,1,0.47333939374941225
RT3bHb5,onset,0,0.5291615430810146
RT3bHb5,onset,1,0.5095870628270754
RT3bHb5,pitch,0,0.5069433560076486
RT3bHb5,pitch,1,0.500062693959437
RT3bHb5,speech,0,0.560457874883755
RT3bHb5,speech,1,0.48616030845428043
RT3bHb5,volume,0,0.4745514769651944
RT3bHb5,volume,1,0.5107676875333063
RT3bHb5,word_gap,0,0.48499389176458735
RT3bHb5,word_gap,1,0.4917318421682347
RT3bHb5,word_head_pos,0,0.46500109714429017
RT3bHb5,word_head_pos,1,0.5055379664169357
RT3bHb5,word_index,0,0.5266973825541297
RT3bHb5,word_index,1,0.5508366781615693
RT3bHb5,word_length,0,0.48384585645173084
RT3bHb5,word_length,1,0.5026644932760729
RT3bHb5,word_part_speech,0,0.5365946040440533
RT3bHb5,word_part_speech,1,0.536448924887827
RT1c4,delta_volume,0,0.6197350135314463
RT1c4,delta_volume,1,0.6029643793820465
RT1c4,face_num,0,0.4754762128668903
RT1c4,face_num,1,0.48421679571173315
RT1c4,frame_brightness,0,0.4854706749004733
RT1c4,frame_brightness,1,0.5061022120518688
RT1c4,global_flow,0,0.5027271872355098
RT1c4,global_flow,1,0.4965257097478658
RT1c4,gpt2_surprisal,0,0.5423811165794177
RT1c4,gpt2_surprisal,1,0.5573597483882429
RT1c4,local_flow,0,0.4918341117833296
RT1c4,local_flow,1,0.5019539617357867
RT1c4,onset,0,0.6608639080328291
RT1c4,onset,1,0.642712116445995
RT1c4,pitch,0,0.504043760383687
RT1c4,pitch,1,0.46495930117133216
RT1c4,speech,0,0.5171363489127823
RT1c4,speech,1,0.5267233002100248
RT1c4,volume,0,0.5140538959071295
RT1c4,volume,1,0.5194664744051911
RT1c4,word_gap,0,0.5542751350738656
RT1c4,word_gap,1,0.5740985629903906
RT1c4,word_head_pos,0,0.488244882605561
RT1c4,word_head_pos,1,0.5078680919093445
RT1c4,word_index,0,0.5788060376505173
RT1c4,word_index,1,0.6630109107354853
RT1c4,word_length,0,0.5073456422473694
RT1c4,word_length,1,0.4904626814206452
RT1c4,word_part_speech,0,0.4884767787424976
RT1c4,word_part_speech,1,0.5177437212283666
LT2aA1,delta_volume,0,0.5820977398827623
LT2aA1,delta_volume,1,0.5141061408733268
LT2aA1,face_num,0,0.49136913158417184
LT2aA1,face_num,1,0.4790393195615603
LT2aA1,frame_brightness,0,0.4351535479556545
LT2aA1,frame_brightness,1,0.47033530819305563
LT2aA1,global_flow,0,0.5291735891246878
LT2aA1,global_flow,1,0.5007836744929626
LT2aA1,gpt2_surprisal,0,0.5088032768042798
LT2aA1,gpt2_surprisal,1,0.47307294442180503
LT2aA1,local_flow,0,0.49097729433769055
LT2aA1,local_flow,1,0.4888039037438743
LT2aA1,onset,0,0.5429880751522778
LT2aA1,onset,1,0.5537404558323086
LT2aA1,pitch,0,0.5113737291411973
LT2aA1,pitch,1,0.530051304556806
LT2aA1,speech,0,0.4786997272812764
LT2aA1,speech,1,0.4865312477142827
LT2aA1,volume,0,0.5424281370489954
LT2aA1,volume,1,0.5149420603324869
LT2aA1,word_gap,0,0.5106862633971865
LT2aA1,word_gap,1,0.49297867785040494
LT2aA1,word_head_pos,0,0.4746507424009697
LT2aA1,word_head_pos,1,0.4824143443779192
LT2aA1,word_index,0,0.5501865566171067
LT2aA1,word_index,1,0.581646786138278
LT2aA1,word_length,0,0.48882480173035325
LT2aA1,word_length,1,0.5045714345422818
LT2aA1,word_part_speech,0,0.4669162636210011
LT2aA1,word_part_speech,1,0.4914486335295146
LT2aA14,delta_volume,0,0.5446119766360512
LT2aA14,delta_volume,1,0.507021723456945
LT2aA14,face_num,0,0.5014733080467697
LT2aA14,face_num,1,0.5079229491238519
LT2aA14,frame_brightness,0,0.49638464833913254
LT2aA14,frame_brightness,1,0.4974713436360406
LT2aA14,global_flow,0,0.5125440163840214
LT2aA14,global_flow,1,0.5343876367511989
LT2aA14,gpt2_surprisal,0,0.5372506608988223
LT2aA14,gpt2_surprisal,1,0.5169378180412318
LT2aA14,local_flow,0,0.5216085180192889
LT2aA14,local_flow,1,0.49824456913576376
LT2aA14,onset,0,0.5545340158426034
LT2aA14,onset,1,0.5042394692441877
LT2aA14,pitch,0,0.5273450153077751
LT2aA14,pitch,1,0.5096914412296375
LT2aA14,speech,0,0.533233022998234
LT2aA14,speech,1,0.5282122817466537
LT2aA14,volume,0,0.5181864727333522
LT2aA14,volume,1,0.5065201717814489
LT2aA14,word_gap,0,0.5057996750670646
LT2aA14,word_gap,1,0.5287653807886551
LT2aA14,word_head_pos,0,0.5243304807581789
LT2aA14,word_head_pos,1,0.4978370583994232
LT2aA14,word_index,0,0.5085363785403358
LT2aA14,word_index,1,0.4988269546045565
LT2aA14,word_length,0,0.4990804885949238
LT2aA14,word_length,1,0.47664650010971443
LT2aA14,word_part_speech,0,0.47090787250160243
LT2aA14,word_part_speech,1,0.49184196725132573
LT1bIb2,delta_volume,0,0.632417479075891
LT1bIb2,delta_volume,1,0.5884768502554778
LT1bIb2,face_num,0,0.5085420519732924
LT1bIb2,face_num,1,0.5168803485784145
LT1bIb2,frame_brightness,0,0.5331076350793602
LT1bIb2,frame_brightness,1,0.4925289698337565
LT1bIb2,global_flow,0,0.5236408472043719
LT1bIb2,global_flow,1,0.5090279301589292
LT1bIb2,gpt2_surprisal,0,0.521059945874215
LT1bIb2,gpt2_surprisal,1,0.479149033990575
LT1bIb2,local_flow,0,0.493735828552919
LT1bIb2,local_flow,1,0.47862135983198023
LT1bIb2,onset,0,0.6286425119391461
LT1bIb2,onset,1,0.6343690125539764
LT1bIb2,pitch,0,0.5382694377396737
LT1bIb2,pitch,1,0.5202553733947735
LT1bIb2,speech,0,0.528144363290597
LT1bIb2,speech,1,0.5529450487445534
LT1bIb2,volume,0,0.5612363248800978
LT1bIb2,volume,1,0.5175386351525031
LT1bIb2,word_gap,0,0.5167882016599287
LT1bIb2,word_gap,1,0.5152328056321709
LT1bIb2,word_head_pos,0,0.5203755368170276
LT1bIb2,word_head_pos,1,0.49108178427008553
LT1bIb2,word_index,0,0.5957233308836
LT1bIb2,word_index,1,0.591031149301826
LT1bIb2,word_length,0,0.503228738911006
LT1bIb2,word_length,1,0.5038922499817142
LT1bIb2,word_part_speech,0,0.5367548511159024
LT1bIb2,word_part_speech,1,0.4781189907348057
LT2b4,delta_volume,0,0.5328046142754146
LT2b4,delta_volume,1,0.5206942311108325
LT2b4,face_num,0,0.5175543086423624
LT2b4,face_num,1,0.4995715912771804
LT2b4,frame_brightness,0,0.4527862240473131
LT2b4,frame_brightness,1,0.5197329237327983
LT2b4,global_flow,0,0.5246805220317022
LT2b4,global_flow,1,0.5403017669247567
LT2b4,gpt2_surprisal,0,0.5149681828155858
LT2b4,gpt2_surprisal,1,0.5017998390855042
LT2b4,local_flow,0,0.5210024764113977
LT2b4,local_flow,1,0.49185500976980867
LT2b4,onset,0,0.508857845520318
LT2b4,onset,1,0.5335797420572507
LT2b4,pitch,0,0.5091533180778032
LT2b4,pitch,1,0.48229940545228467
LT2b4,speech,0,0.5240953784102902
LT2b4,speech,1,0.5243566032412776
LT2b4,volume,0,0.5348108209773988
LT2b4,volume,1,0.507606867078357
LT2b4,word_gap,0,0.5201949597612121
LT2b4,word_gap,1,0.48906814775632546
LT2b4,word_head_pos,0,0.4934850527151709
LT2b4,word_head_pos,1,0.4862230024137175
LT2b4,word_index,0,0.4798886313528181
LT2b4,word_index,1,0.50999208547685
LT2b4,word_length,0,0.4830517329655288
LT2b4,word_length,1,0.46856942833557985
LT2b4,word_part_speech,0,0.4946827107977391
LT2b4,word_part_speech,1,0.4947701182914749
LT1c2,delta_volume,0,0.6036958089088117
LT1c2,delta_volume,1,0.5556513379935843
LT1c2,face_num,0,0.5272666478584789
LT1c2,face_num,1,0.5408294410833516
LT1c2,frame_brightness,0,0.4706069820172826
LT1c2,frame_brightness,1,0.4902563138041649
LT1c2,global_flow,0,0.5278988119494687
LT1c2,global_flow,1,0.5526106809608895
LT1c2,gpt2_surprisal,0,0.5237610106266261
LT1c2,gpt2_surprisal,1,0.5086935623752652
LT1c2,local_flow,0,0.4997439996656322
LT1c2,local_flow,1,0.5501812900327053
LT1c2,onset,0,0.6031270553919186
LT1c2,onset,1,0.6247890989161828
LT1c2,pitch,0,0.49954546879408174
LT1c2,pitch,1,0.5121521791375401
LT1c2,speech,0,0.5416914830256104
LT1c2,speech,1,0.5556304400071053
LT1c2,volume,0,0.5016509409318413
LT1c2,volume,1,0.4863954108021692
LT1c2,word_gap,0,0.48307326104205234
LT1c2,word_gap,1,0.4940743819347364
LT1c2,word_head_pos,0,0.5033489023332602
LT1c2,word_head_pos,1,0.45476630826619857
LT1c2,word_index,0,0.5698032675674147
LT1c2,word_index,1,0.5750325060772231
LT1c2,word_length,0,0.5250984817612823
LT1c2,word_length,1,0.49014137487853043
LT1c2,word_part_speech,0,0.5350941087349221
LT1c2,word_part_speech,1,0.5305926228075287
LT3d6,delta_volume,0,0.6606062505877559
LT3d6,delta_volume,1,0.6139671692632415
LT3d6,face_num,0,0.47733090916690174
LT3d6,face_num,1,0.4947128094208123
LT3d6,frame_brightness,0,0.4708211863786924
LT3d6,frame_brightness,1,0.49763330303125297
LT3d6,global_flow,0,0.5303491008641318
LT3d6,global_flow,1,0.5377783350574172
LT3d6,gpt2_surprisal,0,0.5591308527423383
LT3d6,gpt2_surprisal,1,0.5562208081251371
LT3d6,local_flow,0,0.5205636186953387
LT3d6,local_flow,1,0.5044669446098868
LT3d6,onset,0,0.5902656638737167
LT3d6,onset,1,0.6326889530727214
LT3d6,pitch,0,0.4928006436579836
LT3d6,pitch,1,0.4863065943596335
LT3d6,speech,0,0.5847935801385536
LT3d6,speech,1,0.5670982100874581
LT3d6,volume,0,0.5524696195521561
LT3d6,volume,1,0.5114155251141552
LT3d6,word_gap,0,0.5319139557436304
LT3d6,word_gap,1,0.5550496845127895
LT3d6,word_head_pos,0,0.5181916972299719
LT3d6,word_head_pos,1,0.5124134039685276
LT3d6,word_index,0,0.5840070100062186
LT3d6,word_index,1,0.5615354174910961
LT3d6,word_length,0,0.5143621412076946
LT3d6,word_length,1,0.4892009654869754
LT3d6,word_part_speech,0,0.564492162461395
LT3d6,word_part_speech,1,0.5020832119340365
RT3aHa5,delta_volume,0,0.5813036163965601
RT3aHa5,delta_volume,1,0.5609019570964338
RT3aHa5,face_num,0,0.5145502230860056
RT3aHa5,face_num,1,0.5068858865448314
RT3aHa5,frame_brightness,0,0.5137822220829024
RT3aHa5,frame_brightness,1,0.5402808689382779
RT3aHa5,global_flow,0,0.5408607880630701
RT3aHa5,global_flow,1,0.5131239355088137
RT3aHa5,gpt2_surprisal,0,0.5048640063529879
RT3aHa5,gpt2_surprisal,1,0.5375850286824864
RT3aHa5,local_flow,0,0.5138449160423393
RT3aHa5,local_flow,1,0.47435817059026364
RT3aHa5,onset,0,0.5716420257942748
RT3aHa5,onset,1,0.5349237896422546
RT3aHa5,pitch,0,0.5375641306960074
RT3aHa5,pitch,1,0.5334785743393624
RT3aHa5,speech,0,0.5218331713739381
RT3aHa5,speech,1,0.5191582291046257
RT3aHa5,volume,0,0.508129316740332
RT3aHa5,volume,1,0.5054961704439778
RT3aHa5,word_gap,0,0.49846349542197194
RT3aHa5,word_gap,1,0.49505044017077876
RT3aHa5,word_head_pos,0,0.5164519398555949
RT3aHa5,word_head_pos,1,0.5169169200547528
RT3aHa5,word_index,0,0.5116315224150603
RT3aHa5,word_index,1,0.5098648877833681
RT3aHa5,word_length,0,0.48593043060301144
RT3aHa5,word_length,1,0.5157832042882668
RT3aHa5,word_part_speech,0,0.4960375269506439
RT3aHa5,word_part_speech,1,0.47666219917254243
RT2aA3,delta_volume,0,0.5847935801385536
RT2aA3,delta_volume,1,0.5733728305277787
RT2aA3,face_num,0,0.5083696435848406
RT2aA3,face_num,1,0.48733059569710463
RT2aA3,frame_brightness,0,0.4678275498155753
RT2aA3,frame_brightness,1,0.5196179848071638
RT2aA3,global_flow,0,0.5276219136286219
RT2aA3,global_flow,1,0.4864084720437186
RT2aA3,gpt2_surprisal,0,0.5317283679717459
RT2aA3,gpt2_surprisal,1,0.5330710636030218
RT2aA3,local_flow,0,0.4713018400677095
RT2aA3,local_flow,1,0.4424469452368264
RT2aA3,onset,0,0.5919886184906631
RT2aA3,onset,1,0.5905301838771483
RT2aA3,pitch,0,0.5193097395065985
RT2aA3,pitch,1,0.5307566116004723
RT2aA3,speech,0,0.5391053571988339
RT2aA3,speech,1,0.5013061241549377
RT2aA3,volume,0,0.5326635528666813
RT2aA3,volume,1,0.4961181990115252
RT2aA3,word_gap,0,0.5204153600080603
RT2aA3,word_gap,1,0.5065616302061687
RT2aA3,word_head_pos,0,0.5043729036707313
RT2aA3,word_head_pos,1,0.5014785325433895
RT2aA3,word_index,0,0.5666939906156369
RT2aA3,word_index,1,0.5497201650743401
RT2aA3,word_length,0,0.494279176201373
RT2aA3,word_length,1,0.5142054063091022
RT2aA3,word_part_speech,0,0.4758755317289202
RT2aA3,word_part_speech,1,0.5057397587553173
RT2b5,delta_volume,0,0.5077479284870903
RT2b5,delta_volume,1,0.5281548122838364
RT2b5,face_num,0,0.46115586763215366
RT2b5,face_num,1,0.484786265843286
RT2b5,frame_brightness,0,0.5182909626657471
RT2b5,frame_brightness,1,0.5257306458522721
RT2b5,global_flow,0,0.47496421219815477
RT2b5,global_flow,1,0.4835689581308841
RT2b5,gpt2_surprisal,0,0.4939082369413707
RT2b5,gpt2_surprisal,1,0.513223200944589
RT2b5,local_flow,0,0.5145554475826255
RT2b5,local_flow,1,0.5014680835501499
RT2b5,onset,0,0.5515027595870629
RT2b5,onset,1,0.532214246904401
RT2b5,pitch,0,0.49226252050614927
RT2b5,pitch,1,0.48165156787143554
RT2b5,speech,0,0.5269113820883358
RT2b5,speech,1,0.4729736789860297
RT2b5,volume,0,0.4876127185145711
RT2b5,volume,1,0.5285727720134166
RT2b5,word_gap,0,0.478646364655357
RT2b5,word_gap,1,0.5150124053853226
RT2b5,word_head_pos,0,0.48584161416047567
RT2b5,word_head_pos,1,0.530970815961882
RT2b5,word_index,0,0.5337780541579512
RT2b5,word_index,1,0.4956611453445644
RT2b5,word_length,0,0.4650010971442901
RT2b5,word_length,1,0.5139755284578331
RT2b5,word_part_speech,0,0.5355748499504691
RT2b5,word_part_speech,1,0.537920284365713
RT3bHb6,delta_volume,0,0.5332277985016144
RT3bHb6,delta_volume,1,0.49836473255801805
RT3bHb6,face_num,0,0.4627441146045579
RT3bHb6,face_num,1,0.47720029675140807
RT3bHb6,frame_brightness,0,0.42903043791730666
RT3bHb6,frame_brightness,1,0.4610513776997587
RT3bHb6,global_flow,0,0.5102295643814719
RT3bHb6,global_flow,1,0.48224716048608723
RT3bHb6,gpt2_surprisal,0,0.5099369925707659
RT3bHb6,gpt2_surprisal,1,0.567207924516473
RT3bHb6,local_flow,0,0.5168751240817947
RT3bHb6,local_flow,1,0.48819786213598315
RT3bHb6,onset,0,0.532993508536132
RT3bHb6,onset,1,0.524907775458263
RT3bHb6,pitch,0,0.4998641630878865
RT3bHb6,pitch,1,0.5006635110707084
RT3bHb6,speech,0,0.5293512220097594
RT3bHb6,speech,1,0.4935686446610869
RT3bHb6,volume,0,0.4797446266052266
RT3bHb6,volume,1,0.5075389486223002
RT3bHb6,word_gap,0,0.5045087593355247
RT3bHb6,word_gap,1,0.516359995466052
RT3bHb6,word_head_pos,0,0.43503860903001995
RT3bHb6,word_head_pos,1,0.48526691953230305
RT3bHb6,word_index,0,0.5273192379444853
RT3bHb6,word_index,1,0.5591186613149415
RT3bHb6,word_length,0,0.4756695192418211
RT3bHb6,word_length,1,0.502220411063394
RT3bHb6,word_part_speech,0,0.5272711380455685
RT3bHb6,word_part_speech,1,0.5398578171435231
RT1c5,delta_volume,0,0.596731554914684
RT1c5,delta_volume,1,0.5909532616532396
RT1c5,face_num,0,0.47100926825700346
RT1c5,face_num,1,0.4879000658286574
RT1c5,frame_brightness,0,0.4948643198227851
RT1c5,frame_brightness,1,0.5091167466014649
RT1c5,global_flow,0,0.5070373969468043
RT1c5,global_flow,1,0.5183275341420854
RT1c5,gpt2_surprisal,0,0.5346645350720458
RT1c5,gpt2_surprisal,1,0.5586867705296594
RT1c5,local_flow,0,0.5034063717960774
RT1c5,local_flow,1,0.5171676958925008
RT1c5,onset,0,0.6284637822070976
RT1c5,onset,1,0.6199562469615946
RT1c5,pitch,0,0.4815888739119986
RT1c5,pitch,1,0.460518479044544
RT1c5,speech,0,0.502533880860579
RT1c5,speech,1,0.5043363321943931
RT1c5,volume,0,0.5156891633491113
RT1c5,volume,1,0.5112587902155628
RT1c5,word_gap,0,0.5448608959584892
RT1c5,word_gap,1,0.5661515598040326
RT1c5,word_head_pos,0,0.5132388744344483
RT1c5,word_head_pos,1,0.5059141301735578
RT1c5,word_index,0,0.5555005935892363
RT1c5,word_index,1,0.6315082819831535
RT1c5,word_length,0,0.539081846964045
RT1c5,word_length,1,0.517517737166024
RT1c5,word_part_speech,0,0.5048219800710914
RT1c5,word_part_speech,1,0.5333459588602063
LT2aA2,delta_volume,0,0.5675736392798554
LT2aA2,delta_volume,1,0.4995297953042224
LT2aA2,face_num,0,0.507836744929626
LT2aA2,face_num,1,0.4796558101626908
LT2aA2,frame_brightness,0,0.4921684795669937
LT2aA2,frame_brightness,1,0.482753936658203
LT2aA2,global_flow,0,0.5737071983114427
LT2aA2,global_flow,1,0.5330553901131625
LT2aA2,gpt2_surprisal,0,0.5108251569961234
LT2aA2,gpt2_surprisal,1,0.48267556920890675
LT2aA2,local_flow,0,0.506013395609333
LT2aA2,local_flow,1,0.5085028682486442
LT2aA2,onset,0,0.5699834138808659
LT2aA2,onset,1,0.5746125139409191
LT2aA2,pitch,0,0.5160601026091136
LT2aA2,pitch,1,0.509618298276961
LT2aA2,speech,0,0.51026613585781
LT2aA2,speech,1,0.4743738440801229
LT2aA2,volume,0,0.5378514780100938
LT2aA2,volume,1,0.47816682862606186
LT2aA2,word_gap,0,0.4775632548708454
LT2aA2,word_gap,1,0.5004282061938767
LT2aA2,word_head_pos,0,0.5129985475899397
LT2aA2,word_head_pos,1,0.4912463559136077
LT2aA2,word_index,0,0.591243145457629
LT2aA2,word_index,1,0.5652382836791225
LT2aA2,word_length,0,0.48884047522021257
LT2aA2,word_length,1,0.509472012371608
LT2aA2,word_part_speech,0,0.48244566167472763
LT2aA2,word_part_speech,1,0.4666686090554164
LT3bHa4,delta_volume,0,0.5361378431188155
LT3bHa4,delta_volume,1,0.5231863159984536
LT3bHa4,face_num,0,0.5147644274474155
LT3bHa4,face_num,1,0.5014158385839524
LT3bHa4,frame_brightness,0,0.4485073613157372
LT3bHa4,frame_brightness,1,0.4736842105263158
LT3bHa4,global_flow,0,0.5158250002612248
LT3bHa4,global_flow,1,0.486651411136537
LT3bHa4,gpt2_surprisal,0,0.5117289949113404
LT3bHa4,gpt2_surprisal,1,0.5135680177214925
LT3bHa4,local_flow,0,0.5479034095064941
LT3bHa4,local_flow,1,0.5071105398994806
LT3bHa4,onset,0,0.507749721181618
LT3bHa4,onset,1,0.5297263290342875
LT3bHa4,pitch,0,0.4739506598539231
LT3bHa4,pitch,1,0.480784301432557
LT3bHa4,speech,0,0.49556962686645134
LT3bHa4,speech,1,0.49824979363238353
LT3bHa4,volume,0,0.5388493568644661
LT3bHa4,volume,1,0.48345401920524966
LT3bHa4,word_gap,0,0.48779612347451545
LT3bHa4,word_gap,1,0.5246155589979975
LT3bHa4,word_head_pos,0,0.48228895645904524
LT3bHa4,word_head_pos,1,0.5012225322090217
LT3bHa4,word_index,0,0.5429786873198033
LT3bHa4,word_index,1,0.5523771835604048
LT3bHa4,word_length,0,0.5019800842188855
LT3bHa4,word_length,1,0.48791051482189696
LT3bHa4,word_part_speech,0,0.4544752636792728
LT3bHa4,word_part_speech,1,0.45058563020802983
LT1bIb3,delta_volume,0,0.6390238550515658
LT1bIb3,delta_volume,1,0.5804729214340199
LT1bIb3,face_num,0,0.5058514362141208
LT1bIb3,face_num,1,0.52074647607703
LT1bIb3,frame_brightness,0,0.4785534413759234
LT1bIb3,frame_brightness,1,0.505720823798627
LT1bIb3,global_flow,0,0.5546482346425923
LT1bIb3,global_flow,1,0.5484624306448074
LT1bIb3,gpt2_surprisal,0,0.549538676948476
LT1bIb3,gpt2_surprisal,1,0.5376163756622049
LT1bIb3,local_flow,0,0.5487079819859356
LT1bIb3,local_flow,1,0.5007575520098638
LT1bIb3,onset,0,0.6609068031685207
LT1bIb3,onset,1,0.6767637049958534
LT1bIb3,pitch,0,0.5028995956239616
LT1bIb3,pitch,1,0.4749067427353375
LT1bIb3,speech,0,0.5469055306521218
LT1bIb3,speech,1,0.5786600211069662
LT1bIb3,volume,0,0.5600346906575552
LT1bIb3,volume,1,0.5231601935153548
LT1bIb3,word_gap,0,0.5204972229568897
LT1bIb3,word_gap,1,0.5443130439163235
LT1bIb3,word_head_pos,0,0.5155428774437584
LT1bIb3,word_head_pos,1,0.49375150204277823
LT1bIb3,word_index,0,0.5881480015829046
LT1bIb3,word_index,1,0.6485951721408785
LT1bIb3,word_length,0,0.5210965173505533
LT1bIb3,word_length,1,0.46771783538656053
LT1bIb3,word_part_speech,0,0.5296020045451897
LT1bIb3,word_part_speech,1,0.5211526134840627
LT2b5,delta_volume,0,0.5093727469358327
LT2b5,delta_volume,1,0.5138710385254381
LT2b5,face_num,0,0.5053864560149629
LT2b5,face_num,1,0.5185156160203964
LT2b5,frame_brightness,0,0.45451553242845055
LT2b5,frame_brightness,1,0.49574203525490323
LT2b5,global_flow,0,0.5407510736340554
LT2b5,global_flow,1,0.5508813725797519
LT2b5,gpt2_surprisal,0,0.5133956093330407
LT2b5,gpt2_surprisal,1,0.5194978213849095
LT2b5,local_flow,0,0.5360333531864205
LT2b5,local_flow,1,0.4843944285968047
LT2b5,onset,0,0.5090651720094942
LT2b5,onset,1,0.5192956618719438
LT2b5,pitch,0,0.518505167027157
LT2b5,pitch,1,0.5035578821980502
LT2b5,speech,0,0.5432901789912541
LT2b5,speech,1,0.535918414260786
LT2b5,volume,0,0.5190119431992728
LT2b5,volume,1,0.5061178855417281
LT2b5,word_gap,0,0.5151446455334315
LT2b5,word_gap,1,0.5031233863553356
LT2b5,word_head_pos,0,0.48434218363060716
LT2b5,word_head_pos,1,0.5003813882532417
LT2b5,word_index,0,0.4681581773983833
LT2b5,word_index,1,0.4934422522471593
LT2b5,word_length,0,0.4739767823370218
LT2b5,word_length,1,0.4781093591632446
LT2b5,word_part_speech,0,0.49828098595652937
LT2b5,word_part_speech,1,0.5089301322766738
LT1c3,delta_volume,0,0.6663793193525804
LT1c3,delta_volume,1,0.6052579333981171
LT1c3,face_num,0,0.47820340010240014
LT1c3,face_num,1,0.5187925143412432
LT1c3,frame_brightness,0,0.47983344304776243
LT1c3,frame_brightness,1,0.49009957890557254
LT1c3,global_flow,0,0.5570515030876775
LT1c3,global_flow,1,0.5512732098262333
LT1c3,gpt2_surprisal,0,0.5477257766214225
LT1c3,gpt2_surprisal,1,0.5389381733070018
LT1c3,local_flow,0,0.5364774353990993
LT1c3,local_flow,1,0.5211017418471731
LT1c3,onset,0,0.5789985415653865
LT1c3,onset,1,0.6169821842203094
LT1c3,pitch,0,0.496311505386456
LT1c3,pitch,1,0.4862073289238582
LT1c3,speech,0,0.5405577672591246
LT1c3,speech,1,0.5485460225907234
LT1c3,volume,0,0.5009926543577526
LT1c3,volume,1,0.4879575352914746
LT1c3,word_gap,0,0.4786715532549968
LT1c3,word_gap,1,0.47768919786904446
LT1c3,word_head_pos,0,0.5060342935958121
LT1c3,word_head_pos,1,0.48371001953961734
LT1c3,word_index,0,0.589504776980044
LT1c3,word_index,1,0.6067612640624117
LT1c3,word_length,0,0.5011493892563452
LT1c3,word_length,1,0.4969123224977273
LT1c3,word_part_speech,0,0.493575549210419
LT1c3,word_part_speech,1,0.5397412738185421
LT3d7,delta_volume,0,0.6586052683823913
LT3d7,delta_volume,1,0.5783570003030207
LT3d7,face_num,0,0.4882553315988004
LT3d7,face_num,1,0.5074501321797644
LT3d7,frame_brightness,0,0.4671065692820497
LT3d7,frame_brightness,1,0.49663542417688056
LT3d7,global_flow,0,0.5185626364899742
LT3d7,global_flow,1,0.5243775012277567
LT3d7,gpt2_surprisal,0,0.5332173495083748
LT3d7,gpt2_surprisal,1,0.5644337168113852
LT3d7,local_flow,0,0.49108700876670536
LT3d7,local_flow,1,0.5020375536817028
LT3d7,onset,0,0.6383654093625784
LT3d7,onset,1,0.6429694872601448
LT3d7,pitch,0,0.5165668787812294
LT3d7,pitch,1,0.482565854779892
LT3d7,speech,0,0.5331180840725996
LT3d7,speech,1,0.5693186211508521
LT3d7,volume,0,0.5659853923074512
LT3d7,volume,1,0.5026749422693123
LT3d7,word_gap,0,0.5277326482034231
LT3d7,word_gap,1,0.5429843452853239
LT3d7,word_head_pos,0,0.5213995381544988
LT3d7,word_head_pos,1,0.5002246533546493
LT3d7,word_index,0,0.6100542710158856
LT3d7,word_index,1,0.5963734524280626
LT3d7,word_length,0,0.4732140058305382
LT3d7,word_length,1,0.4548394512188751
LT3d7,word_part_speech,0,0.5587524037060777
LT3d7,word_part_speech,1,0.4696258959268108
RT3aHa6,delta_volume,0,0.6129379434291506
RT3aHa6,delta_volume,1,0.5737280962979218
RT3aHa6,face_num,0,0.48860537287232375
RT3aHa6,face_num,1,0.4897286396455702
RT3aHa6,frame_brightness,0,0.48978088461176766
RT3aHa6,frame_brightness,1,0.456558310606773
RT3aHa6,global_flow,0,0.5109871163913358
RT3aHa6,global_flow,1,0.5026644932760729
RT3aHa6,gpt2_surprisal,0,0.49941485637858796
RT3aHa6,gpt2_surprisal,1,0.5504137801322843
RT3aHa6,local_flow,0,0.47839148198071113
RT3aHa6,local_flow,1,0.4717668202668672
RT3aHa6,onset,0,0.5969501558523264
RT3aHa6,onset,1,0.5650290257084846
RT3aHa6,pitch,0,0.5424647085253336
RT3aHa6,pitch,1,0.5418743404073019
RT3aHa6,speech,0,0.5301871414689194
RT3aHa6,speech,1,0.5426318924171656
RT3aHa6,volume,0,0.5133120173871247
RT3aHa6,volume,1,0.4853348379883598
RT3aHa6,word_gap,0,0.49829347237440336
RT3aHa6,word_gap,1,0.49092580697976096
RT3aHa6,word_head_pos,0,0.49636897484927334
RT3aHa6,word_head_pos,1,0.5033227798501614
RT3aHa6,word_index,0,0.529184804115552
RT3aHa6,word_index,1,0.5199417717225394
RT3aHa6,word_length,0,0.4824247933711587
RT3aHa6,word_length,1,0.498030364774354
RT3aHa6,word_part_speech,0,0.5143785327195385
RT3aHa6,word_part_speech,1,0.5140871744070858
RT2aA4,delta_volume,0,0.5842763549731984
RT2aA4,delta_volume,1,0.5578404020772598
RT2aA4,face_num,0,0.5060813140653898
RT2aA4,face_num,1,0.5158981432139014
RT2aA4,frame_brightness,0,0.4638569323845647
RT2aA4,frame_brightness,1,0.4870589218728776
RT2aA4,global_flow,0,0.5451187528081669
RT2aA4,global_flow,1,0.5179722683719423
RT2aA4,gpt2_surprisal,0,0.5412265028264527
RT2aA4,gpt2_surprisal,1,0.515171938183756
RT2aA4,local_flow,0,0.4815366289458011
RT2aA4,local_flow,1,0.4435911099965519
RT2aA4,onset,0,0.5646322457033373
RT2aA4,onset,1,0.564650118676542
RT2aA4,pitch,0,0.5028212281746653
RT2aA4,pitch,1,0.5175595331389821
RT2aA4,speech,0,0.5482064303104396
RT2aA4,speech,1,0.5032705348839639
RT2aA4,volume,0,0.5398106642425002
RT2aA4,volume,1,0.5320731847486495
RT2aA4,word_gap,0,0.5355127769171673
RT2aA4,word_gap,1,0.5372854246168184
RT2aA4,word_head_pos,0,0.5068022945989153
RT2aA4,word_head_pos,1,0.5126328328265571
RT2aA4,word_index,0,0.5361524111029453
RT2aA4,word_index,1,0.5349581660919215
RT2aA4,word_length,0,0.49630105639321653
RT2aA4,word_length,1,0.503291432870443
RT2aA4,word_part_speech,0,0.5184575490938756
RT2aA4,word_part_speech,1,0.5027970397995456
RT2b8,delta_volume,0,0.5351347397678234
RT2b8,delta_volume,1,0.5221806003991516
RT2b8,face_num,0,0.45996990689947026
RT2b8,face_num,1,0.4850056947013155
RT2b8,frame_brightness,0,0.4906481510506463
RT2b8,frame_brightness,1,0.5172356143485576
RT2b8,global_flow,0,0.4778063383592991
RT2b8,global_flow,1,0.5017084103946585
RT2b8,gpt2_surprisal,0,0.49261778627629227
RT2b8,gpt2_surprisal,1,0.519111208635048
RT2b8,local_flow,0,0.4915206419861447
RT2b8,local_flow,1,0.4956845657920859
RT2b8,onset,0,0.5444894049014841
RT2b8,onset,1,0.5117961623151934
RT2b8,pitch,0,0.498364732558018
RT2b8,pitch,1,0.4749642121981547
RT2b8,speech,0,0.5376633961317827
RT2b8,speech,1,0.5049946187684817
RT2b8,volume,0,0.4673155491468397
RT2b8,volume,1,0.5086935623752651
RT2b8,word_gap,0,0.5081359176836563
RT2b8,word_gap,1,0.540541051120263
RT2b8,word_head_pos,0,0.4673677941130372
RT2b8,word_head_pos,1,0.5076329895614557
RT2b8,word_index,0,0.5215953417378032
RT2b8,word_index,1,0.5289021425744813
RT2b8,word_length,0,0.48920096548697534
RT2b8,word_length,1,0.526989749537632
RT2b8,word_part_speech,0,0.479095041081522
RT2b8,word_part_speech,1,0.5052735854553931
RT3bHb7,delta_volume,0,0.5251768492105786
RT3bHb7,delta_volume,1,0.5108721774657011
RT3bHb7,face_num,0,0.45824582301495254
RT3bHb7,face_num,1,0.4851467561100488
RT3bHb7,frame_brightness,0,0.45021577171039573
RT3bHb7,frame_brightness,1,0.4923199899689664
RT3bHb7,global_flow,0,0.5047281694408744
RT3bHb7,global_flow,1,0.4689926125617796
RT3bHb7,gpt2_surprisal,0,0.5135836912113517
RT3bHb7,gpt2_surprisal,1,0.5502283105022832
RT3bHb7,local_flow,0,0.48826578059204
RT3bHb7,local_flow,1,0.4823464259218625
RT3bHb7,onset,0,0.5362821356058223
RT3bHb7,onset,1,0.5196745689038864
RT3bHb7,pitch,0,0.49473893190391116
RT3bHb7,pitch,1,0.4796662591559303
RT3bHb7,speech,0,0.5399465011546138
RT3bHb7,speech,1,0.49229909198248756
RT3bHb7,volume,0,0.48846953596021025
RT3bHb7,volume,1,0.5018964922729695
RT3bHb7,word_gap,0,0.5168952532083979
RT3bHb7,word_gap,1,0.5272414705104471
RT3bHb7,word_head_pos,0,0.441072902625832
RT3bHb7,word_head_pos,1,0.49578905572448095
RT3bHb7,word_index,0,0.5173695516987958
RT3bHb7,word_index,1,0.5288597433433206
RT3bHb7,word_length,0,0.4419453935613304
RT3bHb7,word_length,1,0.49180798930023095
RT3bHb7,word_part_speech,0,0.510474331332673
RT3bHb7,word_part_speech,1,0.5281015092360585
RT1c7,delta_volume,0,0.6053415253440331
RT1c7,delta_volume,1,0.6043697689727594
RT1c7,face_num,0,0.4775869095012696
RT1c7,face_num,1,0.48241956887453896
RT1c7,frame_brightness,0,0.4876492899909094
RT1c7,frame_brightness,1,0.4954808104239157
RT1c7,global_flow,0,0.4782295225854989
RT1c7,global_flow,1,0.49742954766308267
RT1c7,gpt2_surprisal,0,0.5191634536012455
RT1c7,gpt2_surprisal,1,0.5184059015913817
RT1c7,local_flow,0,0.5219376613063331
RT1c7,local_flow,1,0.4927797456715045
RT1c7,onset,0,0.6112342360376333
RT1c7,onset,1,0.5953701850210186
RT1c7,pitch,0,0.5029257181070603
RT1c7,pitch,1,0.4742118846849106
RT1c7,speech,0,0.5158772452274224
RT1c7,speech,1,0.5079830308349791
RT1c7,volume,0,0.5053603335318642
RT1c7,volume,1,0.5100676049862596
RT1c7,word_gap,0,0.5280097227994609
RT1c7,word_gap,1,0.5463596176370575
RT1c7,word_head_pos,0,0.5008515929490194
RT1c7,word_head_pos,1,0.506582865740886
RT1c7,word_index,0,0.5723896206682119
RT1c7,word_index,1,0.6280739442591441
RT1c7,word_length,0,0.5048666186012978
RT1c7,word_length,1,0.5241685213629667
RT1c7,word_part_speech,0,0.5135190256978032
RT1c7,word_part_speech,1,0.5212837247246663
