electrode,task,fold,test_auroc
LT2H1,delta_volume,0,0.5557297054428806
LT2H1,delta_volume,1,0.5720719308694607
LT2H1,face_num,0,0.5207308025871707
LT2H1,face_num,1,0.48023572928748315
LT2H1,frame_brightness,0,0.4632508907766737
LT2H1,frame_brightness,1,0.463977095806819
LT2H1,global_flow,0,0.49433142116757056
LT2H1,global_flow,1,0.5205270472190004
LT2H1,gpt2_surprisal,0,0.5042684137383363
LT2H1,gpt2_surprisal,1,0.48773810643344506
LT2H1,local_flow,0,0.4485021368191175
LT2H1,local_flow,1,0.47898707459536277
LT2H1,onset,0,0.5559106890096343
LT2H1,onset,1,0.5743268952711444
LT2H1,pitch,0,0.4782817675516963
LT2H1,pitch,1,0.49365746110362263
LT2H1,speech,0,0.4688667744414703
LT2H1,speech,1,0.5444769830122175
LT2H1,volume,0,0.5014001650940932
LT2H1,volume,1,0.5447373645549252
LT2H1,word_gap,0,0.5026446975625308
LT2H1,word_gap,1,0.49997826275976004
LT2H1,word_head_pos,0,0.5106867078357
LT2H1,word_head_pos,1,0.5014680835501499
LT2H1,word_index,0,0.522810650887574
LT2H1,word_index,1,0.498801775147929
LT2H1,word_length,0,0.5022099620701546
LT2H1,word_length,1,0.48404961181990114
LT2H1,word_part_speech,0,0.5142704820472128
LT2H1,word_part_speech,1,0.49578456655425507
LT2H13,delta_volume,0,0.6284703718796694
LT2H13,delta_volume,1,0.6366571580828188
LT2H13,face_num,0,0.5086622153955467
LT2H13,face_num,1,0.5091898895541415
LT2H13,frame_brightness,0,0.5221623146609824
LT2H13,frame_brightness,1,0.5090645016352675
LT2H13,global_flow,0,0.5013792671076142
LT2H13,global_flow,1,0.512173077124019
LT2H13,gpt2_surprisal,0,0.509660094249919
LT2H13,gpt2_surprisal,1,0.4927170517120676
LT2H13,local_flow,0,0.5136150381910703
LT2H13,local_flow,1,0.49554872887997237
LT2H13,onset,0,0.5873932697137118
LT2H13,onset,1,0.5301888802642194
LT2H13,pitch,0,0.5131970784614903
LT2H13,pitch,1,0.5370416810340324
LT2H13,speech,0,0.5254286698645747
LT2H13,speech,1,0.5381363792966369
LT2H13,volume,0,0.51655642978799
LT2H13,volume,1,0.5310857548875166
LT2H13,word_gap,0,0.49429759731037876
LT2H13,word_gap,1,0.5056879111961279
LT2H13,word_head_pos,0,0.5361639656019141
LT2H13,word_head_pos,1,0.5188029633344826
LT2H13,word_index,0,0.5070414201183432
LT2H13,word_index,1,0.5584171597633136
LT2H13,word_length,0,0.4973355067239272
LT2H13,word_length,1,0.5077009080175126
LT2H13,word_part_speech,0,0.5089020035707201
LT2H13,word_part_speech,1,0.5251934140051577
LT1A9,delta_volume,0,0.6106652873995589
LT1A9,delta_volume,1,0.5965069015600346
LT1A9,face_num,0,0.484807163829765
LT1A9,face_num,1,0.5027637587118481
LT1A9,frame_brightness,0,0.47940503432494286
LT1A9,frame_brightness,1,0.5162481844874246
LT1A9,global_flow,0,0.4785638903691629
LT1A9,global_flow,1,0.4965204852512461
LT1A9,gpt2_surprisal,0,0.4790967890243775
LT1A9,gpt2_surprisal,1,0.47075849241925544
LT1A9,local_flow,0,0.5039079234715735
LT1A9,local_flow,1,0.4803872396894559
LT1A9,onset,0,0.5746541253824027
LT1A9,onset,1,0.5606593306241724
LT1A9,pitch,0,0.5070739684231425
LT1A9,pitch,1,0.537846253513474
LT1A9,speech,0,0.530073145522487
LT1A9,speech,1,0.5204197916942729
LT1A9,volume,0,0.5090958486149859
LT1A9,volume,1,0.5405420937692653
LT1A9,word_gap,0,0.5303162043880243
LT1A9,word_gap,1,0.5327725125351419
LT1A9,word_head_pos,0,0.4929208070802379
LT1A9,word_head_pos,1,0.5171363489127823
LT1A9,word_index,0,0.5552884615384616
LT1A9,word_index,1,0.5727958579881657
LT1A9,word_length,0,0.4695150622237547
LT1A9,word_length,1,0.4842324692015924
LT1A9,word_part_speech,0,0.573956060305495
LT1A9,word_part_speech,1,0.5262224756992661
LF3aOFa7,delta_volume,0,0.557145544026833
LF3aOFa7,delta_volume,1,0.5541466829670962
LF3aOFa7,face_num,0,0.5066455597003229
LF3aOFa7,face_num,1,0.49552260639687373
LF3aOFa7,frame_brightness,0,0.5232333364680313
LF3aOFa7,frame_brightness,1,0.5461949991118356
LF3aOFa7,global_flow,0,0.4975444865887172
LF3aOFa7,global_flow,1,0.4906324775607871
LF3aOFa7,gpt2_surprisal,0,0.5057260482952468
LF3aOFa7,gpt2_surprisal,1,0.5227944787519722
LF3aOFa7,local_flow,0,0.49660930169378187
LF3aOFa7,local_flow,1,0.48881435273711377
LF3aOFa7,onset,0,0.5594873902257127
LF3aOFa7,onset,1,0.5266045690455534
LF3aOFa7,pitch,0,0.45681953543776055
LF3aOFa7,pitch,1,0.5138762630220578
LF3aOFa7,speech,0,0.5325510826067368
LF3aOFa7,speech,1,0.5140791879786925
LF3aOFa7,volume,0,0.503395922802838
LF3aOFa7,volume,1,0.5014889815366289
LF3aOFa7,word_gap,0,0.4999927542532533
LF3aOFa7,word_gap,1,0.5048256673332754
LF3aOFa7,word_head_pos,0,0.4799431574767772
LF3aOFa7,word_head_pos,1,0.4661191394209168
LF3aOFa7,word_index,0,0.4505917159763314
LF3aOFa7,word_index,1,0.5317011834319527
LF3aOFa7,word_length,0,0.5375850286824865
LF3aOFa7,word_length,1,0.5441469964368933
LF3aOFa7,word_part_speech,0,0.49985121999603255
LF3aOFa7,word_part_speech,1,0.5047733584606229
LF3cIc4,delta_volume,0,0.5477048786349434
LF3cIc4,delta_volume,1,0.5237975821029643
LF3cIc4,face_num,0,0.5609542020626312
LF3cIc4,face_num,1,0.5314305716644201
LF3cIc4,frame_brightness,0,0.49193860171572473
LF3cIc4,frame_brightness,1,0.5017031858980388
LF3cIc4,global_flow,0,0.48220014001650946
LF3cIc4,global_flow,1,0.47509482461364844
LF3cIc4,gpt2_surprisal,0,0.47229971892208183
LF3cIc4,gpt2_surprisal,1,0.4861080634880829
LF3cIc4,local_flow,0,0.5199157811144896
LF3cIc4,local_flow,1,0.4707532679226356
LF3cIc4,onset,0,0.5340395415734441
LF3cIc4,onset,1,0.5319011308463845
LF3cIc4,pitch,0,0.47771229742014354
LF3cIc4,pitch,1,0.5019382882459276
LF3cIc4,speech,0,0.5106140513608778
LF3cIc4,speech,1,0.5379773672912305
LF3cIc4,volume,0,0.4972362412881519
LF3cIc4,volume,1,0.5050364147414397
LF3cIc4,word_gap,0,0.502405587919891
LF3cIc4,word_gap,1,0.4851317276758543
LF3cIc4,word_head_pos,0,0.45873692569720903
LF3cIc4,word_head_pos,1,0.4651944035192209
LF3cIc4,word_index,0,0.4854142011834319
LF3cIc4,word_index,1,0.47968934911242606
LF3cIc4,word_length,0,0.5063973961108847
LF3cIc4,word_length,1,0.5042370667586178
LF3cIc4,word_part_speech,0,0.4803734378099582
LF3cIc4,word_part_speech,1,0.48238196786351917
LF3bOFb6,delta_volume,0,0.6031733592468366
LF3bOFb6,delta_volume,1,0.5810632895520518
LF3bOFb6,face_num,0,0.469551633700093
LF3bOFb6,face_num,1,0.4902824362872637
LF3bOFb6,frame_brightness,0,0.5431073216095629
LF3bOFb6,frame_brightness,1,0.5229094176776068
LF3bOFb6,global_flow,0,0.5082338066727271
LF3bOFb6,global_flow,1,0.4855176953700511
LF3bOFb6,gpt2_surprisal,0,0.5016875124081794
LF3bOFb6,gpt2_surprisal,1,0.488746434281057
LF3bOFb6,local_flow,0,0.48794708629823513
LF3bOFb6,local_flow,1,0.49509419767405405
LF3bOFb6,onset,0,0.541535394122034
LF3bOFb6,onset,1,0.534739661811485
LF3bOFb6,pitch,0,0.46825073404177514
LF3bOFb6,pitch,1,0.4740447007930786
LF3bOFb6,speech,0,0.5085468952905945
LF3bOFb6,speech,1,0.5458087085574961
LF3bOFb6,volume,0,0.5238289290826829
LF3bOFb6,volume,1,0.5294609364387741
LF3bOFb6,word_gap,0,0.46190910935280993
LF3bOFb6,word_gap,1,0.47817581079906096
LF3bOFb6,word_head_pos,0,0.4836238153453915
LF3bOFb6,word_head_pos,1,0.45569104416789435
LF3bOFb6,word_index,0,0.49443786982248517
LF3bOFb6,word_index,1,0.5277514792899409
LF3bOFb6,word_length,0,0.5012277567056413
LF3bOFb6,word_length,1,0.5402233994754606
LF3bOFb6,word_part_speech,0,0.5182255504860146
LF3bOFb6,word_part_speech,1,0.516179825431462
LF2b2,delta_volume,0,0.5484206346718493
LF2b2,delta_volume,1,0.5713039298663574
LF2b2,face_num,0,0.48600879805230757
LF2b2,face_num,1,0.47301025046236794
LF2b2,frame_brightness,0,0.4777331954066226
LF2b2,frame_brightness,1,0.4815679759255196
LF2b2,global_flow,0,0.4789949113402924
LF2b2,global_flow,1,0.48276961014806224
LF2b2,gpt2_surprisal,0,0.5075441731189201
LF2b2,gpt2_surprisal,1,0.5060865385620096
LF2b2,local_flow,0,0.45770769986311816
LF2b2,local_flow,1,0.4686843672612143
LF2b2,onset,0,0.544990335296714
LF2b2,onset,1,0.5175106159536095
LF2b2,pitch,0,0.4645047699654139
LF2b2,pitch,1,0.4874925550923169
LF2b2,speech,0,0.5392229613335807
LF2b2,speech,1,0.5270784194206664
LF2b2,volume,0,0.526676279740447
LF2b2,volume,1,0.5262687690041065
LF2b2,word_gap,0,0.5196432194301944
LF2b2,word_gap,1,0.5228241022519782
LF2b2,word_head_pos,0,0.47711670480549195
LF2b2,word_head_pos,1,0.49291035808699835
LF2b2,word_index,0,0.5126183431952663
LF2b2,word_index,1,0.5099852071005918
LF2b2,word_length,0,0.48107164874664327
LF2b2,word_length,1,0.48097238331086806
LF2b2,word_part_speech,0,0.5227633406070223
LF2b2,word_part_speech,1,0.4936644514977187
LF2b14,delta_volume,0,0.5903942405149265
LF2b14,delta_volume,1,0.560290690991923
LF2b14,face_num,0,0.4761397239375986
LF2b14,face_num,1,0.4518458146557579
LF2b14,frame_brightness,0,0.48507883765399207
LF2b14,frame_brightness,1,0.48053875009142877
LF2b14,global_flow,0,0.5256522784029758
LF2b14,global_flow,1,0.5036832701169243
LF2b14,gpt2_surprisal,0,0.49931559094281264
LF2b14,gpt2_surprisal,1,0.5066925801699007
LF2b14,local_flow,0,0.4924088064115022
LF2b14,local_flow,1,0.5152868771093906
LF2b14,onset,0,0.5330350212319073
LF2b14,onset,1,0.5373803327093131
LF2b14,pitch,0,0.5039915154174895
LF2b14,pitch,1,0.4979624463182972
LF2b14,speech,0,0.5068375162324755
LF2b14,speech,1,0.519505472663186
LF2b14,volume,0,0.5142263042955811
LF2b14,volume,1,0.5253858290753686
LF2b14,word_gap,0,0.5104773497956698
LF2b14,word_gap,1,0.4907689186447555
LF2b14,word_head_pos,0,0.4974661191394209
LF2b14,word_head_pos,1,0.5000470204695778
LF2b14,word_index,0,0.4982396449704142
LF2b14,word_index,1,0.4999704142011834
LF2b14,word_length,0,0.48451459201905894
LF2b14,word_length,1,0.48057009707114723
LF2b14,word_part_speech,0,0.5094227335846062
LF2b14,word_part_speech,1,0.5119643919857171
LF2c4,delta_volume,0,0.5776778157424532
LF2c4,delta_volume,1,0.5676676802190109
LF2c4,face_num,0,0.4769129494373217
LF2c4,face_num,1,0.4912646416517769
LF2c4,frame_brightness,0,0.48189189471594407
LF2c4,frame_brightness,1,0.5102661358578101
LF2c4,global_flow,0,0.5237923576063446
LF2c4,global_flow,1,0.5316395515292102
LF2c4,gpt2_surprisal,0,0.49054366111825126
LF2c4,gpt2_surprisal,1,0.48800978025767217
LF2c4,local_flow,0,0.47232061690856086
LF2c4,local_flow,1,0.4937776245258769
LF2c4,onset,0,0.5257446387531771
LF2c4,onset,1,0.47615786189367304
LF2c4,pitch,0,0.478098910170005
LF2c4,pitch,1,0.48541842993427586
LF2c4,speech,0,0.4756976651737206
LF2c4,speech,1,0.50533352768134
LF2c4,volume,0,0.5391941736413697
LF2c4,volume,1,0.5124395264516264
LF2c4,word_gap,0,0.5149189925513723
LF2c4,word_gap,1,0.49983334782482686
LF2c4,word_head_pos,0,0.4883598215311955
LF2c4,word_head_pos,1,0.47296845448940994
LF2c4,word_index,0,0.4857396449704142
LF2c4,word_index,1,0.5262573964497042
LF2c4,word_length,0,0.5258455847779067
LF2c4,word_length,1,0.5016195939521226
LF2c4,word_part_speech,0,0.5146052370561397
LF2c4,word_part_speech,1,0.5153739337433049
LF2d8,delta_volume,0,0.5404950732996876
LF2d8,delta_volume,1,0.5562939510778137
LF2d8,face_num,0,0.4823124666938341
LF2d8,face_num,1,0.5085942969394899
LF2d8,frame_brightness,0,0.5282122817466538
LF2d8,frame_brightness,1,0.4922024387950221
LF2d8,global_flow,0,0.4859513285894904
LF2d8,global_flow,1,0.4869387584506233
LF2d8,gpt2_surprisal,0,0.4931350114416477
LF2d8,gpt2_surprisal,1,0.4687000407510736
LF2d8,local_flow,0,0.45697627033635313
LF2d8,local_flow,1,0.48749255509231687
LF2d8,onset,0,0.5107985936715218
LF2d8,onset,1,0.550439097149293
LF2d8,pitch,0,0.49695934296730515
LF2d8,pitch,1,0.47051294107812713
LF2d8,speech,0,0.4937190257864469
LF2d8,speech,1,0.5432380144700926
LF2d8,volume,0,0.4739454353573034
LF2d8,volume,1,0.5021211456276188
LF2d8,word_gap,0,0.4835594006318291
LF2d8,word_gap,1,0.48258847056777676
LF2d8,word_head_pos,0,0.47826609406183707
LF2d8,word_head_pos,1,0.4904809671588143
LF2d8,word_index,0,0.5379437869822485
LF2d8,word_index,1,0.5052218934911243
LF2d8,word_length,0,0.4857423487247004
LF2d8,word_length,1,0.5004075107363406
LF2d8,word_part_speech,0,0.49208986312239644
LF2d8,word_part_speech,1,0.49825183495338227
LF2aIa12,delta_volume,0,0.531516775858646
LF2aIa12,delta_volume,1,0.5611318349477028
LF2aIa12,face_num,0,0.517016185490528
LF2aIa12,face_num,1,0.5258403602812869
LF2aIa12,frame_brightness,0,0.4946396664681358
LF2aIa12,frame_brightness,1,0.48982268058472567
LF2aIa12,global_flow,0,0.4872052077782306
LF2aIa12,global_flow,1,0.5008254704659206
LF2aIa12,gpt2_surprisal,0,0.5202762713812524
LF2aIa12,gpt2_surprisal,1,0.4904391711858562
LF2aIa12,local_flow,0,0.4819702621652404
LF2aIa12,local_flow,1,0.4952457080760269
LF2aIa12,onset,0,0.5556899989345997
LF2aIa12,onset,1,0.543529214799933
LF2aIa12,pitch,0,0.48781124938612164
LF2aIa12,pitch,1,0.5044669446098868
LF2aIa12,speech,0,0.534293589165982
LF2aIa12,speech,1,0.5452720430392494
LF2aIa12,volume,0,0.49414333928925946
LF2aIa12,volume,1,0.49680783256533234
LF2aIa12,word_gap,0,0.5224183404341651
LF2aIa12,word_gap,1,0.5198750833260877
LF2aIa12,word_head_pos,0,0.4877172084469661
LF2aIa12,word_head_pos,1,0.4965884037073028
LF2aIa12,word_index,0,0.508801775147929
LF2aIa12,word_index,1,0.5196153846153847
LF2aIa12,word_length,0,0.5470570410540945
LF2aIa12,word_length,1,0.528457833087782
LF2aIa12,word_part_speech,0,0.4597426105931363
LF2aIa12,word_part_speech,1,0.4821711961912319
LF1aCaOF8,delta_volume,0,0.556685788324295
LF1aCaOF8,delta_volume,1,0.5832366801458679
LF1aCaOF8,face_num,0,0.5048326593732694
LF1aCaOF8,face_num,1,0.5001567348985925
LF1aCaOF8,frame_brightness,0,0.5292780790570829
LF1aCaOF8,frame_brightness,1,0.522068273721827
LF1aCaOF8,global_flow,0,0.4934641547286919
LF1aCaOF8,global_flow,1,0.5013479201278956
LF1aCaOF8,gpt2_surprisal,0,0.4977325684670282
LF1aCaOF8,gpt2_surprisal,1,0.5143673657043143
LF1aCaOF8,local_flow,0,0.5061335590315874
LF1aCaOF8,local_flow,1,0.504210944275519
LF1aCaOF8,onset,0,0.5440771349862259
LF1aCaOF8,onset,1,0.5697913337290534
LF1aCaOF8,pitch,0,0.48702757489315907
LF1aCaOF8,pitch,1,0.5204486797697041
LF1aCaOF8,speech,0,0.4835886359420137
LF1aCaOF8,speech,1,0.5210359632152227
LF1aCaOF8,volume,0,0.5164989603251727
LF1aCaOF8,volume,1,0.5279510569156662
LF1aCaOF8,word_gap,0,0.4906022664695824
LF1aCaOF8,word_gap,1,0.48519693939657416
LF1aCaOF8,word_head_pos,0,0.4644055045296386
LF1aCaOF8,word_head_pos,1,0.47198624912489684
LF1aCaOF8,word_index,0,0.49637573964497045
LF1aCaOF8,word_index,1,0.522026627218935
LF1aCaOF8,word_length,0,0.48645288026498645
LF1aCaOF8,word_length,1,0.5012695526785995
LF1aCaOF8,word_part_speech,0,0.5157086887522317
LF1aCaOF8,word_part_speech,1,0.5449439595318389
LF1bIb4,delta_volume,0,0.5653062077468836
LF1bIb4,delta_volume,1,0.566951924182105
LF1bIb4,face_num,0,0.48969729266585166
LF1bIb4,face_num,1,0.4796453611694513
LF1bIb4,frame_brightness,0,0.49233043896220596
LF1bIb4,frame_brightness,1,0.5333584109171081
LF1bIb4,global_flow,0,0.5380761313647431
LF1bIb4,global_flow,1,0.5107206670637283
LF1bIb4,gpt2_surprisal,0,0.5378828249898122
LF1bIb4,gpt2_surprisal,1,0.538622091261507
LF1bIb4,local_flow,0,0.5246439505553641
LF1bIb4,local_flow,1,0.48881435273711377
LF1bIb4,onset,0,0.5649057120679422
LF1bIb4,onset,1,0.5262697289317078
LF1bIb4,pitch,0,0.5008515929490194
LF1bIb4,pitch,1,0.5222981515730959
LF1bIb4,speech,0,0.5022725465772666
LF1bIb4,speech,1,0.55173853125911
LF1bIb4,volume,0,0.4974190986698432
LF1bIb4,volume,1,0.49861550839576607
LF1bIb4,word_gap,0,0.4857476161493204
LF1bIb4,word_gap,1,0.49367446309016605
LF1bIb4,word_head_pos,0,0.48825010710218075
LF1bIb4,word_head_pos,1,0.47874152325423447
LF1bIb4,word_index,0,0.518801775147929
LF1bIb4,word_index,1,0.5042455621301776
LF1bIb4,word_length,0,0.5171676958925008
LF1bIb4,word_length,1,0.5080718472775148
LF1bIb4,word_part_speech,0,0.5187586788335649
LF1bIb4,word_part_speech,1,0.5210027772267407
LF1bIb16,delta_volume,0,0.5261486055818522
LF1bIb16,delta_volume,1,0.5606355077688265
LF1bIb16,face_num,0,0.5235990512314138
LF1bIb16,face_num,1,0.5041116788397438
LF1bIb16,frame_brightness,0,0.4995088973177434
LF1bIb16,frame_brightness,1,0.5422714021504029
LF1bIb16,global_flow,0,0.5195187193713886
LF1bIb16,global_flow,1,0.49855281443632904
LF1bIb16,gpt2_surprisal,0,0.48499002121145635
LF1bIb16,gpt2_surprisal,1,0.5045244140727041
LF1bIb16,local_flow,0,0.5144039371806527
LF1bIb16,local_flow,1,0.5245917055891665
LF1bIb16,onset,0,0.5203339269135352
LF1bIb16,onset,1,0.5190554464788518
LF1bIb16,pitch,0,0.49538676948476007
LF1bIb16,pitch,1,0.5100467069997806
LF1bIb16,speech,0,0.48795484059046457
LF1bIb16,speech,1,0.4935865157819415
LF1bIb16,volume,0,0.4965309342444855
LF1bIb16,volume,1,0.5130560170527569
LF1bIb16,word_gap,0,0.49671767672376316
LF1bIb16,word_gap,1,0.4954931455235776
LF1bIb16,word_head_pos,0,0.4726393112023657
LF1bIb16,word_head_pos,1,0.46552354680626523
LF1bIb16,word_index,0,0.5329437869822485
LF1bIb16,word_index,1,0.5429881656804734
LF1bIb16,word_length,0,0.4773831541330993
LF1bIb16,word_length,1,0.4669602833766966
LF1bIb16,word_part_speech,0,0.5188950605038682
LF1bIb16,word_part_speech,1,0.5145432453878198
RF3aOFa1,delta_volume,0,0.4839085504111679
RF3aOFa1,delta_volume,1,0.5201874549387167
RF3aOFa1,face_num,0,0.5131082620189544
RF3aOFa1,face_num,1,0.4930932154686896
RF3aOFa1,frame_brightness,0,0.505532741920316
RF3aOFa1,frame_brightness,1,0.503500412735233
RF3aOFa1,global_flow,0,0.5057364972884864
RF3aOFa1,global_flow,1,0.49178709131375187
RF3aOFa1,gpt2_surprisal,0,0.5215197015767531
RF3aOFa1,gpt2_surprisal,1,0.5137456506065641
RF3aOFa1,local_flow,0,0.5421146672518103
RF3aOFa1,local_flow,1,0.4765472346739391
RF3aOFa1,onset,0,0.553056938039359
RF3aOFa1,onset,1,0.529024549868347
RF3aOFa1,pitch,0,0.5119275257828908
RF3aOFa1,pitch,1,0.503521310721712
RF3aOFa1,speech,0,0.5094082103198792
RF3aOFa1,speech,1,0.5166167545649696
RF3aOFa1,volume,0,0.5089391137163934
RF3aOFa1,volume,1,0.48635361482921124
RF3aOFa1,word_gap,0,0.5057458771701011
RF3aOFa1,word_gap,1,0.49980436483784013
RF3aOFa1,word_head_pos,0,0.46947849074741654
RF3aOFa1,word_head_pos,1,0.4520495700239282
RF3aOFa1,word_index,0,0.5023520710059172
RF3aOFa1,word_index,1,0.5489349112426035
RF3aOFa1,word_length,0,0.5073665402338485
RF3aOFa1,word_length,1,0.4787154007711357
RF3aOFa1,word_part_speech,0,0.5009546716921246
RF3aOFa1,word_part_speech,1,0.49437115651656416
RF3aOFa13,delta_volume,0,0.5306834686477957
RF3aOFa13,delta_volume,1,0.5456150799870433
RF3aOFa13,face_num,0,0.5375850286824865
RF3aOFa13,face_num,1,0.5391262551853129
RF3aOFa13,frame_brightness,0,0.4696874706122065
RF3aOFa13,frame_brightness,1,0.42945362214350646
RF3aOFa13,global_flow,0,0.5217339059381629
RF3aOFa13,global_flow,1,0.503625800654107
RF3aOFa13,gpt2_surprisal,0,0.5172826348181353
RF3aOFa13,gpt2_surprisal,1,0.5053394355453852
RF3aOFa13,local_flow,0,0.4914474990334681
RF3aOFa13,local_flow,1,0.4932603993605216
RF3aOFa13,onset,0,0.5259653288282118
RF3aOFa13,onset,1,0.5225712676742309
RF3aOFa13,pitch,0,0.4986311818856254
RF3aOFa13,pitch,1,0.4888561487100718
RF3aOFa13,speech,0,0.5394217263403387
RF3aOFa13,speech,1,0.523202501788885
RF3aOFa13,volume,0,0.4922781939960085
RF3aOFa13,volume,1,0.5011180422766266
RF3aOFa13,word_gap,0,0.4956453062052575
RF3aOFa13,word_gap,1,0.515585601252065
RF3aOFa13,word_head_pos,0,0.49453778878405064
RF3aOFa13,word_head_pos,1,0.5004075107363406
RF3aOFa13,word_index,0,0.5295857988165681
RF3aOFa13,word_index,1,0.527189349112426
RF3aOFa13,word_length,0,0.5494289625194613
RF3aOFa13,word_length,1,0.5279876283920044
RF3aOFa13,word_part_speech,0,0.49427196984725247
RF3aOFa13,word_part_speech,1,0.5167873437809958
RF3bOFb9,delta_volume,0,0.5721085023457989
RF3bOFb9,delta_volume,1,0.5243148072683197
RF3bOFb9,face_num,0,0.5221727636542219
RF3bOFb9,face_num,1,0.4955696268664514
RF3bOFb9,frame_brightness,0,0.49327607285038083
RF3bOFb9,frame_brightness,1,0.5146860599981191
RF3bOFb9,global_flow,0,0.4988662842335141
RF3bOFb9,global_flow,1,0.5207151290973115
RF3bOFb9,gpt2_surprisal,0,0.5143255697313563
RF3bOFb9,gpt2_surprisal,1,0.5251664002173391
RF3bOFb9,local_flow,0,0.4823934463914402
RF3bOFb9,local_flow,1,0.47680845950492673
RF3bOFb9,onset,0,0.5043985814955176
RF3bOFb9,onset,1,0.5342602316484788
RF3bOFb9,pitch,0,0.5163317764333407
RF3bOFb9,pitch,1,0.5344398817173964
RF3bOFb9,speech,0,0.5248456258447513
RF3bOFb9,speech,1,0.5105742983595262
RF3bOFb9,volume,0,0.4878425963658402
RF3bOFb9,volume,1,0.5316552250190694
RF3bOFb9,word_gap,0,0.47583543459988986
RF3bOFb9,word_gap,1,0.4946236559139785
RF3bOFb9,word_head_pos,0,0.5026540442828333
RF3bOFb9,word_head_pos,1,0.5058827831938393
RF3bOFb9,word_index,0,0.5099408284023669
RF3bOFb9,word_index,1,0.5190384615384616
RF3bOFb9,word_length,0,0.4757740091742161
RF3bOFb9,word_length,1,0.49312456244840813
RF3bOFb9,word_part_speech,0,0.5508083713548899
RF3bOFb9,word_part_speech,1,0.5655499900813331
RF2I5,delta_volume,0,0.5727093194570703
RF2I5,delta_volume,1,0.5661421272060437
RF2I5,face_num,0,0.5107415650502074
RF2I5,face_num,1,0.5062798449369403
RF2I5,frame_brightness,0,0.513223200944589
RF2I5,frame_brightness,1,0.521498803590274
RF2I5,global_flow,0,0.4458846640126224
RF2I5,global_flow,1,0.4809567098210087
RF2I5,gpt2_surprisal,0,0.5103706257902051
RF2I5,gpt2_surprisal,1,0.506159681514686
RF2I5,local_flow,0,0.4749224162251967
RF2I5,local_flow,1,0.4710249417468627
RF2I5,onset,0,0.5470678660030746
RF2I5,onset,1,0.5240399981735994
RF2I5,pitch,0,0.47989613700719935
RF2I5,pitch,1,0.5166269604923566
RF2I5,speech,0,0.5385206583097023
RF2I5,speech,1,0.5345056051731906
RF2I5,volume,0,0.5095869512972425
RF2I5,volume,1,0.5022778805262114
RF2I5,word_gap,0,0.4804075007970322
RF2I5,word_gap,1,0.5273599397153871
RF2I5,word_head_pos,0,0.48395034638412593
RF2I5,word_head_pos,1,0.4781407061429632
RF2I5,word_index,0,0.49575443786982254
RF2I5,word_index,1,0.5219082840236686
RF2I5,word_length,0,0.5370312320407928
RF2I5,word_length,1,0.526467299875657
RF2I5,word_part_speech,0,0.5456010712160285
RF2I5,word_part_speech,1,0.5251438206705018
RF1aCaOF4,delta_volume,0,0.5976301683332812
RF1aCaOF4,delta_volume,1,0.5848249271182722
RF1aCaOF4,face_num,0,0.5221727636542219
RF1aCaOF4,face_num,1,0.5234475408294411
RF1aCaOF4,frame_brightness,0,0.5166609197203851
RF1aCaOF4,frame_brightness,1,0.4954390144509576
RF1aCaOF4,global_flow,0,0.4775033175553536
RF1aCaOF4,global_flow,1,0.4916982748712162
RF1aCaOF4,gpt2_surprisal,0,0.5091846650575217
RF1aCaOF4,gpt2_surprisal,1,0.5012695526785994
RF1aCaOF4,local_flow,0,0.47736225614662026
RF1aCaOF4,local_flow,1,0.46434281057020155
RF1aCaOF4,onset,0,0.5474255361246823
RF1aCaOF4,onset,1,0.5604690805594874
RF1aCaOF4,pitch,0,0.5049632717887631
RF1aCaOF4,pitch,1,0.5285362005370783
RF1aCaOF4,speech,0,0.485510031007341
RF1aCaOF4,speech,1,0.5294437230010867
RF1aCaOF4,volume,0,0.5125231183975424
RF1aCaOF4,volume,1,0.5261486055818523
RF1aCaOF4,word_gap,0,0.5140567486885198
RF1aCaOF4,word_gap,1,0.4892980320551836
RF1aCaOF4,word_head_pos,0,0.46968747061220645
RF1aCaOF4,word_head_pos,1,0.4833234067897558
RF1aCaOF4,word_index,0,0.4743786982248521
RF1aCaOF4,word_index,1,0.498801775147929
RF1aCaOF4,word_length,0,0.4731042914015235
RF1aCaOF4,word_length,1,0.49358431815094617
RF1aCaOF4,word_part_speech,0,0.5456382662170205
RF1aCaOF4,word_part_speech,1,0.5463945645705217
RF1aCaOF16,delta_volume,0,0.5633835929908153
RF1aCaOF16,delta_volume,1,0.5841979875239021
RF1aCaOF16,face_num,0,0.5228101522418315
RF1aCaOF16,face_num,1,0.495830851697439
RF1aCaOF16,frame_brightness,0,0.5205531697020992
RF1aCaOF16,frame_brightness,1,0.5093988694189315
RF1aCaOF16,global_flow,0,0.48556471583962885
RF1aCaOF16,global_flow,1,0.4822262624996082
RF1aCaOF16,gpt2_surprisal,0,0.494320972174331
RF1aCaOF16,gpt2_surprisal,1,0.5113685046445775
RF1aCaOF16,local_flow,0,0.4823255279353834
RF1aCaOF16,local_flow,1,0.46787979478177283
RF1aCaOF16,onset,0,0.5782156065933062
RF1aCaOF16,onset,1,0.5889228802337793
RF1aCaOF16,pitch,0,0.5270681169869283
RF1aCaOF16,pitch,1,0.5118230358504958
RF1aCaOF16,speech,0,0.509726234330692
RF1aCaOF16,speech,1,0.5382423873002412
RF1aCaOF16,volume,0,0.49896554966928935
RF1aCaOF16,volume,1,0.49270660271882805
RF1aCaOF16,word_gap,0,0.5122525577486016
RF1aCaOF16,word_gap,1,0.508347100252152
RF1aCaOF16,word_head_pos,0,0.4671744877381064
RF1aCaOF16,word_head_pos,1,0.4885896993824645
RF1aCaOF16,word_index,0,0.511715976331361
RF1aCaOF16,word_index,1,0.5450295857988166
RF1aCaOF16,word_length,0,0.5118909543065526
RF1aCaOF16,word_length,1,0.4796662591559303
RF1aCaOF16,word_part_speech,0,0.5253669906764531
RF1aCaOF16,word_part_speech,1,0.5166261654433645
LT2H2,delta_volume,0,0.5588957503944495
LT2H2,delta_volume,1,0.5495647994315749
LT2H2,face_num,0,0.5066142127206044
LT2H2,face_num,1,0.5123977304786684
LT2H2,frame_brightness,0,0.5186357794426507
LT2H2,frame_brightness,1,0.4969175469943471
LT2H2,global_flow,0,0.4914788460131866
LT2H2,global_flow,1,0.4986416308788648
LT2H2,gpt2_surprisal,0,0.5093309509628747
LT2H2,gpt2_surprisal,1,0.5312633877725881
LT2H2,local_flow,0,0.5029936365631171
LT2H2,local_flow,1,0.5151823871769955
LT2H2,onset,0,0.5719297444561131
LT2H2,onset,1,0.5493584767818821
LT2H2,pitch,0,0.5162481844874246
LT2H2,pitch,1,0.5224183149953503
LT2H2,speech,0,0.5076657037606339
LT2H2,speech,1,0.5164312405586622
LT2H2,volume,0,0.49543901445095767
LT2H2,volume,1,0.5245812565959269
LT2H2,word_gap,0,0.5377213575631105
LT2H2,word_gap,1,0.5168680984262238
LT2H2,word_head_pos,0,0.5196545562835021
LT2H2,word_head_pos,1,0.5069642539941277
LT2H2,word_index,0,0.4805029585798817
LT2H2,word_index,1,0.5240828402366864
LT2H2,word_length,0,0.5108930754521802
LT2H2,word_length,1,0.5027062892490308
LT2H2,word_part_speech,0,0.5154855187462806
LT2H2,word_part_speech,1,0.5031987700853005
LT2H14,delta_volume,0,0.6268925739005047
LT2H14,delta_volume,1,0.6271329007450133
LT2H14,face_num,0,0.49001076246303665
LT2H14,face_num,1,0.5134269563127593
LT2H14,frame_brightness,0,0.5077505407354002
LT2H14,frame_brightness,1,0.49270399047051816
LT2H14,global_flow,0,0.517057981463486
LT2H14,global_flow,1,0.4971630983354754
LT2H14,gpt2_surprisal,0,0.5198844341347711
LT2H14,gpt2_surprisal,1,0.48911214904443956
LT2H14,local_flow,0,0.5125283428941623
LT2H14,local_flow,1,0.4921737040636135
LT2H14,onset,0,0.5933442917370593
LT2H14,onset,1,0.520843797086891
LT2H14,pitch,0,0.5216816609719653
LT2H14,pitch,1,0.5501603920462264
LT2H14,speech,0,0.5258460763787666
LT2H14,speech,1,0.4948718628256433
LT2H14,volume,0,0.5275069747029874
LT2H14,volume,1,0.5463203870307096
LT2H14,word_gap,0,0.4995652551952004
LT2H14,word_gap,1,0.4858273193635336
LT2H14,word_head_pos,0,0.516828103612217
LT2H14,word_head_pos,1,0.5061858039977848
LT2H14,word_index,0,0.5124408284023669
LT2H14,word_index,1,0.5176479289940829
LT2H14,word_length,0,0.5008463684523996
LT2H14,word_length,1,0.5194090049423739
LT2H14,word_part_speech,0,0.5163162071017655
LT2H14,word_part_speech,1,0.5344921642531244
LT1A10,delta_volume,0,0.5901121176974599
LT1A10,delta_volume,1,0.587364032475471
LT1A10,face_num,0,0.5068649885583523
LT1A10,face_num,1,0.5097907066654128
LT1A10,frame_brightness,0,0.5287190579187695
LT1A10,frame_brightness,1,0.5125283428941622
LT1A10,global_flow,0,0.5010135523442316
LT1A10,global_flow,1,0.5064888248017304
LT1A10,gpt2_surprisal,0,0.4789661766088837
LT1A10,gpt2_surprisal,1,0.5040907808532649
LT1A10,local_flow,0,0.49997387751690126
LT1A10,local_flow,1,0.48774333093006483
LT1A10,onset,0,0.5849580688857434
LT1A10,onset,1,0.5612072508104653
LT1A10,pitch,0,0.5017031858980388
LT1A10,pitch,1,0.5073351932541299
LT1A10,speech,0,0.5476373466196698
LT1A10,speech,1,0.5399385153579095
LT1A10,volume,0,0.5106109526347136
LT1A10,volume,1,0.5348212699706384
LT1A10,word_gap,0,0.52780917601368
LT1A10,word_gap,1,0.5003767788308263
LT1A10,word_head_pos,0,0.5168960220682737
LT1A10,word_head_pos,1,0.5396173578675694
LT1A10,word_index,0,0.5773668639053254
LT1A10,word_index,1,0.5634467455621301
LT1A10,word_length,0,0.47247735180715345
LT1A10,word_length,1,0.49933126443267195
LT1A10,word_part_speech,0,0.5690835151755604
LT1A10,word_part_speech,1,0.5237552073001389
LF3aOFa8,delta_volume,0,0.5506410457352434
LF3aOFa8,delta_volume,1,0.5463726319969071
LF3aOFa8,face_num,0,0.5010501238205699
LF3aOFa8,face_num,1,0.5118857298099329
LF3aOFa8,frame_brightness,0,0.5389642957901006
LF3aOFa8,frame_brightness,1,0.562970857757855
LF3aOFa8,global_flow,0,0.4817038128376331
LF3aOFa8,global_flow,1,0.5056476808459505
LF3aOFa8,gpt2_surprisal,0,0.5120215667220462
LF3aOFa8,gpt2_surprisal,1,0.5272770968517183
LF3aOFa8,local_flow,0,0.5026540442828333
LF3aOFa8,local_flow,1,0.5028264526712851
LF3aOFa8,onset,0,0.5638479217082933
LF3aOFa8,onset,1,0.496468958799446
LF3aOFa8,pitch,0,0.48467132691765147
LF3aOFa8,pitch,1,0.5185365140068755
LF3aOFa8,speech,0,0.48579492751702746
LF3aOFa8,speech,1,0.49896642196485835
LF3aOFa8,volume,0,0.5098847476045683
LF3aOFa8,volume,1,0.5022778805262114
LF3aOFa8,word_gap,0,0.5157739906674782
LF3aOFa8,word_gap,1,0.4987754687998145
LF3aOFa8,word_head_pos,0,0.4659075473078169
LF3aOFa8,word_head_pos,1,0.48171948632749234
LF3aOFa8,word_index,0,0.46183431952662723
LF3aOFa8,word_index,1,0.5070414201183432
LF3aOFa8,word_length,0,0.5428617702684346
LF3aOFa8,word_length,1,0.5206942311108325
LF3aOFa8,word_part_speech,0,0.4714838325729022
LF3aOFa8,word_part_speech,1,0.4851839912715731
LF3cIc5,delta_volume,0,0.5212532522491458
LF3cIc5,delta_volume,1,0.5072045808386362
LF3cIc5,face_num,0,0.5234423163328212
LF3cIc5,face_num,1,0.5079098878823025
LF3cIc5,frame_brightness,0,0.5240744804238111
LF3cIc5,frame_brightness,1,0.5009926543577525
LF3cIc5,global_flow,0,0.4837570400091951
LF3cIc5,global_flow,1,0.5130403435628977
LF3cIc5,gpt2_surprisal,0,0.46217986896962476
LF3cIc5,gpt2_surprisal,1,0.48353238665454584
LF3cIc5,local_flow,0,0.4989289781929511
LF3cIc5,local_flow,1,0.478940054125785
LF3cIc5,onset,0,0.5610170007457803
LF3cIc5,onset,1,0.5446631051854558
LF3cIc5,pitch,0,0.5023457989822679
LF3cIc5,pitch,1,0.5332539209847131
LF3cIc5,speech,0,0.5155964275302786
LF3cIc5,speech,1,0.5354199242042774
LF3cIc5,volume,0,0.5071836828521572
LF3cIc5,volume,1,0.5322586543786506
LF3cIc5,word_gap,0,0.4974132684114425
LF3cIc5,word_gap,1,0.4812335159261513
LF3cIc5,word_head_pos,0,0.4825501812900327
LF3cIc5,word_head_pos,1,0.47310429140152344
LF3cIc5,word_index,0,0.530784023668639
LF3cIc5,word_index,1,0.49377218934911243
LF3cIc5,word_length,0,0.5167967566324985
LF3cIc5,word_length,1,0.49199084668192217
LF3cIc5,word_part_speech,0,0.5159318587581829
LF3cIc5,word_part_speech,1,0.4969500099186669
LF3bOFb7,delta_volume,0,0.6178071742787582
LF3bOFb7,delta_volume,1,0.6043958914558583
LF3bOFb7,face_num,0,0.4627754615842764
LF3bOFb7,face_num,1,0.47564862125534213
LF3bOFb7,frame_brightness,0,0.5199628015840674
LF3bOFb7,frame_brightness,1,0.5117864643741575
LF3bOFb7,global_flow,0,0.5097384616992153
LF3bOFb7,global_flow,1,0.5050416392380593
LF3bOFb7,gpt2_surprisal,0,0.49326562385714134
LF3bOFb7,gpt2_surprisal,1,0.47828699204831615
LF3bOFb7,local_flow,0,0.48889272018641
LF3bOFb7,local_flow,1,0.4844571225562417
LF3bOFb7,onset,0,0.5724015646165319
LF3bOFb7,onset,1,0.5497694169216018
LF3bOFb7,pitch,0,0.48673500308245304
LF3bOFb7,pitch,1,0.49828636510872176
LF3bOFb7,speech,0,0.5128203429358916
LF3bOFb7,speech,1,0.5625182201256195
LF3bOFb7,volume,0,0.5410854414177195
LF3bOFb7,volume,1,0.5278047710103132
LF3bOFb7,word_gap,0,0.47806712459786105
LF3bOFb7,word_gap,1,0.48625481842158647
LF3bOFb7,word_head_pos,0,0.4725191477801114
LF3bOFb7,word_head_pos,1,0.46420697365808805
LF3bOFb7,word_index,0,0.5123520710059172
LF3bOFb7,word_index,1,0.5214349112426035
LF3bOFb7,word_length,0,0.516953491531091
LF3bOFb7,word_length,1,0.5418273199377239
LF3bOFb7,word_part_speech,0,0.5283425907558024
LF3bOFb7,word_part_speech,1,0.5090011902400318
LF2b3,delta_volume,0,0.5531697020992028
LF2b3,delta_volume,1,0.5752066288413112
LF2b3,face_num,0,0.5025286563639593
LF2b3,face_num,1,0.4720959635539116
LF2b3,frame_brightness,0,0.4849221027553995
LF2b3,frame_brightness,1,0.5165041848217924
LF2b3,global_flow,0,0.4727281276449014
LF2b3,global_flow,1,0.47338641421899
LF2b3,gpt2_surprisal,0,0.4953606470016614
LF2b3,gpt2_surprisal,1,0.48856880139598546
LF2b3,local_flow,0,0.47813025714972357
LF2b3,local_flow,1,0.4602990501865145
LF2b3,onset,0,0.5323957810145655
LF2b3,onset,1,0.5346940017959606
LF2b3,pitch,0,0.49063247756078704
LF2b3,pitch,1,0.47984911653762163
LF2b3,speech,0,0.5283173879627913
LF2b3,speech,1,0.5287215434765324
LF2b3,volume,0,0.5335255948089401
LF2b3,volume,1,0.5197015767530798
LF2b3,word_gap,0,0.5205779207605136
LF2b3,word_gap,1,0.5438222763237979
LF2b3,word_head_pos,0,0.4844257755765232
LF2b3,word_head_pos,1,0.500313469797185
LF2b3,word_index,0,0.4801183431952663
LF2b3,word_index,1,0.5139201183431953
LF2b3,word_length,0,0.47652111219084037
LF2b3,word_length,1,0.4803611172063572
LF2b3,word_part_speech,0,0.5382488593533029
LF2b3,word_part_speech,1,0.46737998413013293
LF2e1,delta_volume,0,0.5396382558540485
LF2e1,delta_volume,1,0.5434887098628047
LF2e1,face_num,0,0.5077296427489212
LF2e1,face_num,1,0.5059454771532763
LF2e1,frame_brightness,0,0.4901518238717699
LF2e1,frame_brightness,1,0.519952352590828
LF2e1,global_flow,0,0.5000731429526766
LF2e1,global_flow,1,0.506682131176661
LF2e1,gpt2_surprisal,0,0.46674085451866715
LF2e1,gpt2_surprisal,1,0.5124499754448659
LF2e1,local_flow,0,0.5170135732422181
LF2e1,local_flow,1,0.4997126526859137
LF2e1,onset,0,0.5679649331080773
LF2e1,onset,1,0.5344885317261008
LF2e1,pitch,0,0.5123716079955697
LF2e1,pitch,1,0.5288287723477842
LF2e1,speech,0,0.5427278509527469
LF2e1,speech,1,0.5153314075212678
LF2e1,volume,0,0.534241350845846
LF2e1,volume,1,0.48012601485846845
LF2e1,word_gap,0,0.5122887864823349
LF2e1,word_gap,1,0.4950584007187781
LF2e1,word_head_pos,0,0.4992476724867559
LF2e1,word_head_pos,1,0.508886868750196
LF2e1,word_index,0,0.4693047337278107
LF2e1,word_index,1,0.4993639053254438
LF2e1,word_length,0,0.5181655747468732
LF2e1,word_length,1,0.5188447593074407
LF2e1,word_part_speech,0,0.5583589565562389
LF2e1,word_part_speech,1,0.5365254909740131
LF2c5,delta_volume,0,0.6053885458136109
LF2c5,delta_volume,1,0.5573231769119046
LF2c5,face_num,0,0.4679633867276888
LF2c5,face_num,1,0.5079516838552605
LF2c5,frame_brightness,0,0.5112117697459849
LF2c5,frame_brightness,1,0.5064679268152514
LF2c5,global_flow,0,0.5030458815293146
LF2c5,global_flow,1,0.5169064710615132
LF2c5,gpt2_surprisal,0,0.4816672413612948
LF2c5,gpt2_surprisal,1,0.46901612279656857
LF2c5,local_flow,0,0.5103915237766841
LF2c5,local_flow,1,0.4842481426914517
LF2c5,onset,0,0.5377456128335083
LF2c5,onset,1,0.5126364092963791
LF2c5,pitch,0,0.4775660115147905
LF2c5,pitch,1,0.4780362162105681
LF2c5,speech,0,0.49709140540110774
LF2c5,speech,1,0.5216123817348209
LF2c5,volume,0,0.534951882386132
LF2c5,volume,1,0.515861571737563
LF2c5,word_gap,0,0.5138176390458801
LF2c5,word_gap,1,0.48579833637654696
LF2c5,word_head_pos,0,0.47984911653762163
LF2c5,word_head_pos,1,0.49476244213869996
LF2c5,word_index,0,0.4903106508875739
LF2c5,word_index,1,0.49664201183431955
LF2c5,word_length,0,0.5254641965246648
LF2c5,word_length,1,0.5030720040124135
LF2c5,word_part_speech,0,0.5471260662566951
LF2c5,word_part_speech,1,0.5451547312041262
LF2aIa1,delta_volume,0,0.577850224130905
LF2aIa1,delta_volume,1,0.5419161363802597
LF2aIa1,face_num,0,0.4990648151050646
LF2aIa1,face_num,1,0.5192000250775838
LF2aIa1,frame_brightness,0,0.49554872887997237
LF2aIa1,frame_brightness,1,0.48706414636949735
LF2aIa1,global_flow,0,0.5037459640763613
LF2aIa1,global_flow,1,0.4974243231664629
LF2aIa1,gpt2_surprisal,0,0.5033384533400207
LF2aIa1,gpt2_surprisal,1,0.5123298120226116
LF2aIa1,local_flow,0,0.4770174393697167
LF2aIa1,local_flow,1,0.47097792127728494
LF2aIa1,onset,0,0.5405917538011964
LF2aIa1,onset,1,0.5472200660548223
LF2aIa1,pitch,0,0.5225828866388724
LF2aIa1,pitch,1,0.511378953637817
LF2aIa1,speech,0,0.4744785731322715
LF2aIa1,speech,1,0.522009911748337
LF2aIa1,volume,0,0.5301244475094825
LF2aIa1,volume,1,0.4862595738900557
LF2aIa1,word_gap,0,0.47099527577312117
LF2aIa1,word_gap,1,0.49409471640147234
LF2aIa1,word_head_pos,0,0.5080196023113173
LF2aIa1,word_head_pos,1,0.4711398806724972
LF2aIa1,word_index,0,0.5051479289940829
LF2aIa1,word_index,1,0.5464349112426036
LF2aIa1,word_length,0,0.4775033175553536
LF2aIa1,word_length,1,0.4821374460570724
LF2aIa1,word_part_speech,0,0.5319629041856775
LF2aIa1,word_part_speech,1,0.5010166633604444
LF2aIa13,delta_volume,0,0.5607870181707992
LF2aIa13,delta_volume,1,0.5760477727970911
LF2aIa13,face_num,0,0.488161290659645
LF2aIa13,face_num,1,0.4764531937347837
LF2aIa13,frame_brightness,0,0.49004210944275517
LF2aIa13,frame_brightness,1,0.5107049935738692
LF2aIa13,global_flow,0,0.5055118439338369
LF2aIa13,global_flow,1,0.49999477550338023
LF2aIa13,gpt2_surprisal,0,0.47406559877955756
LF2aIa13,gpt2_surprisal,1,0.49643689330533003
LF2aIa13,local_flow,0,0.48180307827340835
LF2aIa13,local_flow,1,0.448679769704189
LF2aIa13,onset,0,0.5362540523263777
LF2aIa13,onset,1,0.578002526520859
LF2aIa13,pitch,0,0.5130037720865595
LF2aIa13,pitch,1,0.528436935101303
LF2aIa13,speech,0,0.49201627222855326
LF2aIa13,speech,1,0.5286950414756313
LF2aIa13,volume,0,0.5188029633344827
LF2aIa13,volume,1,0.4955905248529304
LF2aIa13,word_gap,0,0.48224067472393706
LF2aIa13,word_gap,1,0.4652204156160334
LF2aIa13,word_head_pos,0,0.5104646667293606
LF2aIa13,word_head_pos,1,0.5170736549533452
LF2aIa13,word_index,0,0.5078106508875739
LF2aIa13,word_index,1,0.4917899408284023
LF2aIa13,word_length,0,0.5086569908989269
LF2aIa13,word_length,1,0.5113685046445775
LF2aIa13,word_part_speech,0,0.46992164253124385
LF2aIa13,word_part_speech,1,0.5179775838127356
LF1aCaOF9,delta_volume,0,0.5575217077834551
LF1aCaOF9,delta_volume,1,0.5823432912238906
LF1aCaOF9,face_num,0,0.52221455962718
LF1aCaOF9,face_num,1,0.5059245791667973
LF1aCaOF9,frame_brightness,0,0.5001306124154937
LF1aCaOF9,frame_brightness,1,0.4873253712004848
LF1aCaOF9,global_flow,0,0.49631150538645596
LF1aCaOF9,global_flow,1,0.49722056779829266
LF1aCaOF9,gpt2_surprisal,0,0.48865761783852135
LF1aCaOF9,gpt2_surprisal,1,0.4945665235154594
LF1aCaOF9,local_flow,0,0.48344879470862984
LF1aCaOF9,local_flow,1,0.4633867276887872
LF1aCaOF9,onset,0,0.6020881847099828
LF1aCaOF9,onset,1,0.5717547143966029
LF1aCaOF9,pitch,0,0.5042527402484771
LF1aCaOF9,pitch,1,0.4907630899762808
LF1aCaOF9,speech,0,0.5544086078498927
LF1aCaOF9,speech,1,0.5307953250470411
LF1aCaOF9,volume,0,0.5216816609719654
LF1aCaOF9,volume,1,0.5197224747395588
LF1aCaOF9,word_gap,0,0.5030287221401037
LF1aCaOF9,word_gap,1,0.4838130017679622
LF1aCaOF9,word_head_pos,0,0.5104385442462618
LF1aCaOF9,word_head_pos,1,0.5194194539356133
LF1aCaOF9,word_index,0,0.5219674556213018
LF1aCaOF9,word_index,1,0.5217603550295858
LF1aCaOF9,word_length,0,0.4889554141458471
LF1aCaOF9,word_length,1,0.4965936282039225
LF1aCaOF9,word_part_speech,0,0.5438405078357469
LF1aCaOF9,word_part_speech,1,0.5446835945248958
LF1bIb5,delta_volume,0,0.5866900724115232
LF1bIb5,delta_volume,1,0.580154227140215
LF1bIb5,face_num,0,0.49459787049517784
LF1bIb5,face_num,1,0.47929009539930834
LF1bIb5,frame_brightness,0,0.49066904903712527
LF1bIb5,frame_brightness,1,0.507314295267651
LF1bIb5,global_flow,0,0.503667596627065
LF1bIb5,global_flow,1,0.5014419610670512
LF1bIb5,gpt2_surprisal,0,0.501927839252688
LF1bIb5,gpt2_surprisal,1,0.5188499838040604
LF1bIb5,local_flow,0,0.49550170841039465
LF1bIb5,local_flow,1,0.5052976395724271
LF1bIb5,onset,0,0.5428290945618921
LF1bIb5,onset,1,0.5273199092887692
LF1bIb5,pitch,0,0.5121365056476808
LF1bIb5,pitch,1,0.5378932739830518
LF1bIb5,speech,0,0.490273765669308
LF1bIb5,speech,1,0.5014244825484323
LF1bIb5,volume,0,0.4946501154613754
LF1bIb5,volume,1,0.47748241956887455
LF1bIb5,word_gap,0,0.4724009506419731
LF1bIb5,word_gap,1,0.4776758542735414
LF1bIb5,word_head_pos,0,0.49393697167277933
LF1bIb5,word_head_pos,1,0.49238790842502334
LF1bIb5,word_index,0,0.5358431952662722
LF1bIb5,word_index,1,0.5384763313609469
LF1bIb5,word_length,0,0.47492241622519665
LF1bIb5,word_length,1,0.5142837737583984
LF1bIb5,word_part_speech,0,0.4812289228327713
LF1bIb5,word_part_speech,1,0.5077861535409641
LF1cCb1,delta_volume,0,0.584323375442776
LF1cCb1,delta_volume,1,0.5877663187151918
LF1cCb1,face_num,0,0.47865793130831846
LF1cCb1,face_num,1,0.4765315611840799
LF1cCb1,frame_brightness,0,0.5146442640251612
LF1cCb1,frame_brightness,1,0.5214204361409779
LF1cCb1,global_flow,0,0.5236147247212731
LF1cCb1,global_flow,1,0.5400405420937693
LF1cCb1,gpt2_surprisal,0,0.48496389872835755
LF1cCb1,gpt2_surprisal,1,0.48168291485115405
LF1cCb1,local_flow,0,0.5195239438680083
LF1cCb1,local_flow,1,0.5155585509336176
LF1cCb1,onset,0,0.5202426068824864
LF1cCb1,onset,1,0.5624324612270368
LF1cCb1,pitch,0,0.5041064543431241
LF1cCb1,pitch,1,0.5075546221121594
LF1cCb1,speech,0,0.4692908064558874
LF1cCb1,speech,1,0.4993308244772481
LF1cCb1,volume,0,0.5382903357261528
LF1cCb1,volume,1,0.5402704199450382
LF1cCb1,word_gap,0,0.4976306408138423
LF1cCb1,word_gap,1,0.5180708923861693
LF1cCb1,word_head_pos,0,0.4603408461594725
LF1cCb1,word_head_pos,1,0.46746705954881246
LF1cCb1,word_index,0,0.4958284023668639
LF1cCb1,word_index,1,0.5284023668639053
LF1cCb1,word_length,0,0.5428774437582939
LF1cCb1,word_length,1,0.5273502398043948
LF1cCb1,word_part_speech,0,0.5405053560801428
LF1cCb1,word_part_speech,1,0.5006819083515176
RF3aOFa2,delta_volume,0,0.5039288214580525
RF3aOFa2,delta_volume,1,0.5160496536158742
RF3aOFa2,face_num,0,0.5117133214214811
RF3aOFa2,face_num,1,0.5011023687867674
RF3aOFa2,frame_brightness,0,0.4852512460424438
RF3aOFa2,frame_brightness,1,0.4864999007345642
RF3aOFa2,global_flow,0,0.5058096402411628
RF3aOFa2,global_flow,1,0.4854027564444166
RF3aOFa2,gpt2_surprisal,0,0.5357982508385317
RF3aOFa2,gpt2_surprisal,1,0.5047647409172127
RF3aOFa2,local_flow,0,0.53813882532418
RF3aOFa2,local_flow,1,0.5068388660752536
RF3aOFa2,onset,0,0.5318630808334475
RF3aOFa2,onset,1,0.5018111806158014
RF3aOFa2,pitch,0,0.5045505365558028
RF3aOFa2,pitch,1,0.5040594338735462
RF3aOFa2,speech,0,0.5224604457636552
RF3aOFa2,speech,1,0.5081559907773037
RF3aOFa2,volume,0,0.4917609688306532
RF3aOFa2,volume,1,0.4854236544308956
RF3aOFa2,word_gap,0,0.49763064081384223
RF3aOFa2,word_gap,1,0.5142523838506796
RF3aOFa2,word_head_pos,0,0.4679215907547308
RF3aOFa2,word_head_pos,1,0.4701158793350261
RF3aOFa2,word_index,0,0.4968786982248521
RF3aOFa2,word_index,1,0.5476627218934911
RF3aOFa2,word_length,0,0.49470758492419253
RF3aOFa2,word_length,1,0.5048953533327063
RF3aOFa2,word_part_speech,0,0.5032607617536203
RF3aOFa2,word_part_speech,1,0.5040170601071216
RF3aOFa14,delta_volume,0,0.5423549940963188
RF3aOFa14,delta_volume,1,0.5477153276281831
RF3aOFa14,face_num,0,0.5548781124938612
RF3aOFa14,face_num,1,0.5274651787300294
RF3aOFa14,frame_brightness,0,0.492121459097416
RF3aOFa14,frame_brightness,1,0.5142315287922009
RF3aOFa14,global_flow,0,0.4640711367459746
RF3aOFa14,global_flow,1,0.4987565698044993
RF3aOFa14,gpt2_surprisal,0,0.5426945863766026
RF3aOFa14,gpt2_surprisal,1,0.5289907317429965
RF3aOFa14,local_flow,0,0.48852178092640774
RF3aOFa14,local_flow,1,0.499916408054084
RF3aOFa14,onset,0,0.5237432080726907
RF3aOFa14,onset,1,0.5348385918451213
RF3aOFa14,pitch,0,0.4916225196702298
RF3aOFa14,pitch,1,0.5124865469212041
RF3aOFa14,speech,0,0.5442782180054595
RF3aOFa14,speech,1,0.5121312909124639
RF3aOFa14,volume,0,0.5124499754448658
RF3aOFa14,volume,1,0.5195657398409663
RF3aOFa14,word_gap,0,0.49715966727530947
RF3aOFa14,word_gap,1,0.4928846766947802
RF3aOFa14,word_head_pos,0,0.47482837528604116
RF3aOFa14,word_head_pos,1,0.5015464509994462
RF3aOFa14,word_index,0,0.46718934911242604
RF3aOFa14,word_index,1,0.5245562130177515
RF3aOFa14,word_length,0,0.5109766673980962
RF3aOFa14,word_length,1,0.498134854706749
RF3aOFa14,word_part_speech,0,0.5211763538980361
RF3aOFa14,word_part_speech,1,0.5210151755604047
RF3bOFb10,delta_volume,0,0.5775106318506211
RF3bOFb10,delta_volume,1,0.540505522292927
RF3bOFb10,face_num,0,0.5005955926146516
RF3bOFb10,face_num,1,0.48093058733790994
RF3bOFb10,frame_brightness,0,0.4951046466672936
RF3bOFb10,frame_brightness,1,0.5188186368243419
RF3bOFb10,global_flow,0,0.46807310115670353
RF3bOFb10,global_flow,1,0.4901518238717699
RF3bOFb10,gpt2_surprisal,0,0.5009822053645132
RF3bOFb10,gpt2_surprisal,1,0.5081972351963888
RF3bOFb10,local_flow,0,0.49296260305319584
RF3bOFb10,local_flow,1,0.5074919281527225
RF3bOFb10,onset,0,0.5672648128700364
RF3bOFb10,onset,1,0.5591297201041048
RF3bOFb10,pitch,0,0.5035108617284725
RF3bOFb10,pitch,1,0.5063111919166587
RF3bOFb10,speech,0,0.509825616834071
RF3bOFb10,speech,1,0.5229176052791986
RF3bOFb10,volume,0,0.5130298945696582
RF3bOFb10,volume,1,0.5338077176264067
RF3bOFb10,word_gap,0,0.4816175405037243
RF3bOFb10,word_gap,1,0.5099121815494305
RF3bOFb10,word_head_pos,0,0.5061387835282071
RF3bOFb10,word_head_pos,1,0.5132597724209272
RF3bOFb10,word_index,0,0.5245414201183431
RF3bOFb10,word_index,1,0.5001183431952663
RF3bOFb10,word_length,0,0.4945874215019383
RF3bOFb10,word_length,1,0.522569825397323
RF3bOFb10,word_part_speech,0,0.4936892481650466
RF3bOFb10,word_part_speech,1,0.49280896647490585
RF2I6,delta_volume,0,0.55134112828229
RF2I6,delta_volume,1,0.5759171603815972
RF2I6,face_num,0,0.5411847068534947
RF2I6,face_num,1,0.5399569501478533
RF2I6,frame_brightness,0,0.5452493652236607
RF2I6,frame_brightness,1,0.513453078795858
RF2I6,global_flow,0,0.4706435534936209
RF2I6,global_flow,1,0.5072202543284955
RF2I6,gpt2_surprisal,0,0.5069276825177895
RF2I6,gpt2_surprisal,1,0.503897474478334
RF2I6,local_flow,0,0.4706435534936209
RF2I6,local_flow,1,0.47922217694325153
RF2I6,onset,0,0.5330198012267324
RF2I6,onset,1,0.5322283609576428
RF2I6,pitch,0,0.49505762619771587
RF2I6,pitch,1,0.5083435211017419
RF2I6,speech,0,0.5454575570455569
RF2I6,speech,1,0.537692470781544
RF2I6,volume,0,0.5158667962341829
RF2I6,volume,1,0.5054752724574987
RF2I6,word_gap,0,0.488290873257398
RF2I6,word_gap,1,0.49321073529837983
RF2I6,word_head_pos,0,0.49759673155491474
RF2I6,word_head_pos,1,0.5032653103873441
RF2I6,word_index,0,0.5081656804733727
RF2I6,word_index,1,0.4994822485207101
RF2I6,word_length,0,0.5034690657555144
RF2I6,word_length,1,0.4970638328997001
RF2I6,word_part_speech,0,0.5090755802420155
RF2I6,word_part_speech,1,0.5217094822455861
RF1aCaOF5,delta_volume,0,0.5789316949311933
RF1aCaOF5,delta_volume,1,0.5788898989582353
RF1aCaOF5,face_num,0,0.5220526002319676
RF1aCaOF5,face_num,1,0.5152999383509399
RF1aCaOF5,frame_brightness,0,0.5177058190443351
RF1aCaOF5,frame_brightness,1,0.4990386926219659
RF1aCaOF5,global_flow,0,0.4835271621579261
RF1aCaOF5,global_flow,1,0.4985841614160475
RF1aCaOF5,gpt2_surprisal,0,0.5327314713227381
RF1aCaOF5,gpt2_surprisal,1,0.49980669362506924
RF1aCaOF5,local_flow,0,0.4941381147926397
RF1aCaOF5,local_flow,1,0.473261026300116
RF1aCaOF5,onset,0,0.5505075871725796
RF1aCaOF5,onset,1,0.5502716770923702
RF1aCaOF5,pitch,0,0.5107102180704889
RF1aCaOF5,pitch,1,0.5344137592342979
RF1aCaOF5,speech,0,0.49299022076166754
RF1aCaOF5,speech,1,0.5269989134179631
RF1aCaOF5,volume,0,0.5305110602593439
RF1aCaOF5,volume,1,0.5208457415128053
RF1aCaOF5,word_gap,0,0.5006521172071994
RF1aCaOF5,word_gap,1,0.4821754630032171
RF1aCaOF5,word_head_pos,0,0.47026738973699883
RF1aCaOF5,word_head_pos,1,0.49785795638590224
RF1aCaOF5,word_index,0,0.47531065088757396
RF1aCaOF5,word_index,1,0.5191568047337278
RF1aCaOF5,word_length,0,0.46677220149838566
RF1aCaOF5,word_length,1,0.49092504937149306
RF1aCaOF5,word_part_speech,0,0.5494445546518547
RF1aCaOF5,word_part_speech,1,0.5319009125173577
RF1bCb1,delta_volume,0,0.5837539053112233
RF1bCb1,delta_volume,1,0.5721973187883348
RF1bCb1,face_num,0,0.4969123224977273
RF1bCb1,face_num,1,0.5009613073780341
RF1bCb1,frame_brightness,0,0.5077374794938508
RF1bCb1,frame_brightness,1,0.5209293334587213
RF1bCb1,global_flow,0,0.4646719538572459
RF1bCb1,global_flow,1,0.47588372360323083
RF1bCb1,gpt2_surprisal,0,0.49993730604056297
RF1bCb1,gpt2_surprisal,1,0.5332904924610514
RF1bCb1,local_flow,0,0.5236721941840904
RF1bCb1,local_flow,1,0.5013322466380364
RF1bCb1,onset,0,0.5522959377806188
RF1bCb1,onset,1,0.5297246701063878
RF1bCb1,pitch,0,0.4882030866326029
RF1bCb1,pitch,1,0.4956270963292687
RF1bCb1,speech,0,0.4870405215593777
RF1bCb1,speech,1,0.49265894575040414
RF1bCb1,volume,0,0.5582061168406425
RF1bCb1,volume,1,0.5284055881215844
RF1bCb1,word_gap,0,0.46872011129467
RF1bCb1,word_gap,1,0.4815885575167377
RF1bCb1,word_head_pos,0,0.5077009080175126
RF1bCb1,word_head_pos,1,0.5165094093184122
RF1bCb1,word_index,0,0.49649408284023666
RF1bCb1,word_index,1,0.4897781065088757
RF1bCb1,word_length,0,0.514544998589386
RF1bCb1,word_length,1,0.5094458898885093
RF1bCb1,word_part_speech,0,0.5243875223170006
RF1bCb1,word_part_speech,1,0.5235320372941876
LT2H3,delta_volume,0,0.54002486860391
LT2H3,delta_volume,1,0.5366028233179734
LT2H3,face_num,0,0.5183954525981422
LT2H3,face_num,1,0.5090070321724502
LT2H3,frame_brightness,0,0.5140329979206504
LT2H3,frame_brightness,1,0.5139389569814948
LT2H3,global_flow,0,0.517225165355318
LT2H3,global_flow,1,0.5285100780539795
LT2H3,gpt2_surprisal,0,0.5146024680522031
LT2H3,gpt2_surprisal,1,0.5215771710395704
LT2H3,local_flow,0,0.5028786976374826
LT2H3,local_flow,1,0.48128585310805305
LT2H3,onset,0,0.5032494711048201
LT2H3,onset,1,0.5042996514618816
LT2H3,pitch,0,0.5123768324921893
LT2H3,pitch,1,0.5299938350939887
LT2H3,speech,0,0.4500901068030636
LT2H3,speech,1,0.4762939601939946
LT2H3,volume,0,0.4985684879261883
LT2H3,volume,1,0.5384836421010837
LT2H3,word_gap,0,0.4966379735095499
LT2H3,word_gap,1,0.49776106425528216
LT2H3,word_head_pos,0,0.5063007429234193
LT2H3,word_head_pos,1,0.5154331630147435
LT2H3,word_index,0,0.5018934911242603
LT2H3,word_index,1,0.529689349112426
LT2H3,word_length,0,0.47828699204831615
LT2H3,word_length,1,0.46589971056288726
LT2H3,word_part_speech,0,0.49676403491370763
LT2H3,word_part_speech,1,0.4964292799047808
LT2H15,delta_volume,0,0.6419652466484853
LT2H15,delta_volume,1,0.6424197778544037
LT2H15,face_num,0,0.4810350772703049
LT2H15,face_num,1,0.505156578163694
LT2H15,frame_brightness,0,0.5117342194079599
LT2H15,frame_brightness,1,0.506473151311871
LT2H15,global_flow,0,0.5065567432577871
LT2H15,global_flow,1,0.5110707083372517
LT2H15,gpt2_surprisal,0,0.49762285403801343
LT2H15,gpt2_surprisal,1,0.4740447007930786
LT2H15,local_flow,0,0.5055066194372173
LT2H15,local_flow,1,0.4968757510213891
LT2H15,onset,0,0.5846688887874222
LT2H15,onset,1,0.524450938313319
LT2H15,pitch,0,0.5279197099359476
LT2H15,pitch,1,0.5466547548143736
LT2H15,speech,0,0.5198698751755757
LT2H15,speech,1,0.5029814751013701
LT2H15,volume,0,0.52263251935676
LT2H15,volume,1,0.5311484488469536
LT2H15,word_gap,0,0.5020722835695447
LT2H15,word_gap,1,0.5080210416485523
LT2H15,word_head_pos,0,0.5104176462597829
LT2H15,word_head_pos,1,0.5024555134112828
LT2H15,word_index,0,0.5072485207100592
LT2H15,word_index,1,0.5191863905325445
LT2H15,word_length,0,0.48785826985569947
LT2H15,word_length,1,0.5202292509116746
LT2H15,word_part_speech,0,0.5309214441579053
LT2H15,word_part_speech,1,0.5594748065859948
LT1A11,delta_volume,0,0.5824477811562856
LT1A11,delta_volume,1,0.5689163349111314
LT1A11,face_num,0,0.5165459807947504
LT1A11,face_num,1,0.5052349456129902
LT1A11,frame_brightness,0,0.5118387093403551
LT1A11,frame_brightness,1,0.46819848907557754
LT1A11,global_flow,0,0.5015934714690239
LT1A11,global_flow,1,0.4989028557098523
LT1A11,gpt2_surprisal,0,0.47140633000010457
LT1A11,gpt2_surprisal,1,0.48472879638046873
LT1A11,local_flow,0,0.5131343845020533
LT1A11,local_flow,1,0.48860014837570404
LT1A11,onset,0,0.5539853583550218
LT1A11,onset,1,0.5466721458685295
LT1A11,pitch,0,0.5066403352037032
LT1A11,pitch,1,0.5200777405097018
LT1A11,speech,0,0.5102231468475869
LT1A11,speech,1,0.5303447910317229
LT1A11,volume,0,0.5108878509555603
LT1A11,volume,1,0.5253701555855093
LT1A11,word_gap,0,0.5261861287424282
LT1A11,word_gap,1,0.5251789699446425
LT1A11,word_head_pos,0,0.5120476892051451
LT1A11,word_head_pos,1,0.5053707825251037
LT1A11,word_index,0,0.5418934911242603
LT1A11,word_index,1,0.5665088757396449
LT1A11,word_length,0,0.500334367783664
LT1A11,word_length,1,0.46894559209220193
LT1A11,word_part_speech,0,0.5349261059313628
LT1A11,word_part_speech,1,0.5199985121999603
LF3aOFa9,delta_volume,0,0.5763507936010366
LF3aOFa9,delta_volume,1,0.5854361932227831
LF3aOFa9,face_num,0,0.49600848458251046
LF3aOFa9,face_num,1,0.49683917954505086
LF3aOFa9,frame_brightness,0,0.5239020720353593
LF3aOFa9,frame_brightness,1,0.4918184382934704
LF3aOFa9,global_flow,0,0.5103654012935854
LF3aOFa9,global_flow,1,0.5189544737364555
LF3aOFa9,gpt2_surprisal,0,0.5045453120591831
LF3aOFa9,gpt2_surprisal,1,0.49948277483464476
LF3aOFa9,local_flow,0,0.5000313469797186
LF3aOFa9,local_flow,1,0.5070164989603252
LF3aOFa9,onset,0,0.5765794560370151
LF3aOFa9,onset,1,0.5652101121714381
LF3aOFa9,pitch,0,0.49839607953773657
LF3aOFa9,pitch,1,0.46446297399245584
LF3aOFa9,speech,0,0.5257599448758381
LF3aOFa9,speech,1,0.5260845943868762
LF3aOFa9,volume,0,0.45974525354482093
LF3aOFa9,volume,1,0.4859199816097719
LF3aOFa9,word_gap,0,0.518991102222995
LF3aOFa9,word_gap,1,0.47917572385010004
LF3aOFa9,word_head_pos,0,0.4951725651233504
LF3aOFa9,word_head_pos,1,0.5098481761282301
LF3aOFa9,word_index,0,0.46705621301775146
LF3aOFa9,word_index,1,0.5119378698224852
LF3aOFa9,word_length,0,0.5180872072975768
LF3aOFa9,word_length,1,0.498281140612102
LF3aOFa9,word_part_speech,0,0.480199861138663
LF3aOFa9,word_part_speech,1,0.5059512001586987
LF3cIc6,delta_volume,0,0.52661358578101
LF3cIc6,delta_volume,1,0.5567328087938727
LF3cIc6,face_num,0,0.5022883295194508
LF3cIc6,face_num,1,0.5158772452274223
LF3cIc6,frame_brightness,0,0.479358013855365
LF3cIc6,frame_brightness,1,0.4793475648621256
LF3cIc6,global_flow,0,0.48018348432128566
LF3cIc6,global_flow,1,0.5008724909354983
LF3cIc6,gpt2_surprisal,0,0.47617107091731714
LF3cIc6,gpt2_surprisal,1,0.4786004618455012
LF3cIc6,local_flow,0,0.5035683311912897
LF3cIc6,local_flow,1,0.49463444197151607
LF3cIc6,onset,0,0.5949804422933505
LF3cIc6,onset,1,0.5295420300442901
LF3cIc6,pitch,0,0.5193776579626553
LF3cIc6,pitch,1,0.516911695558133
LF3cIc6,speech,0,0.4930896032650466
LF3cIc6,speech,1,0.5240174383165929
LF3cIc6,volume,0,0.4957942802211007
LF3cIc6,volume,1,0.5020218801918435
LF3cIc6,word_gap,0,0.501383937628612
LF3cIc6,word_gap,1,0.4957757296466974
LF3cIc6,word_head_pos,0,0.4600430498521467
LF3cIc6,word_head_pos,1,0.4825292833035537
LF3cIc6,word_index,0,0.5235502958579881
LF3cIc6,word_index,1,0.5069082840236686
LF3cIc6,word_length,0,0.5189283512533567
LF3cIc6,word_length,1,0.5213629666781605
LF3cIc6,word_part_speech,0,0.4986981749652847
LF3cIc6,word_part_speech,1,0.494991073199762
LF3bOFb8,delta_volume,0,0.5978548216879304
LF3bOFb8,delta_volume,1,0.6017679696561237
LF3bOFb8,face_num,0,0.47350657764124426
LF3bOFb8,face_num,1,0.47554413132294704
LF3bOFb8,frame_brightness,0,0.5416575237975821
LF3bOFb8,frame_brightness,1,0.5094667878749882
LF3bOFb8,global_flow,0,0.5093466244527339
LF3bOFb8,global_flow,1,0.5078158469431471
LF3bOFb8,gpt2_surprisal,0,0.507021723456945
LF3bOFb8,gpt2_surprisal,1,0.49941485637858796
LF3bOFb8,local_flow,0,0.4966093016937818
LF3bOFb8,local_flow,1,0.473302822273074
LF3bOFb8,onset,0,0.590718840844406
LF3bOFb8,onset,1,0.5512685874313197
LF3bOFb8,pitch,0,0.4845511634953973
LF3bOFb8,pitch,1,0.5050834352110174
LF3bOFb8,speech,0,0.516948029576233
LF3bOFb8,speech,1,0.5321535525932207
LF3bOFb8,volume,0,0.5386194790131971
LF3bOFb8,volume,1,0.5342465753424658
LF3bOFb8,word_gap,0,0.5091803611280179
LF3bOFb8,word_gap,1,0.4943120888038722
LF3bOFb8,word_head_pos,0,0.5027062892490309
LF3bOFb8,word_head_pos,1,0.5000992654357753
LF3bOFb8,word_index,0,0.5134615384615384
LF3bOFb8,word_index,1,0.5620118343195266
LF3bOFb8,word_length,0,0.5007000825470467
LF3bOFb8,word_length,1,0.5456150799870434
LF3bOFb8,word_part_speech,0,0.5246726839912715
LF3bOFb8,word_part_speech,1,0.4973591549295775
LF2b4,delta_volume,0,0.5566021963783789
LF2b4,delta_volume,1,0.584574151280524
LF2b4,face_num,0,0.5061022120518688
LF2b4,face_num,1,0.4778481343322571
LF2b4,frame_brightness,0,0.5016613899250807
LF2b4,frame_brightness,1,0.4983595080613983
LF2b4,global_flow,0,0.5123298120226116
LF2b4,global_flow,1,0.4902510893075452
LF2b4,gpt2_surprisal,0,0.4827434876649635
LF2b4,gpt2_surprisal,1,0.5061022120518689
LF2b4,local_flow,0,0.4800267494226931
LF2b4,local_flow,1,0.458653333751293
LF2b4,onset,0,0.5263990989756937
LF2b4,onset,1,0.5455382554830068
LF2b4,pitch,0,0.46498542365443085
LF2b4,pitch,1,0.4721325350302498
LF2b4,speech,0,0.4980719794344473
LF2b4,speech,1,0.5104616648556966
LF2b4,volume,0,0.5403331139044754
LF2b4,volume,1,0.543713363217454
LF2b4,word_gap,0,0.4967104309770165
LF2b4,word_gap,1,0.5198098716053676
LF2b4,word_head_pos,0,0.5028264526712851
LF2b4,word_head_pos,1,0.510731116056968
LF2b4,word_index,0,0.47235207100591714
LF2b4,word_index,1,0.5053698224852071
LF2b4,word_length,0,0.46124990857130915
LF2b4,word_length,1,0.4605916219972206
LF2b4,word_part_speech,0,0.5191926205118033
LF2b4,word_part_speech,1,0.5209903788930768
LF2e2,delta_volume,0,0.5143412432212157
LF2e2,delta_volume,1,0.5506044742589051
LF2e2,face_num,0,0.4935320731847487
LF2e2,face_num,1,0.507774050970189
LF2e2,frame_brightness,0,0.49445158458982474
LF2e2,frame_brightness,1,0.5026801667659322
LF2e2,global_flow,0,0.5053603335318642
LF2e2,global_flow,1,0.5343771877579595
LF2e2,gpt2_surprisal,0,0.46500109714429017
LF2e2,gpt2_surprisal,1,0.4963219543796955
LF2e2,local_flow,0,0.4854758993970931
LF2e2,local_flow,1,0.5067866211090561
LF2e2,onset,0,0.5255087286729677
LF2e2,onset,1,0.553970138349847
LF2e2,pitch,0,0.4970324859199816
LF2e2,pitch,1,0.5185887589730729
LF2e2,speech,0,0.49840325444571065
LF2e2,speech,1,0.5004770360162192
LF2e2,volume,0,0.5217548039246418
LF2e2,volume,1,0.5325695119275258
LF2e2,word_gap,0,0.48958786192505
LF2e2,word_gap,1,0.4691621018462163
LF2e2,word_head_pos,0,0.4706905739631987
LF2e2,word_head_pos,1,0.49226774500276904
LF2e2,word_index,0,0.5309467455621302
LF2e2,word_index,1,0.5340384615384616
LF2e2,word_length,0,0.513766548593043
LF2e2,word_length,1,0.535751230368954
LF2e2,word_part_speech,0,0.5128322753421939
LF2e2,word_part_speech,1,0.5104765919460424
LF2c6,delta_volume,0,0.6044376874288162
LF2c6,delta_volume,1,0.5915802012476099
LF2c6,face_num,0,0.4922520715129097
LF2c6,face_num,1,0.5068858865448315
LF2c6,frame_brightness,0,0.5032757593805837
LF2c6,frame_brightness,1,0.5028577996510036
LF2c6,global_flow,0,0.5077009080175126
LF2c6,global_flow,1,0.4933074198300994
LF2c6,gpt2_surprisal,0,0.4912019476923398
LF2c6,gpt2_surprisal,1,0.5019539617357868
LF2c6,local_flow,0,0.4791751564736738
LF2c6,local_flow,1,0.49865730436872413
LF2c6,onset,0,0.542296394380774
LF2c6,onset,1,0.49891176963000167
LF2c6,pitch,0,0.5177110435409549
LF2c6,pitch,1,0.5267912186660815
LF2c6,speech,0,0.5171865475843426
LF2c6,speech,1,0.5009606975326637
LF2c6,volume,0,0.5198008421888551
LF2c6,volume,1,0.5181551257536336
LF2c6,word_gap,0,0.49747123438541574
LF2c6,word_gap,1,0.5118540416775352
LF2c6,word_head_pos,0,0.5015621244893056
LF2c6,word_head_pos,1,0.4916251319185397
LF2c6,word_index,0,0.4998668639053254
LF2c6,word_index,1,0.5078698224852071
LF2c6,word_length,0,0.5205688431919585
LF2c6,word_length,1,0.49913795805774114
LF2c6,word_part_speech,0,0.5608262249553659
LF2c6,word_part_speech,1,0.5525813330688355
LF2aIa2,delta_volume,0,0.5717845835553744
LF2aIa2,delta_volume,1,0.564313553389131
LF2aIa2,face_num,0,0.5047177204476349
LF2aIa2,face_num,1,0.5286720374491918
LF2aIa2,frame_brightness,0,0.5103497278037261
LF2aIa2,frame_brightness,1,0.4824247933711587
LF2aIa2,global_flow,0,0.5289280377835596
LF2aIa2,global_flow,1,0.4992215500036572
LF2aIa2,gpt2_surprisal,0,0.5087144603617442
LF2aIa2,gpt2_surprisal,1,0.5243409297514184
LF2aIa2,local_flow,0,0.49097206984107084
LF2aIa2,local_flow,1,0.4842376936982122
LF2aIa2,onset,0,0.5011871604036345
LF2aIa2,onset,1,0.5396937734958829
LF2aIa2,pitch,0,0.5107363405535876
LF2aIa2,pitch,1,0.5160026331462964
LF2aIa2,speech,0,0.4868351310523945
LF2aIa2,speech,1,0.5540938965891924
LF2aIa2,volume,0,0.5218592938570368
LF2aIa2,volume,1,0.5222772535866169
LF2aIa2,word_gap,0,0.4902472248789961
LF2aIa2,word_gap,1,0.48612439498014665
LF2aIa2,word_head_pos,0,0.488809128240494
LF2aIa2,word_head_pos,1,0.49185500976980867
LF2aIa2,word_index,0,0.473905325443787
LF2aIa2,word_index,1,0.5099704142011834
LF2aIa2,word_length,0,0.49563754532250814
LF2aIa2,word_length,1,0.4893785983720469
LF2aIa2,word_part_speech,0,0.5120387819877008
LF2aIa2,word_part_speech,1,0.49096161475897643
LF2aIa14,delta_volume,0,0.5735765858959488
LF2aIa14,delta_volume,1,0.5694178865866275
LF2aIa14,face_num,0,0.507983030834979
LF2aIa14,face_num,1,0.5122984650428931
LF2aIa14,frame_brightness,0,0.48448846953596025
LF2aIa14,frame_brightness,1,0.520976353928299
LF2aIa14,global_flow,0,0.48582594067061646
LF2aIa14,global_flow,1,0.4887307607911978
LF2aIa14,gpt2_surprisal,0,0.49582040270419947
LF2aIa14,gpt2_surprisal,1,0.4695359602102338
LF2aIa14,local_flow,0,0.47550233534998904
LF2aIa14,local_flow,1,0.48866806683176073
LF2aIa14,onset,0,0.5282331095992572
LF2aIa14,onset,1,0.5589775200523568
LF2aIa14,pitch,0,0.4960346070656092
LF2aIa14,pitch,1,0.49868342685182276
LF2aIa14,speech,0,0.5087787877984788
LF2aIa14,speech,1,0.5264224948983648
LF2aIa14,volume,0,0.5099265435775263
LF2aIa14,volume,1,0.5292467320773644
LF2aIa14,word_gap,0,0.48876184679593077
LF2aIa14,word_gap,1,0.4884575254325711
LF2aIa14,word_head_pos,0,0.47559637628914453
LF2aIa14,word_head_pos,1,0.4770644598392945
LF2aIa14,word_index,0,0.5105621301775148
LF2aIa14,word_index,1,0.4868343195266272
LF2aIa14,word_length,0,0.4936470121103832
LF2aIa14,word_length,1,0.4837465910159557
LF2aIa14,word_part_speech,0,0.508641638563777
LF2aIa14,word_part_speech,1,0.494135588176949
LF1aCaOF10,delta_volume,0,0.5756141395776517
LF1aCaOF10,delta_volume,1,0.56496139096998
LF1aCaOF10,face_num,0,0.48480193933314525
LF1aCaOF10,face_num,1,0.46508991358682583
LF1aCaOF10,frame_brightness,0,0.5080143778146975
LF1aCaOF10,frame_brightness,1,0.4885949238790842
LF1aCaOF10,global_flow,0,0.49804865051252317
LF1aCaOF10,global_flow,1,0.4694210212845993
LF1aCaOF10,gpt2_surprisal,0,0.5333688599103477
LF1aCaOF10,gpt2_surprisal,1,0.517517737166024
LF1aCaOF10,local_flow,0,0.4807372809629792
LF1aCaOF10,local_flow,1,0.4510307931830768
LF1aCaOF10,onset,0,0.5773861163112796
LF1aCaOF10,onset,1,0.5540234083679589
LF1aCaOF10,pitch,0,0.4963689748492733
LF1aCaOF10,pitch,1,0.5351347397678234
LF1aCaOF10,speech,0,0.5182731296212865
LF1aCaOF10,speech,1,0.5422640659369782
LF1aCaOF10,volume,0,0.5041325768262228
LF1aCaOF10,volume,1,0.4931506849315068
LF1aCaOF10,word_gap,0,0.49036315682694265
LF1aCaOF10,word_gap,1,0.4933773874735531
LF1aCaOF10,word_head_pos,0,0.4815157309593221
LF1aCaOF10,word_head_pos,1,0.4973982006833642
LF1aCaOF10,word_index,0,0.49576923076923074
LF1aCaOF10,word_index,1,0.47257396449704137
LF1aCaOF10,word_length,0,0.4727229031482817
LF1aCaOF10,word_length,1,0.48019915781114486
LF1aCaOF10,word_part_speech,0,0.5179403888117436
LF1aCaOF10,word_part_speech,1,0.541261654433644
LF1bIb6,delta_volume,0,0.6065536085598153
LF1bIb6,delta_volume,1,0.5830015777979791
LF1bIb6,face_num,0,0.5362109860714921
LF1bIb6,face_num,1,0.5299990595906084
LF1bIb6,frame_brightness,0,0.4587525991870683
LF1bIb6,frame_brightness,1,0.5236669696874706
LF1bIb6,global_flow,0,0.5145658965758649
LF1bIb6,global_flow,1,0.49916408054083994
LF1bIb6,gpt2_surprisal,0,0.5061753550045452
LF1bIb6,gpt2_surprisal,1,0.5003395922802838
LF1bIb6,local_flow,0,0.45259814216900196
LF1bIb6,local_flow,1,0.462132848500047
LF1bIb6,onset,0,0.5263762689679314
LF1bIb6,onset,1,0.5522198377547448
LF1bIb6,pitch,0,0.5223974170088712
LF1bIb6,pitch,1,0.5283690166452462
LF1bIb6,speech,0,0.4971775369040362
LF1bIb6,speech,1,0.5284830254684229
LF1bIb6,volume,0,0.4833077332998965
LF1bIb6,volume,1,0.48057009707114723
LF1bIb6,word_gap,0,0.48498681274092104
LF1bIb6,word_gap,1,0.4743790395038113
LF1bIb6,word_head_pos,0,0.4864946762379445
LF1bIb6,word_head_pos,1,0.4858050426841374
LF1bIb6,word_index,0,0.5081213017751479
LF1bIb6,word_index,1,0.5203846153846154
LF1bIb6,word_length,0,0.47852209439620497
LF1bIb6,word_length,1,0.48747688160245756
LF1bIb6,word_part_speech,0,0.5073398135290618
LF1bIb6,word_part_speech,1,0.5271275540567348
LF1cCb2,delta_volume,0,0.5801594516368348
LF1cCb2,delta_volume,1,0.5645747782201185
LF1cCb2,face_num,0,0.5135627932248729
LF1cCb2,face_num,1,0.4959301171332142
LF1cCb2,frame_brightness,0,0.46290607399977013
LF1cCb2,frame_brightness,1,0.49287378661066006
LF1cCb2,global_flow,0,0.5145345495961464
LF1cCb2,global_flow,1,0.5174289207234882
LF1cCb2,gpt2_surprisal,0,0.5026174728064952
LF1cCb2,gpt2_surprisal,1,0.5165877767677084
LF1cCb2,local_flow,0,0.4939996656322163
LF1cCb2,local_flow,1,0.47717417426830927
LF1cCb2,onset,0,0.5328067211542853
LF1cCb2,onset,1,0.5179519961036786
LF1cCb2,pitch,0,0.4992842439630942
LF1cCb2,pitch,1,0.5139964264443121
LF1cCb2,speech,0,0.5395674873452945
LF1cCb2,speech,1,0.5352277846977447
LF1cCb2,volume,0,0.5005590211383133
LF1cCb2,volume,1,0.5047386184341138
LF1cCb2,word_gap,0,0.4843781700142017
LF1cCb2,word_gap,1,0.4912398921832884
LF1cCb2,word_head_pos,0,0.513035119066278
LF1cCb2,word_head_pos,1,0.506535845271308
LF1cCb2,word_index,0,0.5118934911242603
LF1cCb2,word_index,1,0.4731508875739645
LF1cCb2,word_length,0,0.5729287483150999
LF1cCb2,word_length,1,0.5139964264443121
LF1cCb2,word_part_speech,0,0.5496057329894862
LF1cCb2,word_part_speech,1,0.5797708787938901
RF3aOFa3,delta_volume,0,0.5052244966197508
RF3aOFa3,delta_volume,1,0.5086674398921665
RF3aOFa3,face_num,0,0.4995715912771805
RF3aOFa3,face_num,1,0.4980826097405515
RF3aOFa3,frame_brightness,0,0.4832816108167978
RF3aOFa3,frame_brightness,1,0.4548812471918331
RF3aOFa3,global_flow,0,0.4776182564809881
RF3aOFa3,global_flow,1,0.48493255174863903
RF3aOFa3,gpt2_surprisal,0,0.540129358536305
RF3aOFa3,gpt2_surprisal,1,0.5245708076026875
RF3aOFa3,local_flow,0,0.5279824038953848
RF3aOFa3,local_flow,1,0.5235468062652163
RF3aOFa3,onset,0,0.5321142109188317
RF3aOFa3,onset,1,0.47948343302436724
RF3aOFa3,pitch,0,0.4759255195761889
RF3aOFa3,pitch,1,0.4738775169012466
RF3aOFa3,speech,0,0.517219675085469
RF3aOFa3,speech,1,0.4721530225532027
RF3aOFa3,volume,0,0.5021472681107175
RF3aOFa3,volume,1,0.4764322957483047
RF3aOFa3,word_gap,0,0.5162304727125178
RF3aOFa3,word_gap,1,0.5399747848013217
RF3aOFa3,word_head_pos,0,0.48495344973511806
RF3aOFa3,word_head_pos,1,0.4817142618308726
RF3aOFa3,word_index,0,0.4883431952662722
RF3aOFa3,word_index,1,0.5522485207100591
RF3aOFa3,word_length,0,0.5019069412662089
RF3aOFa3,word_length,1,0.5082076841896284
RF3aOFa3,word_part_speech,0,0.48869271969847256
RF3aOFa3,word_part_speech,1,0.504444802618528
RF3aOFa15,delta_volume,0,0.5361378431188155
RF3aOFa15,delta_volume,1,0.543985037041681
RF3aOFa15,face_num,0,0.5266553817539681
RF3aOFa15,face_num,1,0.49896554966928935
RF3aOFa15,frame_brightness,0,0.5189858207161739
RF3aOFa15,frame_brightness,1,0.48302561048243003
RF3aOFa15,global_flow,0,0.4700166138992508
RF3aOFa15,global_flow,1,0.4774040521195782
RF3aOFa15,gpt2_surprisal,0,0.5152503056330523
RF3aOFa15,gpt2_surprisal,1,0.4789243806359257
RF3aOFa15,local_flow,0,0.46394574882710055
RF3aOFa15,local_flow,1,0.48096715881424823
RF3aOFa15,onset,0,0.5249455884815002
RF3aOFa15,onset,1,0.5325936410818379
RF3aOFa15,pitch,0,0.5053603335318643
RF3aOFa15,pitch,1,0.4789348296291652
RF3aOFa15,speech,0,0.49866827445472134
RF3aOFa15,speech,1,0.4949977473299234
RF3aOFa15,volume,0,0.5147226314744574
RF3aOFa15,volume,1,0.5124551999414856
RF3aOFa15,word_gap,0,0.4667275309393386
RF3aOFa15,word_gap,1,0.4973335651972292
RF3aOFa15,word_head_pos,0,0.4653720364042925
RF3aOFa15,word_head_pos,1,0.5008568174456391
RF3aOFa15,word_index,0,0.5025295857988166
RF3aOFa15,word_index,1,0.4824704142011834
RF3aOFa15,word_length,0,0.5340062484979572
RF3aOFa15,word_length,1,0.5077009080175124
RF3aOFa15,word_part_speech,0,0.4964292799047808
RF3aOFa15,word_part_speech,1,0.5054056734774847
RF3bOFb11,delta_volume,0,0.5205740676885782
RF3bOFb11,delta_volume,1,0.541890013897161
RF3bOFb11,face_num,0,0.5520882312989143
RF3bOFb11,face_num,1,0.5112587902155628
RF3bOFb11,frame_brightness,0,0.4919386017157247
RF3bOFb11,frame_brightness,1,0.5101355234423164
RF3bOFb11,global_flow,0,0.5035944536743884
RF3bOFb11,global_flow,1,0.5125022204110634
RF3bOFb11,gpt2_surprisal,0,0.5075493976155397
RF3bOFb11,gpt2_surprisal,1,0.5114573210871133
RF3bOFb11,local_flow,0,0.47516274306970524
RF3bOFb11,local_flow,1,0.47016812430122357
RF3bOFb11,onset,0,0.572705964720028
RF3bOFb11,onset,1,0.5312390606212807
RF3bOFb11,pitch,0,0.49862073289238584
RF3bOFb11,pitch,1,0.5315611840799139
RF3bOFb11,speech,0,0.5137876659687807
RF3bOFb11,speech,1,0.5133437574536878
RF3bOFb11,volume,0,0.516932593544612
RF3bOFb11,volume,1,0.5200672915164625
RF3bOFb11,word_gap,0,0.46690867460800517
RF3bOFb11,word_gap,1,0.502470799640611
RF3bOFb11,word_head_pos,0,0.491092233263325
RF3bOFb11,word_head_pos,1,0.5156003469065755
RF3bOFb11,word_index,0,0.5228994082840236
RF3bOFb11,word_index,1,0.5156065088757396
RF3bOFb11,word_length,0,0.5011964097259229
RF3bOFb11,word_length,1,0.4997753466453507
RF3bOFb11,word_part_speech,0,0.5335746875619917
RF3bOFb11,word_part_speech,1,0.5373065859948423
RF2I7,delta_volume,0,0.5611213859544633
RF2I7,delta_volume,1,0.5574067688578206
RF2I7,face_num,0,0.5104333197496421
RF2I7,face_num,1,0.4779526242646521
RF2I7,frame_brightness,0,0.5217234569449234
RF2I7,frame_brightness,1,0.5335360438021796
RF2I7,global_flow,0,0.47845940043676793
RF2I7,global_flow,1,0.5329143287044293
RF2I7,gpt2_surprisal,0,0.4832293658506003
RF2I7,gpt2_surprisal,1,0.48006332089903136
RF2I7,local_flow,0,0.5073247442608905
RF2I7,local_flow,1,0.5152085096600942
RF2I7,onset,0,0.5751563855531712
RF2I7,onset,1,0.5433541847404227
RF2I7,pitch,0,0.48213222156045266
RF2I7,pitch,1,0.500020897986479
RF2I7,speech,0,0.544390851509289
RF2I7,speech,1,0.5456496965520897
RF2I7,volume,0,0.5117237704147206
RF2I7,volume,1,0.5044094751470696
RF2I7,word_gap,0,0.5195272874822479
RF2I7,word_gap,1,0.5026519433092774
RF2I7,word_head_pos,0,0.5077061325141323
RF2I7,word_head_pos,1,0.5066873556732808
RF2I7,word_index,0,0.5237869822485207
RF2I7,word_index,1,0.4904881656804734
RF2I7,word_length,0,0.5330031451469651
RF2I7,word_length,1,0.5267964431627012
RF2I7,word_part_speech,0,0.5074018051973815
RF2I7,word_part_speech,1,0.5130058520134895
RF1aCaOF6,delta_volume,0,0.5932833871456485
RF1aCaOF6,delta_volume,1,0.5904987304473214
RF1aCaOF6,face_num,0,0.521039047887736
RF1aCaOF6,face_num,1,0.49855281443632904
RF1aCaOF6,frame_brightness,0,0.5334837988359822
RF1aCaOF6,frame_brightness,1,0.5297953042224383
RF1aCaOF6,global_flow,0,0.49331264432671906
RF1aCaOF6,global_flow,1,0.5007471030166244
RF1aCaOF6,gpt2_surprisal,0,0.5177005945477153
RF1aCaOF6,gpt2_surprisal,1,0.4977168949771689
RF1aCaOF6,local_flow,0,0.49602415807236977
RF1aCaOF6,local_flow,1,0.4750896001170287
RF1aCaOF6,onset,0,0.5575848895788624
RF1aCaOF6,onset,1,0.55835349984019
RF1aCaOF6,pitch,0,0.5127686697386706
RF1aCaOF6,pitch,1,0.5304535907965268
RF1aCaOF6,speech,0,0.5044059576498024
RF1aCaOF6,speech,1,0.5293443404977076
RF1aCaOF6,volume,0,0.5404793998098283
RF1aCaOF6,volume,1,0.5269584025579135
RF1aCaOF6,word_gap,0,0.5106440019708431
RF1aCaOF6,word_gap,1,0.5012824971741587
RF1aCaOF6,word_head_pos,0,0.48551247087343136
RF1aCaOF6,word_head_pos,1,0.49346937922531164
RF1aCaOF6,word_index,0,0.4894526627218935
RF1aCaOF6,word_index,1,0.521819526627219
RF1aCaOF6,word_length,0,0.4769599699068995
RF1aCaOF6,word_length,1,0.4886419443486621
RF1aCaOF6,word_part_speech,0,0.5464565562388416
RF1aCaOF6,word_part_speech,1,0.5448075778615354
RF1bCb2,delta_volume,0,0.5593137101240296
RF1bCb2,delta_volume,1,0.5743132399193338
RF1bCb2,face_num,0,0.5129201801406436
RF1bCb2,face_num,1,0.5134948747688161
RF1bCb2,frame_brightness,0,0.5347220045348631
RF1bCb2,frame_brightness,1,0.5556879094699225
RF1bCb2,global_flow,0,0.4963167298830758
RF1bCb2,global_flow,1,0.47825564506859763
RF1bCb2,gpt2_surprisal,0,0.49109745775994473
RF1bCb2,gpt2_surprisal,1,0.4840025913503235
RF1bCb2,local_flow,0,0.4826233242427092
RF1bCb2,local_flow,1,0.48264944672580795
RF1bCb2,onset,0,0.5235529580080057
RF1bCb2,onset,1,0.524298738261571
RF1bCb2,pitch,0,0.5121574036341598
RF1bCb2,pitch,1,0.5562103591318976
RF1bCb2,speech,0,0.48697426655712506
RF1bCb2,speech,1,0.5109850793734927
RF1bCb2,volume,0,0.5005276741585949
RF1bCb2,volume,1,0.5127007512826139
RF1bCb2,word_gap,0,0.49114569747558184
RF1bCb2,word_gap,1,0.49846390168970817
RF1bCb2,word_head_pos,0,0.5080927452639938
RF1bCb2,word_head_pos,1,0.47237808637137807
RF1bCb2,word_index,0,0.5314497041420119
RF1bCb2,word_index,1,0.5538609467455621
RF1bCb2,word_length,0,0.4950732996875751
RF1bCb2,word_length,1,0.5108721774657012
RF1bCb2,word_part_speech,0,0.5142580837135489
RF1bCb2,word_part_speech,1,0.51003025193414
LT2H4,delta_volume,0,0.5241476233764877
LT2H4,delta_volume,1,0.5356415159399393
LT2H4,face_num,0,0.5138292425524801
LT2H4,face_num,1,0.4976280785346332
LT2H4,frame_brightness,0,0.4738984148877256
LT2H4,frame_brightness,1,0.5086413174090676
LT2H4,global_flow,0,0.5269166065849555
LT2H4,global_flow,1,0.5162377354941851
LT2H4,gpt2_surprisal,0,0.5080875207673741
LT2H4,gpt2_surprisal,1,0.5108878509555604
LT2H4,local_flow,0,0.4883232500548572
LT2H4,local_flow,1,0.5114729945769726
LT2H4,onset,0,0.5448229152397912
LT2H4,onset,1,0.5266654490662527
LT2H4,pitch,0,0.4823046299489044
LT2H4,pitch,1,0.5041743727991808
LT2H4,speech,0,0.5105014178570482
LT2H4,speech,1,0.5190019346460658
LT2H4,volume,0,0.5308088565666698
LT2H4,volume,1,0.5445701806630932
LT2H4,word_gap,0,0.5317798452308494
LT2H4,word_gap,1,0.5028041039909573
LT2H4,word_head_pos,0,0.5303543253607516
LT2H4,word_head_pos,1,0.4837831624922939
LT2H4,word_index,0,0.4799852071005917
LT2H4,word_index,1,0.5126479289940828
LT2H4,word_length,0,0.49671379162617685
LT2H4,word_length,1,0.4985998349059068
LT2H4,word_part_speech,0,0.4780673477484626
LT2H4,word_part_speech,1,0.5108857369569529
LT2H16,delta_volume,0,0.6285382903357262
LT2H16,delta_volume,1,0.6301840067709475
LT2H16,face_num,0,0.4831875698776423
LT2H16,face_num,1,0.4937410530495387
LT2H16,frame_brightness,0,0.5257045233691734
LT2H16,frame_brightness,1,0.5068806620482117
LT2H16,global_flow,0,0.49430007418785205
LT2H16,global_flow,1,0.48934202689570855
LT2H16,gpt2_surprisal,0,0.5090174811656897
LT2H16,gpt2_surprisal,1,0.4917661933272729
LT2H16,local_flow,0,0.4913221111145941
LT2H16,local_flow,1,0.4866514111365369
LT2H16,onset,0,0.5896306104744076
LT2H16,onset,1,0.5243443982770954
LT2H16,pitch,0,0.5091010731116058
LT2H16,pitch,1,0.5140277734240306
LT2H16,speech,0,0.5263429888956617
LT2H16,speech,1,0.4914862322105319
LT2H16,volume,0,0.5260597891393165
LT2H16,volume,1,0.528813098857925
LT2H16,word_gap,0,0.5054125728197548
LT2H16,word_gap,1,0.5132162420659073
LT2H16,word_head_pos,0,0.5144718556367095
LT2H16,word_head_pos,1,0.5159503881800989
LT2H16,word_index,0,0.5208136094674557
LT2H16,word_index,1,0.5342011834319527
LT2H16,word_length,0,0.49247150037093923
LT2H16,word_length,1,0.5202188019184352
LT2H16,word_part_speech,0,0.5200109105336244
LT2H16,word_part_speech,1,0.5558544931561199
LT1A12,delta_volume,0,0.6162607232793121
LT1A12,delta_volume,1,0.5949447770707292
LT1A12,face_num,0,0.47600388702548513
LT1A12,face_num,1,0.490256313804165
LT1A12,frame_brightness,0,0.533844289102745
LT1A12,frame_brightness,1,0.46178280722652365
LT1A12,global_flow,0,0.522757907275634
LT1A12,global_flow,1,0.5249312978694503
LT1A12,gpt2_surprisal,0,0.5528823547851165
LT1A12,gpt2_surprisal,1,0.5216032935226691
LT1A12,local_flow,0,0.5308454280430082
LT1A12,local_flow,1,0.5249783183390281
LT1A12,onset,0,0.6298038141332968
LT1A12,onset,1,0.6071488364306044
LT1A12,pitch,0,0.5313887756914621
LT1A12,pitch,1,0.5299677126108899
LT1A12,speech,0,0.5208570747091406
LT1A12,speech,1,0.514589351496038
LT1A12,volume,0,0.5373394773413582
LT1A12,volume,1,0.5251716247139588
LT1A12,word_gap,0,0.5045213459699156
LT1A12,word_gap,1,0.5065356635654871
LT1A12,word_head_pos,0,0.5093361754594945
LT1A12,word_head_pos,1,0.5241058274035297
LT1A12,word_index,0,0.5765532544378698
LT1A12,word_index,1,0.5912573964497041
LT1A12,word_length,0,0.5145136516096673
LT1A12,word_length,1,0.47828699204831615
LT1A12,word_part_speech,0,0.5613097599682604
LT1A12,word_part_speech,1,0.5505480063479468
LF3aOFa10,delta_volume,0,0.5216607629854864
LF3aOFa10,delta_volume,1,0.5479138584997336
LF3aOFa10,face_num,0,0.48027230076382144
LF3aOFa10,face_num,1,0.4814791594829838
LF3aOFa10,frame_brightness,0,0.5175020636761648
LF3aOFa10,frame_brightness,1,0.5200045975570253
LF3aOFa10,global_flow,0,0.5041430258194624
LF3aOFa10,global_flow,1,0.5058775586972195
LF3aOFa10,gpt2_surprisal,0,0.4784646249333877
LF3aOFa10,gpt2_surprisal,1,0.524058806933952
LF3aOFa10,local_flow,0,0.5115304640397897
LF3aOFa10,local_flow,1,0.49689142451124835
LF3aOFa10,onset,0,0.5064228421837663
LF3aOFa10,onset,1,0.4883795260490389
LF3aOFa10,pitch,0,0.4828897735703165
LF3aOFa10,pitch,1,0.47921695244663176
LF3aOFa10,speech,0,0.5061749662099488
LF3aOFa10,speech,1,0.4740479156176291
LF3aOFa10,volume,0,0.5050416392380594
LF3aOFa10,volume,1,0.4854079809410364
LF3aOFa10,word_gap,0,0.5236211343941106
LF3aOFa10,word_gap,1,0.4965437788018433
LF3aOFa10,word_head_pos,0,0.5196232093037836
LF3aOFa10,word_head_pos,1,0.542182585707867
LF3aOFa10,word_index,0,0.45418639053254434
LF3aOFa10,word_index,1,0.511715976331361
LF3aOFa10,word_length,0,0.5136463851707889
LF3aOFa10,word_length,1,0.5513776997586283
LF3aOFa10,word_part_speech,0,0.5068438801825035
LF3aOFa10,word_part_speech,1,0.5325456258678833
LF3cIc7,delta_volume,0,0.5357094343959959
LF3cIc7,delta_volume,1,0.5484363081617085
LF3cIc7,face_num,0,0.5028003301881864
LF3cIc7,face_num,1,0.5211383133235112
LF3cIc7,frame_brightness,0,0.5139232834916355
LF3cIc7,frame_brightness,1,0.4814530369998851
LF3cIc7,global_flow,0,0.490298109777123
LF3cIc7,global_flow,1,0.505825313731022
LF3cIc7,gpt2_surprisal,0,0.4805178521049497
LF3cIc7,gpt2_surprisal,1,0.4739924558268811
LF3cIc7,local_flow,0,0.48463475544131324
LF3cIc7,local_flow,1,0.48421679571173315
LF3cIc7,onset,0,0.5870660396024534
LF3cIc7,onset,1,0.5475396861634932
LF3cIc7,pitch,0,0.47896617660888374
LF3cIc7,pitch,1,0.5225019069412662
LF3cIc7,speech,0,0.5377454747833461
LF3cIc7,speech,1,0.5222881827577982
LF3cIc7,volume,0,0.5367909051962843
LF3cIc7,volume,1,0.5537757437070938
LF3cIc7,word_gap,0,0.4843491870272151
LF3cIc7,word_gap,1,0.48795756890705155
LF3cIc7,word_head_pos,0,0.47897662560212323
LF3cIc7,word_head_pos,1,0.473010250462368
LF3cIc7,word_index,0,0.47597633136094675
LF3cIc7,word_index,1,0.48267751479289944
LF3cIc7,word_length,0,0.48667230912301607
LF3cIc7,word_length,1,0.47003751188572973
LF3cIc7,word_part_speech,0,0.508926800238048
LF3cIc7,word_part_speech,1,0.5227509422733585
LF3bOFb9,delta_volume,0,0.5829650063216408
LF3bOFb9,delta_volume,1,0.5921810183588812
LF3bOFb9,face_num,0,0.4597609270346802
LF3bOFb9,face_num,1,0.5120372402119056
LF3bOFb9,frame_brightness,0,0.5102452378713311
LF3bOFb9,frame_brightness,1,0.5023771459619866
LF3bOFb9,global_flow,0,0.4700427363823495
LF3bOFb9,global_flow,1,0.511169973773027
LF3bOFb9,gpt2_surprisal,0,0.5043938016572104
LF3bOFb9,gpt2_surprisal,1,0.4913900295706509
LF3bOFb9,local_flow,0,0.5048065368901706
LF3bOFb9,local_flow,1,0.4845720614818762
LF3bOFb9,onset,0,0.5509033073071244
LF3bOFb9,onset,1,0.5549289986758595
LF3bOFb9,pitch,0,0.4849430007418785
LF3bOFb9,pitch,1,0.5011964097259229
LF3bOFb9,speech,0,0.45085203932896933
LF3bOFb9,speech,1,0.5193199586568785
LF3bOFb9,volume,0,0.5312686122692079
LF3bOFb9,volume,1,0.5281391387939771
LF3bOFb9,word_gap,0,0.5080862533692723
LF3bOFb9,word_gap,1,0.5373373329855375
LF3bOFb9,word_head_pos,0,0.5268539126255185
LF3bOFb9,word_head_pos,1,0.5168333281088366
LF3bOFb9,word_index,0,0.4960059171597633
LF3bOFb9,word_index,1,0.5251775147928994
LF3bOFb9,word_length,0,0.5121051586679624
LF3bOFb9,word_length,1,0.5549930514194958
LF3bOFb9,word_part_speech,0,0.5233584606228923
LF3bOFb9,word_part_speech,1,0.5007934933544932
LF2b5,delta_volume,0,0.5410175229616626
LF2b5,delta_volume,1,0.5776725912458335
LF2b5,face_num,0,0.49012047689205146
LF2b5,face_num,1,0.48053875009142866
LF2b5,frame_brightness,0,0.5176744720646166
LF2b5,frame_brightness,1,0.5273502398043949
LF2b5,global_flow,0,0.5255477884705808
LF2b5,global_flow,1,0.5110289123642937
LF2b5,gpt2_surprisal,0,0.49908571309154365
LF2b5,gpt2_surprisal,1,0.5010814708002884
LF2b5,local_flow,0,0.5090488281454082
LF2b5,local_flow,1,0.4841541017522962
LF2b5,onset,0,0.5537646682799873
LF2b5,onset,1,0.49610367867525074
LF2b5,pitch,0,0.4717563712736278
LF2b5,pitch,1,0.5060499670856713
LF2b5,speech,0,0.4855232820077916
LF2b5,speech,1,0.48281345241565743
LF2b5,volume,0,0.5455680595174655
LF2b5,volume,1,0.5320470622655507
LF2b5,word_gap,0,0.49955800944845374
LF2b5,word_gap,1,0.5048256673332754
LF2b5,word_head_pos,0,0.4435649875134531
LF2b5,word_head_pos,1,0.47976552459170557
LF2b5,word_index,0,0.4383284023668639
LF2b5,word_index,1,0.5325443786982249
LF2b5,word_length,0,0.49377240002925715
LF2b5,word_length,1,0.4996133872501385
LF2b5,word_part_speech,0,0.5353352509422733
LF2b5,word_part_speech,1,0.5492213846459036
LF2e3,delta_volume,0,0.5007471030166243
LF2e3,delta_volume,1,0.5312163673030104
LF2e3,face_num,0,0.4647398723133026
LF2e3,face_num,1,0.49413289029602
LF2e3,frame_brightness,0,0.48873076079119776
LF2e3,frame_brightness,1,0.5386508259929156
LF2e3,global_flow,0,0.5239543170015569
LF2e3,global_flow,1,0.5021577171039571
LF2e3,gpt2_surprisal,0,0.48540275644441655
LF2e3,gpt2_surprisal,1,0.5065515187611673
LF2e3,local_flow,0,0.4897861091083875
LF2e3,local_flow,1,0.5064052328558144
LF2e3,onset,0,0.5531254280626455
LF2e3,onset,1,0.5337579714777103
LF2e3,pitch,0,0.4937619510360177
LF2e3,pitch,1,0.5131239355088137
LF2e3,speech,0,0.4580870855749609
LF2e3,speech,1,0.5179418546100231
LF2e3,volume,0,0.46589971056288726
LF2e3,volume,1,0.5145084271130477
LF2e3,word_gap,0,0.4990145784424542
LF2e3,word_gap,1,0.49280497348056695
LF2e3,word_head_pos,0,0.479274421909449
LF2e3,word_head_pos,1,0.49578905572448095
LF2e3,word_index,0,0.5164497041420117
LF2e3,word_index,1,0.5010502958579882
LF2e3,word_length,0,0.5021472681107175
LF2e3,word_length,1,0.5342439630941559
LF2e3,word_part_speech,0,0.5420923427891291
LF2e3,word_part_speech,1,0.5386084110295577
LF2c7,delta_volume,0,0.5677199251852084
LF2c7,delta_volume,1,0.5761470382328662
LF2c7,face_num,0,0.5007000825470466
LF2c7,face_num,1,0.49614432149462406
LF2c7,frame_brightness,0,0.5155219794572793
LF2c7,frame_brightness,1,0.48890839367626926
LF2c7,global_flow,0,0.5149159378493882
LF2c7,global_flow,1,0.5060395180924318
LF2c7,gpt2_surprisal,0,0.47533515145815697
LF2c7,gpt2_surprisal,1,0.5064574778220119
LF2c7,local_flow,0,0.4909981923241696
LF2c7,local_flow,1,0.5229355401607054
LF2c7,onset,0,0.5500053270018112
LF2c7,onset,1,0.5272361992603078
LF2c7,pitch,0,0.5026906157591716
LF2c7,pitch,1,0.5100153600200621
LF2c7,speech,0,0.5017093790581189
LF2c7,speech,1,0.533743672647285
LF2c7,volume,0,0.5127373227589522
LF2c7,volume,1,0.515631693886294
LF2c7,word_gap,0,0.5188099585543287
LF2c7,word_gap,1,0.5192664405993682
LF2c7,word_head_pos,0,0.5111334022966887
LF2c7,word_head_pos,1,0.5067552741293376
LF2c7,word_index,0,0.49374260355029576
LF2c7,word_index,1,0.49653846153846154
LF2c7,word_length,0,0.49624881142701904
LF2c7,word_length,1,0.47482837528604116
LF2c7,word_part_speech,0,0.563330688355485
LF2c7,word_part_speech,1,0.5182875421543345
LF2aIa3,delta_volume,0,0.5866639499284243
LF2aIa3,delta_volume,1,0.593523713990157
LF2aIa3,face_num,0,0.49192815272248525
LF2aIa3,face_num,1,0.5133067928905051
LF2aIa3,frame_brightness,0,0.503918372464813
LF2aIa3,frame_brightness,1,0.49343803224559313
LF2aIa3,global_flow,0,0.49030333427374273
LF2aIa3,global_flow,1,0.507460581173004
LF2aIa3,gpt2_surprisal,0,0.49912750906450165
LF2aIa3,gpt2_surprisal,1,0.48733582019372435
LF2aIa3,local_flow,0,0.47906021754803924
LF2aIa3,local_flow,1,0.48177695579030966
LF2aIa3,onset,0,0.5604310305465503
LF2aIa3,onset,1,0.5632086814909516
LF2aIa3,pitch,0,0.505616333866232
LF2aIa3,pitch,1,0.5176170026017993
LF2aIa3,speech,0,0.48013012482442424
LF2aIa3,speech,1,0.46303633424323537
LF2aIa3,volume,0,0.5160392046226346
LF2aIa3,volume,1,0.5261695035683311
LF2aIa3,word_gap,0,0.4688287974958699
LF2aIa3,word_gap,1,0.4682998579833638
LF2aIa3,word_head_pos,0,0.522193661640701
LF2aIa3,word_head_pos,1,0.526321013970304
LF2aIa3,word_index,0,0.48554733727810645
LF2aIa3,word_index,1,0.5445414201183432
LF2aIa3,word_length,0,0.5013061241549377
LF2aIa3,word_length,1,0.5002351023478887
LF2aIa3,word_part_speech,0,0.5214243205713153
LF2aIa3,word_part_speech,1,0.5132042253521127
LF2aIa15,delta_volume,0,0.5824843526326239
LF2aIa15,delta_volume,1,0.5755827925979331
LF2aIa15,face_num,0,0.4835219376613063
LF2aIa15,face_num,1,0.48038201519283613
LF2aIa15,frame_brightness,0,0.5125231183975424
LF2aIa15,frame_brightness,1,0.5143464677178354
LF2aIa15,global_flow,0,0.504315434207914
LF2aIa15,global_flow,1,0.5007314295267651
LF2aIa15,gpt2_surprisal,0,0.4980303647743539
LF2aIa15,gpt2_surprisal,1,0.49966040771971615
LF2aIa15,local_flow,0,0.5045139650794646
LF2aIa15,local_flow,1,0.5096235227735808
LF2aIa15,onset,0,0.5274568893353424
LF2aIa15,onset,1,0.5551192487405445
LF2aIa15,pitch,0,0.513076915039236
LF2aIa15,pitch,1,0.5142968349999477
LF2aIa15,speech,0,0.48665624254631223
LF2aIa15,speech,1,0.5141984469827471
LF2aIa15,volume,0,0.5341264119202115
LF2aIa15,volume,1,0.5259709726967807
LF2aIa15,word_gap,0,0.5121511172941483
LF2aIa15,word_gap,1,0.4734515839202388
LF2aIa15,word_head_pos,0,0.47725254171760556
LF2aIa15,word_head_pos,1,0.5013583691211352
LF2aIa15,word_index,0,0.5119674556213019
LF2aIa15,word_index,1,0.5210207100591716
LF2aIa15,word_length,0,0.5143725902009341
LF2aIa15,word_length,1,0.5143934881874132
LF2aIa15,word_part_speech,0,0.5056412418170997
LF2aIa15,word_part_speech,1,0.5193661971830986
LF1aCaOF11,delta_volume,0,0.5949029810977712
LF1aCaOF11,delta_volume,1,0.5935080405002978
LF1aCaOF11,face_num,0,0.5106214016279532
LF1aCaOF11,face_num,1,0.4838145094720123
LF1aCaOF11,frame_brightness,0,0.5011232667732464
LF1aCaOF11,frame_brightness,1,0.5369633135847361
LF1aCaOF11,global_flow,0,0.5184738200474384
LF1aCaOF11,global_flow,1,0.4896816191759924
LF1aCaOF11,gpt2_surprisal,0,0.5348839639300753
LF1aCaOF11,gpt2_surprisal,1,0.5126746287995152
LF1aCaOF11,local_flow,0,0.5234423163328213
LF1aCaOF11,local_flow,1,0.48628047187653467
LF1aCaOF11,onset,0,0.5273960093146431
LF1aCaOF11,onset,1,0.529975800191772
LF1aCaOF11,pitch,0,0.4887098628047188
LF1aCaOF11,pitch,1,0.50188604327973
LF1aCaOF11,speech,0,0.4990923064691384
LF1aCaOF11,speech,1,0.5388519333209657
LF1aCaOF11,volume,0,0.5025129828741001
LF1aCaOF11,volume,1,0.5042997607180548
LF1aCaOF11,word_gap,0,0.518396950989769
LF1aCaOF11,word_gap,1,0.48621858968785325
LF1aCaOF11,word_head_pos,0,0.48531916449850054
LF1aCaOF11,word_head_pos,1,0.48856880139598546
LF1aCaOF11,word_index,0,0.4697189349112426
LF1aCaOF11,word_index,1,0.4979881656804733
LF1aCaOF11,word_length,0,0.4930827664754501
LF1aCaOF11,word_length,1,0.49318203191122534
LF1aCaOF11,word_part_speech,0,0.5221930172584806
LF1aCaOF11,word_part_speech,1,0.5126958936718904
LF1bIb7,delta_volume,0,0.6107645528353343
LF1bIb7,delta_volume,1,0.589626239511823
LF1bIb7,face_num,0,0.517517737166024
LF1bIb7,face_num,1,0.505261068096089
LF1bIb7,frame_brightness,0,0.4898697010543034
LF1bIb7,frame_brightness,1,0.5514978631808826
LF1bIb7,global_flow,0,0.4856274097990658
LF1bIb7,global_flow,1,0.4989812231591486
LF1bIb7,gpt2_surprisal,0,0.5111229533034493
LF1bIb7,gpt2_surprisal,1,0.5052819660825679
LF1bIb7,local_flow,0,0.4734804551581455
LF1bIb7,local_flow,1,0.4686843672612144
LF1bIb7,onset,0,0.5291082598968083
LF1bIb7,onset,1,0.5374640427377745
LF1bIb7,pitch,0,0.5165250828082715
LF1bIb7,pitch,1,0.5236303982111323
LF1bIb7,speech,0,0.48985635915511616
LF1bIb7,speech,1,0.5379773672912305
LF1bIb7,volume,0,0.49830726309520074
LF1bIb7,volume,1,0.4927692966782651
LF1bIb7,word_gap,0,0.49592064458163054
LF1bIb7,word_gap,1,0.47072718314349477
LF1bIb7,word_head_pos,0,0.4897025171624714
LF1bIb7,word_head_pos,1,0.5045505365558028
LF1bIb7,word_index,0,0.48100591715976326
LF1bIb7,word_index,1,0.5343786982248521
LF1bIb7,word_length,0,0.4896084762233158
LF1bIb7,word_length,1,0.4806902604934014
LF1bIb7,word_part_speech,0,0.5352236659392977
LF1bIb7,word_part_speech,1,0.5524201547312042
LF1cCb3,delta_volume,0,0.549371493056644
LF1cCb3,delta_volume,1,0.5936543264056509
LF1cCb3,face_num,0,0.5157675307984075
LF1cCb3,face_num,1,0.5137143036268456
LF1cCb3,frame_brightness,0,0.44962540359236386
LF1cCb3,frame_brightness,1,0.49807738524393175
LF1cCb3,global_flow,0,0.4867872480486505
LF1cCb3,global_flow,1,0.49261778627629227
LF1cCb3,gpt2_surprisal,0,0.48183442525312686
LF1cCb3,gpt2_surprisal,1,0.49467101344785425
LF1cCb3,local_flow,0,0.4912541926585373
LF1cCb3,local_flow,1,0.48741941213964035
LF1cCb3,onset,0,0.5407743938632938
LF1cCb3,onset,1,0.5344809217235134
LF1cCb3,pitch,0,0.5190223921925122
LF1cCb3,pitch,1,0.5049841697752422
LF1cCb3,speech,0,0.5192735801553017
LF1cCb3,speech,1,0.5284962764688734
LF1cCb3,volume,0,0.511567035516128
LF1cCb3,volume,1,0.5132075274547298
LF1cCb3,word_gap,0,0.4767556444367156
LF1cCb3,word_gap,1,0.5041590586325827
LF1cCb3,word_head_pos,0,0.5053028640690469
LF1cCb3,word_head_pos,1,0.5054752724574987
LF1cCb3,word_index,0,0.5014497041420118
LF1cCb3,word_index,1,0.5101923076923077
LF1cCb3,word_length,0,0.551738190025391
LF1cCb3,word_length,1,0.5025025338808606
LF1cCb3,word_part_speech,0,0.4925733981352906
LF1cCb3,word_part_speech,1,0.5043642134497124
RF3aOFa4,delta_volume,0,0.5103079318307682
RF3aOFa4,delta_volume,1,0.5152607546262917
RF3aOFa4,face_num,0,0.49980146912844947
RF3aOFa4,face_num,1,0.4843630816170862
RF3aOFa4,frame_brightness,0,0.4745149054888561
RF3aOFa4,frame_brightness,1,0.509869074114709
RF3aOFa4,global_flow,0,0.49435231915404954
RF3aOFa4,global_flow,1,0.49629583189659676
RF3aOFa4,gpt2_surprisal,0,0.5375223347230493
RF3aOFa4,gpt2_surprisal,1,0.532835961255133
RF3aOFa4,local_flow,0,0.5186044324629323
RF3aOFa4,local_flow,1,0.5008045724794417
RF3aOFa4,onset,0,0.5232561679070971
RF3aOFa4,onset,1,0.5063924021734167
RF3aOFa4,pitch,0,0.4949165647889826
RF3aOFa4,pitch,1,0.4984117530275958
RF3aOFa4,speech,0,0.5172263005856942
RF3aOFa4,speech,1,0.4950507513317255
RF3aOFa4,volume,0,0.5049841697752422
RF3aOFa4,volume,1,0.48563785879230537
RF3aOFa4,word_gap,0,0.5103179433672435
RF3aOFa4,word_gap,1,0.5242515143610701
RF3aOFa4,word_head_pos,0,0.49242970439798117
RF3aOFa4,word_head_pos,1,0.5012852261684587
RF3aOFa4,word_index,0,0.49356508875739646
RF3aOFa4,word_index,1,0.5394378698224852
RF3aOFa4,word_length,0,0.4701576753079841
RF3aOFa4,word_length,1,0.45053446600420044
RF3aOFa4,word_part_speech,0,0.467900714144019
RF3aOFa4,word_part_speech,1,0.4691405475104146
RF3aOFa16,delta_volume,0,0.5374753142534717
RF3aOFa16,delta_volume,1,0.5284735065776412
RF3aOFa16,face_num,0,0.5204539042663239
RF3aOFa16,face_num,1,0.5086360929124479
RF3aOFa16,frame_brightness,0,0.5056947013155282
RF3aOFa16,frame_brightness,1,0.4635643605738587
RF3aOFa16,global_flow,0,0.4892061899835951
RF3aOFa16,global_flow,1,0.4857998181875177
RF3aOFa16,gpt2_surprisal,0,0.5310805303908969
RF3aOFa16,gpt2_surprisal,1,0.49029810977712296
RF3aOFa16,local_flow,0,0.4727072296584225
RF3aOFa16,local_flow,1,0.5172826348181353
RF3aOFa16,onset,0,0.5267149140830708
RF3aOFa16,onset,1,0.5432933047197237
RF3aOFa16,pitch,0,0.49802514027773426
RF3aOFa16,pitch,1,0.5147853254338944
RF3aOFa16,speech,0,0.5630747621445419
RF3aOFa16,speech,1,0.554070707338404
RF3aOFa16,volume,0,0.536524455868677
RF3aOFa16,volume,1,0.5517434145220108
RF3aOFa16,word_gap,0,0.5063979943773005
RF3aOFa16,word_gap,1,0.5170202591079036
RF3aOFa16,word_head_pos,0,0.5031712694481887
RF3aOFa16,word_head_pos,1,0.4987304473214006
RF3aOFa16,word_index,0,0.5316272189349113
RF3aOFa16,word_index,1,0.4847189349112426
RF3aOFa16,word_length,0,0.5187663918581444
RF3aOFa16,word_length,1,0.4953031775388441
RF3aOFa16,word_part_speech,0,0.5012894267010514
RF3aOFa16,word_part_speech,1,0.5114188653045031
RF3bOFb12,delta_volume,0,0.5358400468114898
RF3bOFb12,delta_volume,1,0.5315664085765337
RF3bOFb12,face_num,0,0.5487001452410061
RF3bOFb12,face_num,1,0.5353802911089517
RF3bOFb12,frame_brightness,0,0.4869805544235813
RF3bOFb12,frame_brightness,1,0.5281809347669353
RF3bOFb12,global_flow,0,0.47883033969677025
RF3bOFb12,global_flow,1,0.5096026247871018
RF3bOFb12,gpt2_surprisal,0,0.5003395922802838
RF3bOFb12,gpt2_surprisal,1,0.5010971442901476
RF3bOFb12,local_flow,0,0.4755598048128063
RF3bOFb12,local_flow,1,0.4840443873232814
RF3bOFb12,onset,0,0.5209807771334642
RF3bOFb12,onset,1,0.5292832899563186
RF3bOFb12,pitch,0,0.5204643532595634
RF3bOFb12,pitch,1,0.5446015276428117
RF3bOFb12,speech,0,0.508659528794424
RF3bOFb12,speech,1,0.5225664537672594
RF3bOFb12,volume,0,0.5199210056111094
RF3bOFb12,volume,1,0.5157518573085483
RF3bOFb12,word_gap,0,0.4946598846477118
RF3bOFb12,word_gap,1,0.49429759731037887
RF3bOFb12,word_head_pos,0,0.5102870338442891
RF3bOFb12,word_head_pos,1,0.500585143621412
RF3bOFb12,word_index,0,0.5193934911242603
RF3bOFb12,word_index,1,0.5144230769230769
RF3bOFb12,word_length,0,0.4960868520318067
RF3bOFb12,word_length,1,0.5038034335391784
RF3bOFb12,word_part_speech,0,0.477112676056338
RF3bOFb12,word_part_speech,1,0.5191306288434834
RF2I8,delta_volume,0,0.5585457091209263
RF2I8,delta_volume,1,0.5737751167674994
RF2I8,face_num,0,0.5111386267933085
RF2I8,face_num,1,0.5108199324995036
RF2I8,frame_brightness,0,0.545432222605352
RF2I8,frame_brightness,1,0.5242939092818406
RF2I8,global_flow,0,0.4784437269469086
RF2I8,global_flow,1,0.4899062725306417
RF2I8,gpt2_surprisal,0,0.5069642539941277
RF2I8,gpt2_surprisal,1,0.4625873797059653
RF2I8,local_flow,0,0.5076852345276532
RF2I8,local_flow,1,0.4958099537109599
RF2I8,onset,0,0.5680943031520631
RF2I8,onset,1,0.5674094029191971
RF2I8,pitch,0,0.5063791103727157
RF2I8,pitch,1,0.5021890640836756
RF2I8,speech,0,0.5378713592876262
RF2I8,speech,1,0.5571383139427026
RF2I8,volume,0,0.5286302414762338
RF2I8,volume,1,0.5317283679717459
RF2I8,word_gap,0,0.4942251398429123
RF2I8,word_gap,1,0.528809089064719
RF2I8,word_head_pos,0,0.49165125440163837
RF2I8,word_head_pos,1,0.48794186180161536
RF2I8,word_index,0,0.5361094674556213
RF2I8,word_index,1,0.541301775147929
RF2I8,word_length,0,0.5160862250922124
RF2I8,word_length,1,0.5123925059820487
RF2I8,word_part_speech,0,0.5112762844673675
RF2I8,word_part_speech,1,0.5162790121007736
RF1aCaOF7,delta_volume,0,0.5974473109515899
RF1aCaOF7,delta_volume,1,0.5904569344743634
RF1aCaOF7,face_num,0,0.5191059841384282
RF1aCaOF7,face_num,1,0.508487194758785
RF1aCaOF7,frame_brightness,0,0.532083633741889
RF1aCaOF7,frame_brightness,1,0.5102765848510497
RF1aCaOF7,global_flow,0,0.4900003134697971
RF1aCaOF7,global_flow,1,0.4913377846044534
RF1aCaOF7,gpt2_surprisal,0,0.5182752891758879
RF1aCaOF7,gpt2_surprisal,1,0.5005642456349331
RF1aCaOF7,local_flow,0,0.4754788251152002
RF1aCaOF7,local_flow,1,0.4604401115952478
RF1aCaOF7,onset,0,0.560271220492215
RF1aCaOF7,onset,1,0.5576762096099113
RF1aCaOF7,pitch,0,0.5251402777342403
RF1aCaOF7,pitch,1,0.5299886105973689
RF1aCaOF7,speech,0,0.5086264012932975
RF1aCaOF7,speech,1,0.541416001908144
RF1aCaOF7,volume,0,0.5237662351232459
RF1aCaOF7,volume,1,0.5179095744125053
RF1aCaOF7,word_gap,0,0.49936599715966734
RF1aCaOF7,word_gap,1,0.49124713793003505
RF1aCaOF7,word_head_pos,0,0.47600388702548513
RF1aCaOF7,word_head_pos,1,0.5004545312059183
RF1aCaOF7,word_index,0,0.4906508875739645
RF1aCaOF7,word_index,1,0.5189497041420119
RF1aCaOF7,word_length,0,0.4936261141239041
RF1aCaOF7,word_length,1,0.49606072954870795
RF1aCaOF7,word_part_speech,0,0.5422163261257688
RF1aCaOF7,word_part_speech,1,0.543530549494148
RF1bCb3,delta_volume,0,0.5231497445221154
RF1bCb3,delta_volume,1,0.5579187695265561
RF1bCb3,face_num,0,0.5064888248017304
RF1bCb3,face_num,1,0.5159608371733384
RF1bCb3,frame_brightness,0,0.47944683029790086
RF1bCb3,frame_brightness,1,0.513181404971631
RF1bCb3,global_flow,0,0.49286856211404034
RF1bCb3,global_flow,1,0.48876210777091633
RF1bCb3,gpt2_surprisal,0,0.5038034335391784
RF1bCb3,gpt2_surprisal,1,0.5040333113904475
RF1bCb3,local_flow,0,0.477346582656761
RF1bCb3,local_flow,1,0.47519931454604347
RF1bCb3,onset,0,0.5549822686939714
RF1bCb3,onset,1,0.5660700424638143
RF1bCb3,pitch,0,0.5085054804969541
RF1bCb3,pitch,1,0.5177737375003919
RF1bCb3,speech,0,0.49120133570084534
RF1bCb3,speech,1,0.5185182731296213
RF1bCb3,volume,0,0.5133120173871247
RF1bCb3,volume,1,0.5294922834184926
RF1bCb3,word_gap,0,0.4800379677129525
RF1bCb3,word_gap,1,0.4988189432802944
RF1bCb3,word_head_pos,0,0.5367595582165658
RF1bCb3,word_head_pos,1,0.4891957409903556
RF1bCb3,word_index,0,0.4936686390532544
RF1bCb3,word_index,1,0.5309319526627219
RF1bCb3,word_length,0,0.5143255697313563
RF1bCb3,word_length,1,0.5007784499963429
RF1bCb3,word_part_speech,0,0.5286277524300734
RF1bCb3,word_part_speech,1,0.5184487204919659
LT2H5,delta_volume,0,0.5014837570400092
LT2H5,delta_volume,1,0.5196232093037836
LT2H5,face_num,0,0.4989237536963314
LT2H5,face_num,1,0.49158856044220145
LT2H5,frame_brightness,0,0.5032182899177664
LT2H5,frame_brightness,1,0.5040385358870673
LT2H5,global_flow,0,0.500167183891832
LT2H5,global_flow,1,0.5134635277890974
LT2H5,gpt2_surprisal,0,0.5229146421742265
LT2H5,gpt2_surprisal,1,0.5329352266909083
LT2H5,local_flow,0,0.4843265101407479
LT2H5,local_flow,1,0.4722631474457436
LT2H5,onset,0,0.5428443145670669
LT2H5,onset,1,0.5342145716329543
LT2H5,pitch,0,0.5099160945842868
LT2H5,pitch,1,0.5342100038661275
LT2H5,speech,0,0.5230434897834787
LT2H5,speech,1,0.5428139824556754
LT2H5,volume,0,0.4947023604275729
LT2H5,volume,1,0.5252499921632551
LT2H5,word_gap,0,0.5241790568936034
LT2H5,word_gap,1,0.49968118714314697
LT2H5,word_head_pos,0,0.4854079809410364
LT2H5,word_head_pos,1,0.49424260472503473
LT2H5,word_index,0,0.4516272189349112
LT2H5,word_index,1,0.47275147928994077
LT2H5,word_length,0,0.4896084762233158
LT2H5,word_length,1,0.46657889512345485
LT2H5,word_part_speech,0,0.4902673080737949
LT2H5,word_part_speech,1,0.5076497718706606
LT1A1,delta_volume,0,0.5317544904548447
LT1A1,delta_volume,1,0.5459024273011296
LT1A1,face_num,0,0.5049475982989039
LT1A1,face_num,1,0.5051618026603136
LT1A1,frame_brightness,0,0.49436276814728897
LT1A1,frame_brightness,1,0.4880306782441512
LT1A1,global_flow,0,0.4995768157738002
LT1A1,global_flow,1,0.49016749736162935
LT1A1,gpt2_surprisal,0,0.5049005778293262
LT1A1,gpt2_surprisal,1,0.5142001818124824
LT1A1,local_flow,0,0.4984744469870328
LT1A1,local_flow,1,0.4762442138699936
LT1A1,onset,0,0.5344809217235134
LT1A1,onset,1,0.5243596182822702
LT1A1,pitch,0,0.516869899585175
LT1A1,pitch,1,0.5330449411199232
LT1A1,speech,0,0.5490485781676516
LT1A1,speech,1,0.5022195425754644
LT1A1,volume,0,0.505219272123131
LT1A1,volume,1,0.48252405880693394
LT1A1,word_gap,0,0.498934875228241
LT1A1,word_gap,1,0.4925078978639539
LT1A1,word_head_pos,0,0.5228571727114093
LT1A1,word_head_pos,1,0.5319948172993532
LT1A1,word_index,0,0.5160798816568046
LT1A1,word_index,1,0.5097337278106508
LT1A1,word_length,0,0.4504926700312425
LT1A1,word_length,1,0.5024816358943816
LT1A1,word_part_speech,0,0.4933730906566157
LT1A1,word_part_speech,1,0.49755752826820077
LT1A13,delta_volume,0,0.5636030218488448
LT1A13,delta_volume,1,0.5473757353478993
LT1A13,face_num,0,0.4849012047689205
LT1A13,face_num,1,0.5048849043394669
LT1A13,frame_brightness,0,0.4858363896638559
LT1A13,frame_brightness,1,0.48724177925456885
LT1A13,global_flow,0,0.48271736518186475
LT1A13,global_flow,1,0.4803924641860757
LT1A13,gpt2_surprisal,0,0.47635392829900847
LT1A13,gpt2_surprisal,1,0.5184059015913818
LT1A13,local_flow,0,0.4678797947817728
LT1A13,local_flow,1,0.4639091773507623
LT1A13,onset,0,0.5823097879853278
LT1A13,onset,1,0.6058246959803967
LT1A13,pitch,0,0.5307566116004724
LT1A13,pitch,1,0.5136489974190986
LT1A13,speech,0,0.5407070733840404
LT1A13,speech,1,0.5665332732621313
LT1A13,volume,0,0.5110080143778147
LT1A13,volume,1,0.49554350438335265
LT1A13,word_gap,0,0.5356708112338058
LT1A13,word_gap,1,0.515991363069878
LT1A13,word_head_pos,0,0.4912437436652979
LT1A13,word_head_pos,1,0.49860505940252664
LT1A13,word_index,0,0.5764644970414201
LT1A13,word_index,1,0.5983284023668638
LT1A13,word_length,0,0.4956114228394094
LT1A13,word_length,1,0.4953763204915206
LT1A13,word_part_speech,0,0.5263216623685776
LT1A13,word_part_speech,1,0.5084432652251537
LF3aOFa11,delta_volume,0,0.5392464186075672
LF3aOFa11,delta_volume,1,0.5417907484613858
LF3aOFa11,face_num,0,0.4776809504404251
LF3aOFa11,face_num,1,0.46852763236262185
LF3aOFa11,frame_brightness,0,0.5608706101167152
LF3aOFa11,frame_brightness,1,0.5290899971787718
LF3aOFa11,global_flow,0,0.5167236136798219
LF3aOFa11,global_flow,1,0.5299729371075097
LF3aOFa11,gpt2_surprisal,0,0.5042658014900264
LF3aOFa11,gpt2_surprisal,1,0.49168260138135694
LF3aOFa11,local_flow,0,0.5248163589438158
LF3aOFa11,local_flow,1,0.5139441814781146
LF3aOFa11,onset,0,0.4895286364397364
LF3aOFa11,onset,1,0.47197236047060254
LF3aOFa11,pitch,0,0.504989394271862
LF3aOFa11,pitch,1,0.494383666133768
LF3aOFa11,speech,0,0.47942782180054594
LF3aOFa11,speech,1,0.4835687594413378
LF3aOFa11,volume,0,0.5024241664315643
LF3aOFa11,volume,1,0.4921057856075567
LF3aOFa11,word_gap,0,0.4949207315305915
LF3aOFa11,word_gap,1,0.4767411529432224
LF3aOFa11,word_head_pos,0,0.5340637179607745
LF3aOFa11,word_head_pos,1,0.5262948914872052
LF3aOFa11,word_index,0,0.46415680473372783
LF3aOFa11,word_index,1,0.47502958579881654
LF3aOFa11,word_length,0,0.5193201884998381
LF3aOFa11,word_length,1,0.5331494310523182
LF3aOFa11,word_part_speech,0,0.5073770085300535
LF3aOFa11,word_part_speech,1,0.5182379488196787
LF3cIc8,delta_volume,0,0.5661839231790017
LF3cIc8,delta_volume,1,0.548321369236074
LF3cIc8,face_num,0,0.5188708817905394
LF3cIc8,face_num,1,0.5282331797331328
LF3cIc8,frame_brightness,0,0.5073926627169472
LF3cIc8,frame_brightness,1,0.5007888989895823
LF3cIc8,global_flow,0,0.49937828490224956
LF3cIc8,global_flow,1,0.5063111919166589
LF3cIc8,gpt2_surprisal,0,0.48347230494341875
LF3cIc8,gpt2_surprisal,1,0.4990961620847831
LF3cIc8,local_flow,0,0.505428251987921
LF3cIc8,local_flow,1,0.48868896481823976
LF3cIc8,onset,0,0.5565955892425003
LF3cIc8,onset,1,0.5418169642177678
LF3cIc8,pitch,0,0.5208352925195657
LF3cIc8,pitch,1,0.5043206587045338
LF3cIc8,speech,0,0.4855232820077916
LF3cIc8,speech,1,0.5146754829989664
LF3cIc8,volume,0,0.5319895928027335
LF3cIc8,volume,1,0.5629029393017984
LF3cIc8,word_gap,0,0.5084195577196186
LF3cIc8,word_gap,1,0.5028330869779439
LF3cIc8,word_head_pos,0,0.5152085096600942
LF3cIc8,word_head_pos,1,0.48657304368724075
LF3cIc8,word_index,0,0.46189349112426037
LF3cIc8,word_index,1,0.47176035502958574
LF3cIc8,word_length,0,0.4633553807090687
LF3cIc8,word_length,1,0.465800445127112
LF3cIc8,word_part_speech,0,0.5018349533822654
LF3cIc8,word_part_speech,1,0.5170105137869471
LF3bOFb10,delta_volume,0,0.6056915666175564
LF3bOFb10,delta_volume,1,0.5667063728409768
LF3bOFb10,face_num,0,0.48612896147456197
LF3bOFb10,face_num,1,0.48515198060666853
LF3bOFb10,frame_brightness,0,0.5067552741293375
LF3bOFb10,frame_brightness,1,0.4974086496766037
LF3bOFb10,global_flow,0,0.4657273021744355
LF3bOFb10,global_flow,1,0.5125805878603596
LF3bOFb10,gpt2_surprisal,0,0.5081188677470926
LF3bOFb10,gpt2_surprisal,1,0.5073195197642708
LF3bOFb10,local_flow,0,0.4737416799891331
LF3bOFb10,local_flow,1,0.462932196482869
LF3bOFb10,onset,0,0.5704990639696818
LF3bOFb10,onset,1,0.5761609058947079
LF3bOFb10,pitch,0,0.5188552083006803
LF3bOFb10,pitch,1,0.48721043227485034
LF3bOFb10,speech,0,0.5264158693981396
LF3bOFb10,speech,1,0.5334256486364721
LF3bOFb10,volume,0,0.49832293658506005
LF3bOFb10,volume,1,0.5048744553462274
LF3bOFb10,word_gap,0,0.4740312436599716
LF3bOFb10,word_gap,1,0.4964568298408834
LF3bOFb10,word_head_pos,0,0.4898331295779651
LF3bOFb10,word_head_pos,1,0.4935216241915092
LF3bOFb10,word_index,0,0.5020710059171598
LF3bOFb10,word_index,1,0.5186538461538461
LF3bOFb10,word_length,0,0.4876179430111909
LF3bOFb10,word_length,1,0.4927483986917861
LF3bOFb10,word_part_speech,0,0.5054924618131323
LF3bOFb10,word_part_speech,1,0.48678337631422336
LF2b6,delta_volume,0,0.5576157487226105
LF2b6,delta_volume,1,0.5693447436339509
LF2b6,face_num,0,0.48459295946835523
LF2b6,face_num,1,0.4767353165522502
LF2b6,frame_brightness,0,0.46052892803778356
LF2b6,frame_brightness,1,0.5169796140141897
LF2b6,global_flow,0,0.5062589469504613
LF2b6,global_flow,1,0.49990073456422474
LF2b6,gpt2_surprisal,0,0.49697501645716435
LF2b6,gpt2_surprisal,1,0.5033489023332602
LF2b6,local_flow,0,0.5032548613941047
LF2b6,local_flow,1,0.496729465116036
LF2b6,onset,0,0.5338340715035843
LF2b6,onset,1,0.5272514192654825
LF2b6,pitch,0,0.4840130403435629
LF2b6,pitch,1,0.5003500412735232
LF2b6,speech,0,0.48699414305780087
LF2b6,speech,1,0.4977407044231839
LF2b6,volume,0,0.5321202052182272
LF2b6,volume,1,0.51173421940796
LF2b6,word_gap,0,0.501681013245225
LF2b6,word_gap,1,0.5080355331420456
LF2b6,word_head_pos,0,0.4719444531519388
LF2b6,word_head_pos,1,0.49352162419150913
LF2b6,word_index,0,0.4606508875739645
LF2b6,word_index,1,0.5100147928994083
LF2b6,word_length,0,0.5249574203525491
LF2b6,word_length,1,0.5227840297587327
LF2b6,word_part_speech,0,0.5222054155921445
LF2b6,word_part_speech,1,0.542687462804999
LF2e4,delta_volume,0,0.4942060332486965
LF2e4,delta_volume,1,0.543629771271538
LF2e4,face_num,0,0.47669352057929226
LF2e4,face_num,1,0.4871007178458356
LF2e4,frame_brightness,0,0.5431595665757605
LF2e4,frame_brightness,1,0.5335673907818981
LF2e4,global_flow,0,0.5114520965904935
LF2e4,global_flow,1,0.47312518938800247
LF2e4,gpt2_surprisal,0,0.4909354983647326
LF2e4,gpt2_surprisal,1,0.5058775586972195
LF2e4,local_flow,0,0.4964839137749078
LF2e4,local_flow,1,0.5110550348473925
LF2e4,onset,0,0.5575087895529883
LF2e4,onset,1,0.546717805884054
LF2e4,pitch,0,0.4756642947452013
LF2e4,pitch,1,0.4860453695286459
LF2e4,speech,0,0.481587734873983
LF2e4,speech,1,0.5449473935282114
LF2e4,volume,0,0.4916564788982582
LF2e4,volume,1,0.5082338066727271
LF2e4,word_gap,0,0.5061588847346608
LF2e4,word_gap,1,0.4976306408138423
LF2e4,word_head_pos,0,0.4764427447415442
LF2e4,word_head_pos,1,0.4637419934589302
LF2e4,word_index,0,0.4960650887573964
LF2e4,word_index,1,0.48013313609467456
LF2e4,word_length,0,0.5197590462158971
LF2e4,word_length,1,0.49599803558927097
LF2e4,word_part_speech,0,0.5517258480460226
LF2e4,word_part_speech,1,0.529322059115255
LF2c8,delta_volume,0,0.5903158730656302
LF2c8,delta_volume,1,0.5821970053185375
LF2c8,face_num,0,0.5022360845532532
LF2c8,face_num,1,0.4858363896638559
LF2c8,frame_brightness,0,0.516410143882637
LF2c8,frame_brightness,1,0.49896032517266964
LF2c8,global_flow,0,0.508782378817801
LF2c8,global_flow,1,0.4868708399945665
LF2c8,gpt2_surprisal,0,0.4937410530495387
LF2c8,gpt2_surprisal,1,0.4916094584286803
LF2c8,local_flow,0,0.4873462691869639
LF2c8,local_flow,1,0.4864267577818877
LF2c8,onset,0,0.5572043894494925
LF2c8,onset,1,0.5705447239852062
LF2c8,pitch,0,0.518123778773915
LF2c8,pitch,1,0.5325120424647085
LF2c8,speech,0,0.5313651180664141
LF2c8,speech,1,0.5623393316195373
LF2c8,volume,0,0.5181916972299718
LF2c8,volume,1,0.5105378096820371
LF2c8,word_gap,0,0.5195490247224879
LF2c8,word_gap,1,0.4898921832884097
LF2c8,word_head_pos,0,0.4835428356477853
LF2c8,word_head_pos,1,0.4921893775534727
LF2c8,word_index,0,0.4930029585798817
LF2c8,word_index,1,0.5499112426035503
LF2c8,word_length,0,0.506347763392997
LF2c8,word_length,1,0.46991734846347555
LF2c8,word_part_speech,0,0.5282062090854989
LF2c8,word_part_speech,1,0.5439892878397143
LF2aIa4,delta_volume,0,0.5791406747959835
LF2aIa4,delta_volume,1,0.5820768418962833
LF2aIa4,face_num,0,0.47749809305873375
LF2aIa4,face_num,1,0.48860537287232375
LF2aIa4,frame_brightness,0,0.5068649885583524
LF2aIa4,frame_brightness,1,0.509492910358087
LF2aIa4,global_flow,0,0.50586710970398
LF2aIa4,global_flow,1,0.46854330585248105
LF2aIa4,gpt2_surprisal,0,0.4872208812680898
LF2aIa4,gpt2_surprisal,1,0.5006530620774688
LF2aIa4,local_flow,0,0.47051816557474685
LF2aIa4,local_flow,1,0.49689664900786806
LF2aIa4,onset,0,0.5609256807147315
LF2aIa4,onset,1,0.5182792262149369
LF2aIa4,pitch,0,0.5123716079955696
LF2aIa4,pitch,1,0.5274181582604517
LF2aIa4,speech,0,0.49219516073463543
LF2aIa4,speech,1,0.4858678080195055
LF2aIa4,volume,0,0.5212845992288644
LF2aIa4,volume,1,0.5319948172993533
LF2aIa4,word_gap,0,0.48132771063385793
LF2aIa4,word_gap,1,0.4759006463206098
LF2aIa4,word_head_pos,0,0.48676112556555173
LF2aIa4,word_head_pos,1,0.48630659435963347
LF2aIa4,word_index,0,0.49877218934911244
LF2aIa4,word_index,1,0.5265976331360946
LF2aIa4,word_length,0,0.5084584600273764
LF2aIa4,word_length,1,0.49191247923262593
LF2aIa4,word_part_speech,0,0.5414476294386035
LF2aIa4,word_part_speech,1,0.501686173378298
LF2aIa16,delta_volume,0,0.5443507518050636
LF2aIa16,delta_volume,1,0.5602750175020637
LF2aIa16,face_num,0,0.47141155449672417
LF2aIa16,face_num,1,0.4656280367386602
LF2aIa16,frame_brightness,0,0.5294818344252531
LF2aIa16,frame_brightness,1,0.5120163422254266
LF2aIa16,global_flow,0,0.4847705923534268
LF2aIa16,global_flow,1,0.5089547872062526
LF2aIa16,gpt2_surprisal,0,0.48572667523484114
LF2aIa16,gpt2_surprisal,1,0.4971265268591371
LF2aIa16,local_flow,0,0.5067082536597598
LF2aIa16,local_flow,1,0.4932865218436204
LF2aIa16,onset,0,0.5584372098686514
LF2aIa16,onset,1,0.5685585133098945
LF2aIa16,pitch,0,0.5230243566032413
LF2aIa16,pitch,1,0.5236199492178929
LF2aIa16,speech,0,0.49102907269498847
LF2aIa16,speech,1,0.5261541621392415
LF2aIa16,volume,0,0.536440863922761
LF2aIa16,volume,1,0.5376633961317827
LF2aIa16,word_gap,0,0.5001666521751732
LF2aIa16,word_gap,1,0.47875547053879375
LF2aIa16,word_head_pos,0,0.46515783204288264
LF2aIa16,word_head_pos,1,0.5049319248090447
LF2aIa16,word_index,0,0.5093491124260355
LF2aIa16,word_index,1,0.5507840236686391
LF2aIa16,word_length,0,0.49400750237714597
LF2aIa16,word_length,1,0.4865625946940012
LF2aIa16,word_part_speech,0,0.4935156714937513
LF2aIa16,word_part_speech,1,0.49050287641341006
LF1aCaOF12,delta_volume,0,0.549684962853829
LF1aCaOF12,delta_volume,1,0.5731272791866504
LF1aCaOF12,face_num,0,0.47652633668746014
LF1aCaOF12,face_num,1,0.494529952039121
LF1aCaOF12,frame_brightness,0,0.5635925728556054
LF1aCaOF12,frame_brightness,1,0.5368170276793831
LF1aCaOF12,global_flow,0,0.5018181248236733
LF1aCaOF12,global_flow,1,0.5124395264516264
LF1aCaOF12,gpt2_surprisal,0,0.4675715494812075
LF1aCaOF12,gpt2_surprisal,1,0.4711033091961589
LF1aCaOF12,local_flow,0,0.48275916115482276
LF1aCaOF12,local_flow,1,0.477597358494509
LF1aCaOF12,onset,0,0.582142367928405
LF1aCaOF12,onset,1,0.5624096312192746
LF1aCaOF12,pitch,0,0.5017397573743769
LF1aCaOF12,pitch,1,0.5350981682914852
LF1aCaOF12,speech,0,0.5698857763761164
LF1aCaOF12,speech,1,0.5702568043887314
LF1aCaOF12,volume,0,0.5237453371367669
LF1aCaOF12,volume,1,0.5147487539575561
LF1aCaOF12,word_gap,0,0.48889227023737064
LF1aCaOF12,word_gap,1,0.5033402892502101
LF1aCaOF12,word_head_pos,0,0.4934484812388326
LF1aCaOF12,word_head_pos,1,0.5083696435848406
LF1aCaOF12,word_index,0,0.5271745562130177
LF1aCaOF12,word_index,1,0.4839792899408284
LF1aCaOF12,word_length,0,0.5397845417594014
LF1aCaOF12,word_length,1,0.5044042506504498
LF1aCaOF12,word_part_speech,0,0.5363023209680619
LF1aCaOF12,word_part_speech,1,0.5383480460226147
LF1bIb8,delta_volume,0,0.5960105743811583
LF1bIb8,delta_volume,1,0.6026300115983825
LF1bIb8,face_num,0,0.49887150873013386
LF1bIb8,face_num,1,0.5011911852293032
LF1bIb8,frame_brightness,0,0.5221936616407009
LF1bIb8,frame_brightness,1,0.5688693144415535
LF1bIb8,global_flow,0,0.4916251319185396
LF1bIb8,global_flow,1,0.5116245049789453
LF1bIb8,gpt2_surprisal,0,0.5158929187172816
LF1bIb8,gpt2_surprisal,1,0.4926282352695318
LF1bIb8,local_flow,0,0.4851258581235698
LF1bIb8,local_flow,1,0.47489106924547825
LF1bIb8,onset,0,0.5410864039693775
LF1bIb8,onset,1,0.5230126478243002
LF1bIb8,pitch,0,0.4969959144436433
LF1bIb8,pitch,1,0.5233482753936658
LF1bIb8,speech,0,0.5046842286592638
LF1bIb8,speech,1,0.5358638327193703
LF1bIb8,volume,0,0.5066194372172241
LF1bIb8,volume,1,0.5148009989237536
LF1bIb8,word_gap,0,0.4892762948149436
LF1bIb8,word_gap,1,0.46695214908848504
LF1bIb8,word_head_pos,0,0.4909146003782535
LF1bIb8,word_head_pos,1,0.5117185459181007
LF1bIb8,word_index,0,0.4841420118343195
LF1bIb8,word_index,1,0.511301775147929
LF1bIb8,word_length,0,0.5243409297514184
LF1bIb8,word_length,1,0.4990674273533745
LF1bIb8,word_part_speech,0,0.5528169014084507
LF1bIb8,word_part_speech,1,0.5634670700257886
LF1cCb4,delta_volume,0,0.5713091543629771
LF1cCb4,delta_volume,1,0.5550975413518908
LF1cCb4,face_num,0,0.5133642623533222
LF1cCb4,face_num,1,0.48958235374021714
LF1cCb4,frame_brightness,0,0.5108068712579543
LF1cCb4,frame_brightness,1,0.5430341786568864
LF1cCb4,global_flow,0,0.44773936031263395
LF1cCb4,global_flow,1,0.4872052077782306
LF1cCb4,gpt2_surprisal,0,0.4972571392746309
LF1cCb4,gpt2_surprisal,1,0.4736058430770195
LF1cCb4,local_flow,0,0.4953763204915207
LF1cCb4,local_flow,1,0.4910347638005078
LF1cCb4,onset,0,0.5473874861117453
LF1cCb4,onset,1,0.5461851057029359
LF1cCb4,pitch,0,0.5267546471897433
LF1cCb4,pitch,1,0.5006269395943701
LF1cCb4,speech,0,0.5219767842472107
LF1cCb4,speech,1,0.5187965441390825
LF1cCb4,volume,0,0.5059559261465157
LF1cCb4,volume,1,0.4984117530275958
LF1cCb4,word_gap,0,0.5144552647595861
LF1cCb4,word_gap,1,0.5103541721009768
LF1cCb4,word_head_pos,0,0.515610795899815
LF1cCb4,word_head_pos,1,0.47977597358494506
LF1cCb4,word_index,0,0.5005621301775147
LF1cCb4,word_index,1,0.5120562130177515
LF1cCb4,word_length,0,0.553770519210474
LF1cCb4,word_length,1,0.4849482252384983
LF1cCb4,word_part_speech,0,0.5421543344574489
LF1cCb4,word_part_speech,1,0.5388563777028368
RF3aOFa5,delta_volume,0,0.4869492074438629
RF3aOFa5,delta_volume,1,0.5033906983062182
RF3aOFa5,face_num,0,0.49875656980449934
RF3aOFa5,face_num,1,0.49355297117122765
RF3aOFa5,frame_brightness,0,0.4805805460643867
RF3aOFa5,frame_brightness,1,0.5151405912040374
RF3aOFa5,global_flow,0,0.4632508907766737
RF3aOFa5,global_flow,1,0.46266574715526154
RF3aOFa5,gpt2_surprisal,0,0.5253440331024106
RF3aOFa5,gpt2_surprisal,1,0.5327523693092171
RF3aOFa5,local_flow,0,0.4938089715055955
RF3aOFa5,local_flow,1,0.4755859272959051
RF3aOFa5,onset,0,0.5187053863598314
RF3aOFa5,onset,1,0.5097331933092857
RF3aOFa5,pitch,0,0.48203295612467734
RF3aOFa5,pitch,1,0.5161436945550297
RF3aOFa5,speech,0,0.5178093446055178
RF3aOFa5,speech,1,0.4951832613362308
RF3aOFa5,volume,0,0.4900159869596564
RF3aOFa5,volume,1,0.4684910608862836
RF3aOFa5,word_gap,0,0.48856621163377095
RF3aOFa5,word_gap,1,0.5111729414833492
RF3aOFa5,word_head_pos,0,0.4840966322894789
RF3aOFa5,word_head_pos,1,0.5255477884705809
RF3aOFa5,word_index,0,0.496775147928994
RF3aOFa5,word_index,1,0.5311686390532544
RF3aOFa5,word_length,0,0.48191279270242304
RF3aOFa5,word_length,1,0.46821938706205657
RF3aOFa5,word_part_speech,0,0.5029756000793494
RF3aOFa5,word_part_speech,1,0.5259993056933148
RF3bOFb1,delta_volume,0,0.48433695913398744
RF3bOFb1,delta_volume,1,0.49494791176870107
RF3bOFb1,face_num,0,0.5292101606010261
RF3bOFb1,face_num,1,0.4890442305883828
RF3bOFb1,frame_brightness,0,0.49002643595289597
RF3bOFb1,frame_brightness,1,0.5246387260587443
RF3bOFb1,global_flow,0,0.5239961129745149
RF3bOFb1,global_flow,1,0.532229919647242
RF3bOFb1,gpt2_surprisal,0,0.5083278476118827
RF3bOFb1,gpt2_surprisal,1,0.5054595989676395
RF3bOFb1,local_flow,0,0.5167654096527798
RF3bOFb1,local_flow,1,0.5099422170673855
RF3bOFb1,onset,0,0.526026208848911
RF3bOFb1,onset,1,0.5503706071260064
RF3bOFb1,pitch,0,0.50901225666907
RF3bOFb1,pitch,1,0.549162513191854
RF3bOFb1,speech,0,0.5191741976519227
RF3bOFb1,speech,1,0.5537394323271407
RF3bOFb1,volume,0,0.48030887224015967
RF3bOFb1,volume,1,0.5086935623752651
RF3bOFb1,word_gap,0,0.5001594064284265
RF3bOFb1,word_gap,1,0.5004927107787729
RF3bOFb1,word_head_pos,0,0.5132493234276877
RF3bOFb1,word_head_pos,1,0.5289175887903199
RF3bOFb1,word_index,0,0.4645118343195266
RF3bOFb1,word_index,1,0.49013313609467457
RF3bOFb1,word_length,0,0.4932081543943242
RF3bOFb1,word_length,1,0.52053749621224
RF3bOFb1,word_part_speech,0,0.5141836937115651
RF3bOFb1,word_part_speech,1,0.518423923824638
RF3bOFb13,delta_volume,0,0.5520516598225761
RF3bOFb13,delta_volume,1,0.5609698755524906
RF3bOFb13,face_num,0,0.5368901706320596
RF3bOFb13,face_num,1,0.518481656792368
RF3bOFb13,frame_brightness,0,0.48384585645173095
RF3bOFb13,frame_brightness,1,0.5250305633052257
RF3bOFb13,global_flow,0,0.46137007199356345
RF3bOFb13,global_flow,1,0.4986991003416821
RF3bOFb13,gpt2_surprisal,0,0.505072986217778
RF3bOFb13,gpt2_surprisal,1,0.49369142033165103
RF3bOFb13,local_flow,0,0.49318203191122534
RF3bOFb13,local_flow,1,0.4870432483830183
RF3bOFb13,onset,0,0.5589394700394198
RF3bOFb13,onset,1,0.540454773754623
RF3bOFb13,pitch,0,0.5312738367658276
RF3bOFb13,pitch,1,0.5440581799943576
RF3bOFb13,speech,0,0.49060504068057137
RF3bOFb13,speech,1,0.5166631330665464
RF3bOFb13,volume,0,0.515422714021504
RF3bOFb13,volume,1,0.507460581173004
RF3bOFb13,word_gap,0,0.49804364837840187
RF3bOFb13,word_gap,1,0.4855374894936672
RF3bOFb13,word_head_pos,0,0.4892741084396519
RF3bOFb13,word_head_pos,1,0.5125649143705004
RF3bOFb13,word_index,0,0.5546153846153845
RF3bOFb13,word_index,1,0.5232988165680473
RF3bOFb13,word_length,0,0.49352162419150913
RF3bOFb13,word_length,1,0.5018390228101522
RF3bOFb13,word_part_speech,0,0.5092367585796469
RF3bOFb13,word_part_speech,1,0.5440140845070423
RF2I9,delta_volume,0,0.5820925153861425
RF2I9,delta_volume,1,0.5577986061043019
RF2I9,face_num,0,0.5112483412223232
RF2I9,face_num,1,0.5146416517768513
RF2I9,frame_brightness,0,0.5258978297441042
RF2I9,frame_brightness,1,0.5131657314817717
RF2I9,global_flow,0,0.5012277567056413
RF2I9,global_flow,1,0.49131688661797435
RF2I9,gpt2_surprisal,0,0.4991849785273189
RF2I9,gpt2_surprisal,1,0.47053383906460616
RF2I9,local_flow,0,0.4835376111511656
RF2I9,local_flow,1,0.48748733059569715
RF2I9,onset,0,0.5475549061686681
RF2I9,onset,1,0.5519230476538362
RF2I9,pitch,0,0.5220578247285873
RF2I9,pitch,1,0.5136516096674085
RF2I9,speech,0,0.5187037871359288
RF2I9,speech,1,0.5440927039991519
RF2I9,volume,0,0.5257358703488918
RF2I9,volume,1,0.5021629416005768
RF2I9,word_gap,0,0.49789148769672203
RF2I9,word_gap,1,0.5324174709445555
RF2I9,word_head_pos,0,0.4799431574767771
RF2I9,word_head_pos,1,0.48713206482555405
RF2I9,word_index,0,0.5106656804733728
RF2I9,word_index,1,0.5318195266272189
RF2I9,word_length,0,0.5067866211090561
RF2I9,word_length,1,0.4987252228247809
RF2I9,word_part_speech,0,0.4938132315016862
RF2I9,word_part_speech,1,0.5156714937512398
RF1aCaOF8,delta_volume,0,0.5910629760822544
RF1aCaOF8,delta_volume,1,0.604024952195856
RF1aCaOF8,face_num,0,0.5265169325935447
RF1aCaOF8,face_num,1,0.5062693959437008
RF1aCaOF8,frame_brightness,0,0.5297587327460999
RF1aCaOF8,frame_brightness,1,0.5101041764625979
RF1aCaOF8,global_flow,0,0.4832868353134175
RF1aCaOF8,global_flow,1,0.4949609730102505
RF1aCaOF8,gpt2_surprisal,0,0.5135680177214925
RF1aCaOF8,gpt2_surprisal,1,0.50335412682988
RF1aCaOF8,local_flow,0,0.48469222490413055
RF1aCaOF8,local_flow,1,0.47492241622519665
RF1aCaOF8,onset,0,0.5767012160784134
RF1aCaOF8,onset,1,0.5665723026345829
RF1aCaOF8,pitch,0,0.5216032935226691
RF1aCaOF8,pitch,1,0.5267337492032642
RF1aCaOF8,speech,0,0.5188760501417857
RF1aCaOF8,speech,1,0.5248588768452018
RF1aCaOF8,volume,0,0.5276637096015799
RF1aCaOF8,volume,1,0.517747615017293
RF1aCaOF8,word_gap,0,0.4972393704895227
RF1aCaOF8,word_gap,1,0.4971234385415761
RF1aCaOF8,word_head_pos,0,0.47944683029790075
RF1aCaOF8,word_head_pos,1,0.4992111010104176
RF1aCaOF8,word_index,0,0.4991715976331361
RF1aCaOF8,word_index,1,0.5440532544378699
RF1aCaOF8,word_length,0,0.4982759161154823
RF1aCaOF8,word_length,1,0.49343803224559313
RF1aCaOF8,word_part_speech,0,0.5309462408252331
RF1aCaOF8,word_part_speech,1,0.5541931164451498
RF1bCb4,delta_volume,0,0.5188447593074408
RF1bCb4,delta_volume,1,0.5640993490277212
RF1bCb4,face_num,0,0.5237557861300064
RF1bCb4,face_num,1,0.48874120978443725
RF1bCb4,frame_brightness,0,0.4738618434113873
RF1bCb4,frame_brightness,1,0.514712182481218
RF1bCb4,global_flow,0,0.44890964755545804
RF1bCb4,global_flow,1,0.48508406215061184
RF1bCb4,gpt2_surprisal,0,0.45842868039664375
RF1bCb4,gpt2_surprisal,1,0.5035160862250923
RF1bCb4,local_flow,0,0.48172993532073183
RF1bCb4,local_flow,1,0.49905959060844485
RF1bCb4,onset,0,0.5257370287505898
RF1bCb4,onset,1,0.5356300321142109
RF1bCb4,pitch,0,0.4994566523515459
RF1bCb4,pitch,1,0.5358139243283909
RF1bCb4,speech,0,0.4757771711764238
RF1bCb4,speech,1,0.5004571595155434
RF1bCb4,volume,0,0.49856848792618835
RF1bCb4,volume,1,0.4956009738461699
RF1bCb4,word_gap,0,0.5092455728487377
RF1bCb4,word_gap,1,0.5068399849288467
RF1bCb4,word_head_pos,0,0.49667199565321885
RF1bCb4,word_head_pos,1,0.48890316917964954
RF1bCb4,word_index,0,0.46579881656804734
RF1bCb4,word_index,1,0.5165828402366864
RF1bCb4,word_length,0,0.47769662393028434
RF1bCb4,word_length,1,0.498218446652665
RF1bCb4,word_part_speech,0,0.48358460622892285
RF1bCb4,word_part_speech,1,0.49573497321959925
LT2H6,delta_volume,0,0.5702590305424072
LT2H6,delta_volume,1,0.5817738210923378
LT2H6,face_num,0,0.48465042893117244
LT2H6,face_num,1,0.4875552490517539
LT2H6,frame_brightness,0,0.5002821228174665
LT2H6,frame_brightness,1,0.4771532762818302
LT2H6,global_flow,0,0.5187507183682851
LT2H6,global_flow,1,0.52891758879032
LT2H6,gpt2_surprisal,0,0.4713175135575688
LT2H6,gpt2_surprisal,1,0.5106422996144322
LT2H6,local_flow,0,0.5363415984869858
LT2H6,local_flow,1,0.49629583189659676
LT2H6,onset,0,0.5170996758138897
LT2H6,onset,1,0.5478364762644019
LT2H6,pitch,0,0.48064324002382364
LT2H6,pitch,1,0.5003918372464813
LT2H6,speech,0,0.48487398298571543
LT2H6,speech,1,0.49719078790448673
LT2H6,volume,0,0.49249762285403803
LT2H6,volume,1,0.5484415326583284
LT2H6,word_gap,0,0.5184476712169956
LT2H6,word_gap,1,0.5293452743239719
LT2H6,word_head_pos,0,0.4887464342810571
LT2H6,word_head_pos,1,0.4968862000146286
LT2H6,word_index,0,0.4739792899408284
LT2H6,word_index,1,0.5144822485207101
LT2H6,word_length,0,0.4811656896857987
LT2H6,word_length,1,0.48901288360866435
LT2H6,word_part_speech,0,0.5481179329498116
LT2H6,word_part_speech,1,0.5132290220194405
LT1A2,delta_volume,0,0.5442932823422463
LT1A2,delta_volume,1,0.5419892793329362
LT1A2,face_num,0,0.5063007429234193
LT1A2,face_num,1,0.5041012298465043
LT1A2,frame_brightness,0,0.513432180809379
LT1A2,frame_brightness,1,0.5290168542260953
LT1A2,global_flow,0,0.5001724083884518
LT1A2,global_flow,1,0.5227056623094365
LT1A2,gpt2_surprisal,0,0.47462461991787086
LT1A2,gpt2_surprisal,1,0.47352486337941335
LT1A2,local_flow,0,0.5044930670929856
LT1A2,local_flow,1,0.4916826013813569
LT1A2,onset,0,0.5274644993379297
LT1A2,onset,1,0.5023971508150312
LT1A2,pitch,0,0.5284735065776412
LT1A2,pitch,1,0.5440895269740761
LT1A2,speech,0,0.5436289189833832
LT1A2,speech,1,0.517570826597408
LT1A2,volume,0,0.5038295560222773
LT1A2,volume,1,0.5088973177434355
LT1A2,word_gap,0,0.49698576935338956
LT1A2,word_gap,1,0.49514534967973794
LT1A2,word_head_pos,0,0.5065253962780687
LT1A2,word_head_pos,1,0.4977325684670283
LT1A2,word_index,0,0.46054733727810654
LT1A2,word_index,1,0.48752958579881656
LT1A2,word_length,0,0.4918497852731889
LT1A2,word_length,1,0.5031921674346675
LT1A2,word_part_speech,0,0.5362403292997421
LT1A2,word_part_speech,1,0.520072902201944
LT1A14,delta_volume,0,0.5902636280994326
LT1A14,delta_volume,1,0.6055923011817811
LT1A14,face_num,0,0.5084689090206158
LT1A14,face_num,1,0.4970795063895594
LT1A14,frame_brightness,0,0.4853505114782191
LT1A14,frame_brightness,1,0.488600148375704
LT1A14,global_flow,0,0.5044094751470696
LT1A14,global_flow,1,0.46937400081502145
LT1A14,gpt2_surprisal,0,0.4815366289458011
LT1A14,gpt2_surprisal,1,0.5253283596125513
LT1A14,local_flow,0,0.47115032966573667
LT1A14,local_flow,1,0.45347585760112014
LT1A14,onset,0,0.5842959986606395
LT1A14,onset,1,0.5796691170874998
LT1A14,pitch,0,0.4992842439630942
LT1A14,pitch,1,0.5113110351817602
LT1A14,speech,0,0.4940966792992871
LT1A14,speech,1,0.5177762171043914
LT1A14,volume,0,0.5264516263857977
LT1A14,volume,1,0.4995924892636594
LT1A14,word_gap,0,0.5358012346752457
LT1A14,word_gap,1,0.5414891458713735
LT1A14,word_head_pos,0,0.49279019466474405
LT1A14,word_head_pos,1,0.5033071063603022
LT1A14,word_index,0,0.5489201183431953
LT1A14,word_index,1,0.5647633136094674
LT1A14,word_length,0,0.5025129828741001
LT1A14,word_length,1,0.49473370740729133
LT1A14,word_part_speech,0,0.5300659591350922
LT1A14,word_part_speech,1,0.5191182305098194
LF3aOFa12,delta_volume,0,0.5861101532867308
LF3aOFa12,delta_volume,1,0.5667272708274558
LF3aOFa12,face_num,0,0.48413320376581714
LF3aOFa12,face_num,1,0.480638015527204
LF3aOFa12,frame_brightness,0,0.5225332539209847
LF3aOFa12,frame_brightness,1,0.5139023855051567
LF3aOFa12,global_flow,0,0.4770592353426747
LF3aOFa12,global_flow,1,0.5131761804750112
LF3aOFa12,gpt2_surprisal,0,0.4998171426183087
LF3aOFa12,gpt2_surprisal,1,0.5041900462890401
LF3aOFa12,local_flow,0,0.48459295946835523
LF3aOFa12,local_flow,1,0.5004101229846505
LF3aOFa12,onset,0,0.4975876291797938
LF3aOFa12,onset,1,0.48055644338919073
LF3aOFa12,pitch,0,0.5233064794207078
LF3aOFa12,pitch,1,0.516849001598696
LF3aOFa12,speech,0,0.45458882145601986
LF3aOFa12,speech,1,0.4806469138419951
LF3aOFa12,volume,0,0.5226220703635205
LF3aOFa12,volume,1,0.4804133621725546
LF3aOFa12,word_gap,0,0.49294988841550014
LF3aOFa12,word_gap,1,0.48500130423441445
LF3aOFa12,word_head_pos,0,0.48524079704920425
LF3aOFa12,word_head_pos,1,0.49961861174675815
LF3aOFa12,word_index,0,0.429689349112426
LF3aOFa12,word_index,1,0.5046005917159764
LF3aOFa12,word_length,0,0.5108460549826024
LF3aOFa12,word_length,1,0.5101355234423164
LF3aOFa12,word_part_speech,0,0.5087036302320969
LF3aOFa12,word_part_speech,1,0.5229989089466376
LF3cIc9,delta_volume,0,0.557715014158386
LF3cIc9,delta_volume,1,0.5598204862961453
LF3cIc9,face_num,0,0.4987565698044993
LF3cIc9,face_num,1,0.5171781448857402
LF3cIc9,frame_brightness,0,0.507523275132441
LF3cIc9,frame_brightness,1,0.5096862167330177
LF3cIc9,global_flow,0,0.5122462200766956
LF3cIc9,global_flow,1,0.5047072714543954
LF3cIc9,gpt2_surprisal,0,0.48754480005851436
LF3cIc9,gpt2_surprisal,1,0.4986259573890056
LF3cIc9,local_flow,0,0.5051252311839755
LF3cIc9,local_flow,1,0.4914057030605101
LF3cIc9,onset,0,0.5351353819460298
LF3cIc9,onset,1,0.5446783251906305
LF3cIc9,pitch,0,0.5160966740854518
LF3cIc9,pitch,1,0.5204486797697042
LF3cIc9,speech,0,0.49093631569183477
LF3cIc9,speech,1,0.5453449235417274
LF3cIc9,volume,0,0.5274077092672121
LF3cIc9,volume,1,0.526509095848615
LF3cIc9,word_gap,0,0.5200417355012608
LF3cIc9,word_gap,1,0.49907254441642757
LF3cIc9,word_head_pos,0,0.4879052903252771
LF3cIc9,word_head_pos,1,0.47942070781480206
LF3cIc9,word_index,0,0.5003846153846154
LF3cIc9,word_index,1,0.5054289940828403
LF3cIc9,word_length,0,0.4871372893221738
LF3cIc9,word_length,1,0.47449400750237714
LF3cIc9,word_part_speech,0,0.5126586986708986
LF3cIc9,word_part_speech,1,0.5025540567347748
LF3bOFb11,delta_volume,0,0.5826358630345967
LF3bOFb11,delta_volume,1,0.5648934725139233
LF3bOFb11,face_num,0,0.49090937588163386
LF3bOFb11,face_num,1,0.5065201717814489
LF3bOFb11,frame_brightness,0,0.5178312069632091
LF3bOFb11,frame_brightness,1,0.4942217067385557
LF3bOFb11,global_flow,0,0.5183693301150434
LF3bOFb11,global_flow,1,0.5417280545019487
LF3bOFb11,gpt2_surprisal,0,0.4971004043760384
LF3bOFb11,gpt2_surprisal,1,0.5110707083372517
LF3bOFb11,local_flow,0,0.48772243294358586
LF3bOFb11,local_flow,1,0.5038661274986155
LF3bOFb11,onset,0,0.5710317641507998
LF3bOFb11,onset,1,0.5597309103085095
LF3bOFb11,pitch,0,0.539168051158271
LF3bOFb11,pitch,1,0.49414333928925946
LF3bOFb11,speech,0,0.5137545384676543
LF3bOFb11,speech,1,0.5121312909124639
LF3bOFb11,volume,0,0.5143516922144551
LF3bOFb11,volume,1,0.49272750070530713
LF3bOFb11,word_gap,0,0.4840593571573486
LF3bOFb11,word_gap,1,0.4594600469524389
LF3bOFb11,word_head_pos,0,0.5029518405901592
LF3bOFb11,word_head_pos,1,0.5028369016645247
LF3bOFb11,word_index,0,0.464319526627219
LF3bOFb11,word_index,1,0.5121449704142012
LF3bOFb11,word_length,0,0.5208614150026645
LF3bOFb11,word_length,1,0.5132075274547298
LF3bOFb11,word_part_speech,0,0.5260860940289624
LF3bOFb11,word_part_speech,1,0.5557057131521524
LF2b7,delta_volume,0,0.5416758095357512
LF2b7,delta_volume,1,0.5416235645695537
LF2b7,face_num,0,0.5335987377616167
LF2b7,face_num,1,0.514330794227976
LF2b7,frame_brightness,0,0.46451521895865333
LF2b7,frame_brightness,1,0.5239804394846557
LF2b7,global_flow,0,0.4991066110780226
LF2b7,global_flow,1,0.49212668359403566
LF2b7,gpt2_surprisal,0,0.5105169116955582
LF2b7,gpt2_surprisal,1,0.5039392704512919
LF2b7,local_flow,0,0.49985371409464696
LF2b7,local_flow,1,0.5276271381252416
LF2b7,onset,0,0.5395491834467224
LF2b7,onset,1,0.5341536916122551
LF2b7,pitch,0,0.49761762954139377
LF2b7,pitch,1,0.5292833035537026
LF2b7,speech,0,0.5302189065274427
LF2b7,speech,1,0.5016099965547399
LF2b7,volume,0,0.501865145293251
LF2b7,volume,1,0.5052244966197508
LF2b7,word_gap,0,0.4794148334927398
LF2b7,word_gap,1,0.49123989218328845
LF2b7,word_head_pos,0,0.4939395839210892
LF2b7,word_head_pos,1,0.5069851519806067
LF2b7,word_index,0,0.5084319526627219
LF2b7,word_index,1,0.5025295857988166
LF2b7,word_length,0,0.49718922081857414
LF2b7,word_length,1,0.49989551006760496
LF2b7,word_part_speech,0,0.5262100773656021
LF2b7,word_part_speech,1,0.5058396151557232
LF2e5,delta_volume,0,0.5367909051962844
LF2e5,delta_volume,1,0.5417228300053291
LF2e5,face_num,0,0.503416820789317
LF2e5,face_num,1,0.5218749673468961
LF2e5,frame_brightness,0,0.5220055797623899
LF2e5,frame_brightness,1,0.5211853337930891
LF2e5,global_flow,0,0.5026122483098754
LF2e5,global_flow,1,0.503228738911006
LF2e5,gpt2_surprisal,0,0.4717668202668673
LF2e5,gpt2_surprisal,1,0.5102034418983731
LF2e5,local_flow,0,0.49274317419516633
LF2e5,local_flow,1,0.5257358703488918
LF2e5,onset,0,0.5686498333409433
LF2e5,onset,1,0.532365341004216
LF2e5,pitch,0,0.49169827487121615
LF2e5,pitch,1,0.5073456422473694
LF2e5,speech,0,0.5005234145177961
LF2e5,speech,1,0.5314843770704689
LF2e5,volume,0,0.4840234893368024
LF2e5,volume,1,0.5019121657628287
LF2e5,word_gap,0,0.4625612265600093
LF2e5,word_gap,1,0.45189548734892615
LF2e5,word_head_pos,0,0.4834226722255311
LF2e5,word_head_pos,1,0.4949217892856024
LF2e5,word_index,0,0.4943491124260355
LF2e5,word_index,1,0.45477810650887573
LF2e5,word_length,0,0.48558038932948816
LF2e5,word_length,1,0.48438920410018493
LF2e5,word_part_speech,0,0.5447827811942074
LF2e5,word_part_speech,1,0.5654508034120215
LF2d1,delta_volume,0,0.5644546147978643
LF2d1,delta_volume,1,0.5863922761041973
LF2d1,face_num,0,0.48066413801030267
LF2d1,face_num,1,0.4784123799671902
LF2d1,frame_brightness,0,0.5252656656531143
LF2d1,frame_brightness,1,0.4553775743707093
LF2d1,global_flow,0,0.496353301359414
LF2d1,global_flow,1,0.4937358285529189
LF2d1,gpt2_surprisal,0,0.5023614724721274
LF2d1,gpt2_surprisal,1,0.5093936449223118
LF2d1,local_flow,0,0.48483851080948354
LF2d1,local_flow,1,0.5014733080467697
LF2d1,onset,0,0.5689161834315024
LF2d1,onset,1,0.5661233124819263
LF2d1,pitch,0,0.5149054888561487
LF2d1,pitch,1,0.5036728211236847
LF2d1,speech,0,0.5127872154347654
LF2d1,speech,1,0.5284233959663954
LF2d1,volume,0,0.5238080310962039
LF2d1,volume,1,0.5038713519952353
LF2d1,word_gap,0,0.49775381850853545
LF2d1,word_gap,1,0.5095136654783642
LF2d1,word_head_pos,0,0.49392391043122996
LF2d1,word_head_pos,1,0.5314723676373782
LF2d1,word_index,0,0.5119378698224852
LF2d1,word_index,1,0.5024704142011834
LF2d1,word_length,0,0.48572667523484114
LF2d1,word_length,1,0.5113423821614788
LF2d1,word_part_speech,0,0.5199861138662965
LF2d1,word_part_speech,1,0.5092367585796469
LF2aIa5,delta_volume,0,0.5629551842679958
LF2aIa5,delta_volume,1,0.5747155261590545
LF2aIa5,face_num,0,0.4480737280962979
LF2aIa5,face_num,1,0.4548760226952133
LF2aIa5,frame_brightness,0,0.4953867694847602
LF2aIa5,frame_brightness,1,0.48047083163537196
LF2aIa5,global_flow,0,0.5266710552438273
LF2aIa5,global_flow,1,0.4880724742171092
LF2aIa5,gpt2_surprisal,0,0.49050186514529326
LF2aIa5,gpt2_surprisal,1,0.500250775837748
LF2aIa5,local_flow,0,0.4839555708807457
LF2aIa5,local_flow,1,0.47597776454238633
LF2aIa5,onset,0,0.5084166628616654
LF2aIa5,onset,1,0.5417408641918938
LF2aIa5,pitch,0,0.5210547213775953
LF2aIa5,pitch,1,0.5264777488688965
LF2aIa5,speech,0,0.47849362626878333
LF2aIa5,speech,1,0.5052407706781862
LF2aIa5,volume,0,0.4927013782222083
LF2aIa5,volume,1,0.4897625988735985
LF2aIa5,word_gap,0,0.4734660754137321
LF2aIa5,word_gap,1,0.5086007013882851
LF2aIa5,word_head_pos,0,0.492288642989248
LF2aIa5,word_head_pos,1,0.4941172168061607
LF2aIa5,word_index,0,0.4540532544378698
LF2aIa5,word_index,1,0.505887573964497
LF2aIa5,word_length,0,0.4791202992591664
LF2aIa5,word_length,1,0.4960241580723697
LF2aIa5,word_part_speech,0,0.5115056536401508
LF2aIa5,word_part_speech,1,0.5053312834755009
LF1aCaOF1,delta_volume,0,0.5163422254265801
LF1aCaOF1,delta_volume,1,0.5095242573378055
LF1aCaOF1,face_num,0,0.5081397657335716
LF1aCaOF1,face_num,1,0.5235624797550755
LF1aCaOF1,frame_brightness,0,0.4881769641495042
LF1aCaOF1,frame_brightness,1,0.4949008912991234
LF1aCaOF1,global_flow,0,0.47483359978266093
LF1aCaOF1,global_flow,1,0.5021733905938163
LF1aCaOF1,gpt2_surprisal,0,0.48331818229313606
LF1aCaOF1,gpt2_surprisal,1,0.48829712757175847
LF1aCaOF1,local_flow,0,0.4898853745441627
LF1aCaOF1,local_flow,1,0.4857998181875176
LF1aCaOF1,onset,0,0.5314825807040774
LF1aCaOF1,onset,1,0.5356224221116235
LF1aCaOF1,pitch,0,0.47605090749506285
LF1aCaOF1,pitch,1,0.5064261308422933
LF1aCaOF1,speech,0,0.4944610818116768
LF1aCaOF1,speech,1,0.522877852277847
LF1aCaOF1,volume,0,0.5161123475753111
LF1aCaOF1,volume,1,0.552892803778356
LF1aCaOF1,word_gap,0,0.5029562646726372
LF1aCaOF1,word_gap,1,0.49337738747355303
LF1aCaOF1,word_head_pos,0,0.5048169858834102
LF1aCaOF1,word_head_pos,1,0.4709465742975664
LF1aCaOF1,word_index,0,0.5181508875739645
LF1aCaOF1,word_index,1,0.4911390532544379
LF1aCaOF1,word_length,0,0.5092996039831563
LF1aCaOF1,word_length,1,0.5013113486515575
LF1aCaOF1,word_part_speech,0,0.5123859353302915
LF1aCaOF1,word_part_speech,1,0.5155847054155921
LF1aCaOF13,delta_volume,0,0.5864445210703948
LF1aCaOF13,delta_volume,1,0.5854048462430644
LF1aCaOF13,face_num,0,0.48349059068158784
LF1aCaOF13,face_num,1,0.4843160611475084
LF1aCaOF13,frame_brightness,0,0.5233090916690176
LF1aCaOF13,frame_brightness,1,0.5321306542114668
LF1aCaOF13,global_flow,0,0.5007680010031034
LF1aCaOF13,global_flow,1,0.5094876858614672
LF1aCaOF13,gpt2_surprisal,0,0.5058409872208813
LF1aCaOF13,gpt2_surprisal,1,0.4935764814060165
LF1aCaOF13,local_flow,0,0.5263654221915718
LF1aCaOF13,local_flow,1,0.5043467811876325
LF1aCaOF13,onset,0,0.5334916213871512
LF1aCaOF13,onset,1,0.5484224464636318
LF1aCaOF13,pitch,0,0.5422348306740645
LF1aCaOF13,pitch,1,0.54170193201885
LF1aCaOF13,speech,0,0.5114819918903877
LF1aCaOF13,speech,1,0.5143972119895052
LF1aCaOF13,volume,0,0.5250723592781835
LF1aCaOF13,volume,1,0.5109400959217579
LF1aCaOF13,word_gap,0,0.531576964321943
LF1aCaOF13,word_gap,1,0.47995101875199264
LF1aCaOF13,word_head_pos,0,0.5042893117248153
LF1aCaOF13,word_head_pos,1,0.5004075107363406
LF1aCaOF13,word_index,0,0.4831952662721894
LF1aCaOF13,word_index,1,0.4725295857988166
LF1aCaOF13,word_length,0,0.5307357136139933
LF1aCaOF13,word_length,1,0.5089312769714638
LF1aCaOF13,word_part_speech,0,0.5251562190041659
LF1aCaOF13,word_part_speech,1,0.48173725451299343
LF1bIb9,delta_volume,0,0.5812827184100811
LF1bIb9,delta_volume,1,0.6168563158939636
LF1bIb9,face_num,0,0.5061361712798972
LF1bIb9,face_num,1,0.522339947546054
LF1bIb9,frame_brightness,0,0.5390844592123549
LF1bIb9,frame_brightness,1,0.5564872574527444
LF1bIb9,global_flow,0,0.49616521948110304
LF1bIb9,global_flow,1,0.5254067270618475
LF1bIb9,gpt2_surprisal,0,0.4867715745587913
LF1bIb9,gpt2_surprisal,1,0.5011964097259229
LF1bIb9,local_flow,0,0.48083654639875445
LF1bIb9,local_flow,1,0.47369465951955525
LF1bIb9,onset,0,0.5269622391671613
LF1bIb9,onset,1,0.5472657260703468
LF1bIb9,pitch,0,0.509931768074146
LF1bIb9,pitch,1,0.5420206263126548
LF1bIb9,speech,0,0.5094015848196538
LF1bIb9,speech,1,0.5504266822145072
LF1bIb9,volume,0,0.5266397082641088
LF1bIb9,volume,1,0.5321149807216075
LF1bIb9,word_gap,0,0.4830594441063095
LF1bIb9,word_gap,1,0.4539967539054575
LF1bIb9,word_head_pos,0,0.47684503098126496
LF1bIb9,word_head_pos,1,0.4898853745441627
LF1bIb9,word_index,0,0.503594674556213
LF1bIb9,word_index,1,0.5273076923076923
LF1bIb9,word_length,0,0.5098011556586522
LF1bIb9,word_length,1,0.5039915154174895
LF1bIb9,word_part_speech,0,0.5578878198770085
LF1bIb9,word_part_speech,1,0.552196984725253
LF1cCb5,delta_volume,0,0.5697000094040938
LF1cCb5,delta_volume,1,0.5556147665172461
LF1cCb5,face_num,0,0.5164153683792567
LF1cCb5,face_num,1,0.49086235541205603
LF1cCb5,frame_brightness,0,0.5072411523149745
LF1cCb5,frame_brightness,1,0.5353071481562752
LF1cCb5,global_flow,0,0.4794938507674786
LF1cCb5,global_flow,1,0.5166452462305257
LF1cCb5,gpt2_surprisal,0,0.49656228122420404
LF1cCb5,gpt2_surprisal,1,0.48069026049340147
LF1cCb5,local_flow,0,0.5121991996071178
LF1cCb5,local_flow,1,0.4918445607765692
LF1cCb5,onset,0,0.5303258603107925
LF1cCb5,onset,1,0.5273427392965313
LF1cCb5,pitch,0,0.5318380824007607
LF1cCb5,pitch,1,0.5099996865302029
LF1cCb5,speech,0,0.5230368642832534
LF1cCb5,speech,1,0.5197307396708452
LF1cCb5,volume,0,0.515151040197277
LF1cCb5,volume,1,0.5318694293804792
LF1cCb5,word_gap,0,0.5175347071269165
LF1cCb5,word_gap,1,0.509709300640524
LF1cCb5,word_head_pos,0,0.5135836912113518
LF1cCb5,word_head_pos,1,0.47579490716069506
LF1cCb5,word_index,0,0.4994674556213018
LF1cCb5,word_index,1,0.510828402366864
LF1cCb5,word_length,0,0.5336144112514759
LF1cCb5,word_length,1,0.4965152607546264
LF1cCb5,word_part_speech,0,0.5081581035508828
LF1cCb5,word_part_speech,1,0.49091202142432055
RF3aOFa6,delta_volume,0,0.5133642623533223
RF3aOFa6,delta_volume,1,0.5079725818417395
RF3aOFa6,face_num,0,0.5293564465063791
RF3aOFa6,face_num,1,0.5394971944453153
RF3aOFa6,frame_brightness,0,0.46416517768513
RF3aOFa6,frame_brightness,1,0.4928633376174205
RF3aOFa6,global_flow,0,0.49439411512700754
RF3aOFa6,global_flow,1,0.48808292321034863
RF3aOFa6,gpt2_surprisal,0,0.4811761386790383
RF3aOFa6,gpt2_surprisal,1,0.5238602760624014
RF3aOFa6,local_flow,0,0.5074344586899052
RF3aOFa6,local_flow,1,0.48733582019372435
RF3aOFa6,onset,0,0.5569152093511711
RF3aOFa6,onset,1,0.5115443739250871
RF3aOFa6,pitch,0,0.5136098136944506
RF3aOFa6,pitch,1,0.4969697919605446
RF3aOFa6,speech,0,0.5347838761826518
RF3aOFa6,speech,1,0.5054130336840432
RF3aOFa6,volume,0,0.48416455074553577
RF3aOFa6,volume,1,0.4613909699800425
RF3aOFa6,word_gap,0,0.4875300698489986
RF3aOFa6,word_gap,1,0.45888763295945284
RF3aOFa6,word_head_pos,0,0.4612969290408869
RF3aOFa6,word_head_pos,1,0.5150935707344597
RF3aOFa6,word_index,0,0.505369822485207
RF3aOFa6,word_index,1,0.5041863905325443
RF3aOFa6,word_length,0,0.46984943000741874
RF3aOFa6,word_length,1,0.4894987617943012
RF3aOFa6,word_part_speech,0,0.4757984526879588
RF3aOFa6,word_part_speech,1,0.4706407458837532
RF3bOFb2,delta_volume,0,0.5206890066142127
RF3bOFb2,delta_volume,1,0.5136307116809296
RF3bOFb2,face_num,0,0.5150622237547412
RF3bOFb2,face_num,1,0.4762807853463319
RF3bOFb2,frame_brightness,0,0.4716362078513735
RF3bOFb2,frame_brightness,1,0.541890013897161
RF3bOFb2,global_flow,0,0.5198165156787145
RF3bOFb2,global_flow,1,0.5339540035317597
RF3bOFb2,gpt2_surprisal,0,0.5131291600054335
RF3bOFb2,gpt2_surprisal,1,0.5061544570180663
RF3bOFb2,local_flow,0,0.5008986134185971
RF3bOFb2,local_flow,1,0.5055327419203159
RF3bOFb2,onset,0,0.5167039556793449
RF3bOFb2,onset,1,0.5412386040211254
RF3bOFb2,pitch,0,0.4969097102494175
RF3bOFb2,pitch,1,0.5671191080739371
RF3bOFb2,speech,0,0.4793284392971669
RF3bOFb2,speech,1,0.5179286036095725
RF3bOFb2,volume,0,0.4732766997899753
RF3bOFb2,volume,1,0.5005537966416935
RF3bOFb2,word_gap,0,0.5003333043503463
RF3bOFb2,word_gap,1,0.4786612758310872
RF3bOFb2,word_head_pos,0,0.5117080969248613
RF3bOFb2,word_head_pos,1,0.5214256606375975
RF3bOFb2,word_index,0,0.4927662721893491
RF3bOFb2,word_index,1,0.4999852071005918
RF3bOFb2,word_length,0,0.48379361148553335
RF3bOFb2,word_length,1,0.5357460058723342
RF3bOFb2,word_part_speech,0,0.5122991469946439
RF3bOFb2,word_part_speech,1,0.5478203729418766
RF3bOFb14,delta_volume,0,0.549204309164812
RF3bOFb14,delta_volume,1,0.5564245634933074
RF3bOFb14,face_num,0,0.5132911194006458
RF3bOFb14,face_num,1,0.5022935540160706
RF3bOFb14,frame_brightness,0,0.5001985308715505
RF3bOFb14,frame_brightness,1,0.5269584025579136
RF3bOFb14,global_flow,0,0.4875865960314724
RF3bOFb14,global_flow,1,0.5083591945916012
RF3bOFb14,gpt2_surprisal,0,0.47654723467393917
RF3bOFb14,gpt2_surprisal,1,0.4622634609155408
RF3bOFb14,local_flow,0,0.48528781751878214
RF3bOFb14,local_flow,1,0.4834592437018693
RF3bOFb14,onset,0,0.5307368004505122
RF3bOFb14,onset,1,0.5183172762278739
RF3bOFb14,pitch,0,0.5099160945842868
RF3bOFb14,pitch,1,0.5241998683426852
RF3bOFb14,speech,0,0.5249185063472293
RF3bOFb14,speech,1,0.5378978612885272
RF3bOFb14,volume,0,0.49535542250504166
RF3bOFb14,volume,1,0.49985893859126673
RF3bOFb14,word_gap,0,0.49814508883285513
RF3bOFb14,word_gap,1,0.5070066371040199
RF3bOFb14,word_head_pos,0,0.5062537224538416
RF3bOFb14,word_head_pos,1,0.5186305549460309
RF3bOFb14,word_index,0,0.5415680473372781
RF3bOFb14,word_index,1,0.5090088757396449
RF3bOFb14,word_length,0,0.5064418043321527
RF3bOFb14,word_length,1,0.48549679738357204
RF3bOFb14,word_part_speech,0,0.5444108311842888
RF3bOFb14,word_part_speech,1,0.5361783376314223
RF2I10,delta_volume,0,0.5642978798992717
RF2I10,delta_volume,1,0.5560379507434459
RF2I10,face_num,0,0.5069694784907474
RF2I10,face_num,1,0.513035119066278
RF2I10,frame_brightness,0,0.5241058274035296
RF2I10,frame_brightness,1,0.5047960878969311
RF2I10,global_flow,0,0.49481468710489745
RF2I10,global_flow,1,0.5155742244234768
RF2I10,gpt2_surprisal,0,0.5249417468626898
RF2I10,gpt2_surprisal,1,0.49519346310982937
RF2I10,local_flow,0,0.488349372537956
RF2I10,local_flow,1,0.4732140058305382
RF2I10,onset,0,0.4998401899456646
RF2I10,onset,1,0.5229669878087759
RF2I10,pitch,0,0.4996186117467582
RF2I10,pitch,1,0.5074762546628633
RF2I10,speech,0,0.4998211114939177
RF2I10,speech,1,0.5374407017729839
RF2I10,volume,0,0.5244506441804332
RF2I10,volume,1,0.4911862742024806
RF2I10,word_gap,0,0.5197229226444078
RF2I10,word_gap,1,0.5358664463959656
RF2I10,word_head_pos,0,0.479608789693113
RF2I10,word_head_pos,1,0.4734961286480048
RF2I10,word_index,0,0.5068639053254438
RF2I10,word_index,1,0.5178402366863906
RF2I10,word_length,0,0.5040855563566451
RF2I10,word_length,1,0.5074501321797645
RF2I10,word_part_speech,0,0.4762571910335251
RF2I10,word_part_speech,1,0.48567992461813136
RF1aCaOF9,delta_volume,0,0.5838479462503787
RF1aCaOF9,delta_volume,1,0.6035286250169796
RF1aCaOF9,face_num,0,0.5124134039685276
RF1aCaOF9,face_num,1,0.4955539533765922
RF1aCaOF9,frame_brightness,0,0.5347272290314827
RF1aCaOF9,frame_brightness,1,0.5248686039100132
RF1aCaOF9,global_flow,0,0.478772870233953
RF1aCaOF9,global_flow,1,0.4933230933199586
RF1aCaOF9,gpt2_surprisal,0,0.5124760979279647
RF1aCaOF9,gpt2_surprisal,1,0.4947441564005308
RF1aCaOF9,local_flow,0,0.48437875510694545
RF1aCaOF9,local_flow,1,0.4626344001755431
RF1aCaOF9,onset,0,0.5683834832503843
RF1aCaOF9,onset,1,0.5622117711520022
RF1aCaOF9,pitch,0,0.51801928884152
RF1aCaOF9,pitch,1,0.5248006854539564
RF1aCaOF9,speech,0,0.5180478626136273
RF1aCaOF9,speech,1,0.5403029178702992
RF1aCaOF9,volume,0,0.5296542428137049
RF1aCaOF9,volume,1,0.5095399308276647
RF1aCaOF9,word_gap,0,0.5097020548937774
RF1aCaOF9,word_gap,1,0.502514274121091
RF1aCaOF9,word_head_pos,0,0.48076862794269776
RF1aCaOF9,word_head_pos,1,0.4886105973689436
RF1aCaOF9,word_index,0,0.505
RF1aCaOF9,word_index,1,0.5467159763313609
RF1aCaOF9,word_length,0,0.5122723425597944
RF1aCaOF9,word_length,1,0.4974347721597024
RF1aCaOF9,word_part_speech,0,0.5383356476889506
RF1aCaOF9,word_part_speech,1,0.55080837135489
RF1bCb5,delta_volume,0,0.5158093267713656
RF1bCb5,delta_volume,1,0.539627806860809
RF1bCb5,face_num,0,0.5314305716644201
RF1bCb5,face_num,1,0.479295319895928
RF1bCb5,frame_brightness,0,0.4750060081711127
RF1bCb5,frame_brightness,1,0.46657889512345485
RF1bCb5,global_flow,0,0.4890076591120445
RF1bCb5,global_flow,1,0.48748210609907733
RF1bCb5,gpt2_surprisal,0,0.4703980021524926
RF1bCb5,gpt2_surprisal,1,0.48500047020469583
RF1bCb5,local_flow,0,0.4748701712589992
RF1bCb5,local_flow,1,0.482921120550035
RF1bCb5,onset,0,0.4984627794773451
RF1bCb5,onset,1,0.5135001445900492
RF1bCb5,pitch,0,0.5208196190297065
RF1bCb5,pitch,1,0.5239961129745149
RF1bCb5,speech,0,0.5252166538573663
RF1bCb5,speech,1,0.5097924893329446
RF1bCb5,volume,0,0.5248372569302947
RF1bCb5,volume,1,0.4830517329655288
RF1bCb5,word_gap,0,0.511136712749616
RF1bCb5,word_gap,1,0.5079811900414457
RF1bCb5,word_head_pos,0,0.4833077332998966
RF1bCb5,word_head_pos,1,0.46984943000741874
RF1bCb5,word_index,0,0.5263313609467455
RF1bCb5,word_index,1,0.5216863905325444
RF1bCb5,word_length,0,0.49328652184362043
RF1bCb5,word_length,1,0.5034951882386132
RF1bCb5,word_part_speech,0,0.4811049394961317
RF1bCb5,word_part_speech,1,0.498041063281095
LT2H7,delta_volume,0,0.5881529314650533
LT2H7,delta_volume,1,0.5552595007471031
LT2H7,face_num,0,0.5080300513045568
LT2H7,face_num,1,0.5413989112149045
LT2H7,frame_brightness,0,0.5064940492983501
LT2H7,frame_brightness,1,0.49080488594923877
LT2H7,global_flow,0,0.49736162920702587
LT2H7,global_flow,1,0.46528844445837647
LT2H7,gpt2_surprisal,0,0.4667460790152869
LT2H7,gpt2_surprisal,1,0.471437676979823
LT2H7,local_flow,0,0.5129619761136015
LT2H7,local_flow,1,0.4909354983647325
LT2H7,onset,0,0.5189108564296911
LT2H7,onset,1,0.5097636333196354
LT2H7,pitch,0,0.5312947347523066
LT2H7,pitch,1,0.5143673657043144
LT2H7,speech,0,0.49447433281212727
LT2H7,speech,1,0.513873797471709
LT2H7,volume,0,0.5340323709810559
LT2H7,volume,1,0.5191895760843442
LT2H7,word_gap,0,0.5304756108164508
LT2H7,word_gap,1,0.4942541228298989
LT2H7,word_head_pos,0,0.48248226283397594
LT2H7,word_head_pos,1,0.4772159702412673
LT2H7,word_index,0,0.487292899408284
LT2H7,word_index,1,0.46838757396449704
LT2H7,word_length,0,0.48306218195876827
LT2H7,word_length,1,0.503040657032695
LT2H7,word_part_speech,0,0.5222550089268003
LT2H7,word_part_speech,1,0.4998884149970244
LT1A3,delta_volume,0,0.561565468167142
LT1A3,delta_volume,1,0.5325172669613283
LT1A3,face_num,0,0.5009717563712737
LT1A3,face_num,1,0.49923199899689663
LT1A3,frame_brightness,0,0.4993626114123904
LT1A3,frame_brightness,1,0.5196545562835021
LT1A3,global_flow,0,0.5042266177653784
LT1A3,global_flow,1,0.5013270221414167
LT1A3,gpt2_surprisal,0,0.47997450445649564
LT1A3,gpt2_surprisal,1,0.47004273638234956
LT1A3,local_flow,0,0.5073822137237076
LT1A3,local_flow,1,0.501927839252688
LT1A3,onset,0,0.5049312816766357
LT1A3,onset,1,0.5102278434774667
LT1A3,pitch,0,0.5482377772901581
LT1A3,pitch,1,0.558383749725714
LT1A3,speech,0,0.5371094267617205
LT1A3,speech,1,0.5090769353086158
LT1A3,volume,0,0.5217443549314024
LT1A3,volume,1,0.5054491499743999
LT1A3,word_gap,0,0.47366895632263867
LT1A3,word_gap,1,0.49200069559168774
LT1A3,word_head_pos,0,0.4840548363165209
LT1A3,word_head_pos,1,0.49422693123517547
LT1A3,word_index,0,0.4583431952662722
LT1A3,word_index,1,0.49144970414201183
LT1A3,word_length,0,0.5117080969248613
LT1A3,word_length,1,0.5031085754887517
LT1A3,word_part_speech,0,0.5437661178337632
LT1A3,word_part_speech,1,0.5404805594128149
LF3aOFa1,delta_volume,0,0.5661943721722412
LF3aOFa1,delta_volume,1,0.5616960805826359
LF3aOFa1,face_num,0,0.5038661274986155
LF3aOFa1,face_num,1,0.5050520882312989
LF3aOFa1,frame_brightness,0,0.5010553483171896
LF3aOFa1,frame_brightness,1,0.48762316750781065
LF3aOFa1,global_flow,0,0.5432640565081553
LF3aOFa1,global_flow,1,0.4668557934443016
LF3aOFa1,gpt2_surprisal,0,0.4897756601151479
LF3aOFa1,gpt2_surprisal,1,0.5117707908842983
LF3aOFa1,local_flow,0,0.5053812315183432
LF3aOFa1,local_flow,1,0.4859617775827299
LF3aOFa1,onset,0,0.5324871010456144
LF3aOFa1,onset,1,0.5318022008127483
LF3aOFa1,pitch,0,0.4554036968538081
LF3aOFa1,pitch,1,0.47194184090362895
LF3aOFa1,speech,0,0.5549055203667876
LF3aOFa1,speech,1,0.5123929981713619
LF3aOFa1,volume,0,0.5086569908989269
LF3aOFa1,volume,1,0.4937985225123559
LF3aOFa1,word_gap,0,0.5145929339477726
LF3aOFa1,word_gap,1,0.4928846766947802
LF3aOFa1,word_head_pos,0,0.48969206816923194
LF3aOFa1,word_head_pos,1,0.4872626772410478
LF3aOFa1,word_index,0,0.47113905325443783
LF3aOFa1,word_index,1,0.5062278106508875
LF3aOFa1,word_length,0,0.5145032026164279
LF3aOFa1,word_length,1,0.5130037720865596
LF3aOFa1,word_part_speech,0,0.462321463995239
LF3aOFa1,word_part_speech,1,0.47235171592937913
LF3aOFa13,delta_volume,0,0.5450717323385892
LF3aOFa13,delta_volume,1,0.5602697930054439
LF3aOFa13,face_num,0,0.499665632216336
LF3aOFa13,face_num,1,0.4998589385912667
LF3aOFa13,frame_brightness,0,0.5484049611819901
LF3aOFa13,frame_brightness,1,0.5235363572719768
LF3aOFa13,global_flow,0,0.5164911235802431
LF3aOFa13,global_flow,1,0.509722788209356
LF3aOFa13,gpt2_surprisal,0,0.48378838698891363
LF3aOFa13,gpt2_surprisal,1,0.47960878969311305
LF3aOFa13,local_flow,0,0.49688620001462863
LF3aOFa13,local_flow,1,0.4942008087520767
LF3aOFa13,onset,0,0.522647367700105
LF3aOFa13,onset,1,0.5202730468928359
LF3aOFa13,pitch,0,0.5119797707490883
LF3aOFa13,pitch,1,0.5216032935226691
LF3aOFa13,speech,0,0.4835687594413378
LF3aOFa13,speech,1,0.5199825086794053
LF3aOFa13,volume,0,0.506431355338913
LF3aOFa13,volume,1,0.5412787477926502
LF3aOFa13,word_gap,0,0.4794003419992464
LF3aOFa13,word_gap,1,0.5251210039706693
LF3aOFa13,word_head_pos,0,0.5007993479828219
LF3aOFa13,word_head_pos,1,0.5226063968736612
LF3aOFa13,word_index,0,0.4844526627218935
LF3aOFa13,word_index,1,0.49430473372781064
LF3aOFa13,word_length,0,0.4912385191686781
LF3aOFa13,word_length,1,0.49126464165177686
LF3aOFa13,word_part_speech,0,0.49412318984328507
LF3aOFa13,word_part_speech,1,0.5339714342392383
LF3cIc10,delta_volume,0,0.5476421846755065
LF3cIc10,delta_volume,1,0.5582844842899387
LF3cIc10,face_num,0,0.5090645016352675
LF3cIc10,face_num,1,0.5083748680814604
LF3cIc10,frame_brightness,0,0.4756381722621025
LF3cIc10,frame_brightness,1,0.47763392997084725
LF3cIc10,global_flow,0,0.49972310167915324
LF3cIc10,global_flow,1,0.4878582698556994
LF3cIc10,gpt2_surprisal,0,0.502805554684806
LF3cIc10,gpt2_surprisal,1,0.5033018818636825
LF3cIc10,local_flow,0,0.5030511060259344
LF3cIc10,local_flow,1,0.48555949134300913
LF3cIc10,onset,0,0.5307900704686239
LF3cIc10,onset,1,0.5230887478501742
LF3cIc10,pitch,0,0.5187454938716655
LF3cIc10,pitch,1,0.5218854163401356
LF3cIc10,speech,0,0.4896708451488087
LF3cIc10,speech,1,0.5164246150584368
LF3cIc10,volume,0,0.5329195532010491
LF3cIc10,volume,1,0.5247379914945195
LF3cIc10,word_gap,0,0.5285482421818393
LF3cIc10,word_gap,1,0.5070428658377533
LF3cIc10,word_head_pos,0,0.4952039121030688
LF3cIc10,word_head_pos,1,0.4819389151855219
LF3cIc10,word_index,0,0.4990976331360947
LF3cIc10,word_index,1,0.5015384615384616
LF3cIc10,word_length,0,0.4882292091157017
LF3cIc10,word_length,1,0.47169106506588093
LF3cIc10,word_part_speech,0,0.5192050188454672
LF3cIc10,word_part_speech,1,0.5200481055346161
LF3bOFb12,delta_volume,0,0.5786756945968256
LF3bOFb12,delta_volume,1,0.5474070823276177
LF3bOFb12,face_num,0,0.4624619917870913
LF3bOFb12,face_num,1,0.4859513285894904
LF3bOFb12,frame_brightness,0,0.5401659300126432
LF3bOFb12,frame_brightness,1,0.5258090133015684
LF3bOFb12,global_flow,0,0.50125910368536
LF3bOFb12,global_flow,1,0.4960659540453277
LF3bOFb12,gpt2_surprisal,0,0.48366822356665934
LF3bOFb12,gpt2_surprisal,1,0.5251977471970576
LF3bOFb12,local_flow,0,0.48580504268413743
LF3bOFb12,local_flow,1,0.47609270346802085
LF3bOFb12,onset,0,0.5389860432552547
LF3bOFb12,onset,1,0.4972223490555987
LF3bOFb12,pitch,0,0.4991275090645016
LF3bOFb12,pitch,1,0.5322978381032988
LF3bOFb12,speech,0,0.480322264330957
LF3bOFb12,speech,1,0.4943815758089736
LF3bOFb12,volume,0,0.49065337554726607
LF3bOFb12,volume,1,0.4962749339101178
LF3bOFb12,word_gap,0,0.5025360113613309
LF3bOFb12,word_gap,1,0.4919644668579544
LF3bOFb12,word_head_pos,0,0.5423967900692768
LF3bOFb12,word_head_pos,1,0.49306186848897104
LF3bOFb12,word_index,0,0.4743934911242604
LF3bOFb12,word_index,1,0.5283875739644971
LF3bOFb12,word_length,0,0.5238837862971903
LF3bOFb12,word_length,1,0.5372245384157237
LF3bOFb12,word_part_speech,0,0.5563504265026781
LF3bOFb12,word_part_speech,1,0.5575034715334259
LF2b8,delta_volume,0,0.5744804238111659
LF2b8,delta_volume,1,0.5614766517246064
LF2b8,face_num,0,0.503228738911006
LF2b8,face_num,1,0.515652591872773
LF2b8,frame_brightness,0,0.4922572960095295
LF2b8,frame_brightness,1,0.5166556952237652
LF2b8,global_flow,0,0.5063007429234194
LF2b8,global_flow,1,0.49878791678421786
LF2b8,gpt2_surprisal,0,0.49100864131740907
LF2b8,gpt2_surprisal,1,0.5153652445586867
LF2b8,local_flow,0,0.5005172251653554
LF2b8,local_flow,1,0.4974765681326605
LF2b8,onset,0,0.5135762446159231
LF2b8,onset,1,0.561618190950185
LF2b8,pitch,0,0.49519346310982937
LF2b8,pitch,1,0.4986364063822451
LF2b8,speech,0,0.4813293403651976
LF2b8,speech,1,0.5352079081970689
LF2b8,volume,0,0.5115722600127478
LF2b8,volume,1,0.5019853087155053
LF2b8,word_gap,0,0.5001702750485465
LF2b8,word_gap,1,0.4993478827928006
LF2b8,word_head_pos,0,0.4941067678129213
LF2b8,word_head_pos,1,0.5020114311986041
LF2b8,word_index,0,0.48389053254437875
LF2b8,word_index,1,0.5522041420118343
LF2b8,word_length,0,0.503186942938048
LF2b8,word_length,1,0.5002507758377481
LF2b8,word_part_speech,0,0.5262968657012497
LF2b8,word_part_speech,1,0.5118528069827415
LF2e6,delta_volume,0,0.537950743445869
LF2e6,delta_volume,1,0.5447687115346437
LF2e6,face_num,0,0.4973146087374482
LF2e6,face_num,1,0.4984639979937933
LF2e6,frame_brightness,0,0.5247588894809985
LF2e6,frame_brightness,1,0.4973746904485753
LF2e6,global_flow,0,0.5138919365119171
LF2e6,global_flow,1,0.5376895186148815
LF2e6,gpt2_surprisal,0,0.47572698870463836
LF2e6,gpt2_surprisal,1,0.5095399308276647
LF2e6,local_flow,0,0.4947337074072913
LF2e6,local_flow,1,0.5032339634076256
LF2e6,onset,0,0.5326621311051245
LF2e6,onset,1,0.5057075019405506
LF2e6,pitch,0,0.5079098878823025
LF2e6,pitch,1,0.5079673573451198
LF2e6,speech,0,0.478785148278695
LF2e6,speech,1,0.5061418387088225
LF2e6,volume,0,0.49358431815094617
LF2e6,volume,1,0.5107781365265457
LF2e6,word_gap,0,0.48382024751470887
LF2e6,word_gap,1,0.4809509318030316
LF2e6,word_head_pos,0,0.47850119640972594
LF2e6,word_head_pos,1,0.4914736215165668
LF2e6,word_index,0,0.49322485207100597
LF2e6,word_index,1,0.47301775147928987
LF2e6,word_length,0,0.47150037093926
LF2e6,word_length,1,0.48463997993793295
LF2e6,word_part_speech,0,0.5264580440388812
LF2e6,word_part_speech,1,0.5350872842689942
LF2d2,delta_volume,0,0.5793444301641537
LF2d2,delta_volume,1,0.5807811667345851
LF2d2,face_num,0,0.48014168834832766
LF2d2,face_num,1,0.48869418931485953
LF2d2,frame_brightness,0,0.5101773194152743
LF2d2,frame_brightness,1,0.49569501478532546
LF2d2,global_flow,0,0.5223660700291527
LF2d2,global_flow,1,0.5131970784614902
LF2d2,gpt2_surprisal,0,0.48773810643344506
LF2d2,gpt2_surprisal,1,0.49364701211038314
LF2d2,local_flow,0,0.46640648673500307
LF2d2,local_flow,1,0.4884799849534498
LF2d2,onset,0,0.5262621189291204
LF2d2,onset,1,0.5295724700546398
LF2d2,pitch,0,0.5099265435775263
LF2d2,pitch,1,0.4800215249260733
LF2d2,speech,0,0.5165968780642939
LF2d2,speech,1,0.5130456099435508
LF2d2,volume,0,0.5132336499378285
LF2d2,volume,1,0.5124656489347251
LF2d2,word_gap,0,0.4861171492334
LF2d2,word_gap,1,0.4839941454366287
LF2d2,word_head_pos,0,0.5019539617357868
LF2d2,word_head_pos,1,0.5078471939228656
LF2d2,word_index,0,0.5048224852071006
LF2d2,word_index,1,0.517085798816568
LF2d2,word_length,0,0.5195657398409663
LF2d2,word_length,1,0.5162952049570024
LF2d2,word_part_speech,0,0.5158574687561992
LF2d2,word_part_speech,1,0.4939992065066455
LF2aIa6,delta_volume,0,0.5775367543337199
LF2aIa6,delta_volume,1,0.5632686540651808
LF2aIa6,face_num,0,0.48162544538833685
LF2aIa6,face_num,1,0.4908884778951548
LF2aIa6,frame_brightness,0,0.5109035244454198
LF2aIa6,frame_brightness,1,0.4955173819002539
LF2aIa6,global_flow,0,0.5164258173724962
LF2aIa6,global_flow,1,0.48620210442723844
LF2aIa6,gpt2_surprisal,0,0.5291631401314483
LF2aIa6,gpt2_surprisal,1,0.524852930420154
LF2aIa6,local_flow,0,0.48473924537370827
LF2aIa6,local_flow,1,0.47181906523306477
LF2aIa6,onset,0,0.5378293228619697
LF2aIa6,onset,1,0.5124575742355753
LF2aIa6,pitch,0,0.5202135774218155
LF2aIa6,pitch,1,0.5317335924683657
LF2aIa6,speech,0,0.5129263509394959
LF2aIa6,speech,1,0.5201415206848117
LF2aIa6,volume,0,0.4745044564956166
LF2aIa6,volume,1,0.48448846953596014
LF2aIa6,word_gap,0,0.5331565371127149
LF2aIa6,word_gap,1,0.522208213778512
LF2aIa6,word_head_pos,0,0.4889083936762693
LF2aIa6,word_head_pos,1,0.48425336718807144
LF2aIa6,word_index,0,0.4866863905325444
LF2aIa6,word_index,1,0.5227958579881656
LF2aIa6,word_length,0,0.4970115879335026
LF2aIa6,word_length,1,0.47865793130831846
LF2aIa6,word_part_speech,0,0.5104022019440587
LF2aIa6,word_part_speech,1,0.5509075580242015
LF1aCaOF2,delta_volume,0,0.5280503223514414
LF1aCaOF2,delta_volume,1,0.537553681702768
LF1aCaOF2,face_num,0,0.5147278559710772
LF1aCaOF2,face_num,1,0.5085525009665319
LF1aCaOF2,frame_brightness,0,0.5215301505699926
LF1aCaOF2,frame_brightness,1,0.4671483652550077
LF1aCaOF2,global_flow,0,0.538368703175449
LF1aCaOF2,global_flow,1,0.5280033018818637
LF1aCaOF2,gpt2_surprisal,0,0.48480716382976496
LF1aCaOF2,gpt2_surprisal,1,0.487069370866117
LF1aCaOF2,local_flow,0,0.530615550191739
LF1aCaOF2,local_flow,1,0.5145920190589637
LF1aCaOF2,onset,0,0.5318326408230979
LF1aCaOF2,onset,1,0.5322283609576427
LF1aCaOF2,pitch,0,0.4759098460863296
LF1aCaOF2,pitch,1,0.48156275142889976
LF1aCaOF2,speech,0,0.4746972146397053
LF1aCaOF2,speech,1,0.5289666869848674
LF1aCaOF2,volume,0,0.5096966657262573
LF1aCaOF2,volume,1,0.5353332706393739
LF1aCaOF2,word_gap,0,0.495101875199258
LF1aCaOF2,word_gap,1,0.4947540793554184
LF1aCaOF2,word_head_pos,0,0.5197224747395589
LF1aCaOF2,word_head_pos,1,0.4880202292509117
LF1aCaOF2,word_index,0,0.46644970414201187
LF1aCaOF2,word_index,1,0.47201183431952665
LF1aCaOF2,word_length,0,0.47679278601506747
LF1aCaOF2,word_length,1,0.4972571392746309
LF1aCaOF2,word_part_speech,0,0.5286525490974012
LF1aCaOF2,word_part_speech,1,0.5585573298948622
LF1aCaOF14,delta_volume,0,0.5980376790696217
LF1aCaOF14,delta_volume,1,0.5973846169921528
LF1aCaOF14,face_num,0,0.47739882762295854
LF1aCaOF14,face_num,1,0.46285905353019235
LF1aCaOF14,frame_brightness,0,0.5010971442901476
LF1aCaOF14,frame_brightness,1,0.5146599375150205
LF1aCaOF14,global_flow,0,0.5025443298538186
LF1aCaOF14,global_flow,1,0.505929803663417
LF1aCaOF14,gpt2_surprisal,0,0.5409652779954651
LF1aCaOF14,gpt2_surprisal,1,0.5435984242918195
LF1aCaOF14,local_flow,0,0.5288705683207422
LF1aCaOF14,local_flow,1,0.4997753466453507
LF1aCaOF14,onset,0,0.5330654612422568
LF1aCaOF14,onset,1,0.5404547737546231
LF1aCaOF14,pitch,0,0.529528854894831
LF1aCaOF14,pitch,1,0.5235781532449348
LF1aCaOF14,speech,0,0.4951302573344287
LF1aCaOF14,speech,1,0.532405321601781
LF1aCaOF14,volume,0,0.5415974420864549
LF1aCaOF14,volume,1,0.5282958736925697
LF1aCaOF14,word_gap,0,0.5209402080978466
LF1aCaOF14,word_gap,1,0.49744949714517583
LF1aCaOF14,word_head_pos,0,0.4703562061795346
LF1aCaOF14,word_head_pos,1,0.48752912656865516
LF1aCaOF14,word_index,0,0.48769230769230776
LF1aCaOF14,word_index,1,0.4886538461538461
LF1aCaOF14,word_length,0,0.5152398566398128
LF1aCaOF14,word_length,1,0.5093413999561143
LF1aCaOF14,word_part_speech,0,0.5137249553659988
LF1aCaOF14,word_part_speech,1,0.5093235469152946
LF1bIb10,delta_volume,0,0.5595697104583973
LF1bIb10,delta_volume,1,0.5805147174069778
LF1bIb10,face_num,0,0.4812388326384752
LF1bIb10,face_num,1,0.5024241664315643
LF1bIb10,frame_brightness,0,0.5210442723843558
LF1bIb10,frame_brightness,1,0.5450090383791522
LF1bIb10,global_flow,0,0.5140747938936083
LF1bIb10,global_flow,1,0.5115200150465502
LF1bIb10,gpt2_surprisal,0,0.5232855814342288
LF1bIb10,gpt2_surprisal,1,0.49029288528050324
LF1bIb10,local_flow,0,0.5151196932175586
LF1bIb10,local_flow,1,0.5066664576868019
LF1bIb10,onset,0,0.5459035356072021
LF1bIb10,onset,1,0.5403824787300427
LF1bIb10,pitch,0,0.5129985475899397
LF1bIb10,pitch,1,0.5141270388598058
LF1bIb10,speech,0,0.5019147695651022
LF1bIb10,speech,1,0.5229176052791986
LF1bIb10,volume,0,0.5187872898446235
LF1bIb10,volume,1,0.5320731847486495
LF1bIb10,word_gap,0,0.5111439584963626
LF1bIb10,word_gap,1,0.49263832130539376
LF1bIb10,word_head_pos,0,0.4914422745368484
LF1bIb10,word_head_pos,1,0.49199084668192217
LF1bIb10,word_index,0,0.5313461538461539
LF1bIb10,word_index,1,0.5329437869822484
LF1bIb10,word_length,0,0.5120111177288068
LF1bIb10,word_length,1,0.5105587076685161
LF1bIb10,word_part_speech,0,0.5123487403292998
LF1bIb10,word_part_speech,1,0.5095963102559016
LF1cCb6,delta_volume,0,0.5783361023165419
LF1cCb6,delta_volume,1,0.5463412850171886
LF1cCb6,face_num,0,0.530218488448638
LF1cCb6,face_num,1,0.4866984316061147
LF1cCb6,frame_brightness,0,0.4985031817184413
LF1cCb6,frame_brightness,1,0.5270681169869282
LF1cCb6,global_flow,0,0.5214883545970346
LF1cCb6,global_flow,1,0.5028160036780457
LF1cCb6,gpt2_surprisal,0,0.494906115795743
LF1cCb6,gpt2_surprisal,1,0.5005720823798627
LF1cCb6,local_flow,0,0.49597713760279205
LF1cCb6,local_flow,1,0.48550724637681164
LF1cCb6,onset,0,0.5647535120161941
LF1cCb6,onset,1,0.5578664596745964
LF1cCb6,pitch,0,0.4968496285382904
LF1cCb6,pitch,1,0.5146494885217809
LF1cCb6,speech,0,0.4951766358360056
LF1cCb6,speech,1,0.5368775342538362
LF1cCb6,volume,0,0.5137456506065641
LF1cCb6,volume,1,0.49880881477069683
LF1cCb6,word_gap,0,0.5040793554183695
LF1cCb6,word_gap,1,0.479494536706953
LF1cCb6,word_head_pos,0,0.5308819995193462
LF1cCb6,word_head_pos,1,0.5241371743832481
LF1cCb6,word_index,0,0.5173372781065089
LF1cCb6,word_index,1,0.5313905325443786
LF1cCb6,word_length,0,0.5523076601569439
LF1cCb6,word_length,1,0.5155533264369978
LF1cCb6,word_part_speech,0,0.4788980361039476
LF1cCb6,word_part_speech,1,0.5015249950406665
RF3aOFa7,delta_volume,0,0.5101877684085139
RF3aOFa7,delta_volume,1,0.509116746601465
RF3aOFa7,face_num,0,0.509660094249919
RF3aOFa7,face_num,1,0.5274965257097479
RF3aOFa7,frame_brightness,0,0.46202835856765206
RF3aOFa7,frame_brightness,1,0.46525709747865795
RF3aOFa7,global_flow,0,0.49072129400332276
RF3aOFa7,global_flow,1,0.5273920357773528
RF3aOFa7,gpt2_surprisal,0,0.47855866587254325
RF3aOFa7,gpt2_surprisal,1,0.4901570483683897
RF3aOFa7,local_flow,0,0.528896690803841
RF3aOFa7,local_flow,1,0.5237610106266262
RF3aOFa7,onset,0,0.52667305906884
RF3aOFa7,onset,1,0.557425079524527
RF3aOFa7,pitch,0,0.49691754699434715
RF3aOFa7,pitch,1,0.5085995214361096
RF3aOFa7,speech,0,0.5042403201441709
RF3aOFa7,speech,1,0.49906580446823734
RF3aOFa7,volume,0,0.5197642707125169
RF3aOFa7,volume,1,0.5167183891832022
RF3aOFa7,word_gap,0,0.5087021418427383
RF3aOFa7,word_gap,1,0.5005216937657595
RF3aOFa7,word_head_pos,0,0.4784176044638099
RF3aOFa7,word_head_pos,1,0.48806202522386977
RF3aOFa7,word_index,0,0.4847928994082841
RF3aOFa7,word_index,1,0.5192751479289941
RF3aOFa7,word_length,0,0.4990857130915436
RF3aOFa7,word_length,1,0.48731492220724537
RF3aOFa7,word_part_speech,0,0.5158078754215433
RF3aOFa7,word_part_speech,1,0.4800510811346955
RF3bOFb3,delta_volume,0,0.5135941402045914
RF3bOFb3,delta_volume,1,0.50754417311892
RF3bOFb3,face_num,0,0.5287869763748263
RF3bOFb3,face_num,1,0.5148009989237536
RF3bOFb3,frame_brightness,0,0.46735212062317794
RF3bOFb3,frame_brightness,1,0.5060656405755306
RF3bOFb3,global_flow,0,0.5136254871843098
RF3bOFb3,global_flow,1,0.5138135690626209
RF3bOFb3,gpt2_surprisal,0,0.4844205510799035
RF3bOFb3,gpt2_surprisal,1,0.49643166880871026
RF3bOFb3,local_flow,0,0.5052506191028494
RF3bOFb3,local_flow,1,0.5118491583335946
RF3bOFb3,onset,0,0.5177769660441685
RF3bOFb3,onset,1,0.5350516719175684
RF3bOFb3,pitch,0,0.48852178092640774
RF3bOFb3,pitch,1,0.5551654598079476
RF3bOFb3,speech,0,0.4745978321363263
RF3bOFb3,speech,1,0.5481408846367901
RF3bOFb3,volume,0,0.4844780205427207
RF3bOFb3,volume,1,0.5144718556367095
RF3bOFb3,word_gap,0,0.5299829000376779
RF3bOFb3,word_gap,1,0.5232878300437643
RF3bOFb3,word_head_pos,0,0.49777958893660595
RF3bOFb3,word_head_pos,1,0.516431041869116
RF3bOFb3,word_index,0,0.4736094674556213
RF3bOFb3,word_index,1,0.4749704142011834
RF3bOFb3,word_length,0,0.47017857329446305
RF3bOFb3,word_length,1,0.5031346979718504
RF3bOFb3,word_part_speech,0,0.5429850228129339
RF3bOFb3,word_part_speech,1,0.5409392977583813
RF3bOFb15,delta_volume,0,0.5261538300784719
RF3bOFb15,delta_volume,1,0.5537757437070938
RF3bOFb15,face_num,0,0.5264202794060793
RF3bOFb15,face_num,1,0.5034377187757959
RF3bOFb15,frame_brightness,0,0.4911862742024806
RF3bOFb15,frame_brightness,1,0.4890337815951433
RF3bOFb15,global_flow,0,0.46369497298935247
RF3bOFb15,global_flow,1,0.49223117352643075
RF3bOFb15,gpt2_surprisal,0,0.4858886346300534
RF3bOFb15,gpt2_surprisal,1,0.4550902270566231
RF3bOFb15,local_flow,0,0.4979990177946355
RF3bOFb15,local_flow,1,0.5229930096235227
RF3bOFb15,onset,0,0.5398916335631554
RF3bOFb15,onset,1,0.5511011673743968
RF3bOFb15,pitch,0,0.5009325726466256
RF3bOFb15,pitch,1,0.511587933502607
RF3bOFb15,speech,0,0.5557867118967482
RF3bOFb15,speech,1,0.5683022818222776
RF3bOFb15,volume,0,0.4958726476703969
RF3bOFb15,volume,1,0.49924767248675594
RF3bOFb15,word_gap,0,0.5109193403472162
RF3bOFb15,word_gap,1,0.5335043329565545
RF3bOFb15,word_head_pos,0,0.4989498761794301
RF3bOFb15,word_head_pos,1,0.5313522042151239
RF3bOFb15,word_index,0,0.5138461538461538
RF3bOFb15,word_index,1,0.5179585798816568
RF3bOFb15,word_length,0,0.49560619834278963
RF3bOFb15,word_length,1,0.4889397406559878
RF3bOFb15,word_part_speech,0,0.5237552073001389
RF3bOFb15,word_part_speech,1,0.5404433644118231
RF2I11,delta_volume,0,0.5403069914213766
RF2I11,delta_volume,1,0.5600973846169922
RF2I11,face_num,0,0.5099317680741461
RF2I11,face_num,1,0.5088032768042798
RF2I11,frame_brightness,0,0.5303491008641318
RF2I11,frame_brightness,1,0.5109975653845752
RF2I11,global_flow,0,0.5060708650721504
RF2I11,global_flow,1,0.5201665569522377
RF2I11,gpt2_surprisal,0,0.5265195448418545
RF2I11,gpt2_surprisal,1,0.4739062516326552
RF2I11,local_flow,0,0.5026383707929741
RF2I11,local_flow,1,0.5005067761721158
RF2I11,onset,0,0.514390514892775
RF2I11,onset,1,0.5139871847556428
RF2I11,pitch,0,0.49804603826421323
RF2I11,pitch,1,0.5198374136651933
RF2I11,speech,0,0.4917645032199931
RF2I11,speech,1,0.5195651021652136
RF2I11,volume,0,0.5127791187319102
RF2I11,volume,1,0.4773727051398598
RF2I11,word_gap,0,0.5039779149639162
RF2I11,word_gap,1,0.5167739037185173
RF2I11,word_head_pos,0,0.48921663897683465
RF2I11,word_head_pos,1,0.4863431658359717
RF2I11,word_index,0,0.5269082840236686
RF2I11,word_index,1,0.5220266272189349
RF2I11,word_length,0,0.4843160611475084
RF2I11,word_length,1,0.4824561403508772
RF2I11,word_part_speech,0,0.48654780797460817
RF2I11,word_part_speech,1,0.5082820868875223
RF1aCaOF10,delta_volume,0,0.5669258016990063
RF1aCaOF10,delta_volume,1,0.5774322644013249
RF1aCaOF10,face_num,0,0.5030563305225542
RF1aCaOF10,face_num,1,0.4722265759694053
RF1aCaOF10,frame_brightness,0,0.5363781699633241
RF1aCaOF10,frame_brightness,1,0.5159503881800989
RF1aCaOF10,global_flow,0,0.4602886011932751
RF1aCaOF10,global_flow,1,0.4820904255874946
RF1aCaOF10,gpt2_surprisal,0,0.5135000992654357
RF1aCaOF10,gpt2_surprisal,1,0.4967764855856138
RF1aCaOF10,local_flow,0,0.47514184508322627
RF1aCaOF10,local_flow,1,0.46739914109275577
RF1aCaOF10,onset,0,0.5599287703757819
RF1aCaOF10,onset,1,0.5733680349451319
RF1aCaOF10,pitch,0,0.5174759411930661
RF1aCaOF10,pitch,1,0.5195709643375861
RF1aCaOF10,speech,0,0.5012058410409986
RF1aCaOF10,speech,1,0.5362149842313094
RF1aCaOF10,volume,0,0.5272457498719998
RF1aCaOF10,volume,1,0.5056633543358097
RF1aCaOF10,word_gap,0,0.4861678694606266
RF1aCaOF10,word_gap,1,0.49160942526736806
RF1aCaOF10,word_head_pos,0,0.4805283010981892
RF1aCaOF10,word_head_pos,1,0.4866148396601988
RF1aCaOF10,word_index,0,0.5081508875739644
RF1aCaOF10,word_index,1,0.566508875739645
RF1aCaOF10,word_length,0,0.505825313731022
RF1aCaOF10,word_length,1,0.4885896993824645
RF1aCaOF10,word_part_speech,0,0.5265448323745289
RF1aCaOF10,word_part_speech,1,0.546047411227931
RF1bCb6,delta_volume,0,0.5406622571915196
RF1bCb6,delta_volume,1,0.5502439839921424
RF1bCb6,face_num,0,0.5027951056915666
RF1bCb6,face_num,1,0.5058044157445429
RF1bCb6,frame_brightness,0,0.5248424814269145
RF1bCb6,frame_brightness,1,0.4622843589020198
RF1bCb6,global_flow,0,0.5148480193933315
RF1bCb6,global_flow,1,0.5126798532961349
RF1bCb6,gpt2_surprisal,0,0.5077479284870903
RF1bCb6,gpt2_surprisal,1,0.47772797091000285
RF1bCb6,local_flow,0,0.4702464917505198
RF1bCb6,local_flow,1,0.5024189419349446
RF1bCb6,onset,0,0.5050226017076846
RF1bCb6,onset,1,0.5328371611646348
RF1bCb6,pitch,0,0.5184685955508186
RF1bCb6,pitch,1,0.5383060092160121
RF1bCb6,speech,0,0.5142315744838735
RF1bCb6,speech,1,0.5331606286274614
RF1bCb6,volume,0,0.5188186368243419
RF1bCb6,volume,1,0.5043467811876325
RF1bCb6,word_gap,0,0.4964785670811233
RF1bCb6,word_gap,1,0.5261209170217083
RF1bCb6,word_head_pos,0,0.4907996614526191
RF1bCb6,word_head_pos,1,0.49999477550338023
RF1bCb6,word_index,0,0.5369378698224851
RF1bCb6,word_index,1,0.5320710059171597
RF1bCb6,word_length,0,0.5049789452786224
RF1bCb6,word_length,1,0.48235165041848216
RF1bCb6,word_part_speech,0,0.5527673080737949
RF1bCb6,word_part_speech,1,0.5165393771077167
LT2H8,delta_volume,0,0.6001588246972405
LT2H8,delta_volume,1,0.5556983584631622
LT2H8,face_num,0,0.4755127843432285
LT2H8,face_num,1,0.4780780121835261
LT2H8,frame_brightness,0,0.5177841864936313
LT2H8,frame_brightness,1,0.5020845741512805
LT2H8,global_flow,0,0.505804415744543
LT2H8,global_flow,1,0.49001076246303665
LT2H8,gpt2_surprisal,0,0.5153338975789683
LT2H8,gpt2_surprisal,1,0.4881978621359832
LT2H8,local_flow,0,0.4783131145314149
LT2H8,local_flow,1,0.4839294483976469
LT2H8,onset,0,0.5466493158607674
LT2H8,onset,1,0.5472885560781091
LT2H8,pitch,0,0.5229773361336636
LT2H8,pitch,1,0.5205322717156202
LT2H8,speech,0,0.5414491294092705
LT2H8,speech,1,0.5130654864442266
LT2H8,volume,0,0.5307200401241341
LT2H8,volume,1,0.5449515689163349
LT2H8,word_gap,0,0.5491261629423528
LT2H8,word_gap,1,0.5194910587485146
LT2H8,word_head_pos,0,0.5178886764260264
LT2H8,word_head_pos,1,0.5170997774364441
LT2H8,word_index,0,0.4788609467455621
LT2H8,word_index,1,0.5311538461538462
LT2H8,word_length,0,0.4981923241695663
LT2H8,word_length,1,0.4806745870035422
LT2H8,word_part_speech,0,0.5391043443761159
LT2H8,word_part_speech,1,0.524275937314025
LT1A4,delta_volume,0,0.5650084114395578
LT1A4,delta_volume,1,0.5248006854539565
LT1A4,face_num,0,0.5012120832157823
LT1A4,face_num,1,0.4879836577745734
LT1A4,frame_brightness,0,0.4997544486588717
LT1A4,frame_brightness,1,0.5117655663876784
LT1A4,global_flow,0,0.49107655977346587
LT1A4,global_flow,1,0.4984639979937933
LT1A4,gpt2_surprisal,0,0.49895510067604987
LT1A4,gpt2_surprisal,1,0.48255540578665246
LT1A4,local_flow,0,0.511483443570212
LT1A4,local_flow,1,0.5054648234642591
LT1A4,onset,0,0.5302725902926807
LT1A4,onset,1,0.5323349009938663
LT1A4,pitch,0,0.5439745880484416
LT1A4,pitch,1,0.5465868363583168
LT1A4,speech,0,0.5455768160496117
LT1A4,speech,1,0.5321734290938965
LT1A4,volume,0,0.5151353667074178
LT1A4,volume,1,0.5112483412223232
LT1A4,word_gap,0,0.47875547053879375
LT1A4,word_gap,1,0.4632785554879286
LT1A4,word_head_pos,0,0.4941172168061608
LT1A4,word_head_pos,1,0.47404992528969825
LT1A4,word_index,0,0.48447485207100593
LT1A4,word_index,1,0.5100147928994083
LT1A4,word_length,0,0.4993521624191509
LT1A4,word_length,1,0.4839398973908864
LT1A4,word_part_speech,0,0.5337110692322953
LT1A4,word_part_speech,1,0.5465309462408252
LF3aOFa2,delta_volume,0,0.5681169869283094
LF3aOFa2,delta_volume,1,0.5619860401450321
LF3aOFa2,face_num,0,0.5061387835282071
LF3aOFa2,face_num,1,0.5026017993166358
LF3aOFa2,frame_brightness,0,0.44339780362162107
LF3aOFa2,frame_brightness,1,0.47651066319760094
LF3aOFa2,global_flow,0,0.5379951516671369
LF3aOFa2,global_flow,1,0.5018599207966312
LF3aOFa2,gpt2_surprisal,0,0.5194716989018108
LF3aOFa2,gpt2_surprisal,1,0.4947964013667283
LF3aOFa2,local_flow,0,0.5260911361190349
LF3aOFa2,local_flow,1,0.4789870745953627
LF3aOFa2,onset,0,0.5484148364610444
LF3aOFa2,onset,1,0.5309346605177846
LF3aOFa2,pitch,0,0.448596177758273
LF3aOFa2,pitch,1,0.45850704784594004
LF3aOFa2,speech,0,0.533723796146609
LF3aOFa2,speech,1,0.49941033047995126
LF3aOFa2,volume,0,0.5017084103946585
LF3aOFa2,volume,1,0.49486431982278506
LF3aOFa2,word_gap,0,0.5407935541836941
LF3aOFa2,word_gap,1,0.5008549981161058
LF3aOFa2,word_head_pos,0,0.48065368901706323
LF3aOFa2,word_head_pos,1,0.469342653835303
LF3aOFa2,word_index,0,0.4886242603550296
LF3aOFa2,word_index,1,0.49606508875739647
LF3aOFa2,word_length,0,0.5043729036707314
LF3aOFa2,word_length,1,0.48680814603512956
LF3aOFa2,word_part_speech,0,0.46737998413013293
LF3aOFa2,word_part_speech,1,0.46679726244792696
LF3aOFa14,delta_volume,0,0.5315141636103361
LF3aOFa14,delta_volume,1,0.5464666729360627
LF3aOFa14,face_num,0,0.5068388660752536
LF3aOFa14,face_num,1,0.4976385275278727
LF3aOFa14,frame_brightness,0,0.5375589061993877
LF3aOFa14,frame_brightness,1,0.5339435545385203
LF3aOFa14,global_flow,0,0.5262792179973459
LF3aOFa14,global_flow,1,0.4949635852585603
LF3aOFa14,gpt2_surprisal,0,0.4892741084396519
LF3aOFa14,gpt2_surprisal,1,0.4944568090864445
LF3aOFa14,local_flow,0,0.4991222845678819
LF3aOFa14,local_flow,1,0.4891173735410594
LF3aOFa14,onset,0,0.5168028857129812
LF3aOFa14,onset,1,0.5149079950687183
LF3aOFa14,pitch,0,0.5294504874455347
LF3aOFa14,pitch,1,0.5177371660240536
LF3aOFa14,speech,0,0.5067845122306734
LF3aOFa14,speech,1,0.5129594784406222
LF3aOFa14,volume,0,0.48743508562949955
LF3aOFa14,volume,1,0.5191425556147664
LF3aOFa14,word_gap,0,0.4804219922905255
LF3aOFa14,word_gap,1,0.5258709387589485
LF3aOFa14,word_head_pos,0,0.5141531613429047
LF3aOFa14,word_head_pos,1,0.5182909626657471
LF3aOFa14,word_index,0,0.5067011834319527
LF3aOFa14,word_index,1,0.49591715976331363
LF3aOFa14,word_length,0,0.48548112389371284
LF3aOFa14,word_length,1,0.49736685370364564
LF3aOFa14,word_part_speech,0,0.5007315016861734
LF3aOFa14,word_part_speech,1,0.5263092640349137
LF3bOFb1,delta_volume,0,0.5142524267786799
LF3bOFb1,delta_volume,1,0.48565353228216457
LF3bOFb1,face_num,0,0.5040646583701661
LF3bOFb1,face_num,1,0.5168176546189774
LF3bOFb1,frame_brightness,0,0.48162544538833685
LF3bOFb1,frame_brightness,1,0.4857841446976584
LF3bOFb1,global_flow,0,0.5237610106266262
LF3bOFb1,global_flow,1,0.4912019476923398
LF3bOFb1,gpt2_surprisal,0,0.5060708650721503
LF3bOFb1,gpt2_surprisal,1,0.5126223838333177
LF3bOFb1,local_flow,0,0.5209606804384398
LF3bOFb1,local_flow,1,0.5144666311400896
LF3bOFb1,onset,0,0.583717638463997
LF3bOFb1,onset,1,0.5338645115139339
LF3bOFb1,pitch,0,0.4842585916846912
LF3bOFb1,pitch,1,0.4820016091449589
LF3bOFb1,speech,0,0.5486377971536851
LF3bOFb1,speech,1,0.5443378475074867
LF3bOFb1,volume,0,0.526132932091993
LF3bOFb1,volume,1,0.49119149869910034
LF3bOFb1,word_gap,0,0.4747630640813842
LF3bOFb1,word_gap,1,0.4744587427180246
LF3bOFb1,word_head_pos,0,0.4845720614818762
LF3bOFb1,word_head_pos,1,0.4784280534570494
LF3bOFb1,word_index,0,0.5439349112426035
LF3bOFb1,word_index,1,0.47177514792899405
LF3bOFb1,word_length,0,0.4775503380249313
LF3bOFb1,word_length,1,0.4766647858478836
LF3bOFb1,word_part_speech,0,0.5564372148383256
LF3bOFb1,word_part_speech,1,0.5159938504265027
LF3bOFb13,delta_volume,0,0.6289719235551654
LF3bOFb13,delta_volume,1,0.6089621015015204
LF3bOFb13,face_num,0,0.47565907024858156
LF3bOFb13,face_num,1,0.5056529053425702
LF3bOFb13,frame_brightness,0,0.5400927870599669
LF3bOFb13,frame_brightness,1,0.5039235969614327
LF3bOFb13,global_flow,0,0.4831144269249658
LF3bOFb13,global_flow,1,0.4778376853390176
LF3bOFb13,gpt2_surprisal,0,0.473344618246032
LF3bOFb13,gpt2_surprisal,1,0.5232019894883128
LF3bOFb13,local_flow,0,0.45663145355944956
LF3bOFb13,local_flow,1,0.47182428972968454
LF3bOFb13,onset,0,0.5370454925954675
LF3bOFb13,onset,1,0.5398764135579806
LF3bOFb13,pitch,0,0.47883556419338996
LF3bOFb13,pitch,1,0.5002560003343677
LF3bOFb13,speech,0,0.5353536692020249
LF3bOFb13,speech,1,0.542456205443511
LF3bOFb13,volume,0,0.5609959980355893
LF3bOFb13,volume,1,0.5497424323166463
LF3bOFb13,word_gap,0,0.5243094803350434
LF3bOFb13,word_gap,1,0.4623293626641162
LF3bOFb13,word_head_pos,0,0.502366696968747
LF3bOFb13,word_head_pos,1,0.4913952540672707
LF3bOFb13,word_index,0,0.5023224852071005
LF3bOFb13,word_index,1,0.5406065088757397
LF3bOFb13,word_length,0,0.5113528311547182
LF3bOFb13,word_length,1,0.48733582019372435
LF3bOFb13,word_part_speech,0,0.5101666336044436
LF3bOFb13,word_part_speech,1,0.522354195596112
LF2b9,delta_volume,0,0.5838845177267171
LF2b9,delta_volume,1,0.5491572886952342
LF2b9,face_num,0,0.516660919720385
LF2b9,face_num,1,0.5135836912113517
LF2b9,frame_brightness,0,0.49668766914307805
LF2b9,frame_brightness,1,0.5367073132503684
LF2b9,global_flow,0,0.4892688839430321
LF2b9,global_flow,1,0.5128209147048682
LF2b9,gpt2_surprisal,0,0.49741387417322347
LF2b9,gpt2_surprisal,1,0.4972101188050531
LF2b9,local_flow,0,0.4814687104897443
LF2b9,local_flow,1,0.5024764113977618
LF2b9,onset,0,0.531170570597994
LF2b9,onset,1,0.5469689359694383
LF2b9,pitch,0,0.5015203285163474
LF2b9,pitch,1,0.5049528227955237
LF2b9,speech,0,0.5210028357140963
LF2b9,speech,1,0.5398060053534042
LF2b9,volume,0,0.5190171676958926
LF2b9,volume,1,0.5064104573524341
LF2b9,word_gap,0,0.5416050778193201
LF2b9,word_gap,1,0.5130206069037475
LF2b9,word_head_pos,0,0.4980773852439317
LF2b9,word_head_pos,1,0.4903242322602217
LF2b9,word_index,0,0.49187869822485203
LF2b9,word_index,1,0.4973816568047338
LF2b9,word_length,0,0.5294975079151124
LF2b9,word_length,1,0.5195814133308256
LF2b9,word_part_speech,0,0.5506471930172585
LF2b9,word_part_speech,1,0.5263588573695696
LF2e7,delta_volume,0,0.5452389162304212
LF2e7,delta_volume,1,0.5413884622216649
LF2e7,face_num,0,0.5071732338589177
LF2e7,face_num,1,0.4949583607619406
LF2e7,frame_brightness,0,0.523196764991693
LF2e7,frame_brightness,1,0.5112117697459849
LF2e7,global_flow,0,0.5159712861665778
LF2e7,global_flow,1,0.5397061743101053
LF2e7,gpt2_surprisal,0,0.4972884862543494
LF2e7,gpt2_surprisal,1,0.5134478542992382
LF2e7,local_flow,0,0.50167706341494
LF2e7,local_flow,1,0.5149316113392475
LF2e7,onset,0,0.5321979209472931
LF2e7,onset,1,0.49340973775931085
LF2e7,pitch,0,0.5166713687136244
LF2e7,pitch,1,0.5218279468773184
LF2e7,speech,0,0.48719290806455884
LF2e7,speech,1,0.48668274454721333
LF2e7,volume,0,0.49946710134478545
LF2e7,volume,1,0.5223086005663354
LF2e7,word_gap,0,0.4860012172854534
LF2e7,word_gap,1,0.48759528156971854
LF2e7,word_head_pos,0,0.48195458867538116
LF2e7,word_head_pos,1,0.5029831875698777
LF2e7,word_index,0,0.4826183431952662
LF2e7,word_index,1,0.48751479289940824
LF2e7,word_length,0,0.48999508897317745
LF2e7,word_length,1,0.4861341859711817
LF2e7,word_part_speech,0,0.5199737155326324
LF2e7,word_part_speech,1,0.5387819877008531
LF2d3,delta_volume,0,0.5593189346206493
LF2d3,delta_volume,1,0.544047731001118
LF2d3,face_num,0,0.5
LF2d3,face_num,1,0.48872553629457804
LF2d3,frame_brightness,0,0.462216440445963
LF2d3,frame_brightness,1,0.5066351107070833
LF2d3,global_flow,0,0.518755942864905
LF2d3,global_flow,1,0.5297953042224381
LF2d3,gpt2_surprisal,0,0.4718242897296846
LF2d3,gpt2_surprisal,1,0.4551685945059194
LF2d3,local_flow,0,0.516995287504049
LF2d3,local_flow,1,0.5112065452493652
LF2d3,onset,0,0.5527677579410377
LF2d3,onset,1,0.5465732158348934
LF2d3,pitch,0,0.48588341013343367
LF2d3,pitch,1,0.5041378013228426
LF2d3,speech,0,0.5166432565658707
LF2d3,speech,1,0.5384544033074496
LF2d3,volume,0,0.5291213441584903
LF2d3,volume,1,0.5019905332121251
LF2d3,word_gap,0,0.5112019244703359
LF2d3,word_gap,1,0.4802770773555922
LF2d3,word_head_pos,0,0.45704941328902954
LF2d3,word_head_pos,1,0.5089338892197737
LF2d3,word_index,0,0.5066420118343196
LF2d3,word_index,1,0.5157692307692308
LF2d3,word_length,0,0.49684962853829034
LF2d3,word_length,1,0.510710218070489
LF2d3,word_part_speech,0,0.5267308073794882
LF2d3,word_part_speech,1,0.4980162666137671
LF2aIa7,delta_volume,0,0.5855354586585582
LF2aIa7,delta_volume,1,0.5732735650920033
LF2aIa7,face_num,0,0.4781250326531039
LF2aIa7,face_num,1,0.47896095211226397
LF2aIa7,frame_brightness,0,0.4873149222072453
LF2aIa7,frame_brightness,1,0.515318224089109
LF2aIa7,global_flow,0,0.5204068837967462
LF2aIa7,global_flow,1,0.5032339634076257
LF2aIa7,gpt2_surprisal,0,0.5338756360824635
LF2aIa7,gpt2_surprisal,1,0.5237714596198657
LF2aIa7,local_flow,0,0.5016457164352215
LF2aIa7,local_flow,1,0.4687209387375526
LF2aIa7,onset,0,0.5585665799126371
LF2aIa7,onset,1,0.5374107727196628
LF2aIa7,pitch,0,0.511337157664859
LF2aIa7,pitch,1,0.5339644525249991
LF2aIa7,speech,0,0.4994103304799512
LF2aIa7,speech,1,0.5192802056555269
LF2aIa7,volume,0,0.49333354231319815
LF2aIa7,volume,1,0.5033280043467812
LF2aIa7,word_gap,0,0.5187230095933688
LF2aIa7,word_gap,1,0.4965437788018433
LF2aIa7,word_head_pos,0,0.48091491384805074
LF2aIa7,word_head_pos,1,0.4853818584579375
LF2aIa7,word_index,0,0.4805029585798817
LF2aIa7,word_index,1,0.5250295857988165
LF2aIa7,word_length,0,0.5063738858760959
LF2aIa7,word_length,1,0.511002789881195
LF2aIa7,word_part_speech,0,0.5066083118428883
LF2aIa7,word_part_speech,1,0.5406169410831184
LF1aCaOF3,delta_volume,0,0.5539429275989258
LF1aCaOF3,delta_volume,1,0.5386978464624933
LF1aCaOF3,face_num,0,0.4996290607399977
LF1aCaOF3,face_num,1,0.4941694617723582
LF1aCaOF3,frame_brightness,0,0.5304117948235687
LF1aCaOF3,frame_brightness,1,0.5144039371806527
LF1aCaOF3,global_flow,0,0.49427917620137307
LF1aCaOF3,global_flow,1,0.5031869429380479
LF1aCaOF3,gpt2_surprisal,0,0.5102191153882323
LF1aCaOF3,gpt2_surprisal,1,0.502283105022831
LF1aCaOF3,local_flow,0,0.536900619625299
LF1aCaOF3,local_flow,1,0.5234318673395819
LF1aCaOF3,onset,0,0.5282026695889077
LF1aCaOF3,onset,1,0.5379663029085431
LF1aCaOF3,pitch,0,0.5024607379079025
LF1aCaOF3,pitch,1,0.4991484070509807
LF1aCaOF3,speech,0,0.491738001219092
LF1aCaOF3,speech,1,0.5166167545649696
LF1aCaOF3,volume,0,0.5086256439192085
LF1aCaOF3,volume,1,0.5186775754156087
LF1aCaOF3,word_gap,0,0.4963843723734168
LF1aCaOF3,word_gap,1,0.46681447990029856
LF1aCaOF3,word_head_pos,0,0.49008390541571323
LF1aCaOF3,word_head_pos,1,0.5010553483171896
LF1aCaOF3,word_index,0,0.4901775147928994
LF1aCaOF3,word_index,1,0.48730769230769233
LF1aCaOF3,word_length,0,0.5067918456056759
LF1aCaOF3,word_length,1,0.5336353092379549
LF1aCaOF3,word_part_speech,0,0.542129537790121
LF1aCaOF3,word_part_speech,1,0.5287145407657211
LF1aCaOF15,delta_volume,0,0.5942760415034012
LF1aCaOF15,delta_volume,1,0.6035704209899376
LF1aCaOF15,face_num,0,0.4703405326896754
LF1aCaOF15,face_num,1,0.4633292582259699
LF1aCaOF15,frame_brightness,0,0.5083774803297703
LF1aCaOF15,frame_brightness,1,0.5310909793841364
LF1aCaOF15,global_flow,0,0.4938873389548917
LF1aCaOF15,global_flow,1,0.4909720698410708
LF1aCaOF15,gpt2_surprisal,0,0.5170005120006688
LF1aCaOF15,gpt2_surprisal,1,0.5278517914798908
LF1aCaOF15,local_flow,0,0.4995559177873212
LF1aCaOF15,local_flow,1,0.4990804885949239
LF1aCaOF15,onset,0,0.5371900826446281
LF1aCaOF15,onset,1,0.53952635343896
LF1aCaOF15,pitch,0,0.5066769066800414
LF1aCaOF15,pitch,1,0.5231027240525375
LF1aCaOF15,speech,0,0.5301195240240638
LF1aCaOF15,speech,1,0.5344393501709379
LF1aCaOF15,volume,0,0.5168855730750342
LF1aCaOF15,volume,1,0.5147696519440352
LF1aCaOF15,word_gap,0,0.5232081268295511
LF1aCaOF15,word_gap,1,0.49439903776483207
LF1aCaOF15,word_head_pos,0,0.4838563054449704
LF1aCaOF15,word_head_pos,1,0.4994200808752076
LF1aCaOF15,word_index,0,0.527130177514793
LF1aCaOF15,word_index,1,0.48615384615384616
LF1aCaOF15,word_length,0,0.5032809838772034
LF1aCaOF15,word_length,1,0.4989707741659091
LF1aCaOF15,word_part_speech,0,0.5124851219996033
LF1aCaOF15,word_part_speech,1,0.5175436421344971
LF1bIb11,delta_volume,0,0.5731638506629886
LF1bIb11,delta_volume,1,0.5766799368880808
LF1bIb11,face_num,0,0.49268048023572925
LF1bIb11,face_num,1,0.49907526409830416
LF1bIb11,frame_brightness,0,0.5326478793768221
LF1bIb11,frame_brightness,1,0.5256261559198772
LF1bIb11,global_flow,0,0.511337157664859
LF1bIb11,global_flow,1,0.5033071063603023
LF1bIb11,gpt2_surprisal,0,0.4954390144509577
LF1bIb11,gpt2_surprisal,1,0.4755493558195667
LF1bIb11,local_flow,0,0.5358922917776872
LF1bIb11,local_flow,1,0.5199314546043489
LF1bIb11,onset,0,0.5442293350379739
LF1bIb11,onset,1,0.539769873521757
LF1bIb11,pitch,0,0.4824456913576377
LF1bIb11,pitch,1,0.4881247191833067
LF1bIb11,speech,0,0.5002318925078844
LF1bIb11,speech,1,0.5236265338033022
LF1bIb11,volume,0,0.5042422912552376
LF1bIb11,volume,1,0.5170214099871477
LF1bIb11,word_gap,0,0.49817407181984175
LF1bIb11,word_gap,1,0.4583659391936933
LF1bIb11,word_head_pos,0,0.48577892020103863
LF1bIb11,word_head_pos,1,0.526947953564674
LF1bIb11,word_index,0,0.5042307692307693
LF1bIb11,word_index,1,0.5049556213017752
LF1bIb11,word_length,0,0.499707428189294
LF1bIb11,word_length,1,0.4988349372537956
LF1bIb11,word_part_speech,0,0.5042650267804007
LF1bIb11,word_part_speech,1,0.5349385042650268
LF1cCb7,delta_volume,0,0.5652487382840663
LF1cCb7,delta_volume,1,0.6004931924809045
LF1cCb7,face_num,0,0.48692830945738375
LF1cCb7,face_num,1,0.4943784416371483
LF1cCb7,frame_brightness,0,0.47401857830997984
LF1cCb7,frame_brightness,1,0.541304870275749
LF1cCb7,global_flow,0,0.474517517737166
LF1cCb7,global_flow,1,0.4907526409830412
LF1cCb7,gpt2_surprisal,0,0.5245342361263492
LF1cCb7,gpt2_surprisal,1,0.5075337241256805
LF1cCb7,local_flow,0,0.4973511802137864
LF1cCb7,local_flow,1,0.5062902939301799
LF1cCb7,onset,0,0.5267263290869519
LF1cCb7,onset,1,0.5685356833021324
LF1cCb7,pitch,0,0.4836682235666594
LF1cCb7,pitch,1,0.4883128010616177
LF1cCb7,speech,0,0.5045384676543079
LF1cCb7,speech,1,0.5478824901280047
LF1cCb7,volume,0,0.5248372569302948
LF1cCb7,volume,1,0.5093205019696352
LF1cCb7,word_gap,0,0.5118540416775352
LF1cCb7,word_gap,1,0.48730545169985223
LF1cCb7,word_head_pos,0,0.5031712694481887
LF1cCb7,word_head_pos,1,0.4891278225342988
LF1cCb7,word_index,0,0.4936094674556213
LF1cCb7,word_index,1,0.5384467455621301
LF1cCb7,word_length,0,0.5444369559992894
LF1cCb7,word_length,1,0.5119536482659895
LF1cCb7,word_part_speech,0,0.49505306486808176
LF1cCb7,word_part_speech,1,0.5129686570124975
RF3aOFa8,delta_volume,0,0.5144300596637514
RF3aOFa8,delta_volume,1,0.5109714429014764
RF3aOFa8,face_num,0,0.5294557119421544
RF3aOFa8,face_num,1,0.48555426684638936
RF3aOFa8,frame_brightness,0,0.4604035401189096
RF3aOFa8,frame_brightness,1,0.4842690406779307
RF3aOFa8,global_flow,0,0.4806902604934014
RF3aOFa8,global_flow,1,0.49785795638590224
RF3aOFa8,gpt2_surprisal,0,0.49549125941715505
RF3aOFa8,gpt2_surprisal,1,0.485141531613429
RF3aOFa8,local_flow,0,0.5183170851488459
RF3aOFa8,local_flow,1,0.5285884455032757
RF3aOFa8,onset,0,0.5014839505045432
RF3aOFa8,onset,1,0.5123662542045264
RF3aOFa8,pitch,0,0.48445189805962197
RF3aOFa8,pitch,1,0.5137717730896628
RF3aOFa8,speech,0,0.49819786393872734
RF3aOFa8,speech,1,0.5027827100946122
RF3aOFa8,volume,0,0.5116558519586638
RF3aOFa8,volume,1,0.5004806536890171
RF3aOFa8,word_gap,0,0.5188316957945687
RF3aOFa8,word_gap,1,0.5152957713821987
RF3aOFa8,word_head_pos,0,0.4935111751982697
RF3aOFa8,word_head_pos,1,0.48633794133935204
RF3aOFa8,word_index,0,0.47460059171597635
RF3aOFa8,word_index,1,0.49713017751479294
RF3aOFa8,word_length,0,0.49122284567881885
RF3aOFa8,word_length,1,0.4748388242792807
RF3aOFa8,word_part_speech,0,0.5051949018051974
RF3aOFa8,word_part_speech,1,0.5086416385637771
RF3bOFb4,delta_volume,0,0.5419945038295559
RF3bOFb4,delta_volume,1,0.5237453371367669
RF3bOFb4,face_num,0,0.5127007512826139
RF3bOFb4,face_num,1,0.5221100696947849
RF3bOFb4,frame_brightness,0,0.5094406653918895
RF3bOFb4,frame_brightness,1,0.519612760310544
RF3bOFb4,global_flow,0,0.505261068096089
RF3bOFb4,global_flow,1,0.5424333615456151
RF3bOFb4,gpt2_surprisal,0,0.5120947096747228
RF3bOFb4,gpt2_surprisal,1,0.49743999665632216
RF3bOFb4,local_flow,0,0.49154676446924334
RF3bOFb4,local_flow,1,0.4903869262196588
RF3bOFb4,onset,0,0.5397622635191697
RF3bOFb4,onset,1,0.5399144635709177
RF3bOFb4,pitch,0,0.49388211445827196
RF3bOFb4,pitch,1,0.5593058733790999
RF3bOFb4,speech,0,0.4953886518432142
RF3bOFb4,speech,1,0.5249715103490314
RF3bOFb4,volume,0,0.49716309833547545
RF3bOFb4,volume,1,0.5105534831718964
RF3bOFb4,word_gap,0,0.5024780453873576
RF3bOFb4,word_gap,1,0.4993116540590673
RF3bOFb4,word_head_pos,0,0.48077907693593724
RF3bOFb4,word_head_pos,1,0.502262207036352
RF3bOFb4,word_index,0,0.44065088757396453
RF3bOFb4,word_index,1,0.4475887573964497
RF3bOFb4,word_length,0,0.4687784082003699
RF3bOFb4,word_length,1,0.5096339717668203
RF3bOFb4,word_part_speech,0,0.5250074390001984
RF3bOFb4,word_part_speech,1,0.5301155524697481
RF3bOFb16,delta_volume,0,0.5339801260148584
RF3bOFb16,delta_volume,1,0.5258455847779067
RF3bOFb16,face_num,0,0.5183797791082829
RF3bOFb16,face_num,1,0.5054125784980616
RF3bOFb16,frame_brightness,0,0.47681890849816616
RF3bOFb16,frame_brightness,1,0.4705129410781272
RF3bOFb16,global_flow,0,0.49631150538645596
RF3bOFb16,global_flow,1,0.5257881153150894
RF3bOFb16,gpt2_surprisal,0,0.4835898561173631
RF3bOFb16,gpt2_surprisal,1,0.444531519388107
RF3bOFb16,local_flow,0,0.49391868593461025
RF3bOFb16,local_flow,1,0.5126694043028954
RF3bOFb16,onset,0,0.5423953244144103
RF3bOFb16,onset,1,0.5313227706497421
RF3bOFb16,pitch,0,0.4762964588361911
RF3bOFb16,pitch,1,0.516619123747427
RF3bOFb16,speech,0,0.5335316566400763
RF3bOFb16,speech,1,0.534962764688734
RF3bOFb16,volume,0,0.508192010699769
RF3bOFb16,volume,1,0.5187507183682852
RF3bOFb16,word_gap,0,0.45778627945396055
RF3bOFb16,word_gap,1,0.4763788656058894
RF3bOFb16,word_head_pos,0,0.4793789118418441
RF3bOFb16,word_head_pos,1,0.534345840778241
RF3bOFb16,word_index,0,0.5074556213017751
RF3bOFb16,word_index,1,0.5025295857988166
RF3bOFb16,word_length,0,0.49205354064135925
RF3bOFb16,word_length,1,0.5019644107290262
RF3bOFb16,word_part_speech,0,0.4992560999801627
RF3bOFb16,word_part_speech,1,0.5057156318190835
RF2I12,delta_volume,0,0.5292728545604631
RF2I12,delta_volume,1,0.526258320010867
RF2I12,face_num,0,0.5082129086862481
RF2I12,face_num,1,0.49499493223827884
RF2I12,frame_brightness,0,0.5371566199596669
RF2I12,frame_brightness,1,0.5361326186221957
RF2I12,global_flow,0,0.5203650878237882
RF2I12,global_flow,1,0.5193097395065986
RF2I12,gpt2_surprisal,0,0.543713363217454
RF2I12,gpt2_surprisal,1,0.49115492722276205
RF2I12,local_flow,0,0.5125387918874016
RF2I12,local_flow,1,0.4888770466965508
RF2I12,onset,0,0.521262347229198
RF2I12,onset,1,0.4891937963258908
RF2I12,pitch,0,0.4956114228394094
RF2I12,pitch,1,0.5105639321651358
RF2I12,speech,0,0.469800969973233
RF2I12,speech,1,0.4990923064691384
RF2I12,volume,0,0.49591444364335496
RF2I12,volume,1,0.456161248863672
RF2I12,word_gap,0,0.5018549111671449
RF2I12,word_gap,1,0.49738428542445584
RF2I12,word_head_pos,0,0.49453517653574075
RF2I12,word_head_pos,1,0.4927379496985465
RF2I12,word_index,0,0.5157692307692308
RF2I12,word_index,1,0.5230769230769231
RF2I12,word_length,0,0.4780884611767656
RF2I12,word_length,1,0.46484958674231747
RF2I12,word_part_speech,0,0.4706655425510811
RF2I12,word_part_speech,1,0.509211961912319
RF1aCaOF11,delta_volume,0,0.5592771386476914
RF1aCaOF11,delta_volume,1,0.5861571737563086
RF1aCaOF11,face_num,0,0.5177737375003918
RF1aCaOF11,face_num,1,0.48401826484018273
RF1aCaOF11,frame_brightness,0,0.5261172586021338
RF1aCaOF11,frame_brightness,1,0.5051356801772149
RF1aCaOF11,global_flow,0,0.48199116015171933
RF1aCaOF11,global_flow,1,0.49116015171938177
RF1aCaOF11,gpt2_surprisal,0,0.5035317597149515
RF1aCaOF11,gpt2_surprisal,1,0.48962414971317514
RF1aCaOF11,local_flow,0,0.4904914161520537
RF1aCaOF11,local_flow,1,0.47688160245760325
RF1aCaOF11,onset,0,0.5558193689785854
RF1aCaOF11,onset,1,0.5765642360318403
RF1aCaOF11,pitch,0,0.5146703865082599
RF1aCaOF11,pitch,1,0.5102504623679508
RF1aCaOF11,speech,0,0.49888691596215506
RF1aCaOF11,speech,1,0.5330943736252087
RF1aCaOF11,volume,0,0.5163370009299604
RF1aCaOF11,volume,1,0.5022674315329718
RF1aCaOF11,word_gap,0,0.49658725328232334
RF1aCaOF11,word_gap,1,0.4996884328898936
RF1aCaOF11,word_head_pos,0,0.4707689414124949
RF1aCaOF11,word_head_pos,1,0.4954233409610984
RF1aCaOF11,word_index,0,0.49939349112426035
RF1aCaOF11,word_index,1,0.5616272189349112
RF1aCaOF11,word_length,0,0.502345798982268
RF1aCaOF11,word_length,1,0.48853745441626695
RF1aCaOF11,word_part_speech,0,0.510315413608411
RF1aCaOF11,word_part_speech,1,0.5235258381273558
RF1bCb7,delta_volume,0,0.5678609865939417
RF1bCb7,delta_volume,1,0.5842450079934798
RF1bCb7,face_num,0,0.5062119264808836
RF1bCb7,face_num,1,0.5065907024858155
RF1bCb7,frame_brightness,0,0.5223033760697157
RF1bCb7,frame_brightness,1,0.4917087238644557
RF1bCb7,global_flow,0,0.4817665067970701
RF1bCb7,global_flow,1,0.48239867088805993
RF1bCb7,gpt2_surprisal,0,0.5237610106266261
RF1bCb7,gpt2_surprisal,1,0.4628120330606146
RF1bCb7,local_flow,0,0.48606104301850517
RF1bCb7,local_flow,1,0.4677648558561382
RF1bCb7,onset,0,0.5418930642436419
RF1bCb7,onset,1,0.5366345524557479
RF1bCb7,pitch,0,0.5045087405828449
RF1bCb7,pitch,1,0.5140747938936084
RF1bCb7,speech,0,0.5452919195399253
RF1bCb7,speech,1,0.5677059868020036
RF1bCb7,volume,0,0.5025182073707198
RF1bCb7,volume,1,0.48331818229313606
RF1bCb7,word_gap,0,0.5032895690229835
RF1bCb7,word_gap,1,0.5209184708576066
RF1bCb7,word_head_pos,0,0.5156369183829138
RF1bCb7,word_head_pos,1,0.4970951798794186
RF1bCb7,word_index,0,0.5231065088757396
RF1bCb7,word_index,1,0.5155177514792899
RF1bCb7,word_length,0,0.47692339843056125
RF1bCb7,word_length,1,0.4843578571204664
RF1bCb7,word_part_speech,0,0.49350327316008735
RF1bCb7,word_part_speech,1,0.5585697282285261
LT2H9,delta_volume,0,0.6068409558739016
LT2H9,delta_volume,1,0.5602332215291057
LT2H9,face_num,0,0.4778011138626793
LT2H9,face_num,1,0.48456161248863683
LT2H9,frame_brightness,0,0.5240431334440927
LT2H9,frame_brightness,1,0.4942426047250347
LT2H9,global_flow,0,0.47742495010605734
LT2H9,global_flow,1,0.48041858666917436
LT2H9,gpt2_surprisal,0,0.4906011305810685
LT2H9,gpt2_surprisal,1,0.4580525166400218
LT2H9,local_flow,0,0.4815314044491813
LT2H9,local_flow,1,0.5000992654357752
LT2H9,onset,0,0.5634522015737485
LT2H9,onset,1,0.527981979513873
LT2H9,pitch,0,0.5333793089035871
LT2H9,pitch,1,0.547025694074376
LT2H9,speech,0,0.5158415710386135
LT2H9,speech,1,0.5058900697002624
LT2H9,volume,0,0.5108042590096444
LT2H9,volume,1,0.5408085430968725
LT2H9,word_gap,0,0.509281801582471
LT2H9,word_gap,1,0.4929643799089934
LT2H9,word_head_pos,0,0.5057260482952468
LT2H9,word_head_pos,1,0.5080822962707543
LT2H9,word_index,0,0.5108136094674556
LT2H9,word_index,1,0.5667011834319526
LT2H9,word_length,0,0.48411230577933817
LT2H9,word_length,1,0.47344388368180723
LT2H9,word_part_speech,0,0.5282062090854989
LT2H9,word_part_speech,1,0.49328010315413606
LT1A5,delta_volume,0,0.5766851613847006
LT1A5,delta_volume,1,0.5369737625779756
LT1A5,face_num,0,0.4856848792618831
LT1A5,face_num,1,0.4923199899689665
LT1A5,frame_brightness,0,0.4611297451490549
LT1A5,frame_brightness,1,0.5207360270837904
LT1A5,global_flow,0,0.5111960962561257
LT1A5,global_flow,1,0.49465533995799504
LT1A5,gpt2_surprisal,0,0.4958465251872982
LT1A5,gpt2_surprisal,1,0.48939949635852587
LT1A5,local_flow,0,0.5059977221194737
LT1A5,local_flow,1,0.5099056455910473
LT1A5,onset,0,0.5189184664322786
LT1A5,onset,1,0.49226062736861326
LT1A5,pitch,0,0.5266919532303063
LT1A5,pitch,1,0.5487967984284714
LT1A5,speech,0,0.5216918877375242
LT1A5,speech,1,0.509255823814698
LT1A5,volume,0,0.5175020636761648
LT1A5,volume,1,0.5157100613355903
LT1A5,word_gap,0,0.4910804857548619
LT1A5,word_gap,1,0.4700460829493087
LT1A5,word_head_pos,0,0.4853975319477968
LT1A5,word_head_pos,1,0.45011128177800075
LT1A5,word_index,0,0.4777662721893491
LT1A5,word_index,1,0.5115828402366864
LT1A5,word_length,0,0.48840161750415345
LT1A5,word_length,1,0.4939500329143287
LT1A5,word_part_speech,0,0.5407409244197581
LT1A5,word_part_speech,1,0.5442248561793295
LF3aOFa3,delta_volume,0,0.576444834540192
LF3aOFa3,delta_volume,1,0.5686028651139463
LF3aOFa3,face_num,0,0.47852209439620486
LF3aOFa3,face_num,1,0.4956114228394094
LF3aOFa3,frame_brightness,0,0.4994096318819682
LF3aOFa3,frame_brightness,1,0.5040124134039685
LF3aOFa3,global_flow,0,0.5374544162669928
LF3aOFa3,global_flow,1,0.5060604160789107
LF3aOFa3,gpt2_surprisal,0,0.5012956751616982
LF3aOFa3,gpt2_surprisal,1,0.4957002392819452
LF3aOFa3,local_flow,0,0.5453225081763372
LF3aOFa3,local_flow,1,0.49814530369998855
LF3aOFa3,onset,0,0.5402340836795885
LF3aOFa3,onset,1,0.548216976393772
LF3aOFa3,pitch,0,0.43301672883817643
LF3aOFa3,pitch,1,0.4532512042464708
LF3aOFa3,speech,0,0.5122041714149418
LF3aOFa3,speech,1,0.5127342114329632
LF3aOFa3,volume,0,0.5090070321724501
LF3aOFa3,volume,1,0.5146285905353019
LF3aOFa3,word_gap,0,0.5331782743529548
LF3aOFa3,word_gap,1,0.4990942816566675
LF3aOFa3,word_head_pos,0,0.4775189910452127
LF3aOFa3,word_head_pos,1,0.4740864967660366
LF3aOFa3,word_index,0,0.4926923076923077
LF3aOFa3,word_index,1,0.5240680473372781
LF3aOFa3,word_length,0,0.5141845083226232
LF3aOFa3,word_length,1,0.5083748680814604
LF3aOFa3,word_part_speech,0,0.4798527077960722
LF3aOFa3,word_part_speech,1,0.49980162666137673
LF3aOFa15,delta_volume,0,0.5289019153004608
LF3aOFa15,delta_volume,1,0.5509701890222878
LF3aOFa15,face_num,0,0.496102525521666
LF3aOFa15,face_num,1,0.48997941548331814
LF3aOFa15,frame_brightness,0,0.5393979290095399
LF3aOFa15,frame_brightness,1,0.518170799243493
LF3aOFa15,global_flow,0,0.5132127519513495
LF3aOFa15,global_flow,1,0.5041952707856598
LF3aOFa15,gpt2_surprisal,0,0.49422693123517547
LF3aOFa15,gpt2_surprisal,1,0.5105273606887977
LF3aOFa15,local_flow,0,0.5079046633856829
LF3aOFa15,local_flow,1,0.5039235969614329
LF3aOFa15,onset,0,0.5342145716329544
LF3aOFa15,onset,1,0.5383163630275634
LF3aOFa15,pitch,0,0.5054700479608789
LF3aOFa15,pitch,1,0.5262478710176275
LF3aOFa15,speech,0,0.5001391355047305
LF3aOFa15,speech,1,0.5220695412503644
LF3aOFa15,volume,0,0.4955800758596908
LF3aOFa15,volume,1,0.5394919699486953
LF3aOFa15,word_gap,0,0.48084224560183175
LF3aOFa15,word_gap,1,0.5184041967365156
LF3aOFa15,word_head_pos,0,0.5133747113465618
LF3aOFa15,word_head_pos,1,0.5287451804018682
LF3aOFa15,word_index,0,0.49924556213017757
LF3aOFa15,word_index,1,0.4935798816568047
LF3aOFa15,word_length,0,0.48830235206837824
LF3aOFa15,word_length,1,0.49018317085148844
LF3aOFa15,word_part_speech,0,0.4915071414401904
LF3aOFa15,word_part_speech,1,0.5150267804007141
LF3bOFb2,delta_volume,0,0.5472033269594475
LF3bOFb2,delta_volume,1,0.5550923168552709
LF3bOFb2,face_num,0,0.5301244475094825
LF3bOFb2,face_num,1,0.5070791929197622
LF3bOFb2,frame_brightness,0,0.5084114395577986
LF3bOFb2,frame_brightness,1,0.5097123392161165
LF3bOFb2,global_flow,0,0.5078106224465273
LF3bOFb2,global_flow,1,0.504252740248477
LF3bOFb2,gpt2_surprisal,0,0.48710071784583553
LF3bOFb2,gpt2_surprisal,1,0.5011546137529649
LF3bOFb2,local_flow,0,0.4987095493349216
LF3bOFb2,local_flow,1,0.4922938674858678
LF3bOFb2,onset,0,0.530257370287506
LF3bOFb2,onset,1,0.513971964750468
LF3bOFb2,pitch,0,0.5009038379152169
LF3bOFb2,pitch,1,0.5149786318088252
LF3bOFb2,speech,0,0.5439270664935202
LF3bOFb2,speech,1,0.5270784194206661
LF3bOFb2,volume,0,0.5212637012423853
LF3bOFb2,volume,1,0.5377940085472764
LF3bOFb2,word_gap,0,0.4954786540300844
LF3bOFb2,word_gap,1,0.502086775063038
LF3bOFb2,word_head_pos,0,0.47613449944097885
LF3bOFb2,word_head_pos,1,0.47828699204831615
LF3bOFb2,word_index,0,0.47
LF3bOFb2,word_index,1,0.5064497041420118
LF3bOFb2,word_length,0,0.4848959802723007
LF3bOFb2,word_length,1,0.48385108094835055
LF3bOFb2,word_part_speech,0,0.5179279904780798
LF3bOFb2,word_part_speech,1,0.5107989486213054
LF3bOFb14,delta_volume,0,0.5297430592562407
LF3bOFb14,delta_volume,1,0.518923126756737
LF3bOFb14,face_num,0,0.48399736685370365
LF3bOFb14,face_num,1,0.450524017010961
LF3bOFb14,frame_brightness,0,0.5035213107217119
LF3bOFb14,frame_brightness,1,0.5101407479389362
LF3bOFb14,global_flow,0,0.47241988234433613
LF3bOFb14,global_flow,1,0.4837152440362371
LF3bOFb14,gpt2_surprisal,0,0.4744783340125179
LF3bOFb14,gpt2_surprisal,1,0.49141615205374967
LF3bOFb14,local_flow,0,0.48194413968214167
LF3bOFb14,local_flow,1,0.4634650951380834
LF3bOFb14,onset,0,0.5559943990380956
LF3bOFb14,onset,1,0.5346559517830236
LF3bOFb14,pitch,0,0.5211278643302718
LF3bOFb14,pitch,1,0.5169482670344712
LF3bOFb14,speech,0,0.5154506665253227
LF3bOFb14,speech,1,0.5196843611692683
LF3bOFb14,volume,0,0.5444761397239377
LF3bOFb14,volume,1,0.48265467122242767
LF3bOFb14,word_gap,0,0.501659276004985
LF3bOFb14,word_gap,1,0.5243384633220299
LF3bOFb14,word_head_pos,0,0.5017711043540956
LF3bOFb14,word_head_pos,1,0.4980617117540725
LF3bOFb14,word_index,0,0.5428698224852071
LF3bOFb14,word_index,1,0.5656952662721892
LF3bOFb14,word_length,0,0.46177758272990393
LF3bOFb14,word_length,1,0.4763591527956281
LF3bOFb14,word_part_speech,0,0.5305990874826423
LF3bOFb14,word_part_speech,1,0.5063851418369372
LF2b10,delta_volume,0,0.5543608873285059
LF2b10,delta_volume,1,0.549183411178333
LF2b10,face_num,0,0.5138135690626208
LF2b10,face_num,1,0.4985632634295686
LF2b10,frame_brightness,0,0.5016509409318411
LF2b10,frame_brightness,1,0.4970899553827989
LF2b10,global_flow,0,0.49812963021012924
LF2b10,global_flow,1,0.5355735974838824
LF2b10,gpt2_surprisal,0,0.490653375547266
LF2b10,gpt2_surprisal,1,0.48358985611736305
LF2b10,local_flow,0,0.4852930420154018
LF2b10,local_flow,1,0.495935341629834
LF2b10,onset,0,0.5195577066496202
LF2b10,onset,1,0.5126706543080225
LF2b10,pitch,0,0.4894412923314838
LF2b10,pitch,1,0.513181404971631
LF2b10,speech,0,0.48378077544854636
LF2b10,speech,1,0.4968793893938992
LF2b10,volume,0,0.48676112556555173
LF2b10,volume,1,0.48109777122974207
LF2b10,word_gap,0,0.5216285540387793
LF2b10,word_gap,1,0.5012897429209053
LF2b10,word_head_pos,0,0.5042475157518573
LF2b10,word_head_pos,1,0.4885113319331682
LF2b10,word_index,0,0.49633136094674557
LF2b10,word_index,1,0.509112426035503
LF2b10,word_length,0,0.5165877767677084
LF2b10,word_length,1,0.5270472190004493
LF2b10,word_part_speech,0,0.4525391787343781
LF2b10,word_part_speech,1,0.4694009125173576
LF2e8,delta_volume,0,0.534095064940493
LF2e8,delta_volume,1,0.5406883796746184
LF2e8,face_num,0,0.5158093267713656
LF2e8,face_num,1,0.47632258131928984
LF2e8,frame_brightness,0,0.5204016593001264
LF2e8,frame_brightness,1,0.5141531613429047
LF2e8,global_flow,0,0.5088973177434355
LF2e8,global_flow,1,0.5136725076538875
LF2e8,gpt2_surprisal,0,0.49841175302759577
LF2e8,gpt2_surprisal,1,0.47904976855479975
LF2e8,local_flow,0,0.4705651860443246
LF2e8,local_flow,1,0.5000417959729581
LF2e8,onset,0,0.5555301888802642
LF2e8,onset,1,0.5245879183598923
LF2e8,pitch,0,0.5195657398409663
LF2e8,pitch,1,0.5254537475314254
LF2e8,speech,0,0.4865237325418069
LF2e8,speech,1,0.4993772029788249
LF2e8,volume,0,0.5030929019988924
LF2e8,volume,1,0.5184738200474385
LF2e8,word_gap,0,0.5123974726835347
LF2e8,word_gap,1,0.493739674810886
LF2e8,word_head_pos,0,0.5040855563566451
LF2e8,word_head_pos,1,0.4909459473579721
LF2e8,word_index,0,0.48539940828402367
LF2e8,word_index,1,0.5108136094674557
LF2e8,word_length,0,0.4996186117467582
LF2e8,word_length,1,0.47112943167925764
LF2e8,word_part_speech,0,0.499714838325729
LF2e8,word_part_speech,1,0.5369718309859155
LF2d4,delta_volume,0,0.5708389496671996
LF2d4,delta_volume,1,0.5669937201550631
LF2d4,face_num,0,0.4817665067970701
LF2d4,face_num,1,0.5062014774876441
LF2d4,frame_brightness,0,0.45912876294369037
LF2d4,frame_brightness,1,0.4952718305591257
LF2d4,global_flow,0,0.5013322466380364
LF2d4,global_flow,1,0.47443653803955993
LF2d4,gpt2_surprisal,0,0.4914161520537496
LF2d4,gpt2_surprisal,1,0.4757792336708358
LF2d4,local_flow,0,0.4844832450393405
LF2d4,local_flow,1,0.5211278643302718
LF2d4,onset,0,0.5633608815426997
LF2d4,onset,1,0.5650883521300397
LF2d4,pitch,0,0.5128574861812064
LF2d4,pitch,1,0.4984692224904131
LF2d4,speech,0,0.5487636816579652
LF2d4,speech,1,0.5405878143799857
LF2d4,volume,0,0.494216482241936
LF2d4,volume,1,0.4976333030312529
LF2d4,word_gap,0,0.5068399849288467
LF2d4,word_gap,1,0.4947613251021651
LF2d4,word_head_pos,0,0.4607117854194749
LF2d4,word_head_pos,1,0.48687606449118637
LF2d4,word_index,0,0.5217011834319527
LF2d4,word_index,1,0.5296745562130177
LF2d4,word_length,0,0.5107781365265457
LF2d4,word_length,1,0.5317858374345632
LF2d4,word_part_speech,0,0.5008678833564769
LF2d4,word_part_speech,1,0.495815562388415
LF2aIa8,delta_volume,0,0.574496097301025
LF2aIa8,delta_volume,1,0.5686864570598622
LF2aIa8,face_num,0,0.4945351765357408
LF2aIa8,face_num,1,0.5086726643887862
LF2aIa8,frame_brightness,0,0.505574537893274
LF2aIa8,frame_brightness,1,0.5181916972299719
LF2aIa8,global_flow,0,0.5081188677470925
LF2aIa8,global_flow,1,0.4963271788763153
LF2aIa8,gpt2_surprisal,0,0.5178155334733499
LF2aIa8,gpt2_surprisal,1,0.511190871759506
LF2aIa8,local_flow,0,0.5295105691566617
LF2aIa8,local_flow,1,0.4776600524539461
LF2aIa8,onset,0,0.5605147405750117
LF2aIa8,onset,1,0.520425246944584
LF2aIa8,pitch,0,0.48633271684273227
LF2aIa8,pitch,1,0.5165877767677084
LF2aIa8,speech,0,0.4915458617125593
LF2aIa8,speech,1,0.5053799061829167
LF2aIa8,volume,0,0.5161123475753111
LF2aIa8,volume,1,0.5126485063164163
LF2aIa8,word_gap,0,0.5022896559719444
LF2aIa8,word_gap,1,0.466314523374779
LF2aIa8,word_head_pos,0,0.48598790006582865
LF2aIa8,word_head_pos,1,0.4841541017522961
LF2aIa8,word_index,0,0.4511094674556213
LF2aIa8,word_index,1,0.5058579881656805
LF2aIa8,word_length,0,0.5148689173798104
LF2aIa8,word_length,1,0.5209084354722422
LF2aIa8,word_part_speech,0,0.5047113667923031
LF2aIa8,word_part_speech,1,0.5508951596905376
LF1aCaOF4,delta_volume,0,0.5606355077688265
LF1aCaOF4,delta_volume,1,0.5592849753926209
LF1aCaOF4,face_num,0,0.5073874382203275
LF1aCaOF4,face_num,1,0.5045818835355214
LF1aCaOF4,frame_brightness,0,0.5343615142681003
LF1aCaOF4,frame_brightness,1,0.5087614808313219
LF1aCaOF4,global_flow,0,0.4942870129463026
LF1aCaOF4,global_flow,1,0.5146338150319216
LF1aCaOF4,gpt2_surprisal,0,0.5113110351817602
LF1aCaOF4,gpt2_surprisal,1,0.4868133705317493
LF1aCaOF4,local_flow,0,0.5213054972153432
LF1aCaOF4,local_flow,1,0.5051147821907359
LF1aCaOF4,onset,0,0.5439705949500023
LF1aCaOF4,onset,1,0.5457665555606288
LF1aCaOF4,pitch,0,0.5122096486003573
LF1aCaOF4,pitch,1,0.5119379747761303
LF1aCaOF4,speech,0,0.5030941086051997
LF1aCaOF4,speech,1,0.5302454085283439
LF1aCaOF4,volume,0,0.5117812398775379
LF1aCaOF4,volume,1,0.5400405420937693
LF1aCaOF4,word_gap,0,0.5080790076225257
LF1aCaOF4,word_gap,1,0.47632089963191615
LF1aCaOF4,word_head_pos,0,0.5137717730896628
LF1aCaOF4,word_head_pos,1,0.527726403561017
LF1aCaOF4,word_index,0,0.5237130177514793
LF1aCaOF4,word_index,1,0.5435798816568047
LF1aCaOF4,word_length,0,0.4877851269030229
LF1aCaOF4,word_length,1,0.4960241580723697
LF1aCaOF4,word_part_speech,0,0.5510315413608411
LF1aCaOF4,word_part_speech,1,0.5611609799642928
LF1aCaOF16,delta_volume,0,0.5907233838019708
LF1aCaOF16,delta_volume,1,0.5973950659853924
LF1aCaOF16,face_num,0,0.46862167330177734
LF1aCaOF16,face_num,1,0.49839607953773646
LF1aCaOF16,frame_brightness,0,0.5301505699925813
LF1aCaOF16,frame_brightness,1,0.5283272206722882
LF1aCaOF16,global_flow,0,0.5088241747907589
LF1aCaOF16,global_flow,1,0.49458742150193824
LF1aCaOF16,gpt2_surprisal,0,0.5418795649039215
LF1aCaOF16,gpt2_surprisal,1,0.5440999759673155
LF1aCaOF16,local_flow,0,0.5212010072829483
LF1aCaOF16,local_flow,1,0.5004284087228196
LF1aCaOF16,onset,0,0.5544419585102658
LF1aCaOF16,onset,1,0.5522883277780315
LF1aCaOF16,pitch,0,0.49811395672027003
LF1aCaOF16,pitch,1,0.5305424072390625
LF1aCaOF16,speech,0,0.49481885882384125
LF1aCaOF16,speech,1,0.528337264463467
LF1aCaOF16,volume,0,0.5380656823715035
LF1aCaOF16,volume,1,0.5225437029142243
LF1aCaOF16,word_gap,0,0.508752862069965
LF1aCaOF16,word_gap,1,0.4907544271512622
LF1aCaOF16,word_head_pos,0,0.4993887338954892
LF1aCaOF16,word_head_pos,1,0.513076915039236
LF1aCaOF16,word_index,0,0.503801775147929
LF1aCaOF16,word_index,1,0.5042011834319526
LF1aCaOF16,word_length,0,0.5046132305152399
LF1aCaOF16,word_length,1,0.4959823620994117
LF1aCaOF16,word_part_speech,0,0.5557057131521523
LF1aCaOF16,word_part_speech,1,0.54742362626463
LF1bIb12,delta_volume,0,0.5817320251193797
LF1bIb12,delta_volume,1,0.5849241925540475
LF1bIb12,face_num,0,0.49265958224925027
LF1bIb12,face_num,1,0.49377240002925715
LF1bIb12,frame_brightness,0,0.48214267055369214
LF1bIb12,frame_brightness,1,0.5611631819274212
LF1bIb12,global_flow,0,0.4925498678202355
LF1bIb12,global_flow,1,0.47240420885447687
LF1bIb12,gpt2_surprisal,0,0.5062119264808835
LF1bIb12,gpt2_surprisal,1,0.49094072286135226
LF1bIb12,local_flow,0,0.5258717072610054
LF1bIb12,local_flow,1,0.5387971118982686
LF1bIb12,onset,0,0.5352571419874284
LF1bIb12,onset,1,0.5446174451699314
LF1bIb12,pitch,0,0.50125910368536
LF1bIb12,pitch,1,0.5237087656604287
LF1bIb12,speech,0,0.5180081096122757
LF1bIb12,speech,1,0.5299671375188827
LF1bIb12,volume,0,0.5014680835501499
LF1bIb12,volume,1,0.49265435775263056
LF1bIb12,word_gap,0,0.4681259600614439
LF1bIb12,word_gap,1,0.4727632379793062
LF1bIb12,word_head_pos,0,0.4675245290116298
LF1bIb12,word_head_pos,1,0.482231486996228
LF1bIb12,word_index,0,0.5454437869822485
LF1bIb12,word_index,1,0.5547633136094674
LF1bIb12,word_length,0,0.5062537224538415
LF1bIb12,word_length,1,0.4984535490005538
LF1bIb12,word_part_speech,0,0.5088524102360643
LF1bIb12,word_part_speech,1,0.5242139456457052
LF1cCb8,delta_volume,0,0.562469306082359
LF1cCb8,delta_volume,1,0.5809535751230369
LF1cCb8,face_num,0,0.5139964264443121
LF1cCb8,face_num,1,0.5240797049204309
LF1cCb8,frame_brightness,0,0.4961547704878635
LF1cCb8,frame_brightness,1,0.5429296887244914
LF1cCb8,global_flow,0,0.49110790675318433
LF1cCb8,global_flow,1,0.48457206148187626
LF1cCb8,gpt2_surprisal,0,0.5117185459181008
LF1cCb8,gpt2_surprisal,1,0.4918341117833297
LF1cCb8,local_flow,0,0.48682904402160854
LF1cCb8,local_flow,1,0.47555980481280624
LF1cCb8,onset,0,0.5605223505775991
LF1cCb8,onset,1,0.5495182868362176
LF1cCb8,pitch,0,0.504231842261998
LF1cCb8,pitch,1,0.49603983156222897
LF1cCb8,speech,0,0.5162125990512283
LF1cCb8,speech,1,0.5359830917234251
LF1cCb8,volume,0,0.5255948089401586
LF1cCb8,volume,1,0.4970011389402631
LF1cCb8,word_gap,0,0.5264832043590413
LF1cCb8,word_gap,1,0.5151943309277454
LF1cCb8,word_head_pos,0,0.5233796223733843
LF1cCb8,word_head_pos,1,0.4789191561393059
LF1cCb8,word_index,0,0.5136094674556213
LF1cCb8,word_index,1,0.5124408284023668
LF1cCb8,word_length,0,0.5264359528959385
LF1cCb8,word_length,1,0.49087280440529557
LF1cCb8,word_part_speech,0,0.5114932553064868
LF1cCb8,word_part_speech,1,0.5192050188454672
RF3aOFa9,delta_volume,0,0.533802493129787
RF3aOFa9,delta_volume,1,0.5456255289802828
RF3aOFa9,face_num,0,0.4960293825689895
RF3aOFa9,face_num,1,0.46985987900065834
RF3aOFa9,frame_brightness,0,0.47850119640972594
RF3aOFa9,frame_brightness,1,0.4986468553754846
RF3aOFa9,global_flow,0,0.49024586481092547
RF3aOFa9,global_flow,1,0.46231048138511854
RF3aOFa9,gpt2_surprisal,0,0.47759735849450907
RF3aOFa9,gpt2_surprisal,1,0.4997596731554915
RF3aOFa9,local_flow,0,0.5041848217924202
RF3aOFa9,local_flow,1,0.4673625696164174
RF3aOFa9,onset,0,0.5497085369009025
RF3aOFa9,onset,1,0.5523872578116676
RF3aOFa9,pitch,0,0.4756851927316803
RF3aOFa9,pitch,1,0.46994869544319406
RF3aOFa9,speech,0,0.4985225134497654
RF3aOFa9,speech,1,0.5162854795537063
RF3aOFa9,volume,0,0.5115565865228885
RF3aOFa9,volume,1,0.5052924150758075
RF3aOFa9,word_gap,0,0.4881749413094514
RF3aOFa9,word_gap,1,0.4780164043706344
RF3aOFa9,word_head_pos,0,0.48966072118951337
RF3aOFa9,word_head_pos,1,0.4987826922875981
RF3aOFa9,word_index,0,0.47011834319526624
RF3aOFa9,word_index,1,0.4795857988165681
RF3aOFa9,word_length,0,0.5078837653992039
RF3aOFa9,word_length,1,0.48265989571904744
RF3aOFa9,word_part_speech,0,0.4950530648680817
RF3aOFa9,word_part_speech,1,0.5228625272763341
RF3bOFb5,delta_volume,0,0.5652748607671649
RF3bOFb5,delta_volume,1,0.5512523118397543
RF3bOFb5,face_num,0,0.5339304932969708
RF3bOFb5,face_num,1,0.5279615059089056
RF3bOFb5,frame_brightness,0,0.4740969457592761
RF3bOFb5,frame_brightness,1,0.4974086496766037
RF3bOFb5,global_flow,0,0.5181707992434929
RF3bOFb5,global_flow,1,0.5335151458157007
RF3bOFb5,gpt2_surprisal,0,0.5234684388159201
RF3bOFb5,gpt2_surprisal,1,0.5075337241256804
RF3bOFb5,local_flow,0,0.4876649634807686
RF3bOFb5,local_flow,1,0.48852700542302746
RF3bOFb5,onset,0,0.5432552547067866
RF3bOFb5,onset,1,0.5444728551207707
RF3bOFb5,pitch,0,0.5063320899031378
RF3bOFb5,pitch,1,0.5575582792597933
RF3bOFb5,speech,0,0.5223809397609519
RF3bOFb5,speech,1,0.5455503140487107
RF3bOFb5,volume,0,0.5150204277817831
RF3bOFb5,volume,1,0.5173714512606711
RF3bOFb5,word_gap,0,0.502470799640611
RF3bOFb5,word_gap,1,0.5082891342781788
RF3bOFb5,word_head_pos,0,0.48433695913398744
RF3bOFb5,word_head_pos,1,0.5071836828521572
RF3bOFb5,word_index,0,0.46014792899408286
RF3bOFb5,word_index,1,0.46445266272189345
RF3bOFb5,word_length,0,0.46657889512345485
RF3bOFb5,word_length,1,0.4936783590901017
RF3bOFb5,word_part_speech,0,0.5178536004760961
RF3bOFb5,word_part_speech,1,0.5247594723269193
RF2I1,delta_volume,0,0.5670511896178803
RF2I1,delta_volume,1,0.5582635863034596
RF2I1,face_num,0,0.5129880985967002
RF2I1,face_num,1,0.5132284254412087
RF2I1,frame_brightness,0,0.5256130946783277
RF2I1,frame_brightness,1,0.5390113162596784
RF2I1,global_flow,0,0.4933126443267191
RF2I1,global_flow,1,0.49583085169743896
RF2I1,gpt2_surprisal,0,0.5001097144290148
RF2I1,gpt2_surprisal,1,0.5146912844947389
RF2I1,local_flow,0,0.44706017575206625
RF2I1,local_flow,1,0.4691597964536117
RF2I1,onset,0,0.5339938815579197
RF2I1,onset,1,0.567789903048567
RF2I1,pitch,0,0.48485940879596257
RF2I1,pitch,1,0.522465335464928
RF2I1,speech,0,0.5186309066334508
RF2I1,speech,1,0.5578538679670315
RF2I1,volume,0,0.5380500088816443
RF2I1,volume,1,0.5397375212898237
RF2I1,word_gap,0,0.4928484479610468
RF2I1,word_gap,1,0.5102382401530301
RF2I1,word_head_pos,0,0.49129076413487566
RF2I1,word_head_pos,1,0.48561696080582634
RF2I1,word_index,0,0.5015236686390533
RF2I1,word_index,1,0.5075739644970414
RF2I1,word_length,0,0.4997988568801396
RF2I1,word_length,1,0.5317283679717459
RF2I1,word_part_speech,0,0.5054676651458044
RF2I1,word_part_speech,1,0.5639630033723468
RF2I13,delta_volume,0,0.5067082536597598
RF2I13,delta_volume,1,0.5130873640324756
RF2I13,face_num,0,0.5186566774291297
RF2I13,face_num,1,0.5023196764991693
RF2I13,frame_brightness,0,0.5421198917484301
RF2I13,frame_brightness,1,0.5184267995778606
RF2I13,global_flow,0,0.5074318464415954
RF2I13,global_flow,1,0.503082453005653
RF2I13,gpt2_surprisal,0,0.540338338401095
RF2I13,gpt2_surprisal,1,0.5168124301223577
RF2I13,local_flow,0,0.5134844257755765
RF2I13,local_flow,1,0.4824038953846797
RF2I13,onset,0,0.5030592210401351
RF2I13,onset,1,0.5065141622148152
RF2I13,pitch,0,0.48861582186556324
RF2I13,pitch,1,0.49723101679153214
RF2I13,speech,0,0.47320647708902025
RF2I13,speech,1,0.508659528794424
RF2I13,volume,0,0.49240880641150225
RF2I13,volume,1,0.45951537569355194
RF2I13,word_gap,0,0.5148320435904125
RF2I13,word_gap,1,0.4948410283163783
RF2I13,word_head_pos,0,0.5022308600566335
RF2I13,word_head_pos,1,0.488203086632603
RF2I13,word_index,0,0.511819526627219
RF2I13,word_index,1,0.5261538461538461
RF2I13,word_length,0,0.5034377187757959
RF2I13,word_length,1,0.4916094584286804
RF2I13,word_part_speech,0,0.4799642927990478
RF2I13,word_part_speech,1,0.5324092441975798
RF1aCaOF12,delta_volume,0,0.5567850537600703
RF1aCaOF12,delta_volume,1,0.5760320993072316
RF1aCaOF12,face_num,0,0.5100049110268227
RF1aCaOF12,face_num,1,0.47753988903169176
RF1aCaOF12,frame_brightness,0,0.5288183233545448
RF1aCaOF12,frame_brightness,1,0.509701890222877
RF1aCaOF12,global_flow,0,0.46785889679529374
RF1aCaOF12,global_flow,1,0.47061743101052217
RF1aCaOF12,gpt2_surprisal,0,0.4976045682998443
RF1aCaOF12,gpt2_surprisal,1,0.49354252217798816
RF1aCaOF12,local_flow,0,0.47279604610095816
RF1aCaOF12,local_flow,1,0.4555552072557809
RF1aCaOF12,onset,0,0.5689618434470267
RF1aCaOF12,onset,1,0.5817466477938602
RF1aCaOF12,pitch,0,0.5257828908184696
RF1aCaOF12,pitch,1,0.5172747980732056
RF1aCaOF12,speech,0,0.4966673733866907
RF1aCaOF12,speech,1,0.5260315903850741
RF1aCaOF12,volume,0,0.520370312320408
RF1aCaOF12,volume,1,0.5042527402484771
RF1aCaOF12,word_gap,0,0.4904790887748891
RF1aCaOF12,word_gap,1,0.501978088861838
RF1aCaOF12,word_head_pos,0,0.48000585143621416
RF1aCaOF12,word_head_pos,1,0.48910692454781984
RF1aCaOF12,word_index,0,0.5081952662721894
RF1aCaOF12,word_index,1,0.5555325443786983
RF1aCaOF12,word_length,0,0.496624975183641
RF1aCaOF12,word_length,1,0.48415410175229623
RF1aCaOF12,word_part_speech,0,0.5185107121602857
RF1aCaOF12,word_part_speech,1,0.5422039277921047
RF1bCb11,delta_volume,0,0.4973616292070259
RF1bCb11,delta_volume,1,0.4832607128303189
RF1bCb11,face_num,0,0.479128136004096
RF1bCb11,face_num,1,0.5121312811510611
RF1bCb11,frame_brightness,0,0.48812994367992646
RF1bCb11,frame_brightness,1,0.5010866952969082
RF1bCb11,global_flow,0,0.5262687690041065
RF1bCb11,global_flow,1,0.5219533347961924
RF1bCb11,gpt2_surprisal,0,0.5437447101971725
RF1bCb11,gpt2_surprisal,1,0.5211853337930891
RF1bCb11,local_flow,0,0.49212668359403566
RF1bCb11,local_flow,1,0.507188907348777
RF1bCb11,onset,0,0.49869107955496705
RF1bCb11,onset,1,0.5093450831773283
RF1bCb11,pitch,0,0.4956897902887057
RF1bCb11,pitch,1,0.48199638464833916
RF1bCb11,speech,0,0.5092491983144727
RF1bCb11,speech,1,0.4914332282087298
RF1bCb11,volume,0,0.5061910284944046
RF1bCb11,volume,1,0.5043311076977733
RF1bCb11,word_gap,0,0.506325536909834
RF1bCb11,word_gap,1,0.5096730719067907
RF1bCb11,word_head_pos,0,0.5087301338516034
RF1bCb11,word_head_pos,1,0.47847507392662714
RF1bCb11,word_index,0,0.4087426035502958
RF1bCb11,word_index,1,0.4847189349112426
RF1bCb11,word_length,0,0.5103288298172471
RF1bCb11,word_length,1,0.4794781772776193
RF1bCb11,word_part_speech,0,0.5443116445149772
RF1bCb11,word_part_speech,1,0.5517258480460225
LT2H10,delta_volume,0,0.6222532209021662
LT2H10,delta_volume,1,0.5998505793966752
LT2H10,face_num,0,0.4976333030312529
LT2H10,face_num,1,0.517789410990251
LT2H10,frame_brightness,0,0.5258299112880473
LT2H10,frame_brightness,1,0.49398137989404717
LT2H10,global_flow,0,0.475606825282384
LT2H10,global_flow,1,0.4720437185877141
LT2H10,gpt2_surprisal,0,0.4914474990334681
LT2H10,gpt2_surprisal,1,0.4768554799745044
LT2H10,local_flow,0,0.4922781939960084
LT2H10,local_flow,1,0.47917515647367376
LT2H10,onset,0,0.5717318843888406
LT2H10,onset,1,0.5469308859565012
LT2H10,pitch,0,0.5233587243869053
LT2H10,pitch,1,0.5456568759600012
LT2H10,speech,0,0.5192073251530491
LT2H10,speech,1,0.5168685235735297
LT2H10,volume,0,0.5247797874674776
LT2H10,volume,1,0.5347324535281026
LT2H10,word_gap,0,0.5107671796655363
LT2H10,word_gap,1,0.5005579224994927
LT2H10,word_head_pos,0,0.5166870422034837
LT2H10,word_head_pos,1,0.5321567766945654
LT2H10,word_index,0,0.525991124260355
LT2H10,word_index,1,0.5711390532544378
LT2H10,word_length,0,0.4907056205134635
LT2H10,word_length,1,0.492142357083895
LT2H10,word_part_speech,0,0.5385960126958937
LT2H10,word_part_speech,1,0.5123363419956358
LT1A6,delta_volume,0,0.5872490935498365
LT1A6,delta_volume,1,0.5679236805533787
LT1A6,face_num,0,0.49051231413853275
LT1A6,face_num,1,0.5270054230274913
LT1A6,frame_brightness,0,0.4925550923168553
LT1A6,frame_brightness,1,0.5434939343594245
LT1A6,global_flow,0,0.5256052579333982
LT1A6,global_flow,1,0.5044982915896054
LT1A6,gpt2_surprisal,0,0.4727908216043384
LT1A6,gpt2_surprisal,1,0.4774824195688745
LT1A6,local_flow,0,0.4916355809117792
LT1A6,local_flow,1,0.4946657889512346
LT1A6,onset,0,0.5304932803677154
LT1A6,onset,1,0.4907234068459584
LT1A6,pitch,0,0.5195239438680084
LT1A6,pitch,1,0.5280868938277796
LT1A6,speech,0,0.5129396019399465
LT1A6,speech,1,0.49343412927676034
LT1A6,volume,0,0.5237923576063446
LT1A6,volume,1,0.5349675558759913
LT1A6,word_gap,0,0.48714604527142563
LT1A6,word_gap,1,0.46883604324261663
LT1A6,word_head_pos,0,0.4946187684816568
LT1A6,word_head_pos,1,0.4644368515093571
LT1A6,word_index,0,0.4944674556213018
LT1A6,word_index,1,0.5220414201183432
LT1A6,word_length,0,0.4856953282551226
LT1A6,word_length,1,0.5019905332121251
LT1A6,word_part_speech,0,0.5354964292799047
LT1A6,word_part_speech,1,0.5406417377504463
LF3aOFa4,delta_volume,0,0.5728503808658036
LF3aOFa4,delta_volume,1,0.5669205772023865
LF3aOFa4,face_num,0,0.4719235551654598
LF3aOFa4,face_num,1,0.4955121574036342
LF3aOFa4,frame_brightness,0,0.5369737625779756
LF3aOFa4,frame_brightness,1,0.5253074616260723
LF3aOFa4,global_flow,0,0.5495021054721378
LF3aOFa4,global_flow,1,0.4934275832523536
LF3aOFa4,gpt2_surprisal,0,0.4900003134697971
LF3aOFa4,gpt2_surprisal,1,0.49792587484195894
LF3aOFa4,local_flow,0,0.5140852428868479
LF3aOFa4,local_flow,1,0.4944568090864445
LF3aOFa4,onset,0,0.5051976317671948
LF3aOFa4,onset,1,0.5141393848073909
LF3aOFa4,pitch,0,0.43766653082975454
LF3aOFa4,pitch,1,0.46775440686289876
LF3aOFa4,speech,0,0.5026502000901067
LF3aOFa4,speech,1,0.4956271698513238
LF3aOFa4,volume,0,0.5370521300272718
LF3aOFa4,volume,1,0.5239752149880359
LF3aOFa4,word_gap,0,0.5158609396284382
LF3aOFa4,word_gap,1,0.4917688316957946
LF3aOFa4,word_head_pos,0,0.49073174299656225
LF3aOFa4,word_head_pos,1,0.4761501729308381
LF3aOFa4,word_index,0,0.4938905325443787
LF3aOFa4,word_index,1,0.5479142011834319
LF3aOFa4,word_length,0,0.4856796547652634
LF3aOFa4,word_length,1,0.5014158385839524
LF3aOFa4,word_part_speech,0,0.49066405475104147
LF3aOFa4,word_part_speech,1,0.5154359254116246
LF3cIc1,delta_volume,0,0.5634567359434919
LF3cIc1,delta_volume,1,0.5588800769045903
LF3cIc1,face_num,0,0.4911706007126213
LF3cIc1,face_num,1,0.48023572928748315
LF3cIc1,frame_brightness,0,0.4872104322748503
LF3cIc1,frame_brightness,1,0.4905018651452933
LF3cIc1,global_flow,0,0.4800058514362141
LF3cIc1,global_flow,1,0.5128313636981077
LF3cIc1,gpt2_surprisal,0,0.5021054721377595
LF3cIc1,gpt2_surprisal,1,0.492393132921643
LF3cIc1,local_flow,0,0.4811291182094605
LF3cIc1,local_flow,1,0.503186942938048
LF3cIc1,onset,0,0.5306607004246381
LF3cIc1,onset,1,0.5233170479277962
LF3cIc1,pitch,0,0.5003813882532419
LF3cIc1,pitch,1,0.5226481928466193
LF3cIc1,speech,0,0.5479752471311584
LF3cIc1,speech,1,0.5546338748575518
LF3cIc1,volume,0,0.5299363656311714
LF3cIc1,volume,1,0.5392516431041869
LF3cIc1,word_gap,0,0.5019853346085847
LF3cIc1,word_gap,1,0.5200055067675274
LF3cIc1,word_head_pos,0,0.46877840820036987
LF3cIc1,word_head_pos,1,0.5013061241549377
LF3cIc1,word_index,0,0.4662426035502959
LF3cIc1,word_index,1,0.4686686390532545
LF3cIc1,word_length,0,0.5153025505992498
LF3cIc1,word_length,1,0.5071836828521572
LF3cIc1,word_part_speech,0,0.5283673874231303
LF3cIc1,word_part_speech,1,0.546307776234874
LF3bOFb3,delta_volume,0,0.539627806860809
LF3bOFb3,delta_volume,1,0.5676258842460529
LF3bOFb3,face_num,0,0.52829064919595
LF3bOFb3,face_num,1,0.5150517747615018
LF3bOFb3,frame_brightness,0,0.4684858363896639
LF3bOFb3,frame_brightness,1,0.48809337220358817
LF3bOFb3,global_flow,0,0.5127425472555719
LF3bOFb3,global_flow,1,0.5054491499744
LF3bOFb3,gpt2_surprisal,0,0.48174038431397137
LF3bOFb3,gpt2_surprisal,1,0.5186984734020879
LF3bOFb3,local_flow,0,0.5023719214653668
LF3bOFb3,local_flow,1,0.500313469797185
LF3bOFb3,onset,0,0.5386435931388216
LF3bOFb3,onset,1,0.5407363438503568
LF3bOFb3,pitch,0,0.48015213734156714
LF3bOFb3,pitch,1,0.5288548948308831
LF3bOFb3,speech,0,0.5187236636366046
LF3bOFb3,speech,1,0.5318421540826332
LF3bOFb3,volume,0,0.5065410697679278
LF3bOFb3,volume,1,0.5341368609134509
LF3bOFb3,word_gap,0,0.487885111439585
LF3bOFb3,word_gap,1,0.4680535025939774
LF3bOFb3,word_head_pos,0,0.49443591109996554
LF3bOFb3,word_head_pos,1,0.4840914077928592
LF3bOFb3,word_index,0,0.4876331360946745
LF3bOFb3,word_index,1,0.5073816568047338
LF3bOFb3,word_length,0,0.48412797926919743
LF3bOFb3,word_length,1,0.4935320731847487
LF3bOFb3,word_part_speech,0,0.5188330688355485
LF3bOFb3,word_part_speech,1,0.5244619123189843
LF3bOFb15,delta_volume,0,0.574767771125252
LF3bOFb15,delta_volume,1,0.5785398576847121
LF3bOFb15,face_num,0,0.5043206587045338
LF3bOFb15,face_num,1,0.48814561716978566
LF3bOFb15,frame_brightness,0,0.5305110602593439
LF3bOFb15,frame_brightness,1,0.5032078409245269
LF3bOFb15,global_flow,0,0.5171102264296835
LF3bOFb15,global_flow,1,0.5280450978548217
LF3bOFb15,gpt2_surprisal,0,0.5209241089621015
LF3bOFb15,gpt2_surprisal,1,0.49356864466108685
LF3bOFb15,local_flow,0,0.4671588142482472
LF3bOFb15,local_flow,1,0.4933178688233389
LF3bOFb15,onset,0,0.5646241419722082
LF3bOFb15,onset,1,0.5358355021840707
LF3bOFb15,pitch,0,0.4899689664900787
LF3bOFb15,pitch,1,0.5179565948820831
LF3bOFb15,speech,0,0.4991121829698142
LF3bOFb15,speech,1,0.5258725783796677
LF3bOFb15,volume,0,0.5494812074856588
LF3bOFb15,volume,1,0.5326113079004837
LF3bOFb15,word_gap,0,0.5018911399008782
LF3bOFb15,word_gap,1,0.49294988841550014
LF3bOFb15,word_head_pos,0,0.5238576638140915
LF3bOFb15,word_head_pos,1,0.5049423738022841
LF3bOFb15,word_index,0,0.51448224852071
LF3bOFb15,word_index,1,0.5250739644970414
LF3bOFb15,word_length,0,0.5025547788470581
LF3bOFb15,word_length,1,0.48829712757175836
LF3bOFb15,word_part_speech,0,0.49101120809363225
LF3bOFb15,word_part_speech,1,0.5436917278317794
LF2b11,delta_volume,0,0.5489065128574862
LF2b11,delta_volume,1,0.5483892876921308
LF2b11,face_num,0,0.49632717887631517
LF2b11,face_num,1,0.5176170026017993
LF2b11,frame_brightness,0,0.4877328819368254
LF2b11,frame_brightness,1,0.4894256188416246
LF2b11,global_flow,0,0.5072672747980732
LF2b11,global_flow,1,0.5132545479243075
LF2b11,gpt2_surprisal,0,0.5114364231006343
LF2b11,gpt2_surprisal,1,0.4866148396601987
LF2b11,local_flow,0,0.5115827090059872
LF2b11,local_flow,1,0.4939343594244695
LF2b11,onset,0,0.5321408459278876
LF2b11,onset,1,0.5461546656925864
LF2b11,pitch,0,0.5021315946208583
LF2b11,pitch,1,0.5155219794572792
LF2b11,speech,0,0.494964619828797
LF2b11,speech,1,0.5136816579651764
LF2b11,volume,0,0.494592645998558
LF2b11,volume,1,0.4946239929782765
LF2b11,word_gap,0,0.519780888618381
LF2b11,word_gap,1,0.5094774367446309
LF2b11,word_head_pos,0,0.5045191895760843
LF2b11,word_head_pos,1,0.48906512857486184
LF2b11,word_index,0,0.4768934911242604
LF2b11,word_index,1,0.486612426035503
LF2b11,word_length,0,0.5137926710761418
LF2b11,word_length,1,0.5277159545677774
LF2b11,word_part_speech,0,0.4982394366197183
LF2b11,word_part_speech,1,0.5183371354889903
LF2c1,delta_volume,0,0.5739475251559513
LF2c1,delta_volume,1,0.5930326113079005
LF2c1,face_num,0,0.4988976312132326
LF2c1,face_num,1,0.4969697919605446
LF2c1,frame_brightness,0,0.4958621986771575
LF2c1,frame_brightness,1,0.491050437290367
LF2c1,global_flow,0,0.5264150549094595
LF2c1,global_flow,1,0.5239438680083174
LF2c1,gpt2_surprisal,0,0.52493652236607
LF2c1,gpt2_surprisal,1,0.5224966824446464
LF2c1,local_flow,0,0.49647868927828803
LF2c1,local_flow,1,0.47200192261475604
LF2c1,onset,0,0.5642816918557751
LF2c1,onset,1,0.5241160981994735
LF2c1,pitch,0,0.48192846619228236
LF2c1,pitch,1,0.5111751982696467
LF2c1,speech,0,0.5291985794927517
LF2c1,speech,1,0.5470874301009726
LF2c1,volume,0,0.5306573461646971
LF2c1,volume,1,0.5268800351086174
LF2c1,word_gap,0,0.48410283163782863
LF2c1,word_gap,1,0.4787047503115671
LF2c1,word_head_pos,0,0.5167392871696812
LF2c1,word_head_pos,1,0.488307576564998
LF2c1,word_index,0,0.4876627218934911
LF2c1,word_index,1,0.5325
LF2c1,word_length,0,0.5279197099359476
LF2c1,word_length,1,0.5327471448125973
LF2c1,word_part_speech,0,0.5330291608807776
LF2c1,word_part_speech,1,0.5195645705217218
LF2d5,delta_volume,0,0.5717793590587547
LF2d5,delta_volume,1,0.5685976406173265
LF2d5,face_num,0,0.48527214402892277
LF2d5,face_num,1,0.4914631725233274
LF2d5,frame_brightness,0,0.48560128731596713
LF2d5,frame_brightness,1,0.50963919626344
LF2d5,global_flow,0,0.486546921204142
LF2d5,global_flow,1,0.4918863567495272
LF2d5,gpt2_surprisal,0,0.4972205677982926
LF2d5,gpt2_surprisal,1,0.49727281276449004
LF2d5,local_flow,0,0.4663072212992278
LF2d5,local_flow,1,0.49986938758450616
LF2d5,onset,0,0.5165060956120725
LF2d5,onset,1,0.5502031870690836
LF2d5,pitch,0,0.5227892542553525
LF2d5,pitch,1,0.5086517664023072
LF2d5,speech,0,0.500225267007659
LF2d5,speech,1,0.5219701587469854
LF2d5,volume,0,0.4601997847507393
LF2d5,volume,1,0.4920221936616407
LF2d5,word_gap,0,0.5199330493000608
LF2d5,word_gap,1,0.5108323913862562
LF2d5,word_head_pos,0,0.49477027888362957
LF2d5,word_head_pos,1,0.4791385849973355
LF2d5,word_index,0,0.5120414201183432
LF2d5,word_index,1,0.5175887573964496
LF2d5,word_length,0,0.5025600033436779
LF2d5,word_length,1,0.5078419694262458
LF2d5,word_part_speech,0,0.49541261654433644
LF2d5,word_part_speech,1,0.5223417972624479
LF2aIa9,delta_volume,0,0.5676885782054899
LF2aIa9,delta_volume,1,0.5529659467310325
LF2aIa9,face_num,0,0.48002674942269313
LF2aIa9,face_num,1,0.49566889230222666
LF2aIa9,frame_brightness,0,0.46831342800121206
LF2aIa9,frame_brightness,1,0.5200725160130821
LF2aIa9,global_flow,0,0.4742850276375872
LF2aIa9,global_flow,1,0.48616553295090015
LF2aIa9,gpt2_surprisal,0,0.5073142952676509
LF2aIa9,gpt2_surprisal,1,0.5079046633856827
LF2aIa9,local_flow,0,0.4994253053718274
LF2aIa9,local_flow,1,0.4742092724366007
LF2aIa9,onset,0,0.5306302604142885
LF2aIa9,onset,1,0.5366003074441046
LF2aIa9,pitch,0,0.4453360918675486
LF2aIa9,pitch,1,0.48083132190213473
LF2aIa9,speech,0,0.4886173906129913
LF2aIa9,speech,1,0.49919831447274265
LF2aIa9,volume,0,0.5356624139264182
LF2aIa9,volume,1,0.5131030375223347
LF2aIa9,word_gap,0,0.48908065965278386
LF2aIa9,word_gap,1,0.48723299423238564
LF2aIa9,word_head_pos,0,0.49285811312080086
LF2aIa9,word_head_pos,1,0.4935634201644672
LF2aIa9,word_index,0,0.45952662721893495
LF2aIa9,word_index,1,0.4869230769230769
LF2aIa9,word_length,0,0.5202710468846327
LF2aIa9,word_length,1,0.5312320407928697
LF2aIa9,word_part_speech,0,0.5154979170799444
LF2aIa9,word_part_speech,1,0.514803610394763
LF1aCaOF5,delta_volume,0,0.5621140403122159
LF1aCaOF5,delta_volume,1,0.5823380667272708
LF1aCaOF5,face_num,0,0.5060238446025725
LF1aCaOF5,face_num,1,0.5057051503087677
LF1aCaOF5,frame_brightness,0,0.5220526002319676
LF1aCaOF5,frame_brightness,1,0.5393613575332017
LF1aCaOF5,global_flow,0,0.5072202543284955
LF1aCaOF5,global_flow,1,0.4992111010104177
LF1aCaOF5,gpt2_surprisal,0,0.5327654305507664
LF1aCaOF5,gpt2_surprisal,1,0.522379131270702
LF1aCaOF5,local_flow,0,0.5050416392380594
LF1aCaOF5,local_flow,1,0.4658056696237317
LF1aCaOF5,onset,0,0.5560628890613822
LF1aCaOF5,onset,1,0.5355539320883369
LF1aCaOF5,pitch,0,0.5182543911894089
LF1aCaOF5,pitch,1,0.5241894193494457
LF1aCaOF5,speech,0,0.5298545040150531
LF1aCaOF5,speech,1,0.5569925529377469
LF1aCaOF5,volume,0,0.524769338474238
LF1aCaOF5,volume,1,0.5303386518708922
LF1aCaOF5,word_gap,0,0.4996232211691737
LF1aCaOF5,word_gap,1,0.46636524360200565
LF1aCaOF5,word_head_pos,0,0.49041827319937725
LF1aCaOF5,word_head_pos,1,0.5245290116297295
LF1aCaOF5,word_index,0,0.479585798816568
LF1aCaOF5,word_index,1,0.561094674556213
LF1aCaOF5,word_length,0,0.4722631474457436
LF1aCaOF5,word_length,1,0.5038400050155167
LF1aCaOF5,word_part_speech,0,0.5770928387224757
LF1aCaOF5,word_part_speech,1,0.538496826026582
LF1bIb1,delta_volume,0,0.5749506285069435
LF1bIb1,delta_volume,1,0.583884517726717
LF1bIb1,face_num,0,0.49554350438335265
LF1bIb1,face_num,1,0.5004597557025381
LF1bIb1,frame_brightness,0,0.5339331055452807
LF1bIb1,frame_brightness,1,0.4969436694774459
LF1bIb1,global_flow,0,0.4850892866472315
LF1bIb1,global_flow,1,0.47722119473788704
LF1bIb1,gpt2_surprisal,0,0.49955591778732117
LF1bIb1,gpt2_surprisal,1,0.48201728263481813
LF1bIb1,local_flow,0,0.5052244966197508
LF1bIb1,local_flow,1,0.5199993730604057
LF1bIb1,onset,0,0.5050454317154468
LF1bIb1,onset,1,0.5263534389601692
LF1bIb1,pitch,0,0.5434051179168887
LF1bIb1,pitch,1,0.5281130163108784
LF1bIb1,speech,0,0.5100773858426311
LF1bIb1,speech,1,0.5176039540985344
LF1bIb1,volume,0,0.5449463444197152
LF1bIb1,volume,1,0.5209920274181583
LF1bIb1,word_gap,0,0.4984783931832014
LF1bIb1,word_gap,1,0.5157015332000116
LF1bIb1,word_head_pos,0,0.5057155993020073
LF1bIb1,word_head_pos,1,0.5120999341713426
LF1bIb1,word_index,0,0.5257692307692308
LF1bIb1,word_index,1,0.5172189349112426
LF1bIb1,word_length,0,0.4891905164937358
LF1bIb1,word_length,1,0.4981818751763267
LF1bIb1,word_part_speech,0,0.5072158301924221
LF1bIb1,word_part_speech,1,0.5461961912318984
LF1bIb13,delta_volume,0,0.589500851592949
LF1bIb13,delta_volume,1,0.6082254474781355
LF1bIb13,face_num,0,0.542454259532094
LF1bIb13,face_num,1,0.5048744553462274
LF1bIb13,frame_brightness,0,0.48669320710949504
LF1bIb13,frame_brightness,1,0.528457833087782
LF1bIb13,global_flow,0,0.5021524926073373
LF1bIb13,global_flow,1,0.5038818009884747
LF1bIb13,gpt2_surprisal,0,0.5022569825397323
LF1bIb13,gpt2_surprisal,1,0.5070112744637054
LF1bIb13,local_flow,0,0.5107572385400667
LF1bIb13,local_flow,1,0.5127216492690929
LF1bIb13,onset,0,0.5524329178271922
LF1bIb13,onset,1,0.5443206550690227
LF1bIb13,pitch,0,0.502533880860579
LF1bIb13,pitch,1,0.5253492575990304
LF1bIb13,speech,0,0.499638910237723
LF1bIb13,speech,1,0.5143773354888294
LF1bIb13,volume,0,0.5216921099652049
LF1bIb13,volume,1,0.5113423821614788
LF1bIb13,word_gap,0,0.5082746427846854
LF1bIb13,word_gap,1,0.4875807900762253
LF1bIb13,word_head_pos,0,0.47062788000376166
LF1bIb13,word_head_pos,1,0.45965121260566544
LF1bIb13,word_index,0,0.5044674556213018
LF1bIb13,word_index,1,0.5285207100591717
LF1bIb13,word_length,0,0.5060186201059529
LF1bIb13,word_length,1,0.5161071230786913
LF1bIb13,word_part_speech,0,0.5229741122793097
LF1bIb13,word_part_speech,1,0.5463449712358659
LF1cCb9,delta_volume,0,0.5589166483809285
LF1cCb9,delta_volume,1,0.5698253973229679
LF1cCb9,face_num,0,0.5119536482659897
LF1cCb9,face_num,1,0.538306009216012
LF1cCb9,frame_brightness,0,0.4622739099087803
LF1cCb9,frame_brightness,1,0.5131030375223347
LF1cCb9,global_flow,0,0.5014680835501499
LF1cCb9,global_flow,1,0.5256888498793141
LF1cCb9,gpt2_surprisal,0,0.5155324284505187
LF1cCb9,gpt2_surprisal,1,0.5061962529910243
LF1cCb9,local_flow,0,0.48474969436694776
LF1cCb9,local_flow,1,0.4897965581016269
LF1cCb9,onset,0,0.555621508911313
LF1cCb9,onset,1,0.5663744425673105
LF1cCb9,pitch,0,0.49544946344419716
LF1cCb9,pitch,1,0.5142001818124824
LF1cCb9,speech,0,0.5179882331115999
LF1cCb9,speech,1,0.540720324384491
LF1cCb9,volume,0,0.5201770059454771
LF1cCb9,volume,1,0.48098805680072726
LF1cCb9,word_gap,0,0.4929861171492334
LF1cCb9,word_gap,1,0.5265411703330146
LF1cCb9,word_head_pos,0,0.5219846817759108
LF1cCb9,word_head_pos,1,0.48799410676781285
LF1cCb9,word_index,0,0.523594674556213
LF1cCb9,word_index,1,0.5382396449704142
LF1cCb9,word_length,0,0.5198165156787143
LF1cCb9,word_length,1,0.4752672330021002
LF1cCb9,word_part_speech,0,0.4992065066455068
LF1cCb9,word_part_speech,1,0.4805346161475898
RF3aOFa10,delta_volume,0,0.521206231779568
RF3aOFa10,delta_volume,1,0.5511478219073592
RF3aOFa10,face_num,0,0.4915937849388212
RF3aOFa10,face_num,1,0.5044564956166474
RF3aOFa10,frame_brightness,0,0.4374732244548238
RF3aOFa10,frame_brightness,1,0.5121991996071179
RF3aOFa10,global_flow,0,0.47742495010605723
RF3aOFa10,global_flow,1,0.4802775252604411
RF3aOFa10,gpt2_surprisal,0,0.5177267170308141
RF3aOFa10,gpt2_surprisal,1,0.5001201634222543
RF3aOFa10,local_flow,0,0.4869857789202011
RF3aOFa10,local_flow,1,0.4858990836232929
RF3aOFa10,onset,0,0.5425475244661583
RF3aOFa10,onset,1,0.5179519961036787
RF3aOFa10,pitch,0,0.5093831959290723
RF3aOFa10,pitch,1,0.4762807853463319
RF3aOFa10,speech,0,0.5450268995309145
RF3aOFa10,speech,1,0.5114687408899372
RF3aOFa10,volume,0,0.505825313731022
RF3aOFa10,volume,1,0.48040291317931516
RF3aOFa10,word_gap,0,0.5251354954641625
RF3aOFa10,word_gap,1,0.5058255803843144
RF3aOFa10,word_head_pos,0,0.4528227955236513
RF3aOFa10,word_head_pos,1,0.4955957493495502
RF3aOFa10,word_index,0,0.4629585798816568
RF3aOFa10,word_index,1,0.4542751479289941
RF3aOFa10,word_length,0,0.5028577996510036
RF3aOFa10,word_length,1,0.49994253053718274
RF3aOFa10,word_part_speech,0,0.49037889307677046
RF3aOFa10,word_part_speech,1,0.5307726641539376
RF3bOFb6,delta_volume,0,0.5796161039883807
RF3bOFb6,delta_volume,1,0.5520830068022946
RF3bOFb6,face_num,0,0.5219951307691504
RF3bOFb6,face_num,1,0.5265613408148124
RF3bOFb6,frame_brightness,0,0.5159399391868593
RF3bOFb6,frame_brightness,1,0.5153077750958696
RF3bOFb6,global_flow,0,0.5064574778220118
RF3bOFb6,global_flow,1,0.5161959395212272
RF3bOFb6,gpt2_surprisal,0,0.5270785659801678
RF3bOFb6,gpt2_surprisal,1,0.49854758993970927
RF3bOFb6,local_flow,0,0.4819598131720009
RF3bOFb6,local_flow,1,0.484681775910891
RF3bOFb6,onset,0,0.5425475244661583
RF3bOFb6,onset,1,0.5433998447559472
RF3bOFb6,pitch,0,0.5015986959656437
RF3bOFb6,pitch,1,0.5396016843777102
RF3bOFb6,speech,0,0.5199825086794052
RF3bOFb6,speech,1,0.5453316725412769
RF3bOFb6,volume,0,0.5220787227150664
RF3bOFb6,volume,1,0.528436935101303
RF3bOFb6,word_gap,0,0.5128901834623076
RF3bOFb6,word_gap,1,0.5180998753731559
RF3bOFb6,word_head_pos,0,0.4686347345433267
RF3bOFb6,word_head_pos,1,0.49740342517998387
RF3bOFb6,word_index,0,0.4730177514792899
RF3bOFb6,word_index,1,0.4721449704142011
RF3bOFb6,word_length,0,0.47321923032715796
RF3bOFb6,word_length,1,0.49575248424814267
RF3bOFb6,word_part_speech,0,0.5288881174370165
RF3bOFb6,word_part_speech,1,0.5301651458044039
RF2I2,delta_volume,0,0.588706728106747
RF2I2,delta_volume,1,0.5357355568790947
RF2I2,face_num,0,0.5066925801699006
RF2I2,face_num,1,0.4953972184779996
RF2I2,frame_brightness,0,0.533760697156829
RF2I2,frame_brightness,1,0.512638057323177
RF2I2,global_flow,0,0.4796035651964933
RF2I2,global_flow,1,0.4925237453371368
RF2I2,gpt2_surprisal,0,0.4843944285968047
RF2I2,gpt2_surprisal,1,0.48247181384073645
RF2I2,local_flow,0,0.4711085336927787
RF2I2,local_flow,1,0.4962226889439202
RF2I2,onset,0,0.5450740453251754
RF2I2,onset,1,0.5639088017289926
RF2I2,pitch,0,0.49839607953773657
RF2I2,pitch,1,0.5130037720865595
RF2I2,speech,0,0.5022725465772666
RF2I2,speech,1,0.5311729785598812
RF2I2,volume,0,0.5210599458742151
RF2I2,volume,1,0.5161227965685506
RF2I2,word_gap,0,0.4472292264440773
RF2I2,word_gap,1,0.4793568675187665
RF2I2,word_head_pos,0,0.47798919574099036
RF2I2,word_head_pos,1,0.4763225813192899
RF2I2,word_index,0,0.4727810650887574
RF2I2,word_index,1,0.48931952662721895
RF2I2,word_length,0,0.501447185563671
RF2I2,word_length,1,0.5239125210285989
RF2I2,word_part_speech,0,0.5202340805395755
RF2I2,word_part_speech,1,0.5399474310652649
RF1aCaOF1,delta_volume,0,0.5274599542334096
RF1aCaOF1,delta_volume,1,0.5297848552291987
RF1aCaOF1,face_num,0,0.4970220369267421
RF1aCaOF1,face_num,1,0.5139964264443121
RF1aCaOF1,frame_brightness,0,0.48768063697062786
RF1aCaOF1,frame_brightness,1,0.5188865552803987
RF1aCaOF1,global_flow,0,0.49697501645716435
RF1aCaOF1,global_flow,1,0.5275278726894664
RF1aCaOF1,gpt2_surprisal,0,0.5205113737291412
RF1aCaOF1,gpt2_surprisal,1,0.5061178855417281
RF1aCaOF1,local_flow,0,0.5103340543138669
RF1aCaOF1,local_flow,1,0.5040489848803068
RF1aCaOF1,onset,0,0.5130968144529169
RF1aCaOF1,onset,1,0.5275329893612164
RF1aCaOF1,pitch,0,0.5159138167037606
RF1aCaOF1,pitch,1,0.5609881612906596
RF1aCaOF1,speech,0,0.4863216547849363
RF1aCaOF1,speech,1,0.5358837092200461
RF1aCaOF1,volume,0,0.5003657147633825
RF1aCaOF1,volume,1,0.5204591287629436
RF1aCaOF1,word_gap,0,0.5079340926875924
RF1aCaOF1,word_gap,1,0.5119627278787352
RF1aCaOF1,word_head_pos,0,0.5041795972958005
RF1aCaOF1,word_head_pos,1,0.5133538133600828
RF1aCaOF1,word_index,0,0.4832840236686391
RF1aCaOF1,word_index,1,0.488698224852071
RF1aCaOF1,word_length,0,0.48145303699988506
RF1aCaOF1,word_length,1,0.5093100529763958
RF1aCaOF1,word_part_speech,0,0.5562016464987105
RF1aCaOF1,word_part_speech,1,0.5138861337036302
RF1aCaOF13,delta_volume,0,0.556852972216127
RF1aCaOF13,delta_volume,1,0.5622133057479912
RF1aCaOF13,face_num,0,0.51194319927275
RF1aCaOF13,face_num,1,0.49375672653939795
RF1aCaOF13,frame_brightness,0,0.5319060008568175
RF1aCaOF13,frame_brightness,1,0.5287713028849671
RF1aCaOF13,global_flow,0,0.47532470246491754
RF1aCaOF13,global_flow,1,0.4761449484342184
RF1aCaOF13,gpt2_surprisal,0,0.49359999164080537
RF1aCaOF13,gpt2_surprisal,1,0.5052453946062296
RF1aCaOF13,local_flow,0,0.47544486588717183
RF1aCaOF13,local_flow,1,0.46531979143809493
RF1aCaOF13,onset,0,0.5613822808699755
RF1aCaOF13,onset,1,0.5886108701276959
RF1aCaOF13,pitch,0,0.5296960387866629
RF1aCaOF13,pitch,1,0.5199419035975883
RF1aCaOF13,speech,0,0.5174979460949302
RF1aCaOF13,speech,1,0.5457822065565952
RF1aCaOF13,volume,0,0.5106893200840099
RF1aCaOF13,volume,1,0.4958830966636365
RF1aCaOF13,word_gap,0,0.5087890908036983
RF1aCaOF13,word_gap,1,0.5232805842970176
RF1aCaOF13,word_head_pos,0,0.4911183557464238
RF1aCaOF13,word_head_pos,1,0.5073508667439892
RF1aCaOF13,word_index,0,0.5134319526627219
RF1aCaOF13,word_index,1,0.561923076923077
RF1aCaOF13,word_length,0,0.5177110435409549
RF1aCaOF13,word_length,1,0.5012434301955007
RF1aCaOF13,word_part_speech,0,0.5107493552866494
RF1aCaOF13,word_part_speech,1,0.5358683792898234
RF1bCb12,delta_volume,0,0.5766799368880808
RF1bCb12,delta_volume,1,0.5843077019529168
RF1bCb12,face_num,0,0.510543034178657
RF1bCb12,face_num,1,0.48709549334921587
RF1bCb12,frame_brightness,0,0.522130967681264
RF1bCb12,frame_brightness,1,0.49293648057009704
RF1bCb12,global_flow,0,0.5014576345569104
RF1bCb12,global_flow,1,0.5283010981891895
RF1bCb12,gpt2_surprisal,0,0.5111595247797874
RF1bCb12,gpt2_surprisal,1,0.5040803318600253
RF1bCb12,local_flow,0,0.5125231183975424
RF1bCb12,local_flow,1,0.5002403268445086
RF1bCb12,onset,0,0.5809856475351203
RF1bCb12,onset,1,0.5386207631310596
RF1bCb12,pitch,0,0.5054230274913012
RF1bCb12,pitch,1,0.5253910535719883
RF1bCb12,speech,0,0.5134298889566162
RF1bCb12,speech,1,0.5182532531206107
RF1bCb12,volume,0,0.4972362412881519
RF1bCb12,volume,1,0.502345798982268
RF1bCb12,word_gap,0,0.5063762571370606
RF1bCb12,word_gap,1,0.49542793380285777
RF1bCb12,word_head_pos,0,0.5017345328777572
RF1bCb12,word_head_pos,1,0.5128418126913472
RF1bCb12,word_index,0,0.507130177514793
RF1bCb12,word_index,1,0.5452514792899408
RF1bCb12,word_length,0,0.5215719465429506
RF1bCb12,word_length,1,0.494258278214894
RF1bCb12,word_part_speech,0,0.5152499504066653
RF1bCb12,word_part_speech,1,0.5023804800634795
LT2H11,delta_volume,0,0.6079485491572887
LT2H11,delta_volume,1,0.6251266940430289
LT2H11,face_num,0,0.49665632216335964
LT2H11,face_num,1,0.50607608956877
LT2H11,frame_brightness,0,0.5278674649697501
LT2H11,frame_brightness,1,0.5201822304420969
LT2H11,global_flow,0,0.5096130737803413
LT2H11,global_flow,1,0.48096193431762846
LT2H11,gpt2_surprisal,0,0.49942530537182744
LT2H11,gpt2_surprisal,1,0.5069851519806067
LT2H11,local_flow,0,0.49580472921434027
LT2H11,local_flow,1,0.4826442222291882
LT2H11,onset,0,0.5574326895271144
LT2H11,onset,1,0.5455839154985312
LT2H11,pitch,0,0.5198165156787143
LT2H11,pitch,1,0.5347429025213422
LT2H11,speech,0,0.5138009169692311
LT2H11,speech,1,0.4934407547769857
LT2H11,volume,0,0.5349989028557098
LT2H11,volume,1,0.5417515647367376
LT2H11,word_gap,0,0.4912761209170217
LT2H11,word_gap,1,0.5174332666724633
LT2H11,word_head_pos,0,0.5275801176556638
LT2H11,word_head_pos,1,0.537177517946146
LT2H11,word_index,0,0.5356360946745562
LT2H11,word_index,1,0.5636538461538462
LT2H11,word_length,0,0.4924035819148825
LT2H11,word_length,1,0.49274317419516633
LT2H11,word_part_speech,0,0.5437165244991073
LT2H11,word_part_speech,1,0.5084804602261457
LT1A7,delta_volume,0,0.6232302017700595
LT1A7,delta_volume,1,0.5953157163307315
LT1A7,face_num,0,0.4866827581162555
LT1A7,face_num,1,0.4967660365923743
LT1A7,frame_brightness,0,0.49298872553629464
LT1A7,frame_brightness,1,0.508045724794416
LT1A7,global_flow,0,0.5296960387866629
LT1A7,global_flow,1,0.4810716487466433
LT1A7,gpt2_surprisal,0,0.4720802900640523
LT1A7,gpt2_surprisal,1,0.47628600984295166
LT1A7,local_flow,0,0.49484864633292586
LT1A7,local_flow,1,0.5023875949552261
LT1A7,onset,0,0.5391915133251145
LT1A7,onset,1,0.5093831331902653
LT1A7,pitch,0,0.5139232834916356
LT1A7,pitch,1,0.5368901706320597
LT1A7,speech,0,0.5201547716852623
LT1A7,speech,1,0.523401266795643
LT1A7,volume,0,0.5176117781051796
LT1A7,volume,1,0.5299624881142702
LT1A7,word_gap,0,0.5251717241978958
LT1A7,word_gap,1,0.49150073906616815
LT1A7,word_head_pos,0,0.4797132796255081
LT1A7,word_head_pos,1,0.48645288026498645
LT1A7,word_index,0,0.5145562130177515
LT1A7,word_index,1,0.5264940828402367
LT1A7,word_length,0,0.5063947838625749
LT1A7,word_length,1,0.4973773026968852
LT1A7,word_part_speech,0,0.5283797857567943
LT1A7,word_part_speech,1,0.5132538186867686
LF3aOFa5,delta_volume,0,0.5720092369100237
LF3aOFa5,delta_volume,1,0.5674116798846431
LF3aOFa5,face_num,0,0.5035892291777688
LF3aOFa5,face_num,1,0.5013792671076142
LF3aOFa5,frame_brightness,0,0.5146808355014995
LF3aOFa5,frame_brightness,1,0.5411847068534947
LF3aOFa5,global_flow,0,0.5013897161008537
LF3aOFa5,global_flow,1,0.5318380824007607
LF3aOFa5,gpt2_surprisal,0,0.486839493014848
LF3aOFa5,gpt2_surprisal,1,0.5221100696947849
LF3aOFa5,local_flow,0,0.48183964974974663
LF3aOFa5,local_flow,1,0.5052924150758075
LF3aOFa5,onset,0,0.5344733117209259
LF3aOFa5,onset,1,0.527525379358629
LF3aOFa5,pitch,0,0.4589772525417176
LF3aOFa5,pitch,1,0.4918863567495272
LF3aOFa5,speech,0,0.5255280523679537
LF3aOFa5,speech,1,0.5230236132828029
LF3aOFa5,volume,0,0.5123036895395129
LF3aOFa5,volume,1,0.5149525093257264
LF3aOFa5,word_gap,0,0.4910949772483552
LF3aOFa5,word_gap,1,0.5048908790539953
LF3aOFa5,word_head_pos,0,0.5292362830841248
LF3aOFa5,word_head_pos,1,0.48194413968214167
LF3aOFa5,word_index,0,0.4618343195266272
LF3aOFa5,word_index,1,0.49557692307692314
LF3aOFa5,word_length,0,0.5234632143193003
LF3aOFa5,word_length,1,0.5431700155689999
LF3aOFa5,word_part_speech,0,0.5325828208688752
LF3aOFa5,word_part_speech,1,0.4964540765721087
LF3cIc2,delta_volume,0,0.5240588069339519
LF3cIc2,delta_volume,1,0.5330188186368243
LF3cIc2,face_num,0,0.5116454029654244
LF3cIc2,face_num,1,0.5134008338296605
LF3cIc2,frame_brightness,0,0.500480653689017
LF3cIc2,frame_brightness,1,0.48016781083142634
LF3cIc2,global_flow,0,0.4688515511530464
LF3cIc2,global_flow,1,0.49968653020281495
LF3cIc2,gpt2_surprisal,0,0.47839670647733085
LF3cIc2,gpt2_surprisal,1,0.4838719789348296
LF3cIc2,local_flow,0,0.5260179931663584
LF3cIc2,local_flow,1,0.5197956176922354
LF3cIc2,onset,0,0.5421213643212639
LF3cIc2,onset,1,0.5291919699252698
LF3cIc2,pitch,0,0.4710301662434824
LF3cIc2,pitch,1,0.5021524926073372
LF3cIc2,speech,0,0.4908965626904831
LF3cIc2,speech,1,0.5079307237696445
LF3cIc2,volume,0,0.5032130654211466
LF3cIc2,volume,1,0.5055902113831332
LF3cIc2,word_gap,0,0.5089412514853782
LF3cIc2,word_gap,1,0.4948120453293917
LF3cIc2,word_head_pos,0,0.47725254171760545
LF3cIc2,word_head_pos,1,0.4826572834707376
LF3cIc2,word_index,0,0.45594674556213016
LF3cIc2,word_index,1,0.48071005917159765
LF3cIc2,word_length,0,0.49863640638224505
LF3cIc2,word_length,1,0.5094667878749882
LF3cIc2,word_part_speech,0,0.5331655425510812
LF3cIc2,word_part_speech,1,0.5269539773854394
LF3bOFb4,delta_volume,0,0.5945477153276282
LF3bOFb4,delta_volume,1,0.601381356906262
LF3bOFb4,face_num,0,0.5055640889000345
LF3bOFb4,face_num,1,0.5172147163620786
LF3bOFb4,frame_brightness,0,0.46815146860599977
LF3bOFb4,frame_brightness,1,0.49800946678787494
LF3bOFb4,global_flow,0,0.5103654012935854
LF3bOFb4,global_flow,1,0.4984744469870328
LF3bOFb4,gpt2_surprisal,0,0.5271308109463654
LF3bOFb4,gpt2_surprisal,1,0.5173766757572907
LF3bOFb4,local_flow,0,0.5307984075734302
LF3bOFb4,local_flow,1,0.5003448167769036
LF3bOFb4,onset,0,0.5607354306500464
LF3bOFb4,onset,1,0.5331415612681308
LF3bOFb4,pitch,0,0.4706749004733394
LF3bOFb4,pitch,1,0.490277211790644
LF3bOFb4,speech,0,0.5374672037738849
LF3bOFb4,speech,1,0.5389446903241194
LF3bOFb4,volume,0,0.5139128344983961
LF3bOFb4,volume,1,0.5302184884486381
LF3bOFb4,word_gap,0,0.4547503115671101
LF3bOFb4,word_gap,1,0.510730950931803
LF3bOFb4,word_head_pos,0,0.47481792629280173
LF3bOFb4,word_head_pos,1,0.4621903179628643
LF3bOFb4,word_index,0,0.49631656804733726
LF3bOFb4,word_index,1,0.5392603550295858
LF3bOFb4,word_length,0,0.511086381827111
LF3bOFb4,word_length,1,0.5141009163767072
LF3bOFb4,word_part_speech,0,0.5380380876810157
LF3bOFb4,word_part_speech,1,0.5241023606427295
LF3bOFb16,delta_volume,0,0.5625737960147539
LF3bOFb16,delta_volume,1,0.5691932332319781
LF3bOFb16,face_num,0,0.5025756768335371
LF3bOFb16,face_num,1,0.5083330721085023
LF3bOFb16,frame_brightness,0,0.5218540693604172
LF3bOFb16,frame_brightness,1,0.5121208321578216
LF3bOFb16,global_flow,0,0.5254224005517067
LF3bOFb16,global_flow,1,0.5275696686624244
LF3bOFb16,gpt2_surprisal,0,0.5139441814781146
LF3bOFb16,gpt2_surprisal,1,0.5219951307691504
LF3bOFb16,local_flow,0,0.4965152607546263
LF3bOFb16,local_flow,1,0.5171258999195427
LF3bOFb16,onset,0,0.566138532487101
LF3bOFb16,onset,1,0.5473418260962208
LF3bOFb16,pitch,0,0.4888143527371137
LF3bOFb16,pitch,1,0.507460581173004
LF3bOFb16,speech,0,0.5069899027376567
LF3bOFb16,speech,1,0.5229573582805501
LF3bOFb16,volume,0,0.5405316447760258
LF3bOFb16,volume,1,0.5406047877287024
LF3bOFb16,word_gap,0,0.47460365765295776
LF3bOFb16,word_gap,1,0.501086862011999
LF3bOFb16,word_head_pos,0,0.5537443967273753
LF3bOFb16,word_head_pos,1,0.5298788961683543
LF3bOFb16,word_index,0,0.5101775147928994
LF3bOFb16,word_index,1,0.49491124260355035
LF3bOFb16,word_length,0,0.4910504372903671
LF3bOFb16,word_length,1,0.4621955424594841
LF3bOFb16,word_part_speech,0,0.48885389803610396
LF3bOFb16,word_part_speech,1,0.5223293989287839
LF2b12,delta_volume,0,0.5542563973961109
LF2b12,delta_volume,1,0.5545959896763948
LF2b12,face_num,0,0.46874183672403164
LF2b12,face_num,1,0.5160705516023532
LF2b12,frame_brightness,0,0.4561351263805732
LF2b12,frame_brightness,1,0.4627545635977973
LF2b12,global_flow,0,0.5196806787666008
LF2b12,global_flow,1,0.5066194372172241
LF2b12,gpt2_surprisal,0,0.5196232093037836
LF2b12,gpt2_surprisal,1,0.5028630241476234
LF2b12,local_flow,0,0.5067657231225772
LF2b12,local_flow,1,0.4522898968684367
LF2b12,onset,0,0.5689466234418521
LF2b12,onset,1,0.5733223749296075
LF2b12,pitch,0,0.48441010208666396
LF2b12,pitch,1,0.5007157560369058
LF2b12,speech,0,0.5174316910926775
LF2b12,speech,1,0.5013383510455038
LF2b12,volume,0,0.4951150956605331
LF2b12,volume,1,0.5030981264955122
LF2b12,word_gap,0,0.5072167637596731
LF2b12,word_gap,1,0.48815320406921137
LF2b12,word_head_pos,0,0.49717877182533465
LF2b12,word_head_pos,1,0.49071606950670305
LF2b12,word_index,0,0.49575443786982254
LF2b12,word_index,1,0.5105325443786982
LF2b12,word_length,0,0.5226116213702809
LF2b12,word_length,1,0.5345391471531719
LF2b12,word_part_speech,0,0.535446835945249
LF2b12,word_part_speech,1,0.5211391588970442
LF2c2,delta_volume,0,0.5647889825815282
LF2c2,delta_volume,1,0.5755775681013134
LF2c2,face_num,0,0.49577338223462175
LF2c2,face_num,1,0.5302942436496243
LF2c2,frame_brightness,0,0.4725191477801114
LF2c2,frame_brightness,1,0.49056455910473024
LF2c2,global_flow,0,0.5250462367950848
LF2c2,global_flow,1,0.4925237453371367
LF2c2,gpt2_surprisal,0,0.4790393195615602
LF2c2,gpt2_surprisal,1,0.5050155167549607
LF2c2,local_flow,0,0.4849847967148365
LF2c2,local_flow,1,0.46837612196064904
LF2c2,onset,0,0.5636196216306714
LF2c2,onset,1,0.5236062280261176
LF2c2,pitch,0,0.5041012298465043
LF2c2,pitch,1,0.5156578163693928
LF2c2,speech,0,0.5197241141706198
LF2c2,speech,1,0.529304587496356
LF2c2,volume,0,0.5203180673542104
LF2c2,volume,1,0.5037459640763613
LF2c2,word_gap,0,0.5028258412311973
LF2c2,word_gap,1,0.49455844419325856
LF2c2,word_head_pos,0,0.48963982320303434
LF2c2,word_head_pos,1,0.5121156076612018
LF2c2,word_index,0,0.47399408284023664
LF2c2,word_index,1,0.5215976331360946
LF2c2,word_length,0,0.5178886764260263
LF2c2,word_length,1,0.5105378096820372
LF2c2,word_part_speech,0,0.520630827216822
LF2c2,word_part_speech,1,0.5179279904780797
LF2d6,delta_volume,0,0.55699925812148
LF2d6,delta_volume,1,0.560039915154175
LF2d6,face_num,0,0.4938873389548917
LF2d6,face_num,1,0.49238268392840345
LF2d6,frame_brightness,0,0.5246178280722652
LF2d6,frame_brightness,1,0.5227735807654932
LF2d6,global_flow,0,0.49011002789881203
LF2d6,global_flow,1,0.4885061074365485
LF2d6,gpt2_surprisal,0,0.4981348547067491
LF2d6,gpt2_surprisal,1,0.4839712443706049
LF2d6,local_flow,0,0.48386152994159015
LF2d6,local_flow,1,0.5056215583628516
LF2d6,onset,0,0.5134088245590004
LF2d6,onset,1,0.5113997838759266
LF2d6,pitch,0,0.4912646416517768
LF2d6,pitch,1,0.4713279625508082
LF2d6,speech,0,0.5047173561603902
LF2d6,speech,1,0.5009010680306363
LF2d6,volume,0,0.4833652027627138
LF2d6,volume,1,0.5036780456203045
LF2d6,word_gap,0,0.5069921456105266
LF2d6,word_gap,1,0.4941164536417123
LF2d6,word_head_pos,0,0.4755754783026655
LF2d6,word_head_pos,1,0.5073874382203274
LF2d6,word_index,0,0.5134319526627219
LF2d6,word_index,1,0.527292899408284
LF2d6,word_length,0,0.4983751815512576
LF2d6,word_length,1,0.4803036477435399
LF2d6,word_part_speech,0,0.49698720491965875
LF2d6,word_part_speech,1,0.51281987700853
LF2aIa10,delta_volume,0,0.5444447927442191
LF2aIa10,delta_volume,1,0.5415556461134969
LF2aIa10,face_num,0,0.5015360020062067
LF2aIa10,face_num,1,0.5088346237839985
LF2aIa10,frame_brightness,0,0.47189743268236106
LF2aIa10,frame_brightness,1,0.49651526075462626
LF2aIa10,global_flow,0,0.5087614808313219
LF2aIa10,global_flow,1,0.5069381315110288
LF2aIa10,gpt2_surprisal,0,0.5233482753936658
LF2aIa10,gpt2_surprisal,1,0.5253440331024106
LF2aIa10,local_flow,0,0.4880724742171092
LF2aIa10,local_flow,1,0.4918811322529074
LF2aIa10,onset,0,0.5124880142459248
LF2aIa10,onset,1,0.5445261251388825
LF2aIa10,pitch,0,0.5214413341274569
LF2aIa10,pitch,1,0.5125649143705004
LF2aIa10,speech,0,0.5160005830440199
LF2aIa10,speech,1,0.5185116476293959
LF2aIa10,volume,0,0.5259814216900202
LF2aIa10,volume,1,0.5268277901424199
LF2aIa10,word_gap,0,0.5265121873460279
LF2aIa10,word_gap,1,0.5278454047474133
LF2aIa10,word_head_pos,0,0.4858781856368139
LF2aIa10,word_head_pos,1,0.5203807613136475
LF2aIa10,word_index,0,0.4837278106508876
LF2aIa10,word_index,1,0.5674260355029586
LF2aIa10,word_length,0,0.5227108868060563
LF2aIa10,word_length,1,0.5247954609573368
LF2aIa10,word_part_speech,0,0.5262596707002579
LF2aIa10,word_part_speech,1,0.5136009720293593
LF1aCaOF6,delta_volume,0,0.5706874392652267
LF1aCaOF6,delta_volume,1,0.5868677052965946
LF1aCaOF6,face_num,0,0.5041064543431241
LF1aCaOF6,face_num,1,0.4902824362872637
LF1aCaOF6,frame_brightness,0,0.5222929270764762
LF1aCaOF6,frame_brightness,1,0.5651442483516713
LF1aCaOF6,global_flow,0,0.49977534664535067
LF1aCaOF6,global_flow,1,0.5226168458669007
LF1aCaOF6,gpt2_surprisal,0,0.5306207746883588
LF1aCaOF6,gpt2_surprisal,1,0.5453016101898582
LF1aCaOF6,local_flow,0,0.5157361838186891
LF1aCaOF6,local_flow,1,0.4880803109620388
LF1aCaOF6,onset,0,0.5373498926989636
LF1aCaOF6,onset,1,0.5688781334185653
LF1aCaOF6,pitch,0,0.5203337408440696
LF1aCaOF6,pitch,1,0.5220212532522492
LF1aCaOF6,speech,0,0.47704264171944977
LF1aCaOF6,speech,1,0.5479686216309331
LF1aCaOF6,volume,0,0.5247588894809986
LF1aCaOF6,volume,1,0.5390531122326364
LF1aCaOF6,word_gap,0,0.49244268614323394
LF1aCaOF6,word_gap,1,0.47483552154885084
LF1aCaOF6,word_head_pos,0,0.47411784374575505
LF1aCaOF6,word_head_pos,1,0.521963783789432
LF1aCaOF6,word_index,0,0.4820414201183433
LF1aCaOF6,word_index,1,0.5237426035502959
LF1aCaOF6,word_length,0,0.4730781689184247
LF1aCaOF6,word_length,1,0.49716309833547534
LF1aCaOF6,word_part_speech,0,0.5691207101765523
LF1aCaOF6,word_part_speech,1,0.5562016464987106
LF1bIb2,delta_volume,0,0.547004796087897
LF1bIb2,delta_volume,1,0.5643866963418075
LF1bIb2,face_num,0,0.4909198248748733
LF1bIb2,face_num,1,0.4822001400165094
LF1bIb2,frame_brightness,0,0.49710562887265813
LF1bIb2,frame_brightness,1,0.5125649143705004
LF1bIb2,global_flow,0,0.4821322215604526
LF1bIb2,global_flow,1,0.4945560745222198
LF1bIb2,gpt2_surprisal,0,0.4953240755253231
LF1bIb2,gpt2_surprisal,1,0.5023823704586063
LF1bIb2,local_flow,0,0.4915154174895249
LF1bIb2,local_flow,1,0.5137352016133245
LF1bIb2,onset,0,0.5356909121349102
LF1bIb2,onset,1,0.5289103998295359
LF1bIb2,pitch,0,0.5226272948601403
LF1bIb2,pitch,1,0.5365296803652968
LF1bIb2,speech,0,0.5211419712188271
LF1bIb2,speech,1,0.5364800042403202
LF1bIb2,volume,0,0.5175647576356018
LF1bIb2,volume,1,0.5031399224684703
LF1bIb2,word_gap,0,0.5139553082340665
LF1bIb2,word_gap,1,0.4797771208300727
LF1bIb2,word_head_pos,0,0.4701837977910828
LF1bIb2,word_head_pos,1,0.48230462994890444
LF1bIb2,word_index,0,0.5192751479289941
LF1bIb2,word_index,1,0.5035207100591717
LF1bIb2,word_length,0,0.49186545876304816
LF1bIb2,word_length,1,0.4802879742536807
LF1bIb2,word_part_speech,0,0.5405797460821266
LF1bIb2,word_part_speech,1,0.5343185875818289
LF1bIb14,delta_volume,0,0.5862982351650419
LF1bIb14,delta_volume,1,0.606057281380939
LF1bIb14,face_num,0,0.5408921350427887
LF1bIb14,face_num,1,0.5212637012423853
LF1bIb14,frame_brightness,0,0.45137038546336056
LF1bIb14,frame_brightness,1,0.534638412588947
LF1bIb14,global_flow,0,0.48570055275174234
LF1bIb14,global_flow,1,0.49599281109265125
LF1bIb14,gpt2_surprisal,0,0.5068336415786339
LF1bIb14,gpt2_surprisal,1,0.4937306040562992
LF1bIb14,local_flow,0,0.5034742902521341
LF1bIb14,local_flow,1,0.49916408054083994
LF1bIb14,onset,0,0.4989117696300016
LF1bIb14,onset,1,0.5170464057957779
LF1bIb14,pitch,0,0.49006300742923414
LF1bIb14,pitch,1,0.5028943711273419
LF1bIb14,speech,0,0.482111149391779
LF1bIb14,speech,1,0.5058238146980097
LF1bIb14,volume,0,0.5160444291192543
LF1bIb14,volume,1,0.5374335182805137
LF1bIb14,word_gap,0,0.4910225197808886
LF1bIb14,word_gap,1,0.5006013969799727
LF1bIb14,word_head_pos,0,0.4588205176431251
LF1bIb14,word_head_pos,1,0.4767771125252082
LF1bIb14,word_index,0,0.5057248520710058
LF1bIb14,word_index,1,0.5246745562130178
LF1bIb14,word_length,0,0.49670334263293725
LF1bIb14,word_length,1,0.5049737207820026
LF1bIb14,word_part_speech,0,0.5310454274945448
LF1bIb14,word_part_speech,1,0.5378583118428883
LF1cCb10,delta_volume,0,0.5708389496671996
LF1cCb10,delta_volume,1,0.581455126798533
LF1cCb10,face_num,0,0.5485564715839628
LF1cCb10,face_num,1,0.5142158553023416
LF1cCb10,frame_brightness,0,0.4816567923680553
LF1cCb10,frame_brightness,1,0.5358922917776873
LF1cCb10,global_flow,0,0.4656175877454207
LF1cCb10,global_flow,1,0.5101302989456965
LF1cCb10,gpt2_surprisal,0,0.4801678108314264
LF1cCb10,gpt2_surprisal,1,0.48758659603147236
LF1cCb10,local_flow,0,0.4879105148218969
LF1cCb10,local_flow,1,0.4742850276375871
LF1cCb10,onset,0,0.5430421746343393
LF1cCb10,onset,1,0.5578284096616593
LF1cCb10,pitch,0,0.5003291432870441
LF1cCb10,pitch,1,0.5373133548582594
LF1cCb10,speech,0,0.5371425542628468
LF1cCb10,speech,1,0.5618689211035434
LF1cCb10,volume,0,0.5187089223953273
LF1cCb10,volume,1,0.5237401126401471
LF1cCb10,word_gap,0,0.5000941947077066
LF1cCb10,word_gap,1,0.5158681853751848
LF1cCb10,word_head_pos,0,0.4934798282185512
LF1cCb10,word_head_pos,1,0.48291067155679546
LF1cCb10,word_index,0,0.5113609467455622
LF1cCb10,word_index,1,0.5063905325443787
LF1cCb10,word_length,0,0.5164414908623555
LF1cCb10,word_length,1,0.5111020553169703
LF1cCb10,word_part_speech,0,0.4872421146597897
LF1cCb10,word_part_speech,1,0.4840433445744893
RF3aOFa11,delta_volume,0,0.5164571643522147
RF3aOFa11,delta_volume,1,0.5348473924537371
RF3aOFa11,face_num,0,0.5153077750958696
RF3aOFa11,face_num,1,0.5262687690041065
RF3aOFa11,frame_brightness,0,0.4623888488344148
RF3aOFa11,frame_brightness,1,0.5027689832084679
RF3aOFa11,global_flow,0,0.4753038044784385
RF3aOFa11,global_flow,1,0.4736006185803998
RF3aOFa11,gpt2_surprisal,0,0.5104960137090792
RF3aOFa11,gpt2_surprisal,1,0.49359476714418565
RF3aOFa11,local_flow,0,0.512089485178103
RF3aOFa11,local_flow,1,0.4870171258999196
RF3aOFa11,onset,0,0.5390545332785414
RF3aOFa11,onset,1,0.5362236123160282
RF3aOFa11,pitch,0,0.5309028975058253
RF3aOFa11,pitch,1,0.5103967482733038
RF3aOFa11,speech,0,0.5477102271221477
RF3aOFa11,speech,1,0.5224008162616278
RF3aOFa11,volume,0,0.4947441564005308
RF3aOFa11,volume,1,0.5065776412442661
RF3aOFa11,word_gap,0,0.4982972495145349
RF3aOFa11,word_gap,1,0.5128901834623076
RF3aOFa11,word_head_pos,0,0.4870014524100603
RF3aOFa11,word_head_pos,1,0.5156160203964348
RF3aOFa11,word_index,0,0.4756065088757397
RF3aOFa11,word_index,1,0.4879585798816568
RF3aOFa11,word_length,0,0.49318203191122534
RF3aOFa11,word_length,1,0.4974974661191394
RF3aOFa11,word_part_speech,0,0.48753967466772463
RF3aOFa11,word_part_speech,1,0.5261976790319381
RF3bOFb7,delta_volume,0,0.579464593586408
RF3bOFb7,delta_volume,1,0.547276469912124
RF3bOFb7,face_num,0,0.5124238529617671
RF3bOFb7,face_num,1,0.5176692475679968
RF3bOFb7,frame_brightness,0,0.4838876524246889
RF3bOFb7,frame_brightness,1,0.51718336938236
RF3bOFb7,global_flow,0,0.5139755284578331
RF3bOFb7,global_flow,1,0.5235363572719769
RF3bOFb7,gpt2_surprisal,0,0.5194769233984305
RF3bOFb7,gpt2_surprisal,1,0.48850610743654854
RF3bOFb7,local_flow,0,0.48611851248132243
RF3bOFb7,local_flow,1,0.4768345819880254
RF3bOFb7,onset,0,0.5044670715188043
RF3bOFb7,onset,1,0.5224190676224829
RF3bOFb7,pitch,0,0.5104907892124593
RF3bOFb7,pitch,1,0.5460696111929616
RF3bOFb7,speech,0,0.49116820819971907
RF3bOFb7,speech,1,0.5383682718045213
RF3bOFb7,volume,0,0.5136568341640283
RF3bOFb7,volume,1,0.5420467487957535
RF3bOFb7,word_gap,0,0.503919948989943
RF3bOFb7,word_gap,1,0.5143393328116397
RF3bOFb7,word_head_pos,0,0.4637106464792118
RF3bOFb7,word_head_pos,1,0.5003840005015516
RF3bOFb7,word_index,0,0.48383136094674545
RF3bOFb7,word_index,1,0.481405325443787
RF3bOFb7,word_length,0,0.46185072568258045
RF3bOFb7,word_length,1,0.48780602488950187
RF3bOFb7,word_part_speech,0,0.5346657409244198
RF3bOFb7,word_part_speech,1,0.5409516960920452
RF2I3,delta_volume,0,0.5548781124938612
RF2I3,delta_volume,1,0.5568843191958454
RF2I3,face_num,0,0.5138396915457195
RF2I3,face_num,1,0.5233796223733843
RF2I3,frame_brightness,0,0.5112849126986615
RF2I3,frame_brightness,1,0.5220421512387281
RF2I3,global_flow,0,0.48227850746580564
RF2I3,global_flow,1,0.5087876033144206
RF2I3,gpt2_surprisal,0,0.4834644681984891
RF2I3,gpt2_surprisal,1,0.48672455408921356
RF2I3,local_flow,0,0.484828061816244
RF2I3,local_flow,1,0.5033175553535416
RF2I3,onset,0,0.5437879548879045
RF2I3,onset,1,0.5056694519276136
RF2I3,pitch,0,0.4948695443194048
RF2I3,pitch,1,0.4900003134697972
RF2I3,speech,0,0.53722206026555
RF2I3,speech,1,0.5272573079267485
RF2I3,volume,0,0.49521436109630834
RF2I3,volume,1,0.5103340543138669
RF2I3,word_gap,0,0.4629742341245689
RF2I3,word_gap,1,0.4856244384546271
RF2I3,word_head_pos,0,0.5065462942645476
RF2I3,word_head_pos,1,0.5079464593586408
RF2I3,word_index,0,0.522189349112426
RF2I3,word_index,1,0.49309171597633134
RF2I3,word_length,0,0.5004702046957776
RF2I3,word_length,1,0.48401304034356285
RF2I3,word_part_speech,0,0.5477211862725649
RF2I3,word_part_speech,1,0.5366742709779806
RF1aCaOF2,delta_volume,0,0.5577097896617661
RF1aCaOF2,delta_volume,1,0.5643605738587087
RF1aCaOF2,face_num,0,0.4855438178531498
RF1aCaOF2,face_num,1,0.4998014691284495
RF1aCaOF2,frame_brightness,0,0.5088085013008996
RF1aCaOF2,frame_brightness,1,0.4920430916481197
RF1aCaOF2,global_flow,0,0.505679027825669
RF1aCaOF2,global_flow,1,0.5165825522710887
RF1aCaOF2,gpt2_surprisal,0,0.5225437029142243
RF1aCaOF2,gpt2_surprisal,1,0.5180036153516608
RF1aCaOF2,local_flow,0,0.5081867862031493
RF1aCaOF2,local_flow,1,0.4929626030531958
RF1aCaOF2,onset,0,0.5409798639331538
RF1aCaOF2,onset,1,0.5513599074623685
RF1aCaOF2,pitch,0,0.4985684879261883
RF1aCaOF2,pitch,1,0.5261747280649509
RF1aCaOF2,speech,0,0.5117006333978215
RF1aCaOF2,speech,1,0.5471073066016484
RF1aCaOF2,volume,0,0.5015412265028265
RF1aCaOF2,volume,1,0.5296176713373666
RF1aCaOF2,word_gap,0,0.5085209981740719
RF1aCaOF2,word_gap,1,0.5004130075645596
RF1aCaOF2,word_head_pos,0,0.47766005245394605
RF1aCaOF2,word_head_pos,1,0.49568979028870563
RF1aCaOF2,word_index,0,0.5118343195266273
RF1aCaOF2,word_index,1,0.4977810650887574
RF1aCaOF2,word_length,0,0.4841958977252541
RF1aCaOF2,word_length,1,0.5096078492837215
RF1aCaOF2,word_part_speech,0,0.5503372346756596
RF1aCaOF2,word_part_speech,1,0.5178288038087682
RF1aCaOF14,delta_volume,0,0.5402390729653198
RF1aCaOF14,delta_volume,1,0.563764981244057
RF1aCaOF14,face_num,0,0.5234161938497226
RF1aCaOF14,face_num,1,0.512468261183035
RF1aCaOF14,frame_brightness,0,0.526467299875657
RF1aCaOF14,frame_brightness,1,0.5031869429380479
RF1aCaOF14,global_flow,0,0.47108241120968
RF1aCaOF14,global_flow,1,0.47256616824968917
RF1aCaOF14,gpt2_surprisal,0,0.5003761637566221
RF1aCaOF14,gpt2_surprisal,1,0.5073142952676509
RF1aCaOF14,local_flow,0,0.49834905906815874
RF1aCaOF14,local_flow,1,0.4726497601956051
RF1aCaOF14,onset,0,0.5769599561663852
RF1aCaOF14,onset,1,0.5779492565027472
RF1aCaOF14,pitch,0,0.524330480758179
RF1aCaOF14,pitch,1,0.5182021462232114
RF1aCaOF14,speech,0,0.5167293880687991
RF1aCaOF14,speech,1,0.5320939230911934
RF1aCaOF14,volume,0,0.5034742902521342
RF1aCaOF14,volume,1,0.5005590211383133
RF1aCaOF14,word_gap,0,0.5100570964843637
RF1aCaOF14,word_gap,1,0.5276642610787468
RF1aCaOF14,word_head_pos,0,0.48255540578665246
RF1aCaOF14,word_head_pos,1,0.4879836577745734
RF1aCaOF14,word_index,0,0.5215236686390532
RF1aCaOF14,word_index,1,0.5632248520710059
RF1aCaOF14,word_length,0,0.510877401962321
RF1aCaOF14,word_length,1,0.49545468794081693
RF1aCaOF14,word_part_speech,0,0.5186594921642531
RF1aCaOF14,word_part_speech,1,0.5333267208887125
LT2H12,delta_volume,0,0.6488067249720488
LT2H12,delta_volume,1,0.6255995109871164
LT2H12,face_num,0,0.5143987126840329
LT2H12,face_num,1,0.4962226889439203
LT2H12,frame_brightness,0,0.5283794656384857
LT2H12,frame_brightness,1,0.5148009989237536
LT2H12,global_flow,0,0.5207830475533682
LT2H12,global_flow,1,0.525270890149734
LT2H12,gpt2_surprisal,0,0.5135863034596616
LT2H12,gpt2_surprisal,1,0.516305653950242
LT2H12,local_flow,0,0.5094354408952697
LT2H12,local_flow,1,0.5151144687209387
LT2H12,onset,0,0.5821728079387547
LT2H12,onset,1,0.5470754760056618
LT2H12,pitch,0,0.5117551173944391
LT2H12,pitch,1,0.5204591287629436
LT2H12,speech,0,0.5050022526700766
LT2H12,speech,1,0.5088781703018578
LT2H12,volume,0,0.513682956647127
LT2H12,volume,1,0.5282593022162315
LT2H12,word_gap,0,0.46787235892531087
LT2H12,word_gap,1,0.5013332174013853
LT2H12,word_head_pos,0,0.5127164247724731
LT2H12,word_head_pos,1,0.5111072798135899
LT2H12,word_index,0,0.5521153846153846
LT2H12,word_index,1,0.5531804733727811
LT2H12,word_length,0,0.4812440571350951
LT2H12,word_length,1,0.4946971359309531
LT2H12,word_part_speech,0,0.4971731799246181
LT2H12,word_part_speech,1,0.5133158103550882
LT1A8,delta_volume,0,0.6109447979687157
LT1A8,delta_volume,1,0.589312769714638
LT1A8,face_num,0,0.4802461782807227
LT1A8,face_num,1,0.4881090456934475
LT1A8,frame_brightness,0,0.4701890222877026
LT1A8,frame_brightness,1,0.5006373885876095
LT1A8,global_flow,0,0.5017763288507152
LT1A8,global_flow,1,0.48791051482189696
LT1A8,gpt2_surprisal,0,0.4798856880139598
LT1A8,gpt2_surprisal,1,0.45858541529523633
LT1A8,local_flow,0,0.48701190140329975
LT1A8,local_flow,1,0.4897652111219084
LT1A8,onset,0,0.557120679421031
LT1A8,onset,1,0.5253260886108702
LT1A8,pitch,0,0.5216659874821061
LT1A8,pitch,1,0.5481280628611434
LT1A8,speech,0,0.521367238226486
LT1A8,speech,1,0.5272308059258474
LT1A8,volume,0,0.5063477633929971
LT1A8,volume,1,0.5477179398764929
LT1A8,word_gap,0,0.522635712836565
LT1A8,word_gap,1,0.5062096049618874
LT1A8,word_head_pos,0,0.48725222824780834
LT1A8,word_head_pos,1,0.505846211717501
LT1A8,word_index,0,0.5294378698224852
LT1A8,word_index,1,0.5605029585798817
LT1A8,word_length,0,0.4897390886388096
LT1A8,word_length,1,0.5079987043248383
LT1A8,word_part_speech,0,0.5432701844872049
LT1A8,word_part_speech,1,0.5048105534616147
LF3aOFa6,delta_volume,0,0.5689372328976103
LF3aOFa6,delta_volume,1,0.5742296479734178
LF3aOFa6,face_num,0,0.5214935790936543
LF3aOFa6,face_num,1,0.493735828552919
LF3aOFa6,frame_brightness,0,0.45350198008421894
LF3aOFa6,frame_brightness,1,0.5118125868572563
LF3aOFa6,global_flow,0,0.5012016342225426
LF3aOFa6,global_flow,1,0.49617044397772275
LF3aOFa6,gpt2_surprisal,0,0.5208405170161855
LF3aOFa6,gpt2_surprisal,1,0.534220452859367
LF3aOFa6,local_flow,0,0.49859983490590687
LF3aOFa6,local_flow,1,0.48483328631286376
LF3aOFa6,onset,0,0.5692890735582851
LF3aOFa6,onset,1,0.5334687913793891
LF3aOFa6,pitch,0,0.43962049256554125
LF3aOFa6,pitch,1,0.4903242322602217
LF3aOFa6,speech,0,0.5302122810272175
LF3aOFa6,speech,1,0.517020910078711
LF3aOFa6,volume,0,0.525526890484102
LF3aOFa6,volume,1,0.536190088085013
LF3aOFa6,word_gap,0,0.5038909660029562
LF3aOFa6,word_gap,1,0.49847114743645476
LF3aOFa6,word_head_pos,0,0.4902354158176859
LF3aOFa6,word_head_pos,1,0.49170349936783586
LF3aOFa6,word_index,0,0.4667603550295858
LF3aOFa6,word_index,1,0.5205917159763314
LF3aOFa6,word_length,0,0.5248999508897318
LF3aOFa6,word_length,1,0.5220108042590097
LF3aOFa6,word_part_speech,0,0.49962804999008137
LF3aOFa6,word_part_speech,1,0.49582176155524693
LF3cIc3,delta_volume,0,0.5208875374857633
LF3cIc3,delta_volume,1,0.5380238863985455
LF3cIc3,face_num,0,0.509200338547381
LF3cIc3,face_num,1,0.5069433560076486
LF3cIc3,frame_brightness,0,0.49323427687742283
LF3cIc3,frame_brightness,1,0.5219063143266146
LF3cIc3,global_flow,0,0.49628015840673756
LF3cIc3,global_flow,1,0.49460309499179755
LF3cIc3,gpt2_surprisal,0,0.46954640920347324
LF3cIc3,gpt2_surprisal,1,0.4987461208112598
LF3cIc3,local_flow,0,0.5220787227150664
LF3cIc3,local_flow,1,0.4821478950503119
LF3cIc3,onset,0,0.533773191482885
LF3cIc3,onset,1,0.545066435322588
LF3cIc3,pitch,0,0.5156578163693928
LF3cIc3,pitch,1,0.51844247306772
LF3cIc3,speech,0,0.5325577081069621
LF3cIc3,speech,1,0.5210492142156733
LF3cIc3,volume,0,0.4704659206085493
LF3cIc3,volume,1,0.4998432651014075
LF3cIc3,word_gap,0,0.48935599802915686
LF3cIc3,word_gap,1,0.4903196823464626
LF3cIc3,word_head_pos,0,0.4933074198300994
LF3cIc3,word_head_pos,1,0.4913586825909323
LF3cIc3,word_index,0,0.5032692307692308
LF3cIc3,word_index,1,0.5241124260355029
LF3cIc3,word_length,0,0.5118805053133131
LF3cIc3,word_length,1,0.4912071721889596
LF3cIc3,word_part_speech,0,0.5358931759571514
LF3cIc3,word_part_speech,1,0.5409516960920452
LF3bOFb5,delta_volume,0,0.5765023040030093
LF3bOFb5,delta_volume,1,0.57627765064836
LF3bOFb5,face_num,0,0.5107023813255592
LF3bOFb5,face_num,1,0.5139703039612133
LF3bOFb5,frame_brightness,0,0.5144196106705119
LF3bOFb5,frame_brightness,1,0.48601402254892745
LF3bOFb5,global_flow,0,0.5085942969394899
LF3bOFb5,global_flow,1,0.5007209805335255
LF3bOFb5,gpt2_surprisal,0,0.4901988443413477
LF3bOFb5,gpt2_surprisal,1,0.47140633000010457
LF3bOFb5,local_flow,0,0.4973198332340678
LF3bOFb5,local_flow,1,0.5035526577014305
LF3bOFb5,onset,0,0.5475777361764302
LF3bOFb5,onset,1,0.5431411046679756
LF3bOFb5,pitch,0,0.4518614881456172
LF3bOFb5,pitch,1,0.4770801333291538
LF3bOFb5,speech,0,0.5059033207007129
LF3bOFb5,speech,1,0.5551572893753478
LF3bOFb5,volume,0,0.4865834926804803
LF3bOFb5,volume,1,0.49997910201352097
LF3bOFb5,word_gap,0,0.516672463264064
LF3bOFb5,word_gap,1,0.5146653914152393
LF3bOFb5,word_head_pos,0,0.4894151698483851
LF3bOFb5,word_head_pos,1,0.4890964755545804
LF3bOFb5,word_index,0,0.4805325443786982
LF3bOFb5,word_index,1,0.5127218934911243
LF3bOFb5,word_length,0,0.5276846075880589
LF3bOFb5,word_length,1,0.525291788136213
LF3bOFb5,word_part_speech,0,0.5412492560999802
LF3bOFb5,word_part_speech,1,0.5052444951398531
LF2b1,delta_volume,0,0.5233117039173275
LF2b1,delta_volume,1,0.5581643208676844
LF2b1,face_num,0,0.5102661358578101
LF2b1,face_num,1,0.48074772995621873
LF2b1,frame_brightness,0,0.5015516754960659
LF2b1,frame_brightness,1,0.49245582688108
LF2b1,global_flow,0,0.4446830297900797
LF2b1,global_flow,1,0.46909187799755503
LF2b1,gpt2_surprisal,0,0.5213525176849212
LF2b1,gpt2_surprisal,1,0.5132806704074063
LF2b1,local_flow,0,0.4858468386570954
LF2b1,local_flow,1,0.46910232699079446
LF2b1,onset,0,0.5305998204039389
LF2b1,onset,1,0.5422279043574875
LF2b1,pitch,0,0.4936940325799609
LF2b1,pitch,1,0.49440978861686674
LF2b1,speech,0,0.524494474332812
LF2b1,speech,1,0.5225267007659078
LF2b1,volume,0,0.4958151782075797
LF2b1,volume,1,0.5073299687575102
LF2b1,word_gap,0,0.5039054574964497
LF2b1,word_gap,1,0.4983044952612817
LF2b1,word_head_pos,0,0.5014210630805722
LF2b1,word_head_pos,1,0.5057704565165146
LF2b1,word_index,0,0.5022485207100592
LF2b1,word_index,1,0.5130769230769231
LF2b1,word_length,0,0.5089286647231539
LF2b1,word_length,1,0.5289646092598979
LF2b1,word_part_speech,0,0.511976790319381
LF2b1,word_part_speech,1,0.5232096806189248
LF2b13,delta_volume,0,0.5712203379204414
LF2b13,delta_volume,1,0.5768732432630116
LF2b13,face_num,0,0.48675590106893196
LF2b13,face_num,1,0.4713697585237662
LF2b13,frame_brightness,0,0.4922572960095295
LF2b13,frame_brightness,1,0.49912750906450165
LF2b13,global_flow,0,0.5247954609573368
LF2b13,global_flow,1,0.5215719465429507
LF2b13,gpt2_surprisal,0,0.47820340010240014
LF2b13,gpt2_surprisal,1,0.5022308600566335
LF2b13,local_flow,0,0.4916878258779766
LF2b13,local_flow,1,0.5057782932614442
LF2b13,onset,0,0.5407059038400073
LF2b13,onset,1,0.5537494482748123
LF2b13,pitch,0,0.47227882093560286
LF2b13,pitch,1,0.4921266835940358
LF2b13,speech,0,0.5329486126202527
LF2b13,speech,1,0.5586555534942889
LF2b13,volume,0,0.5084427865375172
LF2b13,volume,1,0.5199157811144896
LF2b13,word_gap,0,0.5120351853462018
LF2b13,word_gap,1,0.5045285917166623
LF2b13,word_head_pos,0,0.49637942384251277
LF2b13,word_head_pos,1,0.5011023687867675
LF2b13,word_index,0,0.4965384615384616
LF2b13,word_index,1,0.4898372781065089
LF2b13,word_length,0,0.4658370166034502
LF2b13,word_length,1,0.48080519941903593
LF2b13,word_part_speech,0,0.484378099583416
LF2b13,word_part_speech,1,0.49182949811545335
LF2c3,delta_volume,0,0.5794593690897882
LF2c3,delta_volume,1,0.5655726570744908
LF2c3,face_num,0,0.48516765409652785
LF2c3,face_num,1,0.5146599375150205
LF2c3,frame_brightness,0,0.4734804551581455
LF2c3,frame_brightness,1,0.47921695244663176
LF2c3,global_flow,0,0.5039653929343908
LF2c3,global_flow,1,0.5246491750519837
LF2c3,gpt2_surprisal,0,0.4973198332340679
LF2c3,gpt2_surprisal,1,0.5001828573816913
LF2c3,local_flow,0,0.4979310993385787
LF2c3,local_flow,1,0.49414333928925946
LF2c3,onset,0,0.5185531863080833
LF2c3,onset,1,0.4893155563672892
LF2c3,pitch,0,0.4933544402996772
LF2c3,pitch,1,0.49885061074365483
LF2c3,speech,0,0.5136419049638248
LF2c3,speech,1,0.5188627991413352
LF2c3,volume,0,0.5440216085180192
LF2c3,volume,1,0.5338756360824635
LF2c3,word_gap,0,0.49744949714517583
LF2c3,word_gap,1,0.46829985798336377
LF2c3,word_head_pos,0,0.47113988067249724
LF2c3,word_head_pos,1,0.4818553232396059
LF2c3,word_index,0,0.48071005917159765
LF2c3,word_index,1,0.4983136094674556
LF2c3,word_length,0,0.5119849952457081
LF2c3,word_length,1,0.5145554475826254
LF2c3,word_part_speech,0,0.4878744296766514
LF2c3,word_part_speech,1,0.48295229121206107
LF2d7,delta_volume,0,0.5626260409809515
LF2d7,delta_volume,1,0.5660428617702685
LF2d7,face_num,0,0.5167706341493997
LF2d7,face_num,1,0.4978370583994232
LF2d7,frame_brightness,0,0.5314044491813215
LF2d7,frame_brightness,1,0.5133381398702235
LF2d7,global_flow,0,0.49417991076559775
LF2d7,global_flow,1,0.4805439745880485
LF2d7,gpt2_surprisal,0,0.4993939583921089
LF2d7,gpt2_surprisal,1,0.48754480005851436
LF2d7,local_flow,0,0.48006854539565114
LF2d7,local_flow,1,0.49670334263293736
LF2d7,onset,0,0.5164528255939608
LF2d7,onset,1,0.5224038476173082
LF2d7,pitch,0,0.4904966406486735
LF2d7,pitch,1,0.46576909814739353
LF2d7,speech,0,0.4923939257413935
LF2d7,speech,1,0.5344857286725149
LF2d7,volume,0,0.47115032966573667
LF2d7,volume,1,0.486902186974285
LF2d7,word_gap,0,0.505173463177115
LF2d7,word_gap,1,0.510028113497377
LF2d7,word_head_pos,0,0.47965581016269077
LF2d7,word_head_pos,1,0.4990595906084449
LF2d7,word_index,0,0.5270266272189349
LF2d7,word_index,1,0.5214201183431952
LF2d7,word_length,0,0.486714105095974
LF2d7,word_length,1,0.47753988903169187
LF2d7,word_part_speech,0,0.48974657805990873
LF2d7,word_part_speech,1,0.505591648482444
LF2aIa11,delta_volume,0,0.5806662278089506
LF2aIa11,delta_volume,1,0.5821970053185376
LF2aIa11,face_num,0,0.5146129170454427
LF2aIa11,face_num,1,0.5206158636615362
LF2aIa11,frame_brightness,0,0.4911967231957201
LF2aIa11,frame_brightness,1,0.553498845386247
LF2aIa11,global_flow,0,0.5195970868206848
LF2aIa11,global_flow,1,0.506243273460602
LF2aIa11,gpt2_surprisal,0,0.5145763455691045
LF2aIa11,gpt2_surprisal,1,0.5071627848656782
LF2aIa11,local_flow,0,0.49689664900786806
LF2aIa11,local_flow,1,0.4710301662434825
LF2aIa11,onset,0,0.5565879792399129
LF2aIa11,onset,1,0.5455002054700699
LF2aIa11,pitch,0,0.519529168364628
LF2aIa11,pitch,1,0.5386926219658736
LF2aIa11,speech,0,0.5253557893620968
LF2aIa11,speech,1,0.54515940953542
LF2aIa11,volume,0,0.5122514445733154
LF2aIa11,volume,1,0.516472837842074
LF2aIa11,word_gap,0,0.4977393270150422
LF2aIa11,word_gap,1,0.5211575805002463
LF2aIa11,word_head_pos,0,0.4965466077343448
LF2aIa11,word_head_pos,1,0.5131291600054335
LF2aIa11,word_index,0,0.5177218934911242
LF2aIa11,word_index,1,0.5226923076923077
LF2aIa11,word_length,0,0.528583221006656
LF2aIa11,word_length,1,0.5121574036341598
LF2aIa11,word_part_speech,0,0.47230212259472326
LF2aIa11,word_part_speech,1,0.47712507439000196
LF1aCaOF7,delta_volume,0,0.5690782943063437
LF1aCaOF7,delta_volume,1,0.5871289301275822
LF1aCaOF7,face_num,0,0.49282154164446257
LF1aCaOF7,face_num,1,0.4780048692308496
LF1aCaOF7,frame_brightness,0,0.5292362830841248
LF1aCaOF7,frame_brightness,1,0.5270628924903086
LF1aCaOF7,global_flow,0,0.49295737855657606
LF1aCaOF7,global_flow,1,0.5120947096747228
LF1aCaOF7,gpt2_surprisal,0,0.5058096402411628
LF1aCaOF7,gpt2_surprisal,1,0.520934557955341
LF1aCaOF7,local_flow,0,0.5141923450675527
LF1aCaOF7,local_flow,1,0.47870495177789624
LF1aCaOF7,onset,0,0.5466340958555926
LF1aCaOF7,onset,1,0.5842351186399404
LF1aCaOF7,pitch,0,0.5085263784834331
LF1aCaOF7,pitch,1,0.518170799243493
LF1aCaOF7,speech,0,0.4851257519942755
LF1aCaOF7,speech,1,0.5422309384358519
LF1aCaOF7,volume,0,0.5208196190297065
LF1aCaOF7,volume,1,0.5320888582385087
LF1aCaOF7,word_gap,0,0.49229777120830076
LF1aCaOF7,word_gap,1,0.500659362953946
LF1aCaOF7,word_head_pos,0,0.47155784040207727
LF1aCaOF7,word_head_pos,1,0.5065097227882094
LF1aCaOF7,word_index,0,0.4801479289940828
LF1aCaOF7,word_index,1,0.531715976331361
LF1aCaOF7,word_length,0,0.4655548937859837
LF1aCaOF7,word_length,1,0.4920430916481197
LF1aCaOF7,word_part_speech,0,0.5670625867883357
LF1aCaOF7,word_part_speech,1,0.5516886530450308
LF1bIb3,delta_volume,0,0.5450665078419693
LF1bIb3,delta_volume,1,0.5605937117958684
LF1bIb3,face_num,0,0.5213525176849211
LF1bIb3,face_num,1,0.5114155251141552
LF1bIb3,frame_brightness,0,0.5006948580504269
LF1bIb3,frame_brightness,1,0.5142472022820601
LF1bIb3,global_flow,0,0.5303699988506108
LF1bIb3,global_flow,1,0.5199941485637858
LF1bIb3,gpt2_surprisal,0,0.4943314211675705
LF1bIb3,gpt2_surprisal,1,0.5017711043540954
LF1bIb3,local_flow,0,0.49300962352277355
LF1bIb3,local_flow,1,0.5072202543284954
LF1bIb3,onset,0,0.5680866931494757
LF1bIb3,onset,1,0.5521209077211087
LF1bIb3,pitch,0,0.5328725327314713
LF1bIb3,pitch,1,0.5191582291046257
LF1bIb3,speech,0,0.5128137174356664
LF1bIb3,speech,1,0.501689502557443
LF1bIb3,volume,0,0.5286459149660929
LF1bIb3,volume,1,0.5113005861885208
LF1bIb3,word_gap,0,0.5325189113990089
LF1bIb3,word_gap,1,0.4776106425528215
LF1bIb3,word_head_pos,0,0.4855229198666709
LF1bIb3,word_head_pos,1,0.4945978704951778
LF1bIb3,word_index,0,0.5321597633136095
LF1bIb3,word_index,1,0.5403994082840237
LF1bIb3,word_length,0,0.479190829963533
LF1bIb3,word_length,1,0.4928372151343218
LF1bIb3,word_part_speech,0,0.5465805395754811
LF1bIb3,word_part_speech,1,0.5490106129736163
LF1bIb15,delta_volume,0,0.570097071147195
LF1bIb15,delta_volume,1,0.5958590639791856
LF1bIb15,face_num,0,0.5352653521833171
LF1bIb15,face_num,1,0.5288548948308831
LF1bIb15,frame_brightness,0,0.4635225646009007
LF1bIb15,frame_brightness,1,0.5062641714470811
LF1bIb15,global_flow,0,0.4937149305664399
LF1bIb15,global_flow,1,0.4957890557244809
LF1bIb15,gpt2_surprisal,0,0.5098847476045683
LF1bIb15,gpt2_surprisal,1,0.5151196932175585
LF1bIb15,local_flow,0,0.484431000073143
LF1bIb15,local_flow,1,0.49737730269688507
LF1bIb15,onset,0,0.46965130968144536
LF1bIb15,onset,1,0.4416312801546352
LF1bIb15,pitch,0,0.47136453402714645
LF1bIb15,pitch,1,0.4936417876137634
LF1bIb15,speech,0,0.4763800916969231
LF1bIb15,speech,1,0.46644846685924785
LF1bIb15,volume,0,0.5005485721450738
LF1bIb15,volume,1,0.541827319937724
LF1bIb15,word_gap,0,0.47006782018954874
LF1bIb15,word_gap,1,0.4808929658290584
LF1bIb15,word_head_pos,0,0.49167215238811735
LF1bIb15,word_head_pos,1,0.4943575436506693
LF1bIb15,word_index,0,0.5121449704142012
LF1bIb15,word_index,1,0.5251479289940829
LF1bIb15,word_length,0,0.4799692799598759
LF1bIb15,word_length,1,0.4702621652403791
LF1bIb15,word_part_speech,0,0.527586292402301
LF1bIb15,word_part_speech,1,0.5363519143027178
LF1cCb11,delta_volume,0,0.5429453622143507
LF1cCb11,delta_volume,1,0.5896366885050626
LF1cCb11,face_num,0,0.5454217736121124
LF1cCb11,face_num,1,0.505699925812148
LF1cCb11,frame_brightness,0,0.48823443361232144
LF1cCb11,frame_brightness,1,0.5200725160130821
LF1cCb11,global_flow,0,0.49848489598027235
LF1cCb11,global_flow,1,0.5239543170015569
LF1cCb11,gpt2_surprisal,0,0.49123329467205834
LF1cCb11,gpt2_surprisal,1,0.4873305956971046
LF1cCb11,local_flow,0,0.486714105095974
LF1cCb11,local_flow,1,0.47309384240828395
LF1cCb11,onset,0,0.53973182350882
LF1cCb11,onset,1,0.5533803631493235
LF1cCb11,pitch,0,0.5135784667147321
LF1cCb11,pitch,1,0.5380500088816442
LF1cCb11,speech,0,0.5160204595446956
LF1cCb11,speech,1,0.5580128799724379
LF1cCb11,volume,0,0.5300199575770874
LF1cCb11,volume,1,0.5206472106412547
LF1cCb11,word_gap,0,0.5003115671101064
LF1cCb11,word_gap,1,0.5097165463872707
LF1cCb11,word_head_pos,0,0.5001201634222543
LF1cCb11,word_head_pos,1,0.5005537966416936
LF1cCb11,word_index,0,0.4910798816568047
LF1cCb11,word_index,1,0.5289201183431952
LF1cCb11,word_length,0,0.5099683395504844
LF1cCb11,word_length,1,0.5145345495961464
LF1cCb11,word_part_speech,0,0.5205068438801825
LF1cCb11,word_part_speech,1,0.4986981749652847
RF3aOFa12,delta_volume,0,0.5191686780978653
RF3aOFa12,delta_volume,1,0.5257619928319907
RF3aOFa12,face_num,0,0.513850140538959
RF3aOFa12,face_num,1,0.4921057856075567
RF3aOFa12,frame_brightness,0,0.48652079872104326
RF3aOFa12,frame_brightness,1,0.5006373885876096
RF3aOFa12,global_flow,0,0.47013677732150505
RF3aOFa12,global_flow,1,0.48402871383342216
RF3aOFa12,gpt2_surprisal,0,0.4985162429599908
RF3aOFa12,gpt2_surprisal,1,0.49804081376759346
RF3aOFa12,local_flow,0,0.4938298694920744
RF3aOFa12,local_flow,1,0.49534758576011195
RF3aOFa12,onset,0,0.5585209198971128
RF3aOFa12,onset,1,0.5554845288647399
RF3aOFa12,pitch,0,0.4931350114416476
RF3aOFa12,pitch,1,0.5032757593805837
RF3aOFa12,speech,0,0.5664405162589776
RF3aOFa12,speech,1,0.5513873797471709
RF3aOFa12,volume,0,0.5101720949186546
RF3aOFa12,volume,1,0.49072651849994253
RF3aOFa12,word_gap,0,0.49850013042344143
RF3aOFa12,word_gap,1,0.48616062371387997
RF3aOFa12,word_head_pos,0,0.4964943627681473
RF3aOFa12,word_head_pos,1,0.48963982320303445
RF3aOFa12,word_index,0,0.4817603550295858
RF3aOFa12,word_index,1,0.4728846153846154
RF3aOFa12,word_length,0,0.49957159127718037
RF3aOFa12,word_length,1,0.4764061732652059
RF3aOFa12,word_part_speech,0,0.46213548899027973
RF3aOFa12,word_part_speech,1,0.5108113469549693
RF3bOFb8,delta_volume,0,0.5550035004127352
RF3bOFb8,delta_volume,1,0.5361796390917736
RF3bOFb8,face_num,0,0.5267912186660815
RF3bOFb8,face_num,1,0.5026017993166358
RF3bOFb8,frame_brightness,0,0.5065044982915896
RF3bOFb8,frame_brightness,1,0.5083905415713196
RF3bOFb8,global_flow,0,0.501656165428461
RF3bOFb8,global_flow,1,0.5168437771020762
RF3bOFb8,gpt2_surprisal,0,0.5082233576794877
RF3bOFb8,gpt2_surprisal,1,0.5087249093549836
RF3bOFb8,local_flow,0,0.48963459870641457
RF3bOFb8,local_flow,1,0.4751627430697052
RF3bOFb8,onset,0,0.510326773511103
RF3bOFb8,onset,1,0.5245118183340182
RF3bOFb8,pitch,0,0.4991066110780227
RF3bOFb8,pitch,1,0.5232751324409892
RF3bOFb8,speech,0,0.5122174224153924
RF3bOFb8,speech,1,0.5336641666445816
RF3bOFb8,volume,0,0.5106005036414742
RF3bOFb8,volume,1,0.536273680030929
RF3bOFb8,word_gap,0,0.4993044083123207
RF3bOFb8,word_gap,1,0.49888415500101446
RF3bOFb8,word_head_pos,0,0.4603042746831343
RF3bOFb8,word_head_pos,1,0.5054178029946814
RF3bOFb8,word_index,0,0.47829881656804735
RF3bOFb8,word_index,1,0.48664201183431954
RF3bOFb8,word_length,0,0.47583670313365306
RF3bOFb8,word_length,1,0.483824958465252
RF3bOFb8,word_part_speech,0,0.5129190636778417
RF3bOFb8,word_part_speech,1,0.5372569926601864
RF2I4,delta_volume,0,0.5203807613136474
RF2I4,delta_volume,1,0.5522710886806056
RF2I4,face_num,0,0.5321933481709038
RF2I4,face_num,1,0.5160966740854518
RF2I4,frame_brightness,0,0.49113402923628313
RF2I4,frame_brightness,1,0.5081031942572333
RF2I4,global_flow,0,0.4913795805774114
RF2I4,global_flow,1,0.5095138083445659
RF2I4,gpt2_surprisal,0,0.48349059068158784
RF2I4,gpt2_surprisal,1,0.47283000532898656
RF2I4,local_flow,0,0.497800486923085
RF2I4,local_flow,1,0.4983960795377365
RF2I4,onset,0,0.5492823767560081
RF2I4,onset,1,0.5137588846780208
RF2I4,pitch,0,0.48416455074553566
RF2I4,pitch,1,0.5109662184048567
RF2I4,speech,0,0.539898762356558
RF2I4,speech,1,0.505061882172104
RF2I4,volume,0,0.5113162596783799
RF2I4,volume,1,0.5198635361482922
RF2I4,word_gap,0,0.47443700547778456
RF2I4,word_gap,1,0.4771758977480219
RF2I4,word_head_pos,0,0.5043311076977733
RF2I4,word_head_pos,1,0.500104489932395
RF2I4,word_index,0,0.5253550295857987
RF2I4,word_index,1,0.5020118343195266
RF2I4,word_length,0,0.5110811573304912
RF2I4,word_length,1,0.5208614150026645
RF2I4,word_part_speech,0,0.5642233683792898
RF2I4,word_part_speech,1,0.4898581630628843
RF1aCaOF3,delta_volume,0,0.5258926052474844
RF1aCaOF3,delta_volume,1,0.514900264359529
RF1aCaOF3,face_num,0,0.5097489106924548
RF1aCaOF3,face_num,1,0.5022308600566335
RF1aCaOF3,frame_brightness,0,0.49803558927097374
RF1aCaOF3,frame_brightness,1,0.4723833108679979
RF1aCaOF3,global_flow,0,0.4726027397260274
RF1aCaOF3,global_flow,1,0.48918529199711613
RF1aCaOF3,gpt2_surprisal,0,0.5174080227370094
RF1aCaOF3,gpt2_surprisal,1,0.5241632968663469
RF1aCaOF3,local_flow,0,0.49186023426642844
RF1aCaOF3,local_flow,1,0.4693113068555845
RF1aCaOF3,onset,0,0.5156461653196962
RF1aCaOF3,onset,1,0.5521361277262834
RF1aCaOF3,pitch,0,0.4947807278768691
RF1aCaOF3,pitch,1,0.5393874800163003
RF1aCaOF3,speech,0,0.45864362759388333
RF1aCaOF3,speech,1,0.5276217104391382
RF1aCaOF3,volume,0,0.5098742986113287
RF1aCaOF3,volume,1,0.5099108700876671
RF1aCaOF3,word_gap,0,0.5209474538445933
RF1aCaOF3,word_gap,1,0.521592325305046
RF1aCaOF3,word_head_pos,0,0.4976437520244924
RF1aCaOF3,word_head_pos,1,0.49434187016081
RF1aCaOF3,word_index,0,0.4692603550295858
RF1aCaOF3,word_index,1,0.4621153846153846
RF1aCaOF3,word_length,0,0.46721628371106444
RF1aCaOF3,word_length,1,0.5265822388012915
RF1aCaOF3,word_part_speech,0,0.5271523507240627
RF1aCaOF3,word_part_speech,1,0.5238791906367783
RF1aCaOF15,delta_volume,0,0.5345652696362706
RF1aCaOF15,delta_volume,1,0.5579135450299364
RF1aCaOF15,face_num,0,0.5283167716790488
RF1aCaOF15,face_num,1,0.5035683311912897
RF1aCaOF15,frame_brightness,0,0.5309551424720229
RF1aCaOF15,frame_brightness,1,0.5201770059454771
RF1aCaOF15,global_flow,0,0.46795293773444924
RF1aCaOF15,global_flow,1,0.47358494509054055
RF1aCaOF15,gpt2_surprisal,0,0.5018546963000114
RF1aCaOF15,gpt2_surprisal,1,0.5060290690991923
RF1aCaOF15,local_flow,0,0.4706540024868604
RF1aCaOF15,local_flow,1,0.4627597880944171
RF1aCaOF15,onset,0,0.57524770558422
RF1aCaOF15,onset,1,0.5911373909867129
RF1aCaOF15,pitch,0,0.5283376696655278
RF1aCaOF15,pitch,1,0.5053289865521458
RF1aCaOF15,speech,0,0.5218045212413537
RF1aCaOF15,speech,1,0.5431651339676146
RF1aCaOF15,volume,0,0.4914109275571299
RF1aCaOF15,volume,1,0.4858677366435744
RF1aCaOF15,word_gap,0,0.50004347448048
RF1aCaOF15,word_gap,1,0.5105570530098833
RF1aCaOF15,word_head_pos,0,0.4850788376539921
RF1aCaOF15,word_head_pos,1,0.49018317085148844
RF1aCaOF15,word_index,0,0.5160207100591716
RF1aCaOF15,word_index,1,0.5507248520710059
RF1aCaOF15,word_length,0,0.5226638663364785
RF1aCaOF15,word_length,1,0.4923043164791072
RF1aCaOF15,word_part_speech,0,0.5118156119817496
RF1aCaOF15,word_part_speech,1,0.5292476691132711
