electrode,task,fold,test_auroc
F2Ia1,delta_volume,0,0.5624954285654578
F2Ia1,delta_volume,1,0.5271046884632665
F2Ia1,face_num,0,0.5275748931590442
F2Ia1,face_num,1,0.5109348714251382
F2Ia1,frame_brightness,0,0.5043729036707314
F2Ia1,frame_brightness,1,0.5162377354941852
F2Ia1,global_flow,0,0.48606626751512494
F2Ia1,global_flow,1,0.5164467153589751
F2Ia1,gpt2_surprisal,0,0.5104855647158397
F2Ia1,gpt2_surprisal,1,0.49781093591632447
F2Ia1,local_flow,0,0.4609312142775044
F2Ia1,local_flow,1,0.49544946344419716
F2Ia1,onset,0,0.5458947635993898
F2Ia1,onset,1,0.5581342145399085
F2Ia1,pitch,0,0.504989394271862
F2Ia1,pitch,1,0.5189022287702579
F2Ia1,speech,0,0.5337450236669696
F2Ia1,speech,1,0.5149943052986845
F2Ia1,volume,0,0.4883023520683783
F2Ia1,volume,1,0.5201561079589981
F2Ia1,word_gap,0,0.5039520898501876
F2Ia1,word_gap,1,0.521010441477354
F2Ia1,word_head_pos,0,0.48346446819848904
F2Ia1,word_head_pos,1,0.5211905582897087
F2Ia1,word_index,0,0.512485759854181
F2Ia1,word_index,1,0.49856459330143543
F2Ia1,word_length,0,0.4898697010543035
F2Ia1,word_length,1,0.48703279938977884
F2Ia1,word_part_speech,0,0.47648958107228134
F2Ia1,word_part_speech,1,0.5635446060342957
F2Ia13,delta_volume,0,0.5074292341932854
F2Ia13,delta_volume,1,0.519027616689132
F2Ia13,face_num,0,0.4891382715275384
F2Ia13,face_num,1,0.5032496368974849
F2Ia13,frame_brightness,0,0.515631693886294
F2Ia13,frame_brightness,1,0.5256679518928351
F2Ia13,global_flow,0,0.5053342110487654
F2Ia13,global_flow,1,0.4916669278914977
F2Ia13,gpt2_surprisal,0,0.531519388106956
F2Ia13,gpt2_surprisal,1,0.5285048535573598
F2Ia13,local_flow,0,0.495663667805607
F2Ia13,local_flow,1,0.48790529032527713
F2Ia13,onset,0,0.5044102694458567
F2Ia13,onset,1,0.5278152008134214
F2Ia13,pitch,0,0.4963271788763152
F2Ia13,pitch,1,0.5199941485637859
F2Ia13,speech,0,0.48305695746214855
F2Ia13,speech,1,0.5066873556732809
F2Ia13,volume,0,0.5111751982696466
F2Ia13,volume,1,0.4879836577745734
F2Ia13,word_gap,0,0.523311422192648
F2Ia13,word_gap,1,0.5135353635860475
F2Ia13,word_head_pos,0,0.47606658098492205
F2Ia13,word_head_pos,1,0.48870986280471873
F2Ia13,word_index,0,0.5279106858054226
F2Ia13,word_index,1,0.5076555023923445
F2Ia13,word_length,0,0.4990334681253461
F2Ia13,word_length,1,0.528269751209471
F2Ia13,word_part_speech,0,0.5038935315823746
F2Ia13,word_part_speech,1,0.5056300195354895
F3b4,delta_volume,0,0.5255530129672006
F3b4,delta_volume,1,0.5126432818197966
F3b4,face_num,0,0.49042349769599697
F3b4,face_num,1,0.49082578393571774
F3b4,frame_brightness,0,0.49494791176870107
F3b4,frame_brightness,1,0.5008515929490194
F3b4,global_flow,0,0.5006948580504268
F3b4,global_flow,1,0.5094511143851289
F3b4,gpt2_surprisal,0,0.5027898811949468
F3b4,gpt2_surprisal,1,0.5006791845605676
F3b4,local_flow,0,0.5231967649916931
F3b4,local_flow,1,0.5031555959583295
F3b4,onset,0,0.5702783426537875
F3b4,onset,1,0.5109684799186579
F3b4,pitch,0,0.5087902155627305
F3b4,pitch,1,0.5150152032851635
F3b4,speech,0,0.5254850945111439
F3b4,speech,1,0.5326740018599208
F3b4,volume,0,0.5236930921705694
F3b4,volume,1,0.5160548781124938
F3b4,word_gap,0,0.5067878931101175
F3b4,word_gap,1,0.5060416290943465
F3b4,word_head_pos,0,0.5030302080394553
F3b4,word_head_pos,1,0.48712684032893433
F3b4,word_index,0,0.5298701298701298
F3b4,word_index,1,0.5234677603098656
F3b4,word_length,0,0.4642957901006238
F3b4,word_length,1,0.4783287880212742
F3b4,word_part_speech,0,0.48313707401779904
F3b4,word_part_speech,1,0.516957890167137
F3d2,delta_volume,0,0.6407218164529848
F3d2,delta_volume,1,0.5637179607744794
F3d2,face_num,0,0.5181342277671546
F3d2,face_num,1,0.5134269563127593
F3d2,frame_brightness,0,0.45530965591465267
F3d2,frame_brightness,1,0.46270231863159983
F3d2,global_flow,0,0.49164602990501866
F3d2,global_flow,1,0.5063582123862366
F3d2,gpt2_surprisal,0,0.5248424814269145
F3d2,gpt2_surprisal,1,0.5218331713739381
F3d2,local_flow,0,0.5116871989383822
F3d2,local_flow,1,0.48914872052077785
F3d2,onset,0,0.584799186578546
F3d2,onset,1,0.540366039654296
F3d2,pitch,0,0.49553827988673294
F3d2,pitch,1,0.48005287190579193
F3d2,speech,0,0.525882156254245
F3d2,speech,1,0.509869074114709
F3d2,volume,0,0.5138187935592406
F3d2,volume,1,0.5194508009153318
F3d2,word_gap,0,0.5193251285750711
F3d2,word_gap,1,0.4982867021971256
F3d2,word_head_pos,0,0.5450665078419693
F3d2,word_head_pos,1,0.4937253795596794
F3d2,word_index,0,0.5550239234449761
F3d2,word_index,1,0.5125085440874915
F3d2,word_length,0,0.513076915039236
F3d2,word_length,1,0.5081397657335716
F3d2,word_part_speech,0,0.47463099630996314
F3d2,word_part_speech,1,0.5234154547427827
T1aIc6,delta_volume,0,0.5231445200254956
T1aIc6,delta_volume,1,0.513453078795858
T1aIc6,face_num,0,0.5210233743978767
T1aIc6,face_num,1,0.4925498678202356
T1aIc6,frame_brightness,0,0.48046560713875214
T1aIc6,frame_brightness,1,0.4606072954870798
T1aIc6,global_flow,0,0.5390322142461574
T1aIc6,global_flow,1,0.5179304723989844
T1aIc6,gpt2_surprisal,0,0.5196336582970231
T1aIc6,gpt2_surprisal,1,0.5314357961610399
T1aIc6,local_flow,0,0.4691493474603722
T1aIc6,local_flow,1,0.49409631881968175
T1aIc6,onset,0,0.5231316725978647
T1aIc6,onset,1,0.49858922216573465
T1aIc6,pitch,0,0.49756016007857645
T1aIc6,pitch,1,0.5118073623606365
T1aIc6,speech,0,0.5012016342225427
T1aIc6,speech,1,0.4755598048128063
T1aIc6,volume,0,0.5216085180192889
T1aIc6,volume,1,0.5237610106266262
T1aIc6,word_gap,0,0.4914832619200129
T1aIc6,word_gap,1,0.5108985640636563
T1aIc6,word_head_pos,0,0.4868865134844258
T1aIc6,word_head_pos,1,0.5058514362141208
T1aIc6,word_index,0,0.5547049441786284
T1aIc6,word_index,1,0.5218045112781955
T1aIc6,word_length,0,0.49960293825689894
T1aIc6,word_length,1,0.5202945571194216
T1aIc6,word_part_speech,0,0.4569133926633384
T1aIc6,word_part_speech,1,0.5138512046885175
T1b3,delta_volume,0,0.7795105691566617
T1b3,delta_volume,1,0.7951370385463361
T1b3,face_num,0,0.507627765064836
T1b3,face_num,1,0.5199732505773069
T1b3,frame_brightness,0,0.5141165898665664
T1b3,frame_brightness,1,0.5057260482952468
T1b3,global_flow,0,0.4837988359821531
T1b3,global_flow,1,0.48911214904443956
T1b3,gpt2_surprisal,0,0.5743236889125733
T1b3,gpt2_surprisal,1,0.6241758356582343
T1b3,local_flow,0,0.4982367323908342
T1b3,local_flow,1,0.49537109599490087
T1b3,onset,0,0.8441281138790035
T1b3,onset,1,0.8601677681748856
T1b3,pitch,0,0.552009863849618
T1b3,pitch,1,0.5483004712495951
T1b3,speech,0,0.6509461563378369
T1b3,speech,1,0.6497131751355757
T1b3,volume,0,0.5330606146097823
T1b3,volume,1,0.5115513620262687
T1b3,word_gap,0,0.6148282659933707
T1b3,word_gap,1,0.6059539430724933
T1b3,word_head_pos,0,0.5849659885270055
T1b3,word_head_pos,1,0.5927452639938141
T1b3,word_index,0,0.7919571656413762
T1b3,word_index,1,0.8191615402141718
T1b3,word_length,0,0.5028943711273419
T1b3,word_length,1,0.5069747029873671
T1b3,word_part_speech,0,0.4987654655958324
T1b3,word_part_speech,1,0.5422997612329064
T1cIe11,delta_volume,0,0.7522543702914224
T1cIe11,delta_volume,1,0.7396424354513442
T1cIe11,face_num,0,0.4932865218436204
T1cIe11,face_num,1,0.5389642957901006
T1cIe11,frame_brightness,0,0.5178677784395475
T1cIe11,frame_brightness,1,0.513244098931068
T1cIe11,global_flow,0,0.48974953763204915
T1cIe11,global_flow,1,0.4978318339028035
T1cIe11,gpt2_surprisal,0,0.5345391471531717
T1cIe11,gpt2_surprisal,1,0.5674221288778827
T1cIe11,local_flow,0,0.478960952112264
T1cIe11,local_flow,1,0.48494822523849823
T1cIe11,onset,0,0.8340747330960854
T1cIe11,onset,1,0.8288637519064566
T1cIe11,pitch,0,0.5207673740635089
T1cIe11,pitch,1,0.5278726894663699
T1cIe11,speech,0,0.6634588257421398
T1cIe11,speech,1,0.6449223117352643
T1cIe11,volume,0,0.4906168040709278
T1cIe11,volume,1,0.4793945853317033
T1cIe11,word_gap,0,0.5846667620226242
T1cIe11,word_gap,1,0.570661873993321
T1cIe11,word_head_pos,0,0.5722338902646731
T1cIe11,word_head_pos,1,0.604401115952478
T1cIe11,word_index,0,0.7344269765322397
T1cIe11,word_index,1,0.7657780815675552
T1cIe11,word_length,0,0.5233273774071868
T1cIe11,word_length,1,0.5451135283115472
T1cIe11,word_part_speech,0,0.5644264163229868
T1cIe11,word_part_speech,1,0.5439005860646842
P2b12,delta_volume,0,0.48093058733791005
P2b12,delta_volume,1,0.4851310826201896
P2b12,face_num,0,0.5017293083811375
P2b12,face_num,1,0.4995768157738002
P2b12,frame_brightness,0,0.520035944536744
P2b12,frame_brightness,1,0.49093027386811283
P2b12,global_flow,0,0.4986102838991463
P2b12,global_flow,1,0.4751313960899867
P2b12,gpt2_surprisal,0,0.4774406235959165
P2b12,gpt2_surprisal,1,0.4956793412954662
P2b12,local_flow,0,0.497925874841959
P2b12,local_flow,1,0.5298318756987764
P2b12,onset,0,0.5101931875953227
P2b12,onset,1,0.5368327402135231
P2b12,pitch,0,0.46684011995444236
P2b12,pitch,1,0.4693531028285425
P2b12,speech,0,0.4957315862616637
P2b12,speech,1,0.4983438345715391
P2b12,volume,0,0.5072777237913126
P2b12,volume,1,0.48345401920524955
P2b12,word_gap,0,0.5085913644815642
P2b12,word_gap,1,0.5199843284556688
P2b12,word_head_pos,0,0.5047438429307336
P2b12,word_head_pos,1,0.4961913419642018
P2b12,word_index,0,0.5273638642059695
P2b12,word_index,1,0.5176577808156755
P2b12,word_length,0,0.5033750248163589
P2b12,word_length,1,0.5179409213922238
P2b12,word_part_speech,0,0.5247856522682874
P2b12,word_part_speech,1,0.5091708270023876
O1aIb15,delta_volume,0,0.5789525929176724
O1aIb15,delta_volume,1,0.525187298203818
O1aIb15,face_num,0,0.5220421512387281
O1aIb15,face_num,1,0.4924244799013615
O1aIb15,frame_brightness,0,0.47413351723561437
O1aIb15,frame_brightness,1,0.5028525751543839
O1aIb15,global_flow,0,0.4977482419568875
O1aIb15,global_flow,1,0.50901225666907
O1aIb15,gpt2_surprisal,0,0.5223086005663354
O1aIb15,gpt2_surprisal,1,0.5344346572207767
O1aIb15,local_flow,0,0.5131500579919125
O1aIb15,local_flow,1,0.4958674231737772
O1aIb15,onset,0,0.5177935943060498
O1aIb15,onset,1,0.5311006609049314
O1aIb15,pitch,0,0.5038922499817142
O1aIb15,pitch,1,0.5032600858907244
O1aIb15,speech,0,0.5262530955142473
O1aIb15,speech,1,0.4980199157811145
O1aIb15,volume,0,0.49317158291798585
O1aIb15,volume,1,0.5009142869084564
O1aIb15,word_gap,0,0.5121174619560824
O1aIb15,word_gap,1,0.5189644343007818
O1aIb15,word_head_pos,0,0.5311171018672352
O1aIb15,word_head_pos,1,0.49731460873744815
O1aIb15,word_index,0,0.5079744816586922
O1aIb15,word_index,1,0.5072453861927546
O1aIb15,word_length,0,0.49529795304222435
O1aIb15,word_length,1,0.5104176462597828
O1aIb15,word_part_speech,0,0.5269155632732798
O1aIb15,word_part_speech,1,0.5702327979162145
O1bId13,delta_volume,0,0.5635507768826473
O1bId13,delta_volume,1,0.5512000668735568
O1bId13,face_num,0,0.4903973752128982
O1bId13,face_num,1,0.5000156734898593
O1bId13,frame_brightness,0,0.4919856221853025
O1bId13,frame_brightness,1,0.5049110268225656
O1bId13,global_flow,0,0.4949113402923628
O1bId13,global_flow,1,0.4839555708807456
O1bId13,gpt2_surprisal,0,0.5368013541895238
O1bId13,gpt2_surprisal,1,0.5566596658411962
O1bId13,local_flow,0,0.5279249344325674
O1bId13,local_flow,1,0.5129463026237422
O1bId13,onset,0,0.5278978139298424
O1bId13,onset,1,0.5814692425012711
O1bId13,pitch,0,0.4752829064919595
O1bId13,pitch,1,0.4856274097990658
O1bId13,speech,0,0.5074710301662435
O1bId13,speech,1,0.5205949656750571
O1bId13,volume,0,0.5258403602812869
O1bId13,volume,1,0.5234318673395818
O1bId13,word_gap,0,0.4474972170571079
O1bId13,word_gap,1,0.4778950379661818
O1bId13,word_head_pos,0,0.47596209105252707
O1bId13,word_head_pos,1,0.47967670814916985
O1bId13,word_index,0,0.550580997949419
O1bId13,word_index,1,0.5305308726361357
O1bId13,word_length,0,0.5753006697804667
O1bId13,word_length,1,0.5437917306667502
O1bId13,word_part_speech,0,0.491358259170827
O1bId13,word_part_speech,1,0.5169714564792707
F2Ia2,delta_volume,0,0.6108585937744898
F2Ia2,delta_volume,1,0.580384104991484
F2Ia2,face_num,0,0.4763591527956281
F2Ia2,face_num,1,0.5014785325433895
F2Ia2,frame_brightness,0,0.5131657314817717
F2Ia2,frame_brightness,1,0.5123559345057104
F2Ia2,global_flow,0,0.5124760979279646
F2Ia2,global_flow,1,0.5445806296563326
F2Ia2,gpt2_surprisal,0,0.49326562385714134
F2Ia2,gpt2_surprisal,1,0.4823568749151019
F2Ia2,local_flow,0,0.4746611913942092
F2Ia2,local_flow,1,0.5127529962488114
F2Ia2,onset,0,0.5998474834773767
F2Ia2,onset,1,0.597280122013218
F2Ia2,pitch,0,0.492831990637702
F2Ia2,pitch,1,0.5192261475606825
F2Ia2,speech,0,0.5269584025579135
F2Ia2,speech,1,0.4975444865887172
F2Ia2,volume,0,0.4679424887412098
F2Ia2,volume,1,0.4914579480267076
F2Ia2,word_gap,0,0.5511159756469176
F2Ia2,word_gap,1,0.530127300203357
F2Ia2,word_head_pos,0,0.5224966824446464
F2Ia2,word_head_pos,1,0.5415086256439191
F2Ia2,word_index,0,0.5604237867395762
F2Ia2,word_index,1,0.5838459785828207
F2Ia2,word_length,0,0.484660877924412
F2Ia2,word_length,1,0.47803621621056813
F2Ia2,word_part_speech,0,0.4583649880616453
F2Ia2,word_part_speech,1,0.5615096592142392
F2Ia14,delta_volume,0,0.5021733905938163
F2Ia14,delta_volume,1,0.5218122733874592
F2Ia14,face_num,0,0.5067500496327179
F2Ia14,face_num,1,0.5009090624118365
F2Ia14,frame_brightness,0,0.4989289781929511
F2Ia14,frame_brightness,1,0.48441010208666396
F2Ia14,global_flow,0,0.5213838646646396
F2Ia14,global_flow,1,0.49217892856023326
F2Ia14,gpt2_surprisal,0,0.5181812482367324
F2Ia14,gpt2_surprisal,1,0.5113371576648591
F2Ia14,local_flow,0,0.4653093424448554
F2Ia14,local_flow,1,0.4556805951746549
F2Ia14,onset,0,0.4839730554143365
F2Ia14,onset,1,0.5089476359938994
F2Ia14,pitch,0,0.5009978788543723
F2Ia14,pitch,1,0.5180401868279991
F2Ia14,speech,0,0.48552291986667084
F2Ia14,speech,1,0.4947859523734888
F2Ia14,volume,0,0.493986604390667
F2Ia14,volume,1,0.48181875176326766
F2Ia14,word_gap,0,0.5067319233089347
F2Ia14,word_gap,1,0.49125316384848355
F2Ia14,word_head_pos,0,0.4627441146045579
F2Ia14,word_head_pos,1,0.4595519471698902
F2Ia14,word_index,0,0.5411027568922305
F2Ia14,word_index,1,0.5128730918204603
F2Ia14,word_length,0,0.501927839252688
F2Ia14,word_length,1,0.5031503714617097
F2Ia14,word_part_speech,0,0.48620306056001744
F2Ia14,word_part_speech,1,0.48201107011070116
F3b7,delta_volume,0,0.5359654347303637
F3b7,delta_volume,1,0.5193985559491343
F3b7,face_num,0,0.4993417134259114
F3b7,face_num,1,0.4972310167915321
F3b7,frame_brightness,0,0.5099683395504844
F3b7,frame_brightness,1,0.48675590106893196
F3b7,global_flow,0,0.47230494341870166
F3b7,global_flow,1,0.47432159911392535
F3b7,gpt2_surprisal,0,0.5325329404511876
F3b7,gpt2_surprisal,1,0.507188907348777
F3b7,local_flow,0,0.5425012800016719
F3b7,local_flow,1,0.5059872731262343
F3b7,onset,0,0.5601042196237926
F3b7,onset,1,0.5047661413319776
F3b7,pitch,0,0.492497622854038
F3b7,pitch,1,0.49252896983375655
F3b7,speech,0,0.5154958569741805
F3b7,speech,1,0.5161593680448888
F3b7,volume,0,0.526132932091993
F3b7,volume,1,0.5251664002173391
F3b7,word_gap,0,0.49193723919627363
F3b7,word_gap,1,0.4791512490593964
F3b7,word_head_pos,0,0.5025129828741001
F3b7,word_head_pos,1,0.5131918539648705
F3b7,word_index,0,0.551742993848257
F3b7,word_index,1,0.5310549100022783
F3b7,word_length,0,0.5239072965319791
F3b7,word_length,1,0.49732505773068764
F3b7,word_part_speech,0,0.5069052528760581
F3b7,word_part_speech,1,0.5048160408074669
F3d3,delta_volume,0,0.5664555970032288
F3d3,delta_volume,1,0.5485512470873432
F3d3,face_num,0,0.4792900953993082
F3d3,face_num,1,0.5001671838918321
F3d3,frame_brightness,0,0.48315361064961393
F3d3,frame_brightness,1,0.4384658788125765
F3d3,global_flow,0,0.47809891017000505
F3d3,global_flow,1,0.5123559345057104
F3d3,gpt2_surprisal,0,0.5225802743905624
F3d3,gpt2_surprisal,1,0.4960555050520883
F3d3,local_flow,0,0.4716727793277118
F3d3,local_flow,1,0.48367344806327905
F3d3,onset,0,0.5992119979664464
F3d3,onset,1,0.6001652262328419
F3d3,pitch,0,0.5015725734825449
F3d3,pitch,1,0.49378807351911647
F3d3,speech,0,0.5317544904548447
F3d3,speech,1,0.5201613324556178
F3d3,volume,0,0.505992497622854
F3d3,volume,1,0.5211853337930891
F3d3,word_gap,0,0.49993470189862
F3d3,word_gap,1,0.49632775915572663
F3d3,word_head_pos,0,0.49645256679518923
F3d3,word_head_pos,1,0.5066089882239846
F3d3,word_index,0,0.5168831168831168
F3d3,word_index,1,0.4494873547505126
F3d3,word_length,0,0.4803297702266387
F3d3,word_length,1,0.523092275059298
F3d3,word_part_speech,0,0.5033237464727589
F3d3,word_part_speech,1,0.5157911873236379
P2a1,delta_volume,0,0.5092160120372402
P2a1,delta_volume,1,0.5056215583628517
P2a1,face_num,0,0.4710719622164405
P2a1,face_num,1,0.4806484645204434
P2a1,frame_brightness,0,0.48799410676781296
P2a1,frame_brightness,1,0.508448011034137
P2a1,global_flow,0,0.4949270137822221
P2a1,global_flow,1,0.508531602980053
P2a1,gpt2_surprisal,0,0.5300513045568058
P2a1,gpt2_surprisal,1,0.5267076267201656
P2a1,local_flow,0,0.5032496368974849
P2a1,local_flow,1,0.5235206837821176
P2a1,onset,0,0.5642857142857144
P2a1,onset,1,0.5894763599389935
P2a1,pitch,0,0.5222406821102787
P2a1,pitch,1,0.5402233994754606
P2a1,speech,0,0.5020480026749423
P2a1,speech,1,0.4926961537255885
P2a1,volume,0,0.48937337387542706
P2a1,volume,1,0.48982790508134544
P2a1,word_gap,0,0.5039520898501875
P2a1,word_gap,1,0.49234768440494764
P2a1,word_head_pos,0,0.476824132994786
P2a1,word_head_pos,1,0.5078419694262457
P2a1,word_index,0,0.5339257233994076
P2a1,word_index,1,0.5713146502620188
P2a1,word_length,0,0.49861550839576607
P2a1,word_length,1,0.5244192972007147
P2a1,word_part_speech,0,0.5160353809420447
P2a1,word_part_speech,1,0.5080855220316909
T1b4,delta_volume,0,0.5461636521321172
T1b4,delta_volume,1,0.5735504634128501
T1b4,face_num,0,0.48572667523484114
T1b4,face_num,1,0.4910399882971276
T1b4,frame_brightness,0,0.5070896419130017
T1b4,frame_brightness,1,0.4879000658286574
T1b4,global_flow,0,0.5291735891246878
T1b4,global_flow,1,0.5123141385327524
T1b4,gpt2_surprisal,0,0.5103236053206274
T1b4,gpt2_surprisal,1,0.5030249835428356
T1b4,local_flow,0,0.48920096548697534
T1b4,local_flow,1,0.5047333939374942
T1b4,onset,0,0.5363879003558718
T1b4,onset,1,0.5483350279613625
T1b4,pitch,0,0.5086099704293492
T1b4,pitch,1,0.5246126035756455
T1b4,speech,0,0.5461584276354973
T1b4,speech,1,0.5370260075441732
T1b4,volume,0,0.5460382642132431
T1b4,volume,1,0.5445388336833746
T1b4,word_gap,0,0.547285153699293
T1b4,word_gap,1,0.5412528529051436
T1b4,word_head_pos,0,0.534492126683594
T1b4,word_head_pos,1,0.540045766590389
T1b4,word_index,0,0.5705172020961494
T1b4,word_index,1,0.5792663476874003
T1b4,word_length,0,0.4991484070509806
T1b4,word_length,1,0.5078367449296259
T1b4,word_part_speech,0,0.5193726937269372
T1b4,word_part_speech,1,0.5482282396353375
T1cIe12,delta_volume,0,0.5995789055724481
T1cIe12,delta_volume,1,0.6104928790111073
T1cIe12,face_num,0,0.5149054888561487
T1cIe12,face_num,1,0.5015882469724042
T1cIe12,frame_brightness,0,0.5165616542846097
T1cIe12,frame_brightness,1,0.5132754459107864
T1cIe12,global_flow,0,0.5130925885290952
T1cIe12,global_flow,1,0.49666677115659913
T1cIe12,gpt2_surprisal,0,0.49436276814728897
T1cIe12,gpt2_surprisal,1,0.5255895844435389
T1cIe12,local_flow,0,0.5036571476338255
T1cIe12,local_flow,1,0.5082390311693468
T1cIe12,onset,0,0.6438739196746315
T1cIe12,onset,1,0.6335155058464668
T1cIe12,pitch,0,0.510626626124573
T1cIe12,pitch,1,0.4827173651818647
T1cIe12,speech,0,0.5749088325339853
T1cIe12,speech,1,0.5805460643866964
T1cIe12,volume,0,0.5255582374638204
T1cIe12,volume,1,0.492267745002769
T1cIe12,word_gap,0,0.5837774640704971
T1cIe12,word_gap,1,0.5557801257454866
T1cIe12,word_head_pos,0,0.530866326029487
T1cIe12,word_head_pos,1,0.5534883963930075
T1cIe12,word_index,0,0.6159261790840738
T1cIe12,word_index,1,0.6591934381408067
T1cIe12,word_length,0,0.49419558425545695
T1cIe12,word_length,1,0.5327157978328788
T1cIe12,word_part_speech,0,0.5378771434773171
T1cIe12,word_part_speech,1,0.5338886477100064
P2b13,delta_volume,0,0.4931663584213661
P2b13,delta_volume,1,0.5019905332121251
P2b13,face_num,0,0.5090227056623094
P2b13,face_num,1,0.5226220703635205
P2b13,frame_brightness,0,0.49889240671661284
P2b13,frame_brightness,1,0.5049946187684816
P2b13,global_flow,0,0.48539753194779683
P2b13,global_flow,1,0.4818500987429861
P2b13,gpt2_surprisal,0,0.4730050259657482
P2b13,gpt2_surprisal,1,0.4964734647816683
P2b13,local_flow,0,0.4930461949991118
P2b13,local_flow,1,0.533718901183871
P2b13,onset,0,0.5399720386375191
P2b13,onset,1,0.5174758515505846
P2b13,pitch,0,0.4794886262708588
P2b13,pitch,1,0.4849221027553996
P2b13,speech,0,0.4917766423205124
P2b13,speech,1,0.4765524591705589
P2b13,volume,0,0.5106057281380939
P2b13,volume,1,0.5355109035244454
P2b13,word_gap,0,0.5110602546004067
P2b13,word_gap,1,0.4914646053196186
P2b13,word_head_pos,0,0.5078106224465273
P2b13,word_head_pos,1,0.49533974901518235
P2b13,word_index,0,0.5685577580314423
P2b13,word_index,1,0.5311688311688312
P2b13,word_length,0,0.5205740676885782
P2b13,word_length,1,0.5055431909135555
P2b13,word_part_speech,0,0.5098355762969394
P2b13,word_part_speech,1,0.493366073366616
O1aIb16,delta_volume,0,0.5597264453569899
O1aIb16,delta_volume,1,0.5488960638642467
O1aIb16,face_num,0,0.48132764908101106
O1aIb16,face_num,1,0.4951986876064491
O1aIb16,frame_brightness,0,0.5060865385620095
O1aIb16,frame_brightness,1,0.492016969165021
O1aIb16,global_flow,0,0.5074658056696237
O1aIb16,global_flow,1,0.49645779129180906
O1aIb16,gpt2_surprisal,0,0.5039444949479118
O1aIb16,gpt2_surprisal,1,0.5191059841384282
O1aIb16,local_flow,0,0.5107938100164049
O1aIb16,local_flow,1,0.5069172335245499
O1aIb16,onset,0,0.48507880020335536
O1aIb16,onset,1,0.5185561769191662
O1aIb16,pitch,0,0.48395557088074564
O1aIb16,pitch,1,0.4776391544674671
O1aIb16,speech,0,0.5111125043102097
O1aIb16,speech,1,0.4882030866326029
O1aIb16,volume,0,0.4908675799086758
O1aIb16,volume,1,0.5000679184560568
O1aIb16,word_gap,0,0.5393063475973408
O1aIb16,word_gap,1,0.5343623484928577
O1aIb16,word_head_pos,0,0.4957420352549032
O1aIb16,word_head_pos,1,0.5108147080028839
O1aIb16,word_index,0,0.5091364775575302
O1aIb16,word_index,1,0.6022556390977444
O1aIb16,word_length,0,0.5056137216179222
O1aIb16,word_length,1,0.5027480852219889
O1aIb16,word_part_speech,0,0.5210684827436509
O1aIb16,word_part_speech,1,0.525640329932711
O1bId14,delta_volume,0,0.535981108220223
O1bId14,delta_volume,1,0.525020114311986
O1bId14,face_num,0,0.509889972101188
O1bId14,face_num,1,0.5342152283627473
O1bId14,frame_brightness,0,0.49152064198614465
O1bId14,frame_brightness,1,0.48537663396131786
O1bId14,global_flow,0,0.48257630377313143
O1bId14,global_flow,1,0.4981244057135096
O1bId14,gpt2_surprisal,0,0.49424782922165456
O1bId14,gpt2_surprisal,1,0.5089077667366748
O1bId14,local_flow,0,0.4892009654869753
O1bId14,local_flow,1,0.4923461124520652
O1bId14,onset,0,0.5137646161667514
O1bId14,onset,1,0.5103457041179461
O1bId14,pitch,0,0.4788198907035307
O1bId14,pitch,1,0.5042945362214352
O1bId14,speech,0,0.5261904015548102
O1bId14,speech,1,0.5518479044544058
O1bId14,volume,0,0.520704680104072
O1bId14,volume,1,0.5027271872355099
O1bId14,word_gap,0,0.4790890603914154
O1bId14,word_gap,1,0.4853825535910846
O1bId14,word_head_pos,0,0.5096966657262573
O1bId14,word_head_pos,1,0.48785826985569936
O1bId14,word_index,0,0.5791979949874687
O1bId14,word_index,1,0.5418090681248576
O1bId14,word_length,0,0.5379977639154467
O1bId14,word_length,1,0.5184267995778606
O1bId14,word_part_speech,0,0.5083704145864988
O1bId14,word_part_speech,1,0.5083297156500977
F2Ia3,delta_volume,0,0.5750185469630001
F2Ia3,delta_volume,1,0.5578456265738796
F2Ia3,face_num,0,0.5042370667586178
F2Ia3,face_num,1,0.5142263042955811
F2Ia3,frame_brightness,0,0.49100864131740907
F2Ia3,frame_brightness,1,0.5257724418252301
F2Ia3,global_flow,0,0.5067030291631401
F2Ia3,global_flow,1,0.5336091867548561
F2Ia3,gpt2_surprisal,0,0.5211174153370323
F2Ia3,gpt2_surprisal,1,0.5218070488908394
F2Ia3,local_flow,0,0.48641108429202845
F2Ia3,local_flow,1,0.49214235708389503
F2Ia3,onset,0,0.6327529232333503
F2Ia3,onset,1,0.6049059481443823
F2Ia3,pitch,0,0.5018964922729694
F2Ia3,pitch,1,0.5135836912113518
F2Ia3,speech,0,0.5398472357188385
F2Ia3,speech,1,0.5189388002465962
F2Ia3,volume,0,0.4349915885604422
F2Ia3,volume,1,0.482942018536514
F2Ia3,word_gap,0,0.5696606364388281
F2Ia3,word_gap,1,0.5431371695449655
F2Ia3,word_head_pos,0,0.5149786318088252
F2Ia3,word_head_pos,1,0.5473548373614202
F2Ia3,word_index,0,0.6107769423558898
F2Ia3,word_index,1,0.602984734563682
F2Ia3,word_length,0,0.5069433560076486
F2Ia3,word_length,1,0.4840025913503234
F2Ia3,word_part_speech,0,0.4800710874755806
F2Ia3,word_part_speech,1,0.5195626220968093
F3c1,delta_volume,0,0.5656980449933648
F3c1,delta_volume,1,0.5282018327534143
F3c1,face_num,0,0.5066612331901821
F3c1,face_num,1,0.4906168040709277
F3c1,frame_brightness,0,0.5065306207746884
F3c1,frame_brightness,1,0.4993051419495731
F3c1,global_flow,0,0.49150496849628544
F3c1,global_flow,1,0.5015360020062067
F3c1,gpt2_surprisal,0,0.5297482837528604
F3c1,gpt2_surprisal,1,0.5095294818344253
F3c1,local_flow,0,0.4585958642884758
F3c1,local_flow,1,0.48027752526044115
F3c1,onset,0,0.5807574987290289
F3c1,onset,1,0.5538002033553635
F3c1,pitch,0,0.5092316855270995
F3c1,pitch,1,0.5029622895833987
F3c1,speech,0,0.5204486797697042
F3c1,speech,1,0.5351504132576826
F3c1,volume,0,0.4776548279573263
F3c1,volume,1,0.4855124708734313
F3c1,word_gap,0,0.4744186914260483
F3c1,word_gap,1,0.5106311527913383
F3c1,word_head_pos,0,0.5073717647304683
F3c1,word_head_pos,1,0.510919197935279
F3c1,word_index,0,0.5753018910913648
F3c1,word_index,1,0.5418318523581682
F3c1,word_length,0,0.4962383624337795
F3c1,word_length,1,0.5193567599761764
F3c1,word_part_speech,0,0.5438734534404166
F3c1,word_part_speech,1,0.4912225960494899
F3b8,delta_volume,0,0.5450194873723917
F3b8,delta_volume,1,0.5364460884193808
F3b8,face_num,0,0.5037720865594599
F3b8,face_num,1,0.49221550003657155
F3b8,frame_brightness,0,0.565969718817592
F3b8,frame_brightness,1,0.5270837904767876
F3b8,global_flow,0,0.5205009247359017
F3b8,global_flow,1,0.5144196106705119
F3b8,gpt2_surprisal,0,0.5149107133527684
F3b8,gpt2_surprisal,1,0.5318119599176618
F3b8,local_flow,0,0.5131291600054335
F3b8,local_flow,1,0.4669602833766966
F3b8,onset,0,0.5865404168784951
F3b8,onset,1,0.5805160142348754
F3b8,pitch,0,0.4868342685182283
F3b8,pitch,1,0.5096548697532992
F3b8,speech,0,0.49536587149828115
F3b8,speech,1,0.5118961788031723
F3b8,volume,0,0.49817665067970707
F3b8,volume,1,0.519341086486317
F3b8,word_gap,0,0.4982804833303276
F3b8,word_gap,1,0.48591115726892253
F3b8,word_head_pos,0,0.5163213274401012
F3b8,word_head_pos,1,0.5347742495010606
F3b8,word_index,0,0.5476874003189792
F3b8,word_index,1,0.4855092276144907
F3b8,word_length,0,0.5622342037344702
F3b8,word_length,1,0.5353959645988109
F3b8,word_part_speech,0,0.47654384632081614
F3b8,word_part_speech,1,0.5134849142609073
F3d4,delta_volume,0,0.5845114573210871
F3d4,delta_volume,1,0.5625267755451762
F3d4,face_num,0,0.4929051335903786
F3d4,face_num,1,0.5322508176337211
F3d4,frame_brightness,0,0.453940837800278
F3d4,frame_brightness,1,0.4524570807602687
F3d4,global_flow,0,0.48597745107258916
F3d4,global_flow,1,0.49587787216701673
F3d4,gpt2_surprisal,0,0.5218645183536565
F3d4,gpt2_surprisal,1,0.5129724251068409
F3d4,local_flow,0,0.5036649843787551
F3d4,local_flow,1,0.5043624546774919
F3d4,onset,0,0.6048932384341636
F3d4,onset,1,0.5638154550076259
F3d4,pitch,0,0.4743633950868834
F3d4,pitch,1,0.48689173798104557
F3d4,speech,0,0.5686969060531019
F3d4,speech,1,0.5050259657482001
F3d4,volume,0,0.4990386926219659
F3d4,volume,1,0.5171311244161625
F3d4,word_gap,0,0.5059980970267598
F3d4,word_gap,1,0.49789491358884586
F3d4,word_head_pos,0,0.5145711210724846
F3d4,word_head_pos,1,0.5111334022966887
F3d4,word_index,0,0.5435862383230804
F3d4,word_index,1,0.49539758487126906
F3d4,word_length,0,0.46568811844978736
F3d4,word_length,1,0.4994253053718275
F3d4,word_part_speech,0,0.5073122422400694
F3d4,word_part_speech,1,0.49692044714564787
P2a2,delta_volume,0,0.5239908884778952
P2a2,delta_volume,1,0.5049214758158052
P2a2,face_num,0,0.5171676958925008
P2a2,face_num,1,0.5153443465722078
P2a2,frame_brightness,0,0.4889606386424668
P2a2,frame_brightness,1,0.4915258664827644
P2a2,global_flow,0,0.5171363489127823
P2a2,global_flow,1,0.5202188019184352
P2a2,gpt2_surprisal,0,0.5209606804384398
P2a2,gpt2_surprisal,1,0.500313469797185
P2a2,local_flow,0,0.47181384073644506
P2a2,local_flow,1,0.4880359027407709
P2a2,onset,0,0.5697127605490595
P2a2,onset,1,0.5103075749872903
P2a2,pitch,0,0.5092578080101982
P2a2,pitch,1,0.5196023113173046
P2a2,speech,0,0.4939186859346102
P2a2,speech,1,0.4762442138699936
P2a2,volume,0,0.4893681493788073
P2a2,volume,1,0.4855072463768116
P2a2,word_gap,0,0.49476682358940555
P2a2,word_gap,1,0.5075590325930808
P2a2,word_head_pos,0,0.47817205312268163
P2a2,word_head_pos,1,0.5018494718033917
P2a2,word_index,0,0.5057188425609478
P2a2,word_index,1,0.49182046024151294
P2a2,word_length,0,0.529231058587505
P2a2,word_length,1,0.5404376038368703
P2a2,word_part_speech,0,0.49435641415237674
P2a2,word_part_speech,1,0.5048024744953332
T1b5,delta_volume,0,0.5013426956312759
T1b5,delta_volume,1,0.5108251569961234
T1b5,face_num,0,0.4979519973250578
T1b5,face_num,1,0.4893733738754271
T1b5,frame_brightness,0,0.47782723634577806
T1b5,frame_brightness,1,0.4815105064627023
T1b5,global_flow,0,0.5300251820737072
T1b5,global_flow,1,0.5297273857663815
T1b5,gpt2_surprisal,0,0.5018181248236733
T1b5,gpt2_surprisal,1,0.5016718389183202
T1b5,local_flow,0,0.4722004534863066
T1b5,local_flow,1,0.5030040855563567
T1b5,onset,0,0.4945475343162176
T1b5,onset,1,0.5016014234875446
T1b5,pitch,0,0.5152503056330522
T1b5,pitch,1,0.5076120915749768
T1b5,speech,0,0.5327001243430195
T1b5,speech,1,0.48160977189847753
T1b5,volume,0,0.5234841123057793
T1b5,volume,1,0.5191477801113863
T1b5,word_gap,0,0.5427764752706762
T1b5,word_gap,1,0.5255439953731631
T1b5,word_head_pos,0,0.5282802002027105
T1b5,word_head_pos,1,0.5114468720938738
T1b5,word_index,0,0.5437001594896331
T1b5,word_index,1,0.5413078149920255
T1b5,word_length,0,0.4762076423936553
T1b5,word_length,1,0.48818218864612395
T1b5,word_part_speech,0,0.48945897547210765
T1b5,word_part_speech,1,0.5506159105708704
P2b1,delta_volume,0,0.5281443632905969
P2b1,delta_volume,1,0.5154749589877016
P2b1,face_num,0,0.4824613648474969
P2b1,face_num,1,0.500167183891832
P2b1,frame_brightness,0,0.48142169002016655
P2b1,frame_brightness,1,0.5016770634149399
P2b1,global_flow,0,0.4809828323041075
P2b1,global_flow,1,0.4956061983427897
P2b1,gpt2_surprisal,0,0.4914318255436089
P2b1,gpt2_surprisal,1,0.5006426130842293
P2b1,local_flow,0,0.5178886764260264
P2b1,local_flow,1,0.525626155919877
P2b1,onset,0,0.48694712760549064
P2b1,onset,1,0.5303634977122522
P2b1,pitch,0,0.49914318255436085
P2b1,pitch,1,0.4940492983501039
P2b1,speech,0,0.4563232082588843
P2b1,speech,1,0.4629269719862491
P2b1,volume,0,0.5119327502795106
P2b1,volume,1,0.5023510234788878
P2b1,word_gap,0,0.5254382746375954
P2b1,word_gap,1,0.5350837370414363
P2b1,word_head_pos,0,0.5260441156494573
P2b1,word_head_pos,1,0.5171990428722193
P2b1,word_index,0,0.5204830257461837
P2b1,word_index,1,0.5790157211209842
P2b1,word_length,0,0.5122409955800759
P2b1,word_length,1,0.5167967566324985
P2b1,word_part_speech,0,0.5405768395919254
P2b1,word_part_speech,1,0.5007732797916215
P2b14,delta_volume,0,0.5323814300492147
P2b14,delta_volume,1,0.5010710218070489
P2b14,face_num,0,0.5014733080467697
P2b14,face_num,1,0.47503213065421146
P2b14,frame_brightness,0,0.4966928936396978
P2b14,frame_brightness,1,0.5136463851707888
P2b14,global_flow,0,0.5237401126401471
P2b14,global_flow,1,0.47048681859502833
P2b14,gpt2_surprisal,0,0.504837883869889
P2b14,gpt2_surprisal,1,0.4927692966782651
P2b14,local_flow,0,0.48699100341682083
P2b14,local_flow,1,0.4894256188416246
P2b14,onset,0,0.5422089476359939
P2b14,onset,1,0.5196365022877478
P2b14,pitch,0,0.4999007345642248
P2b14,pitch,1,0.492811092651223
P2b14,speech,0,0.4856169608058264
P2b14,speech,1,0.4827278141751042
P2b14,volume,0,0.49499493223827884
P2b14,volume,1,0.5096339717668203
P2b14,word_gap,0,0.5246298219538436
P2b14,word_gap,1,0.5012033507254308
P2b14,word_head_pos,0,0.5308349790497685
P2b14,word_head_pos,1,0.5279667304055254
P2b14,word_index,0,0.5580997949419002
P2b14,word_index,1,0.5253360674413305
P2b14,word_length,0,0.5002194288580295
P2b14,word_length,1,0.5103236053206274
P2b14,word_part_speech,0,0.46750868243976557
P2b14,word_part_speech,1,0.5102968309094855
O1bId1,delta_volume,0,0.5762933241382192
O1bId1,delta_volume,1,0.5358818427844476
O1bId1,face_num,0,0.5014315120738118
O1bId1,face_num,1,0.5105221361921779
O1bId1,frame_brightness,0,0.528416037114824
O1bId1,frame_brightness,1,0.4853818584579376
O1bId1,global_flow,0,0.5269009330950963
O1bId1,global_flow,1,0.5437812816735107
O1bId1,gpt2_surprisal,0,0.4931559094281266
O1bId1,gpt2_surprisal,1,0.5086569908989269
O1bId1,local_flow,0,0.4919072547360062
O1bId1,local_flow,1,0.5253701555855094
O1bId1,onset,0,0.6143238434163701
O1bId1,onset,1,0.5691916624300967
O1bId1,pitch,0,0.48383540745849135
O1bId1,pitch,1,0.48680292153850974
O1bId1,speech,0,0.532355307566116
O1bId1,speech,1,0.5040176379005882
O1bId1,volume,0,0.5050729862177779
O1bId1,volume,1,0.5440372820078786
O1bId1,word_gap,0,0.544853576781239
O1bId1,word_gap,1,0.525606184041144
O1bId1,word_head_pos,0,0.5195030458815293
O1bId1,word_head_pos,1,0.5405055222929271
O1bId1,word_index,0,0.5449988607883345
O1bId1,word_index,1,0.528298017771702
O1bId1,word_length,0,0.5346436370855667
O1bId1,word_length,1,0.531686571998788
O1bId1,word_part_speech,0,0.5160896461905795
O1bId1,word_part_speech,1,0.5611569350987627
O1bId15,delta_volume,0,0.5420258508092746
O1bId15,delta_volume,1,0.5144405086569909
O1bId15,face_num,0,0.47730478668380305
O1bId15,face_num,1,0.490235415817686
O1bId15,frame_brightness,0,0.5138867120152973
O1bId15,frame_brightness,1,0.5029309426036801
O1bId15,global_flow,0,0.5010814708002884
O1bId15,global_flow,1,0.515548101940378
O1bId15,gpt2_surprisal,0,0.5264568508824174
O1bId15,gpt2_surprisal,1,0.5368953951286793
O1bId15,local_flow,0,0.49334921580305735
O1bId15,local_flow,1,0.49911183557464245
O1bId15,onset,0,0.49030249110320284
O1bId15,onset,1,0.5281774275546517
O1bId15,pitch,0,0.4987043248383018
O1bId15,pitch,1,0.53457571862951
O1bId15,speech,0,0.4859722265759694
O1bId15,speech,1,0.5214570076173161
O1bId15,volume,0,0.4611924391084919
O1bId15,volume,1,0.4781041346666248
O1bId15,word_gap,0,0.513379891916095
O1bId15,word_gap,1,0.5313337603621868
O1bId15,word_head_pos,0,0.49555917787321196
O1bId15,word_head_pos,1,0.4727803726110989
O1bId15,word_index,0,0.5498291182501709
O1bId15,word_index,1,0.5466621098200046
O1bId15,word_length,0,0.5248424814269146
O1bId15,word_length,1,0.5162272865009456
O1bId15,word_part_speech,0,0.4823230952897764
O1bId15,word_part_speech,1,0.48328630345126977
F2Ia4,delta_volume,0,0.5607582834393906
F2Ia4,delta_volume,1,0.5582061168406424
F2Ia4,face_num,0,0.5097018902228772
F2Ia4,face_num,1,0.5127216492690929
F2Ia4,frame_brightness,0,0.484953449735118
F2Ia4,frame_brightness,1,0.5040907808532649
F2Ia4,global_flow,0,0.5096914412296376
F2Ia4,global_flow,1,0.5423131981233609
F2Ia4,gpt2_surprisal,0,0.5007157560369058
F2Ia4,gpt2_surprisal,1,0.5143778146975538
F2Ia4,local_flow,0,0.48766496348076865
F2Ia4,local_flow,1,0.5079307858687815
F2Ia4,onset,0,0.6219242501270971
F2Ia4,onset,1,0.5892475851550585
F2Ia4,pitch,0,0.4989916721523881
F2Ia4,pitch,1,0.45971390656510247
F2Ia4,speech,0,0.5390687857224956
F2Ia4,speech,1,0.5048378838698893
F2Ia4,volume,0,0.4800633208990314
F2Ia4,volume,1,0.50586710970398
F2Ia4,word_gap,0,0.5369742725480563
F2Ia4,word_gap,1,0.5549716730617347
F2Ia4,word_head_pos,0,0.5227108868060563
F2Ia4,word_head_pos,1,0.5157048368389705
F2Ia4,word_index,0,0.5768284347231716
F2Ia4,word_index,1,0.5848257006151742
F2Ia4,word_length,0,0.5392359696143276
F2Ia4,word_length,1,0.5114677700803527
F2Ia4,word_part_speech,0,0.4960657694812242
F2Ia4,word_part_speech,1,0.5199831777729542
F3c2,delta_volume,0,0.5213838646646396
F3c2,delta_volume,1,0.5030249835428356
F3c2,face_num,0,0.509534706331045
F3c2,face_num,1,0.5102765848510495
F3c2,frame_brightness,0,0.5453016101898582
F3c2,frame_brightness,1,0.4883493725379561
F3c2,global_flow,0,0.5272196273889012
F3c2,global_flow,1,0.4968339550484311
F3c2,gpt2_surprisal,0,0.5165616542846097
F3c2,gpt2_surprisal,1,0.49550170841039465
F3c2,local_flow,0,0.4836368765869408
F3c2,local_flow,1,0.509367522439213
F3c2,onset,0,0.4952846975088968
F3c2,onset,1,0.49149720386375195
F3c2,pitch,0,0.49668244464645833
F3c2,pitch,1,0.5130716905426163
F3c2,speech,0,0.516744511666301
F3c2,speech,1,0.5102556868645707
F3c2,volume,0,0.5117394439045798
F3c2,volume,1,0.5309133464990647
F3c2,word_gap,0,0.5260415047170104
F3c2,word_gap,1,0.5459543162045012
F3c2,word_head_pos,0,0.4615529293752547
F3c2,word_head_pos,1,0.5136098136944506
F3c2,word_index,0,0.5279790385053543
F3c2,word_index,1,0.4892230576441103
F3c2,word_length,0,0.48971819065233063
F3c2,word_length,1,0.49782138490956396
F3c2,word_part_speech,0,0.5018992836987194
F3c2,word_part_speech,1,0.508736705014109
F3aOF1,delta_volume,0,0.48290544706017574
F3aOF1,delta_volume,1,0.4981244057135095
F3aOF1,face_num,0,0.48861582186556324
F3aOF1,face_num,1,0.4685067343761429
F3aOF1,frame_brightness,0,0.5424281370489954
F3aOF1,frame_brightness,1,0.5031712694481887
F3aOF1,global_flow,0,0.5047751899104521
F3aOF1,global_flow,1,0.5170057364972884
F3aOF1,gpt2_surprisal,0,0.49782138490956396
F3aOF1,gpt2_surprisal,1,0.5075076016425818
F3aOF1,local_flow,0,0.49971787718253347
F3aOF1,local_flow,1,0.5402678076967284
F3aOF1,onset,0,0.5634722928317235
F3aOF1,onset,1,0.5317869852567362
F3aOF1,pitch,0,0.522507131437886
F3aOF1,pitch,1,0.514440508656991
F3aOF1,speech,0,0.5385724585436193
F3aOF1,speech,1,0.5203807613136474
F3aOF1,volume,0,0.5500924735901696
F3aOF1,volume,1,0.5313992246847016
F3aOF1,word_gap,0,0.49004048482285556
F3aOF1,word_gap,1,0.503174731500426
F3aOF1,word_head_pos,0,0.519361984472796
F3aOF1,word_head_pos,1,0.5159817351598174
F3aOF1,word_index,0,0.5305764411027569
F3aOF1,word_index,1,0.5485304169514695
F3aOF1,word_length,0,0.5222302331170392
F3aOF1,word_length,1,0.5017397573743769
F3aOF1,word_part_speech,0,0.5219231604080747
F3aOF1,word_part_speech,1,0.49675765140004335
F3d5,delta_volume,0,0.5791354502993636
F3d5,delta_volume,1,0.5678818845804207
F3d5,face_num,0,0.526550891821573
F3d5,face_num,1,0.5351817602374012
F3d5,frame_brightness,0,0.4843108366508887
F3d5,frame_brightness,1,0.45758231194424415
F3d5,global_flow,0,0.5292937525469421
F3d5,global_flow,1,0.5173348797843327
F3d5,gpt2_surprisal,0,0.5042475157518573
F3d5,gpt2_surprisal,1,0.5091585425744231
F3d5,local_flow,0,0.48479671483652553
F3d5,local_flow,1,0.47968193264578957
F3d5,onset,0,0.6213904422979155
F3d5,onset,1,0.6240594814438231
F3d5,pitch,0,0.45288026498646855
F3d5,pitch,1,0.4854132054376561
F3d5,speech,0,0.5447948340177424
F3d5,speech,1,0.5442932823422463
F3d5,volume,0,0.5056320073560912
F3d5,volume,1,0.5241476233764877
F3d5,word_gap,0,0.5109856281988296
F3d5,word_gap,1,0.5033364220371763
F3d5,word_head_pos,0,0.5046080060186202
F3d5,word_head_pos,1,0.5195552908477268
F3d5,word_index,0,0.5526087947140578
F3d5,word_index,1,0.5604465709728867
F3d5,word_length,0,0.5086831133820257
F3d5,word_length,1,0.5120111177288068
F3d5,word_part_speech,0,0.5168222270457999
F3d5,word_part_speech,1,0.48312350770566526
P2a3,delta_volume,0,0.5785712046644306
P2a3,delta_volume,1,0.5919511405076121
P2a3,face_num,0,0.4907683144729005
P2a3,face_num,1,0.4999529795304222
P2a3,frame_brightness,0,0.5339383300419005
P2a3,frame_brightness,1,0.49565844330898723
P2a3,global_flow,0,0.5071784583555374
P2a3,global_flow,1,0.4860558185218854
P2a3,gpt2_surprisal,0,0.501697961401419
P2a3,gpt2_surprisal,1,0.5126798532961349
P2a3,local_flow,0,0.4869178604641442
P2a3,local_flow,1,0.473281924286595
P2a3,onset,0,0.5490213523131673
P2a3,onset,1,0.4976359938993391
P2a3,pitch,0,0.49871999832816105
P2a3,pitch,1,0.5148845908696696
P2a3,speech,0,0.5272196273889012
P2a3,speech,1,0.5084166640544183
P2a3,volume,0,0.5101564214287954
P2a3,volume,1,0.5213577421815407
P2a3,word_gap,0,0.5010789733894689
P2a3,word_gap,1,0.5283331571321074
P2a3,word_head_pos,0,0.5196441072902626
P2a3,word_head_pos,1,0.5109609939082369
P2a3,word_index,0,0.5480519480519481
P2a3,word_index,1,0.5427432216905901
P2a3,word_length,0,0.5496327178876315
P2a3,word_length,1,0.5225019069412662
P2a3,word_part_speech,0,0.49621499891469506
P2a3,word_part_speech,1,0.4927962882570003
T1b6,delta_volume,0,0.4906168040709277
T1b6,delta_volume,1,0.5082024596930086
T1b6,face_num,0,0.4975079151123789
T1b6,face_num,1,0.49840130403435634
T1b6,frame_brightness,0,0.4800789943888907
T1b6,frame_brightness,1,0.49751836410561845
T1b6,global_flow,0,0.5294139159691964
T1b6,global_flow,1,0.5110759328338714
T1b6,gpt2_surprisal,0,0.5136672831572677
T1b6,gpt2_surprisal,1,0.5175961046153202
T1b6,local_flow,0,0.49133256010783355
T1b6,local_flow,1,0.5159399391868593
T1b6,onset,0,0.5047025927808846
T1b6,onset,1,0.501970005083884
T1b6,pitch,0,0.5179774928685622
T1b6,pitch,1,0.4982341201425243
T1b6,speech,0,0.5315037146170967
T1b6,speech,1,0.48824488260556087
T1b6,volume,0,0.5376372736486839
T1b6,volume,1,0.5380447843850246
T1b6,word_gap,0,0.5428635394058494
T1b6,word_gap,1,0.5273412478778117
T1b6,word_head_pos,0,0.5257306458522721
T1b6,word_head_pos,1,0.5112953616919009
T1b6,word_index,0,0.5272727272727273
T1b6,word_index,1,0.5328548644338118
T1b6,word_length,0,0.49309321546868956
T1b6,word_length,1,0.5060395180924319
T1b6,word_part_speech,0,0.4951839591925331
T1b6,word_part_speech,1,0.5512399609290211
P2b3,delta_volume,0,0.5448784259636584
P2b3,delta_volume,1,0.5625111020553171
P2b3,face_num,0,0.48846953596021025
P2b3,face_num,1,0.5003239187904246
P2b3,frame_brightness,0,0.5151092442243189
P2b3,frame_brightness,1,0.49620701545406104
P2b3,global_flow,0,0.5253283596125513
P2b3,global_flow,1,0.494634441971516
P2b3,gpt2_surprisal,0,0.5186984734020877
P2b3,gpt2_surprisal,1,0.498218446652665
P2b3,local_flow,0,0.5301035495230034
P2b3,local_flow,1,0.5244140727040949
P2b3,onset,0,0.5247458057956278
P2b3,onset,1,0.569178952719878
P2b3,pitch,0,0.5242677867987419
P2b3,pitch,1,0.5065567432577871
P2b3,speech,0,0.4782608695652174
P2b3,speech,1,0.48503181718441424
P2b3,volume,0,0.5088346237839985
P2b3,volume,1,0.5360490266762797
P2b3,word_gap,0,0.5032058258344164
P2b3,word_gap,1,0.49573074794310984
P2b3,word_head_pos,0,0.5185992079663124
P2b3,word_head_pos,1,0.5247223180046603
P2b3,word_index,0,0.5453861927546138
P2b3,word_index,1,0.5694919115971747
P2b3,word_length,0,0.5082912761355443
P2b3,word_length,1,0.51026613585781
P2b3,word_part_speech,0,0.48468363360104183
P2b3,word_part_speech,1,0.4767744736270892
P2b15,delta_volume,0,0.512802628966699
P2b15,delta_volume,1,0.4988297127571758
P2b15,face_num,0,0.5139494059747343
P2b15,face_num,1,0.480826097405515
P2b15,frame_brightness,0,0.5156787143558719
P2b15,frame_brightness,1,0.5150361012716426
P2b15,global_flow,0,0.5214204361409778
P2b15,global_flow,1,0.4937358285529189
P2b15,gpt2_surprisal,0,0.5204695777561832
P2b15,gpt2_surprisal,1,0.5035317597149515
P2b15,local_flow,0,0.4885479034095065
P2b15,local_flow,1,0.4759568665559073
P2b15,onset,0,0.5264489069649212
P2b15,onset,1,0.5193568886629385
P2b15,pitch,0,0.5004127352329603
P2b15,pitch,1,0.4814269145167863
P2b15,speech,0,0.47540829441083354
P2b15,speech,1,0.471166003155596
P2b15,volume,0,0.5092969917348464
P2b15,volume,1,0.5095765023040031
P2b15,word_gap,0,0.5348971710374935
P2b15,word_gap,1,0.5157244046989758
P2b15,word_head_pos,0,0.5231967649916931
P2b15,word_head_pos,1,0.5335778397751376
P2b15,word_index,0,0.5518569150148097
P2b15,word_index,1,0.5070858965595808
P2b15,word_length,0,0.5231445200254956
P2b15,word_length,1,0.5049946187684816
P2b15,word_part_speech,0,0.4786601910136748
P2b15,word_part_speech,1,0.48244519209897985
O1bId2,delta_volume,0,0.5528980282749756
O1bId2,delta_volume,1,0.5522658641839858
O1bId2,face_num,0,0.49414333928925946
O1bId2,face_num,1,0.5023928194518458
O1bId2,frame_brightness,0,0.523343050897046
O1bId2,frame_brightness,1,0.47355882260744175
O1bId2,global_flow,0,0.4925759903033343
O1bId2,global_flow,1,0.44814687104897444
O1bId2,gpt2_surprisal,0,0.4827487121615832
O1bId2,gpt2_surprisal,1,0.4854027564444166
O1bId2,local_flow,0,0.4947232584140518
O1bId2,local_flow,1,0.4821583440435514
O1bId2,onset,0,0.5881418403660397
O1bId2,onset,1,0.5817615658362989
O1bId2,pitch,0,0.5080822962707543
O1bId2,pitch,1,0.5106422996144322
O1bId2,speech,0,0.5155585509336176
O1bId2,speech,1,0.5132284254412087
O1bId2,volume,0,0.48610283899146317
O1bId2,volume,1,0.5177319415274338
O1bId2,word_gap,0,0.5242691276795542
O1bId2,word_gap,1,0.506153568696712
O1bId2,word_head_pos,0,0.5375589061993876
O1bId2,word_head_pos,1,0.5131187110121939
O1bId2,word_index,0,0.521531100478469
O1bId2,word_index,1,0.5456596035543405
O1bId2,word_length,0,0.5465398158887391
O1bId2,word_length,1,0.5461375296490183
O1bId2,word_part_speech,0,0.5533291729976123
O1bId2,word_part_speech,1,0.5264678749728673
O1bId16,delta_volume,0,0.533050165616543
O1bId16,delta_volume,1,0.5089286647231539
O1bId16,face_num,0,0.49886628423351403
O1bId16,face_num,1,0.5007888989895823
O1bId16,frame_brightness,0,0.4861080634880829
O1bId16,frame_brightness,1,0.49228341849262824
O1bId16,global_flow,0,0.5076747855344137
O1bId16,global_flow,1,0.5029048201205814
O1bId16,gpt2_surprisal,0,0.5274808522198886
O1bId16,gpt2_surprisal,1,0.532397103539074
O1bId16,local_flow,0,0.4974765681326604
O1bId16,local_flow,1,0.5261851770581905
O1bId16,onset,0,0.5114133197763091
O1bId16,onset,1,0.5229283172343671
O1bId16,pitch,0,0.5084480110341368
O1bId16,pitch,1,0.5099056455910473
O1bId16,speech,0,0.5344242082275372
O1bId16,speech,1,0.5529920692141312
O1bId16,volume,0,0.4893994963585258
O1bId16,volume,1,0.4973773026968852
O1bId16,word_gap,0,0.5241571880771886
O1bId16,word_gap,1,0.5272977158102251
O1bId16,word_head_pos,0,0.48610806348808294
O1bId16,word_head_pos,1,0.4963585258560338
O1bId16,word_index,0,0.5334244702665756
O1bId16,word_index,1,0.5680792891319207
O1bId16,word_length,0,0.5188186368243419
O1bId16,word_length,1,0.5217548039246419
O1bId16,word_part_speech,0,0.48561970913826785
O1bId16,word_part_speech,1,0.49268775775993057
F2Ia5,delta_volume,0,0.6005506619437216
F2Ia5,delta_volume,1,0.5677251496818281
F2Ia5,face_num,0,0.4929208070802378
F2Ia5,face_num,1,0.5031660449515689
F2Ia5,frame_brightness,0,0.49013092588529095
F2Ia5,frame_brightness,1,0.5228571727114093
F2Ia5,global_flow,0,0.4907108450100833
F2Ia5,global_flow,1,0.5147487539575561
F2Ia5,gpt2_surprisal,0,0.5130507925561372
F2Ia5,gpt2_surprisal,1,0.48950398629092085
F2Ia5,local_flow,0,0.4929469295633366
F2Ia5,local_flow,1,0.48956145575373816
F2Ia5,onset,0,0.6069395017793594
F2Ia5,onset,1,0.5864133197763091
F2Ia5,pitch,0,0.4819389151855219
F2Ia5,pitch,1,0.5206863943659028
F2Ia5,speech,0,0.5568634212093665
F2Ia5,speech,1,0.5384052746517873
F2Ia5,volume,0,0.4831823453810225
F2Ia5,volume,1,0.528562323020177
F2Ia5,word_gap,0,0.5003264905068998
F2Ia5,word_gap,1,0.49755909478174887
F2Ia5,word_head_pos,0,0.5410488699413811
F2Ia5,word_head_pos,1,0.5359340877506453
F2Ia5,word_index,0,0.5706766917293233
F2Ia5,word_index,1,0.5472089314194577
F2Ia5,word_length,0,0.516911695558133
F2Ia5,word_length,1,0.5428095253022371
F2Ia5,word_part_speech,0,0.47927067505969173
F2Ia5,word_part_speech,1,0.4929048187540699
F3c3,delta_volume,0,0.5808438606940222
F3c3,delta_volume,1,0.5734198509973565
F3c3,face_num,0,0.4988610597368944
F3c3,face_num,1,0.509785482168793
F3c3,frame_brightness,0,0.5173244307910934
F3c3,frame_brightness,1,0.4946292174748963
F3c3,global_flow,0,0.4994879993312644
F3c3,global_flow,1,0.5254380740415661
F3c3,gpt2_surprisal,0,0.5209293334587213
F3c3,gpt2_surprisal,1,0.5034220452859367
F3c3,local_flow,0,0.48250316082045497
F3c3,local_flow,1,0.5242364398190235
F3c3,onset,0,0.598512963904423
F3c3,onset,1,0.5703609557702084
F3c3,pitch,0,0.48901288360866435
F3c3,pitch,1,0.5043415566910128
F3c3,speech,0,0.5950074710301663
F3c3,speech,1,0.5282227307398932
F3c3,volume,0,0.5119849952457081
F3c3,volume,1,0.4883232500548572
F3c3,word_gap,0,0.49420090671077915
F3c3,word_gap,1,0.4967941741655836
F3c3,word_head_pos,0,0.5377992330438963
F3c3,word_head_pos,1,0.5187454938716655
F3c3,word_index,0,0.5740715424925952
F3c3,word_index,1,0.5750740487582593
F3c3,word_length,0,0.5290429767091941
F3c3,word_length,1,0.5120215667220464
F3c3,word_part_speech,0,0.48964890384197957
F3c3,word_part_speech,1,0.4759604948990666
F3aOF2,delta_volume,0,0.5448105075076017
F3aOF2,delta_volume,1,0.5645434312404
F3aOF2,face_num,0,0.5193985559491343
F3aOF2,face_num,1,0.5204382307764648
F3aOF2,frame_brightness,0,0.5359445367438846
F3aOF2,frame_brightness,1,0.5094197674054105
F3aOF2,global_flow,0,0.47392453737082435
F3aOF2,global_flow,1,0.5017920023405745
F3aOF2,gpt2_surprisal,0,0.5037877600493192
F3aOF2,gpt2_surprisal,1,0.47683980648464525
F3aOF2,local_flow,0,0.49980146912844947
F3aOF2,local_flow,1,0.505574537893274
F3aOF2,onset,0,0.5584900864260295
F3aOF2,onset,1,0.5369852567361464
F3aOF2,pitch,0,0.5128731596710656
F3aOF2,pitch,1,0.5039444949479117
F3aOF2,speech,0,0.5194299029288528
F3aOF2,speech,1,0.4909198248748733
F3aOF2,volume,0,0.5282854246993302
F3aOF2,volume,1,0.5179879418618016
F3aOF2,word_gap,0,0.5116883601470141
F3aOF2,word_gap,1,0.5216074526899708
F3aOF2,word_head_pos,0,0.5302393864351169
F3aOF2,word_head_pos,1,0.5272405253753801
F3aOF2,word_index,0,0.5399635452267032
F3aOF2,word_index,1,0.5240145819093187
F3aOF2,word_length,0,0.5421616877213881
F3aOF2,word_length,1,0.5201717814488573
F3aOF2,word_part_speech,0,0.5528136531365313
F3aOF2,word_part_speech,1,0.5382163012806598
F3d6,delta_volume,0,0.5837486808146035
F3d6,delta_volume,1,0.5371357219731878
F3d6,face_num,0,0.4965831792106831
F3d6,face_num,1,0.4953397490151824
F3d6,frame_brightness,0,0.4891800675004963
F3d6,frame_brightness,1,0.48726790173766754
F3d6,global_flow,0,0.48658871717710006
F3d6,global_flow,1,0.48071115847988044
F3d6,gpt2_surprisal,0,0.4933596647962969
F3d6,gpt2_surprisal,1,0.5069799274839869
F3d6,local_flow,0,0.4971735473287148
F3d6,local_flow,1,0.461819378702862
F3d6,onset,0,0.6145144890696492
F3d6,onset,1,0.6495043213014744
F3d6,pitch,0,0.47938413633846383
F3d6,pitch,1,0.4882083111292227
F3d6,speech,0,0.5432065870453382
F3d6,speech,1,0.5156891633491113
F3d6,volume,0,0.5054961704439777
F3d6,volume,1,0.5328150632686541
F3d6,word_gap,0,0.5269929913371185
F3d6,word_gap,1,0.5264115272914969
F3d6,word_head_pos,0,0.5199366791009686
F3d6,word_head_pos,1,0.5062693959437008
F3d6,word_index,0,0.574025974025974
F3d6,word_index,1,0.6150831624515835
F3d6,word_length,0,0.5128888331609249
F3d6,word_length,1,0.5164911235802431
F3d6,word_part_speech,0,0.517514108964619
F3d6,word_part_speech,1,0.5100797699153462
P2a4,delta_volume,0,0.5457404679059172
P2a4,delta_volume,1,0.547548143736351
P2a4,face_num,0,0.5210703948674544
P2a4,face_num,1,0.4828479775973585
P2a4,frame_brightness,0,0.5358348223148699
P2a4,frame_brightness,1,0.49497403425179987
P2a4,global_flow,0,0.5063895593659551
P2a4,global_flow,1,0.49844832450393406
P2a4,gpt2_surprisal,0,0.5211383133235112
P2a4,gpt2_surprisal,1,0.537679069621642
P2a4,local_flow,0,0.48477581685004656
P2a4,local_flow,1,0.49396048190756814
P2a4,onset,0,0.532244534824606
P2a4,onset,1,0.501194712760549
P2a4,pitch,0,0.49823934463914404
P2a4,pitch,1,0.5050364147414397
P2a4,speech,0,0.5189753717229345
P2a4,speech,1,0.4845511634953972
P2a4,volume,0,0.4907839879627598
P2a4,volume,1,0.48386152994159015
P2a4,word_gap,0,0.4948849820585693
P2a4,word_gap,1,0.5276584100845144
P2a4,word_head_pos,0,0.4723937598612374
P2a4,word_head_pos,1,0.5013113486515575
P2a4,word_index,0,0.520870357712463
P2a4,word_index,1,0.5171337434495329
P2a4,word_length,0,0.5377469880776987
P2a4,word_length,1,0.524832032433675
P2a4,word_part_speech,0,0.5416078793140873
P2a4,word_part_speech,1,0.4893640112871718
T1cIe1,delta_volume,0,0.5593346081105085
T1cIe1,delta_volume,1,0.525398890316918
T1cIe1,face_num,0,0.5415242991337784
T1cIe1,face_num,1,0.5097593596856943
T1cIe1,frame_brightness,0,0.5251768492105786
T1cIe1,frame_brightness,1,0.479274421909449
T1cIe1,global_flow,0,0.46908665350093515
T1cIe1,global_flow,1,0.4909093758816338
T1cIe1,gpt2_surprisal,0,0.48927410843965186
T1cIe1,gpt2_surprisal,1,0.5122044241037377
T1cIe1,local_flow,0,0.4786840537914172
T1cIe1,local_flow,1,0.4711137581893984
T1cIe1,onset,0,0.5560879511947128
T1cIe1,onset,1,0.5888027452974072
T1cIe1,pitch,0,0.469217265916429
T1cIe1,pitch,1,0.4850631641641328
T1cIe1,speech,0,0.5159765106631976
T1cIe1,speech,1,0.5057312727918666
T1cIe1,volume,0,0.4964081585739214
T1cIe1,volume,1,0.5006426130842293
T1cIe1,word_gap,0,0.5129570089738248
T1cIe1,word_gap,1,0.5146112275421173
T1cIe1,word_head_pos,0,0.5064000083591946
T1cIe1,word_head_pos,1,0.47298412797926914
T1cIe1,word_index,0,0.5357940305308726
T1cIe1,word_index,1,0.5510594668489406
T1cIe1,word_length,0,0.5097071147194968
T1cIe1,word_length,1,0.513682956647127
T1cIe1,word_part_speech,0,0.4898116995875842
T1cIe1,word_part_speech,1,0.5094557195571956
P2b4,delta_volume,0,0.5060865385620095
P2b4,delta_volume,1,0.5420728712788523
P2b4,face_num,0,0.5138553650355788
P2b4,face_num,1,0.49612342350814503
P2b4,frame_brightness,0,0.5090174811656897
P2b4,frame_brightness,1,0.5049998432651014
P2b4,global_flow,0,0.4839816933638444
P2b4,global_flow,1,0.476719643062391
P2b4,gpt2_surprisal,0,0.5100989519659781
P2b4,gpt2_surprisal,1,0.5214726811071754
P2b4,local_flow,0,0.5178050844801103
P2b4,local_flow,1,0.4897678233702183
P2b4,onset,0,0.531176919166243
P2b4,onset,1,0.5639298423995932
P2b4,pitch,0,0.5018337983135325
P2b4,pitch,1,0.5173975737437698
P2b4,speech,0,0.47048159409840873
P2b4,speech,1,0.4859513285894904
P2b4,volume,0,0.490193619844728
P2b4,volume,1,0.5054648234642592
P2b4,word_gap,0,0.48724821363051224
P2b4,word_gap,1,0.5141634691326546
P2b4,word_head_pos,0,0.5065671922510265
P2b4,word_head_pos,1,0.49085190641881654
P2b4,word_index,0,0.5365003417634997
P2b4,word_index,1,0.5398951925267714
P2b4,word_length,0,0.524623052568885
P2b4,word_length,1,0.5169038588132033
P2b4,word_part_speech,0,0.5024690688083351
P2b4,word_part_speech,1,0.448339483394834
P2b16,delta_volume,0,0.5318642048838594
P2b16,delta_volume,1,0.492623010772912
P2b16,face_num,0,0.5264098304128397
P2b16,face_num,1,0.49973877516901244
P2b16,frame_brightness,0,0.504294536221435
P2b16,frame_brightness,1,0.5117498928978194
P2b16,global_flow,0,0.5111960962561257
P2b16,global_flow,1,0.5019539617357868
P2b16,gpt2_surprisal,0,0.4938716654650325
P2b16,gpt2_surprisal,1,0.5197485972226575
P2b16,local_flow,0,0.47922740143987125
P2b16,local_flow,1,0.5033854738095984
P2b16,onset,0,0.5204626334519573
P2b16,onset,1,0.5235129639044229
P2b16,pitch,0,0.4805700970711472
P2b16,pitch,1,0.48742986113287984
P2b16,speech,0,0.4952666060625059
P2b16,speech,1,0.45749871999832825
P2b16,volume,0,0.5326948998463998
P2b16,volume,1,0.5152868771093906
P2b16,word_gap,0,0.5298225757302504
P2b16,word_gap,1,0.5245800710194588
P2b16,word_head_pos,0,0.5210233743978768
P2b16,word_head_pos,1,0.52158239553619
P2b16,word_index,0,0.5155388471177945
P2b16,word_index,1,0.529665071770335
P2b16,word_length,0,0.5446903440853473
P2b16,word_length,1,0.49140047856389035
P2b16,word_part_speech,0,0.49496689819839373
P2b16,word_part_speech,1,0.4832863034512698
O1bId3,delta_volume,0,0.5546612958841416
O1bId3,delta_volume,1,0.5164623888488344
O1bId3,face_num,0,0.4756590702485815
O1bId3,face_num,1,0.520242312153224
O1bId3,frame_brightness,0,0.4603669686425713
O1bId3,frame_brightness,1,0.4475094824613649
O1bId3,global_flow,0,0.4938768899616522
O1bId3,global_flow,1,0.5009769808678933
O1bId3,gpt2_surprisal,0,0.5064470288287723
O1bId3,gpt2_surprisal,1,0.47959834069987356
O1bId3,local_flow,0,0.5028160036780456
O1bId3,local_flow,1,0.5283690166452463
O1bId3,onset,0,0.5347737671581088
O1bId3,onset,1,0.5721784443314692
O1bId3,pitch,0,0.4798491165376216
O1bId3,pitch,1,0.4864581047616062
O1bId3,speech,0,0.47189743268236106
O1bId3,speech,1,0.5031085754887517
O1bId3,volume,0,0.49352162419150913
O1bId3,volume,1,0.49773779296364795
O1bId3,word_gap,0,0.4860355346048843
O1bId3,word_gap,1,0.4965516383604579
O1bId3,word_head_pos,0,0.546184550118596
O1bId3,word_head_pos,1,0.5426789128867433
O1bId3,word_index,0,0.5630439735702893
O1bId3,word_index,1,0.5353155616313511
O1bId3,word_length,0,0.5148845908696698
O1bId3,word_length,1,0.4971683228320952
O1bId3,word_part_speech,0,0.5218688951595398
O1bId3,word_part_speech,1,0.49781582374647276
F2Ia6,delta_volume,0,0.5213054972153434
F2Ia6,delta_volume,1,0.5216137425159085
F2Ia6,face_num,0,0.47969238163902905
F2Ia6,face_num,1,0.5270419945038296
F2Ia6,frame_brightness,0,0.4898331295779652
F2Ia6,frame_brightness,1,0.4939970533839064
F2Ia6,global_flow,0,0.49922677450027686
F2Ia6,global_flow,1,0.5331076350793601
F2Ia6,gpt2_surprisal,0,0.5096339717668202
F2Ia6,gpt2_surprisal,1,0.5512993323093319
F2Ia6,local_flow,0,0.492351336948685
F2Ia6,local_flow,1,0.5175961046153204
F2Ia6,onset,0,0.6028978139298424
F2Ia6,onset,1,0.5919928825622776
F2Ia6,pitch,0,0.4748074772995622
F2Ia6,pitch,1,0.47892960513254546
F2Ia6,speech,0,0.5177632885071524
F2Ia6,speech,1,0.5032339634076256
F2Ia6,volume,0,0.48519900107624636
F2Ia6,volume,1,0.4833129577965163
F2Ia6,word_gap,0,0.5117629865485912
F2Ia6,word_gap,1,0.4933675785598348
F2Ia6,word_head_pos,0,0.5261851770581905
F2Ia6,word_head_pos,1,0.517329655287713
F2Ia6,word_index,0,0.5495784916837549
F2Ia6,word_index,1,0.5877876509455456
F2Ia6,word_length,0,0.5150831217412202
F2Ia6,word_length,1,0.5100414825031608
F2Ia6,word_part_speech,0,0.5037985673974387
F2Ia6,word_part_speech,1,0.5167272628608639
F3c4,delta_volume,0,0.6026247871017627
F3c4,delta_volume,1,0.6115952477978747
F3c4,face_num,0,0.500292571810706
F3c4,face_num,1,0.5113476066580985
F3c4,frame_brightness,0,0.5115827090059872
F3c4,frame_brightness,1,0.5071523358724387
F3c4,global_flow,0,0.5161410823067197
F3c4,global_flow,1,0.5322717156202
F3c4,gpt2_surprisal,0,0.5093413999561143
F3c4,gpt2_surprisal,1,0.5077688264735694
F3c4,local_flow,0,0.5031921674346678
F3c4,local_flow,1,0.49405974734334346
F3c4,onset,0,0.5544102694458566
F3c4,onset,1,0.5697508896797153
F3c4,pitch,0,0.5080822962707543
F3c4,pitch,1,0.5072986217777917
F3c4,speech,0,0.5072986217777917
F3c4,speech,1,0.5178886764260264
F3c4,volume,0,0.5388441323678463
F3c4,volume,1,0.5150778972446006
F3c4,word_gap,0,0.5000342037673896
F3c4,word_gap,1,0.5087717116187088
F3c4,word_head_pos,0,0.5241476233764877
F3c4,word_head_pos,1,0.5093936449223118
F3c4,word_index,0,0.5277284119389383
F3c4,word_index,1,0.5477557530189109
F3c4,word_length,0,0.481055975256784
F3c4,word_length,1,0.484681775910891
F3c4,word_part_speech,0,0.4809935967006729
F3c4,word_part_speech,1,0.48856359887128287
F3aOF3,delta_volume,0,0.5681587829012675
F3aOF3,delta_volume,1,0.6100644702882877
F3aOF3,face_num,0,0.4887150873013386
F3aOF3,face_num,1,0.5200202710468846
F3aOF3,frame_brightness,0,0.5501812900327053
F3aOF3,frame_brightness,1,0.5325616751825961
F3aOF3,global_flow,0,0.5031973919312874
F3aOF3,global_flow,1,0.5138187935592405
F3aOF3,gpt2_surprisal,0,0.5245655831060678
F3aOF3,gpt2_surprisal,1,0.5048901288360866
F3aOF3,local_flow,0,0.47179816724658585
F3aOF3,local_flow,1,0.4877590044199242
F3aOF3,onset,0,0.5841891204880529
F3aOF3,onset,1,0.5406075241484494
F3aOF3,pitch,0,0.5086099704293492
F3aOF3,pitch,1,0.529210160601026
F3aOF3,speech,0,0.5070008254704659
F3aOF3,speech,1,0.49062202856754755
F3aOF3,volume,0,0.5333166149441502
F3aOF3,volume,1,0.5286720374491918
F3aOF3,word_gap,0,0.5312404773602154
F3aOF3,word_gap,1,0.5263151348561266
F3aOF3,word_head_pos,0,0.5349675558759913
F3aOF3,word_head_pos,1,0.5276637096015799
F3aOF3,word_index,0,0.5259512417407155
F3aOF3,word_index,1,0.5309637730690362
F3aOF3,word_length,0,0.5384627441146046
F3aOF3,word_length,1,0.5131030375223348
F3aOF3,word_part_speech,0,0.49762589537660085
F3aOF3,word_part_speech,1,0.5395457998697634
F3d7,delta_volume,0,0.6056654441344576
F3d7,delta_volume,1,0.5538645601496296
F3d7,face_num,0,0.4608214998484896
F3d7,face_num,1,0.4985580389329488
F3d7,frame_brightness,0,0.5159974086496766
F3d7,frame_brightness,1,0.5056842523222888
F3d7,global_flow,0,0.5224548864716885
F3d7,global_flow,1,0.49391868593461014
F3d7,gpt2_surprisal,0,0.49769599699068995
F3d7,gpt2_surprisal,1,0.517935696895604
F3d7,local_flow,0,0.48194936417876144
F3d7,local_flow,1,0.44558686770529665
F3d7,onset,0,0.6346847991865785
F3d7,onset,1,0.6607905439755974
F3d7,pitch,0,0.5147278559710772
F3d7,pitch,1,0.4874873305956971
F3d7,speech,0,0.543922343082244
F3d7,speech,1,0.5267912186660815
F3d7,volume,0,0.530093100529764
F3d7,volume,1,0.49773779296364795
F3d7,word_gap,0,0.5444742259065554
F3d7,word_gap,1,0.5272666214762346
F3d7,word_head_pos,0,0.524790236460717
F3d7,word_head_pos,1,0.504127352329603
F3d7,word_index,0,0.5769195716564138
F3d7,word_index,1,0.5998177261335157
F3d7,word_length,0,0.49823934463914404
F3d7,word_length,1,0.4983908550411168
F3d7,word_part_speech,0,0.49350173648795304
F3d7,word_part_speech,1,0.5241887345344042
P2a5,delta_volume,0,0.5213316196984421
P2a5,delta_volume,1,0.5356571894297985
P2a5,face_num,0,0.5164205928758765
P2a5,face_num,1,0.48660439066695915
P2a5,frame_brightness,0,0.5194403519220923
P2a5,frame_brightness,1,0.4951986876064491
P2a5,global_flow,0,0.5155846734167162
P2a5,global_flow,1,0.5386351525030564
P2a5,gpt2_surprisal,0,0.48146871048974427
P2a5,gpt2_surprisal,1,0.4990177946354869
P2a5,local_flow,0,0.5092891549899168
P2a5,local_flow,1,0.5296960387866629
P2a5,onset,0,0.4746059989832232
P2a5,onset,1,0.4741484494153534
P2a5,pitch,0,0.501781553347335
P2a5,pitch,1,0.5009299603983157
P2a5,speech,0,0.5073508667439892
P2a5,speech,1,0.4920901121176975
P2a5,volume,0,0.49451427854926183
P2a5,volume,1,0.5151823871769955
P2a5,word_gap,0,0.45648347958035085
P2a5,word_gap,1,0.48982904335172045
P2a5,word_head_pos,0,0.49711085336927785
P2a5,word_head_pos,1,0.5081449902301913
P2a5,word_index,0,0.45994531784005477
P2a5,word_index,1,0.5091364775575302
P2a5,word_length,0,0.5197538217192774
P2a5,word_length,1,0.5078733164059643
P2a5,word_part_speech,0,0.5277159756891687
P2a5,word_part_speech,1,0.5287605817234643
T1cIe2,delta_volume,0,0.5380238863985456
T1cIe2,delta_volume,1,0.5342726978255645
T1cIe2,face_num,0,0.5111072798135899
T1cIe2,face_num,1,0.4931872564078451
T1cIe2,frame_brightness,0,0.5191791270911048
T1cIe2,frame_brightness,1,0.5072463768115941
T1cIe2,global_flow,0,0.473908863880965
T1cIe2,global_flow,1,0.4805753215677669
T1cIe2,gpt2_surprisal,0,0.4656071387521812
T1cIe2,gpt2_surprisal,1,0.47816682862606186
T1cIe2,local_flow,0,0.46673040552542766
T1cIe2,local_flow,1,0.48250838531707474
T1cIe2,onset,0,0.5544738179969496
T1cIe2,onset,1,0.5675775292323335
T1cIe2,pitch,0,0.50335412682988
T1cIe2,pitch,1,0.4644055045296386
T1cIe2,speech,0,0.4662445273397908
T1cIe2,speech,1,0.4888352507235928
T1cIe2,volume,0,0.5078315204330063
T1cIe2,volume,1,0.5137299771167048
T1cIe2,word_gap,0,0.5084669871456023
T1cIe2,word_gap,1,0.5277019421521011
T1cIe2,word_head_pos,0,0.5008254704659206
T1cIe2,word_head_pos,1,0.49233566345882573
T1cIe2,word_index,0,0.5485532011847801
T1cIe2,word_index,1,0.524812030075188
T1cIe2,word_length,0,0.49075786547966105
T1cIe2,word_length,1,0.49670334263293736
T1cIe2,word_part_speech,0,0.5130100933362275
T1cIe2,word_part_speech,1,0.5153299327110918
P2b5,delta_volume,0,0.5434991588560443
P2b5,delta_volume,1,0.5326322058869628
P2b5,face_num,0,0.5188970042736382
P2b5,face_num,1,0.47995360647001656
P2b5,frame_brightness,0,0.48779557589626243
P2b5,frame_brightness,1,0.484410102086664
P2b5,global_flow,0,0.5117446684011996
P2b5,global_flow,1,0.48433695913398744
P2b5,gpt2_surprisal,0,0.4767509900421094
P2b5,gpt2_surprisal,1,0.48504749067427355
P2b5,local_flow,0,0.5049267003124249
P2b5,local_flow,1,0.46708567129557066
P2b5,onset,0,0.5236019318759533
P2b5,onset,1,0.5372775800711743
P2b5,pitch,0,0.49878791678421786
P2b5,pitch,1,0.5270054230274913
P2b5,speech,0,0.458151782075797
P2b5,speech,1,0.4522742233785775
P2b5,volume,0,0.4718765346958821
P2b5,volume,1,0.5169848385108095
P2b5,word_gap,0,0.48606662893887476
P2b5,word_gap,1,0.48608528553926905
P2b5,word_head_pos,0,0.47955132023029584
P2b5,word_head_pos,1,0.4722056779829264
P2b5,word_index,0,0.5476190476190477
P2b5,word_index,1,0.5708133971291867
P2b5,word_length,0,0.5075807445952583
P2b5,word_length,1,0.49326039936052163
P2b5,word_part_speech,0,0.5089130670718471
P2b5,word_part_speech,1,0.46464619057955286
O1aIb1,delta_volume,0,0.5256000334367784
O1aIb1,delta_volume,1,0.5485303491008642
O1aIb1,face_num,0,0.5260597891393164
O1aIb1,face_num,1,0.4946710134478543
O1aIb1,frame_brightness,0,0.48741941213964035
O1aIb1,frame_brightness,1,0.5246596240452233
O1aIb1,global_flow,0,0.5168751240817947
O1aIb1,global_flow,1,0.5271412599396048
O1aIb1,gpt2_surprisal,0,0.5184372485711002
O1aIb1,gpt2_surprisal,1,0.5427938518123779
O1aIb1,local_flow,0,0.49299395003291435
O1aIb1,local_flow,1,0.5039706174310106
O1aIb1,onset,0,0.5633197763091001
O1aIb1,onset,1,0.5476105744789018
O1aIb1,pitch,0,0.5036728211236847
O1aIb1,pitch,1,0.484848959802723
O1aIb1,speech,0,0.5343092693019028
O1aIb1,speech,1,0.5088032768042798
O1aIb1,volume,0,0.526529993835094
O1aIb1,volume,1,0.49513076915039234
O1aIb1,word_gap,0,0.5222542148369723
O1aIb1,word_gap,1,0.4998756226640382
O1aIb1,word_head_pos,0,0.4896345987064146
O1aIb1,word_head_pos,1,0.5049267003124249
O1aIb1,word_index,0,0.5191843244474823
O1aIb1,word_index,1,0.555274550011392
O1aIb1,word_length,0,0.5304431418032872
O1aIb1,word_length,1,0.5090070321724502
O1aIb1,word_part_speech,0,0.5106631213370957
O1aIb1,word_part_speech,1,0.5216518341654005
O1bId4,delta_volume,0,0.5052819660825679
O1bId4,delta_volume,1,0.5259735849450905
O1bId4,face_num,0,0.49545991243743664
O1bId4,face_num,1,0.4939395839210892
O1bId4,frame_brightness,0,0.47593074407280855
O1bId4,frame_brightness,1,0.47313563838124195
O1bId4,global_flow,0,0.4991902030239387
O1bId4,global_flow,1,0.5170893284432045
O1bId4,gpt2_surprisal,0,0.4995715912771804
O1bId4,gpt2_surprisal,1,0.47618151991055657
O1bId4,local_flow,0,0.5072881727845522
O1bId4,local_flow,1,0.5340584934641548
O1bId4,onset,0,0.5200940518556176
O1bId4,onset,1,0.5272369089984749
O1bId4,pitch,0,0.5251507267274798
O1bId4,pitch,1,0.5221832126474615
O1bId4,speech,0,0.49161990742191986
O1bId4,speech,1,0.4627963595707554
O1bId4,volume,0,0.5100153600200621
O1bId4,volume,1,0.503625800654107
O1bId4,word_gap,0,0.5306372472808005
O1bId4,word_gap,1,0.5074097797899266
O1bId4,word_head_pos,0,0.5473652863546598
O1bId4,word_head_pos,1,0.5619416319237642
O1bId4,word_index,0,0.5820232399179768
O1bId4,word_index,1,0.5531100478468899
O1bId4,word_length,0,0.543608873285059
O1bId4,word_length,1,0.5290116297294756
O1bId4,word_part_speech,0,0.5383112654655958
O1bId4,word_part_speech,1,0.5380128065986542
F2Ia7,delta_volume,0,0.5209032109756224
F2Ia7,delta_volume,1,0.5103706257902051
F2Ia7,face_num,0,0.5012277567056415
F2Ia7,face_num,1,0.5403278894078556
F2Ia7,frame_brightness,0,0.4961390969980043
F2Ia7,frame_brightness,1,0.5128000167183893
F2Ia7,global_flow,0,0.4813903430404481
F2Ia7,global_flow,1,0.5120894851781032
F2Ia7,gpt2_surprisal,0,0.5145920190589637
F2Ia7,gpt2_surprisal,1,0.5476787561518448
F2Ia7,local_flow,0,0.4958883211602562
F2Ia7,local_flow,1,0.529946814624411
F2Ia7,onset,0,0.599224707676665
F2Ia7,onset,1,0.5780630401626843
F2Ia7,pitch,0,0.4892114144802148
F2Ia7,pitch,1,0.5214622321139359
F2Ia7,speech,0,0.5043415566910128
F2Ia7,speech,1,0.49228341849262824
F2Ia7,volume,0,0.4815836494153788
F2Ia7,volume,1,0.45778606731241445
F2Ia7,word_gap,0,0.504586414263593
F2Ia7,word_gap,1,0.490338990429164
F2Ia7,word_head_pos,0,0.5021211456276189
F2Ia7,word_head_pos,1,0.48289499806693625
F2Ia7,word_index,0,0.5731829573934838
F2Ia7,word_index,1,0.5943039416723627
F2Ia7,word_length,0,0.5180767583043374
F2Ia7,word_length,1,0.5140173244307911
F2Ia7,word_part_speech,0,0.5140818319947906
F2Ia7,word_part_speech,1,0.5355030388539179
F3c5,delta_volume,0,0.6053571988338924
F3c5,delta_volume,1,0.5876095838165993
F3c5,face_num,0,0.49184978527318896
F3c5,face_num,1,0.49688620001462863
F3c5,frame_brightness,0,0.5284682820810216
F3c5,frame_brightness,1,0.5089025422400552
F3c5,global_flow,0,0.4646406068775273
F3c5,global_flow,1,0.49653615874110535
F3c5,gpt2_surprisal,0,0.509158542574423
F3c5,gpt2_surprisal,1,0.5195239438680084
F3c5,local_flow,0,0.4878791678421784
F3c5,local_flow,1,0.4984744469870328
F3c5,onset,0,0.5377478393492627
F3c5,onset,1,0.573678190137265
F3c5,pitch,0,0.5127738942352904
F3c5,pitch,1,0.5138449160423393
F3c5,speech,0,0.5286615884559522
F3c5,speech,1,0.557020156107959
F3c5,volume,0,0.5300669780466651
F3c5,volume,1,0.5145815700657241
F3c5,word_gap,0,0.5098973265091635
F3c5,word_gap,1,0.49928172088482037
F3c5,word_head_pos,0,0.5140747938936083
F3c5,word_head_pos,1,0.5251664002173391
F3c5,word_index,0,0.5695602642971064
F3c5,word_index,1,0.534062428799271
F3c5,word_length,0,0.4857371242280807
F3c5,word_length,1,0.5114311986040145
F3c5,word_part_speech,0,0.5176362057738224
F3c5,word_part_speech,1,0.49418005209463867
F3aOF4,delta_volume,0,0.6130215353750667
F3aOF4,delta_volume,1,0.6253461229010585
F3aOF4,face_num,0,0.49957681577380014
F3aOF4,face_num,1,0.5108669529690814
F3aOF4,frame_brightness,0,0.5326792263565406
F3aOF4,frame_brightness,1,0.4966981181363175
F3aOF4,global_flow,0,0.505720823798627
F3aOF4,global_flow,1,0.5132754459107866
F3aOF4,gpt2_surprisal,0,0.5323030625999184
F3aOF4,gpt2_surprisal,1,0.522319049559575
F3aOF4,local_flow,0,0.49307754197883036
F3aOF4,local_flow,1,0.5028212281746653
F3aOF4,onset,0,0.5995297407219116
F3aOF4,onset,1,0.5572064056939502
F3aOF4,pitch,0,0.4940127268737657
F3aOF4,pitch,1,0.5202658223880129
F3aOF4,speech,0,0.5452493652236607
F3aOF4,speech,1,0.5001149389256345
F3aOF4,volume,0,0.4991170600712621
F3aOF4,volume,1,0.5059141301735577
F3aOF4,word_gap,0,0.5460849124072612
F3aOF4,word_gap,1,0.539387192865716
F3aOF4,word_head_pos,0,0.5520516598225761
F3aOF4,word_head_pos,1,0.5478250420571978
F3aOF4,word_index,0,0.5333105491000227
F3aOF4,word_index,1,0.537138300296195
F3aOF4,word_length,0,0.5558550933617546
F3aOF4,word_length,1,0.5002664493276072
F3aOF4,word_part_speech,0,0.5411330583894074
F3aOF4,word_part_speech,1,0.5219231604080747
F3d8,delta_volume,0,0.6192073393728514
F3d8,delta_volume,1,0.5802482680793707
F3d8,face_num,0,0.4932499503672821
F3d8,face_num,1,0.4944724825763038
F3d8,frame_brightness,0,0.50565812983919
F3d8,frame_brightness,1,0.4889292916627483
F3d8,global_flow,0,0.5331546555489379
F3d8,global_flow,1,0.4911810497058609
F3d8,gpt2_surprisal,0,0.5119014032997921
F3d8,gpt2_surprisal,1,0.5078733164059643
F3d8,local_flow,0,0.4777070729235238
F3d8,local_flow,1,0.4689978370583994
F3d8,onset,0,0.6070284697508899
F3d8,onset,1,0.642564819522115
F3d8,pitch,0,0.5135889157079715
F3d8,pitch,1,0.47941548331818223
F3d8,speech,0,0.523912521028599
F3d8,speech,1,0.5020114311986039
F3d8,volume,0,0.5439954860349205
F3d8,volume,1,0.5241058274035296
F3d8,word_gap,0,0.556887084035547
F3d8,word_gap,1,0.5463896368803677
F3d8,word_head_pos,0,0.5537339477341359
F3d8,word_head_pos,1,0.5026749422693123
F3d8,word_index,0,0.5785600364547733
F3d8,word_index,1,0.6014809751651856
F3d8,word_length,0,0.5102556868645707
F3d8,word_length,1,0.5381753968005183
F3d8,word_part_speech,0,0.49436998046451053
F3d8,word_part_speech,1,0.517744736270892
P2a6,delta_volume,0,0.5101302989456966
P2a6,delta_volume,1,0.5072620503014534
P2a6,face_num,0,0.48952488427739993
P2a6,face_num,1,0.47527245749872005
P2a6,frame_brightness,0,0.5078106224465273
P2a6,frame_brightness,1,0.48225238498270695
P2a6,global_flow,0,0.49656228122420404
P2a6,global_flow,1,0.5181603502502534
P2a6,gpt2_surprisal,0,0.4881874131427437
P2a6,gpt2_surprisal,1,0.516807205625738
P2a6,local_flow,0,0.5282645267128512
P2a6,local_flow,1,0.5261799525615707
P2a6,onset,0,0.5281647178444331
P2a6,onset,1,0.4911794611082867
P2a6,pitch,0,0.48091491384805074
P2a6,pitch,1,0.4747029873671672
P2a6,speech,0,0.5021472681107175
P2a6,speech,1,0.4925655413100948
P2a6,volume,0,0.4890860265613408
P2a6,volume,1,0.5155951224099558
P2a6,word_gap,0,0.49511508013009875
P2a6,word_gap,1,0.5059172517583846
P2a6,word_head_pos,0,0.4966772201498386
P2a6,word_head_pos,1,0.500125387918874
P2a6,word_index,0,0.48553201184780126
P2a6,word_index,1,0.5351788562314878
P2a6,word_length,0,0.5127059757792336
P2a6,word_length,1,0.5065044982915896
P2a6,word_part_speech,0,0.5250841111352289
P2a6,word_part_speech,1,0.5033780117212937
T1cIe5,delta_volume,0,0.577620346279636
T1cIe5,delta_volume,1,0.5381231518343208
T1cIe5,face_num,0,0.5344764531937348
T1cIe5,face_num,1,0.526383707929741
T1cIe5,frame_brightness,0,0.4725975152294076
T1cIe5,frame_brightness,1,0.489838354074585
T1cIe5,global_flow,0,0.482921120550035
T1cIe5,global_flow,1,0.49206398963459874
T1cIe5,gpt2_surprisal,0,0.5388389078712266
T1cIe5,gpt2_surprisal,1,0.5404689508165887
T1cIe5,local_flow,0,0.511190871759506
T1cIe5,local_flow,1,0.5001097144290148
T1cIe5,onset,0,0.6524021352313167
T1cIe5,onset,1,0.6059354346720895
T1cIe5,pitch,0,0.4855124708734314
T1cIe5,pitch,1,0.4863483903325915
T1cIe5,speech,0,0.5201143119860401
T1cIe5,speech,1,0.5214674566105555
T1cIe5,volume,0,0.5227840297587327
T1cIe5,volume,1,0.48550724637681164
T1cIe5,word_gap,0,0.4993314718192051
T1cIe5,word_gap,1,0.5052145198102003
T1cIe5,word_head_pos,0,0.5275696686624244
T1cIe5,word_head_pos,1,0.5097384616992153
T1cIe5,word_index,0,0.5956709956709958
T1cIe5,word_index,1,0.5903394850763272
T1cIe5,word_length,0,0.5195343928612478
T1cIe5,word_length,1,0.5202971693677314
T1cIe5,word_part_speech,0,0.521109181680052
T1cIe5,word_part_speech,1,0.5362627523334057
P2b6,delta_volume,0,0.5309081220024451
P2b6,delta_volume,1,0.528227955236513
P2b6,face_num,0,0.4935790936543264
P2b6,face_num,1,0.48443622456976265
P2b6,frame_brightness,0,0.4632874622530119
P2b6,frame_brightness,1,0.46731032465021993
P2b6,global_flow,0,0.48933680239908883
P2b6,global_flow,1,0.5181969217265916
P2b6,gpt2_surprisal,0,0.45275487706759454
P2b6,gpt2_surprisal,1,0.49677126108899405
P2b6,local_flow,0,0.47578445816745557
P2b6,local_flow,1,0.4963219543796955
P2b6,onset,0,0.5236654804270463
P2b6,onset,1,0.5230427046263345
P2b6,pitch,0,0.47853776788606417
P2b6,pitch,1,0.5018181248236732
P2b6,speech,0,0.4588832116025621
P2b6,speech,1,0.45583210557662773
P2b6,volume,0,0.4971160778658977
P2b6,volume,1,0.5206785576209731
P2b6,word_gap,0,0.4700468280669896
P2b6,word_gap,1,0.49442478591551053
P2b6,word_head_pos,0,0.5116871989383822
P2b6,word_head_pos,1,0.49953501980084225
P2b6,word_index,0,0.5697197539302803
P2b6,word_index,1,0.5635907951697425
P2b6,word_length,0,0.5030929019988924
P2b6,word_length,1,0.49273794969854656
P2b6,word_part_speech,0,0.5474820924679835
P2b6,word_part_speech,1,0.4556652919470371
O1aIb9,delta_volume,0,0.7117227255153965
O1aIb9,delta_volume,1,0.7119160318903273
O1aIb9,face_num,0,0.48192324169566264
O1aIb9,face_num,1,0.49387166546503247
O1aIb9,frame_brightness,0,0.48179785377678863
O1aIb9,frame_brightness,1,0.45038295560222774
O1aIb9,global_flow,0,0.48392944839764684
O1aIb9,global_flow,1,0.49939395839210887
O1aIb9,gpt2_surprisal,0,0.5349048619165544
O1aIb9,gpt2_surprisal,1,0.5181499012570139
O1aIb9,local_flow,0,0.5008724909354983
O1aIb9,local_flow,1,0.5178364314598289
O1aIb9,onset,0,0.7846847991865786
O1aIb9,onset,1,0.8040543975597356
O1aIb9,pitch,0,0.5190223921925123
O1aIb9,pitch,1,0.5284891800675005
O1aIb9,speech,0,0.6118982686018203
O1aIb9,speech,1,0.6301683332810883
O1aIb9,volume,0,0.5345234736633125
O1aIb9,volume,1,0.5414250336980032
O1aIb9,word_gap,0,0.5605748720468157
O1aIb9,word_gap,1,0.5753819938930728
O1aIb9,word_head_pos,0,0.5839576606793935
O1aIb9,word_head_pos,1,0.5986280471876535
O1aIb9,word_index,0,0.7041695146958306
O1aIb9,word_index,1,0.721075415812258
O1aIb9,word_length,0,0.5313783266982226
O1aIb9,word_length,1,0.5261277075953732
O1aIb9,word_part_speech,0,0.5159404167571087
O1aIb9,word_part_speech,1,0.47600119383546774
O1bId5,delta_volume,0,0.5024973093842409
O1bId5,delta_volume,1,0.5149263868426277
O1bId5,face_num,0,0.5194246784322331
O1bId5,face_num,1,0.526968851551153
O1bId5,frame_brightness,0,0.47113988067249724
O1bId5,frame_brightness,1,0.4906011305810685
O1bId5,global_flow,0,0.4728587400603952
O1bId5,global_flow,1,0.46040876461552926
O1bId5,gpt2_surprisal,0,0.501342695631276
O1bId5,gpt2_surprisal,1,0.4958099537109599
O1bId5,local_flow,0,0.5129306291338829
O1bId5,local_flow,1,0.4990700396016844
O1bId5,onset,0,0.5233731570920183
O1bId5,onset,1,0.4920564311133706
O1bId5,pitch,0,0.48015736183818686
O1bId5,pitch,1,0.49525093257264663
O1bId5,speech,0,0.4688933471260044
O1bId5,speech,1,0.4843683061137059
O1bId5,volume,0,0.4988767332267535
O1bId5,volume,1,0.490799661452619
O1bId5,word_gap,0,0.5347852314351279
O1bId5,word_gap,1,0.5186099588932904
O1bId5,word_head_pos,0,0.528165261277076
O1bId5,word_head_pos,1,0.5217600284212616
O1bId5,word_index,0,0.5645249487354751
O1bId5,word_index,1,0.5401913875598087
O1bId5,word_length,0,0.5263993814196003
O1bId5,word_length,1,0.5098638496180893
O1bId5,word_part_speech,0,0.5493406772303016
O1bId5,word_part_speech,1,0.5097270457998697
F2Ia8,delta_volume,0,0.5617692235353124
F2Ia8,delta_volume,1,0.5218018243942196
F2Ia8,face_num,0,0.5490841457425577
F2Ia8,face_num,1,0.5274495052401702
F2Ia8,frame_brightness,0,0.5055745378932739
F2Ia8,frame_brightness,1,0.4920953366143172
F2Ia8,global_flow,0,0.51005715599302
F2Ia8,global_flow,1,0.4955591778732119
F2Ia8,gpt2_surprisal,0,0.5368170276793831
F2Ia8,gpt2_surprisal,1,0.5510537809682037
F2Ia8,local_flow,0,0.47464551790434995
F2Ia8,local_flow,1,0.4459787049517779
F2Ia8,onset,0,0.5553634977122521
F2Ia8,onset,1,0.5838967971530249
F2Ia8,pitch,0,0.4913795805774114
F2Ia8,pitch,1,0.4957002392819453
F2Ia8,speech,0,0.5337972686331672
F2Ia8,speech,1,0.5122827915530339
F2Ia8,volume,0,0.4954964839137749
F2Ia8,volume,1,0.5227892542553525
F2Ia8,word_gap,0,0.5109296583976468
F2Ia8,word_gap,1,0.4690642471128911
F2Ia8,word_head_pos,0,0.4780936856733854
F2Ia8,word_head_pos,1,0.49913273356112137
F2Ia8,word_index,0,0.542241968557758
F2Ia8,word_index,1,0.5464798359535201
F2Ia8,word_length,0,0.5093518489493537
F2Ia8,word_length,1,0.47212731053363005
F2Ia8,word_part_speech,0,0.47098165834599526
F2Ia8,word_part_speech,1,0.5110294117647058
F3c6,delta_volume,0,0.5594547715327628
F3c6,delta_volume,1,0.5403122159179963
F3c6,face_num,0,0.4838197339686321
F3c6,face_num,1,0.5046654754814375
F3c6,frame_brightness,0,0.5146599375150205
F3c6,frame_brightness,1,0.5293303240232804
F3c6,global_flow,0,0.48923753696331357
F3c6,global_flow,1,0.4903712527297995
F3c6,gpt2_surprisal,0,0.5250305633052257
F3c6,gpt2_surprisal,1,0.5400144196106705
F3c6,local_flow,0,0.5034220452859367
F3c6,local_flow,1,0.47787948131197555
F3c6,onset,0,0.5233604473817997
F3c6,onset,1,0.5420691408235891
F3c6,pitch,0,0.5163683479096789
F3c6,pitch,1,0.49205876513797897
F3c6,speech,0,0.5404480528301099
F3c6,speech,1,0.5382328662633356
F3c6,volume,0,0.5395128679351745
F3c6,volume,1,0.5252604411564946
F3c6,word_gap,0,0.4884795492565345
F3c6,word_gap,1,0.4738652122810182
F3c6,word_head_pos,0,0.49053843662163155
F3c6,word_head_pos,1,0.48422724470497275
F3c6,word_index,0,0.5497835497835497
F3c6,word_index,1,0.5305080884028253
F3c6,word_length,0,0.488307576564998
F3c6,word_length,1,0.5117551173944391
F3c6,word_part_speech,0,0.5301172129368352
F3c6,word_part_speech,1,0.5500325591491209
F3aOF5,delta_volume,0,0.6242124071345726
F3aOF5,delta_volume,1,0.6357585446642215
F3aOF5,face_num,0,0.5027585342152283
F3aOF5,face_num,1,0.5172303898519377
F3aOF5,frame_brightness,0,0.5111543002831678
F3aOF5,frame_brightness,1,0.49936261141239047
F3aOF5,global_flow,0,0.496311505386456
F3aOF5,global_flow,1,0.4842481426914517
F3aOF5,gpt2_surprisal,0,0.5375171102264297
F3aOF5,gpt2_surprisal,1,0.5262896669905854
F3aOF5,local_flow,0,0.4836316520903211
F3aOF5,local_flow,1,0.47945727929114035
F3aOF5,onset,0,0.6192806304016267
F3aOF5,onset,1,0.5874046771733604
F3aOF5,pitch,0,0.4850579396675131
F3aOF5,pitch,1,0.4996499587264767
F3aOF5,speech,0,0.5674795983406998
F3aOF5,speech,1,0.5456150799870433
F3aOF5,volume,0,0.4889188426695087
F3aOF5,volume,1,0.51508834623784
F3aOF5,word_gap,0,0.5310290358890803
F3aOF5,word_gap,1,0.5255564331067593
F3aOF5,word_head_pos,0,0.5409652779954651
F3aOF5,word_head_pos,1,0.53751188572981
F3aOF5,word_index,0,0.5332194121667806
F3aOF5,word_index,1,0.5496696286169971
F3aOF5,word_length,0,0.5525166400217338
F3aOF5,word_length,1,0.5131866294682508
F3aOF5,word_part_speech,0,0.5202680703277621
F3aOF5,word_part_speech,1,0.5156012589537661
F3d9,delta_volume,0,0.6008745807341462
F3d9,delta_volume,1,0.5621088158155961
F3d9,face_num,0,0.48235687491510193
F3d9,face_num,1,0.4921475815805147
F3d9,frame_brightness,0,0.5176065536085598
F3d9,frame_brightness,1,0.48827100508865967
F3d9,global_flow,0,0.5439327920754835
F3d9,global_flow,1,0.49892375369633135
F3d9,gpt2_surprisal,0,0.5155585509336176
F3d9,gpt2_surprisal,1,0.5092369100237192
F3d9,local_flow,0,0.493819420498835
F3d9,local_flow,1,0.46552354680626523
F3d9,onset,0,0.6064311133706151
F3d9,onset,1,0.6368708693441789
F3d9,pitch,0,0.4929887255362946
F3d9,pitch,1,0.48912782253429876
F3d9,speech,0,0.5139964264443121
F3d9,speech,1,0.4976803235008307
F3d9,volume,0,0.5120058932321871
F3d9,volume,1,0.49380897150559544
F3d9,word_gap,0,0.5524032810741226
F3d9,word_gap,1,0.5154383368262635
F3d9,word_head_pos,0,0.539794990752641
F3d9,word_head_pos,1,0.4927222762086873
F3d9,word_index,0,0.5655274550011392
F3d9,word_index,1,0.5956254272043746
F3d9,word_length,0,0.5271046884632666
F3d9,word_length,1,0.5499618611746758
F3d9,word_part_speech,0,0.49468200564358583
F3d9,word_part_speech,1,0.5376872151074452
P2a7,delta_volume,0,0.515151040197277
P2a7,delta_volume,1,0.5175856556220808
P2a7,face_num,0,0.49274317419516633
P2a7,face_num,1,0.47092567631108745
P2a7,frame_brightness,0,0.5559595832941496
P2a7,frame_brightness,1,0.5018129003270535
P2a7,global_flow,0,0.4864372067751272
P2a7,global_flow,1,0.5038713519952353
P2a7,gpt2_surprisal,0,0.49066382454050556
P2a7,gpt2_surprisal,1,0.5126380573231769
P2a7,local_flow,0,0.5099004210944276
P2a7,local_flow,1,0.5087144603617442
P2a7,onset,0,0.5132180986273513
P2a7,onset,1,0.49494153533299445
P2a7,pitch,0,0.4994879993312644
P2a7,pitch,1,0.4840861832962394
P2a7,speech,0,0.5110289123642937
P2a7,speech,1,0.4996395097332372
P2a7,volume,0,0.5155376529471385
P2a7,volume,1,0.5243983992142357
P2a7,word_gap,0,0.49013998669162506
P2a7,word_gap,1,0.4791201547254059
P2a7,word_head_pos,0,0.5185521874967347
P2a7,word_head_pos,1,0.5059977221194738
P2a7,word_index,0,0.5048758259284576
P2a7,word_index,1,0.5071998177261335
P2a7,word_length,0,0.5030197590462159
P2a7,word_length,1,0.499811918121689
P2a7,word_part_speech,0,0.5243718797482092
P2a7,word_part_speech,1,0.4881159105708704
T1cIe6,delta_volume,0,0.7247421710918154
T1cIe6,delta_volume,1,0.741679989133047
T1cIe6,face_num,0,0.5136725076538876
T1cIe6,face_num,1,0.5020166556952237
T1cIe6,frame_brightness,0,0.473093842408284
T1cIe6,frame_brightness,1,0.47994315747677707
T1cIe6,global_flow,0,0.49457958475700864
T1cIe6,global_flow,1,0.5164049193860172
T1cIe6,gpt2_surprisal,0,0.5240535824373322
T1cIe6,gpt2_surprisal,1,0.5585352601276867
T1cIe6,local_flow,0,0.49063770205740675
T1cIe6,local_flow,1,0.5336927787007721
T1cIe6,onset,0,0.7930096593797661
T1cIe6,onset,1,0.8270971021860702
T1cIe6,pitch,0,0.5249521958559293
T1cIe6,pitch,1,0.524581256595927
T1cIe6,speech,0,0.6620534361514268
T1cIe6,speech,1,0.6548958757823685
T1cIe6,volume,0,0.5420258508092746
T1cIe6,volume,1,0.5356624139264182
T1cIe6,word_gap,0,0.6066939882214663
T1cIe6,word_gap,1,0.6007860647632788
T1cIe6,word_head_pos,0,0.5680072724992947
T1cIe6,word_head_pos,1,0.5924840391628267
T1cIe6,word_index,0,0.7447710184552291
T1cIe6,word_index,1,0.7316928685349737
T1cIe6,word_length,0,0.49251852084051706
T1cIe6,word_length,1,0.49892897819295107
T1cIe6,word_part_speech,0,0.5300493813761666
T1cIe6,word_part_speech,1,0.5120604514868679
P2b7,delta_volume,0,0.520558394198719
P2b7,delta_volume,1,0.5116610764552836
P2b7,face_num,0,0.5103654012935854
P2b7,face_num,1,0.5135053237620556
P2b7,frame_brightness,0,0.47244861707574476
P2b7,frame_brightness,1,0.47738837862971906
P2b7,global_flow,0,0.477262990710845
P2b7,global_flow,1,0.5123454855124708
P2b7,gpt2_surprisal,0,0.4668087729747239
P2b7,gpt2_surprisal,1,0.5092943794865364
P2b7,local_flow,0,0.500459755702538
P2b7,local_flow,1,0.5060656405755305
P2b7,onset,0,0.5361972547025928
P2b7,onset,1,0.5250254194204372
P2b7,pitch,0,0.48636406382245073
P2b7,pitch,1,0.5123977304786684
P2b7,speech,0,0.5070164989603252
P2b7,speech,1,0.4646562803673866
P2b7,volume,0,0.5111438512899282
P2b7,volume,1,0.5117969133673971
P2b7,word_gap,0,0.45810660381465285
P2b7,word_gap,1,0.4869186136902134
P2b7,word_head_pos,0,0.5313417552218844
P2b7,word_head_pos,1,0.5006582865740886
P2b7,word_index,0,0.5726361357940306
P2b7,word_index,1,0.5350193665983141
P2b7,word_length,0,0.49571068827518466
P2b7,word_length,1,0.5016666144217006
P2b7,word_part_speech,0,0.5428152810939875
P2b7,word_part_speech,1,0.45855491643151725
O1aIb10,delta_volume,0,0.6849837518155126
O1aIb10,delta_volume,1,0.6941422943899354
O1aIb10,face_num,0,0.49834905906815874
O1aIb10,face_num,1,0.48409663228947897
O1aIb10,frame_brightness,0,0.4856535322821647
O1aIb10,frame_brightness,1,0.47291620952321234
O1aIb10,global_flow,0,0.5162899804603827
O1aIb10,global_flow,1,0.5330292676300639
O1aIb10,gpt2_surprisal,0,0.5422139326875856
O1aIb10,gpt2_surprisal,1,0.5434416893932269
O1aIb10,local_flow,0,0.5533995799504718
O1aIb10,local_flow,1,0.5194560254119516
O1aIb10,onset,0,0.7763726487036096
O1aIb10,onset,1,0.7860447381799696
O1aIb10,pitch,0,0.5253283596125513
O1aIb10,pitch,1,0.5442253638861896
O1aIb10,speech,0,0.6199178709131375
O1aIb10,speech,1,0.6276710238968475
O1aIb10,volume,0,0.5081502147268111
O1aIb10,volume,1,0.5222720290899971
O1aIb10,word_gap,0,0.5781182952842334
O1aIb10,word_gap,1,0.5836157735337467
O1aIb10,word_head_pos,0,0.5838583952436184
O1aIb10,word_head_pos,1,0.5720040124134039
O1aIb10,word_index,0,0.7006835269993164
O1aIb10,word_index,1,0.7169514695830485
O1aIb10,word_length,0,0.5154592854978423
O1aIb10,word_length,1,0.5394762964588362
O1aIb10,word_part_speech,0,0.5177583025830258
O1aIb10,word_part_speech,1,0.5111515085739092
O1bId8,delta_volume,0,0.5523494561299018
O1bId8,delta_volume,1,0.5292362830841248
O1bId8,face_num,0,0.49212668359403566
O1bId8,face_num,1,0.4995245708076026
O1bId8,frame_brightness,0,0.4913639070875521
O1bId8,frame_brightness,1,0.5084793580138554
O1bId8,global_flow,0,0.4810246282770655
O1bId8,global_flow,1,0.4958987701534957
O1bId8,gpt2_surprisal,0,0.5171729203891205
O1bId8,gpt2_surprisal,1,0.4800737698922709
O1bId8,local_flow,0,0.5016927369047992
O1bId8,local_flow,1,0.5124134039685276
O1bId8,onset,0,0.6300457549567869
O1bId8,onset,1,0.6033172343670565
O1bId8,pitch,0,0.44545103079318304
O1bId8,pitch,1,0.47534037595477674
O1bId8,speech,0,0.5356467404365589
O1bId8,speech,1,0.5184790445440581
O1bId8,volume,0,0.537130497476568
O1bId8,volume,1,0.5351347397678234
O1bId8,word_gap,0,0.5544492882506951
O1bId8,word_gap,1,0.5339021523497988
O1bId8,word_head_pos,0,0.4813798940472086
O1bId8,word_head_pos,1,0.5115461375296491
O1bId8,word_index,0,0.5758487126908179
O1bId8,word_index,1,0.5950330371383002
O1bId8,word_length,0,0.5092473590169587
O1bId8,word_length,1,0.5163004294536222
O1bId8,word_part_speech,0,0.548580963750814
O1bId8,word_part_speech,1,0.522791404384632
F2Ia9,delta_volume,0,0.5343719632613397
F2Ia9,delta_volume,1,0.5179827173651819
F2Ia9,face_num,0,0.5106631976009112
F2Ia9,face_num,1,0.5050259657482001
F2Ia9,frame_brightness,0,0.5064418043321526
F2Ia9,frame_brightness,1,0.5092107875406204
F2Ia9,global_flow,0,0.5168855730750342
F2Ia9,global_flow,1,0.5183275341420854
F2Ia9,gpt2_surprisal,0,0.52661358578101
F2Ia9,gpt2_surprisal,1,0.5120372402119057
F2Ia9,local_flow,0,0.48480716382976496
F2Ia9,local_flow,1,0.4623940733310346
F2Ia9,onset,0,0.5542958820538891
F2Ia9,onset,1,0.5547788510421963
F2Ia9,pitch,0,0.4837230807811667
F2Ia9,pitch,1,0.4960894642801166
F2Ia9,speech,0,0.5376790696216419
F2Ia9,speech,1,0.545703896429579
F2Ia9,volume,0,0.5319686948162545
F2Ia9,volume,1,0.545808386361974
F2Ia9,word_gap,0,0.5369307404804696
F2Ia9,word_gap,1,0.49211136746662015
F2Ia9,word_head_pos,0,0.5048796798428471
F2Ia9,word_head_pos,1,0.5015203285163474
F2Ia9,word_index,0,0.5626110731373889
F2Ia9,word_index,1,0.5574618364092048
F2Ia9,word_length,0,0.518254391189409
F2Ia9,word_length,1,0.5032130654211466
F2Ia9,word_part_speech,0,0.5050873670501411
F2Ia9,word_part_speech,1,0.518545148686781
F3c8,delta_volume,0,0.5321358787080865
F3c8,delta_volume,1,0.5408555635664504
F3c8,face_num,0,0.4784071554705704
F3c8,face_num,1,0.535960210233744
F3c8,frame_brightness,0,0.5095242573378055
F3c8,frame_brightness,1,0.49845354900055383
F3c8,global_flow,0,0.4932656238571414
F3c8,global_flow,1,0.5114886680668317
F3c8,gpt2_surprisal,0,0.5378723759965728
F3c8,gpt2_surprisal,1,0.5390949082055944
F3c8,local_flow,0,0.49285288862418103
F3c8,local_flow,1,0.4944620335830643
F3c8,onset,0,0.5884977122521607
F3c8,onset,1,0.5750508388408745
F3c8,pitch,0,0.48436830611370596
F3c8,pitch,1,0.5039497194445315
F3c8,speech,0,0.5428147497988569
F3c8,speech,1,0.5420963815136411
F3c8,volume,0,0.5122409955800759
F3c8,volume,1,0.4814112410269271
F3c8,word_gap,0,0.4789771207890498
F3c8,word_gap,1,0.49331782762545
F3c8,word_head_pos,0,0.5201979039319562
F3c8,word_head_pos,1,0.5076591120445545
F3c8,word_index,0,0.6119161540214172
F3c8,word_index,1,0.5405331510594669
F3c8,word_length,0,0.4966667711565991
F3c8,word_length,1,0.4939813798940472
F3c8,word_part_speech,0,0.5354623399175167
F3c8,word_part_speech,1,0.5408345995224658
F3aOF6,delta_volume,0,0.6120680647419621
F3aOF6,delta_volume,1,0.5937274693583273
F3aOF6,face_num,0,0.5041900462890401
F3aOF6,face_num,1,0.5177685130037721
F3aOF6,frame_brightness,0,0.5130925885290952
F3aOF6,frame_brightness,1,0.5044826180997461
F3aOF6,global_flow,0,0.5074919281527225
F3aOF6,global_flow,1,0.4962122399506808
F3aOF6,gpt2_surprisal,0,0.5274808522198886
F3aOF6,gpt2_surprisal,1,0.5111020553169703
F3aOF6,local_flow,0,0.4887777812607754
F3aOF6,local_flow,1,0.5196179848071638
F3aOF6,onset,0,0.6039908490086426
F3aOF6,onset,1,0.5632308083375699
F3aOF6,pitch,0,0.4783496860077531
F3aOF6,pitch,1,0.5008881644253577
F3aOF6,speech,0,0.5414224214496934
F3aOF6,speech,1,0.5087719298245613
F3aOF6,volume,0,0.49963950973323723
F3aOF6,volume,1,0.5054125784980616
F3aOF6,word_gap,0,0.5248039502241901
F3aOF6,word_gap,1,0.532695692190969
F3aOF6,word_head_pos,0,0.5525114155251142
F3aOF6,word_head_pos,1,0.5292467320773644
F3aOF6,word_index,0,0.5442241968557758
F3aOF6,word_index,1,0.5382319434951015
F3aOF6,word_length,0,0.5508552500966531
F3aOF6,word_length,1,0.5204957002392819
F3aOF6,word_part_speech,0,0.522045257217278
F3aOF6,word_part_speech,1,0.5172427827219449
F3d10,delta_volume,0,0.633109724878008
F3d10,delta_volume,1,0.5821552093455795
F3d10,face_num,0,0.4746559668975894
F3d10,face_num,1,0.4821531195469317
F3d10,frame_brightness,0,0.5165303073048911
F3d10,frame_brightness,1,0.4816985883410133
F3d10,global_flow,0,0.5388075608915082
F3d10,global_flow,1,0.48949353729768147
F3d10,gpt2_surprisal,0,0.513766548593043
F3d10,gpt2_surprisal,1,0.5065306207746885
F3d10,local_flow,0,0.4837309175260964
F3d10,local_flow,1,0.47168845281757105
F3d10,onset,0,0.61122267412303
F3d10,onset,1,0.6553253685815963
F3d10,pitch,0,0.4989342026895709
F3d10,pitch,1,0.5012329812022612
F3d10,speech,0,0.5334106558833056
F3d10,speech,1,0.5152816526127707
F3d10,volume,0,0.5191059841384282
F3d10,volume,1,0.49663542417688056
F3d10,word_gap,0,0.5639454978513815
F3d10,word_gap,1,0.5290389985136909
F3d10,word_head_pos,0,0.5459807947504258
F3d10,word_head_pos,1,0.49502105472137764
F3d10,word_index,0,0.5743449532923217
F3d10,word_index,1,0.6128503075871498
F3d10,word_length,0,0.5004597557025381
F3d10,word_length,1,0.5237662351232459
F3d10,word_part_speech,0,0.4700320164966355
F3d10,word_part_speech,1,0.5352995441719123
P2a8,delta_volume,0,0.5235677042516953
P2a8,delta_volume,1,0.5164153683792567
P2a8,face_num,0,0.5144509576502304
P2a8,face_num,1,0.4960084845825105
P2a8,frame_brightness,0,0.5207621495668893
P2a8,frame_brightness,1,0.5130089965831792
P2a8,global_flow,0,0.5165250828082714
P2a8,global_flow,1,0.49075264098304133
P2a8,gpt2_surprisal,0,0.5167288381764417
P2a8,gpt2_surprisal,1,0.5505052088231299
P2a8,local_flow,0,0.5097123392161166
P2a8,local_flow,1,0.5115827090059872
P2a8,onset,0,0.5304143365531265
P2a8,onset,1,0.5248601931875954
P2a8,pitch,0,0.5030720040124134
P2a8,pitch,1,0.5031764939448085
P2a8,speech,0,0.5029257181070604
P2a8,speech,1,0.4878948413320377
P2a8,volume,0,0.5217704774145011
P2a8,volume,1,0.5248111344471961
P2a8,word_gap,0,0.4805691506893614
P2a8,word_gap,1,0.48647085528075074
P2a8,word_head_pos,0,0.5158354492544643
P2a8,word_head_pos,1,0.5024398399214235
P2a8,word_index,0,0.5154477101845523
P2a8,word_index,1,0.5134654818865345
P2a8,word_length,0,0.48066936250692244
P2a8,word_length,1,0.511253565718943
P2a8,word_part_speech,0,0.5266849359670067
P2a8,word_part_speech,1,0.5340785760798784
T1cIe7,delta_volume,0,0.7366174519085086
T1cIe7,delta_volume,1,0.7517423696226868
T1cIe7,face_num,0,0.4917975403069915
T1cIe7,face_num,1,0.5010187768408514
T1cIe7,frame_brightness,0,0.49829681410196125
T1cIe7,frame_brightness,1,0.4785116454029654
T1cIe7,global_flow,0,0.47853776788606417
T1cIe7,global_flow,1,0.48874120978443725
T1cIe7,gpt2_surprisal,0,0.5383321316991108
T1cIe7,gpt2_surprisal,1,0.5703112755086048
T1cIe7,local_flow,0,0.48246136484749697
T1cIe7,local_flow,1,0.5180088398482806
T1cIe7,onset,0,0.8377097102186069
T1cIe7,onset,1,0.8564565327910524
T1cIe7,pitch,0,0.5254694210212846
T1cIe7,pitch,1,0.5459494477707072
T1cIe7,speech,0,0.6359414020459129
T1cIe7,speech,1,0.650188604327973
T1cIe7,volume,0,0.5201299854758994
T1cIe7,volume,1,0.5221100696947849
T1cIe7,word_gap,0,0.6191503784180447
T1cIe7,word_gap,1,0.61600363181821
T1cIe7,word_head_pos,0,0.5932363666760707
T1cIe7,word_head_pos,1,0.5601496295831897
T1cIe7,word_index,0,0.8035771246297563
T1cIe7,word_index,1,0.7979722032353611
T1cIe7,word_length,0,0.5041665360542512
T1cIe7,word_length,1,0.5068493150684932
T1cIe7,word_part_speech,0,0.5698122422400694
T1cIe7,word_part_speech,1,0.530361406555242
P2b8,delta_volume,0,0.49346937922531164
P2b8,delta_volume,1,0.503834780518897
P2b8,face_num,0,0.5124029549752881
P2b8,face_num,1,0.5145554475826254
P2b8,frame_brightness,0,0.4905436611182513
P2b8,frame_brightness,1,0.4804447091522732
P2b8,global_flow,0,0.49757060907181594
P2b8,global_flow,1,0.5038400050155167
P2b8,gpt2_surprisal,0,0.4872156567714701
P2b8,gpt2_surprisal,1,0.4910974577599449
P2b8,local_flow,0,0.4969802409537841
P2b8,local_flow,1,0.5096444207600597
P2b8,onset,0,0.5601296390442299
P2b8,onset,1,0.5226105744789019
P2b8,pitch,0,0.4715944118784155
P2b8,pitch,1,0.5112039330010554
P2b8,speech,0,0.5029257181070603
P2b8,speech,1,0.4807059339832608
P2b8,volume,0,0.5206681086277337
P2b8,volume,1,0.5059663751397553
P2b8,word_gap,0,0.4860790666724709
P2b8,word_gap,1,0.48611016100646137
P2b8,word_head_pos,0,0.5343510652748608
P2b8,word_head_pos,1,0.5184267995778606
P2b8,word_index,0,0.5138528138528138
P2b8,word_index,1,0.5051264524948735
P2b8,word_length,0,0.49952457080760265
P2b8,word_length,1,0.5144091616772724
P2b8,word_part_speech,0,0.5230220316909052
P2b8,word_part_speech,1,0.49278272194486655
O1aIb11,delta_volume,0,0.6126296981285853
O1aIb11,delta_volume,1,0.5898561173630921
O1aIb11,face_num,0,0.5064731513118711
O1aIb11,face_num,1,0.49584652518729816
O1aIb11,frame_brightness,0,0.49595101511969325
O1aIb11,frame_brightness,1,0.47095179879418614
O1aIb11,global_flow,0,0.5108826264589407
O1aIb11,global_flow,1,0.518839534810821
O1aIb11,gpt2_surprisal,0,0.5353228216461344
O1aIb11,gpt2_surprisal,1,0.5401607055160236
O1aIb11,local_flow,0,0.5316708985089287
O1aIb11,local_flow,1,0.5171102264296835
O1aIb11,onset,0,0.7085282155566852
O1aIb11,onset,1,0.7133706151499746
O1aIb11,pitch,0,0.5218854163401356
O1aIb11,pitch,1,0.51068932008401
O1aIb11,speech,0,0.5635768993657462
O1aIb11,speech,1,0.5645538802336395
O1aIb11,volume,0,0.523614724721273
O1aIb11,volume,1,0.5312059183097709
O1aIb11,word_gap,0,0.5994179140676986
O1aIb11,word_gap,1,0.5746668242112922
O1aIb11,word_head_pos,0,0.5561999101386581
O1aIb11,word_head_pos,1,0.5574851363071167
O1aIb11,word_index,0,0.611414900888585
O1aIb11,word_index,1,0.6478924584187742
O1aIb11,word_length,0,0.5268199533974902
O1aIb11,word_length,1,0.5263157894736842
O1aIb11,word_part_speech,0,0.4930811808118081
O1aIb11,word_part_speech,1,0.5074750379856741
O1bId9,delta_volume,0,0.5348526169503569
O1bId9,delta_volume,1,0.539711398806725
O1bId9,face_num,0,0.49925289698337566
O1bId9,face_num,1,0.5014053895907129
O1bId9,frame_brightness,0,0.49693844498082607
O1bId9,frame_brightness,1,0.504106454343124
O1bId9,global_flow,0,0.49615999498448327
O1bId9,global_flow,1,0.4959719131061722
O1bId9,gpt2_surprisal,0,0.5068649885583524
O1bId9,gpt2_surprisal,1,0.5309603669686426
O1bId9,local_flow,0,0.5134008338296605
O1bId9,local_flow,1,0.5071575603690583
O1bId9,onset,0,0.5427808845958313
O1bId9,onset,1,0.5400355871886121
O1bId9,pitch,0,0.4895510067604986
O1bId9,pitch,1,0.4758628256167518
O1bId9,speech,0,0.4716727793277118
O1bId9,speech,1,0.5106370751178124
O1bId9,volume,0,0.4979519973250577
O1bId9,volume,1,0.5092578080101982
O1bId9,word_gap,0,0.5152331142219264
O1bId9,word_gap,1,0.5186037400264925
O1bId9,word_head_pos,0,0.5017711043540954
O1bId9,word_head_pos,1,0.47562772326886305
O1bId9,word_index,0,0.5629984051036683
O1bId9,word_index,1,0.5772385509227614
O1bId9,word_length,0,0.5085733989530109
O1bId9,word_length,1,0.5411690333636354
O1bId9,word_part_speech,0,0.4982635120468851
O1bId9,word_part_speech,1,0.5645213805079227
F2Ia10,delta_volume,0,0.510605728138094
F2Ia10,delta_volume,1,0.5242259908257839
F2Ia10,face_num,0,0.51508834623784
F2Ia10,face_num,1,0.4961077500182858
F2Ia10,frame_brightness,0,0.5105012382056988
F2Ia10,frame_brightness,1,0.49912750906450165
F2Ia10,global_flow,0,0.4979781198081565
F2Ia10,global_flow,1,0.5214256606375977
F2Ia10,gpt2_surprisal,0,0.5406831551779986
F2Ia10,gpt2_surprisal,1,0.5122827915530338
F2Ia10,local_flow,0,0.5104176462597829
F2Ia10,local_flow,1,0.4886262708588027
F2Ia10,onset,0,0.5633197763091001
F2Ia10,onset,1,0.5000762582613116
F2Ia10,pitch,0,0.46809922363980233
F2Ia10,pitch,1,0.49205876513797897
F2Ia10,speech,0,0.5320731847486495
F2Ia10,speech,1,0.5324493485052715
F2Ia10,volume,0,0.541451156181102
F2Ia10,volume,1,0.5322612666269605
F2Ia10,word_gap,0,0.4947357292554151
F2Ia10,word_gap,1,0.5028264749597329
F2Ia10,word_head_pos,0,0.4817769557903096
F2Ia10,word_head_pos,1,0.4883023520683782
F2Ia10,word_index,0,0.5515835042150832
F2Ia10,word_index,1,0.5643426748689907
F2Ia10,word_length,0,0.5442514863692882
F2Ia10,word_length,1,0.5073769892270881
F2Ia10,word_part_speech,0,0.46210929021054925
F2Ia10,word_part_speech,1,0.541757108747558
F3b1,delta_volume,0,0.517204267368839
F3b1,delta_volume,1,0.5273188928246764
F3b1,face_num,0,0.5088450727772379
F3b1,face_num,1,0.5211330888268915
F3b1,frame_brightness,0,0.5049998432651015
F3b1,frame_brightness,1,0.49758628256167514
F3b1,global_flow,0,0.4944359110999655
F3b1,global_flow,1,0.5051827006467927
F3b1,gpt2_surprisal,0,0.5205688431919584
F3b1,gpt2_surprisal,1,0.5108199324995036
F3b1,local_flow,0,0.48053875009142866
F3b1,local_flow,1,0.46108794917609686
F3b1,onset,0,0.5677935943060498
F3b1,onset,1,0.5294738179969496
F3b1,pitch,0,0.5013270221414168
F3b1,pitch,1,0.5056215583628518
F3b1,speech,0,0.5463151625340898
F3b1,speech,1,0.52284149922155
F3b1,volume,0,0.5214413341274569
F3b1,volume,1,0.5114416475972541
F3b1,word_gap,0,0.4838278368915616
F3b1,word_gap,1,0.4790455283238288
F3b1,word_head_pos,0,0.48179262928016886
F3b1,word_head_pos,1,0.4805544235812879
F3b1,word_index,0,0.5459785828206881
F3b1,word_index,1,0.5222601959444064
F3b1,word_length,0,0.4882814540818992
F3b1,word_length,1,0.47808323668014585
F3b1,word_part_speech,0,0.5041241588886477
F3b1,word_part_speech,1,0.5334680920338615
F3aOF7,delta_volume,0,0.5801281046571163
F3aOF7,delta_volume,1,0.5698097238331087
F3aOF7,face_num,0,0.4632299927901947
F3aOF7,face_num,1,0.497800486923085
F3aOF7,frame_brightness,0,0.5199680260806872
F3aOF7,frame_brightness,1,0.5222459066068984
F3aOF7,global_flow,0,0.5074553566763842
F3aOF7,global_flow,1,0.5192209230640628
F3aOF7,gpt2_surprisal,0,0.5212845992288643
F3aOF7,gpt2_surprisal,1,0.5535092943794865
F3aOF7,local_flow,0,0.48525124604244385
F3aOF7,local_flow,1,0.4865625946940012
F3aOF7,onset,0,0.5755083884087443
F3aOF7,onset,1,0.5517158108795119
F3aOF7,pitch,0,0.49205876513797897
F3aOF7,pitch,1,0.5291526911382088
F3aOF7,speech,0,0.5407771961171541
F3aOF7,speech,1,0.5381962947869973
F3aOF7,volume,0,0.5189544737364555
F3aOF7,volume,1,0.5158563472409434
F3aOF7,word_gap,0,0.5159918159712937
F3aOF7,word_gap,1,0.4864521986803565
F3aOF7,word_head_pos,0,0.5500036571476339
F3aOF7,word_head_pos,1,0.5281913837601748
F3aOF7,word_index,0,0.5318067897015266
F3aOF7,word_index,1,0.5409204830257462
F3aOF7,word_length,0,0.5298893451615937
F3aOF7,word_length,1,0.4969619552156149
F3aOF7,word_part_speech,0,0.5501817885825917
F3aOF7,word_part_speech,1,0.5518775775993054
T1aIc3,delta_volume,0,0.7853358828876839
T1aIc3,delta_volume,1,0.7642027940607923
T1aIc3,face_num,0,0.49320815439432414
T1aIc3,face_num,1,0.5150831217412202
T1aIc3,frame_brightness,0,0.5077374794938507
T1aIc3,frame_brightness,1,0.4900316604495157
T1aIc3,global_flow,0,0.517329655287713
T1aIc3,global_flow,1,0.5063791103727155
T1aIc3,gpt2_surprisal,0,0.5539899480685035
T1aIc3,gpt2_surprisal,1,0.5616856315893963
T1aIc3,local_flow,0,0.4851154091303303
T1aIc3,local_flow,1,0.5173610022674315
T1aIc3,onset,0,0.8050330452465684
T1aIc3,onset,1,0.8134341637010676
T1aIc3,pitch,0,0.5448940994535176
T1aIc3,pitch,1,0.5469003061555019
T1aIc3,speech,0,0.6249908571309155
T1aIc3,speech,1,0.6324462138072997
T1aIc3,volume,0,0.5335151458157007
T1aIc3,volume,1,0.5208248435263263
T1aIc3,word_gap,0,0.5915323909677179
T1aIc3,word_gap,1,0.5999900498131231
T1aIc3,word_head_pos,0,0.5587181175093779
T1aIc3,word_head_pos,1,0.5904151385014054
T1aIc3,word_index,0,0.7262702210070631
T1aIc3,word_index,1,0.7577124629756209
T1aIc3,word_length,0,0.5373682120727667
T1aIc3,word_length,1,0.5342674733289448
T1aIc3,word_part_speech,0,0.527417516822227
T1aIc3,word_part_speech,1,0.5862003472975907
P2a9,delta_volume,0,0.533760697156829
P2a9,delta_volume,1,0.5082390311693469
P2a9,face_num,0,0.5164049193860172
P2a9,face_num,1,0.49206921413121846
P2a9,frame_brightness,0,0.5076120915749767
P2a9,frame_brightness,1,0.5138240180558603
P2a9,global_flow,0,0.5248633794133936
P2a9,global_flow,1,0.5016091449588833
P2a9,gpt2_surprisal,0,0.504064658370166
P2a9,gpt2_surprisal,1,0.540254746455179
P2a9,local_flow,0,0.49958204027041997
P2a9,local_flow,1,0.503521310721712
P2a9,onset,0,0.528075749872903
P2a9,onset,1,0.5356126080325369
P2a9,pitch,0,0.5011702872428242
P2a9,pitch,1,0.5081449902301913
P2a9,speech,0,0.5256784008860746
P2a9,speech,1,0.49513076915039234
P2a9,volume,0,0.5003030208039456
P2a9,volume,1,0.5009613073780341
P2a9,word_gap,0,0.5055068065497105
P2a9,word_gap,1,0.5035043314407248
P2a9,word_head_pos,0,0.5100728294828794
P2a9,word_head_pos,1,0.5150569992581215
P2a9,word_index,0,0.5214399635452267
P2a9,word_index,1,0.5315333789018
P2a9,word_length,0,0.49676603659237434
P2a9,word_length,1,0.5281757102703155
P2a9,word_part_speech,0,0.5441040807466898
P2a9,word_part_speech,1,0.5566936184067723
T1cIe8,delta_volume,0,0.7244104155564611
T1cIe8,delta_volume,1,0.7321661807884811
T1cIe8,face_num,0,0.5230034586167622
T1cIe8,face_num,1,0.52535448209565
T1cIe8,frame_brightness,0,0.5199419035975884
T1cIe8,frame_brightness,1,0.4932029298977044
T1cIe8,global_flow,0,0.5094197674054105
T1cIe8,global_flow,1,0.49836473255801805
T1cIe8,gpt2_surprisal,0,0.5484572061481876
T1cIe8,gpt2_surprisal,1,0.5719674409370658
T1cIe8,local_flow,0,0.48417499973877515
T1cIe8,local_flow,1,0.48563785879230537
T1cIe8,onset,0,0.8328800203355363
T1cIe8,onset,1,0.8378368073207931
T1cIe8,pitch,0,0.5232908059308485
T1cIe8,pitch,1,0.5305267337492032
T1cIe8,speech,0,0.6251737145126066
T1cIe8,speech,1,0.6301996802608069
T1cIe8,volume,0,0.5287242824153893
T1cIe8,volume,1,0.5139285079882554
T1cIe8,word_gap,0,0.5860660070521949
T1cIe8,word_gap,1,0.5974714087598958
T1cIe8,word_head_pos,0,0.5741199335444029
T1cIe8,word_head_pos,1,0.5556461134969646
T1cIe8,word_index,0,0.7897698792435633
T1cIe8,word_index,1,0.7856231487810434
T1cIe8,word_length,0,0.5193881069558948
T1cIe8,word_length,1,0.530113998516243
T1cIe8,word_part_speech,0,0.564412850010853
T1cIe8,word_part_speech,1,0.5496798350336445
P2b9,delta_volume,0,0.5047438429307336
P2b9,delta_volume,1,0.5012434301955007
P2b9,face_num,0,0.522820601235071
P2b9,face_num,1,0.5643501248654692
P2b9,frame_brightness,0,0.4853139400018808
P2b9,frame_brightness,1,0.4721325350302499
P2b9,global_flow,0,0.4940910943230619
P2b9,global_flow,1,0.5313208572354053
P2b9,gpt2_surprisal,0,0.5183797791082829
P2b9,gpt2_surprisal,1,0.5071993563420165
P2b9,local_flow,0,0.4915728869523422
P2b9,local_flow,1,0.4826024262562302
P2b9,onset,0,0.5409888154550075
P2b9,onset,1,0.5541179461108287
P2b9,pitch,0,0.499895510067605
P2b9,pitch,1,0.495768157738002
P2b9,speech,0,0.4868708399945665
P2b9,speech,1,0.4984117530275958
P2b9,volume,0,0.48389287692130867
P2b9,volume,1,0.45849659885270055
P2b9,word_gap,0,0.5064085422354339
P2b9,word_gap,1,0.5213276036840567
P2b9,word_head_pos,0,0.5273502398043948
P2b9,word_head_pos,1,0.5101355234423164
P2b9,word_index,0,0.5305536568694462
P2b9,word_index,1,0.5317384370015948
P2b9,word_length,0,0.5113058106851405
P2b9,word_length,1,0.524351378744658
P2b9,word_part_speech,0,0.4979514868678099
P2b9,word_part_speech,1,0.5194676579118732
O1aIb12,delta_volume,0,0.5214256606375975
O1aIb12,delta_volume,1,0.5117133214214811
O1aIb12,face_num,0,0.48748733059569715
O1aIb12,face_num,1,0.4907317429965623
O1aIb12,frame_brightness,0,0.5177685130037721
O1aIb12,frame_brightness,1,0.5030929019988923
O1aIb12,global_flow,0,0.45387291934422114
O1aIb12,global_flow,1,0.4711660031555959
O1aIb12,gpt2_surprisal,0,0.48547067490047335
O1aIb12,gpt2_surprisal,1,0.49597713760279194
O1aIb12,local_flow,0,0.4807372809629792
O1aIb12,local_flow,1,0.486860391001327
O1aIb12,onset,0,0.4793467208947636
O1aIb12,onset,1,0.5269827147941027
O1aIb12,pitch,0,0.5077009080175126
O1aIb12,pitch,1,0.5173348797843329
O1aIb12,speech,0,0.516849001598696
O1aIb12,speech,1,0.5168960220682737
O1aIb12,volume,0,0.4991379580577412
O1aIb12,volume,1,0.526655381753968
O1aIb12,word_gap,0,0.5152642085559169
O1aIb12,word_gap,1,0.5299593907998085
O1aIb12,word_head_pos,0,0.5305162847559638
O1aIb12,word_head_pos,1,0.519445576418712
O1aIb12,word_index,0,0.5327865117338801
O1aIb12,word_index,1,0.5221007063112326
O1aIb12,word_length,0,0.49499493223827884
O1aIb12,word_length,1,0.4766360511164749
O1aIb12,word_part_speech,0,0.524012372476666
O1aIb12,word_part_speech,1,0.504721076622531
O1bId10,delta_volume,0,0.5269113820883358
O1bId10,delta_volume,1,0.5071941318453966
O1bId10,face_num,0,0.5064522533253921
O1bId10,face_num,1,0.5036832701169243
O1bId10,frame_brightness,0,0.48681337053174933
O1bId10,frame_brightness,1,0.4656332612352799
O1bId10,global_flow,0,0.4672319572009237
O1bId10,global_flow,1,0.46798428471416775
O1bId10,gpt2_surprisal,0,0.49982236711492845
O1bId10,gpt2_surprisal,1,0.5257463193421315
O1bId10,local_flow,0,0.5038191070290378
O1bId10,local_flow,1,0.5177214925341943
O1bId10,onset,0,0.537709710218607
O1bId10,onset,1,0.5235256736146416
O1bId10,pitch,0,0.5018808187831102
O1bId10,pitch,1,0.49985371409464696
O1bId10,speech,0,0.48257107927651177
O1bId10,speech,1,0.4921893775534727
O1bId10,volume,0,0.4790706665412787
O1bId10,volume,1,0.5414407071878624
O1bId10,word_gap,0,0.5209295962089787
O1bId10,word_gap,1,0.5260974745181932
O1bId10,word_head_pos,0,0.48467655141427124
O1bId10,word_head_pos,1,0.47376257797561205
O1bId10,word_index,0,0.536226930963773
O1bId10,word_index,1,0.5603782182729551
O1bId10,word_length,0,0.5125544653772609
O1bId10,word_length,1,0.53248069548499
O1bId10,word_part_speech,0,0.47826676796179735
O1bId10,word_part_speech,1,0.5493271109181679
F2Ia11,delta_volume,0,0.5151353667074177
F2Ia11,delta_volume,1,0.5153077750958694
F2Ia11,face_num,0,0.5077322549972311
F2Ia11,face_num,1,0.5198269646719539
F2Ia11,frame_brightness,0,0.5112483412223232
F2Ia11,frame_brightness,1,0.5049005778293262
F2Ia11,global_flow,0,0.5155533264369978
F2Ia11,global_flow,1,0.5076852345276534
F2Ia11,gpt2_surprisal,0,0.5455262635445075
F2Ia11,gpt2_surprisal,1,0.5420206263126548
F2Ia11,local_flow,0,0.5172565123350366
F2Ia11,local_flow,1,0.467623794447405
F2Ia11,onset,0,0.5526182003050331
F2Ia11,onset,1,0.5191535332994407
F2Ia11,pitch,0,0.4894883128010617
F2Ia11,pitch,1,0.5150204277817833
F2Ia11,speech,0,0.5228258257316908
F2Ia11,speech,1,0.5055640889000345
F2Ia11,volume,0,0.54337899543379
F2Ia11,volume,1,0.5116558519586638
F2Ia11,word_gap,0,0.5011473809242479
F2Ia11,word_gap,1,0.4701463299357591
F2Ia11,word_head_pos,0,0.4951673406267306
F2Ia11,word_head_pos,1,0.49982236711492845
F2Ia11,word_index,0,0.5681704260651628
F2Ia11,word_index,1,0.5505126452494874
F2Ia11,word_length,0,0.5189179022601172
F2Ia11,word_length,1,0.5053289865521456
F2Ia11,word_part_speech,0,0.4637372476665943
F2Ia11,word_part_speech,1,0.5271868895159539
F3b2,delta_volume,0,0.520265822388013
F3b2,delta_volume,1,0.5202814958778722
F3b2,face_num,0,0.5154906324775608
F3b2,face_num,1,0.5246909710249417
F3b2,frame_brightness,0,0.5007209805335255
F3b2,frame_brightness,1,0.4909929678275498
F3b2,global_flow,0,0.4999529795304223
F3b2,global_flow,1,0.4938403184853139
F3b2,gpt2_surprisal,0,0.5109087489420394
F3b2,gpt2_surprisal,1,0.5083696435848406
F3b2,local_flow,0,0.48888749568979034
F3b2,local_flow,1,0.47283784207391616
F3b2,onset,0,0.5701067615658363
F3b2,onset,1,0.535866802236909
F3b2,pitch,0,0.49555395337659214
F3b2,pitch,1,0.49560619834278974
F3b2,speech,0,0.5295810998610284
F3b2,speech,1,0.5367125377469881
F3b2,volume,0,0.5271308109463653
F3b2,volume,1,0.5193567599761763
F3b2,word_gap,0,0.48865367752688105
F3b2,word_gap,1,0.48833651532017835
F3b2,word_head_pos,0,0.4819180171990429
F3b2,word_head_pos,1,0.4643793820465398
F3b2,word_index,0,0.5467304625199362
F3b2,word_index,1,0.5325814536340852
F3b2,word_length,0,0.4821557317952415
F3b2,word_length,1,0.46565415922175896
F3b2,word_part_speech,0,0.5040834599522466
F3b2,word_part_speech,1,0.5210006511829823
F3aOF8,delta_volume,0,0.563263429568561
F3aOF8,delta_volume,1,0.5548572145073822
F3aOF8,face_num,0,0.4971317513557568
F3aOF8,face_num,1,0.5056633543358098
F3aOF8,frame_brightness,0,0.4915467644692434
F3aOF8,frame_brightness,1,0.49875134530787957
F3aOF8,global_flow,0,0.48399736685370365
F3aOF8,global_flow,1,0.5053969050082024
F3aOF8,gpt2_surprisal,0,0.5190589636688505
F3aOF8,gpt2_surprisal,1,0.5403435628977148
F3aOF8,local_flow,0,0.49226252050614927
F3aOF8,local_flow,1,0.5252604411564945
F3aOF8,onset,0,0.562290289781393
F3aOF8,onset,1,0.5614133197763091
F3aOF8,pitch,0,0.500501551675496
F3aOF8,pitch,1,0.4927536231884059
F3aOF8,speech,0,0.5164414908623555
F3aOF8,speech,1,0.500146285905353
F3aOF8,volume,0,0.5236878676739496
F3aOF8,volume,1,0.5080927452639938
F3aOF8,word_gap,0,0.5093749416981238
F3aOF8,word_gap,1,0.5000279849005914
F3aOF8,word_head_pos,0,0.4976437520244924
F3aOF8,word_head_pos,1,0.5403069914213765
F3aOF8,word_index,0,0.5694691273638641
F3aOF8,word_index,1,0.5321029847345637
F3aOF8,word_length,0,0.49959771376027917
F3aOF8,word_length,1,0.5369215176117781
F3aOF8,word_part_speech,0,0.5165509008031257
F3aOF8,word_part_speech,1,0.5038121337095725
T1aIc4,delta_volume,0,0.5375432327095284
T1aIc4,delta_volume,1,0.5086674398921665
T1aIc4,face_num,0,0.5282958736925697
T1aIc4,face_num,1,0.5015046550264882
T1aIc4,frame_brightness,0,0.5104071972665434
T1aIc4,frame_brightness,1,0.5251559512240995
T1aIc4,global_flow,0,0.522737009289155
T1aIc4,global_flow,1,0.5016457164352215
T1aIc4,gpt2_surprisal,0,0.49121239668557937
T1aIc4,gpt2_surprisal,1,0.5090749506285068
T1aIc4,local_flow,0,0.46821938706205657
T1aIc4,local_flow,1,0.4854758993970931
T1aIc4,onset,0,0.5360066090493136
T1aIc4,onset,1,0.4828291814946619
T1aIc4,pitch,0,0.5084480110341368
T1aIc4,pitch,1,0.49356342016446714
T1aIc4,speech,0,0.5103967482733038
T1aIc4,speech,1,0.4997231016791532
T1aIc4,volume,0,0.5249626448491688
T1aIc4,volume,1,0.5170318589803873
T1aIc4,word_gap,0,0.49683770623317025
T1aIc4,word_gap,1,0.5056125272852781
T1aIc4,word_head_pos,0,0.47706445983929446
T1aIc4,word_head_pos,1,0.46944191927107826
T1aIc4,word_index,0,0.5260195944406472
T1aIc4,word_index,1,0.5072226019594441
T1aIc4,word_length,0,0.49374105304953875
T1aIc4,word_length,1,0.4708264108753122
T1aIc4,word_part_speech,0,0.494722704579987
T1aIc4,word_part_speech,1,0.5060912741480357
T1b1,delta_volume,0,0.8152461260357564
T1b1,delta_volume,1,0.8124562448408096
T1b1,face_num,0,0.5073012340261016
T1b1,face_num,1,0.536858823652341
T1b1,frame_brightness,0,0.5356989854027564
T1b1,frame_brightness,1,0.4927118272154478
T1b1,global_flow,0,0.4983908550411168
T1b1,global_flow,1,0.49212668359403566
T1b1,gpt2_surprisal,0,0.5723854006666458
T1b1,gpt2_surprisal,1,0.6093748367344807
T1b1,local_flow,0,0.494676237944474
T1b1,local_flow,1,0.49636375035265357
T1b1,onset,0,0.8700050838840875
T1b1,onset,1,0.9148195221148958
T1b1,pitch,0,0.5367595582165658
T1b1,pitch,1,0.5473078168918424
T1b1,speech,0,0.6865197538217193
T1b1,speech,1,0.6760028421261611
T1b1,volume,0,0.5357042098993762
T1b1,volume,1,0.5325172669613283
T1b1,word_gap,0,0.6377012580767532
T1b1,word_gap,1,0.6453100416042189
T1b1,word_head_pos,0,0.5942603680135419
T1b1,word_head_pos,1,0.620262687690041
T1b1,word_index,0,0.8480747322852586
T1b1,word_index,1,0.820050125313283
T1b1,word_length,0,0.5603899564276982
T1b1,word_length,1,0.5202605978913932
T1b1,word_part_speech,0,0.5451486867809855
T1b1,word_part_speech,1,0.5721185153028001
T1cIe9,delta_volume,0,0.7314138532752369
T1cIe9,delta_volume,1,0.7331222636698955
T1cIe9,face_num,0,0.4950680751909553
T1cIe9,face_num,1,0.5204382307764648
T1cIe9,frame_brightness,0,0.4989394271861906
T1cIe9,frame_brightness,1,0.5047595164205929
T1cIe9,global_flow,0,0.5093622979425932
T1cIe9,global_flow,1,0.5044355976301683
T1cIe9,gpt2_surprisal,0,0.538410499148407
T1cIe9,gpt2_surprisal,1,0.5683729872626773
T1cIe9,local_flow,0,0.4883389235447164
T1cIe9,local_flow,1,0.47967670814916985
T1cIe9,onset,0,0.8255338078291815
T1cIe9,onset,1,0.8234367056431113
T1cIe9,pitch,0,0.5214988035902741
T1cIe9,pitch,1,0.5443873232814018
T1cIe9,speech,0,0.6322476829357492
T1cIe9,speech,1,0.6158793350260702
T1cIe9,volume,0,0.5209502314452001
T1cIe9,volume,1,0.48341222323229155
T1cIe9,word_gap,0,0.6154128394723913
T1cIe9,word_gap,1,0.592956511464481
T1cIe9,word_head_pos,0,0.5530234161938496
T1cIe9,word_head_pos,1,0.5544235812879429
T1cIe9,word_index,0,0.7629756208703576
T1cIe9,word_index,1,0.7786967418546366
T1cIe9,word_length,0,0.5238184800894434
T1cIe9,word_length,1,0.5313522042151239
T1cIe9,word_part_speech,0,0.5747503798567398
T1cIe9,word_part_speech,1,0.557032776210115
P2b10,delta_volume,0,0.5093152774730155
P2b10,delta_volume,1,0.4934589302320722
P2b10,face_num,0,0.5209188844654817
P2b10,face_num,1,0.5303595498573712
P2b10,frame_brightness,0,0.5019435127425473
P2b10,frame_brightness,1,0.47854299238268394
P2b10,global_flow,0,0.5023980439484655
P2b10,global_flow,1,0.4955905248529304
P2b10,gpt2_surprisal,0,0.5065671922510266
P2b10,gpt2_surprisal,1,0.4803088722401596
P2b10,local_flow,0,0.48776945341316363
P2b10,local_flow,1,0.5098534006248499
P2b10,onset,0,0.5150864260294865
P2b10,onset,1,0.5352948652770717
P2b10,pitch,0,0.5007888989895823
P2b10,pitch,1,0.4893420268957086
P2b10,speech,0,0.47152649342235875
P2b10,speech,1,0.5094615633783686
P2b10,volume,0,0.48110822022298155
P2b10,volume,1,0.4891643940106371
P2b10,word_gap,0,0.49865361533821306
P2b10,word_gap,1,0.4968190496327759
P2b10,word_head_pos,0,0.505825313731022
P2b10,word_head_pos,1,0.49401272687376574
P2b10,word_index,0,0.5348826611984506
P2b10,word_index,1,0.5243335611756664
P2b10,word_length,0,0.5156578163693928
P2b10,word_length,1,0.517496839179545
P2b10,word_part_speech,0,0.5346347948773605
P2b10,word_part_speech,1,0.49833134360755377
O1aIb13,delta_volume,0,0.5370834770069903
O1aIb13,delta_volume,1,0.5377208655946
O1aIb13,face_num,0,0.5084480110341368
O1aIb13,face_num,1,0.5133747113465618
O1aIb13,frame_brightness,0,0.5106893200840099
O1aIb13,frame_brightness,1,0.48018348432128566
O1aIb13,global_flow,0,0.4808678933784729
O1aIb13,global_flow,1,0.49567411679884643
O1aIb13,gpt2_surprisal,0,0.5397061743101053
O1aIb13,gpt2_surprisal,1,0.5388807038441846
O1aIb13,local_flow,0,0.5171572468992612
O1aIb13,local_flow,1,0.5135262217485346
O1aIb13,onset,0,0.5042831723436705
O1aIb13,onset,1,0.5298042704626335
O1aIb13,pitch,0,0.5127112002758534
O1aIb13,pitch,1,0.48976521112190835
O1aIb13,speech,0,0.5366864152638894
O1aIb13,speech,1,0.49341452201080427
O1aIb13,volume,0,0.4829524675297535
O1aIb13,volume,1,0.5076538875479348
O1aIb13,word_gap,0,0.5148786388144353
O1aIb13,word_gap,1,0.5490637496035473
O1aIb13,word_head_pos,0,0.5394971944453152
O1aIb13,word_head_pos,1,0.5140434469138898
O1aIb13,word_index,0,0.5070631123262701
O1aIb13,word_index,1,0.4996582365003418
O1aIb13,word_length,0,0.5374648652602323
O1aIb13,word_length,1,0.5100676049862596
O1aIb13,word_part_speech,0,0.497381701758194
O1aIb13,word_part_speech,1,0.4900151942695897
O1bId11,delta_volume,0,0.5362005370782525
O1bId11,delta_volume,1,0.5330762880996416
O1bId11,face_num,0,0.5014158385839523
O1bId11,face_num,1,0.498845386247035
O1bId11,frame_brightness,0,0.4721429840234893
O1bId11,frame_brightness,1,0.4791020135209972
O1bId11,global_flow,0,0.4847888780915959
O1bId11,global_flow,1,0.47398200683364156
O1bId11,gpt2_surprisal,0,0.49463966646813573
O1bId11,gpt2_surprisal,1,0.528436935101303
O1bId11,local_flow,0,0.5288862418106015
O1bId11,local_flow,1,0.5148845908696698
O1bId11,onset,0,0.5253685815963396
O1bId11,onset,1,0.5222674123029996
O1bId11,pitch,0,0.47735180715338077
O1bId11,pitch,1,0.49143182554360887
O1bId11,speech,0,0.5044355976301683
O1bId11,speech,1,0.48531394000188083
O1bId11,volume,0,0.48147915948298375
O1bId11,volume,1,0.49529272854560463
O1bId11,word_gap,0,0.49568099700872503
O1bId11,word_gap,1,0.5095552888352685
O1bId11,word_head_pos,0,0.4776809504404251
O1bId11,word_head_pos,1,0.5006844090571874
O1bId11,word_index,0,0.5436318067897015
O1bId11,word_index,1,0.5012531328320802
O1bId11,word_length,0,0.5088137257975194
O1bId11,word_length,1,0.5257306458522721
O1bId11,word_part_speech,0,0.48943184284784025
O1bId11,word_part_speech,1,0.5058742131538962
F2Ia12,delta_volume,0,0.5215353750666123
F2Ia12,delta_volume,1,0.5086413174090676
F2Ia12,face_num,0,0.5063007429234194
F2Ia12,face_num,1,0.5185103915237768
F2Ia12,frame_brightness,0,0.5192888415201196
F2Ia12,frame_brightness,1,0.49188635674952724
F2Ia12,global_flow,0,0.5254276250483266
F2Ia12,global_flow,1,0.501593471469024
F2Ia12,gpt2_surprisal,0,0.5308349790497686
F2Ia12,gpt2_surprisal,1,0.511587933502607
F2Ia12,local_flow,0,0.5398681337053175
F2Ia12,local_flow,1,0.5348682904402161
F2Ia12,onset,0,0.5326385358413828
F2Ia12,onset,1,0.5067996949669548
F2Ia12,pitch,0,0.520830068022946
F2Ia12,pitch,1,0.5266501572573482
F2Ia12,speech,0,0.477513766548593
F2Ia12,speech,1,0.4909616208478313
F2Ia12,volume,0,0.4903137832669823
F2Ia12,volume,1,0.5141113653699466
F2Ia12,word_gap,0,0.49653298176006366
F2Ia12,word_gap,1,0.4514710729410887
F2Ia12,word_head_pos,0,0.5267233002100248
F2Ia12,word_head_pos,1,0.4846034084615947
F2Ia12,word_index,0,0.5475734791524265
F2Ia12,word_index,1,0.5286169970380497
F2Ia12,word_length,0,0.5145554475826254
F2Ia12,word_length,1,0.5011441647597255
F2Ia12,word_part_speech,0,0.4913446928586933
F2Ia12,word_part_speech,1,0.5409159973952681
F3b3,delta_volume,0,0.5208457415128052
F3b3,delta_volume,1,0.5164519398555949
F3b3,face_num,0,0.5031608204549491
F3b3,face_num,1,0.5008463684523996
F3b3,frame_brightness,0,0.5003291432870443
F3b3,frame_brightness,1,0.49118104970586085
F3b3,global_flow,0,0.48924798595655306
F3b3,global_flow,1,0.4992111010104177
F3b3,gpt2_surprisal,0,0.5065306207746884
F3b3,gpt2_surprisal,1,0.5079307858687816
F3b3,local_flow,0,0.4979728953115367
F3b3,local_flow,1,0.4862595738900557
F3b3,onset,0,0.5561896288764616
F3b3,onset,1,0.5375953228266396
F3b3,pitch,0,0.5066403352037031
F3b3,pitch,1,0.5106005036414741
F3b3,speech,0,0.5206106391649165
F3b3,speech,1,0.5438700981160466
F3b3,volume,0,0.5321515521979456
F3b3,volume,1,0.5060499670856713
F3b3,word_gap,0,0.49885261907575207
F3b3,word_gap,1,0.49802550979160576
F3b3,word_head_pos,0,0.4925237453371368
F3b3,word_head_pos,1,0.45659488208311133
F3b3,word_index,0,0.5449077238550922
F3b3,word_index,1,0.5302346776030986
F3b3,word_length,0,0.46894559209220193
F3b3,word_length,1,0.4620126850777927
F3b3,word_part_speech,0,0.49164315172563483
F3b3,word_part_speech,1,0.5175683742131538
F3d1,delta_volume,0,0.5462629175678924
F3d1,delta_volume,1,0.5411115639008182
F3d1,face_num,0,0.4907526409830413
F3d1,face_num,1,0.5164676133454542
F3d1,frame_brightness,0,0.49823934463914404
F3d1,frame_brightness,1,0.4941799107655977
F3d1,global_flow,0,0.5090018076758305
F3d1,global_flow,1,0.4592959468355224
F3d1,gpt2_surprisal,0,0.53457571862951
F3d1,gpt2_surprisal,1,0.5198217401753341
F3d1,local_flow,0,0.4957995047177205
F3d1,local_flow,1,0.5208561905060447
F3d1,onset,0,0.538650228774784
F3d1,onset,1,0.5494280630401627
F3d1,pitch,0,0.5051618026603137
F3d1,pitch,1,0.48781124938612164
F3d1,speech,0,0.49385076747855344
F3d1,speech,1,0.5309028975058253
F3d1,volume,0,0.44031535061596816
F3d1,volume,1,0.4870327993897788
F3d1,word_gap,0,0.47936269053053154
F3d1,word_gap,1,0.49928172088482026
F3d1,word_head_pos,0,0.5065462942645477
F3d1,word_head_pos,1,0.5243853379726863
F3d1,word_index,0,0.5263613579403054
F3d1,word_index,1,0.49769879243563453
F3d1,word_length,0,0.5204225572866054
F3d1,word_length,1,0.4971213023625174
F3d1,word_part_speech,0,0.541811373996093
F3d1,word_part_speech,1,0.5349332537443021
T1aIc5,delta_volume,0,0.5126824655444449
T1aIc5,delta_volume,1,0.5053342110487654
T1aIc5,face_num,0,0.5177685130037721
T1aIc5,face_num,1,0.5019487372391671
T1aIc5,frame_brightness,0,0.4916460299050186
T1aIc5,frame_brightness,1,0.488830026226973
T1aIc5,global_flow,0,0.5060708650721503
T1aIc5,global_flow,1,0.4972728127644901
T1aIc5,gpt2_surprisal,0,0.5385515605571403
T1aIc5,gpt2_surprisal,1,0.5435775263053405
T1aIc5,local_flow,0,0.46341285017188594
T1aIc5,local_flow,1,0.48867851582500027
T1aIc5,onset,0,0.5407600406710728
T1aIc5,onset,1,0.5231570920183021
T1aIc5,pitch,0,0.501635267441982
T1aIc5,pitch,1,0.5388963773340439
T1aIc5,speech,0,0.5062537224538415
T1aIc5,speech,1,0.4660616699580995
T1aIc5,volume,0,0.5143360187245958
T1aIc5,volume,1,0.5096705432431585
T1aIc5,word_gap,0,0.49932525295240704
T1aIc5,word_gap,1,0.5002518641053227
T1aIc5,word_head_pos,0,0.4860244715421669
T1aIc5,word_head_pos,1,0.4948852178092641
T1aIc5,word_index,0,0.5464114832535885
T1aIc5,word_index,1,0.5328776486671223
T1aIc5,word_length,0,0.5297430592562407
T1aIc5,word_length,1,0.5327680427990763
T1aIc5,word_part_speech,0,0.47184990232255253
T1aIc5,word_part_speech,1,0.5223437160842197
T1b2,delta_volume,0,0.8203818062129714
T1b2,delta_volume,1,0.8034283146818804
T1b2,face_num,0,0.4854184299342758
T1b2,face_num,1,0.5079569083518802
T1b2,frame_brightness,0,0.5060656405755305
T1b2,frame_brightness,1,0.4994148563785879
T1b2,global_flow,0,0.5119588727626093
T1b2,global_flow,1,0.5088398482806182
T1b2,gpt2_surprisal,0,0.5704209899376195
T1b2,gpt2_surprisal,1,0.6075096914412297
T1b2,local_flow,0,0.514377814697554
T1b2,local_flow,1,0.5182491666927891
T1b2,onset,0,0.8842399593289273
T1b2,onset,1,0.8923487544483986
T1b2,pitch,0,0.5371801301944559
T1b2,pitch,1,0.5518583534476453
T1b2,speech,0,0.6768230880954621
T1b2,speech,1,0.671541122012894
T1b2,volume,0,0.528227955236513
T1b2,volume,1,0.5176535740781376
T1b2,word_gap,0,0.6475954751525177
T1b2,word_gap,1,0.6502384935417068
T1b2,word_head_pos,0,0.6357898916439401
T1b2,word_head_pos,1,0.6092285508291276
T1b2,word_index,0,0.8403053087263613
T1b2,word_index,1,0.8243335611756664
T1b2,word_length,0,0.5455523860276063
T1b2,word_length,1,0.5068127435921549
T1b2,word_part_speech,0,0.5529357499457348
T1b2,word_part_speech,1,0.5502903190796613
T1cIe10,delta_volume,0,0.7221351472785595
T1cIe10,delta_volume,1,0.7084939866043906
T1cIe10,face_num,0,0.4722997189220819
T1cIe10,face_num,1,0.5182334932029298
T1cIe10,frame_brightness,0,0.5074083362068065
T1cIe10,frame_brightness,1,0.5231915404950733
T1cIe10,global_flow,0,0.49811918121688975
T1cIe10,global_flow,1,0.5046915979645361
T1cIe10,gpt2_surprisal,0,0.5416131155763143
T1cIe10,gpt2_surprisal,1,0.5721973187883347
T1cIe10,local_flow,0,0.4841488772556764
T1cIe10,local_flow,1,0.47664650010971443
T1cIe10,onset,0,0.830986273512964
T1cIe10,onset,1,0.8369217081850533
T1cIe10,pitch,0,0.5175386351525031
T1cIe10,pitch,1,0.5402442974619396
T1cIe10,speech,0,0.6720270001985309
T1cIe10,speech,1,0.6321379685067343
T1cIe10,volume,0,0.5116036069924663
T1cIe10,volume,1,0.4859722265759694
T1cIe10,word_gap,0,0.6138643416396663
T1cIe10,word_gap,1,0.5979129483025603
T1cIe10,word_head_pos,0,0.5602750175020637
T1cIe10,word_head_pos,1,0.5812774939134615
T1cIe10,word_index,0,0.7591250854408749
T1cIe10,word_index,1,0.7752563226247438
T1cIe10,word_length,0,0.5199419035975884
T1cIe10,word_length,1,0.54589197830789
T1cIe10,word_part_speech,0,0.5611976340351639
T1cIe10,word_part_speech,1,0.5407667679617973
P2b11,delta_volume,0,0.5041169033363636
P2b11,delta_volume,1,0.47310429140152344
P2b11,face_num,0,0.5272666478584789
P2b11,face_num,1,0.4885844748858447
P2b11,frame_brightness,0,0.4834592437018693
P2b11,frame_brightness,1,0.4451898059621955
P2b11,global_flow,0,0.5058514362141208
P2b11,global_flow,1,0.46686624243754116
P2b11,gpt2_surprisal,0,0.4979990177946355
P2b11,gpt2_surprisal,1,0.46901351054825874
P2b11,local_flow,0,0.49887150873013375
P2b11,local_flow,1,0.5068336415786339
P2b11,onset,0,0.49384850025419424
P2b11,onset,1,0.5164844941535331
P2b11,pitch,0,0.5061178855417281
P2b11,pitch,1,0.4947964013667283
P2b11,speech,0,0.4685537548457206
P2b11,speech,1,0.4864685537548457
P2b11,volume,0,0.48223671149284764
P2b11,volume,1,0.46235750185469626
P2b11,word_gap,0,0.5216572036243556
P2b11,word_gap,1,0.5119246770853415
P2b11,word_head_pos,0,0.5129672006102212
P2b11,word_head_pos,1,0.5114677700803528
P2b11,word_index,0,0.4528366370471633
P2b11,word_index,1,0.49624060150375937
P2b11,word_length,0,0.4933544402996771
P2b11,word_length,1,0.5190955351451888
P2b11,word_part_speech,0,0.5030659865422182
P2b11,word_part_speech,1,0.5027675276752768
O1aIb14,delta_volume,0,0.5275435461793256
O1aIb14,delta_volume,1,0.5222668045933775
O1aIb14,face_num,0,0.5108512794792222
O1aIb14,face_num,1,0.5170736549533452
O1aIb14,frame_brightness,0,0.5207360270837904
O1aIb14,frame_brightness,1,0.4766726225928132
O1aIb14,global_flow,0,0.4915154174895249
O1aIb14,global_flow,1,0.4906481510506462
O1aIb14,gpt2_surprisal,0,0.5310753058942771
O1aIb14,gpt2_surprisal,1,0.5396225823641891
O1aIb14,local_flow,0,0.5369162931151583
O1aIb14,local_flow,1,0.5442253638861896
O1aIb14,onset,0,0.4853329944077275
O1aIb14,onset,1,0.5255973563802745
O1aIb14,pitch,0,0.49682350605519154
O1aIb14,pitch,1,0.490653375547266
O1aIb14,speech,0,0.5221936616407009
O1aIb14,speech,1,0.5112274432358442
O1aIb14,volume,0,0.4824300178677785
O1aIb14,volume,1,0.4916669278914977
O1aIb14,word_gap,0,0.4864086666127698
O1aIb14,word_gap,1,0.5322790281154969
O1aIb14,word_head_pos,0,0.5102870338442891
O1aIb14,word_head_pos,1,0.5033071063603022
O1aIb14,word_index,0,0.5071998177261334
O1aIb14,word_index,1,0.5406698564593301
O1aIb14,word_length,0,0.5115409130330293
O1aIb14,word_length,1,0.5006008171112715
O1aIb14,word_part_speech,0,0.4729894725417843
O1aIb14,word_part_speech,1,0.45512263946168874
O1bId12,delta_volume,0,0.5631824498709549
O1bId12,delta_volume,1,0.5484781041346667
O1bId12,face_num,0,0.48517810308976733
O1bId12,face_num,1,0.5004022862397208
O1bId12,frame_brightness,0,0.49321337889094397
O1bId12,frame_brightness,1,0.49194382621234445
O1bId12,global_flow,0,0.511483443570212
O1bId12,global_flow,1,0.47296322999279017
O1bId12,gpt2_surprisal,0,0.5054178029946814
O1bId12,gpt2_surprisal,1,0.5539324786056864
O1bId12,local_flow,0,0.5403540118909543
O1bId12,local_flow,1,0.5057260482952468
O1bId12,onset,0,0.5348500254194204
O1bId12,onset,1,0.5592272496187087
O1bId12,pitch,0,0.48260242625623023
O1bId12,pitch,1,0.5138083445660011
O1bId12,speech,0,0.4790967890243775
O1bId12,speech,1,0.5138396915457195
O1bId12,volume,0,0.5139494059747343
O1bId12,volume,1,0.5229094176776068
O1bId12,word_gap,0,0.4733303897363822
O1bId12,word_gap,1,0.5067319233089347
O1bId12,word_head_pos,0,0.49551738190025396
O1bId12,word_head_pos,1,0.49803558927097374
O1bId12,word_index,0,0.5282068808384598
O1bId12,word_index,1,0.5104351788562315
O1bId12,word_length,0,0.5201143119860401
O1bId12,word_length,1,0.5127529962488114
O1bId12,word_part_speech,0,0.46976069025396133
O1bId12,word_part_speech,1,0.49314901237247666
