electrode,task,fold,test_auroc
T2bH1,delta_volume,0,0.49596146411293274
T2bH1,delta_volume,1,0.526112034105514
T2bH1,face_num,0,0.5047020469577757
T2bH1,face_num,1,0.5040071889073487
T2bH1,frame_brightness,0,0.45070164989603256
T2bH1,frame_brightness,1,0.5074553566763842
T2bH1,global_flow,0,0.4820172826348182
T2bH1,global_flow,1,0.5166191237474269
T2bH1,gpt2_surprisal,0,0.5118021378640167
T2bH1,gpt2_surprisal,1,0.494488156066163
T2bH1,local_flow,0,0.455889575039445
T2bH1,local_flow,1,0.47957744271339464
T2bH1,onset,0,0.505145218555381
T2bH1,onset,1,0.47866829637390135
T2bH1,pitch,0,0.4711503296657368
T2bH1,pitch,1,0.515485407980941
T2bH1,speech,0,0.4803349947232584
T2bH1,speech,1,0.4776130319843684
T2bH1,volume,0,0.5323605320627358
T2bH1,volume,1,0.5337136766872512
T2bH1,word_gap,0,0.5031451469650898
T2bH1,word_gap,1,0.49618089297096224
T2bH1,word_head_pos,0,0.5043729036707314
T2bH1,word_head_pos,1,0.48828145408189916
T2bH1,word_index,0,0.5108806182631686
T2bH1,word_index,1,0.4892888617720832
T2bH1,word_length,0,0.5145397740927662
T2bH1,word_length,1,0.5376529471385432
T2bH1,word_part_speech,0,0.5244906929633452
T2bH1,word_part_speech,1,0.4862401100791194
T2bH8,delta_volume,0,0.5366550682841709
T2bH8,delta_volume,1,0.5441992414030907
T2bH8,face_num,0,0.5177632885071524
T2bH8,face_num,1,0.488412066497393
T2bH8,frame_brightness,0,0.4767875615184477
T2bH8,frame_brightness,1,0.4942687272081335
T2bH8,global_flow,0,0.505072986217778
T2bH8,global_flow,1,0.4814373635100258
T2bH8,gpt2_surprisal,0,0.4858102671807572
T2bH8,gpt2_surprisal,1,0.5080091533180777
T2bH8,local_flow,0,0.5228728462012685
T2bH8,local_flow,1,0.4876597389841488
T2bH8,onset,0,0.5204004423491067
T2bH8,onset,1,0.5209184564344334
T2bH8,pitch,0,0.46726852867726193
T2bH8,pitch,1,0.4824143443779192
T2bH8,speech,0,0.506180579501165
T2bH8,speech,1,0.5189492492398358
T2bH8,volume,0,0.4860087980523076
T2bH8,volume,1,0.5072359278183548
T2bH8,word_gap,0,0.49247150037093923
T2bH8,word_gap,1,0.4881403926731659
T2bH8,word_head_pos,0,0.4977325684670282
T2bH8,word_head_pos,1,0.48740896314640086
T2bH8,word_index,0,0.4741486452895849
T2bH8,word_index,1,0.5020450590920389
T2bH8,word_length,0,0.4392600022987785
T2bH8,word_length,1,0.4894830883044419
T2bH8,word_part_speech,0,0.4887245346481673
T2bH8,word_part_speech,1,0.48221725337308413
T2bH14,delta_volume,0,0.48482806181624405
T2bH14,delta_volume,1,0.48803590274077097
T2bH14,face_num,0,0.5045609855490424
T2bH14,face_num,1,0.47598298903900604
T2bH14,frame_brightness,0,0.49701158793350264
T2bH14,frame_brightness,1,0.469530735713614
T2bH14,global_flow,0,0.5049162513191854
T2bH14,global_flow,1,0.4809358118345297
T2bH14,gpt2_surprisal,0,0.49024586481092547
T2bH14,gpt2_surprisal,1,0.4855647158396289
T2bH14,local_flow,0,0.5329456756841479
T2bH14,local_flow,1,0.4986938758450623
T2bH14,onset,0,0.5063558582154706
T2bH14,onset,1,0.533438100226995
T2bH14,pitch,0,0.47560160078576436
T2bH14,pitch,1,0.4896450476996541
T2bH14,speech,0,0.5120790361848635
T2bH14,speech,1,0.4973825271935049
T2bH14,volume,0,0.49535019800842195
T2bH14,volume,1,0.5326531038734418
T2bH14,word_gap,0,0.5083121741220233
T2bH14,word_gap,1,0.4847496943669478
T2bH14,word_head_pos,0,0.521310721711963
T2bH14,word_head_pos,1,0.4929208070802379
T2bH14,word_index,0,0.47693941653673194
T2bH14,word_index,1,0.5121234718550154
T2bH14,word_length,0,0.4728221685840569
T2bH14,word_length,1,0.4757531111877371
T2bH14,word_part_speech,0,0.46631693613117764
T2bH14,word_part_speech,1,0.4852750066888354
T2aA4,delta_volume,0,0.535604944463601
T2aA4,delta_volume,1,0.5286563639593326
T2aA4,face_num,0,0.5327732672956961
T2aA4,face_num,1,0.5089129912332947
T2aA4,frame_brightness,0,0.48901810810528407
T2aA4,frame_brightness,1,0.5101668704220348
T2aA4,global_flow,0,0.5237662351232458
T2aA4,global_flow,1,0.4912489681619176
T2aA4,gpt2_surprisal,0,0.46652665015725736
T2aA4,gpt2_surprisal,1,0.48970251716247143
T2aA4,local_flow,0,0.47020469577756185
T2aA4,local_flow,1,0.4629269719862491
T2aA4,onset,0,0.5201385251149525
T2aA4,onset,1,0.5142250160060532
T2aA4,pitch,0,0.4638778303710438
T2aA4,pitch,1,0.517287859314755
T2aA4,speech,0,0.49314546043488705
T2aA4,speech,1,0.48789484133203764
T2aA4,volume,0,0.5009456338881748
T2aA4,volume,1,0.5309028975058253
T2aA4,word_gap,0,0.5138658140288184
T2aA4,word_gap,1,0.4882187601224623
T2aA4,word_head_pos,0,0.46461448439442865
T2aA4,word_head_pos,1,0.4907839879627598
T2aA4,word_index,0,0.5121799652000995
T2aA4,word_index,1,0.5259417440625493
T2aA4,word_length,0,0.5051774761501729
T2aA4,word_length,1,0.5098795231079486
T2aA4,word_part_speech,0,0.4630011848794099
T2aA4,word_part_speech,1,0.4896609716011161
T2aA12,delta_volume,0,0.5151876116736153
T2aA12,delta_volume,1,0.5266240347742495
T2aA12,face_num,0,0.5205897411784375
T2aA12,face_num,1,0.4725870662361681
T2aA12,frame_brightness,0,0.4935320731847487
T2aA12,frame_brightness,1,0.49455085002560006
T2aA12,global_flow,0,0.5358609447979688
T2aA12,global_flow,1,0.49396570640418797
T2aA12,gpt2_surprisal,0,0.48479149033990576
T2aA12,gpt2_surprisal,1,0.5316134290461114
T2aA12,local_flow,0,0.4717354732871488
T2aA12,local_flow,1,0.4627545635977973
T2aA12,onset,0,0.5006984459577439
T2aA12,onset,1,0.4960770618706711
T2aA12,pitch,0,0.5067239271496191
T2aA12,pitch,1,0.5262687690041065
T2aA12,speech,0,0.5068649885583525
T2aA12,speech,1,0.4944202376101063
T2aA12,volume,0,0.4963271788763153
T2aA12,volume,1,0.5028473506577641
T2aA12,word_gap,0,0.5200568425232228
T2aA12,word_gap,1,0.49964995872647666
T2aA12,word_head_pos,0,0.4822732829691859
T2aA12,word_head_pos,1,0.4729057605299729
T2aA12,word_index,0,0.5005084401057556
T2aA12,word_index,1,0.506338553318419
T2aA12,word_length,0,0.4843056121542689
T2aA12,word_length,1,0.5030511060259344
T2aA12,word_part_speech,0,0.4802966020716279
T2aA12,word_part_speech,1,0.4555383556931545
T1cIf4,delta_volume,0,0.5663981275404114
T1cIf4,delta_volume,1,0.5850443559763017
T1cIf4,face_num,0,0.49731460873744815
T1cIf4,face_num,1,0.4822367114928477
T1cIf4,frame_brightness,0,0.4957995047177205
T1cIf4,frame_brightness,1,0.4809880568007272
T1cIf4,global_flow,0,0.5076591120445545
T1cIf4,global_flow,1,0.49188113225290747
T1cIf4,gpt2_surprisal,0,0.4880776987137289
T1cIf4,gpt2_surprisal,1,0.5135000992654357
T1cIf4,local_flow,0,0.5012277567056415
T1cIf4,local_flow,1,0.48967117018275286
T1cIf4,onset,0,0.6052267039171177
T1cIf4,onset,1,0.6110936499621675
T1cIf4,pitch,0,0.5041064543431242
T1cIf4,pitch,1,0.46854853034910093
T1cIf4,speech,0,0.5301871414689194
T1cIf4,speech,1,0.5179827173651819
T1cIf4,volume,0,0.5455210390478877
T1cIf4,volume,1,0.5469525511216994
T1cIf4,word_gap,0,0.5237035411638089
T1cIf4,word_gap,1,0.5380709068681233
T1cIf4,word_head_pos,0,0.5412369518196922
T1cIf4,word_head_pos,1,0.5204173327899857
T1cIf4,word_index,0,0.587191828802567
T1cIf4,word_index,1,0.5692269450658712
T1cIf4,word_length,0,0.4917191728576951
T1cIf4,word_length,1,0.5463935299833861
T1cIf4,word_part_speech,0,0.4726044413866911
T1cIf4,word_part_speech,1,0.4925371708137446
T1cIf10,delta_volume,0,0.5443977722746414
T1cIf10,delta_volume,1,0.5522554151907463
T1cIf10,face_num,0,0.5035787801845293
T1cIf10,face_num,1,0.47295016875124085
T1cIf10,frame_brightness,0,0.5026070238132556
T1cIf10,frame_brightness,1,0.4818500987429861
T1cIf10,global_flow,0,0.5057208237986269
T1cIf10,global_flow,1,0.4760979279646406
T1cIf10,gpt2_surprisal,0,0.5259135032339635
T1cIf10,gpt2_surprisal,1,0.49637942384251277
T1cIf10,local_flow,0,0.48492732725201926
T1cIf10,local_flow,1,0.486881288987806
T1cIf10,onset,0,0.5988941272335719
T1cIf10,onset,1,0.6278970956288923
T1cIf10,pitch,0,0.4831248759182053
T1cIf10,pitch,1,0.4667617525051461
T1cIf10,speech,0,0.5528614567986374
T1cIf10,speech,1,0.5165512052913701
T1cIf10,volume,0,0.4724669028139139
T1cIf10,volume,1,0.49187068325966793
T1cIf10,word_gap,0,0.522068273721827
T1cIf10,word_gap,1,0.5220787227150664
T1cIf10,word_head_pos,0,0.4926334597661516
T1cIf10,word_head_pos,1,0.4866984316061147
T1cIf10,word_index,0,0.5940275235577249
T1cIf10,word_index,1,0.5957336225792601
T1cIf10,word_length,0,0.5006791845605676
T1cIf10,word_length,1,0.5210494968809755
T1cIf10,word_part_speech,0,0.4648931697435309
T1cIf10,word_part_speech,1,0.4856763368115277
T1bId4,delta_volume,0,0.6111563900818155
T1bId4,delta_volume,1,0.6256439192083844
T1bId4,face_num,0,0.516744511666301
T1bId4,face_num,1,0.4921319080906555
T1bId4,frame_brightness,0,0.5119588727626093
T1bId4,frame_brightness,1,0.5331076350793602
T1bId4,global_flow,0,0.524246888812263
T1bId4,global_flow,1,0.47908111553451826
T1bId4,gpt2_surprisal,0,0.534011472994577
T1bId4,gpt2_surprisal,1,0.568169231894507
T1bId4,local_flow,0,0.5034063717960775
T1bId4,local_flow,1,0.46821938706205657
T1bId4,onset,0,0.650276468191607
T1bId4,onset,1,0.6494150515103894
T1bId4,pitch,0,0.4649645256679519
T1bId4,pitch,1,0.4557276156442327
T1bId4,speech,0,0.5263993814196002
T1bId4,speech,1,0.5116454029654243
T1bId4,volume,0,0.5161854905279877
T1bId4,volume,1,0.4937515020427782
T1bId4,word_gap,0,0.5441417719402736
T1bId4,word_gap,1,0.5487288799724147
T1bId4,word_head_pos,0,0.5288810173139818
T1bId4,word_head_pos,1,0.5136098136944506
T1bId4,word_index,0,0.6448715341332791
T1bId4,word_index,1,0.6131900662102004
T1bId4,word_length,0,0.5053498845386247
T1bId4,word_length,1,0.5414563806777217
T1bId4,word_part_speech,0,0.508437488055651
T1bId4,word_part_speech,1,0.5132247830906241
T1bId10,delta_volume,0,0.5157884287848866
T1bId10,delta_volume,1,0.5378828249898122
T1bId10,face_num,0,0.5073822137237076
T1bId10,face_num,1,0.48059621955424603
T1bId10,frame_brightness,0,0.5035317597149515
T1bId10,frame_brightness,1,0.5137508751031838
T1bId10,global_flow,0,0.4934850527151709
T1bId10,global_flow,1,0.47889825815282694
T1bId10,gpt2_surprisal,0,0.48256063028327223
T1bId10,gpt2_surprisal,1,0.47382527193504903
T1bId10,local_flow,0,0.4820878133391848
T1bId10,local_flow,1,0.4710980846995392
T1bId10,onset,0,0.5121296781328212
T1bId10,onset,1,0.49351609335894303
T1bId10,pitch,0,0.48057009707114723
T1bId10,pitch,1,0.49489044230588386
T1bId10,speech,0,0.4622007669561038
T1bId10,speech,1,0.46498542365443085
T1bId10,volume,0,0.4970795063895594
T1bId10,volume,1,0.5257724418252302
T1bId10,word_gap,0,0.48418544873201463
T1bId10,word_gap,1,0.50922123653386
T1bId10,word_head_pos,0,0.4986468553754846
T1bId10,word_head_pos,1,0.4674200390792347
T1bId10,word_index,0,0.5121686665310826
T1bId10,word_index,1,0.5224052606602942
T1bId10,word_length,0,0.48701190140329975
T1bId10,word_length,1,0.5026488197862136
T1bId10,word_part_speech,0,0.4515059435080075
T1bId10,word_part_speech,1,0.44760730803042464
T1aIa7,delta_volume,0,0.6164331316677638
T1aIa7,delta_volume,1,0.6118930441052004
T1aIa7,face_num,0,0.49050708964191303
T1aIa7,face_num,1,0.5294034669759569
T1aIa7,frame_brightness,0,0.504837883869889
T1aIa7,frame_brightness,1,0.5319321233399161
T1aIa7,global_flow,0,0.5423079736267411
T1aIa7,global_flow,1,0.5318824906220286
T1aIa7,gpt2_surprisal,0,0.5196545562835021
T1aIa7,gpt2_surprisal,1,0.5235363572719769
T1aIa7,local_flow,0,0.48946741481458267
T1aIa7,local_flow,1,0.4805648725745275
T1aIa7,onset,0,0.5844653978231767
T1aIa7,onset,1,0.5884698213142425
T1aIa7,pitch,0,0.49734595571716667
T1aIa7,pitch,1,0.5096287472702006
T1aIa7,speech,0,0.5310962038807561
T1aIa7,speech,1,0.4928163171478428
T1aIa7,volume,0,0.5453329571695767
T1aIa7,volume,1,0.5457038964295791
T1aIa7,word_gap,0,0.5252970126328328
T1aIa7,word_gap,1,0.4869910034168209
T1aIa7,word_head_pos,0,0.49761240504477383
T1aIa7,word_head_pos,1,0.5181916972299719
T1aIa7,word_index,0,0.6015863331299574
T1aIa7,word_index,1,0.5731023885386302
T1aIa7,word_length,0,0.5300565290534257
T1aIa7,word_length,1,0.5045348630659436
T1aIa7,word_part_speech,0,0.5325077399380804
T1aIa7,word_part_speech,1,0.5081890455987463
P2cCc3,delta_volume,0,0.5100885029727386
P2cCc3,delta_volume,1,0.5318328579041409
P2cCc3,face_num,0,0.5044146996436893
P2cCc3,face_num,1,0.5089182157299145
P2cCc3,frame_brightness,0,0.501635267441982
P2cCc3,frame_brightness,1,0.49964995872647666
P2cCc3,global_flow,0,0.5130194455764188
P2cCc3,global_flow,1,0.4803349947232584
P2cCc3,gpt2_surprisal,0,0.4874925550923168
P2cCc3,gpt2_surprisal,1,0.47107196221644043
P2cCc3,local_flow,0,0.505699925812148
P2cCc3,local_flow,1,0.47855344137592337
P2cCc3,onset,0,0.5156917525173157
P2cCc3,onset,1,0.5186659682207089
P2cCc3,pitch,0,0.4991849785273189
P2cCc3,pitch,1,0.5108303814927432
P2cCc3,speech,0,0.5186462284358903
P2cCc3,speech,1,0.4918027648036112
P2cCc3,volume,0,0.482858426590598
P2cCc3,volume,1,0.5131239355088137
P2cCc3,word_gap,0,0.4963271788763153
P2cCc3,word_gap,1,0.5334942478292216
P2cCc3,word_head_pos,0,0.4760456829984431
P2cCc3,word_head_pos,1,0.44852303480559647
P2cCc3,word_index,0,0.5050731023885386
P2cCc3,word_index,1,0.5080107563329039
P2cCc3,word_length,0,0.4863196556011828
P2cCc3,word_length,1,0.5055249051753864
P2cCc3,word_part_speech,0,0.5027042005886175
P2cCc3,word_part_speech,1,0.48486412108703125
P2cCc10,delta_volume,0,0.5580180349623314
P2cCc10,delta_volume,1,0.5627932248727835
P2cCc10,face_num,0,0.5098847476045684
P2cCc10,face_num,1,0.4876910859638674
P2cCc10,frame_brightness,0,0.505302864069047
P2cCc10,frame_brightness,1,0.5036675966270651
P2cCc10,global_flow,0,0.48703279938977884
P2cCc10,global_flow,1,0.48642675778188765
P2cCc10,gpt2_surprisal,0,0.4929208070802378
P2cCc10,gpt2_surprisal,1,0.519320188499838
P2cCc10,local_flow,0,0.4991066110780226
P2cCc10,local_flow,1,0.4892845574328913
P2cCc10,onset,0,0.5131773470694372
P2cCc10,onset,1,0.5053954950235726
P2cCc10,pitch,0,0.4675558759913482
P2cCc10,pitch,1,0.47920127895677245
P2cCc10,speech,0,0.49518823861320954
P2cCc10,speech,1,0.4789505031190245
P2cCc10,volume,0,0.5055640889000346
P2cCc10,volume,1,0.5032444124008651
P2cCc10,word_gap,0,0.49672946511603605
P2cCc10,word_gap,1,0.5254015025652279
P2cCc10,word_head_pos,0,0.5053655580284839
P2cCc10,word_head_pos,1,0.4894726393112024
P2cCc10,word_index,0,0.5145865817006757
P2cCc10,word_index,1,0.5061125799380833
P2cCc10,word_length,0,0.4768345819880255
P2cCc10,word_length,1,0.4965570567275843
P2cCc10,word_part_speech,0,0.48061193288231474
P2cCc10,word_part_speech,1,0.4915434009861254
P2aIe1,delta_volume,0,0.4932238278841834
P2aIe1,delta_volume,1,0.5305528562323021
P2aIe1,face_num,0,0.49739820068336416
P2aIe1,face_num,1,0.49668766914307805
P2aIe1,frame_brightness,0,0.4420028630241476
P2aIe1,frame_brightness,1,0.5060551915822911
P2aIe1,global_flow,0,0.5291840381179274
P2aIe1,global_flow,1,0.5133172418837445
P2aIe1,gpt2_surprisal,0,0.4935268486881289
P2aIe1,gpt2_surprisal,1,0.4870641463694973
P2aIe1,local_flow,0,0.4561716978569115
P2aIe1,local_flow,1,0.46243064480737284
P2aIe1,onset,0,0.5046272044700542
P2aIe1,onset,1,0.49612362493452067
P2aIe1,pitch,0,0.516091449588832
P2aIe1,pitch,1,0.49280586815460337
P2aIe1,speech,0,0.5042161687721388
P2aIe1,speech,1,0.46875228571727123
P2aIe1,volume,0,0.5162220620043259
P2aIe1,volume,1,0.5039392704512919
P2aIe1,word_gap,0,0.5068075190955351
P2aIe1,word_gap,1,0.4978370583994232
P2aIe1,word_head_pos,0,0.49998432651014074
P2aIe1,word_head_pos,1,0.5143516922144551
P2aIe1,word_index,0,0.5056493345083949
P2aIe1,word_index,1,0.5357602874381397
P2aIe1,word_length,0,0.492811092651223
P2aIe1,word_length,1,0.49607640303856726
P2aIe1,word_part_speech,0,0.43617895501280435
P2aIe1,word_part_speech,1,0.45409547834728436
P2aIe7,delta_volume,0,0.5065253962780685
P2aIe7,delta_volume,1,0.5147487539575561
P2aIe7,face_num,0,0.5077897244600483
P2aIe7,face_num,1,0.5085995214361096
P2aIe7,frame_brightness,0,0.47423800716800935
P2aIe7,frame_brightness,1,0.5111334022966887
P2aIe7,global_flow,0,0.515213734156714
P2aIe7,global_flow,1,0.4953815449881404
P2aIe7,gpt2_surprisal,0,0.5255164414908623
P2aIe7,gpt2_surprisal,1,0.5011702872428241
P2aIe7,local_flow,0,0.49338056278277587
P2aIe7,local_flow,1,0.48150005746946284
P2aIe7,onset,0,0.519859146731855
P2aIe7,onset,1,0.5116058436645131
P2aIe7,pitch,0,0.49374627754615846
P2aIe7,pitch,1,0.48940733310345547
P2aIe7,speech,0,0.5110445858541529
P2aIe7,speech,1,0.4976280785346332
P2aIe7,volume,0,0.5143569167110749
P2aIe7,volume,1,0.508630868415828
P2aIe7,word_gap,0,0.5001619593952124
P2aIe7,word_gap,1,0.4813433225708703
P2aIe7,word_head_pos,0,0.5144823046299489
P2aIe7,word_head_pos,1,0.48668798261287527
P2aIe7,word_index,0,0.5245633064425012
P2aIe7,word_index,1,0.5016835016835017
P2aIe7,word_length,0,0.47628600984295166
P2aIe7,word_length,1,0.4709204518144676
P2aIe7,word_part_speech,0,0.4762833008447044
P2aIe7,word_part_speech,1,0.490559186637618
F3cIc1,delta_volume,0,0.4885479034095064
F3cIc1,delta_volume,1,0.4955069329070144
F3cIc1,face_num,0,0.48402871383342216
F3cIc1,face_num,1,0.48759704502471185
F3cIc1,frame_brightness,0,0.538117927337701
F3cIc1,frame_brightness,1,0.5147174069778377
F3cIc1,global_flow,0,0.4688045306834687
F3cIc1,global_flow,1,0.48849565844330894
F3cIc1,gpt2_surprisal,0,0.5033018818636824
F3cIc1,gpt2_surprisal,1,0.5038452295121365
F3cIc1,local_flow,0,0.48826578059203996
F3cIc1,local_flow,1,0.4856692057720239
F3cIc1,onset,0,0.4982597054886211
F3cIc1,onset,1,0.4645364064955474
F3cIc1,pitch,0,0.5387135199523526
F3cIc1,pitch,1,0.5161854905279877
F3cIc1,speech,0,0.475126171593367
F3cIc1,speech,1,0.47173024879052905
F3cIc1,volume,0,0.5313313062286449
F3cIc1,volume,1,0.5188238613209617
F3cIc1,word_gap,0,0.49877485554266854
F3cIc1,word_gap,1,0.48581026718075715
F3cIc1,word_head_pos,0,0.5048744553462273
F3cIc1,word_head_pos,1,0.48997941548331825
F3cIc1,word_index,0,0.5321108173457167
F3cIc1,word_index,1,0.5569452918446207
F3cIc1,word_length,0,0.5042057197788994
F3cIc1,word_length,1,0.515422714021504
F3cIc1,word_part_speech,0,0.46827580934908075
F3cIc1,word_part_speech,1,0.46047853839391506
F3cIc7,delta_volume,0,0.5106579731042914
F3cIc7,delta_volume,1,0.49727281276449015
F3cIc7,face_num,0,0.5104751157226002
F3cIc7,face_num,1,0.4985110184633711
F3cIc7,frame_brightness,0,0.5163683479096789
F3cIc7,frame_brightness,1,0.5190537391722309
F3cIc7,global_flow,0,0.47276469912123964
F3cIc7,global_flow,1,0.4872940242207663
F3cIc7,gpt2_surprisal,0,0.5076120915749767
F3cIc7,gpt2_surprisal,1,0.5149838563054451
F3cIc7,local_flow,0,0.4957002392819452
F3cIc7,local_flow,1,0.4987617943011191
F3cIc7,onset,0,0.5189337058378442
F3cIc7,onset,1,0.4630522088353414
F3cIc7,pitch,0,0.49035035474332056
F3cIc7,pitch,1,0.5086465419056874
F3cIc7,speech,0,0.49244015339122077
F3cIc7,speech,1,0.48875688327429656
F3cIc7,volume,0,0.5030302080394554
F3cIc7,volume,1,0.5030929019988923
F3cIc7,word_gap,0,0.5036623721304452
F3cIc7,word_gap,1,0.5015098795231079
F3cIc7,word_head_pos,0,0.4978109359163244
F3cIc7,word_head_pos,1,0.5075702956020187
F3cIc7,word_index,0,0.5030054459584661
F3cIc7,word_index,1,0.5059995932479153
F3cIc7,word_length,0,0.4921475815805147
F3cIc7,word_length,1,0.5030406570326948
F3cIc7,word_part_speech,0,0.49153384550701373
F3cIc7,word_part_speech,1,0.4939513817222796
F3bIb3,delta_volume,0,0.5171102264296835
F3bIb3,delta_volume,1,0.4983568958130884
F3bIb3,face_num,0,0.49920065201717817
F3bIb3,face_num,1,0.5104907892124594
F3bIb3,frame_brightness,0,0.5219272123130937
F3bIb3,frame_brightness,1,0.5087823788178009
F3bIb3,global_flow,0,0.500020897986479
F3bIb3,global_flow,1,0.49841697752421554
F3bIb3,gpt2_surprisal,0,0.5276010156421429
F3bIb3,gpt2_surprisal,1,0.48248748733059565
F3bIb3,local_flow,0,0.5072777237913126
F3bIb3,local_flow,1,0.5026070238132556
F3bIb3,onset,0,0.4726849426692276
F3bIb3,onset,1,0.49735754612653515
F3bIb3,pitch,0,0.5086726643887861
F3bIb3,pitch,1,0.5069276825177894
F3bIb3,speech,0,0.5008202459693009
F3bIb3,speech,1,0.4641965246648486
F3bIb3,volume,0,0.4539199398137989
F3bIb3,volume,1,0.5076747855344138
F3bIb3,word_gap,0,0.44366947744584806
F3bIb3,word_gap,1,0.47156306489869704
F3bIb3,word_head_pos,0,0.49947493808971505
F3bIb3,word_head_pos,1,0.5017345328777572
F3bIb3,word_index,0,0.48926626443404964
F3bIb3,word_index,1,0.49971753327458024
F3bIb3,word_length,0,0.5064365798355328
F3bIb3,word_length,1,0.47463506891111046
F3bIb3,word_part_speech,0,0.4715724496426251
F3bIb3,word_part_speech,1,0.4595612123991897
F3bIb9,delta_volume,0,0.4921162346007962
F3bIb9,delta_volume,1,0.5147539784541759
F3bIb9,face_num,0,0.4895457822638788
F3bIb9,face_num,1,0.47188175919250186
F3bIb9,frame_brightness,0,0.5082547046592061
F3bIb9,frame_brightness,1,0.5348108209773988
F3bIb9,global_flow,0,0.4838092849753926
F3bIb9,global_flow,1,0.46874183672403164
F3bIb9,gpt2_surprisal,0,0.5195343928612478
F3bIb9,gpt2_surprisal,1,0.5036153516608675
F3bIb9,local_flow,0,0.4783287880212742
F3bIb9,local_flow,1,0.47733613366352157
F3bIb9,onset,0,0.5323555089924916
F3bIb9,onset,1,0.48363308305686514
F3bIb9,pitch,0,0.5061753550045454
F3bIb9,pitch,1,0.499310366446193
F3bIb9,speech,0,0.49521436109630834
F3bIb9,speech,1,0.49836995705463777
F3bIb9,volume,0,0.5085733989530108
F3bIb9,volume,1,0.49125941715515714
F3bIb9,word_gap,0,0.5090436036487884
F3bIb9,word_gap,1,0.5342387385975362
F3bIb9,word_head_pos,0,0.5250357878018452
F3bIb9,word_head_pos,1,0.4973041597442086
F3bIb9,word_index,0,0.5196031907441303
F3bIb9,word_index,1,0.5355682100648543
F3bIb9,word_length,0,0.4961965664608215
F3bIb9,word_length,1,0.49807477299562186
F3bIb9,word_part_speech,0,0.4888487558766197
F3bIb9,word_part_speech,1,0.4729102167182662
F3aOFc5,delta_volume,0,0.5239961129745149
F3aOFc5,delta_volume,1,0.534492126683594
F3aOFc5,face_num,0,0.5029048201205814
F3aOFc5,face_num,1,0.4862177779170977
F3aOFc5,frame_brightness,0,0.5293459975131396
F3aOFc5,frame_brightness,1,0.5487706759453727
F3aOFc5,global_flow,0,0.4995454687940817
F3aOFc5,global_flow,1,0.5019644107290263
F3aOFc5,gpt2_surprisal,0,0.48412797926919743
F3aOFc5,gpt2_surprisal,1,0.49629583189659676
F3aOFc5,local_flow,0,0.5102609113611903
F3aOFc5,local_flow,1,0.4811447916993198
F3aOFc5,onset,0,0.4978813805948431
F3aOFc5,onset,1,0.5110936499621674
F3aOFc5,pitch,0,0.47870495177789624
F3aOFc5,pitch,1,0.4837988359821531
F3aOFc5,speech,0,0.5048378838698891
F3aOFc5,speech,1,0.48133809807425054
F3aOFc5,volume,0,0.5283611799003166
F3aOFc5,volume,1,0.5027324117321296
F3aOFc5,word_gap,0,0.4929103580869983
F3aOFc5,word_gap,1,0.49405452284672374
F3aOFc5,word_head_pos,0,0.515360020062067
F3aOFc5,word_head_pos,1,0.49423738022841507
F3aOFc5,word_index,0,0.48417056470747744
F3aOFc5,word_index,1,0.5114568503830248
F3aOFc5,word_length,0,0.4790393195615603
F3aOFc5,word_length,1,0.4991693050374597
F3aOFc5,word_part_speech,0,0.48276191568245236
F3aOFc5,word_part_speech,1,0.46537094369911713
F3aOFc11,delta_volume,0,0.5421355652382892
F3aOFc11,delta_volume,1,0.5177110435409549
F3aOFc11,face_num,0,0.4944568090864445
F3aOFc11,face_num,1,0.5058044157445429
F3aOFc11,frame_brightness,0,0.518902228770258
F3aOFc11,frame_brightness,1,0.5213577421815407
F3aOFc11,global_flow,0,0.49706383289970013
F3aOFc11,global_flow,1,0.484347408127227
F3aOFc11,gpt2_surprisal,0,0.5187245958851865
F3aOFc11,gpt2_surprisal,1,0.5070086622153955
F3aOFc11,local_flow,0,0.46852763236262185
F3aOFc11,local_flow,1,0.47050771658150736
F3aOFc11,onset,0,0.4998021069786392
F3aOFc11,onset,1,0.48694488097316807
F3aOFc11,pitch,0,0.5343144937985225
F3aOFc11,pitch,1,0.5040124134039685
F3aOFc11,speech,0,0.48769108596386734
F3aOFc11,speech,1,0.46824028504853554
F3aOFc11,volume,0,0.5230348055964809
F3aOFc11,volume,1,0.49045484467571554
F3aOFc11,word_gap,0,0.5203128428575907
F3aOFc11,word_gap,1,0.5015621244893055
F3aOFc11,word_head_pos,0,0.49437321714052845
F3aOFc11,word_head_pos,1,0.5313992246847017
F3aOFc11,word_index,0,0.4572797324475177
F3aOFc11,word_index,1,0.44300951347931217
F3aOFc11,word_length,0,0.5425848719475879
F3aOFc11,word_length,1,0.5304875500245552
F3aOFc11,word_part_speech,0,0.5006115506631503
F3aOFc11,word_part_speech,1,0.48314413484692126
P2bIg2,delta_volume,0,0.5269845250410122
P2bIg2,delta_volume,1,0.5579553410028943
P2bIg2,face_num,0,0.49190725473600616
P2bIg2,face_num,1,0.48927933293627157
P2bIg2,frame_brightness,0,0.5082912761355444
P2bIg2,frame_brightness,1,0.4888352507235928
P2bIg2,global_flow,0,0.5102870338442891
P2bIg2,global_flow,1,0.4693269803454436
P2bIg2,gpt2_surprisal,0,0.4712391461082725
P2bIg2,gpt2_surprisal,1,0.520788272049988
P2bIg2,local_flow,0,0.5131082620189544
P2bIg2,local_flow,1,0.4831248759182053
P2bIg2,onset,0,0.521052325243001
P2bIg2,onset,1,0.5251906175426343
P2bIg2,pitch,0,0.5158145512679854
P2bIg2,pitch,1,0.5119484237693698
P2bIg2,speech,0,0.4952404835794071
P2bIg2,speech,1,0.4985266919532303
P2bIg2,volume,0,0.5172565123350366
P2bIg2,volume,1,0.49187590775628764
P2bIg2,word_gap,0,0.48704324838301827
P2bIg2,word_gap,1,0.5195082703781491
P2bIg2,word_head_pos,0,0.49143705004022864
P2bIg2,word_head_pos,1,0.47564339675872236
P2bIg2,word_index,0,0.4896391205116037
P2bIg2,word_index,1,0.5001355840282015
P2bIg2,word_length,0,0.4702099202741815
P2bIg2,word_length,1,0.5065044982915896
P2bIg2,word_part_speech,0,0.5022550930703665
P2bIg2,word_part_speech,1,0.4954133700263731
P2bIg8,delta_volume,0,0.49956636678056066
P2bIg8,delta_volume,1,0.5193515354795566
P2bIg8,face_num,0,0.484347408127227
P2bIg8,face_num,1,0.5095425430759746
P2bIg8,frame_brightness,0,0.5087771543211812
P2bIg8,frame_brightness,1,0.5177737375003918
P2bIg8,global_flow,0,0.5527517423696227
P2bIg8,global_flow,1,0.5503954943941152
P2bIg8,gpt2_surprisal,0,0.49543901445095767
P2bIg8,gpt2_surprisal,1,0.49624358693039927
P2bIg8,local_flow,0,0.5043990261538301
P2bIg8,local_flow,1,0.49878791678421786
P2bIg8,onset,0,0.5004714510214772
P2bIg8,onset,1,0.5125603864734299
P2bIg8,pitch,0,0.4422536388618956
P2bIg8,pitch,1,0.4794363813046613
P2bIg8,speech,0,0.5270263210139704
P2bIg8,speech,1,0.49997387751690126
P2bIg8,volume,0,0.5261851770581905
P2bIg8,volume,1,0.5209815784249188
P2bIg8,word_gap,0,0.5257254213556524
P2bIg8,word_gap,1,0.5288444458376436
P2bIg8,word_head_pos,0,0.5092473590169587
P2bIg8,word_head_pos,1,0.4743424971004043
P2bIg8,word_index,0,0.47452150136713894
P2bIg8,word_index,1,0.4468058662689536
P2bIg8,word_length,0,0.4803506682131177
P2bIg8,word_length,1,0.4851676540965278
P2bIg8,word_part_speech,0,0.5125845659901387
P2bIg8,word_part_speech,1,0.5028666437335169
F2e2,delta_volume,0,0.49909616208478313
F2e2,delta_volume,1,0.5245028891466307
F2e2,face_num,0,0.5150778972446004
F2e2,face_num,1,0.521206231779568
F2e2,frame_brightness,0,0.4819911601517194
F2e2,frame_brightness,1,0.5188499838040604
F2e2,global_flow,0,0.4925655413100948
F2e2,global_flow,1,0.48545500141061415
F2e2,gpt2_surprisal,0,0.5339592280283795
F2e2,gpt2_surprisal,1,0.49982236711492845
F2e2,local_flow,0,0.4792326259364911
F2e2,local_flow,1,0.469468041754177
F2e2,onset,0,0.508171817705605
F2e2,onset,1,0.47956463535300625
F2e2,pitch,0,0.5303595498573712
F2e2,pitch,1,0.502957065086779
F2e2,speech,0,0.5092943794865366
F2e2,speech,1,0.5160966740854519
F2e2,volume,0,0.5242991337784604
F2e2,volume,1,0.5192261475606825
F2e2,word_gap,0,0.5101459724355559
F2e2,word_gap,1,0.5103967482733038
F2e2,word_head_pos,0,0.503479514748754
F2e2,word_head_pos,1,0.48288454907369677
F2e2,word_index,0,0.5354552233746864
F2e2,word_index,1,0.524077463674779
F2e2,word_length,0,0.47942593231142183
F2e2,word_length,1,0.4942896251946125
F2e2,word_part_speech,0,0.46530405534533503
F2e2,word_part_speech,1,0.46735848335435537
F2e8,delta_volume,0,0.5551915822910463
F2e8,delta_volume,1,0.5888007690459024
F2e8,face_num,0,0.49772211947378864
F2e8,face_num,1,0.5055902113831332
F2e8,frame_brightness,0,0.4902824362872637
F2e8,frame_brightness,1,0.5018494718033918
F2e8,global_flow,0,0.49309321546868956
F2e8,global_flow,1,0.5149368358358672
F2e8,gpt2_surprisal,0,0.513557568728253
F2e8,gpt2_surprisal,1,0.5119536482659895
F2e8,local_flow,0,0.49701681243012236
F2e8,local_flow,1,0.5033332288434009
F2e8,onset,0,0.5822187299924335
F2e8,onset,1,0.6005878586811012
F2e8,pitch,0,0.5191895760843442
F2e8,pitch,1,0.5070582949332831
F2e8,speech,0,0.5044930670929857
F2e8,speech,1,0.49302529701263287
F2e8,volume,0,0.5005537966416935
F2e8,volume,1,0.5200986384961809
F2e8,word_gap,0,0.5118230358504958
F2e8,word_gap,1,0.48843296448387197
F2e8,word_head_pos,0,0.5241528478731075
F2e8,word_head_pos,1,0.5109609939082369
F2e8,word_index,0,0.5402797550448557
F2e8,word_index,1,0.5590129482746933
F2e8,word_length,0,0.5161541435482692
F2e8,word_length,1,0.515971286166578
F2e8,word_part_speech,0,0.5438118717272484
F2e8,word_part_speech,1,0.4952987042770325
F2c6,delta_volume,0,0.5083800925780801
F2c6,delta_volume,1,0.5002664493276072
F2c6,face_num,0,0.47847507392662714
F2c6,face_num,1,0.4931663584213662
F2c6,frame_brightness,0,0.5126223838333177
F2c6,frame_brightness,1,0.5458240598518334
F2c6,global_flow,0,0.5087353583482231
F2c6,global_flow,1,0.5098795231079486
F2c6,gpt2_surprisal,0,0.4806693625069225
F2c6,gpt2_surprisal,1,0.4910870087667054
F2c6,local_flow,0,0.5117969133673971
F2c6,local_flow,1,0.4957159127718045
F2c6,onset,0,0.49482567952971307
F2c6,onset,1,0.5182643617950061
F2c6,pitch,0,0.4835741826275039
F2c6,pitch,1,0.46537726090091214
F2c6,speech,0,0.5155063059674201
F2c6,speech,1,0.48525124604244385
F2c6,volume,0,0.49594579062307353
F2c6,volume,1,0.4969802409537841
F2c6,word_gap,0,0.5011284912698661
F2c6,word_gap,1,0.505929803663417
F2c6,word_head_pos,0,0.5096130737803413
F2c6,word_head_pos,1,0.5116767499451429
F2c6,word_index,0,0.5165751474476307
F2c6,word_index,1,0.4930739158927078
F2c6,word_length,0,0.5058618852073602
F2c6,word_length,1,0.5094824613648474
F2c6,word_part_speech,0,0.49974200206398345
F2c6,word_part_speech,1,0.5004204410809158
F2aOFb4,delta_volume,0,0.4920169691650209
F2aOFb4,delta_volume,1,0.5036937191101638
F2aOFb4,face_num,0,0.47096747228404545
F2aOFb4,face_num,1,0.47860829859043086
F2aOFb4,frame_brightness,0,0.48807769871372897
F2aOFb4,frame_brightness,1,0.5365819253314943
F2aOFb4,global_flow,0,0.4685694283355798
F2aOFb4,global_flow,1,0.48699622791344055
F2aOFb4,gpt2_surprisal,0,0.5044617201132671
F2aOFb4,gpt2_surprisal,1,0.500585143621412
F2aOFb4,local_flow,0,0.5071053154028609
F2aOFb4,local_flow,1,0.4752254370291422
F2aOFb4,onset,0,0.49567545544496827
F2aOFb4,onset,1,0.48465747046155633
F2aOFb4,pitch,0,0.48326593732693857
F2aOFb4,pitch,1,0.4604662340783465
F2aOFb4,speech,0,0.4987983657774574
F2aOFb4,speech,1,0.4990543661118252
F2aOFb4,volume,0,0.5079569083518803
F2aOFb4,volume,1,0.501969635225646
F2aOFb4,word_gap,0,0.49956114228394094
F2aOFb4,word_gap,1,0.5134400175543087
F2aOFb4,word_head_pos,0,0.5038295560222772
F2aOFb4,word_head_pos,1,0.5092107875406204
F2aOFb4,word_index,0,0.4846903034822498
F2aOFb4,word_index,1,0.4870856213138093
F2aOFb4,word_length,0,0.524267786798742
F2aOFb4,word_length,1,0.4822471604860872
F2aOFb4,word_part_speech,0,0.5091923709054772
F2aOFb4,word_part_speech,1,0.48456790123456794
F2aOFb10,delta_volume,0,0.4894465168281036
F2aOFb10,delta_volume,1,0.5176692475679968
F2aOFb10,face_num,0,0.5036519231372057
F2aOFb10,face_num,1,0.48586251214695453
F2aOFb10,frame_brightness,0,0.49281631714784285
F2aOFb10,frame_brightness,1,0.56307534769025
F2aOFb10,global_flow,0,0.5295810998610284
F2aOFb10,global_flow,1,0.4859931245624484
F2aOFb10,gpt2_surprisal,0,0.48180830277002806
F2aOFb10,gpt2_surprisal,1,0.5046811489712966
F2aOFb10,local_flow,0,0.5066194372172241
F2aOFb10,local_flow,1,0.4940545228467237
F2aOFb10,onset,0,0.48732902624992724
F2aOFb10,onset,1,0.4779232873523078
F2aOFb10,pitch,0,0.5026435952895938
F2aOFb10,pitch,1,0.5105743811583754
F2aOFb10,speech,0,0.5258351357846671
F2aOFb10,speech,1,0.5171729203891205
F2aOFb10,volume,0,0.4829054470601758
F2aOFb10,volume,1,0.5103392788104866
F2aOFb10,word_gap,0,0.5588173829451533
F2aOFb10,word_gap,1,0.547757123601141
F2aOFb10,word_head_pos,0,0.5014942060332488
F2aOFb10,word_head_pos,1,0.5039079234715735
F2aOFb10,word_index,0,0.5089033511852303
F2aOFb10,word_index,1,0.49903961313357287
F2aOFb10,word_length,0,0.5231288465356363
F2aOFb10,word_length,1,0.5106527486076716
F2aOFb10,word_part_speech,0,0.47422887283568393
F2aOFb10,word_part_speech,1,0.502446202652601
F2aOFb16,delta_volume,0,0.5263889324263608
F2aOFb16,delta_volume,1,0.5170632059601058
F2aOFb16,face_num,0,0.5280189753717229
F2aOFb16,face_num,1,0.5160548781124938
F2aOFb16,frame_brightness,0,0.4799640554632561
F2aOFb16,frame_brightness,1,0.5211487623167508
F2aOFb16,global_flow,0,0.5065985392307453
F2aOFb16,global_flow,1,0.5068336415786339
F2aOFb16,gpt2_surprisal,0,0.5054178029946814
F2aOFb16,gpt2_surprisal,1,0.48965549669289365
F2aOFb16,local_flow,0,0.47696519440351925
F2aOFb16,local_flow,1,0.48567965476526337
F2aOFb16,onset,0,0.4870205459519236
F2aOFb16,onset,1,0.4860310808451196
F2aOFb16,pitch,0,0.5324650219951308
F2aOFb16,pitch,1,0.4804447091522732
F2aOFb16,speech,0,0.48943084333824444
F2aOFb16,speech,1,0.47915948298381456
F2aOFb16,volume,0,0.49408064532982243
F2aOFb16,volume,1,0.4665579971369759
F2aOFb16,word_gap,0,0.5290847726821521
F2aOFb16,word_gap,1,0.4835062641714471
F2aOFb16,word_head_pos,0,0.5036519231372057
F2aOFb16,word_head_pos,1,0.5277629750373551
F2aOFb16,word_index,0,0.5407768964815944
F2aOFb16,word_index,1,0.47852123019908255
F2aOFb16,word_length,0,0.5361639656019143
F2aOFb16,word_length,1,0.5092891549899168
F2aOFb16,word_part_speech,0,0.47298666055116
F2aOFb16,word_part_speech,1,0.4934640522875817
F2dCb6,delta_volume,0,0.5467801427332477
F2dCb6,delta_volume,1,0.5282802002027105
F2dCb6,face_num,0,0.5057573952749653
F2dCb6,face_num,1,0.5189126777634975
F2dCb6,frame_brightness,0,0.45434834853661854
F2dCb6,frame_brightness,1,0.4570076173160716
F2dCb6,global_flow,0,0.48077907693593724
F2dCb6,global_flow,1,0.43868530767060593
F2dCb6,gpt2_surprisal,0,0.5163213274401012
F2dCb6,gpt2_surprisal,1,0.49663542417688056
F2dCb6,local_flow,0,0.4661530986489452
F2dCb6,local_flow,1,0.49057500809796983
F2dCb6,onset,0,0.5092136662592399
F2dCb6,onset,1,0.4987718991909668
F2dCb6,pitch,0,0.4729632299927902
F2dCb6,pitch,1,0.4745880484415327
F2dCb6,speech,0,0.5250462367950848
F2dCb6,speech,1,0.49341713425911404
F2dCb6,volume,0,0.5026644932760729
F2dCb6,volume,1,0.5195657398409663
F2dCb6,word_gap,0,0.503834780518897
F2dCb6,word_gap,1,0.5398315622289792
F2dCb6,word_head_pos,0,0.4958151782075797
F2dCb6,word_head_pos,1,0.5028734731408628
F2dCb6,word_index,0,0.5040788195150612
F2dCb6,word_index,1,0.5026777845569792
F2dCb6,word_length,0,0.49877746779097837
F2dCb6,word_length,1,0.5117864643741575
F2dCb6,word_part_speech,0,0.4795512747009135
F2dCb6,word_part_speech,1,0.47741084737988765
F2dCb12,delta_volume,0,0.4770069903764772
F2dCb12,delta_volume,1,0.4634389726549846
F2dCb12,face_num,0,0.49643689330533003
F2dCb12,face_num,1,0.50943021639865
F2dCb12,frame_brightness,0,0.49448815606616303
F2dCb12,frame_brightness,1,0.5445231601935153
F2dCb12,global_flow,0,0.49400750237714597
F2dCb12,global_flow,1,0.4754344168939323
F2dCb12,gpt2_surprisal,0,0.503939270451292
F2dCb12,gpt2_surprisal,1,0.4948016258633481
F2dCb12,local_flow,0,0.4936940325799609
F2dCb12,local_flow,1,0.48628569637315444
F2dCb12,onset,0,0.4854548629299808
F2dCb12,onset,1,0.49890576799953434
F2dCb12,pitch,0,0.5243827257243765
F2dCb12,pitch,1,0.4970742818929396
F2dCb12,speech,0,0.5281339142973575
F2dCb12,speech,1,0.5208509660094249
F2dCb12,volume,0,0.4850004702046958
F2dCb12,volume,1,0.5267285247066446
F2dCb12,word_gap,0,0.5046706999780571
F2dCb12,word_gap,1,0.4785377678860642
F2dCb12,word_head_pos,0,0.5028264526712851
F2dCb12,word_head_pos,1,0.48933680239908883
F2dCb12,word_index,0,0.5202359162090706
F2dCb12,word_index,1,0.46967437235893617
F2dCb12,word_length,0,0.4910243148072683
F2dCb12,word_length,1,0.5065201717814489
F2dCb12,word_part_speech,0,0.4617685280739976
F2dCb12,word_part_speech,1,0.46381340060390636
F2bCa4,delta_volume,0,0.5191059841384282
F2bCa4,delta_volume,1,0.5017920023405744
F2bCa4,face_num,0,0.5384000501551675
F2bCa4,face_num,1,0.5118543828302143
F2bCa4,frame_brightness,0,0.5052506191028494
F2bCa4,frame_brightness,1,0.5169587160277107
F2bCa4,global_flow,0,0.5333636354137279
F2bCa4,global_flow,1,0.5010971442901477
F2bCa4,gpt2_surprisal,0,0.4977848134332257
F2bCa4,gpt2_surprisal,1,0.4734961286480047
F2bCa4,local_flow,0,0.4979781198081564
F2bCa4,local_flow,1,0.47400551706843047
F2bCa4,onset,0,0.4990221756591583
F2bCa4,onset,1,0.48610674582387525
F2bCa4,pitch,0,0.47676143903534896
F2bCa4,pitch,1,0.48693875845062323
F2bCa4,speech,0,0.49742954766308267
F2bCa4,speech,1,0.5068022945989153
F2bCa4,volume,0,0.5086413174090676
F2bCa4,volume,1,0.5087301338516034
F2bCa4,word_gap,0,0.506514947284829
F2bCa4,word_gap,1,0.509513808344566
F2bCa4,word_head_pos,0,0.5321620011911852
F2bCa4,word_head_pos,1,0.4933596647962969
F2bCa4,word_index,0,0.4877748401238334
F2bCa4,word_index,1,0.47969629177682865
F2bCa4,word_length,0,0.509033154655549
F2bCa4,word_length,1,0.475000783674493
F2bCa4,word_part_speech,0,0.4783377288537247
F2bCa4,word_part_speech,1,0.5052841799487826
F2bCa10,delta_volume,0,0.4611767656186327
F2bCa10,delta_volume,1,0.4707010229564381
F2bCa10,face_num,0,0.5385149890808021
F2bCa10,face_num,1,0.5297848552291987
F2bCa10,frame_brightness,0,0.5139467937264245
F2bCa10,frame_brightness,1,0.5496118199011526
F2bCa10,global_flow,0,0.5135471197350135
F2bCa10,global_flow,1,0.4895928027334566
F2bCa10,gpt2_surprisal,0,0.5267546471897433
F2bCa10,gpt2_surprisal,1,0.5097384616992153
F2bCa10,local_flow,0,0.47241727009602624
F2bCa10,local_flow,1,0.4679842847141678
F2bCa10,onset,0,0.47406437343577207
F2bCa10,onset,1,0.4782317676503114
F2bCa10,pitch,0,0.519194800580964
F2bCa10,pitch,1,0.4874768816024576
F2bCa10,speech,0,0.47254527026321014
F2bCa10,speech,1,0.46655277264035616
F2bCa10,volume,0,0.5002664493276072
F2bCa10,volume,1,0.4904391711858563
F2bCa10,word_gap,0,0.5127895677251497
F2bCa10,word_gap,1,0.5113058106851405
F2bCa10,word_head_pos,0,0.4649279541916137
F2bCa10,word_head_pos,1,0.5099892375369633
F2bCa10,word_index,0,0.5347660045646623
F2bCa10,word_index,1,0.5142024269541049
F2bCa10,word_length,0,0.4951725651233504
F2bCa10,word_length,1,0.5044617201132671
F2bCa10,word_part_speech,0,0.470091350380308
F2bCa10,word_part_speech,1,0.490320299659825
F2bCa16,delta_volume,0,0.523933419015078
F2bCa16,delta_volume,1,0.5390008672664388
F2bCa16,face_num,0,0.50922123653386
F2bCa16,face_num,1,0.4973616292070259
F2bCa16,frame_brightness,0,0.4758262541404136
F2bCa16,frame_brightness,1,0.5155951224099559
F2bCa16,global_flow,0,0.5217704774145011
F2bCa16,global_flow,1,0.4907683144729006
F2bCa16,gpt2_surprisal,0,0.4919699486954432
F2bCa16,gpt2_surprisal,1,0.499832816108168
F2bCa16,local_flow,0,0.4957838312278612
F2bCa16,local_flow,1,0.5015830224757845
F2bCa16,onset,0,0.4805832023747163
F2bCa16,onset,1,0.4800768290553518
F2bCa16,pitch,0,0.4787362987576147
F2bCa16,pitch,1,0.47511833484843735
F2bCa16,speech,0,0.499393958392109
F2bCa16,speech,1,0.4889188426695088
F2bCa16,volume,0,0.433257055682685
F2bCa16,volume,1,0.4727333521415212
F2bCa16,word_gap,0,0.5268748106119976
F2bCa16,word_gap,1,0.5224078660021108
F2bCa16,word_head_pos,0,0.5262269730311484
F2bCa16,word_head_pos,1,0.5277107300711577
F2bCa16,word_index,0,0.5251169412243237
F2bCa16,word_index,1,0.5308792624228866
F2bCa16,word_length,0,0.5171102264296834
F2bCa16,word_length,1,0.5077270305006113
F2bCa16,word_part_speech,0,0.49305316668577764
F2bCa16,word_part_speech,1,0.4992451171501739
F10Fa9,delta_volume,0,0.4578121897955132
F10Fa9,delta_volume,1,0.49347982821855113
F10Fa9,face_num,0,0.48823443361232144
F10Fa9,face_num,1,0.4598758659603147
F10Fa9,frame_brightness,0,0.5049319248090446
F10Fa9,frame_brightness,1,0.4814007920336875
F10Fa9,global_flow,0,0.47940764657325263
F10Fa9,global_flow,1,0.5175543086423623
F10Fa9,gpt2_surprisal,0,0.482921120550035
F10Fa9,gpt2_surprisal,1,0.5101929929051336
F10Fa9,local_flow,0,0.48159148616030845
F10Fa9,local_flow,1,0.4938350939886942
F10Fa9,onset,0,0.5089459286421046
F10Fa9,onset,1,0.4981898608928467
F10Fa9,pitch,0,0.4819598131720009
F10Fa9,pitch,1,0.5083644190882208
F10Fa9,speech,0,0.49996865302028154
F10Fa9,speech,1,0.5132388744344483
F10Fa9,volume,0,0.5178730029361671
F10Fa9,volume,1,0.48502659268779447
F10Fa9,word_gap,0,0.4737416799891331
F10Fa9,word_gap,1,0.4893106799159901
F10Fa9,word_head_pos,0,0.5083696435848406
F10Fa9,word_head_pos,1,0.5149211623460079
F10Fa9,word_index,0,0.48008609585790796
F10Fa9,word_index,1,0.5107563329039839
F10Fa9,word_length,0,0.525103706257902
F10Fa9,word_length,1,0.5063216409098983
F10Fa9,word_part_speech,0,0.5255131292282995
F10Fa9,word_part_speech,1,0.4895080839353285
F10Fa16,delta_volume,0,0.5302864069046948
F10Fa16,delta_volume,1,0.5327053488396393
F10Fa16,face_num,0,0.5097071147194967
F10Fa16,face_num,1,0.49069517152022407
F10Fa16,frame_brightness,0,0.47039800215249256
F10Fa16,frame_brightness,1,0.5583106067730375
F10Fa16,global_flow,0,0.5183170851488459
F10Fa16,global_flow,1,0.48600879805230773
F10Fa16,gpt2_surprisal,0,0.5115409130330292
F10Fa16,gpt2_surprisal,1,0.5042919239731253
F10Fa16,local_flow,0,0.46675130351190663
F10Fa16,local_flow,1,0.47901319707846146
F10Fa16,onset,0,0.4808858622897386
F10Fa16,onset,1,0.46251091321808974
F10Fa16,pitch,0,0.4821374460570724
F10Fa16,pitch,1,0.4988140392673166
F10Fa16,speech,0,0.4838197339686321
F10Fa16,speech,1,0.4487999331264433
F10Fa16,volume,0,0.5154592854978423
F10Fa16,volume,1,0.5012277567056415
F10Fa16,word_gap,0,0.5147069579845982
F10Fa16,word_gap,1,0.5003239187904245
F10Fa16,word_head_pos,0,0.5044617201132671
F10Fa16,word_head_pos,1,0.48970774165909114
F10Fa16,word_index,0,0.5031862246627348
F10Fa16,word_index,1,0.5232639595055703
F10Fa16,word_length,0,0.547339163871561
F10Fa16,word_length,1,0.5127164247724731
F10Fa16,word_part_speech,0,0.46908802507357716
F10Fa16,word_part_speech,1,0.46885869357489585
T2bH2,delta_volume,0,0.5153704690553065
T2bH2,delta_volume,1,0.5262321975277682
T2bH2,face_num,0,0.5037250660898823
T2bH2,face_num,1,0.5009195114050762
T2bH2,frame_brightness,0,0.47888780915958745
T2bH2,frame_brightness,1,0.5185312895102556
T2bH2,global_flow,0,0.46544517935696894
T2bH2,global_flow,1,0.5299206921413122
T2bH2,gpt2_surprisal,0,0.4942739517047533
T2bH2,gpt2_surprisal,1,0.4987199983281611
T2bH2,local_flow,0,0.5117603418910588
T2bH2,local_flow,1,0.4985893859126673
T2bH2,onset,0,0.551702462022001
T2bH2,onset,1,0.5383330423141842
T2bH2,pitch,0,0.5045505365558028
T2bH2,pitch,1,0.48398169336384433
T2bH2,speech,0,0.5119014032997921
T2bH2,speech,1,0.5091271955947045
T2bH2,volume,0,0.5136307116809294
T2bH2,volume,1,0.5188499838040604
T2bH2,word_gap,0,0.532125429714847
T2bH2,word_gap,1,0.5231027240525375
T2bH2,word_head_pos,0,0.5004022862397208
T2bH2,word_head_pos,1,0.5033645758231194
T2bH2,word_index,0,0.47880369692450225
T2bH2,word_index,1,0.49075768874426595
T2bH2,word_length,0,0.5085002560003343
T2bH2,word_length,1,0.526237422024388
T2bH2,word_part_speech,0,0.4891354202499713
T2bH2,word_part_speech,1,0.49617780835531095
T2bH9,delta_volume,0,0.5180558603178583
T2bH9,delta_volume,1,0.5265456673249532
T2bH9,face_num,0,0.5254224005517069
T2bH9,face_num,1,0.4810194037804458
T2bH9,frame_brightness,0,0.4856117363092067
T2bH9,frame_brightness,1,0.4745932729381524
T2bH9,global_flow,0,0.5331442065556984
T2bH9,global_flow,1,0.5055379664169357
T2bH9,gpt2_surprisal,0,0.45301610189858205
T2bH9,gpt2_surprisal,1,0.4753247024649175
T2bH9,local_flow,0,0.5243252562615592
T2bH9,local_flow,1,0.5155742244234769
T2bH9,onset,0,0.5194924626040394
T2bH9,onset,1,0.5207554857109598
T2bH9,pitch,0,0.49614432149462406
T2bH9,pitch,1,0.5056842523222888
T2bH9,speech,0,0.5090697261318872
T2bH9,speech,1,0.5094458898885093
T2bH9,volume,0,0.5277264035610169
T2bH9,volume,1,0.5189022287702579
T2bH9,word_gap,0,0.48918529199711613
T2bH9,word_gap,1,0.5176953700510956
T2bH9,word_head_pos,0,0.5099996865302028
T2bH9,word_head_pos,1,0.4720541675809536
T2bH9,word_index,0,0.4964635165977448
T2bH9,word_index,1,0.5244729170903667
T2bH9,word_length,0,0.4742798031409674
T2bH9,word_length,1,0.4839973668537037
T2bH9,word_part_speech,0,0.4799717157818293
T2bH9,word_part_speech,1,0.47481175706149903
T2bH15,delta_volume,0,0.48691263596752454
T2bH15,delta_volume,1,0.5104228707564027
T2bH15,face_num,0,0.4999634285236617
T2bH15,face_num,1,0.47944683029790075
T2bH15,frame_brightness,0,0.4798386675443821
T2bH15,frame_brightness,1,0.49981714261830873
T2bH15,global_flow,0,0.4947546053937703
T2bH15,global_flow,1,0.48364732558018037
T2bH15,gpt2_surprisal,0,0.47694952091365994
T2bH15,gpt2_surprisal,1,0.4796035651964933
T2bH15,local_flow,0,0.5043049852146746
T2bH15,local_flow,1,0.46677220149838566
T2bH15,onset,0,0.4893137768465165
T2bH15,onset,1,0.5109190384727315
T2bH15,pitch,0,0.47306249542856543
T2bH15,pitch,1,0.5046602509848176
T2bH15,speech,0,0.4905750080979697
T2bH15,speech,1,0.479399809828323
T2bH15,volume,0,0.5019121657628287
T2bH15,volume,1,0.5167915321358787
T2bH15,word_gap,0,0.5005120006687356
T2bH15,word_gap,1,0.4820747520976354
T2bH15,word_head_pos,0,0.5186619019257495
T2bH15,word_head_pos,1,0.5219637837894319
T2bH15,word_index,0,0.5102252954601948
T2bH15,word_index,1,0.4811877160870449
T2bH15,word_length,0,0.47015245081136436
T2bH15,word_length,1,0.4879418618016154
T2bH15,word_part_speech,0,0.47842372816573026
T2bH15,word_part_speech,1,0.4765126323433857
T2aA7,delta_volume,0,0.5505522292927076
T2aA7,delta_volume,1,0.5523233336468031
T2aA7,face_num,0,0.4904757426621944
T2aA7,face_num,1,0.49594579062307353
T2aA7,frame_brightness,0,0.5196859032632205
T2aA7,frame_brightness,1,0.5125910368535992
T2aA7,global_flow,0,0.5082285821761073
T2aA7,global_flow,1,0.4831718963877831
T2aA7,gpt2_surprisal,0,0.4778011138626793
T2aA7,gpt2_surprisal,1,0.4976489765211122
T2aA7,local_flow,0,0.49078921245937956
T2aA7,local_flow,1,0.44736319655601187
T2aA7,onset,0,0.51561608753856
T2aA7,onset,1,0.508171817705605
T2aA7,pitch,0,0.466134812910776
T2aA7,pitch,1,0.5167288381764417
T2aA7,speech,0,0.5048483328631286
T2aA7,speech,1,0.4787571967440937
T2aA7,volume,0,0.49558530035631065
T2aA7,volume,1,0.49041827319937725
T2aA7,word_gap,0,0.49649436276814735
T2aA7,word_gap,1,0.4992319989968967
T2aA7,word_head_pos,0,0.4854758993970931
T2aA7,word_head_pos,1,0.4692538373927672
T2aA7,word_index,0,0.5316701692540619
T2aA7,word_index,1,0.5386301493684044
T2aA7,word_length,0,0.45165250828082715
T2aA7,word_length,1,0.48140601653030735
T2aA7,word_part_speech,0,0.4861732217253373
T2aA7,word_part_speech,1,0.48891564423040174
T2aA13,delta_volume,0,0.530448366299907
T2aA13,delta_volume,1,0.5188447593074407
T2aA13,face_num,0,0.5095399308276647
T2aA13,face_num,1,0.4532146327701326
T2aA13,frame_brightness,0,0.49328129734700066
T2aA13,frame_brightness,1,0.4726184132158866
T2aA13,global_flow,0,0.5210756193640742
T2aA13,global_flow,1,0.497800486923085
T2aA13,gpt2_surprisal,0,0.4876283920044303
T2aA13,gpt2_surprisal,1,0.5312477142827289
T2aA13,local_flow,0,0.4781720531226817
T2aA13,local_flow,1,0.4591183139504509
T2aA13,onset,0,0.5124265176648624
T2aA13,onset,1,0.4974914149351027
T2aA13,pitch,0,0.4977012214873097
T2aA13,pitch,1,0.5178573294463078
T2aA13,speech,0,0.5048796798428472
T2aA13,speech,1,0.4902876607838834
T2aA13,volume,0,0.5044094751470696
T2aA13,volume,1,0.5121103831645821
T2aA13,word_gap,0,0.516932593544612
T2aA13,word_gap,1,0.5012800016718388
T2aA13,word_head_pos,0,0.49458742150193835
T2aA13,word_head_pos,1,0.46582134311359097
T2aA13,word_index,0,0.5158407339615394
T2aA13,word_index,1,0.5063724493254694
T2aA13,word_length,0,0.47252437227673116
T2aA13,word_length,1,0.486839493014848
T2aA13,word_part_speech,0,0.4964358062913275
T2aA13,word_part_speech,1,0.44528532660627607
T1cIf5,delta_volume,0,0.5729653197914382
T1cIf5,delta_volume,1,0.5891664838092849
T1cIf5,face_num,0,0.5224392129818292
T1cIf5,face_num,1,0.5089338892197737
T1cIf5,frame_brightness,0,0.4920953366143172
T1cIf5,frame_brightness,1,0.49310888895854876
T1cIf5,global_flow,0,0.4951412181436318
T1cIf5,global_flow,1,0.4884068420007733
T1cIf5,gpt2_surprisal,0,0.5145920190589637
T1cIf5,gpt2_surprisal,1,0.5241528478731075
T1cIf5,local_flow,0,0.49502627921799736
T1cIf5,local_flow,1,0.4877015349571069
T1cIf5,onset,0,0.5866422210581456
T1cIf5,onset,1,0.6011757173622025
T1cIf5,pitch,0,0.5373447018379779
T1cIf5,pitch,1,0.5104855647158396
T1cIf5,speech,0,0.5022204110633941
T1cIf5,speech,1,0.5037825355526995
T1cIf5,volume,0,0.5208875374857632
T1cIf5,volume,1,0.514900264359529
T1cIf5,word_gap,0,0.5433894444270294
T1cIf5,word_gap,1,0.52410060290691
T1cIf5,word_head_pos,0,0.5193672089694158
T1cIf5,word_head_pos,1,0.505072986217778
T1cIf5,word_index,0,0.5844236548934536
T1cIf5,word_index,1,0.5614873567893702
T1cIf5,word_length,0,0.5096705432431585
T1cIf5,word_length,1,0.5354064135920504
T1cIf5,word_part_speech,0,0.4834690211367198
T1cIf5,word_part_speech,1,0.49644536177043913
T1cIf11,delta_volume,0,0.5134165073195197
T1cIf11,delta_volume,1,0.5276323626218613
T1cIf11,face_num,0,0.5087562563347021
T1cIf11,face_num,1,0.47212208603701034
T1cIf11,frame_brightness,0,0.5172617368316563
T1cIf11,frame_brightness,1,0.5303491008641318
T1cIf11,global_flow,0,0.4767039695725317
T1cIf11,global_flow,1,0.46772828437979996
T1cIf11,gpt2_surprisal,0,0.4635277890975204
T1cIf11,gpt2_surprisal,1,0.45722704617410115
T1cIf11,local_flow,0,0.4772682152074647
T1cIf11,local_flow,1,0.4789922990919825
T1cIf11,onset,0,0.5194051568593214
T1cIf11,onset,1,0.5239799778825447
T1cIf11,pitch,0,0.4985475899397093
T1cIf11,pitch,1,0.496353301359414
T1cIf11,speech,0,0.5189179022601171
T1cIf11,speech,1,0.48503181718441424
T1cIf11,volume,0,0.48742463663626007
T1cIf11,volume,1,0.4844362245697627
T1cIf11,word_gap,0,0.49405452284672374
T1cIf11,word_gap,1,0.5152607546262917
T1cIf11,word_head_pos,0,0.513515772755295
T1cIf11,word_head_pos,1,0.4770905823223932
T1cIf11,word_index,0,0.53026913429598
T1cIf11,word_index,1,0.5385397600162701
T1cIf11,word_length,0,0.504566210045662
T1cIf11,word_length,1,0.5284630575844018
T1cIf11,word_part_speech,0,0.4532068187898941
T1cIf11,word_part_speech,1,0.49960822535641936
T1bId5,delta_volume,0,0.5784353677523171
T1bId5,delta_volume,1,0.6024889501896492
T1bId5,face_num,0,0.5341891058796485
T1bId5,face_num,1,0.4874821060990774
T1bId5,frame_brightness,0,0.5056006603763727
T1bId5,frame_brightness,1,0.5168907975716539
T1bId5,global_flow,0,0.5022360845532533
T1bId5,global_flow,1,0.48538708295455735
T1bId5,gpt2_surprisal,0,0.5341211874235917
T1bId5,gpt2_surprisal,1,0.5387030709591131
T1bId5,local_flow,0,0.48515198060666853
T1bId5,local_flow,1,0.4674722840454322
T1bId5,onset,0,0.6288865607356964
T1bId5,onset,1,0.6498050171701297
T1bId5,pitch,0,0.48246136484749697
T1bId5,pitch,1,0.5165250828082715
T1bId5,speech,0,0.5308924485125858
T1bId5,speech,1,0.520976353928299
T1bId5,volume,0,0.5010344503307106
T1bId5,volume,1,0.524330480758179
T1bId5,word_gap,0,0.5593502816003678
T1bId5,word_gap,1,0.5171520224026415
T1bId5,word_head_pos,0,0.4930723174822106
T1bId5,word_head_pos,1,0.4866984316061147
T1bId5,word_index,0,0.6465324384787472
T1bId5,word_index,1,0.5896323413101936
T1bId5,word_length,0,0.5327262468261184
T1bId5,word_length,1,0.5334263293731649
T1bId5,word_part_speech,0,0.48824676069258116
T1bId5,word_part_speech,1,0.4955567022130489
T1aIa1,delta_volume,0,0.5265090958486149
T1aIa1,delta_volume,1,0.5443559763016833
T1aIa1,face_num,0,0.4865155742244235
T1aIa1,face_num,1,0.505052088231299
T1aIa1,frame_brightness,0,0.5111751982696467
T1aIa1,frame_brightness,1,0.5130246700730384
T1aIa1,global_flow,0,0.47629645883619115
T1aIa1,global_flow,1,0.4605498260242626
T1aIa1,gpt2_surprisal,0,0.4921528060771345
T1aIa1,gpt2_surprisal,1,0.5045975570253806
T1aIa1,local_flow,0,0.5039235969614327
T1aIa1,local_flow,1,0.45417594014816676
T1aIa1,onset,0,0.4926197543798382
T1aIa1,onset,1,0.4874221523776264
T1aIa1,pitch,0,0.5087249093549837
T1aIa1,pitch,1,0.518290962665747
T1aIa1,speech,0,0.5139938141960022
T1aIa1,speech,1,0.4761606219240776
T1aIa1,volume,0,0.5205792921851979
T1aIa1,volume,1,0.5004911026822566
T1aIa1,word_gap,0,0.49571068827518466
T1aIa1,word_gap,1,0.492602112786433
T1aIa1,word_head_pos,0,0.4943366456641902
T1aIa1,word_head_pos,1,0.49050186514529326
T1aIa1,word_index,0,0.5321334146837503
T1aIa1,word_index,1,0.503333107359953
T1aIa1,word_length,0,0.47725254171760556
T1aIa1,word_length,1,0.5230452545897203
T1aIa1,word_part_speech,0,0.4731873256125062
T1aIa1,word_part_speech,1,0.4794174979933493
T1aIa8,delta_volume,0,0.5882417479075891
T1aIa8,delta_volume,1,0.5938319592907224
T1aIa8,face_num,0,0.5474958987701535
T1aIa8,face_num,1,0.5352078827204998
T1aIa8,frame_brightness,0,0.513097813025715
T1aIa8,frame_brightness,1,0.4929364805700971
T1aIa8,global_flow,0,0.5365453538551561
T1aIa8,global_flow,1,0.5052453946062297
T1aIa8,gpt2_surprisal,0,0.5226795398263377
T1aIa8,gpt2_surprisal,1,0.5027428607253691
T1aIa8,local_flow,0,0.4851781030897674
T1aIa8,local_flow,1,0.4696195521561498
T1aIa8,onset,0,0.5772772248413947
T1aIa8,onset,1,0.5931843315290146
T1aIa8,pitch,0,0.5051461291704544
T1aIa8,pitch,1,0.5012016342225427
T1aIa8,speech,0,0.516535531801511
T1aIa8,speech,1,0.5263941569229804
T1aIa8,volume,0,0.5438230776464688
T1aIa8,volume,1,0.5488647168845282
T1aIa8,word_gap,0,0.505637231852711
T1aIa8,word_gap,1,0.5004858781856368
T1aIa8,word_head_pos,0,0.4926804802357293
T1aIa8,word_head_pos,1,0.5055849868865135
T1aIa8,word_index,0,0.5346078231984271
T1aIa8,word_index,1,0.5394549522066301
T1aIa8,word_length,0,0.5248006854539565
T1aIa8,word_length,1,0.5290064052328558
T1aIa8,word_part_speech,0,0.5022933149868134
T1aIa8,word_part_speech,1,0.48731987921874403
P2cCc4,delta_volume,0,0.5144927536231885
P2cCc4,delta_volume,1,0.5320679602520297
P2cCc4,face_num,0,0.5050102922583409
P2cCc4,face_num,1,0.4806301787822744
P2cCc4,frame_brightness,0,0.5044042506504498
P2cCc4,frame_brightness,1,0.48863671985204227
P2cCc4,global_flow,0,0.5112770759537318
P2cCc4,global_flow,1,0.4798700145241006
P2cCc4,gpt2_surprisal,0,0.49414333928925946
P2cCc4,gpt2_surprisal,1,0.5058409872208812
P2cCc4,local_flow,0,0.5074762546628633
P2cCc4,local_flow,1,0.49650481176138683
P2cCc4,onset,0,0.5132530120481927
P2cCc4,onset,1,0.49267795820965016
P2cCc4,pitch,0,0.47068012496995915
P2cCc4,pitch,1,0.5081711127132901
P2cCc4,speech,0,0.5030354325360752
P2cCc4,speech,1,0.5042370667586178
P2cCc4,volume,0,0.48804635173401045
P2cCc4,volume,1,0.4884747604568299
P2cCc4,word_gap,0,0.49824979363238353
P2cCc4,word_gap,1,0.548974431313543
P2cCc4,word_head_pos,0,0.4969959144436434
P2cCc4,word_head_pos,1,0.46298705369737625
P2cCc4,word_index,0,0.5100897114319932
P2cCc4,word_index,1,0.5197726707793822
P2cCc4,word_length,0,0.47759735849450907
P2cCc4,word_length,1,0.48674545207569253
P2cCc4,word_part_speech,0,0.49463937621832355
P2cCc4,word_part_speech,1,0.46560983067691014
P2cCc11,delta_volume,0,0.5324911444782295
P2cCc11,delta_volume,1,0.5281339142973575
P2cCc11,face_num,0,0.5081711127132901
P2cCc11,face_num,1,0.48999508897317745
P2cCc11,frame_brightness,0,0.4937932980157361
P2cCc11,frame_brightness,1,0.5039079234715735
P2cCc11,global_flow,0,0.5111647492764072
P2cCc11,global_flow,1,0.5125074449076832
P2cCc11,gpt2_surprisal,0,0.49653093424448547
P2cCc11,gpt2_surprisal,1,0.5286511394627127
P2cCc11,local_flow,0,0.47593074407280866
P2cCc11,local_flow,1,0.5033645758231194
P2cCc11,onset,0,0.5066934404283802
P2cCc11,onset,1,0.5177114254117922
P2cCc11,pitch,0,0.4871163913356948
P2cCc11,pitch,1,0.49785273188928253
P2cCc11,speech,0,0.4810925467331223
P2cCc11,speech,1,0.45340793914506333
P2cCc11,volume,0,0.48237254840496113
P2cCc11,volume,1,0.4920901121176975
P2cCc11,word_gap,0,0.48355328464102487
P2cCc11,word_gap,1,0.4878634943523192
P2cCc11,word_head_pos,0,0.531874653877099
P2cCc11,word_head_pos,1,0.5073822137237077
P2cCc11,word_index,0,0.5182925451381827
P2cCc11,word_index,1,0.5403814430660069
P2cCc11,word_length,0,0.47399245582688115
P2cCc11,word_length,1,0.5046184550118596
P2cCc11,word_part_speech,0,0.47096089897947485
P2cCc11,word_part_speech,1,0.48865764629438513
P2aIe2,delta_volume,0,0.5353750666123318
P2aIe2,delta_volume,1,0.5411533598737761
P2aIe2,face_num,0,0.5030667795157937
P2aIe2,face_num,1,0.4982341201425242
P2aIe2,frame_brightness,0,0.47576356018097654
P2aIe2,frame_brightness,1,0.4897756601151479
P2aIe2,global_flow,0,0.5374335182805137
P2aIe2,global_flow,1,0.5056006603763727
P2aIe2,gpt2_surprisal,0,0.5022256355600138
P2aIe2,gpt2_surprisal,1,0.503876576491855
P2aIe2,local_flow,0,0.5059559261465159
P2aIe2,local_flow,1,0.5088450727772378
P2aIe2,onset,0,0.5004830917874395
P2aIe2,onset,1,0.49078051335777895
P2aIe2,pitch,0,0.4494268727208134
P2aIe2,pitch,1,0.4679895092107876
P2aIe2,speech,0,0.5210494968809756
P2aIe2,speech,1,0.47108241120968
P2aIe2,volume,0,0.5246178280722652
P2aIe2,volume,1,0.4839555708807456
P2aIe2,word_gap,0,0.5024241664315643
P2aIe2,word_gap,1,0.47904454405818
P2aIe2,word_head_pos,0,0.46927473537924624
P2aIe2,word_head_pos,1,0.4778429098356374
P2aIe2,word_index,0,0.5351953539873002
P2aIe2,word_index,1,0.5137165841863829
P2aIe2,word_length,0,0.5370416810340324
P2aIe2,word_length,1,0.5190641881654702
P2aIe2,word_part_speech,0,0.45868210832091116
P2aIe2,word_part_speech,1,0.4666609333791996
P2aIe8,delta_volume,0,0.524017010960994
P2aIe8,delta_volume,1,0.5503798209042559
P2aIe8,face_num,0,0.5120058932321871
P2aIe8,face_num,1,0.522862397208029
P2aIe8,frame_brightness,0,0.4779003792984546
P2aIe8,frame_brightness,1,0.4958778721670167
P2aIe8,global_flow,0,0.5043258832011536
P2aIe8,global_flow,1,0.49553305539011316
P2aIe8,gpt2_surprisal,0,0.5102713603544298
P2aIe8,gpt2_surprisal,1,0.5074135607034264
P2aIe8,local_flow,0,0.5174654921998265
P2aIe8,local_flow,1,0.5260963606156547
P2aIe8,onset,0,0.510930679238694
P2aIe8,onset,1,0.5272423025435075
P2aIe8,pitch,0,0.48311442692496576
P2aIe8,pitch,1,0.503312330856922
P2aIe8,speech,0,0.4987826922875981
P2aIe8,speech,1,0.49295215405995635
P2aIe8,volume,0,0.5206054146682967
P2aIe8,volume,1,0.5266606062505877
P2aIe8,word_gap,0,0.49681305706195206
P2aIe8,word_gap,1,0.500585143621412
P2aIe8,word_head_pos,0,0.489796558101627
P2aIe8,word_head_pos,1,0.5066089882239847
P2aIe8,word_index,0,0.5109371116082526
P2aIe8,word_index,1,0.5050279077124715
P2aIe8,word_length,0,0.47330804676969374
P2aIe8,word_length,1,0.49181843829347044
P2aIe8,word_part_speech,0,0.47248022015823876
P2aIe8,word_part_speech,1,0.4997037801475366
F3cIc2,delta_volume,0,0.48968684367261206
F3cIc2,delta_volume,1,0.4940022778805262
F3cIc2,face_num,0,0.5447791605278831
F3cIc2,face_num,1,0.5275435461793256
F3cIc2,frame_brightness,0,0.4914266010469891
F3cIc2,frame_brightness,1,0.4822471604860871
F3cIc2,global_flow,0,0.4746402934077302
F3cIc2,global_flow,1,0.4763487038023886
F3cIc2,gpt2_surprisal,0,0.4837361420227161
F3cIc2,gpt2_surprisal,1,0.4964943627681473
F3cIc2,local_flow,0,0.48353761115116556
F3cIc2,local_flow,1,0.45128156902082484
F3cIc2,onset,0,0.5230370758395902
F3cIc2,onset,1,0.5065944939176998
F3cIc2,pitch,0,0.5033593513264998
F3cIc2,pitch,1,0.5110916063237307
F3cIc2,speech,0,0.49693322048420635
F3cIc2,speech,1,0.484681775910891
F3cIc2,volume,0,0.5380604578748838
F3cIc2,volume,1,0.5220996207015454
F3cIc2,word_gap,0,0.507251601308214
F3cIc2,word_gap,1,0.4987304473214006
F3cIc2,word_head_pos,0,0.4784802984232469
F3cIc2,word_head_pos,1,0.49410676781292123
F3cIc2,word_index,0,0.5491718075610693
F3cIc2,word_index,1,0.5420762434185253
F3cIc2,word_length,0,0.4793109933857873
F3cIc2,word_length,1,0.5416653605425117
F3cIc2,word_part_speech,0,0.4593892137751787
F3cIc2,word_part_speech,1,0.4717444482666361
F3cIc8,delta_volume,0,0.5252552166598748
F3cIc8,delta_volume,1,0.5410776046727898
F3cIc8,face_num,0,0.5353019236596555
F3cIc8,face_num,1,0.5187716163547642
F3cIc8,frame_brightness,0,0.4980355892709737
F3cIc8,frame_brightness,1,0.5190014942060333
F3cIc8,global_flow,0,0.4930252970126328
F3cIc8,global_flow,1,0.5076591120445545
F3cIc8,gpt2_surprisal,0,0.5050782107143976
F3cIc8,gpt2_surprisal,1,0.5328725327314714
F3cIc8,local_flow,0,0.4757949071606951
F3cIc8,local_flow,1,0.5211957827863285
F3cIc8,onset,0,0.5341714684826261
F3cIc8,onset,1,0.5048833013212269
F3cIc8,pitch,0,0.47720029675140796
F3cIc8,pitch,1,0.48158887391199856
F3cIc8,speech,0,0.49979624463182976
F3cIc8,speech,1,0.5063164164132785
F3cIc8,volume,0,0.521206231779568
F3cIc8,volume,1,0.5282227307398932
F3cIc8,word_gap,0,0.4836629990700397
F3cIc8,word_gap,1,0.4727229031482817
F3cIc8,word_head_pos,0,0.46210672601694824
F3cIc8,word_head_pos,1,0.4661557108972551
F3cIc8,word_index,0,0.4840688766863263
F3cIc8,word_index,1,0.5217838338643708
F3cIc8,word_length,0,0.4908675799086758
F3cIc8,word_length,1,0.5125649143705004
F3cIc8,word_part_speech,0,0.4955662576921606
F3cIc8,word_part_speech,1,0.47159156060084856
F3bIb4,delta_volume,0,0.4863483903325915
F3bIb4,delta_volume,1,0.4668505689476819
F3bIb4,face_num,0,0.4802931987503004
F3bIb4,face_num,1,0.4895457822638789
F3bIb4,frame_brightness,0,0.5126380573231769
F3bIb4,frame_brightness,1,0.515380918048546
F3bIb4,global_flow,0,0.484995245708076
F3bIb4,global_flow,1,0.4639091773507622
F3bIb4,gpt2_surprisal,0,0.5132336499378285
F3bIb4,gpt2_surprisal,1,0.47332372025955305
F3bIb4,local_flow,0,0.5155794489200966
F3bIb4,local_flow,1,0.4870014524100603
F3bIb4,onset,0,0.4811594202898551
F3bIb4,onset,1,0.4947034514871078
F3bIb4,pitch,0,0.46704909981923237
F3bIb4,pitch,1,0.5013844916042339
F3bIb4,speech,0,0.4856953282551227
F3bIb4,speech,1,0.5197538217192774
F3bIb4,volume,0,0.5158511227443237
F3bIb4,volume,1,0.5101877684085139
F3bIb4,word_gap,0,0.522068273721827
F3bIb4,word_gap,1,0.4875970450247119
F3bIb4,word_head_pos,0,0.4996969791960545
F3bIb4,word_head_pos,1,0.47612927494435914
F3bIb4,word_index,0,0.5515219307165615
F3bIb4,word_index,1,0.5423361128059114
F3bIb4,word_length,0,0.48837549502105476
F3bIb4,word_length,1,0.4870432483830183
F3bIb4,word_part_speech,0,0.45445858655352983
F3bIb4,word_part_speech,1,0.4623991896953713
F3bIb10,delta_volume,0,0.492100561110937
F3bIb10,delta_volume,1,0.4971996698118137
F3bIb10,face_num,0,0.4849064292655403
F3bIb10,face_num,1,0.44161625027428614
F3bIb10,frame_brightness,0,0.5255268904841018
F3bIb10,frame_brightness,1,0.5277473015474959
F3bIb10,global_flow,0,0.5124917714178239
F3bIb10,global_flow,1,0.49039215071627856
F3bIb10,gpt2_surprisal,0,0.49267003124248987
F3bIb10,gpt2_surprisal,1,0.501091919793528
F3bIb10,local_flow,0,0.4701942467843223
F3bIb10,local_flow,1,0.4636531770163945
F3bIb10,onset,0,0.5137826668994819
F3bIb10,onset,1,0.48812641871835166
F3bIb10,pitch,0,0.49780571141970476
F3bIb10,pitch,1,0.49853191644985
F3bIb10,speech,0,0.5179931663584214
F3bIb10,speech,1,0.5078837653992038
F3bIb10,volume,0,0.49339101177601535
F3bIb10,volume,1,0.49498448324503935
F3bIb10,word_gap,0,0.520767374063509
F3bIb10,word_gap,1,0.5288601193275029
F3bIb10,word_head_pos,0,0.513724752620085
F3bIb10,word_head_pos,1,0.47059653302404314
F3bIb10,word_index,0,0.5213883804487831
F3bIb10,word_index,1,0.5107224368969335
F3bIb10,word_length,0,0.49721011880505317
F3bIb10,word_length,1,0.5031294734752306
F3bIb10,word_part_speech,0,0.47643618851049185
F3bIb10,word_part_speech,1,0.4709322325421396
F3aOFc6,delta_volume,0,0.5228467237181698
F3aOFc6,delta_volume,1,0.5306259991849785
F3aOFc6,face_num,0,0.48668798261287527
F3aOFc6,face_num,1,0.45887798710594235
F3aOFc6,frame_brightness,0,0.5244297461939542
F3aOFc6,frame_brightness,1,0.5151667136871363
F3aOFc6,global_flow,0,0.4888822711931705
F3aOFc6,global_flow,1,0.4809619343176285
F3aOFc6,gpt2_surprisal,0,0.48201205813819836
F3aOFc6,gpt2_surprisal,1,0.4903764772264192
F3aOFc6,local_flow,0,0.5176953700510956
F3aOFc6,local_flow,1,0.4750060081711127
F3aOFc6,onset,0,0.48718933705837847
F3aOFc6,onset,1,0.49086199871951575
F3aOFc6,pitch,0,0.49724146578477163
F3aOFc6,pitch,1,0.4995036728211237
F3aOFc6,speech,0,0.48387981567975924
F3aOFc6,speech,1,0.4800424229125524
F3aOFc6,volume,0,0.5075859690918779
F3aOFc6,volume,1,0.5048222103800298
F3aOFc6,word_gap,0,0.5165930012643282
F3aOFc6,word_gap,1,0.47798397124437064
F3aOFc6,word_head_pos,0,0.4926857047323491
F3aOFc6,word_head_pos,1,0.4733759652257505
F3aOFc6,word_index,0,0.5077056922694506
F3aOFc6,word_index,1,0.5240096716606784
F3aOFc6,word_length,0,0.47616584642069737
F3aOFc6,word_length,1,0.503709392600023
F3aOFc6,word_part_speech,0,0.4632018499407561
F3aOFc6,word_part_speech,1,0.4753946412873141
F3aOFc12,delta_volume,0,0.5084114395577987
F3aOFc12,delta_volume,1,0.4786474823150789
F3aOFc12,face_num,0,0.4924244799013615
F3aOFc12,face_num,1,0.47642707125168493
F3aOFc12,frame_brightness,0,0.5057939667513035
F3aOFc12,frame_brightness,1,0.5181133297806756
F3aOFc12,global_flow,0,0.5193358619896973
F3aOFc12,global_flow,1,0.49056978360135
F3aOFc12,gpt2_surprisal,0,0.5207725985601288
F3aOFc12,gpt2_surprisal,1,0.49087280440529557
F3aOFc12,local_flow,0,0.502852575154384
F3aOFc12,local_flow,1,0.48405483631652085
F3aOFc12,onset,0,0.5082824049822479
F3aOFc12,onset,1,0.5360398114195914
F3aOFc12,pitch,0,0.490277211790644
F3aOFc12,pitch,1,0.5008202459693009
F3aOFc12,speech,0,0.48585728765033487
F3aOFc12,speech,1,0.4838876524246889
F3aOFc12,volume,0,0.49854758993970927
F3aOFc12,volume,1,0.5027324117321296
F3aOFc12,word_gap,0,0.5262687690041064
F3aOFc12,word_gap,1,0.5137874465795221
F3aOFc12,word_head_pos,0,0.5077061325141323
F3aOFc12,word_head_pos,1,0.5171337366644724
F3aOFc12,word_index,0,0.47373059453596367
F3aOFc12,word_index,1,0.5016609043454681
F3aOFc12,word_length,0,0.5405682162523641
F3aOFc12,word_length,1,0.5121991996071178
F3aOFc12,word_part_speech,0,0.46573405190536254
F3aOFc12,word_part_speech,1,0.47206933455643474
P2bIg3,delta_volume,0,0.5619573054136233
P2bIg3,delta_volume,1,0.5670302916314014
P2bIg3,face_num,0,0.5019853087155053
P2bIg3,face_num,1,0.4967555875991349
P2bIg3,frame_brightness,0,0.5259030542407239
P2bIg3,frame_brightness,1,0.5012408179471909
P2bIg3,global_flow,0,0.5162899804603827
P2bIg3,global_flow,1,0.49126986614839663
P2bIg3,gpt2_surprisal,0,0.49631672988307585
P2bIg3,gpt2_surprisal,1,0.5062902939301799
P2bIg3,local_flow,0,0.484765367856807
P2bIg3,local_flow,1,0.501614369455503
P2bIg3,onset,0,0.5239566963506199
P2bIg3,onset,1,0.5333857167801641
P2bIg3,pitch,0,0.4789243806359257
P2bIg3,pitch,1,0.4691806944400907
P2bIg3,speech,0,0.4889031691796496
P2bIg3,speech,1,0.494091094323062
P2bIg3,volume,0,0.5069329070144092
P2bIg3,volume,1,0.5026331462963542
P2bIg3,word_gap,0,0.49880359027407717
P2bIg3,word_gap,1,0.518170799243493
P2bIg3,word_head_pos,0,0.5069015600346907
P2bIg3,word_head_pos,1,0.4707741659091147
P2bIg3,word_index,0,0.535263146001401
P2bIg3,word_index,1,0.48908548572978106
P2bIg3,word_length,0,0.43993396236272636
P2bIg3,word_length,1,0.47903409506494055
P2bIg3,word_part_speech,0,0.4895654168099989
P2bIg3,word_part_speech,1,0.5131770056950655
P2bIg9,delta_volume,0,0.5225123559345057
P2bIg9,delta_volume,1,0.5278883629562292
P2bIg9,face_num,0,0.4998850610743655
P2bIg9,face_num,1,0.5144091616772724
P2bIg9,frame_brightness,0,0.5042736382349562
P2bIg9,frame_brightness,1,0.4553880233639489
P2bIg9,global_flow,0,0.530782734083571
P2bIg9,global_flow,1,0.5380656823715035
P2bIg9,gpt2_surprisal,0,0.48573712422808063
P2bIg9,gpt2_surprisal,1,0.5413309927588477
P2bIg9,local_flow,0,0.4809985057939667
P2bIg9,local_flow,1,0.49672424061941634
P2bIg9,onset,0,0.5272801350328852
P2bIg9,onset,1,0.5245387346487399
P2bIg9,pitch,0,0.4699591444364335
P2bIg9,pitch,1,0.48948831280106164
P2bIg9,speech,0,0.5301819169722998
P2bIg9,speech,1,0.49880359027407706
P2bIg9,volume,0,0.5008620419422588
P2bIg9,volume,1,0.5179827173651819
P2bIg9,word_gap,0,0.5030876775022726
P2bIg9,word_gap,1,0.5160653271057334
P2bIg9,word_head_pos,0,0.5220630492252071
P2bIg9,word_head_pos,1,0.49607117854194743
P2bIg9,word_index,0,0.5121912638691162
P2bIg9,word_index,1,0.5001016880211511
P2bIg9,word_length,0,0.4810194037804458
P2bIg9,word_length,1,0.49258121479995404
P2bIg9,word_part_speech,0,0.5024557581317127
P2bIg9,word_part_speech,1,0.49770668501318654
F2e3,delta_volume,0,0.5069433560076486
F2e3,delta_volume,1,0.5158929187172816
F2e3,face_num,0,0.5114729945769725
F2e3,face_num,1,0.4971996698118137
F2e3,frame_brightness,0,0.5009978788543723
F2e3,frame_brightness,1,0.5164205928758764
F2e3,global_flow,0,0.513348588863463
F2e3,global_flow,1,0.5026226973031149
F2e3,gpt2_surprisal,0,0.5109662184048567
F2e3,gpt2_surprisal,1,0.5010240013374712
F2e3,local_flow,0,0.48166724136129485
F2e3,local_flow,1,0.4870536973762577
F2e3,onset,0,0.5146382631977184
F2e3,onset,1,0.4840317792910774
F2e3,pitch,0,0.5154697344910818
F2e3,pitch,1,0.5017972268371942
F2e3,speech,0,0.47105628872658123
F2e3,speech,1,0.47532470246491754
F2e3,volume,0,0.4860871655016039
F2e3,volume,1,0.5247379914945196
F2e3,word_gap,0,0.5117603418910588
F2e3,word_gap,1,0.5009769808678933
F2e3,word_head_pos,0,0.5140329979206504
F2e3,word_head_pos,1,0.4699957159127718
F2e3,word_index,0,0.5211172123923802
F2e3,word_index,1,0.5442907825458161
F2e3,word_length,0,0.4994618768481657
F2e3,word_length,1,0.536775231706425
F2e3,word_part_speech,0,0.48855253602415627
F2e3,word_part_speech,1,0.46063142605970264
F2c1,delta_volume,0,0.49788930336562076
F2c1,delta_volume,1,0.49846399799379326
F2c1,face_num,0,0.5056058848729925
F2c1,face_num,1,0.48727835073090703
F2c1,frame_brightness,0,0.5244506441804332
F2c1,frame_brightness,1,0.5244088482074752
F2c1,global_flow,0,0.5131448334952927
F2c1,global_flow,1,0.5279406079224267
F2c1,gpt2_surprisal,0,0.5062537224538416
F2c1,gpt2_surprisal,1,0.4694210212845993
F2c1,local_flow,0,0.4748858447488584
F2c1,local_flow,1,0.48659916617033955
F2c1,onset,0,0.48523368837669517
F2c1,onset,1,0.5056806937896514
F2c1,pitch,0,0.49273794969854656
F2c1,pitch,1,0.5251559512240996
F2c1,speech,0,0.48217401753341066
F2c1,speech,1,0.502241309049873
F2c1,volume,0,0.5137978955727616
F2c1,volume,1,0.529591548854268
F2c1,word_gap,0,0.5027167382422704
F2c1,word_gap,1,0.49393958392108916
F2c1,word_head_pos,0,0.47654201017731945
F2c1,word_head_pos,1,0.46047145857496624
F2c1,word_index,0,0.46164101868799856
F2c1,word_index,1,0.498655458387002
F2c1,word_length,0,0.48033499472325836
F2c1,word_length,1,0.49139525406727064
F2c1,word_part_speech,0,0.48242747391354207
F2c1,word_part_speech,1,0.4903585215762718
F2c7,delta_volume,0,0.5066194372172241
F2c7,delta_volume,1,0.46673563002204743
F2c7,face_num,0,0.4877799024064031
F2c7,face_num,1,0.48025140277734246
F2c7,frame_brightness,0,0.513975528457833
F2c7,frame_brightness,1,0.532125429714847
F2c7,global_flow,0,0.5263053404804447
F2c7,global_flow,1,0.5104542177361211
F2c7,gpt2_surprisal,0,0.48948831280106164
F2c7,gpt2_surprisal,1,0.46942624578121894
F2c7,local_flow,0,0.4816149963950973
F2c7,local_flow,1,0.480282749757061
F2c7,onset,0,0.5062569117047901
F2c7,onset,1,0.49919678714859433
F2c7,pitch,0,0.4913116621213546
F2c7,pitch,1,0.4607379079025736
F2c7,speech,0,0.525375380082129
F2c7,speech,1,0.4907369674931821
F2c7,volume,0,0.48891361817288903
F2c7,volume,1,0.4882605560954202
F2c7,word_gap,0,0.5102765848510497
F2c7,word_gap,1,0.49908571309154365
F2c7,word_head_pos,0,0.5316761230055485
F2c7,word_head_pos,1,0.4917557443340334
F2c7,word_index,0,0.5187783879059047
F2c7,word_index,1,0.4936501480125642
F2c7,word_length,0,0.5089809096893515
F2c7,word_length,1,0.515548101940378
F2c7,word_part_speech,0,0.47406642969078466
F2c7,word_part_speech,1,0.4830294690975806
F2aOFb5,delta_volume,0,0.49309321546868956
F2aOFb5,delta_volume,1,0.5029204936104407
F2aOFb5,face_num,0,0.48033499472325847
F2aOFb5,face_num,1,0.47471343636040664
F2aOFb5,frame_brightness,0,0.5024607379079026
F2aOFb5,frame_brightness,1,0.5035004127352329
F2aOFb5,global_flow,0,0.4898540275644442
F2aOFb5,global_flow,1,0.4935372976813684
F2aOFb5,gpt2_surprisal,0,0.48246136484749697
F2aOFb5,gpt2_surprisal,1,0.47499555917787323
F2aOFb5,local_flow,0,0.48521989906272533
F2aOFb5,local_flow,1,0.47577923367083574
F2aOFb5,onset,0,0.5040335254059717
F2aOFb5,onset,1,0.5004947325534019
F2aOFb5,pitch,0,0.46881497967670815
F2aOFb5,pitch,1,0.4826180997460895
F2aOFb5,speech,0,0.5098063801552721
F2aOFb5,speech,1,0.44238425127738945
F2aOFb5,volume,0,0.5053289865521458
F2aOFb5,volume,1,0.4763434793057689
F2aOFb5,word_gap,0,0.5250410122984651
F2aOFb5,word_gap,1,0.5287399559052486
F2aOFb5,word_head_pos,0,0.4970220369267421
F2aOFb5,word_head_pos,1,0.5050782107143976
F2aOFb5,word_index,0,0.4856393916796602
F2aOFb5,word_index,1,0.49667819130906377
F2aOFb5,word_length,0,0.5293721199962383
F2aOFb5,word_length,1,0.5056529053425702
F2aOFb5,word_part_speech,0,0.5032870848144326
F2aOFb5,word_part_speech,1,0.5062492833390667
F2aOFb11,delta_volume,0,0.4917870913137519
F2aOFb11,delta_volume,1,0.5243148072683197
F2aOFb11,face_num,0,0.5062380489639824
F2aOFb11,face_num,1,0.5126432818197968
F2aOFb11,frame_brightness,0,0.5009404093915552
F2aOFb11,frame_brightness,1,0.5326008589072444
F2aOFb11,global_flow,0,0.49292603157685755
F2aOFb11,global_flow,1,0.49364178761376337
F2aOFb11,gpt2_surprisal,0,0.5089965831792107
F2aOFb11,gpt2_surprisal,1,0.5071418868791991
F2aOFb11,local_flow,0,0.486818595028369
F2aOFb11,local_flow,1,0.4822053645131291
F2aOFb11,onset,0,0.5267679413305396
F2aOFb11,onset,1,0.5098771899190967
F2aOFb11,pitch,0,0.5575582792597933
F2aOFb11,pitch,1,0.5322455931371013
F2aOFb11,speech,0,0.49422693123517547
F2aOFb11,speech,1,0.47647409172126265
F2aOFb11,volume,0,0.5054543744710197
F2aOFb11,volume,1,0.5110184633710542
F2aOFb11,word_gap,0,0.5045296385693239
F2aOFb11,word_gap,1,0.5152868771093906
F2aOFb11,word_head_pos,0,0.46906053101783646
F2aOFb11,word_head_pos,1,0.43811061304243337
F2aOFb11,word_index,0,0.5235012315549228
F2aOFb11,word_index,1,0.48417056470747744
F2aOFb11,word_length,0,0.5104176462597829
F2aOFb11,word_length,1,0.5058409872208812
F2aOFb11,word_part_speech,0,0.49683713641401983
F2aOFb11,word_part_speech,1,0.5133490043190765
F2dCb1,delta_volume,0,0.49531885102870343
F2dCb1,delta_volume,1,0.5664869439829473
F2dCb1,face_num,0,0.520809170036467
F2dCb1,face_num,1,0.5138762630220578
F2dCb1,frame_brightness,0,0.5178521049496881
F2dCb1,frame_brightness,1,0.5460957336760603
F2dCb1,global_flow,0,0.4993887338954892
F2dCb1,global_flow,1,0.47791082829169407
F2dCb1,gpt2_surprisal,0,0.5042422912552376
F2dCb1,gpt2_surprisal,1,0.5067761721158166
F2dCb1,local_flow,0,0.5137613240964233
F2dCb1,local_flow,1,0.4905488856148711
F2dCb1,onset,0,0.4926372155287818
F2dCb1,onset,1,0.47550782841510975
F2dCb1,pitch,0,0.4863692883190705
F2dCb1,pitch,1,0.4990334681253461
F2dCb1,speech,0,0.5169482670344712
F2dCb1,speech,1,0.4788198907035308
F2dCb1,volume,0,0.4970220369267421
F2dCb1,volume,1,0.4958987701534957
F2dCb1,word_gap,0,0.49529795304222435
F2dCb1,word_gap,1,0.5311797958266721
F2dCb1,word_head_pos,0,0.4974713436360407
F2dCb1,word_head_pos,1,0.5021211456276188
F2dCb1,word_index,0,0.49828260230944793
F2dCb1,word_index,1,0.4803064199037353
F2dCb1,word_length,0,0.4928163171478428
F2dCb1,word_length,1,0.5036937191101638
F2dCb1,word_part_speech,0,0.4895749722891106
F2dCb1,word_part_speech,1,0.47550930703665484
F2dCb7,delta_volume,0,0.5352966991630357
F2dCb7,delta_volume,1,0.5313156327387856
F2dCb7,face_num,0,0.4994984483245039
F2dCb7,face_num,1,0.5238655005590211
F2dCb7,frame_brightness,0,0.4852616950356834
F2dCb7,frame_brightness,1,0.5440581799943576
F2dCb7,global_flow,0,0.5227788052621131
F2dCb7,global_flow,1,0.4534131636416831
F2dCb7,gpt2_surprisal,0,0.5082599291558259
F2dCb7,gpt2_surprisal,1,0.504273638234956
F2dCb7,local_flow,0,0.47742495010605723
F2dCb7,local_flow,1,0.4673625696164175
F2dCb7,onset,0,0.49837029276526396
F2dCb7,onset,1,0.5038647342995168
F2dCb7,pitch,0,0.44824613648474976
F2dCb7,pitch,1,0.4532355307566116
F2dCb7,speech,0,0.5046863734679163
F2dCb7,speech,1,0.5091115221048452
F2dCb7,volume,0,0.5236042757280336
F2dCb7,volume,1,0.5330292676300639
F2dCb7,word_gap,0,0.49427395170475324
F2dCb7,word_gap,1,0.5377417635810791
F2dCb7,word_head_pos,0,0.49236701043854425
F2dCb7,word_head_pos,1,0.4959719131061722
F2dCb7,word_index,0,0.49389871873093344
F2dCb7,word_index,1,0.508281924389307
F2dCb7,word_length,0,0.49641599531885106
F2dCb7,word_length,1,0.4927797456715046
F2dCb7,word_part_speech,0,0.45507013721668005
F2dCb7,word_part_speech,1,0.44872529908649617
F2dCb13,delta_volume,0,0.512635445074867
F2dCb13,delta_volume,1,0.5011441647597253
F2dCb13,face_num,0,0.5016248184487425
F2dCb13,face_num,1,0.5116663009519032
F2dCb13,frame_brightness,0,0.4879105148218969
F2dCb13,frame_brightness,1,0.503876576491855
F2dCb13,global_flow,0,0.5157727552950273
F2dCb13,global_flow,1,0.506431355338913
F2dCb13,gpt2_surprisal,0,0.4911444782295226
F2dCb13,gpt2_surprisal,1,0.4792587484195898
F2dCb13,local_flow,0,0.5214570076173161
F2dCb13,local_flow,1,0.5023562479755076
F2dCb13,onset,0,0.5120481927710844
F2dCb13,onset,1,0.49410977242302545
F2dCb13,pitch,0,0.5051670271569334
F2dCb13,pitch,1,0.4707375944327764
F2dCb13,speech,0,0.5397740927661618
F2dCb13,speech,1,0.5013113486515575
F2dCb13,volume,0,0.4973825271935049
F2dCb13,volume,1,0.5113110351817602
F2dCb13,word_gap,0,0.5077897244600483
F2dCb13,word_gap,1,0.5104280952530224
F2dCb13,word_head_pos,0,0.4829785900128523
F2dCb13,word_head_pos,1,0.4873985141531614
F2dCb13,word_index,0,0.5005762321198564
F2dCb13,word_index,1,0.4879104241520349
F2dCb13,word_length,0,0.49858938591266727
F2dCb13,word_length,1,0.5020480026749422
F2dCb13,word_part_speech,0,0.4582998891564423
F2dCb13,word_part_speech,1,0.4586629973626878
F2bCa5,delta_volume,0,0.4788512376832492
F2bCa5,delta_volume,1,0.5044878425963658
F2bCa5,face_num,0,0.5117133214214811
F2bCa5,face_num,1,0.5035996781710083
F2bCa5,frame_brightness,0,0.49326562385714134
F2bCa5,frame_brightness,1,0.5199628015840674
F2bCa5,global_flow,0,0.5145711210724847
F2bCa5,global_flow,1,0.5087405828448429
F2bCa5,gpt2_surprisal,0,0.4939343594244695
F2bCa5,gpt2_surprisal,1,0.48035589270973744
F2bCa5,local_flow,0,0.5365401293585363
F2bCa5,local_flow,1,0.5020062067019843
F2bCa5,onset,0,0.4745823875210988
F2bCa5,onset,1,0.44154007333682554
F2bCa5,pitch,0,0.48111344471960127
F2bCa5,pitch,1,0.47788470580859527
F2bCa5,speech,0,0.5024346154248038
F2bCa5,speech,1,0.46618705787697357
F2bCa5,volume,0,0.504106454343124
F2bCa5,volume,1,0.5094981348547067
F2bCa5,word_gap,0,0.4899323950137404
F2bCa5,word_gap,1,0.5051879251434124
F2bCa5,word_head_pos,0,0.5106788710907705
F2bCa5,word_head_pos,1,0.4951830141165899
F2bCa5,word_index,0,0.48550380765145873
F2bCa5,word_index,1,0.49029444331457755
F2bCa5,word_length,0,0.45836598643720683
F2bCa5,word_length,1,0.4773152356770425
F2bCa5,word_part_speech,0,0.4842334594656576
F2bCa5,word_part_speech,1,0.4983851240301189
F2bCa11,delta_volume,0,0.5267233002100248
F2bCa11,delta_volume,1,0.5193776579626552
F2bCa11,face_num,0,0.4927640721816453
F2bCa11,face_num,1,0.5275383216827059
F2bCa11,frame_brightness,0,0.5045766590389016
F2bCa11,frame_brightness,1,0.5149472848291068
F2bCa11,global_flow,0,0.5176222270984191
F2bCa11,global_flow,1,0.46912322497727343
F2bCa11,gpt2_surprisal,0,0.48967639467937263
F2bCa11,gpt2_surprisal,1,0.5083591945916011
F2bCa11,local_flow,0,0.4804081376759349
F2bCa11,local_flow,1,0.46302101292540465
F2bCa11,onset,0,0.48720679820732204
F2bCa11,onset,1,0.4499970898085094
F2bCa11,pitch,0,0.5242207663291641
F2bCa11,pitch,1,0.49112358024304353
F2bCa11,speech,0,0.4752045390426633
F2bCa11,speech,1,0.4643898310397794
F2bCa11,volume,0,0.5061440080248268
F2bCa11,volume,1,0.4895196597807801
F2bCa11,word_gap,0,0.49523003458616766
F2bCa11,word_gap,1,0.5202919448711117
F2bCa11,word_head_pos,0,0.4947258706623617
F2bCa11,word_head_pos,1,0.4925132963438973
F2bCa11,word_index,0,0.4540483131087158
F2bCa11,word_index,1,0.4837864099609065
F2bCa11,word_length,0,0.5044982915896054
F2bCa11,word_length,1,0.5283637921486265
F2bCa11,word_part_speech,0,0.5291919886863127
F2bCa11,word_part_speech,1,0.4894507510606582
F10Fa1,delta_volume,0,0.5287974253680658
F10Fa1,delta_volume,1,0.5227840297587328
F10Fa1,face_num,0,0.4838354074584914
F10Fa1,face_num,1,0.47299980146912846
F10Fa1,frame_brightness,0,0.5071889073487769
F10Fa1,frame_brightness,1,0.49126464165177686
F10Fa1,global_flow,0,0.5050364147414397
F10Fa1,global_flow,1,0.4923879084250233
F10Fa1,gpt2_surprisal,0,0.5048901288360866
F10Fa1,gpt2_surprisal,1,0.5319321233399162
F10Fa1,local_flow,0,0.5184476975643397
F10Fa1,local_flow,1,0.4917766423205124
F10Fa1,onset,0,0.5050171701297945
F10Fa1,onset,1,0.5023339735754613
F10Fa1,pitch,0,0.4882762295852795
F10Fa1,pitch,1,0.4984274265174551
F10Fa1,speech,0,0.48160454740185776
F10Fa1,speech,1,0.5073299687575101
F10Fa1,volume,0,0.5015307775095869
F10Fa1,volume,1,0.5084271130476579
F10Fa1,word_gap,0,0.5356467404365589
F10Fa1,word_gap,1,0.5100310335099213
F10Fa1,word_head_pos,0,0.51362026268769
F10Fa1,word_head_pos,1,0.5254903190077637
F10Fa1,word_index,0,0.4987458477391363
F10Fa1,word_index,1,0.5185750118636026
F10Fa1,word_length,0,0.5328882062213306
F10Fa1,word_length,1,0.5367177622436079
F10Fa1,word_part_speech,0,0.5062110614226197
F10Fa1,word_part_speech,1,0.49259450368841495
F10Fa10,delta_volume,0,0.49665632216335953
F10Fa10,delta_volume,1,0.4920221936616407
F10Fa10,face_num,0,0.48154185344242084
F10Fa10,face_num,1,0.5070582949332831
F10Fa10,frame_brightness,0,0.5096966657262574
F10Fa10,frame_brightness,1,0.5270054230274913
F10Fa10,global_flow,0,0.5062902939301799
F10Fa10,global_flow,1,0.5079778063383592
F10Fa10,gpt2_surprisal,0,0.48582071617399664
F10Fa10,gpt2_surprisal,1,0.49963428523661735
F10Fa10,local_flow,0,0.49178709131375187
F10Fa10,local_flow,1,0.4602311317304578
F10Fa10,onset,0,0.5239799778825447
F10Fa10,onset,1,0.4883417728886561
F10Fa10,pitch,0,0.5047281694408744
F10Fa10,pitch,1,0.5237505616333866
F10Fa10,speech,0,0.5066769066800414
F10Fa10,speech,1,0.5234266428429621
F10Fa10,volume,0,0.5089391137163934
F10Fa10,volume,1,0.47668829608267244
F10Fa10,word_gap,0,0.5080770717741345
F10Fa10,word_gap,1,0.4898592520610639
F10Fa10,word_head_pos,0,0.49117582520924113
F10Fa10,word_head_pos,1,0.49905959060844485
F10Fa10,word_index,0,0.47908616364992207
F10Fa10,word_index,1,0.508281924389307
F10Fa10,word_length,0,0.5012225322090217
F10Fa10,word_length,1,0.5066403352037031
F10Fa10,word_part_speech,0,0.49906356304705124
F10Fa10,word_part_speech,1,0.4948495967587815
T2bH4,delta_volume,0,0.5061910284944046
T2bH4,delta_volume,1,0.5189596982330753
T2bH4,face_num,0,0.5118543828302143
T2bH4,face_num,1,0.5247379914945195
T2bH4,frame_brightness,0,0.5181342277671546
T2bH4,frame_brightness,1,0.5176326760916585
T2bH4,global_flow,0,0.5147174069778377
T2bH4,global_flow,1,0.521334231946752
T2bH4,gpt2_surprisal,0,0.527156933429464
T2bH4,gpt2_surprisal,1,0.5166243482440467
T2bH4,local_flow,0,0.5003657147633827
T2bH4,local_flow,1,0.5050050677617213
T2bH4,onset,0,0.5136196961760084
T2bH4,onset,1,0.5243000989465106
T2bH4,pitch,0,0.47121824812179347
T2bH4,pitch,1,0.4984378755106946
T2bH4,speech,0,0.484744469870328
T2bH4,speech,1,0.5157414083153088
T2bH4,volume,0,0.5234318673395818
T2bH4,volume,1,0.5072672747980732
T2bH4,word_gap,0,0.5269479535646739
T2bH4,word_gap,1,0.5075964180851175
T2bH4,word_head_pos,0,0.4907839879627598
T2bH4,word_head_pos,1,0.5020793496546607
T2bH4,word_index,0,0.4931417079068086
T2bH4,word_index,1,0.5204392922513728
T2bH4,word_length,0,0.5241371743832482
T2bH4,word_length,1,0.47706445983929446
T2bH4,word_part_speech,0,0.4916389557772427
T2bH4,word_part_speech,1,0.47065512364789963
T2bH10,delta_volume,0,0.5057364972884862
T2bH10,delta_volume,1,0.5188499838040604
T2bH10,face_num,0,0.522716111302676
T2bH10,face_num,1,0.49887150873013386
T2bH10,frame_brightness,0,0.5004231842261998
T2bH10,frame_brightness,1,0.5092473590169587
T2bH10,global_flow,0,0.5181812482367324
T2bH10,global_flow,1,0.522695213316197
T2bH10,gpt2_surprisal,0,0.47536127394125577
T2bH10,gpt2_surprisal,1,0.4603669686425713
T2bH10,local_flow,0,0.5216816609719654
T2bH10,local_flow,1,0.48437353061032573
T2bH10,onset,0,0.5031546475758104
T2bH10,onset,1,0.4982771666375647
T2bH10,pitch,0,0.4915781114489619
T2bH10,pitch,1,0.49828114061210205
T2bH10,speech,0,0.4930514194957316
T2bH10,speech,1,0.49702203692674213
T2bH10,volume,0,0.507356091240609
T2bH10,volume,1,0.5227944787519722
T2bH10,word_gap,0,0.5111595247797874
T2bH10,word_gap,1,0.5240326844508532
T2bH10,word_head_pos,0,0.5145867945623439
T2bH10,word_head_pos,1,0.5063425388963774
T2bH10,word_index,0,0.47149345807063925
T2bH10,word_index,1,0.49934467719702624
T2bH10,word_length,0,0.4877119839503463
T2bH10,word_length,1,0.4861759819441397
T2bH10,word_part_speech,0,0.45993387608454683
T2bH10,word_part_speech,1,0.4707602339181287
T2bH16,delta_volume,0,0.4871947587849911
T2bH16,delta_volume,1,0.5075911935884978
T2bH16,face_num,0,0.5267441981965036
T2bH16,face_num,1,0.46936355182178197
T2bH16,frame_brightness,0,0.5218279468773184
T2bH16,frame_brightness,1,0.5466077343447959
T2bH16,global_flow,0,0.5038818009884747
T2bH16,global_flow,1,0.48716341180527256
T2bH16,gpt2_surprisal,0,0.4764322957483046
T2bH16,gpt2_surprisal,1,0.47895050311902443
T2bH16,local_flow,0,0.47580013165731483
T2bH16,local_flow,1,0.47846462493338765
T2bH16,onset,0,0.48624643501542403
T2bH16,onset,1,0.5139398172399744
T2bH16,pitch,0,0.48999508897317745
T2bH16,pitch,1,0.5022047375735348
T2bH16,speech,0,0.4802461782807227
T2bH16,speech,1,0.4819545886753811
T2bH16,volume,0,0.506750049632718
T2bH16,volume,1,0.5145241006029069
T2bH16,word_gap,0,0.5098742986113287
T2bH16,word_gap,1,0.48488030678244143
T2bH16,word_head_pos,0,0.5276741585948195
T2bH16,word_head_pos,1,0.5080822962707543
T2bH16,word_index,0,0.5075362122341989
T2bH16,word_index,1,0.47324475176824177
T2bH16,word_length,0,0.4703039612133371
T2bH16,word_length,1,0.4856483077855449
T2bH16,word_part_speech,0,0.4767992967167374
T2bH16,word_part_speech,1,0.47761151244123384
T2aA8,delta_volume,0,0.5420467487957537
T2aA8,delta_volume,1,0.5379559679424888
T2aA8,face_num,0,0.5084480110341368
T2aA8,face_num,1,0.4708786558415097
T2aA8,frame_brightness,0,0.49062202856754744
T2aA8,frame_brightness,1,0.4876649634807686
T2aA8,global_flow,0,0.5129254046372632
T2aA8,global_flow,1,0.49600848458251046
T2aA8,gpt2_surprisal,0,0.4874141876430206
T2aA8,gpt2_surprisal,1,0.4972466902813914
T2aA8,local_flow,0,0.5051095576941161
T2aA8,local_flow,1,0.45965643710228515
T2aA8,onset,0,0.48671206565392
T2aA8,onset,1,0.4971887550200803
T2aA8,pitch,0,0.45910264046059157
T2aA8,pitch,1,0.5190432901789913
T2aA8,speech,0,0.4936156651306647
T2aA8,speech,1,0.4828114061210203
T2aA8,volume,0,0.4929521540599563
T2aA8,volume,1,0.5000574694628173
T2aA8,word_gap,0,0.5132075274547298
T2aA8,word_gap,1,0.5180140643449004
T2aA8,word_head_pos,0,0.4862700228832952
T2aA8,word_head_pos,1,0.4770278883629563
T2aA8,word_index,0,0.51101620229137
T2aA8,word_index,1,0.5230718821322848
T2aA8,word_length,0,0.46030427468313434
T2aA8,word_length,1,0.49044962017909566
T2aA8,word_part_speech,0,0.4904445208882774
T2aA8,word_part_speech,1,0.4865936628062531
T2aA14,delta_volume,0,0.5277734240305947
T2aA14,delta_volume,1,0.5263157894736842
T2aA14,face_num,0,0.5288810173139817
T2aA14,face_num,1,0.461965664608215
T2aA14,frame_brightness,0,0.5023196764991693
T2aA14,frame_brightness,1,0.48416455074553566
T2aA14,global_flow,0,0.5025704523369173
T2aA14,global_flow,1,0.48759182052809213
T2aA14,gpt2_surprisal,0,0.48349059068158784
T2aA14,gpt2_surprisal,1,0.5217077834550641
T2aA14,local_flow,0,0.45296908142900427
T2aA14,local_flow,1,0.45842606814833387
T2aA14,onset,0,0.5173331005180141
T2aA14,onset,1,0.5068505907688725
T2aA14,pitch,0,0.48737761616668235
T2aA14,pitch,1,0.5143830391941736
T2aA14,speech,0,0.5035944536743885
T2aA14,speech,1,0.494718033917432
T2aA14,volume,0,0.5039288214580524
T2aA14,volume,1,0.5088137257975194
T2aA14,word_gap,0,0.49927901946647435
T2aA14,word_gap,1,0.4813067510945321
T2aA14,word_head_pos,0,0.4883754950210547
T2aA14,word_head_pos,1,0.46222166494258277
T2aA14,word_index,0,0.5201794228639867
T2aA14,word_index,1,0.5054798544731431
T2aA14,word_length,0,0.49855281443632904
T2aA14,word_length,1,0.5237035411638088
T2aA14,word_part_speech,0,0.5018059855521155
T2aA14,word_part_speech,1,0.4450273286702595
T1cIf6,delta_volume,0,0.5631902866158845
T1cIf6,delta_volume,1,0.5669832711618236
T1cIf6,face_num,0,0.5178521049496881
T1cIf6,face_num,1,0.49545468794081693
T1cIf6,frame_brightness,0,0.48337042725933355
T1cIf6,frame_brightness,1,0.47900797258184175
T1cIf6,global_flow,0,0.5150099787885437
T1cIf6,global_flow,1,0.49788930336562065
T1cIf6,gpt2_surprisal,0,0.5113894026310566
T1cIf6,gpt2_surprisal,1,0.5180819828009571
T1cIf6,local_flow,0,0.4909877433309301
T1cIf6,local_flow,1,0.4965466077343448
T1cIf6,onset,0,0.5982713462545836
T1cIf6,onset,1,0.5975612595308771
T1cIf6,pitch,0,0.5266867287336865
T1cIf6,pitch,1,0.5182543911894089
T1cIf6,speech,0,0.5102347888780916
T1cIf6,speech,1,0.49178186681713215
T1cIf6,volume,0,0.494676237944474
T1cIf6,volume,1,0.49035035474332045
T1cIf6,word_gap,0,0.5363415984869858
T1cIf6,word_gap,1,0.5470727145439537
T1cIf6,word_head_pos,0,0.514900264359529
T1cIf6,word_head_pos,1,0.514816672413613
T1cIf6,word_index,0,0.5987955618828102
T1cIf6,word_index,1,0.5809323661672655
T1cIf6,word_length,0,0.511337157664859
T1cIf6,word_length,1,0.5191895760843444
T1cIf6,word_part_speech,0,0.49635936245843365
T1cIf6,word_part_speech,1,0.47223177770133395
T1cIf12,delta_volume,0,0.5068858865448314
T1cIf12,delta_volume,1,0.5296699163035641
T1cIf12,face_num,0,0.505846211717501
T1cIf12,face_num,1,0.48235165041848216
T1cIf12,frame_brightness,0,0.5107990345130247
T1cIf12,frame_brightness,1,0.5076538875479347
T1cIf12,global_flow,0,0.47571131521477905
T1cIf12,global_flow,1,0.47154216691221806
T1cIf12,gpt2_surprisal,0,0.46571685318119593
T1cIf12,gpt2_surprisal,1,0.46554444479274426
T1cIf12,local_flow,0,0.48132242458439134
T1cIf12,local_flow,1,0.47275425012800015
T1cIf12,onset,0,0.5018567021710029
T1cIf12,onset,1,0.5341132646528142
T1cIf12,pitch,0,0.5001619593952122
T1cIf12,pitch,1,0.49981714261830873
T1cIf12,speech,0,0.5151928361702349
T1cIf12,speech,1,0.4881612906596449
T1cIf12,volume,0,0.4961495459912437
T1cIf12,volume,1,0.5153391220755881
T1cIf12,word_gap,0,0.49097729433769055
T1cIf12,word_gap,1,0.5294400384522951
T1cIf12,word_head_pos,0,0.506180579501165
T1cIf12,word_head_pos,1,0.4551842679957786
T1cIf12,word_index,0,0.5104060741644634
T1cIf12,word_index,1,0.5247553838157866
T1cIf12,word_length,0,0.5012120832157821
T1cIf12,word_length,1,0.5159138167037606
T1cIf12,word_part_speech,0,0.4779077322936972
T1cIf12,word_part_speech,1,0.5093548140503764
T1bId6,delta_volume,0,0.5836441908822085
T1bId6,delta_volume,1,0.6039988297127572
T1bId6,face_num,0,0.5341002894371127
T1bId6,face_num,1,0.4732322915687073
T1bId6,frame_brightness,0,0.4995454687940816
T1bId6,frame_brightness,1,0.5118230358504958
T1bId6,global_flow,0,0.5217077834550642
T1bId6,global_flow,1,0.47688160245760325
T1bId6,gpt2_surprisal,0,0.5266449327607285
T1bId6,gpt2_surprisal,1,0.5188186368243419
T1bId6,local_flow,0,0.5002455513411282
T1bId6,local_flow,1,0.4670125283428942
T1bId6,onset,0,0.640707758570514
T1bId6,onset,1,0.6765380362027822
T1bId6,pitch,0,0.4927536231884058
T1bId6,pitch,1,0.5176431250848981
T1bId6,speech,0,0.5297012632832827
T1bId6,speech,1,0.5432379340250566
T1bId6,volume,0,0.49058545709120926
T1bId6,volume,1,0.5030563305225542
T1bId6,word_gap,0,0.555092316855271
T1bId6,word_gap,1,0.5170945529398242
T1bId6,word_head_pos,0,0.4938559919751732
T1bId6,word_head_pos,1,0.49846922249041303
T1bId6,word_index,0,0.6383973967866585
T1bId6,word_index,1,0.6211895238740877
T1bId6,word_length,0,0.5071366623825795
T1bId6,word_length,1,0.5410436454447614
T1bId6,word_part_speech,0,0.49518403852769177
T1bId6,word_part_speech,1,0.505236402553224
T1aIa2,delta_volume,0,0.5028734731408628
T1aIa2,delta_volume,1,0.5050938842042569
T1aIa2,face_num,0,0.5030981264955122
T1aIa2,face_num,1,0.5240588069339519
T1aIa2,frame_brightness,0,0.4919333772191049
T1aIa2,frame_brightness,1,0.5022151865667743
T1aIa2,global_flow,0,0.5093779714324524
T1aIa2,global_flow,1,0.5255791354502994
T1aIa2,gpt2_surprisal,0,0.5140800183902281
T1aIa2,gpt2_surprisal,1,0.5101720949186546
T1aIa2,local_flow,0,0.4793945853317033
T1aIa2,local_flow,1,0.4624933387668098
T1aIa2,onset,0,0.4894534660380653
T1aIa2,onset,1,0.4732204179034981
T1aIa2,pitch,0,0.5193254129964577
T1aIa2,pitch,1,0.4698442055107991
T1aIa2,speech,0,0.5010292258340909
T1aIa2,speech,1,0.4681148971296616
T1aIa2,volume,0,0.4995924892636594
T1aIa2,volume,1,0.5237557861300064
T1aIa2,word_gap,0,0.49012047689205146
T1aIa2,word_gap,1,0.49402840036362494
T1aIa2,word_head_pos,0,0.4967503631025151
T1aIa2,word_head_pos,1,0.47413874173223414
T1aIa2,word_index,0,0.5125867172847038
T1aIa2,word_index,1,0.5371274263891714
T1aIa2,word_length,0,0.49917452953407937
T1aIa2,word_length,1,0.48926365944641237
T1aIa2,word_part_speech,0,0.47957994113824864
T1aIa2,word_part_speech,1,0.4842047930283224
T1aIa9,delta_volume,0,0.5502230860056634
T1aIa9,delta_volume,1,0.5514560672079245
T1aIa9,face_num,0,0.5145032026164279
T1aIa9,face_num,1,0.5040855563566451
T1aIa9,frame_brightness,0,0.51487936637305
T1aIa9,frame_brightness,1,0.5035944536743884
T1aIa9,global_flow,0,0.5405368692726455
T1aIa9,global_flow,1,0.506415681849054
T1aIa9,gpt2_surprisal,0,0.5333375129306291
T1aIa9,gpt2_surprisal,1,0.5145867945623439
T1aIa9,local_flow,0,0.5049998432651014
T1aIa9,local_flow,1,0.4910452127937473
T1aIa9,onset,0,0.4993364763401432
T1aIa9,onset,1,0.48338280658867355
T1aIa9,pitch,0,0.5044930670929856
T1aIa9,pitch,1,0.5006164906011306
T1aIa9,speech,0,0.4979310993385787
T1aIa9,speech,1,0.4994200808752076
T1aIa9,volume,0,0.527136035442985
T1aIa9,volume,1,0.5203650878237882
T1aIa9,word_gap,0,0.5145920190589637
T1aIa9,word_gap,1,0.5006269395943701
T1aIa9,word_head_pos,0,0.5051983741366519
T1aIa9,word_head_pos,1,0.49757060907181594
T1aIa9,word_index,0,0.47559487492373403
T1aIa9,word_index,1,0.5088581565091632
T1aIa9,word_length,0,0.4880672497204895
T1aIa9,word_length,1,0.5022413090498731
T1aIa9,word_part_speech,0,0.4571150097465887
T1aIa9,word_part_speech,1,0.45590146389939995
P2cCc6,delta_volume,0,0.563138041649687
P2cCc6,delta_volume,1,0.5416758095357512
P2cCc6,face_num,0,0.48822398461908195
P2cCc6,face_num,1,0.47281171959081747
P2cCc6,frame_brightness,0,0.494383666133768
P2cCc6,frame_brightness,1,0.4880254537475314
P2cCc6,global_flow,0,0.48792618831175616
P2cCc6,global_flow,1,0.47942593231142183
P2cCc6,gpt2_surprisal,0,0.46954118470685346
P2cCc6,gpt2_surprisal,1,0.4782608695652174
P2cCc6,local_flow,0,0.5041900462890401
P2cCc6,local_flow,1,0.48694398294724306
P2cCc6,onset,0,0.5063558582154706
P2cCc6,onset,1,0.4998486700424888
P2cCc6,pitch,0,0.48263899773256846
P2cCc6,pitch,1,0.48379361148553335
P2cCc6,speech,0,0.5124343019550066
P2cCc6,speech,1,0.5058644974556702
P2cCc6,volume,0,0.48355850913764453
P2cCc6,volume,1,0.5004911026822566
P2cCc6,word_gap,0,0.4903921507162785
P2cCc6,word_gap,1,0.5313574287117435
P2cCc6,word_head_pos,0,0.46390395285414254
P2cCc6,word_head_pos,1,0.45808908811635995
P2cCc6,word_index,0,0.5251847332384245
P2cCc6,word_index,1,0.5012089575847964
P2cCc6,word_length,0,0.5031608204549491
P2cCc6,word_length,1,0.5018337983135326
P2cCc6,word_part_speech,0,0.4836219088025073
P2cCc6,word_part_speech,1,0.4929958338111073
P2cCc12,delta_volume,0,0.5485825940670617
P2cCc12,delta_volume,1,0.533280043467812
P2cCc12,face_num,0,0.4839398973908864
P2cCc12,face_num,1,0.45385724585436193
P2cCc12,frame_brightness,0,0.4701472263147446
P2cCc12,frame_brightness,1,0.5149525093257264
P2cCc12,global_flow,0,0.5182491666927891
P2cCc12,global_flow,1,0.515568999926857
P2cCc12,gpt2_surprisal,0,0.49643689330533003
P2cCc12,gpt2_surprisal,1,0.5223765190223921
P2cCc12,local_flow,0,0.45500663511070716
P2cCc12,local_flow,1,0.4741596397187131
P2cCc12,onset,0,0.5095279669402246
P2cCc12,onset,1,0.492846749316105
P2cCc12,pitch,0,0.505261068096089
P2cCc12,pitch,1,0.5056320073560913
P2cCc12,speech,0,0.496624975183641
P2cCc12,speech,1,0.45788010825157
P2cCc12,volume,0,0.49397615539742745
P2cCc12,volume,1,0.4975601600785764
P2cCc12,word_gap,0,0.49076831447290054
P2cCc12,word_gap,1,0.5080979697606136
P2cCc12,word_head_pos,0,0.48572145073822137
P2cCc12,word_head_pos,1,0.48221581350636866
P2cCc12,word_index,0,0.5132872347637448
P2cCc12,word_index,1,0.5264501841683049
P2cCc12,word_length,0,0.4841749997387752
P2cCc12,word_length,1,0.4800528719057918
P2cCc12,word_part_speech,0,0.4907598516989642
P2cCc12,word_part_speech,1,0.46599204984137904
P2aIe3,delta_volume,0,0.5158406737510841
P2aIe3,delta_volume,1,0.5217757019111209
P2aIe3,face_num,0,0.48870986280471873
P2aIe3,face_num,1,0.4739036393843453
P2aIe3,frame_brightness,0,0.49725713927463083
P2aIe3,frame_brightness,1,0.5004022862397208
P2aIe3,global_flow,0,0.5312895102556869
P2aIe3,global_flow,1,0.5247170935080405
P2aIe3,gpt2_surprisal,0,0.5233064794207078
P2aIe3,gpt2_surprisal,1,0.5158720207308026
P2aIe3,local_flow,0,0.5526106809608894
P2aIe3,local_flow,1,0.5368379256658621
P2aIe3,onset,0,0.5354112100576218
P2aIe3,onset,1,0.5344799487806298
P2aIe3,pitch,0,0.5030145345495962
P2aIe3,pitch,1,0.49355819566784737
P2aIe3,speech,0,0.5277681995339749
P2aIe3,speech,1,0.5197694952091366
P2aIe3,volume,0,0.4919725609437531
P2aIe3,volume,1,0.4888456997168323
P2aIe3,word_gap,0,0.46366362600963396
P2aIe3,word_gap,1,0.5074031117101867
P2aIe3,word_head_pos,0,0.4632561152732934
P2aIe3,word_head_pos,1,0.5002821228174665
P2aIe3,word_index,0,0.5212076017445144
P2aIe3,word_index,1,0.5303482249790974
P2aIe3,word_length,0,0.47133318704742794
P2aIe3,word_length,1,0.5099004210944276
P2aIe3,word_part_speech,0,0.4975155754309521
P2aIe3,word_part_speech,1,0.4750793104766273
P2aIe9,delta_volume,0,0.5273815867841134
P2aIe9,delta_volume,1,0.5523546806265216
P2aIe9,face_num,0,0.4949165647889826
P2aIe9,face_num,1,0.4897129661557109
P2aIe9,frame_brightness,0,0.48518855208300676
P2aIe9,frame_brightness,1,0.4844257755765232
P2aIe9,global_flow,0,0.5092212365338599
P2aIe9,global_flow,1,0.5105221361921779
P2aIe9,gpt2_surprisal,0,0.49171394836107535
P2aIe9,gpt2_surprisal,1,0.47191310617222026
P2aIe9,local_flow,0,0.490611579574308
P2aIe9,local_flow,1,0.48950398629092085
P2aIe9,onset,0,0.5123101100052383
P2aIe9,onset,1,0.5312903789069321
P2aIe9,pitch,0,0.4816463433748158
P2aIe9,pitch,1,0.4824091198812994
P2aIe9,speech,0,0.5209815784249188
P2aIe9,speech,1,0.49426350271151376
P2aIe9,volume,0,0.5073613157372288
P2aIe9,volume,1,0.5118439338369748
P2aIe9,word_gap,0,0.5070530704366635
P2aIe9,word_gap,1,0.4969175469943471
P2aIe9,word_head_pos,0,0.5085316029800528
P2aIe9,word_head_pos,1,0.5032182899177665
P2aIe9,word_index,0,0.519942150814634
P2aIe9,word_index,1,0.5509795946037557
P2aIe9,word_length,0,0.47330804676969374
P2aIe9,word_length,1,0.536545353855156
P2aIe9,word_part_speech,0,0.4782899514581661
P2aIe9,word_part_speech,1,0.5050166265336544
F3cIc3,delta_volume,0,0.4699748179262928
F3cIc3,delta_volume,1,0.5009926543577525
F3cIc3,face_num,0,0.5359967817100822
F3cIc3,face_num,1,0.5357146588926157
F3cIc3,frame_brightness,0,0.4975392620920974
F3cIc3,frame_brightness,1,0.5168333281088368
F3cIc3,global_flow,0,0.5243304807581789
F3cIc3,global_flow,1,0.5027794322017074
F3cIc3,gpt2_surprisal,0,0.5022726560295916
F3cIc3,gpt2_surprisal,1,0.49982236711492845
F3cIc3,local_flow,0,0.5111804227662664
F3cIc3,local_flow,1,0.47034053268967535
F3cIc3,onset,0,0.5000902159362086
F3cIc3,onset,1,0.5050404516617193
F3cIc3,pitch,0,0.500062693959437
F3cIc3,pitch,1,0.5054700479608789
F3cIc3,speech,0,0.526550891821573
F3cIc3,speech,1,0.4826964671953857
F3cIc3,volume,0,0.5046289040050991
F3cIc3,volume,1,0.5000261224830987
F3cIc3,word_gap,0,0.5091010731116057
F3cIc3,word_gap,1,0.5039862909208698
F3cIc3,word_head_pos,0,0.48559083832272765
F3cIc3,word_head_pos,1,0.5243200317649395
F3cIc3,word_index,0,0.5287551126477301
F3cIc3,word_index,1,0.5145413870246085
F3cIc3,word_length,0,0.4767718880285884
F3cIc3,word_length,1,0.5034324942791762
F3cIc3,word_part_speech,0,0.47157244964262507
F3cIc3,word_part_speech,1,0.46030653976990404
F3cIc9,delta_volume,0,0.5040907808532648
F3cIc9,delta_volume,1,0.5179095744125054
F3cIc9,face_num,0,0.5261747280649509
F3cIc9,face_num,1,0.49315590942812665
F3cIc9,frame_brightness,0,0.5015255530129672
F3cIc9,frame_brightness,1,0.50586710970398
F3cIc9,global_flow,0,0.4833913252458126
F3cIc9,global_flow,1,0.5147226314744574
F3cIc9,gpt2_surprisal,0,0.5021211456276188
F3cIc9,gpt2_surprisal,1,0.5274442807435504
F3cIc9,local_flow,0,0.46740959008599525
F3cIc9,local_flow,1,0.5103079318307682
F3cIc9,onset,0,0.5550724637681159
F3cIc9,onset,1,0.5055642861300274
F3cIc9,pitch,0,0.4889710876357063
F3cIc9,pitch,1,0.4734595571716665
F3cIc9,speech,0,0.5101773194152743
F3cIc9,speech,1,0.49248194936417866
F3cIc9,volume,0,0.5330971860861207
F3cIc9,volume,1,0.5013792671076142
F3cIc9,word_gap,0,0.4944150131134865
F3cIc9,word_gap,1,0.5016143694555029
F3cIc9,word_head_pos,0,0.4863065943596334
F3cIc9,word_head_pos,1,0.47877287023395293
F3cIc9,word_index,0,0.504677648972951
F3cIc9,word_index,1,0.533602241655933
F3cIc9,word_length,0,0.499749224162252
F3cIc9,word_length,1,0.5208196190297064
F3cIc9,word_part_speech,0,0.4846061231510148
F3cIc9,word_part_speech,1,0.4734644345067462
F3bIb5,delta_volume,0,0.49866252886534385
F3bIb5,delta_volume,1,0.4815314044491813
F3bIb5,face_num,0,0.44005935028160037
F3bIb5,face_num,1,0.48443100007314294
F3bIb5,frame_brightness,0,0.5093205019696352
F3bIb5,frame_brightness,1,0.5030772285090331
F3bIb5,global_flow,0,0.49004733393937494
F3bIb5,global_flow,1,0.4853087155052611
F3bIb5,gpt2_surprisal,0,0.5191843515877246
F3bIb5,gpt2_surprisal,1,0.4789348296291652
F3bIb5,local_flow,0,0.5119640972592291
F3bIb5,local_flow,1,0.5046132305152398
F3bIb5,onset,0,0.4966067167219603
F3bIb5,onset,1,0.49584424655142306
F3bIb5,pitch,0,0.47896095211226397
F3bIb5,pitch,1,0.49657795471406324
F3bIb5,speech,0,0.480554423581288
F3bIb5,speech,1,0.509743686195835
F3bIb5,volume,0,0.4954128919678589
F3bIb5,volume,1,0.4931193379517883
F3bIb5,word_gap,0,0.5129567516169817
F3bIb5,word_gap,1,0.5026435952895939
F3bIb5,word_head_pos,0,0.5354220870819096
F3bIb5,word_head_pos,1,0.5106109526347137
F3bIb5,word_index,0,0.5211059137233633
F3bIb5,word_index,1,0.5357941834451903
F3bIb5,word_length,0,0.4985789369194278
F3bIb5,word_length,1,0.5274077092672121
F3bIb5,word_part_speech,0,0.4593987692542904
F3bIb5,word_part_speech,1,0.47512708787218594
F3aOFc1,delta_volume,0,0.4814425880066456
F3aOFc1,delta_volume,1,0.5010919197935279
F3aOFc1,face_num,0,0.49052276313177223
F3aOFc1,face_num,1,0.48455116349539723
F3aOFc1,frame_brightness,0,0.537174905697836
F3aOFc1,frame_brightness,1,0.5429871581873086
F3aOFc1,global_flow,0,0.5258560337711461
F3aOFc1,global_flow,1,0.4935216241915092
F3aOFc1,gpt2_surprisal,0,0.49604505605884874
F3aOFc1,gpt2_surprisal,1,0.530239386435117
F3aOFc1,local_flow,0,0.48135377156410974
F3aOFc1,local_flow,1,0.47588111135492095
F3aOFc1,onset,0,0.5142308363890343
F3aOFc1,onset,1,0.47884872824631863
F3aOFc1,pitch,0,0.49421648224193604
F3aOFc1,pitch,1,0.5154592854978424
F3aOFc1,speech,0,0.49309843996530933
F3aOFc1,speech,1,0.5120685871916241
F3aOFc1,volume,0,0.5131082620189544
F3aOFc1,volume,1,0.5105325851854174
F3aOFc1,word_gap,0,0.5069015600346907
F3aOFc1,word_gap,1,0.517246063341797
F3aOFc1,word_head_pos,0,0.480888791364952
F3aOFc1,word_head_pos,1,0.47978119808156483
F3aOFc1,word_index,0,0.49476871624522634
F3aOFc1,word_index,1,0.48756016541251446
F3aOFc1,word_length,0,0.47528813098857925
F3aOFc1,word_length,1,0.5054073540014419
F3aOFc1,word_part_speech,0,0.4607460918090433
F3aOFc1,word_part_speech,1,0.46004854183388755
F3aOFc7,delta_volume,0,0.4962017909574413
F3aOFc7,delta_volume,1,0.5142942227516379
F3aOFc7,face_num,0,0.4704502471186901
F3aOFc7,face_num,1,0.4476505438700981
F3aOFc7,frame_brightness,0,0.49620179095744127
F3aOFc7,frame_brightness,1,0.4913064376247348
F3aOFc7,global_flow,0,0.49790497685547996
F3aOFc7,global_flow,1,0.49379329801573624
F3aOFc7,gpt2_surprisal,0,0.4972675882678704
F3aOFc7,gpt2_surprisal,1,0.5167340626730614
F3aOFc7,local_flow,0,0.5077165815073718
F3aOFc7,local_flow,1,0.47930576888916754
F3aOFc7,onset,0,0.493341481869507
F3aOFc7,onset,1,0.48794016646295324
F3aOFc7,pitch,0,0.5018912677763496
F3aOFc7,pitch,1,0.5290586501990533
F3aOFc7,speech,0,0.5174341452201081
F3aOFc7,speech,1,0.48362642759370134
F3aOFc7,volume,0,0.49458742150193835
F3aOFc7,volume,1,0.4990909375881634
F3aOFc7,word_gap,0,0.5094354408952697
F3aOFc7,word_gap,1,0.46963522564600896
F3aOFc7,word_head_pos,0,0.486755901068932
F3aOFc7,word_head_pos,1,0.4787049517778962
F3aOFc7,word_index,0,0.49492689761146136
F3aOFc7,word_index,1,0.5134002214539127
F3aOFc7,word_length,0,0.49390823694137076
F3aOFc7,word_length,1,0.5288287723477842
F3aOFc7,word_part_speech,0,0.46922180178114126
F3aOFc7,word_part_speech,1,0.4659538279249322
F3aOFc13,delta_volume,0,0.5319268988432965
F3aOFc13,delta_volume,1,0.5218854163401356
F3aOFc13,face_num,0,0.47503213065421146
F3aOFc13,face_num,1,0.45350720458083865
F3aOFc13,frame_brightness,0,0.5004284087228196
F3aOFc13,frame_brightness,1,0.5315820820663928
F3aOFc13,global_flow,0,0.5334733498427426
F3aOFc13,global_flow,1,0.5054439254777803
F3aOFc13,gpt2_surprisal,0,0.5045453120591831
F3aOFc13,gpt2_surprisal,1,0.4802305047908634
F3aOFc13,local_flow,0,0.4495078524184195
F3aOFc13,local_flow,1,0.481244057135095
F3aOFc13,onset,0,0.5241429486060183
F3aOFc13,onset,1,0.49671730399860314
F3aOFc13,pitch,0,0.5058305382276418
F3aOFc13,pitch,1,0.495830851697439
F3aOFc13,speech,0,0.5005067761721158
F3aOFc13,speech,1,0.4859931245624484
F3aOFc13,volume,0,0.5478877360166348
F3aOFc13,volume,1,0.5605362423330512
F3aOFc13,word_gap,0,0.5360803736559983
F3aOFc13,word_gap,1,0.5314984901204769
F3aOFc13,word_head_pos,0,0.5133381398702235
F3aOFc13,word_head_pos,1,0.5129672006102212
F3aOFc13,word_index,0,0.48240797234085825
F3aOFc13,word_index,1,0.4671886651752423
F3aOFc13,word_length,0,0.5319112253534372
F3aOFc13,word_length,1,0.48851655642978803
F3aOFc13,word_part_speech,0,0.5314948591522378
F3aOFc13,word_part_speech,1,0.5056759545923633
P2bIg4,delta_volume,0,0.5617274275623544
P2bIg4,delta_volume,1,0.5446903440853474
P2bIg4,face_num,0,0.5051774761501729
P2bIg4,face_num,1,0.5107049935738692
P2bIg4,frame_brightness,0,0.48111866921622104
P2bIg4,frame_brightness,1,0.4302895416026666
P2bIg4,global_flow,0,0.4965727302174436
P2bIg4,global_flow,1,0.49816097718984775
P2bIg4,gpt2_surprisal,0,0.49599281109265125
P2bIg4,gpt2_surprisal,1,0.4939500329143287
P2bIg4,local_flow,0,0.4741648642153329
P2bIg4,local_flow,1,0.48156275142889987
P2bIg4,onset,0,0.5175077120074502
P2bIg4,onset,1,0.5329084453757058
P2bIg4,pitch,0,0.48073728096297924
P2bIg4,pitch,1,0.48466087792441204
P2bIg4,speech,0,0.5076329895614557
P2bIg4,speech,1,0.5027219627388901
P2bIg4,volume,0,0.5074109484551164
P2bIg4,volume,1,0.4819075682058034
P2bIg4,word_gap,0,0.5096757677397783
P2bIg4,word_gap,1,0.5239281945184582
P2bIg4,word_head_pos,0,0.5072542135565239
P2bIg4,word_head_pos,1,0.47932144237902674
P2bIg4,word_index,0,0.5331389962262446
P2bIg4,word_index,1,0.510213996791178
P2bIg4,word_length,0,0.43705526472524375
P2bIg4,word_length,1,0.473114740394763
P2bIg4,word_part_speech,0,0.48761609907120745
P2bIg4,word_part_speech,1,0.5307590872606353
P2bIg10,delta_volume,0,0.5364722109024795
P2bIg10,delta_volume,1,0.5314723676373783
P2bIg10,face_num,0,0.507585969091878
P2bIg10,face_num,1,0.5033227798501614
P2bIg10,frame_brightness,0,0.5229982341201425
P2bIg10,frame_brightness,1,0.4646406068775274
P2bIg10,global_flow,0,0.5431647910723801
P2bIg10,global_flow,1,0.559031587306563
P2bIg10,gpt2_surprisal,0,0.4828009571277807
P2bIg10,gpt2_surprisal,1,0.530761836097092
P2bIg10,local_flow,0,0.4725400457665904
P2bIg10,local_flow,1,0.5149525093257264
P2bIg10,onset,0,0.526372155287818
P2bIg10,onset,1,0.5336883766951865
P2bIg10,pitch,0,0.4703353081930556
P2bIg10,pitch,1,0.48099850579396675
P2bIg10,speech,0,0.5290377522125743
P2bIg10,speech,1,0.4909563963512116
P2bIg10,volume,0,0.5390113162596784
P2bIg10,volume,1,0.524581256595927
P2bIg10,word_gap,0,0.5143516922144551
P2bIg10,word_gap,1,0.5346279635957076
P2bIg10,word_head_pos,0,0.5362266595613513
P2bIg10,word_head_pos,1,0.5055066194372172
P2bIg10,word_index,0,0.4940569000971685
P2bIg10,word_index,1,0.4586129753914989
P2bIg10,word_length,0,0.4811918121688976
P2bIg10,word_length,1,0.48611328798470266
P2bIg10,word_part_speech,0,0.48252302870465924
P2bIg10,word_part_speech,1,0.490836295531858
F2e4,delta_volume,0,0.5043258832011536
F2e4,delta_volume,1,0.509492910358087
F2e4,face_num,0,0.5028891466307222
F2e4,face_num,1,0.5082233576794877
F2e4,frame_brightness,0,0.5158772452274223
F2e4,frame_brightness,1,0.5273136683280566
F2e4,global_flow,0,0.5118334848437354
F2e4,global_flow,1,0.4935581956678474
F2e4,gpt2_surprisal,0,0.522444437478449
F2e4,gpt2_surprisal,1,0.5148689173798104
F2e4,local_flow,0,0.509973564047104
F2e4,local_flow,1,0.4930566439923514
F2e4,onset,0,0.5081601769396427
F2e4,onset,1,0.5087771375356498
F2e4,pitch,0,0.5081345412369518
F2e4,pitch,1,0.5009926543577525
F2e4,speech,0,0.4850840621506118
F2e4,speech,1,0.4903085587703625
F2e4,volume,0,0.47942593231142183
F2e4,volume,1,0.5014419610670512
F2e4,word_gap,0,0.5025652278402977
F2e4,word_gap,1,0.49460831948841727
F2e4,word_head_pos,0,0.5174289207234883
F2e4,word_head_pos,1,0.49013092588529095
F2e4,word_index,0,0.5122251598761666
F2e4,word_index,1,0.5504033624838993
F2e4,word_length,0,0.5066142127206044
F2e4,word_length,1,0.5050050677617213
F2e4,word_part_speech,0,0.5030768642739747
F2e4,word_part_speech,1,0.47101823185414515
F2c2,delta_volume,0,0.5087771543211812
F2c2,delta_volume,1,0.4837309175260964
F2c2,face_num,0,0.515192836170235
F2c2,face_num,1,0.5017031858980388
F2c2,frame_brightness,0,0.5122514445733153
F2c2,frame_brightness,1,0.5494289625194613
F2c2,global_flow,0,0.5356833119128972
F2c2,global_flow,1,0.5157518573085483
F2c2,gpt2_surprisal,0,0.49219460205009247
F2c2,gpt2_surprisal,1,0.49296260305319584
F2c2,local_flow,0,0.484974347721597
F2c2,local_flow,1,0.4744861707574475
F2c2,onset,0,0.5004598102555148
F2c2,onset,1,0.4850299749723531
F2c2,pitch,0,0.5193515354795566
F2c2,pitch,1,0.5252604411564945
F2c2,speech,0,0.4853818584579376
F2c2,speech,1,0.48282185511425973
F2c2,volume,0,0.5561319916826014
F2c2,volume,1,0.536858823652341
F2c2,word_gap,0,0.5080143778146975
F2c2,word_gap,1,0.4849586742317378
F2c2,word_head_pos,0,0.5285570985235573
F2c2,word_head_pos,1,0.47666217359957364
F2c2,word_index,0,0.4834813458974533
F2c2,word_index,1,0.4935597586604298
F2c2,word_length,0,0.5181760237401127
F2c2,word_length,1,0.5101668704220348
F2c2,word_part_speech,0,0.5254175744371823
F2c2,word_part_speech,1,0.5205060581737568
F2c8,delta_volume,0,0.5451135283115471
F2c8,delta_volume,1,0.5180454113246189
F2c8,face_num,0,0.5262635445074867
F2c8,face_num,1,0.504589720280451
F2c8,frame_brightness,0,0.5043572301808721
F2c8,frame_brightness,1,0.5276428116151008
F2c8,global_flow,0,0.5270210965173505
F2c8,global_flow,1,0.47203326959447456
F2c8,gpt2_surprisal,0,0.5069851519806067
F2c8,gpt2_surprisal,1,0.5025391053571988
F2c8,local_flow,0,0.5184059015913817
F2c8,local_flow,1,0.4975915070582949
F2c8,onset,0,0.4998079273616204
F2c8,onset,1,0.4980676328502416
F2c8,pitch,0,0.49081011044585854
F2c8,pitch,1,0.4786004618455012
F2c8,speech,0,0.502283105022831
F2c8,speech,1,0.480408137675935
F2c8,volume,0,0.4991849785273189
F2c8,volume,1,0.48720520777823056
F2c8,word_gap,0,0.5253335841091711
F2c8,word_gap,1,0.5025077583774804
F2c8,word_head_pos,0,0.5404741753132085
F2c8,word_head_pos,1,0.4822576094793266
F2c8,word_index,0,0.5485051860890787
F2c8,word_index,1,0.4963844259146272
F2c8,word_length,0,0.5280921183243994
F2c8,word_length,1,0.5090906241183661
F2c8,word_part_speech,0,0.4932156098306769
F2c8,word_part_speech,1,0.5046821847647441
F2aOFb6,delta_volume,0,0.487132064825554
F2aOFb6,delta_volume,1,0.5037250660898822
F2aOFb6,face_num,0,0.4782295225854989
F2aOFb6,face_num,1,0.45283846901351055
F2aOFb6,frame_brightness,0,0.48390332591454815
F2aOFb6,frame_brightness,1,0.43767175532637426
F2aOFb6,global_flow,0,0.4977691399433664
F2aOFb6,global_flow,1,0.5186305549460309
F2aOFb6,gpt2_surprisal,0,0.5137038546336061
F2aOFb6,gpt2_surprisal,1,0.5025913503233963
F2aOFb6,local_flow,0,0.4713018400677094
F2aOFb6,local_flow,1,0.4744678850192784
F2aOFb6,onset,0,0.5125080030265992
F2aOFb6,onset,1,0.49458704382748386
F2aOFb6,pitch,0,0.46757677397782726
F2aOFb6,pitch,1,0.4807059339832608
F2aOFb6,speech,0,0.5051983741366519
F2aOFb6,speech,1,0.4808626688818533
F2aOFb6,volume,0,0.489754762128669
F2aOFb6,volume,1,0.46134394951046465
F2aOFb6,word_gap,0,0.5261172586021338
F2aOFb6,word_gap,1,0.5113476066580985
F2aOFb6,word_head_pos,0,0.505720823798627
F2aOFb6,word_head_pos,1,0.4952509325726466
F2aOFb6,word_index,0,0.504621155627867
F2aOFb6,word_index,1,0.5075023162271484
F2aOFb6,word_length,0,0.4921475815805147
F2aOFb6,word_length,1,0.4924088064115022
F2aOFb6,word_part_speech,0,0.5037361923326835
F2aOFb6,word_part_speech,1,0.4858005580399801
F2aOFb12,delta_volume,0,0.47515229407646575
F2aOFb12,delta_volume,1,0.4986468553754846
F2aOFb12,face_num,0,0.4934328077489734
F2aOFb12,face_num,1,0.5104071972665434
F2aOFb12,frame_brightness,0,0.4847340208770885
F2aOFb12,frame_brightness,1,0.5033489023332602
F2aOFb12,global_flow,0,0.5342988203086633
F2aOFb12,global_flow,1,0.5135627932248729
F2aOFb12,gpt2_surprisal,0,0.4950889731774344
F2aOFb12,gpt2_surprisal,1,0.49484864633292586
F2aOFb12,local_flow,0,0.496353301359414
F2aOFb12,local_flow,1,0.48863671985204227
F2aOFb12,onset,0,0.48607182352598804
F2aOFb12,onset,1,0.46764449100750827
F2aOFb12,pitch,0,0.5015986959656438
F2aOFb12,pitch,1,0.47185041221278334
F2aOFb12,speech,0,0.4781825021159211
F2aOFb12,speech,1,0.4993626114123904
F2aOFb12,volume,0,0.5135471197350135
F2aOFb12,volume,1,0.5005120006687356
F2aOFb12,word_gap,0,0.5077844999634284
F2aOFb12,word_gap,1,0.4933596647962969
F2aOFb12,word_head_pos,0,0.511149075786548
F2aOFb12,word_head_pos,1,0.47261318871926694
F2aOFb12,word_index,0,0.47880369692450225
F2aOFb12,word_index,1,0.5155582672361195
F2aOFb12,word_length,0,0.48696488093372203
F2aOFb12,word_length,1,0.48716863630189233
F2aOFb12,word_part_speech,0,0.480602377403203
F2aOFb12,word_part_speech,1,0.4976493521385162
F2dCb2,delta_volume,0,0.5043467811876327
F2dCb2,delta_volume,1,0.5177267170308141
F2dCb2,face_num,0,0.5087458073414627
F2dCb2,face_num,1,0.521122639833652
F2dCb2,frame_brightness,0,0.48904423058838276
F2dCb2,frame_brightness,1,0.501635267441982
F2dCb2,global_flow,0,0.49510987116391336
F2dCb2,global_flow,1,0.46608256794457853
F2dCb2,gpt2_surprisal,0,0.5556670114834436
F2dCb2,gpt2_surprisal,1,0.5217965998975997
F2dCb2,local_flow,0,0.5048640063529879
F2dCb2,local_flow,1,0.4921371325872752
F2dCb2,onset,0,0.4956579942960247
F2dCb2,onset,1,0.48534427565333804
F2dCb2,pitch,0,0.5113841781344367
F2dCb2,pitch,1,0.5251193797477614
F2dCb2,speech,0,0.5007000825470466
F2dCb2,speech,1,0.49407019633658295
F2dCb2,volume,0,0.4912176211821991
F2dCb2,volume,1,0.5049998432651014
F2dCb2,word_gap,0,0.5053342110487654
F2dCb2,word_gap,1,0.49950367282112373
F2dCb2,word_head_pos,0,0.5041012298465043
F2dCb2,word_head_pos,1,0.48244046686101794
F2dCb2,word_index,0,0.5267778455697918
F2dCb2,word_index,1,0.5032992113529026
F2dCb2,word_length,0,0.49465011546137533
F2dCb2,word_length,1,0.4921266835940358
F2dCb2,word_part_speech,0,0.48437679165233344
F2dCb2,word_part_speech,1,0.4964644727286627
F2dCb8,delta_volume,0,0.5062067019842639
F2dCb8,delta_volume,1,0.503458616762275
F2dCb8,face_num,0,0.4991640805408399
F2dCb8,face_num,1,0.541681034032371
F2dCb8,frame_brightness,0,0.4935425221779881
F2dCb8,frame_brightness,1,0.5176170026017994
F2dCb8,global_flow,0,0.5036623721304453
F2dCb8,global_flow,1,0.4688358776631872
F2dCb8,gpt2_surprisal,0,0.49741909866984313
F2dCb8,gpt2_surprisal,1,0.5012852261684587
F2dCb8,local_flow,0,0.49692277149096686
F2dCb8,local_flow,1,0.46128125555102767
F2dCb8,onset,0,0.5104650486001979
F2dCb8,onset,1,0.47587451254292534
F2dCb8,pitch,0,0.47992748398691787
F2dCb8,pitch,1,0.5262008505480497
F2dCb8,speech,0,0.5173557777708118
F2dCb8,speech,1,0.4828323041074992
F2dCb8,volume,0,0.5236983166671891
F2dCb8,volume,1,0.5080613982842752
F2dCb8,word_gap,0,0.5205427207088597
F2dCb8,word_gap,1,0.522987785126903
F2dCb8,word_head_pos,0,0.5160287556293951
F2dCb8,word_head_pos,1,0.5148636928831907
F2dCb8,word_index,0,0.5019998644159718
F2dCb8,word_index,1,0.5206313696246583
F2dCb8,word_length,0,0.5067134781563797
F2dCb8,word_length,1,0.5078576429161051
F2dCb8,word_part_speech,0,0.4866223292435883
F2dCb8,word_part_speech,1,0.48754921071742535
F2dCb14,delta_volume,0,0.5161280210651704
F2dCb14,delta_volume,1,0.5088137257975194
F2dCb14,face_num,0,0.5179722683719423
F2dCb14,face_num,1,0.5061544570180663
F2dCb14,frame_brightness,0,0.48432651014074796
F2dCb14,frame_brightness,1,0.5297221612697617
F2dCb14,global_flow,0,0.5044146996436895
F2dCb14,global_flow,1,0.47659425514351694
F2dCb14,gpt2_surprisal,0,0.49954546879408174
F2dCb14,gpt2_surprisal,1,0.4725243722767311
F2dCb14,local_flow,0,0.5041534748127018
F2dCb14,local_flow,1,0.49382464499545475
F2dCb14,onset,0,0.5091380012804843
F2dCb14,onset,1,0.49462778650835226
F2dCb14,pitch,0,0.49679738357209285
F2dCb14,pitch,1,0.4621537464865261
F2dCb14,speech,0,0.5197381482294181
F2dCb14,speech,1,0.45731063812001715
F2dCb14,volume,0,0.5131709559783916
F2dCb14,volume,1,0.49893942718619055
F2dCb14,word_gap,0,0.4987513453078796
F2dCb14,word_gap,1,0.5212323542626668
F2dCb14,word_head_pos,0,0.518693248905468
F2dCb14,word_head_pos,1,0.4862386759035767
F2dCb14,word_index,0,0.5170496915463358
F2dCb14,word_index,1,0.5140103495808193
F2dCb14,word_length,0,0.516911695558133
F2dCb14,word_length,1,0.5110759328338714
F2dCb14,word_part_speech,0,0.5048446279096434
F2dCb14,word_part_speech,1,0.4848258991705844
F2bCa6,delta_volume,0,0.48113434270608024
F2bCa6,delta_volume,1,0.47797874674775087
F2bCa6,face_num,0,0.5055640889000345
F2bCa6,face_num,1,0.49123851916867806
F2bCa6,frame_brightness,0,0.5153077750958696
F2bCa6,frame_brightness,1,0.5399465011546137
F2bCa6,global_flow,0,0.49799379329801574
F2bCa6,global_flow,1,0.5210965173505533
F2bCa6,gpt2_surprisal,0,0.5109087489420394
F2bCa6,gpt2_surprisal,1,0.5043258832011536
F2bCa6,local_flow,0,0.508782378817801
F2bCa6,local_flow,1,0.49998955100676046
F2bCa6,onset,0,0.5171177463477097
F2bCa6,onset,1,0.49585588731738545
F2bCa6,pitch,0,0.4594997022036927
F2bCa6,pitch,1,0.5004493067092985
F2bCa6,speech,0,0.5208143945330868
F2bCa6,speech,1,0.5286615884559523
F2bCa6,volume,0,0.4800528719057918
F2bCa6,volume,1,0.4591130894538311
F2bCa6,word_gap,0,0.5050207412515804
F2bCa6,word_gap,1,0.525124604244381
F2bCa6,word_head_pos,0,0.49780571141970476
F2bCa6,word_head_pos,1,0.5051252311839755
F2bCa6,word_index,0,0.4767473391634466
F2bCa6,word_index,1,0.513919960228685
F2bCa6,word_length,0,0.5187036978987074
F2bCa6,word_length,1,0.5135941402045914
F2bCa6,word_part_speech,0,0.48934564079042925
F2bCa6,word_part_speech,1,0.4622463020295837
F2bCa12,delta_volume,0,0.5200986384961809
F2bCa12,delta_volume,1,0.5241371743832481
F2bCa12,face_num,0,0.504127352329603
F2bCa12,face_num,1,0.5077792754668088
F2bCa12,frame_brightness,0,0.4648913827152754
F2bCa12,frame_brightness,1,0.4995402442974619
F2bCa12,global_flow,0,0.5161698170381284
F2bCa12,global_flow,1,0.5068231925853944
F2bCa12,gpt2_surprisal,0,0.4815470779390406
F2bCa12,gpt2_surprisal,1,0.49746089464280124
F2bCa12,local_flow,0,0.49497925874841964
F2bCa12,local_flow,1,0.46157905185835346
F2bCa12,onset,0,0.4949828298702055
F2bCa12,onset,1,0.4531400966183575
F2bCa12,pitch,0,0.5035526577014304
F2bCa12,pitch,1,0.4968182815585718
F2bCa12,speech,0,0.5033906983062182
F2bCa12,speech,1,0.5045400875625634
F2bCa12,volume,0,0.5116088314890861
F2bCa12,volume,1,0.47464551790434995
F2bCa12,word_gap,0,0.49865207987210436
F2bCa12,word_gap,1,0.5126067103434584
F2bCa12,word_head_pos,0,0.498176650679707
F2bCa12,word_head_pos,1,0.48241434437791914
F2bCa12,word_index,0,0.43968770478837593
F2bCa12,word_index,1,0.45399181976363184
F2bCa12,word_length,0,0.49188113225290736
F2bCa12,word_length,1,0.5193985559491343
F2bCa12,word_part_speech,0,0.49223139548216954
F2bCa12,word_part_speech,1,0.46108053357795364
F10Fa2,delta_volume,0,0.478898258152827
F10Fa2,delta_volume,1,0.485287817518782
F10Fa2,face_num,0,0.4968862000146286
F10Fa2,face_num,1,0.48703279938977884
F10Fa2,frame_brightness,0,0.505888007690459
F10Fa2,frame_brightness,1,0.5499618611746758
F10Fa2,global_flow,0,0.5259135032339634
F10Fa2,global_flow,1,0.5399673991410927
F10Fa2,gpt2_surprisal,0,0.5213838646646396
F10Fa2,gpt2_surprisal,1,0.4803924641860757
F10Fa2,local_flow,0,0.4809410363311495
F10Fa2,local_flow,1,0.509242134520339
F10Fa2,onset,0,0.4899365578255049
F10Fa2,onset,1,0.5351376520575054
F10Fa2,pitch,0,0.47006885886544836
F10Fa2,pitch,1,0.5054857214507382
F10Fa2,speech,0,0.5271203619531258
F10Fa2,speech,1,0.48882480173035325
F10Fa2,volume,0,0.5019226147560683
F10Fa2,volume,1,0.4984274265174551
F10Fa2,word_gap,0,0.5051774761501729
F10Fa2,word_gap,1,0.5353698421157121
F10Fa2,word_head_pos,0,0.49746611913942096
F10Fa2,word_head_pos,1,0.5147905499305141
F10Fa2,word_index,0,0.45055702438252776
F10Fa2,word_index,1,0.495322351027049
F10Fa2,word_length,0,0.511128177800069
F10Fa2,word_length,1,0.509889972101188
F10Fa2,word_part_speech,0,0.5159958720330238
F10Fa2,word_part_speech,1,0.4946680426556588
F10Fa11,delta_volume,0,0.5041900462890401
F10Fa11,delta_volume,1,0.4931768074146057
F10Fa11,face_num,0,0.5018546963000114
F10Fa11,face_num,1,0.5266606062505877
F10Fa11,frame_brightness,0,0.47153694241559824
F10Fa11,frame_brightness,1,0.50984817612823
F10Fa11,global_flow,0,0.494425462106726
F10Fa11,global_flow,1,0.505323762055526
F10Fa11,gpt2_surprisal,0,0.4893785983720469
F10Fa11,gpt2_surprisal,1,0.47580535615393454
F10Fa11,local_flow,0,0.4630575844017429
F10Fa11,local_flow,1,0.5235886022381744
F10Fa11,onset,0,0.4749665327978581
F10Fa11,onset,1,0.47886618939526215
F10Fa11,pitch,0,0.45968255958538395
F10Fa11,pitch,1,0.4824509158542575
F10Fa11,speech,0,0.484681775910891
F10Fa11,speech,1,0.5029361671003
F10Fa11,volume,0,0.4882919030751388
F10Fa11,volume,1,0.48611851248132243
F10Fa11,word_gap,0,0.5104751157226001
F10Fa11,word_gap,1,0.495684565792086
F10Fa11,word_head_pos,0,0.5002925718107061
F10Fa11,word_head_pos,1,0.5190615759171604
F10Fa11,word_index,0,0.48376381262287305
F10Fa11,word_index,1,0.5068469934241746
F10Fa11,word_length,0,0.49756016007857645
F10Fa11,word_length,1,0.48025140277734246
F10Fa11,word_part_speech,0,0.50909681611436
F10Fa11,word_part_speech,1,0.5025130910063831
T2bH5,delta_volume,0,0.5103392788104866
T2bH5,delta_volume,1,0.5004545312059183
T2bH5,face_num,0,0.5099108700876671
T2bH5,face_num,1,0.5027115137456506
T2bH5,frame_brightness,0,0.49338578727939564
T2bH5,frame_brightness,1,0.4930566439923513
T2bH5,global_flow,0,0.4902092933345872
T2bH5,global_flow,1,0.4907892124593795
T2bH5,gpt2_surprisal,0,0.5110654838406319
T2bH5,gpt2_surprisal,1,0.5073351932541299
T2bH5,local_flow,0,0.4993208154394324
T2bH5,local_flow,1,0.4861394104678014
T2bH5,onset,0,0.5130784005587568
T2bH5,onset,1,0.49910366102089515
T2bH5,pitch,0,0.48410708128271845
T2bH5,pitch,1,0.5121835261172586
T2bH5,speech,0,0.49846399799379326
T2bH5,speech,1,0.5120529137017648
T2bH5,volume,0,0.533065839106402
T2bH5,volume,1,0.5137508751031838
T2bH5,word_gap,0,0.4961286480047647
T2bH5,word_gap,1,0.5096705432431585
T2bH5,word_head_pos,0,0.5116192804823255
T2bH5,word_head_pos,1,0.505261068096089
T2bH5,word_index,0,0.5044968702686823
T2bH5,word_index,1,0.507897769642736
T2bH5,word_length,0,0.5165825522710886
T2bH5,word_length,1,0.4950471772044764
T2bH5,word_part_speech,0,0.49800290486564996
T2bH5,word_part_speech,1,0.467406260749914
T2bH11,delta_volume,0,0.5172408388451772
T2bH11,delta_volume,1,0.51299332309332
T2bH11,face_num,0,0.5164258173724962
T2bH11,face_num,1,0.5096026247871018
T2bH11,frame_brightness,0,0.4958883211602562
T2bH11,frame_brightness,1,0.5418325444343437
T2bH11,global_flow,0,0.4926648067458701
T2bH11,global_flow,1,0.4644473005025965
T2bH11,gpt2_surprisal,0,0.48036111720635716
T2bH11,gpt2_surprisal,1,0.48924276145993334
T2bH11,local_flow,0,0.5116349539721848
T2bH11,local_flow,1,0.5065253962780687
T2bH11,onset,0,0.5008381351492928
T2bH11,onset,1,0.47948897037425064
T2bH11,pitch,0,0.4914266010469891
T2bH11,pitch,1,0.47900274808522203
T2bH11,speech,0,0.4871947587849911
T2bH11,speech,1,0.5006321640909898
T2bH11,volume,0,0.50607608956877
T2bH11,volume,1,0.5145345495961464
T2bH11,word_gap,0,0.48016781083142646
T2bH11,word_gap,1,0.4966876691430781
T2bH11,word_head_pos,0,0.5030302080394554
T2bH11,word_head_pos,1,0.49303052150925264
T2bH11,word_index,0,0.5588208709014078
T2bH11,word_index,1,0.5226990260547307
T2bH11,word_length,0,0.4900577829326145
T2bH11,word_length,1,0.4869544319404825
T2bH11,word_part_speech,0,0.46177808355310934
T2bH11,word_part_speech,1,0.47032068187898945
T2aA1,delta_volume,0,0.5314305716644201
T2aA1,delta_volume,1,0.5067134781563796
T2aA1,face_num,0,0.5000783674492962
T2aA1,face_num,1,0.45981317200087773
T2aA1,frame_brightness,0,0.5212375787592864
T2aA1,frame_brightness,1,0.5441626699267526
T2aA1,global_flow,0,0.503688494613544
T2aA1,global_flow,1,0.516535531801511
T2aA1,gpt2_surprisal,0,0.5063373143997576
T2aA1,gpt2_surprisal,1,0.49240880641150225
T2aA1,local_flow,0,0.4659310575426058
T2aA1,local_flow,1,0.45588435054282517
T2aA1,onset,0,0.5055642861300274
T2aA1,onset,1,0.4960887026366335
T2aA1,pitch,0,0.47184518771616357
T2aA1,pitch,1,0.4862439004001965
T2aA1,speech,0,0.4915990094354409
T2aA1,speech,1,0.4689090206158637
T2aA1,volume,0,0.4948643198227851
T2aA1,volume,1,0.49239835741826277
T2aA1,word_gap,0,0.5104594422327409
T2aA1,word_gap,1,0.48468700040751067
T2aA1,word_head_pos,0,0.47677188802858844
T2aA1,word_head_pos,1,0.48470789839398976
T2aA1,word_index,0,0.48513095157390457
T2aA1,word_index,1,0.5118071091225453
T2aA1,word_length,0,0.4899219460205009
T2aA1,word_length,1,0.49074219198980173
T2aA1,word_part_speech,0,0.4703111263998777
T2aA1,word_part_speech,1,0.4993884493368497
T2aA9,delta_volume,0,0.532564287430906
T2aA9,delta_volume,1,0.5466808772974724
T2aA9,face_num,0,0.5163578989164395
T2aA9,face_num,1,0.49949322382788414
T2aA9,frame_brightness,0,0.4788982581528269
T2aA9,frame_brightness,1,0.49938350939886944
T2aA9,global_flow,0,0.5265143203452347
T2aA9,global_flow,1,0.5023457989822682
T2aA9,gpt2_surprisal,0,0.4980982832304107
T2aA9,gpt2_surprisal,1,0.5203546388305486
T2aA9,local_flow,0,0.5121156076612018
T2aA9,local_flow,1,0.461693990783988
T2aA9,onset,0,0.5266457132879343
T2aA9,onset,1,0.5295529945870439
T2aA9,pitch,0,0.4608894183045463
T2aA9,pitch,1,0.5131448334952927
T2aA9,speech,0,0.5240170109609938
T2aA9,speech,1,0.5154540610012225
T2aA9,volume,0,0.49631150538645596
T2aA9,volume,1,0.5023196764991693
T2aA9,word_gap,0,0.5021472681107175
T2aA9,word_gap,1,0.5057155993020073
T2aA9,word_head_pos,0,0.50691723352455
T2aA9,word_head_pos,1,0.4863118188562532
T2aA9,word_index,0,0.5048471290082028
T2aA9,word_index,1,0.5305064063453325
T2aA9,word_length,0,0.48318234538102245
T2aA9,word_length,1,0.490590681587829
T2aA9,word_part_speech,0,0.49628291862553986
T2aA9,word_part_speech,1,0.493970492680503
T1cIf1,delta_volume,0,0.5524121500893389
T1cIf1,delta_volume,1,0.5315559595832942
T1cIf1,face_num,0,0.4929573785565761
T1cIf1,face_num,1,0.4762860098429516
T1cIf1,frame_brightness,0,0.4905332121250118
T1cIf1,frame_brightness,1,0.47825564506859763
T1cIf1,global_flow,0,0.5307775095869512
T1cIf1,global_flow,1,0.5124499754448659
T1cIf1,gpt2_surprisal,0,0.5085316029800528
T1cIf1,gpt2_surprisal,1,0.4860505940252657
T1cIf1,local_flow,0,0.48069026049340147
T1cIf1,local_flow,1,0.4620388075608915
T1cIf1,onset,0,0.5286944880973168
T1cIf1,onset,1,0.5443163960188581
T1cIf1,pitch,0,0.4901936198447279
T1cIf1,pitch,1,0.4752776819953397
T1cIf1,speech,0,0.5172199408586983
T1cIf1,speech,1,0.526947953564674
T1cIf1,volume,0,0.4970220369267422
T1cIf1,volume,1,0.48635361482921113
T1cIf1,word_gap,0,0.5039340459546723
T1cIf1,word_gap,1,0.5233169284139474
T1cIf1,word_head_pos,0,0.48192846619228236
T1cIf1,word_head_pos,1,0.46401889177977707
T1cIf1,word_index,0,0.4961245565272411
T1cIf1,word_index,1,0.5135019094750638
T1cIf1,word_length,0,0.5023719214653668
T1cIf1,word_length,1,0.5026435952895939
T1cIf1,word_part_speech,0,0.44984329014256774
T1cIf1,word_part_speech,1,0.50482551695142
T1cIf7,delta_volume,0,0.557061952080917
T1cIf7,delta_volume,1,0.5737803412641191
T1cIf7,face_num,0,0.5003709392600023
T1cIf7,face_num,1,0.49036080373656
T1cIf7,frame_brightness,0,0.5001567348985925
T1cIf7,frame_brightness,1,0.4846347554413133
T1cIf7,global_flow,0,0.5099422170673856
T1cIf7,global_flow,1,0.4862230024137175
T1cIf7,gpt2_surprisal,0,0.5306625706613168
T1cIf7,gpt2_surprisal,1,0.5356833119128972
T1cIf7,local_flow,0,0.4935634201644672
T1cIf7,local_flow,1,0.4999320815439433
T1cIf7,onset,0,0.6165473488155521
T1cIf7,onset,1,0.622070892264711
T1cIf7,pitch,0,0.5100049110268225
T1cIf7,pitch,1,0.5106161771313333
T1cIf7,speech,0,0.5447060175752066
T1cIf7,speech,1,0.5161123475753111
T1cIf7,volume,0,0.5114782190735923
T1cIf7,volume,1,0.5048640063529879
T1cIf7,word_gap,0,0.5368431501624819
T1cIf7,word_gap,1,0.5565917473851395
T1cIf7,word_head_pos,0,0.5180088398482807
T1cIf7,word_head_pos,1,0.5022465335464927
T1cIf7,word_index,0,0.6009762050030507
T1cIf7,word_index,1,0.5976656949811312
T1cIf7,word_length,0,0.47456192595843394
T1cIf7,word_length,1,0.5120738116882438
T1cIf7,word_part_speech,0,0.5176871918357987
T1cIf7,word_part_speech,1,0.5029717540037457
T1bId1,delta_volume,0,0.515360020062067
T1bId1,delta_volume,1,0.5463987544800059
T1bId1,face_num,0,0.49436799264390874
T1bId1,face_num,1,0.5048431083665089
T1bId1,frame_brightness,0,0.49997387751690126
T1bId1,frame_brightness,1,0.5236617451908508
T1bId1,global_flow,0,0.5013583691211352
T1bId1,global_flow,1,0.5221884371440811
T1bId1,gpt2_surprisal,0,0.5075546221121595
T1bId1,gpt2_surprisal,1,0.5269322800748149
T1bId1,local_flow,0,0.46191864413863726
T1bId1,local_flow,1,0.48578936919427806
T1bId1,onset,0,0.5835224957802223
T1bId1,onset,1,0.5847447762062744
T1bId1,pitch,0,0.5054439254777803
T1bId1,pitch,1,0.493944808417709
T1bId1,speech,0,0.5237139901570483
T1bId1,speech,1,0.5019957577087448
T1bId1,volume,0,0.5112248309875342
T1bId1,volume,1,0.4858834101334336
T1bId1,word_gap,0,0.5456621004566209
T1bId1,word_gap,1,0.5224130904987305
T1bId1,word_head_pos,0,0.4614536639394794
T1bId1,word_head_pos,1,0.482753936658203
T1bId1,word_index,0,0.5423022167988611
T1bId1,word_index,1,0.5183151424762162
T1bId1,word_length,0,0.46835522397417007
T1bId1,word_length,1,0.522820601235071
T1bId1,word_part_speech,0,0.4690784695944655
T1bId1,word_part_speech,1,0.5026659786721707
T1bId7,delta_volume,0,0.5805565133799359
T1bId7,delta_volume,1,0.5789160214413341
T1bId7,face_num,0,0.5244715421669123
T1bId7,face_num,1,0.49634285236617454
T1bId7,frame_brightness,0,0.5092996039831562
T1bId7,frame_brightness,1,0.495768157738002
T1bId7,global_flow,0,0.5245342361263492
T1bId7,global_flow,1,0.4978579563859022
T1bId7,gpt2_surprisal,0,0.508886868750196
T1bId7,gpt2_surprisal,1,0.5051304556805952
T1bId7,local_flow,0,0.5099004210944276
T1bId7,local_flow,1,0.48512585812356984
T1bId7,onset,0,0.6116291251964379
T1bId7,onset,1,0.64088237005995
T1bId7,pitch,0,0.4846138574548342
T1bId7,pitch,1,0.5037825355526995
T1bId7,speech,0,0.5107154425671087
T1bId7,speech,1,0.5038400050155167
T1bId7,volume,0,0.5168437771020762
T1bId7,volume,1,0.52808166933116
T1bId7,word_gap,0,0.553707825251037
T1bId7,word_gap,1,0.5197433727260379
T1bId7,word_head_pos,0,0.4649122807017544
T1bId7,word_head_pos,1,0.4794363813046614
T1bId7,word_index,0,0.6022190585948975
T1bId7,word_index,1,0.617076808351976
T1bId7,word_length,0,0.49400750237714597
T1bId7,word_length,1,0.5035578821980502
T1bId7,word_part_speech,0,0.5042904101211635
T1bId7,word_part_speech,1,0.489832970225127
T1aIa3,delta_volume,0,0.49752358860223816
T1aIa3,delta_volume,1,0.5151196932175585
T1aIa3,face_num,0,0.5072777237913126
T1aIa3,face_num,1,0.4913691315841719
T1aIa3,frame_brightness,0,0.5088241747907589
T1aIa3,frame_brightness,1,0.5203494143339289
T1aIa3,global_flow,0,0.5250357878018453
T1aIa3,global_flow,1,0.4913430091010731
T1aIa3,gpt2_surprisal,0,0.4906847225269846
T1aIa3,gpt2_surprisal,1,0.48538708295455735
T1aIa3,local_flow,0,0.486672309123016
T1aIa3,local_flow,1,0.45880484415326583
T1aIa3,onset,0,0.4945404807636342
T1aIa3,onset,1,0.4842733251847971
T1aIa3,pitch,0,0.5142524267786799
T1aIa3,pitch,1,0.48741418764302064
T1aIa3,speech,0,0.4939813798940472
T1aIa3,speech,1,0.4660250984817613
T1aIa3,volume,0,0.49282154164446257
T1aIa3,volume,1,0.49428440069799273
T1aIa3,word_gap,0,0.48385108094835066
T1aIa3,word_gap,1,0.49996865302028154
T1aIa3,word_head_pos,0,0.4971787718253346
T1aIa3,word_head_pos,1,0.4733602917358912
T1aIa3,word_index,0,0.47681513117754726
T1aIa3,word_index,1,0.5308679637538699
T1aIa3,word_length,0,0.4969802409537841
T1aIa3,word_length,1,0.5006504498291591
T1aIa3,word_part_speech,0,0.4809845965676719
T1aIa3,word_part_speech,1,0.49614914191797577
T1aIa10,delta_volume,0,0.5518844759307441
T1aIa10,delta_volume,1,0.539147153171792
T1aIa10,face_num,0,0.5249992163255071
T1aIa10,face_num,1,0.49434187016081
T1aIa10,frame_brightness,0,0.5043206587045339
T1aIa10,frame_brightness,1,0.4883650460278153
T1aIa10,global_flow,0,0.5413727887318057
T1aIa10,global_flow,1,0.49751836410561845
T1aIa10,gpt2_surprisal,0,0.5172147163620786
T1aIa10,gpt2_surprisal,1,0.5147278559710772
T1aIa10,local_flow,0,0.5175647576356018
T1aIa10,local_flow,1,0.4958987701534957
T1aIa10,onset,0,0.477754496245853
T1aIa10,onset,1,0.47306326756300565
T1aIa10,pitch,0,0.5104751157226001
T1aIa10,pitch,1,0.4891121490444395
T1aIa10,speech,0,0.4900577829326145
T1aIa10,speech,1,0.4904914161520537
T1aIa10,volume,0,0.5028264526712851
T1aIa10,volume,1,0.49012047689205146
T1aIa10,word_gap,0,0.5113685046445775
T1aIa10,word_gap,1,0.49844832450393406
T1aIa10,word_head_pos,0,0.52053749621224
T1aIa10,word_head_pos,1,0.48814039267316595
T1aIa10,word_index,0,0.49344677197026193
T1aIa10,word_index,1,0.5034008993740537
T1aIa10,word_length,0,0.49200652017178154
T1aIa10,word_length,1,0.49558530035631077
T1aIa10,word_part_speech,0,0.4551465810495738
T1aIa10,word_part_speech,1,0.46629782517295415
P2cCc7,delta_volume,0,0.547380959844519
P2cCc7,delta_volume,1,0.5144091616772724
P2cCc7,face_num,0,0.536231884057971
P2cCc7,face_num,1,0.5001515104019728
P2cCc7,frame_brightness,0,0.4980355892709737
P2cCc7,frame_brightness,1,0.5019330637493078
P2cCc7,global_flow,0,0.5278622404731304
P2cCc7,global_flow,1,0.5200881895029414
P2cCc7,gpt2_surprisal,0,0.5161750415347481
P2cCc7,gpt2_surprisal,1,0.5304849377762453
P2cCc7,local_flow,0,0.4854811238937129
P2cCc7,local_flow,1,0.46542428137048997
P2cCc7,onset,0,0.5223502706478086
P2cCc7,onset,1,0.5118037366858739
P2cCc7,pitch,0,0.5109609939082369
P2cCc7,pitch,1,0.48355850913764453
P2cCc7,speech,0,0.49388733895489173
P2cCc7,speech,1,0.5221832126474615
P2cCc7,volume,0,0.49705860840308036
P2cCc7,volume,1,0.4915154174895249
P2cCc7,word_gap,0,0.49428440069799273
P2cCc7,word_gap,1,0.5313260817320251
P2cCc7,word_head_pos,0,0.49589354565687593
P2cCc7,word_head_pos,1,0.47489629374209796
P2cCc7,word_index,0,0.5292748514225025
P2cCc7,word_index,1,0.5427202675524823
P2cCc7,word_length,0,0.49987983657774576
P2cCc7,word_length,1,0.5149577338223462
P2cCc7,word_part_speech,0,0.4794557199097963
P2cCc7,word_part_speech,1,0.49769712953407486
P2cCc13,delta_volume,0,0.5416601360458919
P2cCc13,delta_volume,1,0.5509388420425692
P2cCc13,face_num,0,0.5039444949479118
P2cCc13,face_num,1,0.48350626417144704
P2cCc13,frame_brightness,0,0.4919229282258654
P2cCc13,frame_brightness,1,0.521018149901257
P2cCc13,global_flow,0,0.5100258090133016
P2cCc13,global_flow,1,0.5129254046372632
P2cCc13,gpt2_surprisal,0,0.5064836003051106
P2cCc13,gpt2_surprisal,1,0.5017867778439548
P2cCc13,local_flow,0,0.4770383373561957
P2cCc13,local_flow,1,0.46364795251977475
P2cCc13,onset,0,0.5254001513299575
P2cCc13,onset,1,0.5101856702171003
P2cCc13,pitch,0,0.49249239835741826
P2cCc13,pitch,1,0.49465533995799504
P2cCc13,speech,0,0.5204434552730846
P2cCc13,speech,1,0.4628433800403331
P2cCc13,volume,0,0.5122409955800759
P2cCc13,volume,1,0.4838510809483506
P2cCc13,word_gap,0,0.5141270388598058
P2cCc13,word_gap,1,0.5088764197569564
P2cCc13,word_head_pos,0,0.4906638245405055
P2cCc13,word_head_pos,1,0.4806484645204434
P2cCc13,word_index,0,0.4887804216663277
P2cCc13,word_index,1,0.49146950489232366
P2cCc13,word_length,0,0.47887736016634797
P2cCc13,word_length,1,0.49821322215604524
P2cCc13,word_part_speech,0,0.45961854527386004
P2cCc13,word_part_speech,1,0.4836410197607308
P2aIe4,delta_volume,0,0.49647868927828803
P2aIe4,delta_volume,1,0.522026477748869
P2aIe4,face_num,0,0.4758941725964703
P2aIe4,face_num,1,0.4952143610963084
P2aIe4,frame_brightness,0,0.48090446485481125
P2aIe4,frame_brightness,1,0.5087614808313219
P2aIe4,global_flow,0,0.5101250744490768
P2aIe4,global_flow,1,0.49905959060844485
P2aIe4,gpt2_surprisal,0,0.4991797540306991
P2aIe4,gpt2_surprisal,1,0.5029100446172011
P2aIe4,local_flow,0,0.518356268873494
P2aIe4,local_flow,1,0.5091846650575217
P2aIe4,onset,0,0.5147663116233048
P2aIe4,onset,1,0.5139572783889179
P2aIe4,pitch,0,0.4909459473579721
P2aIe4,pitch,1,0.49358954264756594
P2aIe4,speech,0,0.5008202459693009
P2aIe4,speech,1,0.4764322957483047
P2aIe4,volume,0,0.5100414825031608
P2aIe4,volume,1,0.49640554632561157
P2aIe4,word_gap,0,0.4757740091742161
P2aIe4,word_gap,1,0.5047490674273534
P2aIe4,word_head_pos,0,0.5093622979425932
P2aIe4,word_head_pos,1,0.48108209773988275
P2aIe4,word_index,0,0.5125528212776536
P2aIe4,word_index,1,0.5415339073057194
P2aIe4,word_length,0,0.49040782420613777
P2aIe4,word_length,1,0.4981244057135095
P2aIe4,word_part_speech,0,0.4442342239039866
P2aIe4,word_part_speech,1,0.4600294308756641
P2aIe10,delta_volume,0,0.5261172586021338
P2aIe10,delta_volume,1,0.5585091376445879
P2aIe10,face_num,0,0.485287817518782
P2aIe10,face_num,1,0.4630157884287849
P2aIe10,frame_brightness,0,0.4971578738388556
P2aIe10,frame_brightness,1,0.490110027898812
P2aIe10,global_flow,0,0.488955414145847
P2aIe10,global_flow,1,0.46945759276093746
P2aIe10,gpt2_surprisal,0,0.48576847120779915
P2aIe10,gpt2_surprisal,1,0.47128094208123056
P2aIe10,local_flow,0,0.4914997439996657
P2aIe10,local_flow,1,0.48855835240274603
P2aIe10,onset,0,0.50101856702171
P2aIe10,onset,1,0.5418660147837728
P2aIe10,pitch,0,0.4668610179409214
P2aIe10,pitch,1,0.4860192470455471
P2aIe10,speech,0,0.48660439066695926
P2aIe10,speech,1,0.48940994535176535
P2aIe10,volume,0,0.4903451302467007
P2aIe10,volume,1,0.5007105315402861
P2aIe10,word_gap,0,0.515986959656437
P2aIe10,word_gap,1,0.51718336938236
P2aIe10,word_head_pos,0,0.4848803067824415
P2aIe10,word_head_pos,1,0.47768617493704485
P2aIe10,word_index,0,0.5039432354868596
P2aIe10,word_index,1,0.532630556120489
P2aIe10,word_length,0,0.4943941151270075
P2aIe10,word_length,1,0.5197694952091366
P2aIe10,word_part_speech,0,0.4844627909643389
P2aIe10,word_part_speech,1,0.5034304170011085
F3cIc4,delta_volume,0,0.5119170767896513
F3cIc4,delta_volume,1,0.527073341483548
F3cIc4,face_num,0,0.5070112744637054
F3cIc4,face_num,1,0.5199680260806872
F3cIc4,frame_brightness,0,0.4762311526284443
F3cIc4,frame_brightness,1,0.49366007335193257
F3cIc4,global_flow,0,0.526780769672842
F3cIc4,global_flow,1,0.5158354492544643
F3cIc4,gpt2_surprisal,0,0.5222459066068985
F3cIc4,gpt2_surprisal,1,0.5060865385620096
F3cIc4,local_flow,0,0.5043311076977733
F3cIc4,local_flow,1,0.5068205803370845
F3cIc4,onset,0,0.49417961701879976
F3cIc4,onset,1,0.5090972585996159
F3cIc4,pitch,0,0.5002768983208468
F3cIc4,pitch,1,0.5242834602886013
F3cIc4,speech,0,0.480638015527204
F3cIc4,speech,1,0.4858729611401942
F3cIc4,volume,0,0.5237296636469077
F3cIc4,volume,1,0.5142315287922009
F3cIc4,word_gap,0,0.4982706916188625
F3cIc4,word_gap,1,0.5323866545458346
F3cIc4,word_head_pos,0,0.5023092275059298
F3cIc4,word_head_pos,1,0.5151667136871363
F3cIc4,word_index,0,0.5070277721284433
F3cIc4,word_index,1,0.5355456127268208
F3cIc4,word_length,0,0.45765545489692067
F3cIc4,word_length,1,0.5133015683938853
F3cIc4,word_part_speech,0,0.4505121736803883
F3cIc4,word_part_speech,1,0.45727745289148797
F3cIc10,delta_volume,0,0.5190223921925122
F3cIc10,delta_volume,1,0.5071993563420165
F3cIc10,face_num,0,0.4561821468501509
F3cIc10,face_num,1,0.45085316029800526
F3cIc10,frame_brightness,0,0.4994200808752077
F3cIc10,frame_brightness,1,0.5116454029654243
F3cIc10,global_flow,0,0.5047020469577757
F3cIc10,global_flow,1,0.5175908801187006
F3cIc10,gpt2_surprisal,0,0.46810444813642205
F3cIc10,gpt2_surprisal,1,0.4863771250640001
F3cIc10,local_flow,0,0.499623836243378
F3cIc10,local_flow,1,0.5001515104019728
F3cIc10,onset,0,0.5310284616727781
F3cIc10,onset,1,0.5003317618299284
F3cIc10,pitch,0,0.4859565530861102
F3cIc10,pitch,1,0.46151635789891643
F3cIc10,speech,0,0.4814634859931246
F3cIc10,speech,1,0.4674670595488125
F3cIc10,volume,0,0.4923408879554455
F3cIc10,volume,1,0.49923199899689663
F3cIc10,word_gap,0,0.5110289123642937
F3cIc10,word_gap,1,0.520830068022946
F3cIc10,word_head_pos,0,0.5300147330804678
F3cIc10,word_head_pos,1,0.4847340208770885
F3cIc10,word_index,0,0.5092875059318013
F3cIc10,word_index,1,0.5104399701715138
F3cIc10,word_length,0,0.49558530035631065
F3cIc10,word_length,1,0.5057364972884864
F3cIc10,word_part_speech,0,0.4603160952490158
F3cIc10,word_part_speech,1,0.4769904062989718
F3bIb6,delta_volume,0,0.5235259082787374
F3bIb6,delta_volume,1,0.5141636103361441
F3bIb6,face_num,0,0.48936292488218763
F3bIb6,face_num,1,0.5113423821614788
F3bIb6,frame_brightness,0,0.5300669780466652
F3bIb6,frame_brightness,1,0.5165355318015109
F3bIb6,global_flow,0,0.5081815617065296
F3bIb6,global_flow,1,0.5058775586972195
F3bIb6,gpt2_surprisal,0,0.5032966573670627
F3bIb6,gpt2_surprisal,1,0.48642675778188776
F3bIb6,local_flow,0,0.47733613366352157
F3bIb6,local_flow,1,0.4734125367020887
F3bIb6,onset,0,0.5104883301321227
F3bIb6,onset,1,0.5210639660089633
F3bIb6,pitch,0,0.5089286647231539
F3bIb6,pitch,1,0.4864319822785075
F3bIb6,speech,0,0.5007471030166244
F3bIb6,speech,1,0.4858572876503349
F3bIb6,volume,0,0.4673886920995162
F3bIb6,volume,1,0.48166724136129485
F3bIb6,word_gap,0,0.5181237787739152
F3bIb6,word_gap,1,0.5068597640617327
F3bIb6,word_head_pos,0,0.48507361315737235
F3bIb6,word_head_pos,1,0.4939813798940472
F3bIb6,word_index,0,0.5654305922762298
F3bIb6,word_index,1,0.5129821707002915
F3bIb6,word_length,0,0.5152294076465732
F3bIb6,word_length,1,0.5167183891832022
F3bIb6,word_part_speech,0,0.4504070634101594
F3bIb6,word_part_speech,1,0.4675400374574781
F3aOFc2,delta_volume,0,0.5213263952018222
F3aOFc2,delta_volume,1,0.5390165407562981
F3aOFc2,face_num,0,0.48772243294358586
F3aOFc2,face_num,1,0.509304828479776
F3aOFc2,frame_brightness,0,0.5214204361409778
F3aOFc2,frame_brightness,1,0.5260179931663584
F3aOFc2,global_flow,0,0.5240170109609938
F3aOFc2,global_flow,1,0.49646824028504855
F3aOFc2,gpt2_surprisal,0,0.5222615800967577
F3aOFc2,gpt2_surprisal,1,0.5112849126986615
F3aOFc2,local_flow,0,0.5050311902448199
F3aOFc2,local_flow,1,0.46867914276459466
F3aOFc2,onset,0,0.5063325766835458
F3aOFc2,onset,1,0.4605669053023689
F3aOFc2,pitch,0,0.5080405002977962
F3aOFc2,pitch,1,0.4898331295779652
F3aOFc2,speech,0,0.5088555217704774
F3aOFc2,speech,1,0.4909720698410708
F3aOFc2,volume,0,0.48810904569344743
F3aOFc2,volume,1,0.5051147821907359
F3aOFc2,word_gap,0,0.5144509576502304
F3aOFc2,word_gap,1,0.5320731847486494
F3aOFc2,word_head_pos,0,0.49855281443632904
F3aOFc2,word_head_pos,1,0.5104489932395013
F3aOFc2,word_index,0,0.5052764784308408
F3aOFc2,word_index,1,0.4859218584050799
F3aOFc2,word_length,0,0.4877433309300649
F3aOFc2,word_length,1,0.517141573409402
F3aOFc2,word_part_speech,0,0.4950598172992394
F3aOFc2,word_part_speech,1,0.4857814470817567
F3aOFc8,delta_volume,0,0.5167183891832021
F3aOFc8,delta_volume,1,0.5162534089840444
F3aOFc8,face_num,0,0.4988819577233734
F3aOFc8,face_num,1,0.4710406152367219
F3aOFc8,frame_brightness,0,0.5004284087228196
F3aOFc8,frame_brightness,1,0.514942060332487
F3aOFc8,global_flow,0,0.4994409788616867
F3aOFc8,global_flow,1,0.4890233326019038
F3aOFc8,gpt2_surprisal,0,0.5028369016645247
F3aOFc8,gpt2_surprisal,1,0.4814478125032653
F3aOFc8,local_flow,0,0.4958177904558896
F3aOFc8,local_flow,1,0.5019173902594485
F3aOFc8,onset,0,0.4889354519527384
F3aOFc8,onset,1,0.49893486991444036
F3aOFc8,pitch,0,0.511796913367397
F3aOFc8,pitch,1,0.512073811688244
F3aOFc8,speech,0,0.49191247923262593
F3aOFc8,speech,1,0.473449108178427
F3aOFc8,volume,0,0.47460894642801166
F3aOFc8,volume,1,0.4915154174895249
F3aOFc8,word_gap,0,0.5042840872281955
F3aOFc8,word_gap,1,0.46021023374397874
F3aOFc8,word_head_pos,0,0.4818187517632676
F3aOFc8,word_head_pos,1,0.4569188008735358
F3aOFc8,word_index,0,0.5040788195150612
F3aOFc8,word_index,1,0.5473527218493661
F3aOFc8,word_length,0,0.49473893190391105
F3aOFc8,word_length,1,0.49812963021012924
F3aOFc8,word_part_speech,0,0.4651989450751061
F3aOFc8,word_part_speech,1,0.4668520429614342
F3aOFc14,delta_volume,0,0.5126641798062757
F3aOFc14,delta_volume,1,0.516326551936721
F3aOFc14,face_num,0,0.4699591444364335
F3aOFc14,face_num,1,0.4572374951673406
F3aOFc14,frame_brightness,0,0.4709726967806652
F3aOFc14,frame_brightness,1,0.49228341849262824
F3aOFc14,global_flow,0,0.534136860913451
F3aOFc14,global_flow,1,0.4920953366143172
F3aOFc14,gpt2_surprisal,0,0.48709026885259604
F3aOFc14,gpt2_surprisal,1,0.48323459034722005
F3aOFc14,local_flow,0,0.5140068754375515
F3aOFc14,local_flow,1,0.5087249093549836
F3aOFc14,onset,0,0.5116174844304755
F3aOFc14,onset,1,0.479646120714743
F3aOFc14,pitch,0,0.49137435608079166
F3aOFc14,pitch,1,0.5047542919239731
F3aOFc14,speech,0,0.4820120581381984
F3aOFc14,speech,1,0.45644337168113847
F3aOFc14,volume,0,0.5271569334294641
F3aOFc14,volume,1,0.5268539126255185
F3aOFc14,word_gap,0,0.5437708326802713
F3aOFc14,word_gap,1,0.51927839252688
F3aOFc14,word_head_pos,0,0.5009090624118366
F3aOFc14,word_head_pos,1,0.4892688839430321
F3aOFc14,word_index,0,0.5026890832259959
F3aOFc14,word_index,1,0.5030393419655165
F3aOFc14,word_length,0,0.4715944118784155
F3aOFc14,word_length,1,0.4623000323918791
F3aOFc14,word_part_speech,0,0.4792072774528915
F3aOFc14,word_part_speech,1,0.49253717081374465
P2bIg5,delta_volume,0,0.557082850067396
P2bIg5,delta_volume,1,0.5545959896763947
P2bIg5,face_num,0,0.4963271788763152
P2bIg5,face_num,1,0.5095085838479463
P2bIg5,frame_brightness,0,0.5064418043321526
P2bIg5,frame_brightness,1,0.46025725421355657
P2bIg5,global_flow,0,0.5072986217777917
P2bIg5,global_flow,1,0.5073142952676509
P2bIg5,gpt2_surprisal,0,0.5099108700876671
P2bIg5,gpt2_surprisal,1,0.5084793580138554
P2bIg5,local_flow,0,0.49531362653208366
P2bIg5,local_flow,1,0.5012852261684586
P2bIg5,onset,0,0.5154472964321052
P2bIg5,onset,1,0.5404516617193411
P2bIg5,pitch,0,0.48463475544131324
P2bIg5,pitch,1,0.4782974410415556
P2bIg5,speech,0,0.5054491499743999
P2bIg5,speech,1,0.5016169817038129
P2bIg5,volume,0,0.5222720290899971
P2bIg5,volume,1,0.5021838395870557
P2bIg5,word_gap,0,0.4955278308934934
P2bIg5,word_gap,1,0.5226638663364784
P2bIg5,word_head_pos,0,0.5025965748200161
P2bIg5,word_head_pos,1,0.4759046215897098
P2bIg5,word_index,0,0.525806160034348
P2bIg5,word_index,1,0.5033670033670035
P2bIg5,word_length,0,0.44999634285236617
P2bIg5,word_length,1,0.4942948496912323
P2bIg5,word_part_speech,0,0.5061155066315026
P2bIg5,word_part_speech,1,0.5114952413714023
P2bIg11,delta_volume,0,0.5321411032047062
P2bIg11,delta_volume,1,0.5335752275268277
P2bIg11,face_num,0,0.5000888164425358
P2bIg11,face_num,1,0.4745880484415327
P2bIg11,frame_brightness,0,0.49947755033802493
P2bIg11,frame_brightness,1,0.49859983490590676
P2bIg11,global_flow,0,0.5307043666342748
P2bIg11,global_flow,1,0.5267128512167852
P2bIg11,gpt2_surprisal,0,0.5091010731116057
P2bIg11,gpt2_surprisal,1,0.5172930838113747
P2bIg11,local_flow,0,0.46897171457530074
P2bIg11,local_flow,1,0.5163578989164395
P2bIg11,onset,0,0.523700599499447
P2bIg11,onset,1,0.5498748617659042
P2bIg11,pitch,0,0.44756695192418217
P2bIg11,pitch,1,0.43676791741115745
P2bIg11,speech,0,0.5285466495303177
P2bIg11,speech,1,0.4934641547286919
P2bIg11,volume,0,0.5114573210871133
P2bIg11,volume,1,0.52242353949197
P2bIg11,word_gap,0,0.49136913158417184
P2bIg11,word_gap,1,0.5213995381544987
P2bIg11,word_head_pos,0,0.5202292509116746
P2bIg11,word_head_pos,1,0.47219522898968685
P2bIg11,word_index,0,0.5110275009603868
P2bIg11,word_index,1,0.4841592660384607
P2bIg11,word_length,0,0.48569010375850286
P2bIg11,word_length,1,0.4888613732066916
P2bIg11,word_part_speech,0,0.46998624011007906
P2bIg11,word_part_speech,1,0.4897469709131216
F2e5,delta_volume,0,0.513139608998673
F2e5,delta_volume,1,0.5353959645988109
F2e5,face_num,0,0.49745044564956165
F2e5,face_num,1,0.48651557422442343
F2e5,frame_brightness,0,0.5117028724282415
F2e5,frame_brightness,1,0.5278988119494686
F2e5,global_flow,0,0.5028891466307222
F2e5,global_flow,1,0.4911758252092411
F2e5,gpt2_surprisal,0,0.5063268654065181
F2e5,gpt2_surprisal,1,0.5015046550264882
F2e5,local_flow,0,0.5275226481928466
F2e5,local_flow,1,0.5167027156933429
F2e5,onset,0,0.513520749665328
F2e5,onset,1,0.5438682265293057
F2e5,pitch,0,0.4903555792399402
F2e5,pitch,1,0.48174560881059114
F2e5,speech,0,0.496792159075473
F2e5,speech,1,0.48077907693593724
F2e5,volume,0,0.48556994033624856
F2e5,volume,1,0.5106684220975309
F2e5,word_gap,0,0.5090436036487884
F2e5,word_gap,1,0.48009466787874994
F2e5,word_head_pos,0,0.5316212657910411
F2e5,word_head_pos,1,0.48785304535907964
F2e5,word_index,0,0.5135132081440805
F2e5,word_index,1,0.5593067136691298
F2e5,word_length,0,0.5060578038306008
F2e5,word_length,1,0.49903346812534616
F2e5,word_part_speech,0,0.5161678706570347
F2e5,word_part_speech,1,0.45894966173603946
F2c3,delta_volume,0,0.5171885938789798
F2c3,delta_volume,1,0.47344910817842695
F2c3,face_num,0,0.47890348264944677
F2c3,face_num,1,0.4885479034095065
F2c3,frame_brightness,0,0.4914370500402286
F2c3,frame_brightness,1,0.515527203953899
F2c3,global_flow,0,0.479232625936491
F2c3,global_flow,1,0.46847538739642436
F2c3,gpt2_surprisal,0,0.4858886346300534
F2c3,gpt2_surprisal,1,0.49845877349717355
F2c3,local_flow,0,0.49389256345151145
F2c3,local_flow,1,0.49198562218530245
F2c3,onset,0,0.5091030789825971
F2c3,onset,1,0.4751993481171061
F2c3,pitch,0,0.4788251152001505
F2c3,pitch,1,0.49922677450027686
F2c3,speech,0,0.521143537820131
F2c3,speech,1,0.496123423508145
F2c3,volume,0,0.5290743236889126
F2c3,volume,1,0.5209659049350595
F2c3,word_gap,0,0.5048587818563681
F2c3,word_gap,1,0.5530652121668077
F2c3,word_head_pos,0,0.5323500830694963
F2c3,word_head_pos,1,0.5055013949405974
F2c3,word_index,0,0.5041127155221115
F2c3,word_index,1,0.5299075768874426
F2c3,word_length,0,0.47764437896408685
F2c3,word_length,1,0.48158887391199856
F2c3,word_part_speech,0,0.48954630585177544
F2c3,word_part_speech,1,0.4795608301800252
F2aOFb1,delta_volume,0,0.5229564381471845
F2aOFb1,delta_volume,1,0.50985078837654
F2aOFb1,face_num,0,0.5257724418252301
F2aOFb1,face_num,1,0.5050259657482001
F2aOFb1,frame_brightness,0,0.49100341682078935
F2aOFb1,frame_brightness,1,0.48490120476892046
F2aOFb1,global_flow,0,0.5013113486515574
F2aOFb1,global_flow,1,0.5068623763100425
F2aOFb1,gpt2_surprisal,0,0.5059559261465159
F2aOFb1,gpt2_surprisal,1,0.49496880975518004
F2aOFb1,local_flow,0,0.4911131312498041
F2aOFb1,local_flow,1,0.48931590441260986
F2aOFb1,onset,0,0.504068447703859
F2aOFb1,onset,1,0.5136837203888016
F2aOFb1,pitch,0,0.48000062693959433
F2aOFb1,pitch,1,0.4935529711712276
F2aOFb1,speech,0,0.5107206670637284
F2aOFb1,speech,1,0.49023019132106627
F2aOFb1,volume,0,0.5458240598518332
F2aOFb1,volume,1,0.5265195448418545
F2aOFb1,word_gap,0,0.4723362903984202
F2aOFb1,word_gap,1,0.5026644932760729
F2aOFb1,word_head_pos,0,0.47184518771616357
F2aOFb1,word_head_pos,1,0.47618935665548623
F2aOFb1,word_index,0,0.4879443201590853
F2aOFb1,word_index,1,0.5273314803516145
F2aOFb1,word_length,0,0.474096945759276
F2aOFb1,word_length,1,0.5138187935592406
F2aOFb1,word_part_speech,0,0.47320643657072964
F2aOFb1,word_part_speech,1,0.46676604364942853
F2aOFb7,delta_volume,0,0.5106370751178123
F2aOFb7,delta_volume,1,0.4976698745075912
F2aOFb7,face_num,0,0.4859565530861102
F2aOFb7,face_num,1,0.47309384240828395
F2aOFb7,frame_brightness,0,0.49207443862783823
F2aOFb7,frame_brightness,1,0.5434312403999875
F2aOFb7,global_flow,0,0.5029413915969196
F2aOFb7,global_flow,1,0.49900734564224736
F2aOFb7,gpt2_surprisal,0,0.509346624452734
F2aOFb7,gpt2_surprisal,1,0.5037825355526995
F2aOFb7,local_flow,0,0.48053352559480894
F2aOFb7,local_flow,1,0.48348014168834824
F2aOFb7,onset,0,0.5308538501833421
F2aOFb7,onset,1,0.48528607182352596
F2aOFb7,pitch,0,0.46213807299666676
F2aOFb7,pitch,1,0.4491081784270085
F2aOFb7,speech,0,0.49246627587431957
F2aOFb7,speech,1,0.46724240619416324
F2aOFb7,volume,0,0.5114573210871133
F2aOFb7,volume,1,0.47290053603335314
F2aOFb7,word_gap,0,0.5102922583409089
F2aOFb7,word_gap,1,0.4972362412881519
F2aOFb7,word_head_pos,0,0.5050782107143977
F2aOFb7,word_head_pos,1,0.4929155825836181
F2aOFb7,word_index,0,0.5127561973199557
F2aOFb7,word_index,1,0.5319752333175153
F2aOFb7,word_length,0,0.49770122148730966
F2aOFb7,word_length,1,0.486985778920201
F2aOFb7,word_part_speech,0,0.49717157818293006
F2aOFb7,word_part_speech,1,0.49720024462026524
F2aOFb13,delta_volume,0,0.5095503798209042
F2aOFb13,delta_volume,1,0.49777436443998624
F2aOFb13,face_num,0,0.5014367365704314
F2aOFb13,face_num,1,0.5300878760331442
F2aOFb13,frame_brightness,0,0.4922363980230504
F2aOFb13,frame_brightness,1,0.5262426465210077
F2aOFb13,global_flow,0,0.517538635152503
F2aOFb13,global_flow,1,0.5316970209920274
F2aOFb13,gpt2_surprisal,0,0.5289750582531374
F2aOFb13,gpt2_surprisal,1,0.48316667189116336
F2aOFb13,local_flow,0,0.4929051335903786
F2aOFb13,local_flow,1,0.4815732004221393
F2aOFb13,onset,0,0.5065071881729818
F2aOFb13,onset,1,0.5039811419591409
F2aOFb13,pitch,0,0.5066455597003229
F2aOFb13,pitch,1,0.4866200641568185
F2aOFb13,speech,0,0.496353301359414
F2aOFb13,speech,1,0.4790393195615602
F2aOFb13,volume,0,0.4977116704805492
F2aOFb13,volume,1,0.5064783758084908
F2aOFb13,word_gap,0,0.502366696968747
F2aOFb13,word_gap,1,0.482565854779892
F2aOFb13,word_head_pos,0,0.4708420843651714
F2aOFb13,word_head_pos,1,0.48889272018641006
F2aOFb13,word_index,0,0.42446839762276
F2aOFb13,word_index,1,0.47693941653673205
F2aOFb13,word_length,0,0.4843317346373677
F2aOFb13,word_length,1,0.5124865469212042
F2aOFb13,word_part_speech,0,0.475709972098001
F2aOFb13,word_part_speech,1,0.4873007682605206
F2dCb3,delta_volume,0,0.5213472931883013
F2dCb3,delta_volume,1,0.5333740844069674
F2dCb3,face_num,0,0.5202083529251955
F2dCb3,face_num,1,0.5235050102922583
F2dCb3,frame_brightness,0,0.47499555917787323
F2dCb3,frame_brightness,1,0.5259187277305831
F2dCb3,global_flow,0,0.4818239762598874
F2dCb3,global_flow,1,0.46157382736173364
F2dCb3,gpt2_surprisal,0,0.5055849868865134
F2dCb3,gpt2_surprisal,1,0.5175595331389821
F2dCb3,local_flow,0,0.485287817518782
F2dCb3,local_flow,1,0.505929803663417
F2dCb3,onset,0,0.4958966299982539
F2dCb3,onset,1,0.4978697398288807
F2dCb3,pitch,0,0.49222072453319127
F2dCb3,pitch,1,0.5022935540160706
F2dCb3,speech,0,0.508192010699769
F2dCb3,speech,1,0.46448909647555453
F2dCb3,volume,0,0.5009351848949354
F2dCb3,volume,1,0.5099996865302028
F2dCb3,word_gap,0,0.49131166212135463
F2dCb3,word_gap,1,0.4987670187977389
F2dCb3,word_head_pos,0,0.4912803151416361
F2dCb3,word_head_pos,1,0.49547036143067613
F2dCb3,word_index,0,0.502090253768106
F2dCb3,word_index,1,0.5117958104535286
F2dCb3,word_length,0,0.4745567014618141
F2dCb3,word_length,1,0.5040594338735462
F2dCb3,word_part_speech,0,0.5111416886442686
F2dCb3,word_part_speech,1,0.48004815961472314
F2dCb9,delta_volume,0,0.5265613408148124
F2dCb9,delta_volume,1,0.5225123559345057
F2dCb9,face_num,0,0.4932081543943241
F2dCb9,face_num,1,0.5107729120299259
F2dCb9,frame_brightness,0,0.5054595989676395
F2dCb9,frame_brightness,1,0.5208248435263263
F2dCb9,global_flow,0,0.47459849743477217
F2dCb9,global_flow,1,0.48694920744386283
F2dCb9,gpt2_surprisal,0,0.513285894904026
F2dCb9,gpt2_surprisal,1,0.47842282896042965
F2dCb9,local_flow,0,0.49938873389548916
F2dCb9,local_flow,1,0.4870014524100603
F2dCb9,onset,0,0.4890227576974565
F2dCb9,onset,1,0.4783830976078226
F2dCb9,pitch,0,0.5196859032632205
F2dCb9,pitch,1,0.5328568592416121
F2dCb9,speech,0,0.477346582656761
F2dCb9,speech,1,0.47659947964013666
F2dCb9,volume,0,0.5012538791887402
F2dCb9,volume,1,0.5485146756110049
F2dCb9,word_gap,0,0.4907839879627598
F2dCb9,word_gap,1,0.4897652111219084
F2dCb9,word_head_pos,0,0.49031900776360204
F2dCb9,word_head_pos,1,0.4941642372757385
F2dCb9,word_index,0,0.5129595733622578
F2dCb9,word_index,1,0.5007683094931418
F2dCb9,word_length,0,0.5328882062213306
F2dCb9,word_length,1,0.48289499806693625
F2dCb9,word_part_speech,0,0.47753506860834005
F2dCb9,word_part_speech,1,0.46438672935060965
F2bCa1,delta_volume,0,0.4910608862836066
F2bCa1,delta_volume,1,0.5141845083226231
F2bCa1,face_num,0,0.48368912155313837
F2bCa1,face_num,1,0.4873985141531614
F2bCa1,frame_brightness,0,0.4881247191833067
F2bCa1,frame_brightness,1,0.5105587076685162
F2bCa1,global_flow,0,0.49738775169012467
F2bCa1,global_flow,1,0.4733759652257505
F2bCa1,gpt2_surprisal,0,0.4918341117833297
F2bCa1,gpt2_surprisal,1,0.4750269061575917
F2bCa1,local_flow,0,0.5087667053279417
F2bCa1,local_flow,1,0.48531916449850054
F2bCa1,onset,0,0.5243990454571912
F2bCa1,onset,1,0.5251324137128224
F2bCa1,pitch,0,0.46610346593105756
F2bCa1,pitch,1,0.49744522115294193
F2bCa1,speech,0,0.5052506191028494
F2bCa1,speech,1,0.5032705348839639
F2bCa1,volume,0,0.5244819911601517
F2bCa1,volume,1,0.5226063968736612
F2bCa1,word_gap,0,0.5144091616772724
F2bCa1,word_gap,1,0.5395128679351745
F2bCa1,word_head_pos,0,0.4972884862543494
F2bCa1,word_head_pos,1,0.4752776819953398
F2bCa1,word_index,0,0.5074119268750141
F2bCa1,word_index,1,0.5259304453935326
F2bCa1,word_length,0,0.5117028724282415
F2bCa1,word_length,1,0.5107990345130247
F2bCa1,word_part_speech,0,0.5040228567060353
F2bCa1,word_part_speech,1,0.5189102931620991
F2bCa7,delta_volume,0,0.48453549000553797
F2bCa7,delta_volume,1,0.5143360187245959
F2bCa7,face_num,0,0.4688149796767082
F2bCa7,face_num,1,0.4489462190317963
F2bCa7,frame_brightness,0,0.5118439338369748
F2bCa7,frame_brightness,1,0.5269322800748149
F2bCa7,global_flow,0,0.5092682570034377
F2bCa7,global_flow,1,0.47207506556743256
F2bCa7,gpt2_surprisal,0,0.49160423393206065
F2bCa7,gpt2_surprisal,1,0.47540829441083354
F2bCa7,local_flow,0,0.4987461208112599
F2bCa7,local_flow,1,0.44210735295654263
F2bCa7,onset,0,0.49844595774401956
F2bCa7,onset,1,0.46764449100750827
F2bCa7,pitch,0,0.47408649676603665
F2bCa7,pitch,1,0.5259970951798795
F2bCa7,speech,0,0.5046602509848176
F2bCa7,speech,1,0.4854027564444166
F2bCa7,volume,0,0.5025913503233963
F2bCa7,volume,1,0.49061157957430807
F2bCa7,word_gap,0,0.4955957493495502
F2bCa7,word_gap,1,0.48608194100498414
F2bCa7,word_head_pos,0,0.5088764197569564
F2bCa7,word_head_pos,1,0.496081627535187
F2bCa7,word_index,0,0.47119969267620276
F2bCa7,word_index,1,0.5190043612862405
F2bCa7,word_length,0,0.5006217150977503
F2bCa7,word_length,1,0.5271830559125628
F2bCa7,word_part_speech,0,0.4978691281580858
F2bCa7,word_part_speech,1,0.5263540113901312
F2bCa13,delta_volume,0,0.5079098878823025
F2bCa13,delta_volume,1,0.5133381398702235
F2bCa13,face_num,0,0.5022987785126902
F2bCa13,face_num,1,0.520370312320408
F2bCa13,frame_brightness,0,0.5063059674200391
F2bCa13,frame_brightness,1,0.5204643532595634
F2bCa13,global_flow,0,0.525270890149734
F2bCa13,global_flow,1,0.5072777237913126
F2bCa13,gpt2_surprisal,0,0.4948277483464468
F2bCa13,gpt2_surprisal,1,0.4884486379737312
F2bCa13,local_flow,0,0.5302916314013145
F2bCa13,local_flow,1,0.48509973564047104
F2bCa13,onset,0,0.4939118794016646
F2bCa13,onset,1,0.48646178918572835
F2bCa13,pitch,0,0.5049946187684817
F2bCa13,pitch,1,0.5275539951725652
F2bCa13,speech,0,0.4882030866326029
F2bCa13,speech,1,0.49809305873379095
F2bCa13,volume,0,0.48704324838301827
F2bCa13,volume,1,0.5174863901863055
F2bCa13,word_gap,0,0.4985632634295686
F2bCa13,word_gap,1,0.493040970502492
F2bCa13,word_head_pos,0,0.4965257097478658
F2bCa13,word_head_pos,1,0.4671483652550077
F2bCa13,word_index,0,0.4814362868054143
F2bCa13,word_index,1,0.5020111630849886
F2bCa13,word_length,0,0.5220891717083059
F2bCa13,word_length,1,0.5121208321578216
F2bCa13,word_part_speech,0,0.47489775637350456
F2bCa13,word_part_speech,1,0.4471104231166151
F10Fa3,delta_volume,0,0.51718336938236
F10Fa3,delta_volume,1,0.4986625288653438
F10Fa3,face_num,0,0.47495376320491517
F10Fa3,face_num,1,0.4954390144509576
F10Fa3,frame_brightness,0,0.47965058566607105
F10Fa3,frame_brightness,1,0.5324702464917505
F10Fa3,global_flow,0,0.52619562605143
F10Fa3,global_flow,1,0.5220996207015454
F10Fa3,gpt2_surprisal,0,0.5240222354576136
F10Fa3,gpt2_surprisal,1,0.4934955017084104
F10Fa3,local_flow,0,0.5062537224538415
F10Fa3,local_flow,1,0.49197517319206296
F10Fa3,onset,0,0.49553576625341944
F10Fa3,onset,1,0.5242535358826611
F10Fa3,pitch,0,0.49112880473966336
F10Fa3,pitch,1,0.5126119348400782
F10Fa3,speech,0,0.5156473673761532
F10Fa3,speech,1,0.5122253220902167
F10Fa3,volume,0,0.5050364147414397
F10Fa3,volume,1,0.48809337220358817
F10Fa3,word_gap,0,0.520976353928299
F10Fa3,word_gap,1,0.5228467237181698
F10Fa3,word_head_pos,0,0.5084166640544183
F10Fa3,word_head_pos,1,0.4785482168793036
F10Fa3,word_index,0,0.5059769959098819
F10Fa3,word_index,1,0.5082028337061895
F10Fa3,word_length,0,0.5267128512167852
F10Fa3,word_length,1,0.5059977221194738
F10Fa3,word_part_speech,0,0.5032488628979856
F10Fa3,word_part_speech,1,0.4907120743034056
F10Fa12,delta_volume,0,0.5021995130769151
F10Fa12,delta_volume,1,0.5152398566398128
F10Fa12,face_num,0,0.5280137508751033
F10Fa12,face_num,1,0.4956950147853254
F10Fa12,frame_brightness,0,0.48242479337115873
F10Fa12,frame_brightness,1,0.5223869680156317
F10Fa12,global_flow,0,0.5245969300857862
F10Fa12,global_flow,1,0.507105315402861
F10Fa12,gpt2_surprisal,0,0.5075755200986385
F10Fa12,gpt2_surprisal,1,0.45929594683552233
F10Fa12,local_flow,0,0.4710040437603837
F10Fa12,local_flow,1,0.5040698828667858
F10Fa12,onset,0,0.5112333391537164
F10Fa12,onset,1,0.5452942203596997
F10Fa12,pitch,0,0.5040280868938278
F10Fa12,pitch,1,0.4883650460278152
F10Fa12,speech,0,0.5246387260587442
F10Fa12,speech,1,0.49586742317377724
F10Fa12,volume,0,0.46695505888007693
F10Fa12,volume,1,0.4871320648255541
F10Fa12,word_gap,0,0.5027271872355099
F10Fa12,word_gap,1,0.49517778961997017
F10Fa12,word_head_pos,0,0.5172094918654588
F10Fa12,word_head_pos,1,0.5315089391137164
F10Fa12,word_index,0,0.5179422863986622
F10Fa12,word_index,1,0.5412514405802997
F10Fa12,word_length,0,0.5192522700437813
F10Fa12,word_length,1,0.5276637096015799
F10Fa12,word_part_speech,0,0.4703589037954363
F10Fa12,word_part_speech,1,0.47508886595573907
T2bH6,delta_volume,0,0.5088398482806182
T2bH6,delta_volume,1,0.5162429599908049
T2bH6,face_num,0,0.4892897819295111
T2bH6,face_num,1,0.4980564872574528
T2bH6,frame_brightness,0,0.49006300742923414
T2bH6,frame_brightness,1,0.46068043843975637
T2bH6,global_flow,0,0.4762128668902751
T2bH6,global_flow,1,0.4987931412808376
T2bH6,gpt2_surprisal,0,0.5023823704586063
T2bH6,gpt2_surprisal,1,0.4879523107948549
T2bH6,local_flow,0,0.5279667304055256
T2bH6,local_flow,1,0.48263377323594875
T2bH6,onset,0,0.5140969675804667
T2bH6,onset,1,0.49403410744426984
T2bH6,pitch,0,0.525422400551707
T2bH6,pitch,1,0.4928215416444625
T2bH6,speech,0,0.5018337983135325
T2bH6,speech,1,0.48003719841593273
T2bH6,volume,0,0.513118711012194
T2bH6,volume,1,0.4965727302174435
T2bH6,word_gap,0,0.511483443570212
T2bH6,word_gap,1,0.504210944275519
T2bH6,word_head_pos,0,0.5203650878237882
T2bH6,word_head_pos,1,0.4939291349278497
T2bH6,word_index,0,0.5192642306736267
T2bH6,word_index,1,0.4969267620274332
T2bH6,word_length,0,0.49008390541571323
T2bH6,word_length,1,0.4811082202229815
T2bH6,word_part_speech,0,0.4798379390742652
T2bH6,word_part_speech,1,0.48454879027634445
T2bH12,delta_volume,0,0.490256313804165
T2bH12,delta_volume,1,0.48972863964557023
T2bH12,face_num,0,0.5031346979718504
T2bH12,face_num,1,0.4944097886168668
T2bH12,frame_brightness,0,0.4948329728430666
T2bH12,frame_brightness,1,0.5383582541822096
T2bH12,global_flow,0,0.5106736465941507
T2bH12,global_flow,1,0.5208039455398472
T2bH12,gpt2_surprisal,0,0.4651996280158407
T2bH12,gpt2_surprisal,1,0.47756601151479056
T2bH12,local_flow,0,0.5145867945623439
T2bH12,local_flow,1,0.492309540975727
T2bH12,onset,0,0.4601827600256097
T2bH12,onset,1,0.46920435364646995
T2bH12,pitch,0,0.4930618684889711
T2bH12,pitch,1,0.4986102838991463
T2bH12,speech,0,0.4692486128961474
T2bH12,speech,1,0.46905008202459686
T2bH12,volume,0,0.48511540913033036
T2bH12,volume,1,0.5182178197130707
T2bH12,word_gap,0,0.494237380228415
T2bH12,word_gap,1,0.4998484895980272
T2bH12,word_head_pos,0,0.5025025338808606
T2bH12,word_head_pos,1,0.5385620095503798
T2bH12,word_index,0,0.481074729396877
T2bH12,word_index,1,0.5134002214539126
T2bH12,word_length,0,0.49520391210306897
T2bH12,word_length,1,0.4956897902887057
T2bH12,word_part_speech,0,0.47548064059931966
T2bH12,word_part_speech,1,0.4706742346061231
T2aA2,delta_volume,0,0.5201299854758994
T2aA2,delta_volume,1,0.5314775921339978
T2aA2,face_num,0,0.4955591778732119
T2aA2,face_num,1,0.48052307660156945
T2aA2,frame_brightness,0,0.4755336823297075
T2aA2,frame_brightness,1,0.5062223754741231
T2aA2,global_flow,0,0.5090383791521687
T2aA2,global_flow,1,0.5070060499670858
T2aA2,gpt2_surprisal,0,0.5083800925780801
T2aA2,gpt2_surprisal,1,0.4899898644765577
T2aA2,local_flow,0,0.4861394104678014
T2aA2,local_flow,1,0.4689612655820612
T2aA2,onset,0,0.48721843897328443
T2aA2,onset,1,0.5008090332343867
T2aA2,pitch,0,0.4788669111731085
T2aA2,pitch,1,0.4912646416517768
T2aA2,speech,0,0.5110393613575333
T2aA2,speech,1,0.47768095044042513
T2aA2,volume,0,0.5041586993093216
T2aA2,volume,1,0.49212145909741595
T2aA2,word_gap,0,0.5029204936104407
T2aA2,word_gap,1,0.5197224747395588
T2aA2,word_head_pos,0,0.5110236878676739
T2aA2,word_head_pos,1,0.4883128010616177
T2aA2,word_index,0,0.47099631663390057
T2aA2,word_index,1,0.49387612139289994
T2aA2,word_length,0,0.4923826839284035
T2aA2,word_length,1,0.5070635194299029
T2aA2,word_part_speech,0,0.45208882773382253
T2aA2,word_part_speech,1,0.45808966861598444
T2aA10,delta_volume,0,0.5307722850903316
T2aA10,delta_volume,1,0.5248268079370553
T2aA10,face_num,0,0.5169534915310909
T2aA10,face_num,1,0.4851885520830068
T2aA10,frame_brightness,0,0.46789024377501226
T2aA10,frame_brightness,1,0.4718922081857413
T2aA10,global_flow,0,0.5299886105973689
T2aA10,global_flow,1,0.5144979781198081
T2aA10,gpt2_surprisal,0,0.5077844999634286
T2aA10,gpt2_surprisal,1,0.5245812565959269
T2aA10,local_flow,0,0.4793893608350836
T2aA10,local_flow,1,0.4707375944327764
T2aA10,onset,0,0.522478319073395
T2aA10,onset,1,0.4989406902974216
T2aA10,pitch,0,0.48034544371649796
T2aA10,pitch,1,0.5084793580138554
T2aA10,speech,0,0.5052088231298915
T2aA10,speech,1,0.4898122315914862
T2aA10,volume,0,0.5214256606375975
T2aA10,volume,1,0.5206263126547758
T2aA10,word_gap,0,0.5258978297441042
T2aA10,word_gap,1,0.5161071230786914
T2aA10,word_head_pos,0,0.46685056894768195
T2aA10,word_head_pos,1,0.4835480601444051
T2aA10,word_index,0,0.5090163378753982
T2aA10,word_index,1,0.4990961064786568
T2aA10,word_length,0,0.46437415754992006
T2aA10,word_length,1,0.5052976395724272
T2aA10,word_part_speech,0,0.4823796965179834
T2aA10,word_part_speech,1,0.45829988915644226
T1cIf2,delta_volume,0,0.5277734240305947
T1cIf2,delta_volume,1,0.5065044982915896
T1cIf2,face_num,0,0.4831562228979238
T1cIf2,face_num,1,0.479378911841844
T1cIf2,frame_brightness,0,0.5049058023259458
T1cIf2,frame_brightness,1,0.5060865385620095
T1cIf2,global_flow,0,0.511796913367397
T1cIf2,global_flow,1,0.5078628674127248
T1cIf2,gpt2_surprisal,0,0.5015830224757845
T1cIf2,gpt2_surprisal,1,0.5105900546482347
T1cIf2,local_flow,0,0.49880881477069683
T1cIf2,local_flow,1,0.4770069903764773
T1cIf2,onset,0,0.5455910598917408
T1cIf2,onset,1,0.535126011291543
T1cIf2,pitch,0,0.4813955675370678
T1cIf2,pitch,1,0.49403884935686443
T1cIf2,speech,0,0.5025861258267765
T1cIf2,speech,1,0.49028504853557364
T1cIf2,volume,0,0.4778899303052151
T1cIf2,volume,1,0.495872647670397
T1cIf2,word_gap,0,0.5176326760916585
T1cIf2,word_gap,1,0.5284160371148241
T1cIf2,word_head_pos,0,0.4848594087959625
T1cIf2,word_head_pos,1,0.4913769683291015
T1cIf2,word_index,0,0.533703929677084
T1cIf2,word_index,1,0.5462228549476872
T1cIf2,word_length,0,0.5241737458595864
T1cIf2,word_length,1,0.5387866629050291
T1cIf2,word_part_speech,0,0.4525761571685204
T1cIf2,word_part_speech,1,0.49926422810839743
T1cIf8,delta_volume,0,0.5622864487006678
T1cIf8,delta_volume,1,0.5907286082985904
T1cIf8,face_num,0,0.5065828657408858
T1cIf8,face_num,1,0.4964107708222313
T1cIf8,frame_brightness,0,0.49616521948110304
T1cIf8,frame_brightness,1,0.48633010459442233
T1cIf8,global_flow,0,0.4895614557537382
T1cIf8,global_flow,1,0.46713791626176815
T1cIf8,gpt2_surprisal,0,0.5299729371075097
T1cIf8,gpt2_surprisal,1,0.5450142628757719
T1cIf8,local_flow,0,0.4908466819221968
T1cIf8,local_flow,1,0.4970795063895594
T1cIf8,onset,0,0.6291193760549445
T1cIf8,onset,1,0.6423782084861184
T1cIf8,pitch,0,0.5023040030093101
T1cIf8,pitch,1,0.47966625915593036
T1cIf8,speech,0,0.5486818595028369
T1cIf8,speech,1,0.5070844174163819
T1cIf8,volume,0,0.4915258664827643
T1cIf8,volume,1,0.494676237944474
T1cIf8,word_gap,0,0.5320313887756914
T1cIf8,word_gap,1,0.5507925561372161
T1cIf8,word_head_pos,0,0.5111856472628862
T1cIf8,word_head_pos,1,0.5056685788324295
T1cIf8,word_index,0,0.627132623776919
T1cIf8,word_index,1,0.6096309854699116
T1cIf8,word_length,0,0.4868447175114678
T1cIf8,word_length,1,0.5118857298099329
T1cIf8,word_part_speech,0,0.5059721744448267
T1cIf8,word_part_speech,1,0.5151836563085274
T1bId2,delta_volume,0,0.5815805147174069
T1bId2,delta_volume,1,0.607018588758973
T1bId2,face_num,0,0.536524455868677
T1bId2,face_num,1,0.522737009289155
T1bId2,frame_brightness,0,0.4905123141385328
T1bId2,frame_brightness,1,0.498490120476892
T1bId2,global_flow,0,0.4907474164864215
T1bId2,global_flow,1,0.48360552960722236
T1bId2,gpt2_surprisal,0,0.49019884434134775
T1bId2,gpt2_surprisal,1,0.5547683980648465
T1bId2,local_flow,0,0.4832946720583472
T1bId2,local_flow,1,0.43811061304243337
T1bId2,onset,0,0.5892439322507421
T1bId2,onset,1,0.6048425586403585
T1bId2,pitch,0,0.5192365965539221
T1bId2,pitch,1,0.5179879418618016
T1bId2,speech,0,0.5321620011911852
T1bId2,speech,1,0.5107676875333061
T1bId2,volume,0,0.5335464927954191
T1bId2,volume,1,0.4921266835940357
T1bId2,word_gap,0,0.5393665820298215
T1bId2,word_gap,1,0.5312320407928697
T1bId2,word_head_pos,0,0.4757583356843568
T1bId2,word_head_pos,1,0.4842376936982121
T1bId2,word_index,0,0.5934399927688518
T1bId2,word_index,1,0.5906718188597383
T1bId2,word_length,0,0.49526660606250594
T1bId2,word_length,1,0.5347533515145816
T1bId2,word_part_speech,0,0.4849501203990368
T1bId2,word_part_speech,1,0.4781275083132669
T1bId8,delta_volume,0,0.538577683040239
T1bId8,delta_volume,1,0.5464092034732454
T1bId8,face_num,0,0.5269479535646739
T1bId8,face_num,1,0.496481301526598
T1bId8,frame_brightness,0,0.509994462033583
T1bId8,frame_brightness,1,0.5155324284505188
T1bId8,global_flow,0,0.5174550432065871
T1bId8,global_flow,1,0.4748440487759004
T1bId8,gpt2_surprisal,0,0.4867663500621715
T1bId8,gpt2_surprisal,1,0.48096193431762846
T1bId8,local_flow,0,0.4976489765211122
T1bId8,local_flow,1,0.48994806850359973
T1bId8,onset,0,0.5374192421861359
T1bId8,onset,1,0.562458529771259
T1bId8,pitch,0,0.49727803726110986
T1bId8,pitch,1,0.495768157738002
T1bId8,speech,0,0.48881435273711377
T1bId8,speech,1,0.49664587317012
T1bId8,volume,0,0.4971630983354754
T1bId8,volume,1,0.5047751899104521
T1bId8,word_gap,0,0.5401763790058828
T1bId8,word_gap,1,0.5166138992508071
T1bId8,word_head_pos,0,0.49384031848531396
T1bId8,word_head_pos,1,0.494634441971516
T1bId8,word_index,0,0.5412175445732492
T1bId8,word_index,1,0.5407091044674938
T1bId8,word_length,0,0.4872417792545688
T1bId8,word_length,1,0.5121887506138785
T1bId8,word_part_speech,0,0.465026946451095
T1bId8,word_part_speech,1,0.47168711539196573
T1aIa5,delta_volume,0,0.5493349215803057
T1aIa5,delta_volume,1,0.5395233169284139
T1aIa5,face_num,0,0.5132754459107864
T1aIa5,face_num,1,0.5001776328850716
T1aIa5,frame_brightness,0,0.4917505198374137
T1aIa5,frame_brightness,1,0.4744678850192784
T1aIa5,global_flow,0,0.5029675140800184
T1aIa5,global_flow,1,0.4901883953481082
T1aIa5,gpt2_surprisal,0,0.5111177288068295
T1aIa5,gpt2_surprisal,1,0.5162377354941852
T1aIa5,local_flow,0,0.5498991672152388
T1aIa5,local_flow,1,0.4859199816097719
T1aIa5,onset,0,0.543763459635644
T1aIa5,onset,1,0.5487107851696642
T1aIa5,pitch,0,0.4741073947525156
T1aIa5,pitch,1,0.48809859670020794
T1aIa5,speech,0,0.5250148898153664
T1aIa5,speech,1,0.5054125784980618
T1aIa5,volume,0,0.502178615090436
T1aIa5,volume,1,0.5017658798574758
T1aIa5,word_gap,0,0.522904193180987
T1aIa5,word_gap,1,0.4939866043906669
T1aIa5,word_head_pos,0,0.499874612081126
T1aIa5,word_head_pos,1,0.47320878133391847
T1aIa5,word_index,0,0.5369466476849026
T1aIa5,word_index,1,0.5321786093598174
T1aIa5,word_length,0,0.5026749422693123
T1aIa5,word_length,1,0.499665632216336
T1aIa5,word_part_speech,0,0.4583858884684478
T1aIa5,word_part_speech,1,0.492384283147957
P2cCc1,delta_volume,0,0.5179722683719423
P2cCc1,delta_volume,1,0.4987017125899919
P2cCc1,face_num,0,0.5112326677324639
P2cCc1,face_num,1,0.5193149640032183
P2cCc1,frame_brightness,0,0.5302916314013145
P2cCc1,frame_brightness,1,0.5256052579333981
P2cCc1,global_flow,0,0.5074135607034262
P2cCc1,global_flow,1,0.48484373530610325
P2cCc1,gpt2_surprisal,0,0.48941516984838507
P2cCc1,gpt2_surprisal,1,0.4967346896126558
P2cCc1,local_flow,0,0.5106318506211927
P2cCc1,local_flow,1,0.49111313124980405
P2cCc1,onset,0,0.5080204877480938
P2cCc1,onset,1,0.5222571445201094
P2cCc1,pitch,0,0.4821060990773539
P2cCc1,pitch,1,0.5027271872355099
P2cCc1,speech,0,0.47934756486212554
P2cCc1,speech,1,0.5009195114050762
P2cCc1,volume,0,0.47122869711503296
P2cCc1,volume,1,0.4864372067751272
P2cCc1,word_gap,0,0.5378201310303753
P2cCc1,word_gap,1,0.484786265843286
P2cCc1,word_head_pos,0,0.47275425012800015
P2cCc1,word_head_pos,1,0.4458010720667064
P2cCc1,word_index,0,0.5130160667073418
P2cCc1,word_index,1,0.5443585745599169
P2cCc1,word_length,0,0.4992006520171781
P2cCc1,word_length,1,0.4991849785273189
P2cCc1,word_part_speech,0,0.498174903489661
P2cCc1,word_part_speech,1,0.4497286243932271
P2cCc8,delta_volume,0,0.5201038629928006
P2cCc8,delta_volume,1,0.5450612833453496
P2cCc8,face_num,0,0.5264725243722768
P2cCc8,face_num,1,0.4980878342371712
P2cCc8,frame_brightness,0,0.4804812806286114
P2cCc8,frame_brightness,1,0.4870589218728775
P2cCc8,global_flow,0,0.5177815742453215
P2cCc8,global_flow,1,0.4896319864581048
P2cCc8,gpt2_surprisal,0,0.507460581173004
P2cCc8,gpt2_surprisal,1,0.5208405170161855
P2cCc8,local_flow,0,0.4784437269469087
P2cCc8,local_flow,1,0.4788198907035307
P2cCc8,onset,0,0.5221523776264478
P2cCc8,onset,1,0.5112391595366975
P2cCc8,pitch,0,0.4959666886095525
P2cCc8,pitch,1,0.4562605142994473
P2cCc8,speech,0,0.5261590545750917
P2cCc8,speech,1,0.5063529878896168
P2cCc8,volume,0,0.5146965089913588
P2cCc8,volume,1,0.4781616041294421
P2cCc8,word_gap,0,0.5128365881947274
P2cCc8,word_gap,1,0.503291432870443
P2cCc8,word_head_pos,0,0.46736256961641753
P2cCc8,word_head_pos,1,0.444991275090645
P2cCc8,word_index,0,0.5252864212595756
P2cCc8,word_index,1,0.5270829096332451
P2cCc8,word_length,0,0.4806798115001619
P2cCc8,word_length,1,0.4905488856148711
P2cCc8,word_part_speech,0,0.5018919848641211
P2cCc8,word_part_speech,1,0.5006593280587088
P2cCc14,delta_volume,0,0.5339017585655622
P2cCc14,delta_volume,1,0.5582008923440226
P2cCc14,face_num,0,0.5125335673907818
P2cCc14,face_num,1,0.48730447321400583
P2cCc14,frame_brightness,0,0.4855490423497696
P2cCc14,frame_brightness,1,0.5365192313720573
P2cCc14,global_flow,0,0.5039183724648131
P2cCc14,global_flow,1,0.5175804311254611
P2cCc14,gpt2_surprisal,0,0.5143987126840328
P2cCc14,gpt2_surprisal,1,0.5081136432504729
P2cCc14,local_flow,0,0.4888718221999311
P2cCc14,local_flow,1,0.4797916470748044
P2cCc14,onset,0,0.5052441650660613
P2cCc14,onset,1,0.5047494325126594
P2cCc14,pitch,0,0.48529826651202157
P2cCc14,pitch,1,0.490674273533745
P2cCc14,speech,0,0.5045191895760843
P2cCc14,speech,1,0.4594161102577766
P2cCc14,volume,0,0.5119484237693698
P2cCc14,volume,1,0.4821740175334106
P2cCc14,word_gap,0,0.48758137153485265
P2cCc14,word_gap,1,0.5083748680814604
P2cCc14,word_head_pos,0,0.5035735556879095
P2cCc14,word_head_pos,1,0.4872261057647096
P2cCc14,word_index,0,0.47937992904435855
P2cCc14,word_index,1,0.4837751112918899
P2cCc14,word_length,0,0.47947295278099955
P2cCc14,word_length,1,0.48081042391565576
P2cCc14,word_part_speech,0,0.4776019569621221
P2cCc14,word_part_speech,1,0.49378893857738027
P2aIe5,delta_volume,0,0.5018546963000114
P2aIe5,delta_volume,1,0.520704680104072
P2aIe5,face_num,0,0.49519868760644925
P2aIe5,face_num,1,0.5043624546774919
P2aIe5,frame_brightness,0,0.49855281443632904
P2aIe5,frame_brightness,1,0.5313835511948424
P2aIe5,global_flow,0,0.534345840778241
P2aIe5,global_flow,1,0.5124708734313449
P2aIe5,gpt2_surprisal,0,0.49846399799379326
P2aIe5,gpt2_surprisal,1,0.5210547213775953
P2aIe5,local_flow,0,0.513432180809379
P2aIe5,local_flow,1,0.5150256522784029
P2aIe5,onset,0,0.49901635527617716
P2aIe5,onset,1,0.48686921599441246
P2aIe5,pitch,0,0.4575039444949479
P2aIe5,pitch,1,0.46141709246314117
P2aIe5,speech,0,0.4977116704805492
P2aIe5,speech,1,0.473490904151385
P2aIe5,volume,0,0.5147017334879784
P2aIe5,volume,1,0.4914422745368484
P2aIe5,word_gap,0,0.49938873389548916
P2aIe5,word_gap,1,0.5103915237766842
P2aIe5,word_head_pos,0,0.5208823129891436
P2aIe5,word_head_pos,1,0.46466672936062614
P2aIe5,word_index,0,0.5021015524371228
P2aIe5,word_index,1,0.5070503694664769
P2aIe5,word_length,0,0.5076956835208928
P2aIe5,word_length,1,0.4767509900421094
P2aIe5,word_part_speech,0,0.43876848985208117
P2aIe5,word_part_speech,1,0.458825440507587
P2aIe11,delta_volume,0,0.5283899146317252
P2aIe11,delta_volume,1,0.5501551675496066
P2aIe11,face_num,0,0.48787916784217844
P2aIe11,face_num,1,0.4880881477069685
P2aIe11,frame_brightness,0,0.4742693541477279
P2aIe11,frame_brightness,1,0.486693207109495
P2aIe11,global_flow,0,0.5165930012643283
P2aIe11,global_flow,1,0.4870119014032998
P2aIe11,gpt2_surprisal,0,0.49365223660700286
P2aIe11,gpt2_surprisal,1,0.4840548363165209
P2aIe11,local_flow,0,0.48050740311171025
P2aIe11,local_flow,1,0.4796035651964934
P2aIe11,onset,0,0.5268901693731447
P2aIe11,onset,1,0.5315697572900298
P2aIe11,pitch,0,0.4773256846702821
P2aIe11,pitch,1,0.4819754866618602
P2aIe11,speech,0,0.5021524926073373
P2aIe11,speech,1,0.4744678850192785
P2aIe11,volume,0,0.49054888561487103
P2aIe11,volume,1,0.490423497695997
P2aIe11,word_gap,0,0.5058514362141208
P2aIe11,word_gap,1,0.5117080969248613
P2aIe11,word_head_pos,0,0.49172962185093466
P2aIe11,word_head_pos,1,0.4811839754239679
P2aIe11,word_index,0,0.49728831943597046
P2aIe11,word_index,1,0.5240774636747791
P2aIe11,word_length,0,0.5118334848437354
P2aIe11,word_length,1,0.5099474415640053
P2aIe11,word_part_speech,0,0.4739326529832206
P2aIe11,word_part_speech,1,0.48187325612506215
F3cIc5,delta_volume,0,0.5332904924610513
F3cIc5,delta_volume,1,0.5241841948528259
F3cIc5,face_num,0,0.5041325768262228
F3cIc5,face_num,1,0.49748179262928016
F3cIc5,frame_brightness,0,0.4663019968026081
F3cIc5,frame_brightness,1,0.49699068994702367
F3cIc5,global_flow,0,0.5331807780320367
F3cIc5,global_flow,1,0.536148292112055
F3cIc5,gpt2_surprisal,0,0.4972205677982926
F3cIc5,gpt2_surprisal,1,0.4700270628924903
F3cIc5,local_flow,0,0.5304744887830057
F3cIc5,local_flow,1,0.505825313731022
F3cIc5,onset,0,0.5063558582154706
F3cIc5,onset,1,0.5059949944706361
F3cIc5,pitch,0,0.48654692120414195
F3cIc5,pitch,1,0.49506285069433553
F3cIc5,speech,0,0.47946250378776
F3cIc5,speech,1,0.5008986134185971
F3cIc5,volume,0,0.524873828406633
F3cIc5,volume,1,0.5245655831060677
F3cIc5,word_gap,0,0.4978579563859022
F3cIc5,word_gap,1,0.5206263126547757
F3cIc5,word_head_pos,0,0.4975235886022382
F3cIc5,word_head_pos,1,0.5194403519220923
F3cIc5,word_index,0,0.481317650780738
F3cIc5,word_index,1,0.5296138114930061
F3cIc5,word_length,0,0.4702203692674211
F3cIc5,word_length,1,0.5036153516608675
F3cIc5,word_part_speech,0,0.46359362458433667
F3cIc5,word_part_speech,1,0.48045904521652716
F3bIb1,delta_volume,0,0.4834749171917285
F3bIb1,delta_volume,1,0.5153443465722078
F3bIb1,face_num,0,0.5067291516462389
F3bIb1,face_num,1,0.4770278883629563
F3bIb1,frame_brightness,0,0.47782723634577806
F3bIb1,frame_brightness,1,0.5086935623752651
F3bIb1,global_flow,0,0.48078430143255696
F3bIb1,global_flow,1,0.4944724825763038
F3bIb1,gpt2_surprisal,0,0.5049110268225657
F3bIb1,gpt2_surprisal,1,0.5193436987346269
F3bIb1,local_flow,0,0.48060666854748546
F3bIb1,local_flow,1,0.451234548551247
F3bIb1,onset,0,0.502502764681916
F3bIb1,onset,1,0.48843780920784596
F3bIb1,pitch,0,0.4905384366216315
F3bIb1,pitch,1,0.4964055463256115
F3bIb1,speech,0,0.5298997941548332
F3bIb1,speech,1,0.5043154342079141
F3bIb1,volume,0,0.5249312978694503
F3bIb1,volume,1,0.5051513536670742
F3bIb1,word_gap,0,0.48517810308976733
F3bIb1,word_gap,1,0.48447279604610094
F3bIb1,word_head_pos,0,0.5257515438387511
F3bIb1,word_head_pos,1,0.49933126443267195
F3bIb1,word_index,0,0.5501095970894628
F3bIb1,word_index,1,0.5244390210833163
F3bIb1,word_length,0,0.49826546712224284
F3bIb1,word_length,1,0.47359539408378
F3bIb1,word_part_speech,0,0.46487405878530746
F3bIb1,word_part_speech,1,0.4875874326338723
F3bIb7,delta_volume,0,0.5213211707052027
F3bIb7,delta_volume,1,0.5049580472921434
F3bIb7,face_num,0,0.46071178541947483
F3bIb7,face_num,1,0.4833599782660941
F3bIb7,frame_brightness,0,0.5119431992727501
F3bIb7,frame_brightness,1,0.5161018985820717
F3bIb7,global_flow,0,0.5005851436214122
F3bIb7,global_flow,1,0.4811761386790383
F3bIb7,gpt2_surprisal,0,0.4636792994994932
F3bIb7,gpt2_surprisal,1,0.48176128230045034
F3bIb7,local_flow,0,0.5028630241476234
F3bIb7,local_flow,1,0.4695620826933325
F3bIb7,onset,0,0.5374599848670043
F3bIb7,onset,1,0.5477329608288225
F3bIb7,pitch,0,0.49959771376027917
F3bIb7,pitch,1,0.4847914903399059
F3bIb7,speech,0,0.4693113068555844
F3bIb7,speech,1,0.4861759819441397
F3bIb7,volume,0,0.4587317012005893
F3bIb7,volume,1,0.48455638799201695
F3bIb7,word_gap,0,0.4831875698776423
F3bIb7,word_gap,1,0.5243670522345172
F3bIb7,word_head_pos,0,0.4726131887192669
F3bIb7,word_head_pos,1,0.48975998662528863
F3bIb7,word_index,0,0.5797008112444354
F3bIb7,word_index,1,0.5308114704087858
F3bIb7,word_length,0,0.5122357710834562
F3bIb7,word_length,1,0.4928790111072798
F3bIb7,word_part_speech,0,0.4529965982494362
F3bIb7,word_part_speech,1,0.41661888927110813
F3aOFc3,delta_volume,0,0.47892438063592574
F3aOFc3,delta_volume,1,0.5054804969541185
F3aOFc3,face_num,0,0.49478072787686905
F3aOFc3,face_num,1,0.4833416925279249
F3aOFc3,frame_brightness,0,0.541618340072934
F3aOFc3,frame_brightness,1,0.5276532606083404
F3aOFc3,global_flow,0,0.48914872052077785
F3aOFc3,global_flow,1,0.49578905572448095
F3aOFc3,gpt2_surprisal,0,0.48376226450581483
F3aOFc3,gpt2_surprisal,1,0.5059350281600368
F3aOFc3,local_flow,0,0.5114991170600712
F3aOFc3,local_flow,1,0.4765838061502774
F3aOFc3,onset,0,0.4921133810604738
F3aOFc3,onset,1,0.4779989523310634
F3aOFc3,pitch,0,0.4786527068116987
F3aOFc3,pitch,1,0.5013479201278956
F3aOFc3,speech,0,0.49653615874110524
F3aOFc3,speech,1,0.4819702621652404
F3aOFc3,volume,0,0.5324441240086517
F3aOFc3,volume,1,0.49314023593826734
F3aOFc3,word_gap,0,0.5195030458815293
F3aOFc3,word_gap,1,0.5096757677397782
F3aOFc3,word_head_pos,0,0.501844247306772
F3aOFc3,word_head_pos,1,0.4929991745295341
F3aOFc3,word_index,0,0.4926219691320362
F3aOFc3,word_index,1,0.47661175513524506
F3aOFc3,word_length,0,0.5121469546409203
F3aOFc3,word_length,1,0.49917452953407937
F3aOFc3,word_part_speech,0,0.4948018193632229
F3aOFc3,word_part_speech,1,0.48581011351909187
F3aOFc9,delta_volume,0,0.5051879251434124
F3aOFc9,delta_volume,1,0.5140068754375515
F3aOFc9,face_num,0,0.5048143736351003
F3aOFc9,face_num,1,0.5062432734606022
F3aOFc9,frame_brightness,0,0.49344848123883267
F3aOFc9,frame_brightness,1,0.5094354408952697
F3aOFc9,global_flow,0,0.4893368023990889
F3aOFc9,global_flow,1,0.5012852261684586
F3aOFc9,gpt2_surprisal,0,0.5295602018745493
F3aOFc9,gpt2_surprisal,1,0.5030406570326948
F3aOFc9,local_flow,0,0.490548885614871
F3aOFc9,local_flow,1,0.4992476724867559
F3aOFc9,onset,0,0.5098946510680402
F3aOFc9,onset,1,0.4937314475292474
F3aOFc9,pitch,0,0.4886314953554225
F3aOFc9,pitch,1,0.5144927536231884
F3aOFc9,speech,0,0.48839639300753374
F3aOFc9,speech,1,0.4588100686498856
F3aOFc9,volume,0,0.47291098502659273
F3aOFc9,volume,1,0.46258737970596525
F3aOFc9,word_gap,0,0.5076773977827236
F3aOFc9,word_gap,1,0.49803558927097374
F3aOFc9,word_head_pos,0,0.4822889564590452
F3aOFc9,word_head_pos,1,0.45436402202647774
F3aOFc9,word_index,0,0.5080559510089712
F3aOFc9,word_index,1,0.5356698980860055
F3aOFc9,word_length,0,0.47380437394857006
F3aOFc9,word_length,1,0.49015704836838975
F3aOFc9,word_part_speech,0,0.47964682949203075
F3aOFc9,word_part_speech,1,0.4481233039024577
F3aOFc15,delta_volume,0,0.5058200892344022
F3aOFc15,delta_volume,1,0.49093027386811283
F3aOFc15,face_num,0,0.49145272353008784
F3aOFc15,face_num,1,0.48197026216524036
F3aOFc15,frame_brightness,0,0.5005485721450739
F3aOFc15,frame_brightness,1,0.5086778888854059
F3aOFc15,global_flow,0,0.5237662351232459
F3aOFc15,global_flow,1,0.5045818835355214
F3aOFc15,gpt2_surprisal,0,0.5000940409391555
F3aOFc15,gpt2_surprisal,1,0.49618089297096224
F3aOFc15,local_flow,0,0.4870327993897788
F3aOFc15,local_flow,1,0.4827173651818647
F3aOFc15,onset,0,0.4850881788021652
F3aOFc15,onset,1,0.4745532856061928
F3aOFc15,pitch,0,0.4963689748492732
F3aOFc15,pitch,1,0.47742495010605723
F3aOFc15,speech,0,0.4911026822565646
F3aOFc15,speech,1,0.48867329132838055
F3aOFc15,volume,0,0.4986782023552031
F3aOFc15,volume,1,0.5021995130769151
F3aOFc15,word_gap,0,0.5186410039392705
F3aOFc15,word_gap,1,0.5272979948381973
F3aOFc15,word_head_pos,0,0.49726758826787043
F3aOFc15,word_head_pos,1,0.4844675715494812
F3aOFc15,word_index,0,0.4754253948884821
F3aOFc15,word_index,1,0.49113054482181995
F3aOFc15,word_length,0,0.52263251935676
F3aOFc15,word_length,1,0.5221988861373207
F3aOFc15,word_part_speech,0,0.44639376218323584
F3aOFc15,word_part_speech,1,0.4837747964682949
P2bIg6,delta_volume,0,0.5651390238550517
P2bIg6,delta_volume,1,0.5488333699048097
P2bIg6,face_num,0,0.5068127435921549
P2bIg6,face_num,1,0.5098063801552721
P2bIg6,frame_brightness,0,0.4994566523515459
P2bIg6,frame_brightness,1,0.5227161113026759
P2bIg6,global_flow,0,0.5045975570253806
P2bIg6,global_flow,1,0.5069799274839869
P2bIg6,gpt2_surprisal,0,0.5179618193787029
P2bIg6,gpt2_surprisal,1,0.5192000250775838
P2bIg6,local_flow,0,0.5038191070290378
P2bIg6,local_flow,1,0.5060708650721503
P2bIg6,onset,0,0.5017344741283977
P2bIg6,onset,1,0.5086083464291951
P2bIg6,pitch,0,0.45881529314650527
P2bIg6,pitch,1,0.4671170182752892
P2bIg6,speech,0,0.5207412515804103
P2bIg6,speech,1,0.49217892856023326
P2bIg6,volume,0,0.5162899804603827
P2bIg6,volume,1,0.4916826013813569
P2bIg6,word_gap,0,0.5020793496546608
P2bIg6,word_gap,1,0.5124604244381055
P2bIg6,word_head_pos,0,0.5144823046299488
P2bIg6,word_head_pos,1,0.4920221936616407
P2bIg6,word_index,0,0.490859376765417
P2bIg6,word_index,1,0.49969493593654674
P2bIg6,word_length,0,0.4709047783246084
P2bIg6,word_length,1,0.4997962446318297
P2bIg6,word_part_speech,0,0.5162825364063754
P2bIg6,word_part_speech,1,0.5122692351794519
P2bIg12,delta_volume,0,0.545536712537747
P2bIg12,delta_volume,1,0.5471510819932499
P2bIg12,face_num,0,0.4804969541184707
P2bIg12,face_num,1,0.48553859335653005
P2bIg12,frame_brightness,0,0.4796192386863525
P2bIg12,frame_brightness,1,0.48271214068524504
P2bIg12,global_flow,0,0.5195761888342058
P2bIg12,global_flow,1,0.5078889898958235
P2bIg12,gpt2_surprisal,0,0.5099369925707657
P2bIg12,gpt2_surprisal,1,0.4904809671588143
P2bIg12,local_flow,0,0.4609573367606031
P2bIg12,local_flow,1,0.4840025913503234
P2bIg12,onset,0,0.5127466387288284
P2bIg12,onset,1,0.5355276177172458
P2bIg12,pitch,0,0.4441031106652874
P2bIg12,pitch,1,0.46301056393216516
P2bIg12,speech,0,0.5137508751031838
P2bIg12,speech,1,0.48884308746852245
P2bIg12,volume,0,0.4924401533912207
P2bIg12,volume,1,0.5015830224757845
P2bIg12,word_gap,0,0.5033854738095984
P2bIg12,word_gap,1,0.520621088158156
P2bIg12,word_head_pos,0,0.5251716247139588
P2bIg12,word_head_pos,1,0.490695171520224
P2bIg12,word_index,0,0.515004632454297
P2bIg12,word_index,1,0.5140894402639369
P2bIg12,word_length,0,0.48636928831907045
P2bIg12,word_length,1,0.48778773915133283
P2bIg12,word_part_speech,0,0.4959580323357413
P2bIg12,word_part_speech,1,0.5058192867790391
F2e6,delta_volume,0,0.5162429599908049
F2e6,delta_volume,1,0.5506096987555249
F2e6,face_num,0,0.4945404010323605
F2e6,face_num,1,0.49707950638955933
F2e6,frame_brightness,0,0.5094458898885093
F2e6,frame_brightness,1,0.5379873149222072
F2e6,global_flow,0,0.4843056121542689
F2e6,global_flow,1,0.50754417311892
F2e6,gpt2_surprisal,0,0.4756329477654828
F2e6,gpt2_surprisal,1,0.49966563221633603
F2e6,local_flow,0,0.5227317847925352
F2e6,local_flow,1,0.4881351681765461
F2e6,onset,0,0.5373610383563239
F2e6,onset,1,0.5452651184447936
F2e6,pitch,0,0.47623898937337383
F2e6,pitch,1,0.48319801887088176
F2e6,speech,0,0.4858886346300534
F2e6,speech,1,0.4481520955455942
F2e6,volume,0,0.5020062067019843
F2e6,volume,1,0.5320261642790718
F2e6,word_gap,0,0.5210860683573137
F2e6,word_gap,1,0.4894987617943011
F2e6,word_head_pos,0,0.5545750916899157
F2e6,word_head_pos,1,0.5051670271569334
F2e6,word_index,0,0.5132081440806273
F2e6,word_index,1,0.5704923959957517
F2e6,word_length,0,0.5186305549460309
F2e6,word_length,1,0.5239490925049372
F2e6,word_part_speech,0,0.5281886633795818
F2e6,word_part_speech,1,0.46187363834422657
F2c4,delta_volume,0,0.5115931579992268
F2c4,delta_volume,1,0.5135053237620555
F2c4,face_num,0,0.48743508562949966
F2c4,face_num,1,0.4884616992152806
F2c4,frame_brightness,0,0.5202579856430832
F2c4,frame_brightness,1,0.5248268079370553
F2c4,global_flow,0,0.5251298287410008
F2c4,global_flow,1,0.47785335882887686
F2c4,gpt2_surprisal,0,0.5153129995924892
F2c4,gpt2_surprisal,1,0.5053812315183432
F2c4,local_flow,0,0.4919594997022037
F2c4,local_flow,1,0.49567411679884643
F2c4,onset,0,0.49906873872300794
F2c4,onset,1,0.49547756242360746
F2c4,pitch,0,0.4579323532177675
F2c4,pitch,1,0.4955278308934934
F2c4,speech,0,0.4919751731920629
F2c4,speech,1,0.45868990522763126
F2c4,volume,0,0.49975967315549147
F2c4,volume,1,0.4878008003928822
F2c4,word_gap,0,0.49555917787321185
F2c4,word_gap,1,0.506180579501165
F2c4,word_head_pos,0,0.5095033593513265
F2c4,word_head_pos,1,0.47664127561309466
F2c4,word_index,0,0.5243712290692156
F2c4,word_index,1,0.5091858179106501
F2c4,word_length,0,0.5037773110560797
F2c4,word_length,1,0.4723702496264485
F2c4,word_part_speech,0,0.48439590261055687
F2c4,word_part_speech,1,0.4747926461032756
F2aOFb2,delta_volume,0,0.5195291683646281
F2aOFb2,delta_volume,1,0.5286145679863744
F2aOFb2,face_num,0,0.47955132023029584
F2aOFb2,face_num,1,0.4980564872574527
F2aOFb2,frame_brightness,0,0.5133799358431814
F2aOFb2,frame_brightness,1,0.5590681587829013
F2aOFb2,global_flow,0,0.5378723759965727
F2aOFb2,global_flow,1,0.5264411773925582
F2aOFb2,gpt2_surprisal,0,0.5102504623679509
F2aOFb2,gpt2_surprisal,1,0.47266020918884466
F2aOFb2,local_flow,0,0.5009926543577526
F2aOFb2,local_flow,1,0.45610900389747455
F2aOFb2,onset,0,0.4868168325475817
F2aOFb2,onset,1,0.5179034980501717
F2aOFb2,pitch,0,0.4746167831729413
F2aOFb2,pitch,1,0.47815115513620265
F2aOFb2,speech,0,0.49848489598027235
F2aOFb2,speech,1,0.454003531759715
F2aOFb2,volume,0,0.49627493391011784
F2aOFb2,volume,1,0.48420634671849366
F2aOFb2,word_gap,0,0.5044564956166473
F2aOFb2,word_gap,1,0.5235206837821176
F2aOFb2,word_head_pos,0,0.5012382056988809
F2aOFb2,word_head_pos,1,0.4767091940691514
F2aOFb2,word_index,0,0.46092920253994085
F2aOFb2,word_index,1,0.5162248887081102
F2aOFb2,word_length,0,0.5104124217631631
F2aOFb2,word_length,1,0.5344973511802139
F2aOFb2,word_part_speech,0,0.4743053166685777
F2aOFb2,word_part_speech,1,0.4720788900355464
F2aOFb8,delta_volume,0,0.5013531446245154
F2aOFb8,delta_volume,1,0.5262374220243881
F2aOFb8,face_num,0,0.49050708964191303
F2aOFb8,face_num,1,0.45146442640251605
F2aOFb8,frame_brightness,0,0.47439996656322164
F2aOFb8,frame_brightness,1,0.4642069736580881
F2aOFb8,global_flow,0,0.5188604327972999
F2aOFb8,global_flow,1,0.506368661379476
F2aOFb8,gpt2_surprisal,0,0.5082390311693469
F2aOFb8,gpt2_surprisal,1,0.5359131897641661
F2aOFb8,local_flow,0,0.47992748398691787
F2aOFb8,local_flow,1,0.47238853536461756
F2aOFb8,onset,0,0.519480821838077
F2aOFb8,onset,1,0.5197660206041558
F2aOFb8,pitch,0,0.4655862407657022
F2aOFb8,pitch,1,0.47572698870463825
F2aOFb8,speech,0,0.47792650178155327
F2aOFb8,speech,1,0.4685589793423404
F2aOFb8,volume,0,0.4588205176431251
F2aOFb8,volume,1,0.47748764406549427
F2aOFb8,word_gap,0,0.5190955351451888
F2aOFb8,word_gap,1,0.5219977430174603
F2aOFb8,word_head_pos,0,0.5074919281527224
F2aOFb8,word_head_pos,1,0.46226346091554077
F2aOFb8,word_index,0,0.5199647481526676
F2aOFb8,word_index,1,0.511400357037941
F2aOFb8,word_length,0,0.5126014858468386
F2aOFb8,word_length,1,0.48583638966385584
F2aOFb8,word_part_speech,0,0.4694989106753813
F2aOFb8,word_part_speech,1,0.48827542712991623
F2aOFb14,delta_volume,0,0.4917818668171322
F2aOFb14,delta_volume,1,0.49920587651379794
F2aOFb14,face_num,0,0.5191373311181467
F2aOFb14,face_num,1,0.5276637096015799
F2aOFb14,frame_brightness,0,0.47412829273899454
F2aOFb14,frame_brightness,1,0.5332748189711921
F2aOFb14,global_flow,0,0.4737364554925133
F2aOFb14,global_flow,1,0.4824613648474969
F2aOFb14,gpt2_surprisal,0,0.5080875207673741
F2aOFb14,gpt2_surprisal,1,0.4837309175260963
F2aOFb14,local_flow,0,0.4812127101553766
F2aOFb14,local_flow,1,0.4709570232908059
F2aOFb14,onset,0,0.5005121937023457
F2aOFb14,onset,1,0.490358535591642
F2aOFb14,pitch,0,0.4963062808898363
F2aOFb14,pitch,1,0.48709549334921587
F2aOFb14,speech,0,0.49663542417688056
F2aOFb14,speech,1,0.5068075190955351
F2aOFb14,volume,0,0.519257494540401
F2aOFb14,volume,1,0.49705860840308036
F2aOFb14,word_gap,0,0.5156943878457311
F2aOFb14,word_gap,1,0.49642644431209054
F2aOFb14,word_head_pos,0,0.5202605978913931
F2aOFb14,word_head_pos,1,0.5124969959144436
F2aOFb14,word_index,0,0.5007570108241248
F2aOFb14,word_index,1,0.49242989175875085
F2aOFb14,word_length,0,0.5252865636395934
F2aOFb14,word_length,1,0.5000208979864791
F2aOFb14,word_part_speech,0,0.46157741849176315
F2aOFb14,word_part_speech,1,0.4793410541604556
F2dCb4,delta_volume,0,0.538661274986155
F2dCb4,delta_volume,1,0.5109714429014764
F2dCb4,face_num,0,0.5044199241403091
F2dCb4,face_num,1,0.523301254924088
F2dCb4,frame_brightness,0,0.43668954996186116
F2dCb4,frame_brightness,1,0.5054648234642592
F2dCb4,global_flow,0,0.4758210296437938
F2dCb4,global_flow,1,0.4280012120832158
F2dCb4,gpt2_surprisal,0,0.5268904841018568
F2dCb4,gpt2_surprisal,1,0.5021106966343792
F2dCb4,local_flow,0,0.47127049308799096
F2dCb4,local_flow,1,0.4606699894465168
F2dCb4,onset,0,0.50232815319248
F2dCb4,onset,1,0.47488504743612125
F2dCb4,pitch,0,0.48108209773988275
F2dCb4,pitch,1,0.4831196514215855
F2dCb4,speech,0,0.5205427207088597
F2dCb4,speech,1,0.46717448773810644
F2dCb4,volume,0,0.5004075107363405
F2dCb4,volume,1,0.5252813391429736
F2dCb4,word_gap,0,0.5133538133600828
F2dCb4,word_gap,1,0.5214831301004148
F2dCb4,word_head_pos,0,0.49313762368995745
F2dCb4,word_head_pos,1,0.490110027898812
F2dCb4,word_index,0,0.4853908209612907
F2dCb4,word_index,1,0.4794364223894425
F2dCb4,word_length,0,0.507606867078357
F2dCb4,word_length,1,0.4965413832377251
F2dCb4,word_part_speech,0,0.467788479914383
F2dCb4,word_part_speech,1,0.48730076826052054
F2dCb10,delta_volume,0,0.5258403602812869
F2dCb10,delta_volume,1,0.5019800842188855
F2dCb10,face_num,0,0.5101564214287952
F2dCb10,face_num,1,0.5233952958632436
F2dCb10,frame_brightness,0,0.4946448909647555
F2dCb10,frame_brightness,1,0.47744062359591655
F2dCb10,global_flow,0,0.49286333761742057
F2dCb10,global_flow,1,0.4645517904349916
F2dCb10,gpt2_surprisal,0,0.4931193379517883
F2dCb10,gpt2_surprisal,1,0.47626511185647263
F2dCb10,local_flow,0,0.49258121479995404
F2dCb10,local_flow,1,0.48337042725933355
F2dCb10,onset,0,0.486479250334672
F2dCb10,onset,1,0.49254990978406377
F2dCb10,pitch,0,0.5027585342152284
F2dCb10,pitch,1,0.5281600367804562
F2dCb10,speech,0,0.49745044564956176
F2dCb10,speech,1,0.47769139943366457
F2dCb10,volume,0,0.5099160945842869
F2dCb10,volume,1,0.5057155993020073
F2dCb10,word_gap,0,0.5205061492325215
F2dCb10,word_gap,1,0.4816463433748159
F2dCb10,word_head_pos,0,0.4673730186096569
F2dCb10,word_head_pos,1,0.47742495010605723
F2dCb10,word_index,0,0.5092197139177005
F2dCb10,word_index,1,0.48857704562402543
F2dCb10,word_length,0,0.4948486463329259
F2dCb10,word_length,1,0.48879867924725456
F2dCb10,word_part_speech,0,0.4727668845315904
F2dCb10,word_part_speech,1,0.46278140885984026
F2bCa2,delta_volume,0,0.5407876451103937
F2bCa2,delta_volume,1,0.5333218394407698
F2bCa2,face_num,0,0.4899689664900787
F2bCa2,face_num,1,0.5029831875698776
F2bCa2,frame_brightness,0,0.4801103413686092
F2bCa2,frame_brightness,1,0.47827131855845695
F2bCa2,global_flow,0,0.48447279604610094
F2bCa2,global_flow,1,0.45817790455889573
F2bCa2,gpt2_surprisal,0,0.5096966657262573
F2bCa2,gpt2_surprisal,1,0.5130246700730385
F2bCa2,local_flow,0,0.5004440822126788
F2bCa2,local_flow,1,0.4676133454541655
F2bCa2,onset,0,0.4963389791048251
F2bCa2,onset,1,0.48466911122751877
F2bCa2,pitch,0,0.4864581047616062
F2bCa2,pitch,1,0.4913012131281151
F2bCa2,speech,0,0.4421961693990784
F2bCa2,speech,1,0.4557746361138104
F2bCa2,volume,0,0.4667460790152869
F2bCa2,volume,1,0.47505825313731026
F2bCa2,word_gap,0,0.5015568999926857
F2bCa2,word_gap,1,0.504717720447635
F2bCa2,word_head_pos,0,0.5170057364972884
F2bCa2,word_head_pos,1,0.5025600033436779
F2bCa2,word_index,0,0.48719860800397713
F2bCa2,word_index,1,0.5394323548685964
F2bCa2,word_length,0,0.5138083445660011
F2bCa2,word_length,1,0.533489023332602
F2bCa2,word_part_speech,0,0.5139032221075565
F2bCa2,word_part_speech,1,0.49983755685510073
F2bCa8,delta_volume,0,0.5255373394773414
F2bCa8,delta_volume,1,0.5136986301369862
F2bCa8,face_num,0,0.4431313542940138
F2bCa8,face_num,1,0.4451898059621956
F2bCa8,frame_brightness,0,0.5092734815000575
F2bCa8,frame_brightness,1,0.5130037720865595
F2bCa8,global_flow,0,0.5029048201205815
F2bCa8,global_flow,1,0.49647868927828803
F2bCa8,gpt2_surprisal,0,0.4909616208478313
F2bCa8,gpt2_surprisal,1,0.4907839879627598
F2bCa8,local_flow,0,0.48945174132472336
F2bCa8,local_flow,1,0.48584161416047555
F2bCa8,onset,0,0.49663290844537566
F2bCa8,onset,1,0.48305104475874516
F2bCa8,pitch,0,0.5135000992654357
F2bCa8,pitch,1,0.50963919626344
F2bCa8,speech,0,0.4715735138919365
F2bCa8,speech,1,0.44336645664190255
F2bCa8,volume,0,0.4911914986991004
F2bCa8,volume,1,0.5032130654211466
F2bCa8,word_gap,0,0.46930608235896476
F2bCa8,word_gap,1,0.5073247442608905
F2bCa8,word_head_pos,0,0.5035526577014304
F2bCa8,word_head_pos,1,0.501530777509587
F2bCa8,word_index,0,0.4739000745712155
F2bCa8,word_index,1,0.5114568503830249
F2bCa8,word_length,0,0.5359445367438846
F2bCa8,word_length,1,0.5159085922071409
F2bCa8,word_part_speech,0,0.4929098344991018
F2bCa8,word_part_speech,1,0.5130527844666132
F2bCa14,delta_volume,0,0.5277943220170735
F2bCa14,delta_volume,1,0.5084584600273763
F2bCa14,face_num,0,0.5082233576794876
F2bCa14,face_num,1,0.4958256272008192
F2bCa14,frame_brightness,0,0.5370364565374126
F2bCa14,frame_brightness,1,0.5582479128136004
F2bCa14,global_flow,0,0.5222772535866169
F2bCa14,global_flow,1,0.49929991745295343
F2bCa14,gpt2_surprisal,0,0.5114520965904935
F2bCa14,gpt2_surprisal,1,0.4774197256094375
F2bCa14,local_flow,0,0.5207934965466078
F2bCa14,local_flow,1,0.47747719507225483
F2bCa14,onset,0,0.4698329550084396
F2bCa14,onset,1,0.5084279145567778
F2bCa14,pitch,0,0.5008254704659206
F2bCa14,pitch,1,0.5139598549679738
F2bCa14,speech,0,0.5039079234715735
F2bCa14,speech,1,0.5060029466160936
F2bCa14,volume,0,0.524664848541843
F2bCa14,volume,1,0.5229303156640857
F2bCa14,word_gap,0,0.4972153433016729
F2bCa14,word_gap,1,0.5228258257316908
F2bCa14,word_head_pos,0,0.5069903764772263
F2bCa14,word_head_pos,1,0.5130925885290952
F2bCa14,word_index,0,0.5073667321989469
F2bCa14,word_index,1,0.536878855670802
F2bCa14,word_length,0,0.5170214099871477
F2bCa14,word_length,1,0.4924244799013615
F2bCa14,word_part_speech,0,0.46794136758017046
F2bCa14,word_part_speech,1,0.47912127814088595
F10Fa4,delta_volume,0,0.5089077667366749
F10Fa4,delta_volume,1,0.5262635445074867
F10Fa4,face_num,0,0.48724700375118857
F10Fa4,face_num,1,0.48364210108356054
F10Fa4,frame_brightness,0,0.5001358369121135
F10Fa4,frame_brightness,1,0.5472921434019833
F10Fa4,global_flow,0,0.517350553274192
F10Fa4,global_flow,1,0.5161907150246073
F10Fa4,gpt2_surprisal,0,0.5242782357919815
F10Fa4,gpt2_surprisal,1,0.5046550264881979
F10Fa4,local_flow,0,0.5070635194299029
F10Fa4,local_flow,1,0.48337042725933355
F10Fa4,onset,0,0.5017984983411908
F10Fa4,onset,1,0.507240556428613
F10Fa4,pitch,0,0.4853923074511771
F10Fa4,pitch,1,0.5136986301369864
F10Fa4,speech,0,0.488370270524435
F10Fa4,speech,1,0.47714282728859075
F10Fa4,volume,0,0.4786056863421209
F10Fa4,volume,1,0.4737364554925133
F10Fa4,word_gap,0,0.49357386915770673
F10Fa4,word_gap,1,0.49400750237714597
F10Fa4,word_head_pos,0,0.5173348797843329
F10Fa4,word_head_pos,1,0.4996917546994347
F10Fa4,word_index,0,0.4935032653153459
F10Fa4,word_index,1,0.5130386640453755
F10Fa4,word_length,0,0.5392568676008067
F10Fa4,word_length,1,0.5007523275132442
F10Fa4,word_part_speech,0,0.5002006650613462
F10Fa4,word_part_speech,1,0.4759297481175706
F10Fa14,delta_volume,0,0.49932603993605207
F10Fa14,delta_volume,1,0.5156003469065755
F10Fa14,face_num,0,0.5062380489639823
F10Fa14,face_num,1,0.5311327753570944
F10Fa14,frame_brightness,0,0.48030103549523
F10Fa14,frame_brightness,1,0.5330449411199231
F10Fa14,global_flow,0,0.5223974170088712
F10Fa14,global_flow,1,0.5013270221414167
F10Fa14,gpt2_surprisal,0,0.543525281339143
F10Fa14,gpt2_surprisal,1,0.515276428116151
F10Fa14,local_flow,0,0.5092734815000575
F10Fa14,local_flow,1,0.45816223106903653
F10Fa14,onset,0,0.5027297596181829
F10Fa14,onset,1,0.4917757988475642
F10Fa14,pitch,0,0.5076120915749767
F10Fa14,pitch,1,0.5339644525249992
F10Fa14,speech,0,0.49052276313177223
F10Fa14,speech,1,0.4997335506723926
F10Fa14,volume,0,0.5022569825397323
F10Fa14,volume,1,0.5107729120299259
F10Fa14,word_gap,0,0.48421679571173315
F10Fa14,word_gap,1,0.4863954108021693
F10Fa14,word_head_pos,0,0.4996656322163359
F10Fa14,word_head_pos,1,0.48521467456610556
F10Fa14,word_index,0,0.5200664361738188
F10Fa14,word_index,1,0.5422909181298443
F10Fa14,word_length,0,0.5338181666196462
F10Fa14,word_length,1,0.5064365798355329
F10Fa14,word_part_speech,0,0.5065837251079769
F10Fa14,word_part_speech,1,0.4811757061499063
T2bH7,delta_volume,0,0.5069276825177894
T2bH7,delta_volume,1,0.4900368849461354
T2bH7,face_num,0,0.5211278643302718
T2bH7,face_num,1,0.5025495543504384
T2bH7,frame_brightness,0,0.5123193630293721
T2bH7,frame_brightness,1,0.4782086245990199
T2bH7,global_flow,0,0.49309321546868956
T2bH7,global_flow,1,0.4679973459557172
T2bH7,gpt2_surprisal,0,0.49470236042757276
T2bH7,gpt2_surprisal,1,0.4722788209356028
T2bH7,local_flow,0,0.5526890484101857
T2bH7,local_flow,1,0.4770801333291538
T2bH7,onset,0,0.5040335254059718
T2bH7,onset,1,0.4855014259938304
T2bH7,pitch,0,0.5084375620408973
T2bH7,pitch,1,0.4894099453517654
T2bH7,speech,0,0.4925080718472775
T2bH7,speech,1,0.48087311787509274
T2bH7,volume,0,0.5100258090133016
T2bH7,volume,1,0.4984326510140748
T2bH7,word_gap,0,0.5045348630659436
T2bH7,word_gap,1,0.5085890724428701
T2bH7,word_head_pos,0,0.493357052547987
T2bH7,word_head_pos,1,0.5180506358212387
T2bH7,word_index,0,0.5186766998847536
T2bH7,word_index,1,0.5091067272275326
T2bH7,word_length,0,0.4883859440142942
T2bH7,word_length,1,0.510877401962321
T2bH7,word_part_speech,0,0.4713526736230555
T2bH7,word_part_speech,1,0.48589611283109735
T2bH13,delta_volume,0,0.4873932896565416
T2bH13,delta_volume,1,0.49130121312811514
T2bH13,face_num,0,0.49420603324869655
T2bH13,face_num,1,0.4846086329582145
T2bH13,frame_brightness,0,0.4951568916334911
T2bH13,frame_brightness,1,0.5141949573158626
T2bH13,global_flow,0,0.5475429192397312
T2bH13,global_flow,1,0.5003395922802838
T2bH13,gpt2_surprisal,0,0.4718086162398253
T2bH13,gpt2_surprisal,1,0.4976437520244924
T2bH13,local_flow,0,0.49577860673124147
T2bH13,local_flow,1,0.4853191644985006
T2bH13,onset,0,0.4695943193062103
T2bH13,onset,1,0.4991211221698387
T2bH13,pitch,0,0.4876179430111909
T2bH13,pitch,1,0.4879366373049957
T2bH13,speech,0,0.5008306949625404
T2bH13,speech,1,0.4971578738388557
T2bH13,volume,0,0.5004231842261998
T2bH13,volume,1,0.5237139901570484
T2bH13,word_gap,0,0.5282593022162314
T2bH13,word_gap,1,0.48129630210129254
T2bH13,word_head_pos,0,0.5359863327168427
T2bH13,word_head_pos,1,0.522569825397323
T2bH13,word_index,0,0.4631324429982148
T2bH13,word_index,1,0.5133437281088289
T2bH13,word_length,0,0.486839493014848
T2bH13,word_length,1,0.4806589135136829
T2bH13,word_part_speech,0,0.48992852501624434
T2bH13,word_part_speech,1,0.4976780185758514
T2aA3,delta_volume,0,0.5282070572500339
T2aA3,delta_volume,1,0.5235102347888781
T2aA3,face_num,0,0.5017136348912782
T2aA3,face_num,1,0.5226220703635205
T2aA3,frame_brightness,0,0.5085420519732924
T2aA3,frame_brightness,1,0.5093570734459735
T2aA3,global_flow,0,0.48817173965288446
T2aA3,global_flow,1,0.4713018400677095
T2aA3,gpt2_surprisal,0,0.49299395003291435
T2aA3,gpt2_surprisal,1,0.467289426663741
T2aA3,local_flow,0,0.46883065316656747
T2aA3,local_flow,1,0.4643846065431595
T2aA3,onset,0,0.5247657295850068
T2aA3,onset,1,0.48829520982480645
T2aA3,pitch,0,0.4713279625508082
T2aA3,pitch,1,0.5092160120372402
T2aA3,speech,0,0.516154143548269
T2aA3,speech,1,0.47998495344973513
T2aA3,volume,0,0.4953293000219429
T2aA3,volume,1,0.5008306949625403
T2aA3,word_gap,0,0.5066664576868019
T2aA3,word_gap,1,0.5000783674492962
T2aA3,word_head_pos,0,0.5121939751104981
T2aA3,word_head_pos,1,0.481181363175658
T2aA3,word_index,0,0.48852055227894153
T2aA3,word_index,1,0.46936930829548273
T2aA3,word_length,0,0.46658150737176474
T2aA3,word_length,1,0.48207997659425517
T2aA3,word_part_speech,0,0.49308183312311277
T2aA3,word_part_speech,1,0.46653671215074727
T2aA11,delta_volume,0,0.5399517256512335
T2aA11,delta_volume,1,0.5446851195887277
T2aA11,face_num,0,0.5288601193275028
T2aA11,face_num,1,0.4737364554925133
T2aA11,frame_brightness,0,0.49448293156954326
T2aA11,frame_brightness,1,0.48605059402526574
T2aA11,global_flow,0,0.5271726069193233
T2aA11,global_flow,1,0.5024398399214236
T2aA11,gpt2_surprisal,0,0.49782660940618373
T2aA11,gpt2_surprisal,1,0.5314201226711807
T2aA11,local_flow,0,0.48925321045317277
T2aA11,local_flow,1,0.46700207934965465
T2aA11,onset,0,0.5175862871776963
T2aA11,onset,1,0.5125196437925615
T2aA11,pitch,0,0.49533452451856264
T2aA11,pitch,1,0.5303073048911737
T2aA11,speech,0,0.5138814875186777
T2aA11,speech,1,0.5086047459327294
T2aA11,volume,0,0.5106893200840099
T2aA11,volume,1,0.5190328411857518
T2aA11,word_gap,0,0.5082076841896283
T2aA11,word_gap,1,0.5055066194372172
T2aA11,word_head_pos,0,0.4813015265979123
T2aA11,word_head_pos,1,0.47427980314096735
T2aA11,word_index,0,0.5109032156012021
T2aA11,word_index,1,0.4983503943235487
T2aA11,word_length,0,0.49086235541205603
T2aA11,word_length,1,0.5065880902375057
T2aA11,word_part_speech,0,0.48236058555976
T2aA11,word_part_speech,1,0.4643389519550511
T1cIf3,delta_volume,0,0.5291004461720114
T1cIf3,delta_volume,1,0.5313835511948424
T1cIf3,face_num,0,0.49841175302759577
T1cIf3,face_num,1,0.4919333772191049
T1cIf3,frame_brightness,0,0.5108251569961234
T1cIf3,frame_brightness,1,0.5020427781783225
T1cIf3,global_flow,0,0.48561696080582634
T1cIf3,global_flow,1,0.5000052244966198
T1cIf3,gpt2_surprisal,0,0.48255018129003274
T1cIf3,gpt2_surprisal,1,0.5100101355234423
T1cIf3,local_flow,0,0.4964734647816683
T1cIf3,local_flow,1,0.47636960178886767
T1cIf3,onset,0,0.5953902566788895
T1cIf3,onset,1,0.5820091962051103
T1cIf3,pitch,0,0.4824509158542574
T1cIf3,pitch,1,0.481264955121574
T1cIf3,speech,0,0.5349153109097939
T1cIf3,speech,1,0.5293512220097594
T1cIf3,volume,0,0.503688494613544
T1cIf3,volume,1,0.5223242740561946
T1cIf3,word_gap,0,0.4876440654942896
T1cIf3,word_gap,1,0.5069903764772264
T1cIf3,word_head_pos,0,0.5336980031973919
T1cIf3,word_head_pos,1,0.5124760979279647
T1cIf3,word_index,0,0.5686055182699479
T1cIf3,word_index,1,0.5415113099676858
T1cIf3,word_length,0,0.4968705265247694
T1cIf3,word_length,1,0.5603795074344586
T1cIf3,word_part_speech,0,0.46948935519626955
T1cIf3,word_part_speech,1,0.5007739938080495
T1cIf9,delta_volume,0,0.554292968872449
T1cIf9,delta_volume,1,0.5617901215217914
T1cIf9,face_num,0,0.5010657973104291
T1cIf9,face_num,1,0.4734543326750468
T1cIf9,frame_brightness,0,0.494237380228415
T1cIf9,frame_brightness,1,0.47950952425733784
T1cIf9,global_flow,0,0.49778481343322567
T1cIf9,global_flow,1,0.48375704000919506
T1cIf9,gpt2_surprisal,0,0.5220578247285874
T1cIf9,gpt2_surprisal,1,0.5166086747541875
T1cIf9,local_flow,0,0.4872783507309071
T1cIf9,local_flow,1,0.4745514769651944
T1cIf9,onset,0,0.6109888830685059
T1cIf9,onset,1,0.6415284325708632
T1cIf9,pitch,0,0.4837283052777865
T1cIf9,pitch,1,0.45527830893493415
T1cIf9,speech,0,0.5441156494571748
T1cIf9,speech,1,0.5050468637346792
T1cIf9,volume,0,0.4838719789348296
T1cIf9,volume,1,0.49494268727208135
T1cIf9,word_gap,0,0.526529993835094
T1cIf9,word_gap,1,0.5373603753278371
T1cIf9,word_head_pos,0,0.5075598466087792
T1cIf9,word_head_pos,1,0.513035119066278
T1cIf9,word_index,0,0.6229860122477572
T1cIf9,word_index,1,0.6161277201545656
T1cIf9,word_length,0,0.5121417301443005
T1cIf9,word_length,1,0.531937347836536
T1cIf9,word_part_speech,0,0.4933207201009059
T1cIf9,word_part_speech,1,0.5024557581317127
T1bId3,delta_volume,0,0.5707762557077625
T1bId3,delta_volume,1,0.5920608549366269
T1bId3,face_num,0,0.5191268821249072
T1bId3,face_num,1,0.5124029549752881
T1bId3,frame_brightness,0,0.5163578989164395
T1bId3,frame_brightness,1,0.501426287577192
T1bId3,global_flow,0,0.520370312320408
T1bId3,global_flow,1,0.4777070729235238
T1bId3,gpt2_surprisal,0,0.5452232427405619
T1bId3,gpt2_surprisal,1,0.5687909469922573
T1bId3,local_flow,0,0.47174592228038825
T1bId3,local_flow,1,0.4526974076047773
T1bId3,onset,0,0.621197834817531
T1bId3,onset,1,0.6306675979279437
T1bId3,pitch,0,0.5061701305079256
T1bId3,pitch,1,0.5099944620335831
T1bId3,speech,0,0.5394710719622164
T1bId3,speech,1,0.5319216743466767
T1bId3,volume,0,0.530281182408075
T1bId3,volume,1,0.5245917055891666
T1bId3,word_gap,0,0.5370573545238917
T1bId3,word_gap,1,0.5411220128940577
T1bId3,word_head_pos,0,0.4753926209209743
T1bId3,word_head_pos,1,0.5072777237913126
T1bId3,word_index,0,0.649763857817549
T1bId3,word_index,1,0.6145911011682825
T1bId3,word_length,0,0.5143151207381169
T1bId3,word_length,1,0.5309812649551217
T1bId3,word_part_speech,0,0.4874823223636433
T1bId3,word_part_speech,1,0.5078737147880594
T1bId9,delta_volume,0,0.5126955267859942
T1bId9,delta_volume,1,0.531979143809494
T1bId9,face_num,0,0.5126955267859942
T1bId9,face_num,1,0.4751575185730855
T1bId9,frame_brightness,0,0.5075389486223003
T1bId9,frame_brightness,1,0.5129254046372632
T1bId9,global_flow,0,0.5034533922656552
T1bId9,global_flow,1,0.4818500987429861
T1bId9,gpt2_surprisal,0,0.46332925822596993
T1bId9,gpt2_surprisal,1,0.4719705756350376
T1bId9,local_flow,0,0.4873906774082317
T1bId9,local_flow,1,0.45317283679717457
T1bId9,onset,0,0.5205517723066178
T1bId9,onset,1,0.5071299691519702
T1bId9,pitch,0,0.4881769641495042
T1bId9,pitch,1,0.48552814436329056
T1bId9,speech,0,0.47082118637869247
T1bId9,speech,1,0.46025202971693674
T1bId9,volume,0,0.492393132921643
T1bId9,volume,1,0.5169534915310909
T1bId9,word_gap,0,0.4990543661118252
T1bId9,word_gap,1,0.5140120999341714
T1bId9,word_head_pos,0,0.4914004785638904
T1bId9,word_head_pos,1,0.4645779129180904
T1bId9,word_index,0,0.5117619144464782
T1bId9,word_index,1,0.52080084965991
T1bId9,word_length,0,0.49628799515166716
T1bId9,word_length,1,0.5086674398921665
T1bId9,word_part_speech,0,0.47485475671750177
T1bId9,word_part_speech,1,0.45047395176394145
T1aIa6,delta_volume,0,0.588623136160831
T1aIa6,delta_volume,1,0.5998610283899146
T1aIa6,face_num,0,0.4912907641348756
T1aIa6,face_num,1,0.5110184633710542
T1aIa6,frame_brightness,0,0.5077218060039915
T1aIa6,frame_brightness,1,0.48736716717344286
T1aIa6,global_flow,0,0.49931559094281264
T1aIa6,global_flow,1,0.4956897902887057
T1aIa6,gpt2_surprisal,0,0.513181404971631
T1aIa6,gpt2_surprisal,1,0.5384313971348861
T1aIa6,local_flow,0,0.49744522115294193
T1aIa6,local_flow,1,0.48858969938246455
T1aIa6,onset,0,0.5999883592340376
T1aIa6,onset,1,0.6079913858331878
T1aIa6,pitch,0,0.4793057688891675
T1aIa6,pitch,1,0.46799995820402707
T1aIa6,speech,0,0.5484467571549482
T1aIa6,speech,1,0.5175595331389822
T1aIa6,volume,0,0.524664848541843
T1aIa6,volume,1,0.5142315287922008
T1aIa6,word_gap,0,0.5298214267055369
T1aIa6,word_gap,1,0.520286720374492
T1aIa6,word_head_pos,0,0.5048274348766497
T1aIa6,word_head_pos,1,0.48242479337115873
T1aIa6,word_index,0,0.6021851625878472
T1aIa6,word_index,1,0.5914514270218968
T1aIa6,word_length,0,0.504273638234956
T1aIa6,word_length,1,0.49972310167915324
T1aIa6,word_part_speech,0,0.5002675534151282
T1aIa6,word_part_speech,1,0.5119634598478768
P2cCc2,delta_volume,0,0.48036111720635716
P2cCc2,delta_volume,1,0.49868865134844254
P2cCc2,face_num,0,0.5221884371440811
P2cCc2,face_num,1,0.5025809013301568
P2cCc2,frame_brightness,0,0.5180401868279991
P2cCc2,frame_brightness,1,0.5182387176995497
P2cCc2,global_flow,0,0.5122880160496537
P2cCc2,global_flow,1,0.49265958224925027
P2cCc2,gpt2_surprisal,0,0.4825188343103142
P2cCc2,gpt2_surprisal,1,0.4907839879627598
P2cCc2,local_flow,0,0.5038818009884748
P2cCc2,local_flow,1,0.4782974410415557
P2cCc2,onset,0,0.49320761306093935
P2cCc2,onset,1,0.48067050811943424
P2cCc2,pitch,0,0.49469191143433333
P2cCc2,pitch,1,0.492518520840517
P2cCc2,speech,0,0.48897631213232606
P2cCc2,speech,1,0.4715917996301056
P2cCc2,volume,0,0.47745629708577586
P2cCc2,volume,1,0.48869418931485953
P2cCc2,word_gap,0,0.5212219052694274
P2cCc2,word_gap,1,0.5138658140288184
P2cCc2,word_head_pos,0,0.45875782368368806
P2cCc2,word_head_pos,1,0.4542804300805617
P2cCc2,word_index,0,0.48510835423587106
P2cCc2,word_index,1,0.5308792624228866
P2cCc2,word_length,0,0.49735640471040615
P2cCc2,word_length,1,0.5006948580504268
P2cCc2,word_part_speech,0,0.493072277644001
P2cCc2,word_part_speech,1,0.4728911057600428
P2cCc9,delta_volume,0,0.5365296803652968
P2cCc9,delta_volume,1,0.5627096329268675
P2cCc9,face_num,0,0.509973564047104
P2cCc9,face_num,1,0.49066904903712527
P2cCc9,frame_brightness,0,0.4926752557391096
P2cCc9,frame_brightness,1,0.4611663166253931
P2cCc9,global_flow,0,0.4907944369559993
P2cCc9,global_flow,1,0.482900222563556
P2cCc9,gpt2_surprisal,0,0.49392913492784973
P2cCc9,gpt2_surprisal,1,0.51529732610263
P2cCc9,local_flow,0,0.48306218195876827
P2cCc9,local_flow,1,0.5021890640836756
P2cCc9,onset,0,0.5073220417903498
P2cCc9,onset,1,0.5032361329375472
P2cCc9,pitch,0,0.48131720008777157
P2cCc9,pitch,1,0.47548143736351
P2cCc9,speech,0,0.5088920932468157
P2cCc9,speech,1,0.4948172993532073
P2cCc9,volume,0,0.5171938183755995
P2cCc9,volume,1,0.5038870254850945
P2cCc9,word_gap,0,0.49780571141970464
P2cCc9,word_gap,1,0.5174602677032069
P2cCc9,word_head_pos,0,0.4694366947744585
P2cCc9,word_head_pos,1,0.4589511300586189
P2cCc9,word_index,0,0.49369534268863124
P2cCc9,word_index,1,0.5196709827582311
P2cCc9,word_length,0,0.47163098335475373
P2cCc9,word_length,1,0.4967085671295571
P2cCc9,word_part_speech,0,0.49321560983067697
P2cCc9,word_part_speech,1,0.4845774567136796
P2cCc15,delta_volume,0,0.5493035746005872
P2cCc15,delta_volume,1,0.550860474593273
P2cCc15,face_num,0,0.5236095002246534
P2cCc15,face_num,1,0.5100832784761189
P2cCc15,frame_brightness,0,0.5006948580504269
P2cCc15,frame_brightness,1,0.5304797132796255
P2cCc15,global_flow,0,0.5073874382203275
P2cCc15,global_flow,1,0.5108565039758419
P2cCc15,gpt2_surprisal,0,0.5014733080467697
P2cCc15,gpt2_surprisal,1,0.4877746779097834
P2cCc15,local_flow,0,0.4924088064115023
P2cCc15,local_flow,1,0.4650533421104876
P2cCc15,onset,0,0.5041266515336709
P2cCc15,onset,1,0.4976136429777079
P2cCc15,pitch,0,0.46661024210317337
P2cCc15,pitch,1,0.4770278883629562
P2cCc15,speech,0,0.5006739600639478
P2cCc15,speech,1,0.46157382736173364
P2cCc15,volume,0,0.5202135774218154
P2cCc15,volume,1,0.4913012131281151
P2cCc15,word_gap,0,0.48213222156045266
P2cCc15,word_gap,1,0.5067866211090561
P2cCc15,word_head_pos,0,0.4806275665339645
P2cCc15,word_head_pos,1,0.4792639729162096
P2cCc15,word_index,0,0.48321017784105036
P2cCc15,word_index,1,0.4920118410051296
P2cCc15,word_length,0,0.4682820810214936
P2cCc15,word_length,1,0.49131166212135463
P2cCc15,word_part_speech,0,0.4678362573099415
P2cCc15,word_part_speech,1,0.5012039903680771
P2aIe6,delta_volume,0,0.5126850777927546
P2aIe6,delta_volume,1,0.5186410039392705
P2aIe6,face_num,0,0.49063247756078704
P2aIe6,face_num,1,0.4791124625142368
P2aIe6,frame_brightness,0,0.47500078367449294
P2aIe6,frame_brightness,1,0.4993364889292917
P2aIe6,global_flow,0,0.524873828406633
P2aIe6,global_flow,1,0.4953031775388441
P2aIe6,gpt2_surprisal,0,0.4762912343395714
P2aIe6,gpt2_surprisal,1,0.4791647074804343
P2aIe6,local_flow,0,0.45860108878509553
P2aIe6,local_flow,1,0.484765367856807
P2aIe6,onset,0,0.5198300448169489
P2aIe6,onset,1,0.5000814853617367
P2aIe6,pitch,0,0.4890912510579606
P2aIe6,pitch,1,0.4900525584359947
P2aIe6,speech,0,0.5209815784249188
P2aIe6,speech,1,0.48982268058472567
P2aIe6,volume,0,0.5040071889073487
P2aIe6,volume,1,0.4883545970345757
P2aIe6,word_gap,0,0.48869418931485953
P2aIe6,word_gap,1,0.4856117363092066
P2aIe6,word_head_pos,0,0.5042684137383363
P2aIe6,word_head_pos,1,0.486776799055411
P2aIe6,word_index,0,0.5028359659232142
P2aIe6,word_index,1,0.519298126680677
P2aIe6,word_length,0,0.4936731345934819
P2aIe6,word_length,1,0.503960168437771
P2aIe6,word_part_speech,0,0.4854278943546229
P2aIe6,word_part_speech,1,0.4874536559263082
P2aIe12,delta_volume,0,0.5060029466160936
P2aIe12,delta_volume,1,0.5405682162523641
P2aIe12,face_num,0,0.5011180422766267
P2aIe12,face_num,1,0.47866315580493823
P2aIe12,frame_brightness,0,0.492309540975727
P2aIe12,frame_brightness,1,0.484786265843286
P2aIe12,global_flow,0,0.49164602990501866
P2aIe12,global_flow,1,0.5004440822126789
P2aIe12,gpt2_surprisal,0,0.49284243963094154
P2aIe12,gpt2_surprisal,1,0.4715813506368662
P2aIe12,local_flow,0,0.4620179095744125
P2aIe12,local_flow,1,0.45804206764678224
P2aIe12,onset,0,0.5163785577090971
P2aIe12,onset,1,0.5375822129096095
P2aIe12,pitch,0,0.46227390990878037
P2aIe12,pitch,1,0.47984389204100186
P2aIe12,speech,0,0.5024920848876211
P2aIe12,speech,1,0.47731001118042277
P2aIe12,volume,0,0.4930932154686896
P2aIe12,volume,1,0.5077609897286397
P2aIe12,word_gap,0,0.5327419203159776
P2aIe12,word_gap,1,0.524560358609448
P2aIe12,word_head_pos,0,0.48721043227485034
P2aIe12,word_head_pos,1,0.45476630826619857
P2aIe12,word_index,0,0.48417056470747744
P2aIe12,word_index,1,0.5489232368427
P2aIe12,word_length,0,0.5101929929051336
P2aIe12,word_length,1,0.5107467895468272
P2aIe12,word_part_speech,0,0.48870542368994385
P2aIe12,word_part_speech,1,0.48423345946565755
F3cIc6,delta_volume,0,0.5145084271130477
F3cIc6,delta_volume,1,0.5135627932248729
F3cIc6,face_num,0,0.5042684137383363
F3cIc6,face_num,1,0.509806380155272
F3cIc6,frame_brightness,0,0.4869387584506233
F3cIc6,frame_brightness,1,0.534262248832325
F3cIc6,global_flow,0,0.5261642790717115
F3cIc6,global_flow,1,0.5291631401314483
F3cIc6,gpt2_surprisal,0,0.506180579501165
F3cIc6,gpt2_surprisal,1,0.5020062067019843
F3cIc6,local_flow,0,0.5114991170600713
F3cIc6,local_flow,1,0.5077897244600482
F3cIc6,onset,0,0.5133228566439672
F3cIc6,onset,1,0.4934229672312438
F3cIc6,pitch,0,0.4823934463914402
F3cIc6,pitch,1,0.49792587484195894
F3cIc6,speech,0,0.49060113058106847
F3cIc6,speech,1,0.5007523275132442
F3cIc6,volume,0,0.5189962697094135
F3cIc6,volume,1,0.49654660773434484
F3cIc6,word_gap,0,0.527096851718337
F3cIc6,word_gap,1,0.5607556711910808
F3cIc6,word_head_pos,0,0.4528097342821019
F3cIc6,word_head_pos,1,0.4969697919605446
F3cIc6,word_index,0,0.5187444918988543
F3cIc6,word_index,1,0.5185976092016361
F3cIc6,word_length,0,0.4917139483610754
F3cIc6,word_length,1,0.5158458982477038
F3cIc6,word_part_speech,0,0.45830944463555406
F3cIc6,word_part_speech,1,0.4778886213354738
F3bIb2,delta_volume,0,0.5277055055745379
F3bIb2,delta_volume,1,0.5277734240305947
F3bIb2,face_num,0,0.49416423727573855
F3bIb2,face_num,1,0.49287639885896994
F3bIb2,frame_brightness,0,0.4854027564444166
F3bIb2,frame_brightness,1,0.4859356550996312
F3bIb2,global_flow,0,0.47583670313365306
F3bIb2,global_flow,1,0.4964891382715275
F3bIb2,gpt2_surprisal,0,0.5489848803067825
F3bIb2,gpt2_surprisal,1,0.5331755535354169
F3bIb2,local_flow,0,0.46878363269698964
F3bIb2,local_flow,1,0.46785889679529374
F3bIb2,onset,0,0.5148128746871543
F3bIb2,onset,1,0.5181421337524009
F3bIb2,pitch,0,0.46815669310261954
F3bIb2,pitch,1,0.4982863651087218
F3bIb2,speech,0,0.5189910452127937
F3bIb2,speech,1,0.5150047542919239
F3bIb2,volume,0,0.5110916063237307
F3bIb2,volume,1,0.483088304441867
F3bIb2,word_gap,0,0.48255018129003274
F3bIb2,word_gap,1,0.4814791594829839
F3bIb2,word_head_pos,0,0.5123559345057104
F3bIb2,word_head_pos,1,0.47325057730687653
F3bIb2,word_index,0,0.5415791019817865
F3bIb2,word_index,1,0.4992768851829254
F3bIb2,word_length,0,0.48712161583231456
F3bIb2,word_length,1,0.46096256125722285
F3bIb2,word_part_speech,0,0.4733497687574055
F3bIb2,word_part_speech,1,0.48997630241180296
F3bIb8,delta_volume,0,0.5263053404804446
F3bIb8,delta_volume,1,0.5407354001441961
F3bIb8,face_num,0,0.5046550264881977
F3bIb8,face_num,1,0.48752912656865505
F3bIb8,frame_brightness,0,0.5132963438972655
F3bIb8,frame_brightness,1,0.5349205354064136
F3bIb8,global_flow,0,0.4888874956897903
F3bIb8,global_flow,1,0.4878687188489389
F3bIb8,gpt2_surprisal,0,0.4765367856806997
F3bIb8,gpt2_surprisal,1,0.47550755984660875
F3bIb8,local_flow,0,0.4939813798940472
F3bIb8,local_flow,1,0.4580525166400218
F3bIb8,onset,0,0.5106745823875212
F3bIb8,onset,1,0.5188289389441826
F3bIb8,pitch,0,0.5154070405316449
F3bIb8,pitch,1,0.5074553566763842
F3bIb8,speech,0,0.4995506932907015
F3bIb8,speech,1,0.5038034335391786
F3bIb8,volume,0,0.4932708483537611
F3bIb8,volume,1,0.5199053321212501
F3bIb8,word_gap,0,0.5201195364826598
F3bIb8,word_gap,1,0.5307069788825847
F3bIb8,word_head_pos,0,0.530197590462159
F3bIb8,word_head_pos,1,0.5190641881654703
F3bIb8,word_index,0,0.6104896843151876
F3bIb8,word_index,1,0.5744582288206449
F3bIb8,word_length,0,0.4874977795889366
F3bIb8,word_length,1,0.5136672831572677
F3bIb8,word_part_speech,0,0.4535412605588044
F3bIb8,word_part_speech,1,0.4625520773611589
F3aOFc4,delta_volume,0,0.5080979697606136
F3aOFc4,delta_volume,1,0.5148950398629093
F3aOFc4,face_num,0,0.47232584140518064
F3aOFc4,face_num,1,0.4931402359382673
F3aOFc4,frame_brightness,0,0.5182700646792682
F3aOFc4,frame_brightness,1,0.5616804070927767
F3aOFc4,global_flow,0,0.477074908832534
F3aOFc4,global_flow,1,0.501447185563671
F3aOFc4,gpt2_surprisal,0,0.4742275581747699
F3aOFc4,gpt2_surprisal,1,0.4902406403143057
F3aOFc4,local_flow,0,0.48607671650836437
F3aOFc4,local_flow,1,0.45600973846169923
F3aOFc4,onset,0,0.5014143530644317
F3aOFc4,onset,1,0.49533205284907744
F3aOFc4,pitch,0,0.4773309091669018
F3aOFc4,pitch,1,0.4779265017815533
F3aOFc4,speech,0,0.5191686780978653
F3aOFc4,speech,1,0.50524017010961
F3aOFc4,volume,0,0.5354900055379664
F3aOFc4,volume,1,0.5088607462670972
F3aOFc4,word_gap,0,0.5010501238205698
F3aOFc4,word_gap,1,0.47197580013165735
F3aOFc4,word_head_pos,0,0.5173087573012339
F3aOFc4,word_head_pos,1,0.4713854320136255
F3aOFc4,word_index,0,0.5164169660813955
F3aOFc4,word_index,1,0.497796759541726
F3aOFc4,word_length,0,0.49632195437969556
F3aOFc4,word_length,1,0.4889188426695088
F3aOFc4,word_part_speech,0,0.4732733249245117
F3aOFc4,word_part_speech,1,0.49742002063983487
F3aOFc10,delta_volume,0,0.5079778063383593
F3aOFc10,delta_volume,1,0.5141479368462849
F3aOFc10,face_num,0,0.4972623637712506
F3aOFc10,face_num,1,0.48203818062129716
F3aOFc10,frame_brightness,0,0.5227317847925352
F3aOFc10,frame_brightness,1,0.5110132388744344
F3aOFc10,global_flow,0,0.5143987126840328
F3aOFc10,global_flow,1,0.4816463433748158
F3aOFc10,gpt2_surprisal,0,0.5310073874382203
F3aOFc10,gpt2_surprisal,1,0.516849001598696
F3aOFc10,local_flow,0,0.47542396790069275
F3aOFc10,local_flow,1,0.47052861456798634
F3aOFc10,onset,0,0.5107793492811827
F3aOFc10,onset,1,0.49810837553111
F3aOFc10,pitch,0,0.5120111177288068
F3aOFc10,pitch,1,0.477137602791971
F3aOFc10,speech,0,0.48158887391199856
F3aOFc10,speech,1,0.46326656426653295
F3aOFc10,volume,0,0.48055964807790774
F3aOFc10,volume,1,0.478856462179869
F3aOFc10,word_gap,0,0.5209293334587213
F3aOFc10,word_gap,1,0.4991902030239387
F3aOFc10,word_head_pos,0,0.5017136348912783
F3aOFc10,word_head_pos,1,0.4970847308861791
F3aOFc10,word_index,0,0.48586536505999595
F3aOFc10,word_index,1,0.4724877409441168
F3aOFc10,word_length,0,0.5140695693969886
F3aOFc10,word_length,1,0.48296291652299306
F3aOFc10,word_part_speech,0,0.4688395826166724
F3aOFc10,word_part_speech,1,0.4766655200091733
F3aOFc16,delta_volume,0,0.5104751157226001
F3aOFc16,delta_volume,1,0.5047386184341138
F3aOFc16,face_num,0,0.49317680741460557
F3aOFc16,face_num,1,0.4663646907620451
F3aOFc16,frame_brightness,0,0.5245028891466308
F3aOFc16,frame_brightness,1,0.47670919406915147
F3aOFc16,global_flow,0,0.49856848792618824
F3aOFc16,global_flow,1,0.4995454687940817
F3aOFc16,gpt2_surprisal,0,0.4866357376466778
F3aOFc16,gpt2_surprisal,1,0.507460581173004
F3aOFc16,local_flow,0,0.4645413414417521
F3aOFc16,local_flow,1,0.471312289060949
F3aOFc16,onset,0,0.5051335777894186
F3aOFc16,onset,1,0.4965077702112799
F3aOFc16,pitch,0,0.4918132137968506
F3aOFc16,pitch,1,0.5076800100310335
F3aOFc16,speech,0,0.498364732558018
F3aOFc16,speech,1,0.4877799024064031
F3aOFc16,volume,0,0.49304619499911184
F3aOFc16,volume,1,0.5078158469431472
F3aOFc16,word_gap,0,0.51739234924715
F3aOFc16,word_gap,1,0.5168907975716539
F3aOFc16,word_head_pos,0,0.5121417301443006
F3aOFc16,word_head_pos,1,0.47631213232605035
F3aOFc16,word_index,0,0.48105213205884345
F3aOFc16,word_index,1,0.5024292138386097
F3aOFc16,word_length,0,0.5277159545677774
F3aOFc16,word_length,1,0.5222668045933774
F3aOFc16,word_part_speech,0,0.44816152581890456
F3aOFc16,word_part_speech,1,0.47759240148301035
P2bIg7,delta_volume,0,0.5194873723916701
P2bIg7,delta_volume,1,0.5589114238843088
P2bIg7,face_num,0,0.5256992988725536
P2bIg7,face_num,1,0.5284526085911623
P2bIg7,frame_brightness,0,0.48516242959990796
P2bIg7,frame_brightness,1,0.48555949134300913
P2bIg7,global_flow,0,0.49875656980449934
P2bIg7,global_flow,1,0.5058827831938393
P2bIg7,gpt2_surprisal,0,0.5119588727626093
P2bIg7,gpt2_surprisal,1,0.519194800580964
P2bIg7,local_flow,0,0.5149681828155858
P2bIg7,local_flow,1,0.5352026582238801
P2bIg7,onset,0,0.5046766777253944
P2bIg7,onset,1,0.5280658867353472
P2bIg7,pitch,0,0.4692590618893869
P2bIg7,pitch,1,0.4789557276156442
P2bIg7,speech,0,0.5156682653626323
P2bIg7,speech,1,0.5235781532449348
P2bIg7,volume,0,0.5071680093622979
P2bIg7,volume,1,0.5003604902667628
P2bIg7,word_gap,0,0.5273972602739726
P2bIg7,word_gap,1,0.5289280377835596
P2bIg7,word_head_pos,0,0.49079966145261905
P2bIg7,word_head_pos,1,0.46151635789891643
P2bIg7,word_index,0,0.47417124262761845
P2bIg7,word_index,1,0.47379838655006445
P2bIg7,word_length,0,0.4752358860223817
P2bIg7,word_length,1,0.4900264359528959
P2bIg7,word_part_speech,0,0.4881989832970225
P2bIg7,word_part_speech,1,0.5160245384703589
F2e1,delta_volume,0,0.4989080802064721
F2e1,delta_volume,1,0.5246752975350825
F2e1,face_num,0,0.5166713687136245
F2e1,face_num,1,0.5002768983208468
F2e1,frame_brightness,0,0.5011964097259229
F2e1,frame_brightness,1,0.5408869105461689
F2e1,global_flow,0,0.49097729433769055
F2e1,global_flow,1,0.47647931621788236
F2e1,gpt2_surprisal,0,0.4871425138187936
F2e1,gpt2_surprisal,1,0.48335997826609406
F2e1,local_flow,0,0.49990073456422474
F2e1,local_flow,1,0.47927964640606874
F2e1,onset,0,0.5117280717071183
F2e1,onset,1,0.48223619114137706
F2e1,pitch,0,0.5273188928246764
F2e1,pitch,1,0.4816411188781961
F2e1,speech,0,0.4811552406925592
F2e1,speech,1,0.4748440487759004
F2e1,volume,0,0.532522491457948
F2e1,volume,1,0.5597159963637504
F2e1,word_gap,0,0.52367741868071
F2e1,word_gap,1,0.5121574036341598
F2e1,word_head_pos,0,0.5236251737145126
F2e1,word_head_pos,1,0.48074250545959896
F2e1,word_index,0,0.5050166090434547
F2e1,word_index,1,0.5063837479944863
F2e1,word_length,0,0.5024764113977618
F2e1,word_length,1,0.4965675057208238
F2e1,word_part_speech,0,0.4764457439896036
F2e1,word_part_speech,1,0.5198180636777128
F2e7,delta_volume,0,0.51927839252688
F2e7,delta_volume,1,0.559198771198395
F2e7,face_num,0,0.49888195772337335
F2e7,face_num,1,0.4938350939886942
F2e7,frame_brightness,0,0.4944097886168668
F2e7,frame_brightness,1,0.5138031200693813
F2e7,global_flow,0,0.49355297117122765
F2e7,global_flow,1,0.5210860683573139
F2e7,gpt2_surprisal,0,0.49667722014983856
F2e7,gpt2_surprisal,1,0.5171885938789798
F2e7,local_flow,0,0.5048013123935509
F2e7,local_flow,1,0.5282540777196117
F2e7,onset,0,0.5532041208311507
F2e7,onset,1,0.5671613992200687
F2e7,pitch,0,0.49884538624703506
F2e7,pitch,1,0.5101877684085138
F2e7,speech,0,0.4939709309008077
F2e7,speech,1,0.4630419109118836
F2e7,volume,0,0.505929803663417
F2e7,volume,1,0.5298423246920159
F2e7,word_gap,0,0.5301244475094825
F2e7,word_gap,1,0.5056476808459505
F2e7,word_head_pos,0,0.535960210233744
F2e7,word_head_pos,1,0.5269427290680544
F2e7,word_index,0,0.5020450590920389
F2e7,word_index,1,0.5777574401735476
F2e7,word_length,0,0.51068932008401
F2e7,word_length,1,0.509701890222877
F2e7,word_part_speech,0,0.5463631846500783
F2e7,word_part_speech,1,0.48116615067079466
F2c5,delta_volume,0,0.518693248905468
F2c5,delta_volume,1,0.513557568728253
F2c5,face_num,0,0.5018912677763497
F2c5,face_num,1,0.47625466286323315
F2c5,frame_brightness,0,0.5134060583262804
F2c5,frame_brightness,1,0.5317806129379434
F2c5,global_flow,0,0.4898122315914861
F2c5,global_flow,1,0.4838040604787729
F2c5,gpt2_surprisal,0,0.5049580472921433
F2c5,gpt2_surprisal,1,0.49067949803036476
F2c5,local_flow,0,0.5289959562396164
F2c5,local_flow,1,0.48567965476526337
F2c5,onset,0,0.5134043420057041
F2c5,onset,1,0.5329259065246492
F2c5,pitch,0,0.473699884016175
F2c5,pitch,1,0.484180224235395
F2c5,speech,0,0.5168072056257379
F2c5,speech,1,0.4750373551508312
F2c5,volume,0,0.5029413915969196
F2c5,volume,1,0.48506055191582287
F2c5,word_gap,0,0.5005381231518343
F2c5,word_gap,1,0.49619656646082155
F2c5,word_head_pos,0,0.5220421512387282
F2c5,word_head_pos,1,0.5055275174236963
F2c5,word_index,0,0.5180891690958804
F2c5,word_index,1,0.5116263304182768
F2c5,word_length,0,0.46086852031806735
F2c5,word_length,1,0.45430655256366054
F2c5,word_part_speech,0,0.4862209991208959
F2c5,word_part_speech,1,0.45878721859114013
F2aOFb3,delta_volume,0,0.522465335464928
F2aOFb3,delta_volume,1,0.5011180422766266
F2aOFb3,face_num,0,0.4927327252019268
F2aOFb3,face_num,1,0.5085263784834331
F2aOFb3,frame_brightness,0,0.4688776736361451
F2aOFb3,frame_brightness,1,0.4973250577306877
F2aOFb3,global_flow,0,0.4783810329874717
F2aOFb3,global_flow,1,0.49537632049152064
F2aOFb3,gpt2_surprisal,0,0.48772765744020563
F2aOFb3,gpt2_surprisal,1,0.4833286312863756
F2aOFb3,local_flow,0,0.5115774845093676
F2aOFb3,local_flow,1,0.47180861623982534
F2aOFb3,onset,0,0.4891624468890053
F2aOFb3,onset,1,0.5126535126011291
F2aOFb3,pitch,0,0.44382098784782087
F2aOFb3,pitch,1,0.4929312560734773
F2aOFb3,speech,0,0.4882135356258425
F2aOFb3,speech,1,0.5141479368462849
F2aOFb3,volume,0,0.5050155167549606
F2aOFb3,volume,1,0.4849586742317378
F2aOFb3,word_gap,0,0.47630690782943064
F2aOFb3,word_gap,1,0.5194508009153318
F2aOFb3,word_head_pos,0,0.5076434385546953
F2aOFb3,word_head_pos,1,0.4764113977618256
F2aOFb3,word_index,0,0.4871421146588931
F2aOFb3,word_index,1,0.5014123336270987
F2aOFb3,word_length,0,0.500250775837748
F2aOFb3,word_length,1,0.5025443298538186
F2aOFb3,word_part_speech,0,0.500621106142262
F2aOFb3,word_part_speech,1,0.4697091312158391
F2aOFb9,delta_volume,0,0.5024502889146631
F2aOFb9,delta_volume,1,0.5123611590023301
F2aOFb9,face_num,0,0.4976959969906899
F2aOFb9,face_num,1,0.47514184508322627
F2aOFb9,frame_brightness,0,0.4873932896565416
F2aOFb9,frame_brightness,1,0.5183536566251842
F2aOFb9,global_flow,0,0.5171258999195427
F2aOFb9,global_flow,1,0.5013270221414167
F2aOFb9,gpt2_surprisal,0,0.49709517987941865
F2aOFb9,gpt2_surprisal,1,0.5211644358066101
F2aOFb9,local_flow,0,0.4781616041294421
F2aOFb9,local_flow,1,0.46448387197893487
F2aOFb9,onset,0,0.5210930679238693
F2aOFb9,onset,1,0.5315173738431989
F2aOFb9,pitch,0,0.4844414490663824
F2aOFb9,pitch,1,0.49020406883796747
F2aOFb9,speech,0,0.49411199230954095
F2aOFb9,speech,1,0.49006300742923425
F2aOFb9,volume,0,0.46603554747500076
F2aOFb9,volume,1,0.4785325433894444
F2aOFb9,word_gap,0,0.49079443695599934
F2aOFb9,word_gap,1,0.503395922802838
F2aOFb9,word_head_pos,0,0.5112169942426048
F2aOFb9,word_head_pos,1,0.5090018076758305
F2aOFb9,word_index,0,0.5283257632250921
F2aOFb9,word_index,1,0.5019433710708878
F2aOFb9,word_length,0,0.5193672089694157
F2aOFb9,word_length,1,0.4883336990480967
F2aOFb9,word_part_speech,0,0.47274777357336695
F2aOFb9,word_part_speech,1,0.48400412796697634
F2aOFb15,delta_volume,0,0.5018703697898708
F2aOFb15,delta_volume,1,0.49721534330167294
F2aOFb15,face_num,0,0.5408921350427885
F2aOFb15,face_num,1,0.5412891967858897
F2aOFb15,frame_brightness,0,0.48188144572270464
F2aOFb15,frame_brightness,1,0.5169691650209502
F2aOFb15,global_flow,0,0.4840966322894789
F2aOFb15,global_flow,1,0.45955717166650994
F2aOFb15,gpt2_surprisal,0,0.5021368191174781
F2aOFb15,gpt2_surprisal,1,0.48807247421710914
F2aOFb15,local_flow,0,0.48235165041848216
F2aOFb15,local_flow,1,0.4853243889951203
F2aOFb15,onset,0,0.49912694255282
F2aOFb15,onset,1,0.49532041208311506
F2aOFb15,pitch,0,0.5045348630659436
F2aOFb15,pitch,1,0.45736288308621464
F2aOFb15,speech,0,0.4821687930367909
F2aOFb15,speech,1,0.47393498636406384
F2aOFb15,volume,0,0.5200516180266032
F2aOFb15,volume,1,0.4923252144655863
F2aOFb15,word_gap,0,0.5157205103288298
F2aOFb15,word_gap,1,0.4964630157884288
F2aOFb15,word_head_pos,0,0.4941433392892596
F2aOFb15,word_head_pos,1,0.4652570974786579
F2aOFb15,word_index,0,0.509140623234583
F2aOFb15,word_index,1,0.5238062956183762
F2aOFb15,word_length,0,0.5505365558028483
F2aOFb15,word_length,1,0.5243775012277567
F2aOFb15,word_part_speech,0,0.4497955127470092
F2aOFb15,word_part_speech,1,0.4719928907235409
F2dCb5,delta_volume,0,0.5178991254192659
F2dCb5,delta_volume,1,0.5349466578895123
F2dCb5,face_num,0,0.48957190474697765
F2dCb5,face_num,1,0.5103497278037261
F2dCb5,frame_brightness,0,0.4860923899982237
F2dCb5,frame_brightness,1,0.5168463893503861
F2dCb5,global_flow,0,0.48289499806693625
F2dCb5,global_flow,1,0.4394951046466673
F2dCb5,gpt2_surprisal,0,0.5051670271569335
F2dCb5,gpt2_surprisal,1,0.506854539565113
F2dCb5,local_flow,0,0.4696613481291077
F2dCb5,local_flow,1,0.4784750739266272
F2dCb5,onset,0,0.4766428030964438
F2dCb5,onset,1,0.4628892381118678
F2dCb5,pitch,0,0.471207799128554
F2dCb5,pitch,1,0.4491760968830653
F2dCb5,speech,0,0.505005067761721
F2dCb5,speech,1,0.4993364889292916
F2dCb5,volume,0,0.4753664984378756
F2dCb5,volume,1,0.4978788543723812
F2dCb5,word_gap,0,0.5006948580504269
F2dCb5,word_gap,1,0.5443246293219649
F2dCb5,word_head_pos,0,0.49721011880505317
F2dCb5,word_head_pos,1,0.4929887255362946
F2dCb5,word_index,0,0.4794025263823921
F2dCb5,word_index,1,0.4957178044426367
F2dCb5,word_length,0,0.5027219627388901
F2dCb5,word_length,1,0.5147696519440352
F2dCb5,word_part_speech,0,0.46694759775255124
F2dCb5,word_part_speech,1,0.47182089209952993
F2dCb11,delta_volume,0,0.5071471113758189
F2dCb11,delta_volume,1,0.4998066936250693
F2dCb11,face_num,0,0.4930043990261538
F2dCb11,face_num,1,0.5013113486515574
F2dCb11,frame_brightness,0,0.4725713927463089
F2dCb11,frame_brightness,1,0.5217339059381628
F2dCb11,global_flow,0,0.5029048201205815
F2dCb11,global_flow,1,0.49009957890557243
F2dCb11,gpt2_surprisal,0,0.5062275999707427
F2dCb11,gpt2_surprisal,1,0.48979655810162687
F2dCb11,local_flow,0,0.4755493558195668
F2dCb11,local_flow,1,0.47484927327252024
F2dCb11,onset,0,0.48867353471858455
F2dCb11,onset,1,0.4954077178278331
F2dCb11,pitch,0,0.5223347230494343
F2dCb11,pitch,1,0.500229877851269
F2dCb11,speech,0,0.5036989436067835
F2dCb11,speech,1,0.4876283920044303
F2dCb11,volume,0,0.5019905332121251
F2dCb11,volume,1,0.521728681441543
F2dCb11,word_gap,0,0.519466474405191
F2dCb11,word_gap,1,0.4773413581601412
F2dCb11,word_head_pos,0,0.47445221152941913
F2dCb11,word_head_pos,1,0.49135868259093235
F2dCb11,word_index,0,0.5060108919169322
F2dCb11,word_index,1,0.4724538449370664
F2dCb11,word_length,0,0.4875970450247118
F2dCb11,word_length,1,0.49212668359403566
F2dCb11,word_part_speech,0,0.4612047548064061
F2dCb11,word_part_speech,1,0.4578221152008562
F2bCa3,delta_volume,0,0.49490089129912335
F2bCa3,delta_volume,1,0.5104698912259804
F2bCa3,face_num,0,0.507272499294693
F2bCa3,face_num,1,0.5039026989749538
F2bCa3,frame_brightness,0,0.4814843839796036
F2bCa3,frame_brightness,1,0.525255216659875
F2bCa3,global_flow,0,0.4871059423424553
F2bCa3,global_flow,1,0.4891591695140173
F2bCa3,gpt2_surprisal,0,0.492811092651223
F2bCa3,gpt2_surprisal,1,0.49868342685182276
F2bCa3,local_flow,0,0.4889606386424668
F2bCa3,local_flow,1,0.48609761449484346
F2bCa3,onset,0,0.5047086898317908
F2bCa3,onset,1,0.47342995169082125
F2bCa3,pitch,0,0.45466704283042325
F2bCa3,pitch,1,0.47371033300941456
F2bCa3,speech,0,0.48183181300481703
F2bCa3,speech,1,0.4792012789567725
F2bCa3,volume,0,0.5185156160203964
F2bCa3,volume,1,0.5230295810998611
F2bCa3,word_gap,0,0.5170684304567255
F2bCa3,word_gap,1,0.5317858374345632
F2bCa3,word_head_pos,0,0.48442055107990345
F2bCa3,word_head_pos,1,0.4760300095085839
F2bCa3,word_index,0,0.5442229905317153
F2bCa3,word_index,1,0.49670078864709744
F2bCa3,word_length,0,0.5097175637127362
F2bCa3,word_length,1,0.5197329237327983
F2bCa3,word_part_speech,0,0.4911611818216565
F2bCa3,word_part_speech,1,0.5039081909566946
F2bCa9,delta_volume,0,0.543170015569
F2bCa9,delta_volume,1,0.5153077750958694
F2bCa9,face_num,0,0.5356258424500799
F2bCa9,face_num,1,0.5321515521979457
F2bCa9,frame_brightness,0,0.4836577745734199
F2bCa9,frame_brightness,1,0.5235363572719769
F2bCa9,global_flow,0,0.5114468720938738
F2bCa9,global_flow,1,0.4906847225269845
F2bCa9,gpt2_surprisal,0,0.5138396915457195
F2bCa9,gpt2_surprisal,1,0.49887673322675363
F2bCa9,local_flow,0,0.5140538959071292
F2bCa9,local_flow,1,0.46361660554005624
F2bCa9,onset,0,0.4906524649321925
F2bCa9,onset,1,0.493952622082533
F2bCa9,pitch,0,0.48208520109087494
F2bCa9,pitch,1,0.4833599782660941
F2bCa9,speech,0,0.4958621986771575
F2bCa9,speech,1,0.4604139891121491
F2bCa9,volume,0,0.49896032517266964
F2bCa9,volume,1,0.48715818730865285
F2bCa9,word_gap,0,0.4910399882971275
F2bCa9,word_gap,1,0.4795408712370563
F2bCa9,word_head_pos,0,0.5035526577014304
F2bCa9,word_head_pos,1,0.5169430425378515
F2bCa9,word_index,0,0.5048584276772197
F2bCa9,word_index,1,0.5041353128601451
F2bCa9,word_length,0,0.4935268486881289
F2bCa9,word_length,1,0.4791124625142367
F2bCa9,word_part_speech,0,0.5302335359094905
F2bCa9,word_part_speech,1,0.5220349348316324
F2bCa15,delta_volume,0,0.5102556868645706
F2bCa15,delta_volume,1,0.5100362580065411
F2bCa15,face_num,0,0.5136516096674086
F2bCa15,face_num,1,0.48518332758638705
F2bCa15,frame_brightness,0,0.5086308684158282
F2bCa15,frame_brightness,1,0.5652853097604045
F2bCa15,global_flow,0,0.540066664576868
F2bCa15,global_flow,1,0.5211957827863285
F2bCa15,gpt2_surprisal,0,0.49106088628360656
F2bCa15,gpt2_surprisal,1,0.48497434772159703
F2bCa15,local_flow,0,0.4805700970711472
F2bCa15,local_flow,1,0.5087876033144206
F2bCa15,onset,0,0.5035213317036261
F2bCa15,onset,1,0.47257435539258486
F2bCa15,pitch,0,0.4668975894172597
F2bCa15,pitch,1,0.49810350772703055
F2bCa15,speech,0,0.4918602342664284
F2bCa15,speech,1,0.49037125272979953
F2bCa15,volume,0,0.48057532156776694
F2bCa15,volume,1,0.49128553963825583
F2bCa15,word_gap,0,0.49038170172303897
F2bCa15,word_gap,1,0.49650481176138683
F2bCa15,word_head_pos,0,0.5108094835062642
F2bCa15,word_head_pos,1,0.4866148396601987
F2bCa15,word_index,0,0.5319413373104649
F2bCa15,word_index,1,0.5042257022122794
F2bCa15,word_length,0,0.5237244391502879
F2bCa15,word_length,1,0.5153129995924892
F2bCa15,word_part_speech,0,0.48843787027481556
F2bCa15,word_part_speech,1,0.49564270152505446
F10Fa8,delta_volume,0,0.5178416559564486
F10Fa8,delta_volume,1,0.5046602509848176
F10Fa8,face_num,0,0.5042475157518573
F10Fa8,face_num,1,0.511253565718943
F10Fa8,frame_brightness,0,0.528395139128345
F10Fa8,frame_brightness,1,0.4824352423643982
F10Fa8,global_flow,0,0.5022465335464928
F10Fa8,global_flow,1,0.5233743978767647
F10Fa8,gpt2_surprisal,0,0.5293512220097594
F10Fa8,gpt2_surprisal,1,0.5110393613575331
F10Fa8,local_flow,0,0.5086308684158282
F10Fa8,local_flow,1,0.4998275916115482
F10Fa8,onset,0,0.4825039287585123
F10Fa8,onset,1,0.44920551772306616
F10Fa8,pitch,0,0.4744626605226586
F10Fa8,pitch,1,0.5003709392600023
F10Fa8,speech,0,0.4993678359090101
F10Fa8,speech,1,0.4896502721962739
F10Fa8,volume,0,0.4947546053937703
F10Fa8,volume,1,0.49177141782389266
F10Fa8,word_gap,0,0.4967085671295571
F10Fa8,word_gap,1,0.461819378702862
F10Fa8,word_head_pos,0,0.496353301359414
F10Fa8,word_head_pos,1,0.47232584140518064
F10Fa8,word_index,0,0.4421734119720697
F10Fa8,word_index,1,0.48524393826407247
F10Fa8,word_length,0,0.5105587076685161
F10Fa8,word_length,1,0.47316698536096047
F10Fa8,word_part_speech,0,0.5100523640255322
F10Fa8,word_part_speech,1,0.502618201276612
F10Fa15,delta_volume,0,0.5301087740196232
F10Fa15,delta_volume,1,0.5378410290168543
F10Fa15,face_num,0,0.5093205019696352
F10Fa15,face_num,1,0.5037041681034033
F10Fa15,frame_brightness,0,0.5534727229031482
F10Fa15,frame_brightness,1,0.6036278904527548
F10Fa15,global_flow,0,0.5176117781051796
F10Fa15,global_flow,1,0.4857266752348411
F10Fa15,gpt2_surprisal,0,0.5168960220682737
F10Fa15,gpt2_surprisal,1,0.4783287880212742
F10Fa15,local_flow,0,0.4872104322748504
F10Fa15,local_flow,1,0.49680260806871257
F10Fa15,onset,0,0.5115301786857576
F10Fa15,onset,1,0.4986263896164368
F10Fa15,pitch,0,0.5356153934568404
F10Fa15,pitch,1,0.5288862418106015
F10Fa15,speech,0,0.4862177779170977
F10Fa15,speech,1,0.46118199011525235
F10Fa15,volume,0,0.5150204277817833
F10Fa15,volume,1,0.48675590106893196
F10Fa15,word_gap,0,0.5035787801845293
F10Fa15,word_gap,1,0.5013426956312759
F10Fa15,word_head_pos,0,0.4711294316792577
F10Fa15,word_head_pos,1,0.4753664984378755
F10Fa15,word_index,0,0.5412288432422661
F10Fa15,word_index,1,0.5293991367816872
F10Fa15,word_length,0,0.5559648077907694
F10Fa15,word_length,1,0.5106370751178124
F10Fa15,word_part_speech,0,0.5019110958223446
F10Fa15,word_part_speech,1,0.5065359477124183
