electrode,task,fold,test_auroc
T2bH1,delta_volume,0,0.5118752808166933
T2bH1,delta_volume,1,0.4892114144802148
T2bH1,face_num,0,0.46368974849273265
T2bH1,face_num,1,0.48404961181990114
T2bH1,frame_brightness,0,0.4989812231591486
T2bH1,frame_brightness,1,0.49809828323041083
T2bH1,global_flow,0,0.543922343082244
T2bH1,global_flow,1,0.5252343186733959
T2bH1,gpt2_surprisal,0,0.5113267086716196
T2bH1,gpt2_surprisal,1,0.4907160695067031
T2bH1,local_flow,0,0.5275957911455231
T2bH1,local_flow,1,0.5012277567056415
T2bH1,onset,0,0.49018317085148844
T2bH1,onset,1,0.4899689664900787
T2bH1,pitch,0,0.5041743727991809
T2bH1,pitch,1,0.5059350281600368
T2bH1,speech,0,0.5124551999414857
T2bH1,speech,1,0.49081011044585854
T2bH1,volume,0,0.5041221278329833
T2bH1,volume,1,0.5022778805262113
T2bH1,word_gap,0,0.48986447655768367
T2bH1,word_gap,1,0.49003688494613545
T2bH1,word_head_pos,0,0.5130455680595175
T2bH1,word_head_pos,1,0.48227328296918587
T2bH1,word_index,0,0.5064292497625831
T2bH1,word_index,1,0.49479582146248813
T2bH1,word_length,0,0.48257630377313154
T2bH1,word_length,1,0.48982790508134544
T2bH1,word_part_speech,0,0.4598280830766173
T2bH1,word_part_speech,1,0.4961823843121667
T2bH8,delta_volume,0,0.49275884768502554
T2bH8,delta_volume,1,0.511692423435002
T2bH8,face_num,0,0.5244924401533912
T2bH8,face_num,1,0.5072437645632843
T2bH8,frame_brightness,0,0.5124969959144436
T2bH8,frame_brightness,1,0.509513808344566
T2bH8,global_flow,0,0.5411063394041984
T2bH8,global_flow,1,0.4988871822199932
T2bH8,gpt2_surprisal,0,0.5272091783956616
T2bH8,gpt2_surprisal,1,0.5399517256512334
T2bH8,local_flow,0,0.515380918048546
T2bH8,local_flow,1,0.5109244224318987
T2bH8,onset,0,0.48113434270608024
T2bH8,onset,1,0.47469515062223755
T2bH8,pitch,0,0.48479671483652553
T2bH8,pitch,1,0.48859492387908426
T2bH8,speech,0,0.538306009216012
T2bH8,speech,1,0.47969238163902905
T2bH8,volume,0,0.5166452462305257
T2bH8,volume,1,0.5121051586679624
T2bH8,word_gap,0,0.5012852261684586
T2bH8,word_gap,1,0.5147017334879784
T2bH8,word_head_pos,0,0.4981087322236502
T2bH8,word_head_pos,1,0.4523316928413947
T2bH8,word_index,0,0.5101139601139602
T2bH8,word_index,1,0.454667616334283
T2bH8,word_length,0,0.49465533995799515
T2bH8,word_length,1,0.49036602823317976
T2bH8,word_part_speech,0,0.5072957037331478
T2bH8,word_part_speech,1,0.48866308920467716
T2bH14,delta_volume,0,0.48289499806693625
T2bH14,delta_volume,1,0.466301996802608
T2bH14,face_num,0,0.48409140779285914
T2bH14,face_num,1,0.49713697585237665
T2bH14,frame_brightness,0,0.4711085336927787
T2bH14,frame_brightness,1,0.5021211456276188
T2bH14,global_flow,0,0.530343876367512
T2bH14,global_flow,1,0.4817508333072108
T2bH14,gpt2_surprisal,0,0.4913743560807916
T2bH14,gpt2_surprisal,1,0.5307984075734303
T2bH14,local_flow,0,0.5124290774583868
T2bH14,local_flow,1,0.4773100111804228
T2bH14,onset,0,0.49390823694137076
T2bH14,onset,1,0.5073351932541299
T2bH14,pitch,0,0.49026676279740444
T2bH14,pitch,1,0.49651003625800655
T2bH14,speech,0,0.5177998599834907
T2bH14,speech,1,0.49835428356477846
T2bH14,volume,0,0.5071209888927202
T2bH14,volume,1,0.5105378096820371
T2bH14,word_gap,0,0.4993103664461929
T2bH14,word_gap,1,0.5221205186880243
T2bH14,word_head_pos,0,0.5085525009665319
T2bH14,word_head_pos,1,0.49648391377490775
T2bH14,word_index,0,0.4992877492877493
T2bH14,word_index,1,0.49748338081671417
T2bH14,word_length,0,0.5056947013155283
T2bH14,word_length,1,0.523175867005214
T2bH14,word_part_speech,0,0.4709414024975984
T2bH14,word_part_speech,1,0.5230961608532909
T2aA4,delta_volume,0,0.509283930493297
T2aA4,delta_volume,1,0.5141897328192429
T2aA4,face_num,0,0.5004231842261998
T2aA4,face_num,1,0.5012956751616983
T2aA4,frame_brightness,0,0.4727751481144792
T2aA4,frame_brightness,1,0.49546513693405636
T2aA4,global_flow,0,0.5196650052767415
T2aA4,global_flow,1,0.5114729945769725
T2aA4,gpt2_surprisal,0,0.5137822220829024
T2aA4,gpt2_surprisal,1,0.5001724083884518
T2aA4,local_flow,0,0.5275435461793256
T2aA4,local_flow,1,0.4966145261904015
T2aA4,onset,0,0.5004649801991579
T2aA4,onset,1,0.5103288298172471
T2aA4,pitch,0,0.47678756151844764
T2aA4,pitch,1,0.4859513285894903
T2aA4,speech,0,0.5256261559198772
T2aA4,speech,1,0.49981191812168896
T2aA4,volume,0,0.511462545583733
T2aA4,volume,1,0.5048692308496077
T2aA4,word_gap,0,0.5119327502795106
T2aA4,word_gap,1,0.515798877778126
T2aA4,word_head_pos,0,0.5159921841530569
T2aA4,word_head_pos,1,0.4709988192637639
T2aA4,word_index,0,0.5257929724596391
T2aA4,word_index,1,0.48264957264957264
T2aA4,word_length,0,0.49004210944275517
T2aA4,word_length,1,0.4951568916334911
T2aA4,word_part_speech,0,0.4756533836827984
T2aA4,word_part_speech,1,0.4594223061379973
T2aA12,delta_volume,0,0.5050050677617213
T2aA12,delta_volume,1,0.4804812806286115
T2aA12,face_num,0,0.5051983741366519
T2aA12,face_num,1,0.510835605989363
T2aA12,frame_brightness,0,0.4521227129766047
T2aA12,frame_brightness,1,0.47089955382798865
T2aA12,global_flow,0,0.5181551257536336
T2aA12,global_flow,1,0.4910870087667053
T2aA12,gpt2_surprisal,0,0.5000574694628173
T2aA12,gpt2_surprisal,1,0.5125805878603595
T2aA12,local_flow,0,0.529716936773142
T2aA12,local_flow,1,0.5193724334660356
T2aA12,onset,0,0.4929364805700971
T2aA12,onset,1,0.5021002476411398
T2aA12,pitch,0,0.5242521133088827
T2aA12,pitch,1,0.4931924809044649
T2aA12,speech,0,0.5056058848729925
T2aA12,speech,1,0.4646406068775274
T2aA12,volume,0,0.48443622456976276
T2aA12,volume,1,0.5257254213556524
T2aA12,word_gap,0,0.5175281861592635
T2aA12,word_gap,1,0.4929626030531958
T2aA12,word_head_pos,0,0.49128031514163617
T2aA12,word_head_pos,1,0.46426444312090526
T2aA12,word_index,0,0.5126685660018994
T2aA12,word_index,1,0.5058024691358025
T2aA12,word_length,0,0.480638015527204
T2aA12,word_length,1,0.50963919626344
T2aA12,word_part_speech,0,0.5223839809202028
T2aA12,word_part_speech,1,0.5335511278942662
T1cIf4,delta_volume,0,0.5614244067584089
T1cIf4,delta_volume,1,0.555029622895834
T1cIf4,face_num,0,0.49743999665632216
T1cIf4,face_num,1,0.4794154833181823
T1cIf4,frame_brightness,0,0.47159441187841555
T1cIf4,frame_brightness,1,0.5079830308349791
T1cIf4,global_flow,0,0.5323631443110456
T1cIf4,global_flow,1,0.49181321379685067
T1cIf4,gpt2_surprisal,0,0.522820601235071
T1cIf4,gpt2_surprisal,1,0.5181551257536336
T1cIf4,local_flow,0,0.5157675307984075
T1cIf4,local_flow,1,0.47529335548519897
T1cIf4,onset,0,0.5588173829451533
T1cIf4,onset,1,0.5543661118251256
T1cIf4,pitch,0,0.48263899773256846
T1cIf4,pitch,1,0.48114479169931984
T1cIf4,speech,0,0.5483945121887506
T1cIf4,speech,1,0.4871007178458356
T1cIf4,volume,0,0.5226325193567599
T1cIf4,volume,1,0.5080561737876556
T1cIf4,word_gap,0,0.523996112974515
T1cIf4,word_gap,1,0.5604735483736143
T1cIf4,word_head_pos,0,0.5128156902082484
T1cIf4,word_head_pos,1,0.4755389068263273
T1cIf4,word_index,0,0.5576258309591643
T1cIf4,word_index,1,0.5628774928774928
T1cIf4,word_length,0,0.5022752682779014
T1cIf4,word_length,1,0.5293668954996187
T1cIf4,word_part_speech,0,0.4923896121103713
T1cIf4,word_part_speech,1,0.5155023352876875
T1cIf10,delta_volume,0,0.5191321066215271
T1cIf10,delta_volume,1,0.5325747364241455
T1cIf10,face_num,0,0.49233043896220596
T1cIf10,face_num,1,0.4858259406706163
T1cIf10,frame_brightness,0,0.48632226784949273
T1cIf10,frame_brightness,1,0.49561664733602917
T1cIf10,global_flow,0,0.538201519283617
T1cIf10,global_flow,1,0.4928058681546033
T1cIf10,gpt2_surprisal,0,0.5321515521979457
T1cIf10,gpt2_surprisal,1,0.5126119348400782
T1cIf10,local_flow,0,0.5308976730092057
T1cIf10,local_flow,1,0.47436339508688335
T1cIf10,onset,0,0.5799713697585238
T1cIf10,onset,1,0.545641202470142
T1cIf10,pitch,0,0.4853661849680784
T1cIf10,pitch,1,0.48445189805962197
T1cIf10,speech,0,0.5320888582385087
T1cIf10,speech,1,0.4866357376466777
T1cIf10,volume,0,0.5185783099798333
T1cIf10,volume,1,0.4768345819880255
T1cIf10,word_gap,0,0.4993312644326719
T1cIf10,word_gap,1,0.5044512711200276
T1cIf10,word_head_pos,0,0.506305967420039
T1cIf10,word_head_pos,1,0.4796140141897328
T1cIf10,word_index,0,0.6054985754985754
T1cIf10,word_index,1,0.5475688509021843
T1cIf10,word_length,0,0.5063477633929971
T1cIf10,word_length,1,0.5132284254412087
T1cIf10,word_part_speech,0,0.5355261850342841
T1cIf10,word_part_speech,1,0.5292739077147305
T1bId4,delta_volume,0,0.6943199272750071
T1bId4,delta_volume,1,0.6808563994859095
T1bId4,face_num,0,0.480658913513683
T1bId4,face_num,1,0.5134687522857173
T1bId4,frame_brightness,0,0.4769390719204205
T1bId4,frame_brightness,1,0.48421157121511343
T1bId4,global_flow,0,0.5147539784541759
T1bId4,global_flow,1,0.4964630157884288
T1bId4,gpt2_surprisal,0,0.5392568676008066
T1bId4,gpt2_surprisal,1,0.522235457613659
T1bId4,local_flow,0,0.5171833693823601
T1bId4,local_flow,1,0.49854236544308955
T1bId4,onset,0,0.6538405274651787
T1bId4,onset,1,0.6381147926397293
T1bId4,pitch,0,0.5227265602959155
T1bId4,pitch,1,0.5213211707052026
T1bId4,speech,0,0.5457300189126777
T1bId4,speech,1,0.5165094093184122
T1bId4,volume,0,0.5307148156275143
T1bId4,volume,1,0.5076486630513151
T1bId4,word_gap,0,0.5385724585436193
T1bId4,word_gap,1,0.5144143861738921
T1bId4,word_head_pos,0,0.535855720301349
T1bId4,word_head_pos,1,0.5268277901424198
T1bId4,word_index,0,0.5778822412155746
T1bId4,word_index,1,0.5789648622981955
T1bId4,word_length,0,0.49079443695599934
T1bId4,word_length,1,0.528813098857925
T1bId4,word_part_speech,0,0.5210010268640896
T1bId4,word_part_speech,1,0.5525439729702872
T1bId10,delta_volume,0,0.5150099787885437
T1bId10,delta_volume,1,0.4829576920263733
T1bId10,face_num,0,0.4757217642080186
T1bId10,face_num,1,0.5041012298465043
T1bId10,frame_brightness,0,0.4838667544382099
T1bId10,frame_brightness,1,0.504989394271862
T1bId10,global_flow,0,0.5260388911528374
T1bId10,global_flow,1,0.4969541184706854
T1bId10,gpt2_surprisal,0,0.4938977879481312
T1bId10,gpt2_surprisal,1,0.4983124875918205
T1bId10,local_flow,0,0.5161698170381284
T1bId10,local_flow,1,0.47121824812179347
T1bId10,onset,0,0.4861185124813224
T1bId10,onset,1,0.5009822053645132
T1bId10,pitch,0,0.5131082620189545
T1bId10,pitch,1,0.48382495846525186
T1bId10,speech,0,0.5135732422181123
T1bId10,speech,1,0.5036310251507268
T1bId10,volume,0,0.5102347888780916
T1bId10,volume,1,0.47248780080039293
T1bId10,word_gap,0,0.5160548781124938
T1bId10,word_gap,1,0.5408503390698307
T1bId10,word_head_pos,0,0.5137978955727616
T1bId10,word_head_pos,1,0.48205907860777614
T1bId10,word_index,0,0.49637226970560305
T1bId10,word_index,1,0.4821367521367521
T1bId10,word_length,0,0.5136150381910702
T1bId10,word_length,1,0.5057469462817258
T1bId10,word_part_speech,0,0.5603613899102322
T1bId10,word_part_speech,1,0.5288598496140978
T1aIa7,delta_volume,0,0.606976792786015
T1aIa7,delta_volume,1,0.5619102849440456
T1aIa7,face_num,0,0.5159347146902395
T1aIa7,face_num,1,0.5068911110414511
T1aIa7,frame_brightness,0,0.49533452451856264
T1aIa7,frame_brightness,1,0.4936992570765807
T1aIa7,global_flow,0,0.5320104907892125
T1aIa7,global_flow,1,0.4957106882751847
T1aIa7,gpt2_surprisal,0,0.5067369883911685
T1aIa7,gpt2_surprisal,1,0.5361430676154353
T1aIa7,local_flow,0,0.5222668045933775
T1aIa7,local_flow,1,0.5145397740927662
T1aIa7,onset,0,0.5623177956803862
T1aIa7,onset,1,0.5560222772535865
T1aIa7,pitch,0,0.5158354492544643
T1aIa7,pitch,1,0.5006635110707083
T1aIa7,speech,0,0.522130967681264
T1aIa7,speech,1,0.5095660533107635
T1aIa7,volume,0,0.515673489859252
T1aIa7,volume,1,0.5112640147121825
T1aIa7,word_gap,0,0.5024555134112829
T1aIa7,word_gap,1,0.5069799274839869
T1aIa7,word_head_pos,0,0.5188290858175815
T1aIa7,word_head_pos,1,0.49165647889825814
T1aIa7,word_index,0,0.5626400759734094
T1aIa7,word_index,1,0.4908452041785375
T1aIa7,word_length,0,0.5093936449223117
T1aIa7,word_length,1,0.5038034335391786
T1aIa7,word_part_speech,0,0.45202722846069765
T1aIa7,word_part_speech,1,0.501291861273974
P2cCc3,delta_volume,0,0.5045505365558028
P2cCc3,delta_volume,1,0.4798256063028328
P2cCc3,face_num,0,0.507063519429903
P2cCc3,face_num,1,0.4763852752787269
P2cCc3,frame_brightness,0,0.49799379329801574
P2cCc3,frame_brightness,1,0.5026958402557913
P2cCc3,global_flow,0,0.5304196315684984
P2cCc3,global_flow,1,0.5061283345349676
P2cCc3,gpt2_surprisal,0,0.5208823129891436
P2cCc3,gpt2_surprisal,1,0.5260023196764991
P2cCc3,local_flow,0,0.5301244475094824
P2cCc3,local_flow,1,0.47422233367815014
P2cCc3,onset,0,0.4843526326238467
P2cCc3,onset,1,0.5139285079882554
P2cCc3,pitch,0,0.4867323908341432
P2cCc3,pitch,1,0.51467038650826
P2cCc3,speech,0,0.4946788501927839
P2cCc3,speech,1,0.5189962697094135
P2cCc3,volume,0,0.5351033927881048
P2cCc3,volume,1,0.5235389695202868
P2cCc3,word_gap,0,0.510647524111052
P2cCc3,word_gap,1,0.5262687690041066
P2cCc3,word_head_pos,0,0.4967947713237829
P2cCc3,word_head_pos,1,0.4832189168573608
P2cCc3,word_index,0,0.5380246913580247
P2cCc3,word_index,1,0.46436372269705606
P2cCc3,word_length,0,0.488871822199931
P2cCc3,word_length,1,0.5067239271496192
P2cCc3,word_part_speech,0,0.46640332571466425
P2cCc3,word_part_speech,1,0.4966378482228626
P2cCc10,delta_volume,0,0.4990831008432337
P2cCc10,delta_volume,1,0.4616339090728608
P2cCc10,face_num,0,0.46334493171582913
P2cCc10,face_num,1,0.48078430143255696
P2cCc10,frame_brightness,0,0.4842533671880714
P2cCc10,frame_brightness,1,0.4876127185145711
P2cCc10,global_flow,0,0.5384784176044637
P2cCc10,global_flow,1,0.5140643449003689
P2cCc10,gpt2_surprisal,0,0.5128888331609249
P2cCc10,gpt2_surprisal,1,0.47224224945926463
P2cCc10,local_flow,0,0.5278152200035526
P2cCc10,local_flow,1,0.5097802576721733
P2cCc10,onset,0,0.4920221936616407
P2cCc10,onset,1,0.5275069747029874
P2cCc10,pitch,0,0.4820016091449589
P2cCc10,pitch,1,0.4948643198227851
P2cCc10,speech,0,0.5067500496327179
P2cCc10,speech,1,0.5014288998255019
P2cCc10,volume,0,0.4966615466599793
P2cCc10,volume,1,0.4888404752202125
P2cCc10,word_gap,0,0.5015360020062067
P2cCc10,word_gap,1,0.5159399391868593
P2cCc10,word_head_pos,0,0.5243670522345172
P2cCc10,word_head_pos,1,0.4958256272008192
P2cCc10,word_index,0,0.5229724596391263
P2cCc10,word_index,1,0.44817663817663816
P2cCc10,word_length,0,0.48657304368724075
P2cCc10,word_length,1,0.4566314535594495
P2cCc10,word_part_speech,0,0.4835329093378382
P2cCc10,word_part_speech,1,0.4936566298983073
P2aIe1,delta_volume,0,0.5084741335172356
P2aIe1,delta_volume,1,0.5067709476191968
P2aIe1,face_num,0,0.4662236293533118
P2aIe1,face_num,1,0.48792618831175616
P2aIe1,frame_brightness,0,0.4697658380615028
P2aIe1,frame_brightness,1,0.4860453695286459
P2aIe1,global_flow,0,0.5242050928393049
P2aIe1,global_flow,1,0.5052401701096099
P2aIe1,gpt2_surprisal,0,0.4789740133538133
P2aIe1,gpt2_surprisal,1,0.5253962780686081
P2aIe1,local_flow,0,0.5271046884632665
P2aIe1,local_flow,1,0.48479671483652553
P2aIe1,onset,0,0.49189158124614696
P2aIe1,onset,1,0.4977273439704084
P2aIe1,pitch,0,0.4823620994117217
P2aIe1,pitch,1,0.48101417928382595
P2aIe1,speech,0,0.5001306124154938
P2aIe1,speech,1,0.5049371493056645
P2aIe1,volume,0,0.5101929929051335
P2aIe1,volume,1,0.4997805711419705
P2aIe1,word_gap,0,0.5070269479535647
P2aIe1,word_gap,1,0.5121469546409204
P2aIe1,word_head_pos,0,0.49773779296364795
P2aIe1,word_head_pos,1,0.4548603492053541
P2aIe1,word_index,0,0.5155555555555555
P2aIe1,word_index,1,0.44060778727445393
P2aIe1,word_length,0,0.48117613867903825
P2aIe1,word_length,1,0.4951830141165899
P2aIe1,word_part_speech,0,0.5106247308622345
P2aIe1,word_part_speech,1,0.5142270363377389
P2aIe7,delta_volume,0,0.5233900713666237
P2aIe7,delta_volume,1,0.4881038211968277
P2aIe7,face_num,0,0.4884643114635905
P2aIe7,face_num,1,0.5043885771605905
P2aIe7,frame_brightness,0,0.49867297785858333
P2aIe7,frame_brightness,1,0.5089129912332947
P2aIe7,global_flow,0,0.5297691817393394
P2aIe7,global_flow,1,0.493965706404188
P2aIe7,gpt2_surprisal,0,0.5103915237766842
P2aIe7,gpt2_surprisal,1,0.5086308684158282
P2aIe7,local_flow,0,0.5158093267713656
P2aIe7,local_flow,1,0.49169827487121615
P2aIe7,onset,0,0.5154958569741805
P2aIe7,onset,1,0.523029581099861
P2aIe7,pitch,0,0.48053352559480894
P2aIe7,pitch,1,0.4763330303125294
P2aIe7,speech,0,0.5092943794865364
P2aIe7,speech,1,0.4975183641056184
P2aIe7,volume,0,0.5201456589657586
P2aIe7,volume,1,0.47887736016634797
P2aIe7,word_gap,0,0.5304170193201885
P2aIe7,word_gap,1,0.5307461626072328
P2aIe7,word_head_pos,0,0.49820799765942547
P2aIe7,word_head_pos,1,0.4797498511018463
P2aIe7,word_index,0,0.5411301044634378
P2aIe7,word_index,1,0.4567806267806268
P2aIe7,word_length,0,0.4901413748785305
P2aIe7,word_length,1,0.5217757019111209
P2aIe7,word_part_speech,0,0.4633558580940078
P2aIe7,word_part_speech,1,0.4740468382523436
F3cIc1,delta_volume,0,0.4938298694920744
F3cIc1,delta_volume,1,0.5032339634076257
F3cIc1,face_num,0,0.47171457530066974
F3cIc1,face_num,1,0.4963219543796955
F3cIc1,frame_brightness,0,0.49755493558195674
F3cIc1,frame_brightness,1,0.4941172168061607
F3cIc1,global_flow,0,0.5410828291694095
F3cIc1,global_flow,1,0.5242573378055024
F3cIc1,gpt2_surprisal,0,0.515819775764605
F3cIc1,gpt2_surprisal,1,0.5132127519513495
F3cIc1,local_flow,0,0.5220996207015454
F3cIc1,local_flow,1,0.5099683395504843
F3cIc1,onset,0,0.4823412014252426
F3cIc1,onset,1,0.4857736957044189
F3cIc1,pitch,0,0.4916617033948779
F3cIc1,pitch,1,0.5047804144070719
F3cIc1,speech,0,0.47564862125534213
F3cIc1,speech,1,0.4741544152220934
F3cIc1,volume,0,0.5365610273450153
F3cIc1,volume,1,0.5050050677617212
F3cIc1,word_gap,0,0.5431438930859012
F3cIc1,word_gap,1,0.5256209314232574
F3cIc1,word_head_pos,0,0.48379361148553335
F3cIc1,word_head_pos,1,0.46751146777008035
F3cIc1,word_index,0,0.5313390313390314
F3cIc1,word_index,1,0.45704653371320036
F3cIc1,word_length,0,0.48071115847988055
F3cIc1,word_length,1,0.5247223180046603
F3cIc1,word_part_speech,0,0.4716535824306866
F3cIc1,word_part_speech,1,0.4923316439762828
F3cIc7,delta_volume,0,0.5054387009811605
F3cIc7,delta_volume,1,0.4812492816317149
F3cIc7,face_num,0,0.5178834519294067
F3cIc7,face_num,1,0.49480162586334797
F3cIc7,frame_brightness,0,0.46227390990878026
F3cIc7,frame_brightness,1,0.49623836243377956
F3cIc7,global_flow,0,0.5334472273596439
F3cIc7,global_flow,1,0.5281286898007378
F3cIc7,gpt2_surprisal,0,0.5195657398409663
F3cIc7,gpt2_surprisal,1,0.5005276741585949
F3cIc7,local_flow,0,0.5246596240452233
F3cIc7,local_flow,1,0.501969635225646
F3cIc7,onset,0,0.5106579731042914
F3cIc7,onset,1,0.5447687115346436
F3cIc7,pitch,0,0.4965152607546263
F3cIc7,pitch,1,0.4828479775973584
F3cIc7,speech,0,0.5313887756914621
F3cIc7,speech,1,0.5016404919386017
F3cIc7,volume,0,0.5231236220390165
F3cIc7,volume,1,0.5145920190589637
F3cIc7,word_gap,0,0.5302864069046948
F3cIc7,word_gap,1,0.5262269730311484
F3cIc7,word_head_pos,0,0.4871059423424553
F3cIc7,word_head_pos,1,0.47059130852742337
F3cIc7,word_index,0,0.5147293447293446
F3cIc7,word_index,1,0.45223171889838554
F3cIc7,word_length,0,0.5089182157299145
F3cIc7,word_length,1,0.49229909198248756
F3cIc7,word_part_speech,0,0.4932756964457252
F3cIc7,word_part_speech,1,0.503623008380536
F3bIb3,delta_volume,0,0.5190223921925122
F3bIb3,delta_volume,1,0.4550536555802849
F3bIb3,face_num,0,0.5032548613941047
F3bIb3,face_num,1,0.49107655977346587
F3bIb3,frame_brightness,0,0.49951412181436317
F3bIb3,frame_brightness,1,0.5361012716424772
F3bIb3,global_flow,0,0.5288757928173621
F3bIb3,global_flow,1,0.5402077259856013
F3bIb3,gpt2_surprisal,0,0.49221550003657155
F3bIb3,gpt2_surprisal,1,0.5068231925853943
F3bIb3,local_flow,0,0.531519388106956
F3bIb3,local_flow,1,0.5060238446025725
F3bIb3,onset,0,0.4865730436872407
F3bIb3,onset,1,0.5085733989530109
F3bIb3,pitch,0,0.5085107049935739
F3bIb3,pitch,1,0.48159671065692816
F3bIb3,speech,0,0.5088346237839985
F3bIb3,speech,1,0.48776945341316363
F3bIb3,volume,0,0.4975967315549147
F3bIb3,volume,1,0.5105012382056989
F3bIb3,word_gap,0,0.49506285069433553
F3bIb3,word_gap,1,0.4831196514215855
F3bIb3,word_head_pos,0,0.5158563472409433
F3bIb3,word_head_pos,1,0.49075786547966105
F3bIb3,word_index,0,0.48697056030389363
F3bIb3,word_index,1,0.47073124406457734
F3bIb3,word_length,0,0.503667596627065
F3bIb3,word_length,1,0.48474446987032804
F3bIb3,word_part_speech,0,0.4970022193514194
F3bIb3,word_part_speech,1,0.4840173573155785
F3bIb9,delta_volume,0,0.5054178029946815
F3bIb9,delta_volume,1,0.49760195605153434
F3bIb9,face_num,0,0.5165146338150319
F3bIb9,face_num,1,0.4940022778805262
F3bIb9,frame_brightness,0,0.4725243722767311
F3bIb9,frame_brightness,1,0.4962566481719487
F3bIb9,global_flow,0,0.5297796307325789
F3bIb9,global_flow,1,0.500752327513244
F3bIb9,gpt2_surprisal,0,0.5351295152712037
F3bIb9,gpt2_surprisal,1,0.5501499430529869
F3bIb9,local_flow,0,0.5192000250775838
F3bIb9,local_flow,1,0.4530709591130895
F3bIb9,onset,0,0.513348588863463
F3bIb9,onset,1,0.5270994639666469
F3bIb9,pitch,0,0.5138240180558603
F3bIb9,pitch,1,0.5055222929270765
F3bIb9,speech,0,0.5093335632111846
F3bIb9,speech,1,0.5078550306677951
F3bIb9,volume,0,0.5147696519440351
F3bIb9,volume,1,0.5028656363959332
F3bIb9,word_gap,0,0.5086935623752652
F3bIb9,word_gap,1,0.5345548206430311
F3bIb9,word_head_pos,0,0.5153965915384052
F3bIb9,word_head_pos,1,0.469279959875866
F3bIb9,word_index,0,0.5393542260208927
F3bIb9,word_index,1,0.44043684710351383
F3bIb9,word_length,0,0.4919020302393864
F3bIb9,word_length,1,0.4704711451051691
F3bIb9,word_part_speech,0,0.5092334956441088
F3bIb9,word_part_speech,1,0.5429626685216469
F3aOFc5,delta_volume,0,0.5052558435994692
F3aOFc5,delta_volume,1,0.5044303731335487
F3aOFc5,face_num,0,0.47545009038379155
F3aOFc5,face_num,1,0.5081763372099098
F3aOFc5,frame_brightness,0,0.4763225813192899
F3aOFc5,frame_brightness,1,0.4915572134624829
F3aOFc5,global_flow,0,0.5315246126035756
F3aOFc5,global_flow,1,0.511337157664859
F3aOFc5,gpt2_surprisal,0,0.5031242489786109
F3aOFc5,gpt2_surprisal,1,0.5116558519586638
F3aOFc5,local_flow,0,0.5352653521833172
F3aOFc5,local_flow,1,0.49583607619405873
F3aOFc5,onset,0,0.4797289531153674
F3aOFc5,onset,1,0.4843630816170862
F3aOFc5,pitch,0,0.4942687272081335
F3aOFc5,pitch,1,0.48425336718807144
F3aOFc5,speech,0,0.5234736633125399
F3aOFc5,speech,1,0.4706957984598184
F3aOFc5,volume,0,0.5220630492252071
F3aOFc5,volume,1,0.503646698640586
F3aOFc5,word_gap,0,0.518293574914057
F3aOFc5,word_gap,1,0.5162481844874246
F3aOFc5,word_head_pos,0,0.5302080394553985
F3aOFc5,word_head_pos,1,0.48251883431031417
F3aOFc5,word_index,0,0.5122507122507123
F3aOFc5,word_index,1,0.48170940170940174
F3aOFc5,word_length,0,0.49798856880139597
F3aOFc5,word_length,1,0.5007941234862021
F3aOFc5,word_part_speech,0,0.464043194541058
F3aOFc5,word_part_speech,1,0.512024247242373
F3aOFc11,delta_volume,0,0.5237766841164854
F3aOFc11,delta_volume,1,0.514189732819243
F3aOFc11,face_num,0,0.508212908686248
F3aOFc11,face_num,1,0.5088346237839985
F3aOFc11,frame_brightness,0,0.49237745943178374
F3aOFc11,frame_brightness,1,0.506144008024827
F3aOFc11,global_flow,0,0.531179795826672
F3aOFc11,global_flow,1,0.4943941151270075
F3aOFc11,gpt2_surprisal,0,0.5004754291923973
F3aOFc11,gpt2_surprisal,1,0.5368065786861436
F3aOFc11,local_flow,0,0.5416287890661735
F3aOFc11,local_flow,1,0.4912959886314954
F3aOFc11,onset,0,0.5094145429087907
F3aOFc11,onset,1,0.5140277734240306
F3aOFc11,pitch,0,0.4850265926877946
F3aOFc11,pitch,1,0.5029152691138209
F3aOFc11,speech,0,0.5226429683499995
F3aOFc11,speech,1,0.4757217642080186
F3aOFc11,volume,0,0.5161280210651704
F3aOFc11,volume,1,0.5035787801845293
F3aOFc11,word_gap,0,0.5008254704659206
F3aOFc11,word_gap,1,0.5097750331755535
F3aOFc11,word_head_pos,0,0.5154801834843212
F3aOFc11,word_head_pos,1,0.4636897484927327
F3aOFc11,word_index,0,0.5081861348528015
F3aOFc11,word_index,1,0.46953466286799617
F3aOFc11,word_length,0,0.47316698536096047
F3aOFc11,word_length,1,0.5010710218070489
F3aOFc11,word_part_speech,0,0.49560270297128095
F3aOFc11,word_part_speech,1,0.507386796515287
P2bIg2,delta_volume,0,0.48808814770696846
P2bIg2,delta_volume,1,0.4991484070509806
P2bIg2,face_num,0,0.48682904402160854
P2bIg2,face_num,1,0.4939500329143287
P2bIg2,frame_brightness,0,0.4797655245917056
P2bIg2,frame_brightness,1,0.4915415399726236
P2bIg2,global_flow,0,0.5317074699852669
P2bIg2,global_flow,1,0.5200699037647722
P2bIg2,gpt2_surprisal,0,0.5216842732202751
P2bIg2,gpt2_surprisal,1,0.49367835909010166
P2bIg2,local_flow,0,0.5294922834184926
P2bIg2,local_flow,1,0.4968287305518113
P2bIg2,onset,0,0.49656750572082375
P2bIg2,onset,1,0.5140382224172702
P2bIg2,pitch,0,0.4773413581601412
P2bIg2,pitch,1,0.49277190892657485
P2bIg2,speech,0,0.5420519732923732
P2bIg2,speech,1,0.4964107708222313
P2bIg2,volume,0,0.486337941339352
P2bIg2,volume,1,0.4969279959875866
P2bIg2,word_gap,0,0.5065985392307452
P2bIg2,word_gap,1,0.5074501321797645
P2bIg2,word_head_pos,0,0.5224496619750687
P2bIg2,word_head_pos,1,0.4671353040134584
P2bIg2,word_index,0,0.5308831908831909
P2bIg2,word_index,1,0.45982905982905986
P2bIg2,word_length,0,0.5290795481855324
P2bIg2,word_length,1,0.48193107844059224
P2bIg2,word_part_speech,0,0.5182185564278379
P2bIg2,word_part_speech,1,0.49540395508297724
P2bIg8,delta_volume,0,0.48241956887453896
P2bIg8,delta_volume,1,0.4653250159347147
P2bIg8,face_num,0,0.49225207151290973
P2bIg8,face_num,1,0.5006426130842294
P2bIg8,frame_brightness,0,0.4919699486954432
P2bIg8,frame_brightness,1,0.4960764030385672
P2bIg8,global_flow,0,0.5385672340469996
P2bIg8,global_flow,1,0.501635267441982
P2bIg8,gpt2_surprisal,0,0.4924715003709393
P2bIg8,gpt2_surprisal,1,0.47377302696885154
P2bIg8,local_flow,0,0.5151876116736153
P2bIg8,local_flow,1,0.4989028557098524
P2bIg8,onset,0,0.495768157738002
P2bIg8,onset,1,0.5132754459107864
P2bIg8,pitch,0,0.47813025714972357
P2bIg8,pitch,1,0.44691388984671326
P2bIg8,speech,0,0.49416423727573844
P2bIg8,speech,1,0.49245582688108
P2bIg8,volume,0,0.5184947180339174
P2bIg8,volume,1,0.5045505365558027
P2bIg8,word_gap,0,0.4980878342371713
P2bIg8,word_gap,1,0.5303595498573712
P2bIg8,word_head_pos,0,0.5152921016060104
P2bIg8,word_head_pos,1,0.4685694283355799
P2bIg8,word_index,0,0.5068755935422602
P2bIg8,word_index,1,0.4923076923076923
P2bIg8,word_length,0,0.4849900212114563
P2bIg8,word_length,1,0.48375181551257534
P2bIg8,word_part_speech,0,0.4870565437742224
P2bIg8,word_part_speech,1,0.4797774023650998
F2e2,delta_volume,0,0.4954546879408168
F2e2,delta_volume,1,0.47082118637869236
F2e2,face_num,0,0.499707428189294
F2e2,face_num,1,0.500313469797185
F2e2,frame_brightness,0,0.4722631474457436
F2e2,frame_brightness,1,0.5070373969468042
F2e2,global_flow,0,0.5238184800894434
F2e2,global_flow,1,0.4817874047835491
F2e2,gpt2_surprisal,0,0.5133747113465617
F2e2,gpt2_surprisal,1,0.5126641798062757
F2e2,local_flow,0,0.475397845417594
F2e2,local_flow,1,0.5007680010031033
F2e2,onset,0,0.4783131145314149
F2e2,onset,1,0.5044199241403091
F2e2,pitch,0,0.49280586815460337
F2e2,pitch,1,0.47242510684095584
F2e2,speech,0,0.5352183317137393
F2e2,speech,1,0.4826964671953857
F2e2,volume,0,0.482837528604119
F2e2,volume,1,0.4820538541111564
F2e2,word_gap,0,0.4922625205061492
F2e2,word_gap,1,0.5242730112953616
F2e2,word_head_pos,0,0.5119066277964118
F2e2,word_head_pos,1,0.5319477968297754
F2e2,word_index,0,0.5120037986704653
F2e2,word_index,1,0.5136372269705604
F2e2,word_length,0,0.5394867454520756
F2e2,word_length,1,0.506243273460602
F2e2,word_part_speech,0,0.485441717181755
F2e2,word_part_speech,1,0.4802328662757958
F2e8,delta_volume,0,0.543776057176891
F2e8,delta_volume,1,0.5695223765190224
F2e8,face_num,0,0.5053498845386246
F2e8,face_num,1,0.5205061492325215
F2e8,frame_brightness,0,0.4972101188050531
F2e8,frame_brightness,1,0.5086935623752651
F2e8,global_flow,0,0.5358922917776873
F2e8,global_flow,1,0.5202553733947735
F2e8,gpt2_surprisal,0,0.4970481594098408
F2e8,gpt2_surprisal,1,0.504294536221435
F2e8,local_flow,0,0.47276992361785936
F2e8,local_flow,1,0.48776945341316363
F2e8,onset,0,0.5524748440487759
F2e8,onset,1,0.5458554068315518
F2e8,pitch,0,0.536022904193181
F2e8,pitch,1,0.5179879418618016
F2e8,speech,0,0.52870860892553
F2e8,speech,1,0.525542563973961
F2e8,volume,0,0.4770435618528155
F2e8,volume,1,0.46229480789525923
F2e8,word_gap,0,0.531033509921319
F2e8,word_gap,1,0.5292885280503223
F2e8,word_head_pos,0,0.5052767415859482
F2e8,word_head_pos,1,0.504085556356645
F2e8,word_index,0,0.5900854700854702
F2e8,word_index,1,0.530997150997151
F2e8,word_length,0,0.5092055630440007
F2e8,word_length,1,0.5584777906648695
F2e8,word_part_speech,0,0.5034863692073271
F2e8,word_part_speech,1,0.5171834111762563
F2c6,delta_volume,0,0.5328255122618936
F2c6,delta_volume,1,0.531472367637378
F2c6,face_num,0,0.48344879470862984
F2c6,face_num,1,0.5017920023405745
F2c6,frame_brightness,0,0.4966667711565991
F2c6,frame_brightness,1,0.5219481102995726
F2c6,global_flow,0,0.5455994064971841
F2c6,global_flow,1,0.5129463026237422
F2c6,gpt2_surprisal,0,0.5049632717887632
F2c6,gpt2_surprisal,1,0.4775816850046498
F2c6,local_flow,0,0.503228738911006
F2c6,local_flow,1,0.4890755775681013
F2c6,onset,0,0.5132911194006458
F2c6,onset,1,0.5196702297733614
F2c6,pitch,0,0.506159681514686
F2c6,pitch,1,0.5125466286323312
F2c6,speech,0,0.5254798700145241
F2c6,speech,1,0.5060813140653898
F2c6,volume,0,0.47518364105618427
F2c6,volume,1,0.49207966312445794
F2c6,word_gap,0,0.5206158636615362
F2c6,word_gap,1,0.47342298569532826
F2c6,word_head_pos,0,0.5185469630001149
F2c6,word_head_pos,1,0.4772838886973241
F2c6,word_index,0,0.4911680911680911
F2c6,word_index,1,0.47873694207027545
F2c6,word_length,0,0.5272561988652393
F2c6,word_length,1,0.4995715912771804
F2c6,word_part_speech,0,0.5279075159826426
F2c6,word_part_speech,1,0.4818890986783266
F2aOFb4,delta_volume,0,0.4947284829106715
F2aOFb4,delta_volume,1,0.4982968141019613
F2aOFb4,face_num,0,0.49353729768136834
F2aOFb4,face_num,1,0.5085420519732923
F2aOFb4,frame_brightness,0,0.4934484812388326
F2aOFb4,frame_brightness,1,0.4803924641860757
F2aOFb4,global_flow,0,0.528311547182429
F2aOFb4,global_flow,1,0.5071471113758189
F2aOFb4,gpt2_surprisal,0,0.5038609030019958
F2aOFb4,gpt2_surprisal,1,0.5063634368828563
F2aOFb4,local_flow,0,0.4886523933419016
F2aOFb4,local_flow,1,0.5004075107363405
F2aOFb4,onset,0,0.49291035808699835
F2aOFb4,onset,1,0.4953867694847601
F2aOFb4,pitch,0,0.5086517664023071
F2aOFb4,pitch,1,0.49123329467205834
F2aOFb4,speech,0,0.4853766339613179
F2aOFb4,speech,1,0.5205427207088598
F2aOFb4,volume,0,0.49278497016812434
F2aOFb4,volume,1,0.47613449944097885
F2aOFb4,word_gap,0,0.5181760237401126
F2aOFb4,word_gap,1,0.5100519314964003
F2aOFb4,word_head_pos,0,0.512089485178103
F2aOFb4,word_head_pos,1,0.5119170767896513
F2aOFb4,word_index,0,0.5058309591642924
F2aOFb4,word_index,1,0.48961063627730295
F2aOFb4,word_length,0,0.4869335339540035
F2aOFb4,word_length,1,0.5053655580284839
F2aOFb4,word_part_speech,0,0.5069064891185531
F2aOFb4,word_part_speech,1,0.49571035807744546
F2aOFb10,delta_volume,0,0.47191833066884
F2aOFb10,delta_volume,1,0.4963219543796955
F2aOFb10,face_num,0,0.5090018076758305
F2aOFb10,face_num,1,0.5135314462451543
F2aOFb10,frame_brightness,0,0.5039235969614329
F2aOFb10,frame_brightness,1,0.5256000334367783
F2aOFb10,global_flow,0,0.5388127853881279
F2aOFb10,global_flow,1,0.4739349863640638
F2aOFb10,gpt2_surprisal,0,0.4798438920410018
F2aOFb10,gpt2_surprisal,1,0.463287462253012
F2aOFb10,local_flow,0,0.4725818417395484
F2aOFb10,local_flow,1,0.46630722129922786
F2aOFb10,onset,0,0.4944933805627827
F2aOFb10,onset,1,0.4908101104458585
F2aOFb10,pitch,0,0.5039340459546723
F2aOFb10,pitch,1,0.48815867841133503
F2aOFb10,speech,0,0.5046341285017188
F2aOFb10,speech,1,0.48366299907003957
F2aOFb10,volume,0,0.5159294901936198
F2aOFb10,volume,1,0.48237254840496113
F2aOFb10,word_gap,0,0.49845354900055383
F2aOFb10,word_gap,1,0.4908153349424783
F2aOFb10,word_head_pos,0,0.4885061074365485
F2aOFb10,word_head_pos,1,0.4915154174895249
F2aOFb10,word_index,0,0.5092972459639127
F2aOFb10,word_index,1,0.5059164292497627
F2aOFb10,word_length,0,0.4693896743048807
F2aOFb10,word_length,1,0.4960920765284266
F2aOFb10,word_part_speech,0,0.47848554109112595
F2aOFb10,word_part_speech,1,0.49123024942859983
F2aOFb16,delta_volume,0,0.5198112911820947
F2aOFb16,delta_volume,1,0.5439902615383008
F2aOFb16,face_num,0,0.49946187684816573
F2aOFb16,face_num,1,0.5073404177507498
F2aOFb16,frame_brightness,0,0.46737824310627674
F2aOFb16,frame_brightness,1,0.4871268403289343
F2aOFb16,global_flow,0,0.5237348881435273
F2aOFb16,global_flow,1,0.48991672152388116
F2aOFb16,gpt2_surprisal,0,0.48084699539199394
F2aOFb16,gpt2_surprisal,1,0.4762494383666134
F2aOFb16,local_flow,0,0.48470267389737004
F2aOFb16,local_flow,1,0.5024659624045223
F2aOFb16,onset,0,0.4895248842773998
F2aOFb16,onset,1,0.5178521049496881
F2aOFb16,pitch,0,0.5112796882020417
F2aOFb16,pitch,1,0.5038504540087563
F2aOFb16,speech,0,0.5200934139995612
F2aOFb16,speech,1,0.5070896419130017
F2aOFb16,volume,0,0.5082756026456849
F2aOFb16,volume,1,0.5138867120152973
F2aOFb16,word_gap,0,0.48712161583231456
F2aOFb16,word_gap,1,0.5037668620628402
F2aOFb16,word_head_pos,0,0.4927275007053071
F2aOFb16,word_head_pos,1,0.4950184424730677
F2aOFb16,word_index,0,0.5092212725546059
F2aOFb16,word_index,1,0.4796011396011396
F2aOFb16,word_length,0,0.48547067490047335
F2aOFb16,word_length,1,0.5276689340981996
F2aOFb16,word_part_speech,0,0.48473781841067937
F2aOFb16,word_part_speech,1,0.5132829838682964
F2dCb6,delta_volume,0,0.5178677784395473
F2dCb6,delta_volume,1,0.5008620419422589
F2dCb6,face_num,0,0.4978919156139306
F2dCb6,face_num,1,0.5077583774803298
F2dCb6,frame_brightness,0,0.4879575352914747
F2dCb6,frame_brightness,1,0.5074135607034262
F2dCb6,global_flow,0,0.5234736633125399
F2dCb6,global_flow,1,0.5018181248236733
F2dCb6,gpt2_surprisal,0,0.4956950147853254
F2dCb6,gpt2_surprisal,1,0.4846765514142712
F2dCb6,local_flow,0,0.5156003469065755
F2dCb6,local_flow,1,0.5132702214141668
F2dCb6,onset,0,0.48575802221455966
F2dCb6,onset,1,0.45475063477633926
F2dCb6,pitch,0,0.5193201884998381
F2dCb6,pitch,1,0.5203128428575907
F2dCb6,speech,0,0.5453120591830977
F2dCb6,speech,1,0.48159409840861833
F2dCb6,volume,0,0.5183327586387052
F2dCb6,volume,1,0.49114970272614233
F2dCb6,word_gap,0,0.4826860182021463
F2dCb6,word_gap,1,0.5085316029800528
F2dCb6,word_head_pos,0,0.5075598466087792
F2dCb6,word_head_pos,1,0.5080927452639938
F2dCb6,word_index,0,0.47632478632478625
F2dCb6,word_index,1,0.49697056030389364
F2dCb6,word_length,0,0.5119849952457081
F2dCb6,word_length,1,0.567495271830559
F2dCb6,word_part_speech,0,0.4665689489549173
F2dCb6,word_part_speech,1,0.48831528040014577
F2dCb12,delta_volume,0,0.4855542668463894
F2dCb12,delta_volume,1,0.5106736465941506
F2dCb12,face_num,0,0.48120226116213705
F2dCb12,face_num,1,0.49302529701263287
F2dCb12,frame_brightness,0,0.5166034502575677
F2dCb12,frame_brightness,1,0.5224287639885897
F2dCb12,global_flow,0,0.5250410122984651
F2dCb12,global_flow,1,0.48396601987398513
F2dCb12,gpt2_surprisal,0,0.5150413257682622
F2dCb12,gpt2_surprisal,1,0.496353301359414
F2dCb12,local_flow,0,0.5011650627462044
F2dCb12,local_flow,1,0.4979519973250577
F2dCb12,onset,0,0.49258643929657375
F2dCb12,onset,1,0.5054961704439778
F2dCb12,pitch,0,0.498302038598581
F2dCb12,pitch,1,0.4745723749516734
F2dCb12,speech,0,0.49160423393206054
F2dCb12,speech,1,0.49294692956333663
F2dCb12,volume,0,0.5074449076831447
F2dCb12,volume,1,0.48201989488312796
F2dCb12,word_gap,0,0.5243069705233901
F2dCb12,word_gap,1,0.5131657314817717
F2dCb12,word_head_pos,0,0.5100937274693583
F2dCb12,word_head_pos,1,0.49803558927097374
F2dCb12,word_index,0,0.5075166191832858
F2dCb12,word_index,1,0.47830959164292497
F2dCb12,word_length,0,0.5039079234715735
F2dCb12,word_length,1,0.5167915321358787
F2dCb12,word_part_speech,0,0.5299032760276922
F2dCb12,word_part_speech,1,0.5106992613203485
F2bCa4,delta_volume,0,0.4687261632341724
F2bCa4,delta_volume,1,0.46826640753163434
F2bCa4,face_num,0,0.4920378671515
F2bCa4,face_num,1,0.47603523400520364
F2bCa4,frame_brightness,0,0.5139755284578331
F2bCa4,frame_brightness,1,0.5093466244527339
F2bCa4,global_flow,0,0.5296960387866629
F2bCa4,global_flow,1,0.5382119682768566
F2bCa4,gpt2_surprisal,0,0.5327262468261184
F2bCa4,gpt2_surprisal,1,0.5178573294463078
F2bCa4,local_flow,0,0.495747259751523
F2bCa4,local_flow,1,0.4712600440947515
F2bCa4,onset,0,0.49882448826055614
F2bCa4,onset,1,0.49134823359769286
F2bCa4,pitch,0,0.4948904423058838
F2bCa4,pitch,1,0.5137508751031838
F2bCa4,speech,0,0.4882030866326029
F2bCa4,speech,1,0.44522115294191406
F2bCa4,volume,0,0.4490507089641913
F2bCa4,volume,1,0.45711733174508634
F2bCa4,word_gap,0,0.5025077583774804
F2bCa4,word_gap,1,0.48839639300753374
F2bCa4,word_head_pos,0,0.4777227464133831
F2bCa4,word_head_pos,1,0.46064909146003785
F2bCa4,word_index,0,0.4812345679012346
F2bCa4,word_index,1,0.5099905033238367
F2bCa4,word_length,0,0.47894005412578494
F2bCa4,word_length,1,0.4987252228247808
F2bCa4,word_part_speech,0,0.48695716983007054
F2bCa4,word_part_speech,1,0.5434015701083176
F2bCa10,delta_volume,0,0.517225165355318
F2bCa10,delta_volume,1,0.5147957744271339
F2bCa10,face_num,0,0.492079663124458
F2bCa10,face_num,1,0.5124343019550066
F2bCa10,frame_brightness,0,0.4952195855929281
F2bCa10,frame_brightness,1,0.5093309509628747
F2bCa10,global_flow,0,0.5411690333636354
F2bCa10,global_flow,1,0.5106318506211927
F2bCa10,gpt2_surprisal,0,0.4633867276887872
F2bCa10,gpt2_surprisal,1,0.4594892532104532
F2bCa10,local_flow,0,0.5060186201059528
F2bCa10,local_flow,1,0.5230818260660586
F2bCa10,onset,0,0.5012695526785993
F2bCa10,onset,1,0.5266815042370667
F2bCa10,pitch,0,0.5039026989749538
F2bCa10,pitch,1,0.5035056372318527
F2bCa10,speech,0,0.5102765848510495
F2bCa10,speech,1,0.5125805878603595
F2bCa10,volume,0,0.5129672006102212
F2bCa10,volume,1,0.4971996698118136
F2bCa10,word_gap,0,0.4961390969980043
F2bCa10,word_gap,1,0.5178468804530684
F2bCa10,word_head_pos,0,0.4961913419642017
F2bCa10,word_head_pos,1,0.5009090624118366
F2bCa10,word_index,0,0.5477872744539412
F2bCa10,word_index,1,0.5216144349477683
F2bCa10,word_length,0,0.5146599375150205
F2bCa10,word_length,1,0.49727281276449015
F2bCa10,word_part_speech,0,0.4713803040842691
F2bCa10,word_part_speech,1,0.4709496836596111
F2bCa16,delta_volume,0,0.5002089798647901
F2bCa16,delta_volume,1,0.5244454196838135
F2bCa16,face_num,0,0.5077479284870903
F2bCa16,face_num,1,0.4911601517193818
F2bCa16,frame_brightness,0,0.49409631881968175
F2bCa16,frame_brightness,1,0.4859826755692089
F2bCa16,global_flow,0,0.532313511593158
F2bCa16,global_flow,1,0.492602112786433
F2bCa16,gpt2_surprisal,0,0.492372234935164
F2bCa16,gpt2_surprisal,1,0.4619290931318767
F2bCa16,local_flow,0,0.5091062976082255
F2bCa16,local_flow,1,0.484681775910891
F2bCa16,onset,0,0.4760718054815418
F2bCa16,onset,1,0.4801103413686092
F2bCa16,pitch,0,0.4965570567275843
F2bCa16,pitch,1,0.5124134039685276
F2bCa16,speech,0,0.4998171426183088
F2bCa16,speech,1,0.48167769035453434
F2bCa16,volume,0,0.5138292425524801
F2bCa16,volume,1,0.505072986217778
F2bCa16,word_gap,0,0.48077907693593724
F2bCa16,word_gap,1,0.49712652685913716
F2bCa16,word_head_pos,0,0.4873828406633021
F2bCa16,word_head_pos,1,0.48755524905175385
F2bCa16,word_index,0,0.4992972459639127
F2bCa16,word_index,1,0.48716049382716053
F2bCa16,word_length,0,0.5171258999195427
F2bCa16,word_length,1,0.5449306709298559
F2bCa16,word_part_speech,0,0.49476630560800294
F2bCa16,word_part_speech,1,0.486087647818742
F10Fa9,delta_volume,0,0.5321306542114667
F10Fa9,delta_volume,1,0.5377992330438962
F10Fa9,face_num,0,0.4909198248748733
F10Fa9,face_num,1,0.47718462326154876
F10Fa9,frame_brightness,0,0.4953606470016614
F10Fa9,frame_brightness,1,0.4914997439996656
F10Fa9,global_flow,0,0.5051200066873557
F10Fa9,global_flow,1,0.47551800883984824
F10Fa9,gpt2_surprisal,0,0.4784698494300074
F10Fa9,gpt2_surprisal,1,0.49148407050980636
F10Fa9,local_flow,0,0.4968026080687127
F10Fa9,local_flow,1,0.49392913492784973
F10Fa9,onset,0,0.515757081805168
F10Fa9,onset,1,0.5236408472043719
F10Fa9,pitch,0,0.5118334848437353
F10Fa9,pitch,1,0.4707846149023542
F10Fa9,speech,0,0.48250838531707474
F10Fa9,speech,1,0.4860349205354064
F10Fa9,volume,0,0.5034324942791761
F10Fa9,volume,1,0.45879961965664606
F10Fa9,word_gap,0,0.49329697083685986
F10Fa9,word_gap,1,0.4931350114416476
F10Fa9,word_head_pos,0,0.4877067594537266
F10Fa9,word_head_pos,1,0.5085629499597714
F10Fa9,word_index,0,0.5100759734093067
F10Fa9,word_index,1,0.5252136752136751
F10Fa9,word_length,0,0.48357418262750385
F10Fa9,word_length,1,0.4908310084323375
F10Fa9,word_part_speech,0,0.48848918480241155
F10Fa9,word_part_speech,1,0.5036437112855676
F10Fa16,delta_volume,0,0.48426904067793064
F10Fa16,delta_volume,1,0.5022883295194508
F10Fa16,face_num,0,0.49029810977712296
F10Fa16,face_num,1,0.4895823537402171
F10Fa16,frame_brightness,0,0.44144384188583424
F10Fa16,frame_brightness,1,0.45289071397970804
F10Fa16,global_flow,0,0.5011598382495847
F10Fa16,global_flow,1,0.4851598173515982
F10Fa16,gpt2_surprisal,0,0.48017825982466594
F10Fa16,gpt2_surprisal,1,0.4795826672100143
F10Fa16,local_flow,0,0.5231810915018338
F10Fa16,local_flow,1,0.45239961129745143
F10Fa16,onset,0,0.5019435127425473
F10Fa16,onset,1,0.48318234538102256
F10Fa16,pitch,0,0.5092369100237192
F10Fa16,pitch,1,0.4961495459912437
F10Fa16,speech,0,0.4945247275425013
F10Fa16,speech,1,0.48368912155313837
F10Fa16,volume,0,0.486881288987806
F10Fa16,volume,1,0.49609207652842646
F10Fa16,word_gap,0,0.5177998599834905
F10Fa16,word_gap,1,0.488307576564998
F10Fa16,word_head_pos,0,0.4876440654942896
F10Fa16,word_head_pos,1,0.47495376320491517
F10Fa16,word_index,0,0.5224976258309592
F10Fa16,word_index,1,0.5417473884140551
F10Fa16,word_length,0,0.48747688160245756
F10Fa16,word_length,1,0.5235468062652163
F10Fa16,word_part_speech,0,0.5031137169167578
F10Fa16,word_part_speech,1,0.5079747590181853
T2bH2,delta_volume,0,0.5068336415786339
T2bH2,delta_volume,1,0.4802043823077647
T2bH2,face_num,0,0.47635392829900836
T2bH2,face_num,1,0.51403822241727
T2bH2,frame_brightness,0,0.4604087646155293
T2bH2,frame_brightness,1,0.48225760947932667
T2bH2,global_flow,0,0.5499723101679154
T2bH2,global_flow,1,0.5237975821029643
T2bH2,gpt2_surprisal,0,0.5215614975497112
T2bH2,gpt2_surprisal,1,0.5147487539575561
T2bH2,local_flow,0,0.514163610336144
T2bH2,local_flow,1,0.4787154007711357
T2bH2,onset,0,0.5025600033436779
T2bH2,onset,1,0.5216085180192889
T2bH2,pitch,0,0.4946292174748963
T2bH2,pitch,1,0.4810037302905865
T2bH2,speech,0,0.4718451877161635
T2bH2,speech,1,0.49863118188562533
T2bH2,volume,0,0.4945560745222198
T2bH2,volume,1,0.5072150298318757
T2bH2,word_gap,0,0.48199638464833916
T2bH2,word_gap,1,0.5007888989895823
T2bH2,word_head_pos,0,0.49709517987941865
T2bH2,word_head_pos,1,0.47883033969677025
T2bH2,word_index,0,0.5013485280151947
T2bH2,word_index,1,0.46356125356125355
T2bH2,word_length,0,0.5134112828229
T2bH2,word_length,1,0.492727500705307
T2bH2,word_part_speech,0,0.4941452184570539
T2bH2,word_part_speech,1,0.4925221107025738
T2bH9,delta_volume,0,0.48341222323229155
T2bH9,delta_volume,1,0.5113214841749998
T2bH9,face_num,0,0.5243200317649395
T2bH9,face_num,1,0.49295999080488595
T2bH9,frame_brightness,0,0.4733498427426518
T2bH9,frame_brightness,1,0.49603983156222897
T2bH9,global_flow,0,0.5451344262980262
T2bH9,global_flow,1,0.4954285654577182
T2bH9,gpt2_surprisal,0,0.5177319415274338
T2bH9,gpt2_surprisal,1,0.5246230525688851
T2bH9,local_flow,0,0.5160235311327753
T2bH9,local_flow,1,0.5117916888707773
T2bH9,onset,0,0.5034429432724157
T2bH9,onset,1,0.4953110142837738
T2bH9,pitch,0,0.49725713927463083
T2bH9,pitch,1,0.49386121647179293
T2bH9,speech,0,0.5417332789985685
T2bH9,speech,1,0.4854341034241351
T2bH9,volume,0,0.5145606720792452
T2bH9,volume,1,0.5212845992288644
T2bH9,word_gap,0,0.47443131354294016
T2bH9,word_gap,1,0.5212584767457655
T2bH9,word_head_pos,0,0.49122807017543857
T2bH9,word_head_pos,1,0.44927013782222086
T2bH9,word_index,0,0.4900664767331434
T2bH9,word_index,1,0.44307692307692303
T2bH9,word_length,0,0.5130925885290952
T2bH9,word_length,1,0.4986886513484426
T2bH9,word_part_speech,0,0.4797774023650999
T2bH9,word_part_speech,1,0.5136639173208785
T2bH15,delta_volume,0,0.5064470288287723
T2bH15,delta_volume,1,0.519215698567443
T2bH15,face_num,0,0.5406361347084209
T2bH15,face_num,1,0.488098596700208
T2bH15,frame_brightness,0,0.47904454405818003
T2bH15,frame_brightness,1,0.49122284567881885
T2bH15,global_flow,0,0.5374648652602322
T2bH15,global_flow,1,0.48633271684273227
T2bH15,gpt2_surprisal,0,0.5101250744490768
T2bH15,gpt2_surprisal,1,0.5151144687209387
T2bH15,local_flow,0,0.5185312895102557
T2bH15,local_flow,1,0.5111386267933085
T2bH15,onset,0,0.48694920744386283
T2bH15,onset,1,0.4954233409610984
T2bH15,pitch,0,0.477012214873097
T2bH15,pitch,1,0.5062223754741231
T2bH15,speech,0,0.5165407562981307
T2bH15,speech,1,0.47581058065055437
T2bH15,volume,0,0.5140800183902281
T2bH15,volume,1,0.5060499670856713
T2bH15,word_gap,0,0.508949562709633
T2bH15,word_gap,1,0.526801667659321
T2bH15,word_head_pos,0,0.49512032015715285
T2bH15,word_head_pos,1,0.48133287357763077
T2bH15,word_index,0,0.509724596391263
T2bH15,word_index,1,0.4467236467236468
T2bH15,word_length,0,0.5108565039758419
T2bH15,word_length,1,0.5196284338004034
T2bH15,word_part_speech,0,0.5157756136341052
T2bH15,word_part_speech,1,0.5067946934313823
T2aA7,delta_volume,0,0.4898514153161343
T2aA7,delta_volume,1,0.5159921841530569
T2aA7,face_num,0,0.5116610764552836
T2aA7,face_num,1,0.4992215500036572
T2aA7,frame_brightness,0,0.4915467644692434
T2aA7,frame_brightness,1,0.49126986614839663
T2aA7,global_flow,0,0.5310674691493475
T2aA7,global_flow,1,0.496123423508145
T2aA7,gpt2_surprisal,0,0.5047804144070719
T2aA7,gpt2_surprisal,1,0.5381989070353073
T2aA7,local_flow,0,0.5417123810120895
T2aA7,local_flow,1,0.4795513202302958
T2aA7,onset,0,0.5146808355014995
T2aA7,onset,1,0.5004545312059183
T2aA7,pitch,0,0.49577338223462164
T2aA7,pitch,1,0.4861550839576607
T2aA7,speech,0,0.5101825439118941
T2aA7,speech,1,0.5140721816452984
T2aA7,volume,0,0.5240692559271914
T2aA7,volume,1,0.5194142294389936
T2aA7,word_gap,0,0.5119118522930316
T2aA7,word_gap,1,0.5107206670637284
T2aA7,word_head_pos,0,0.5019800842188855
T2aA7,word_head_pos,1,0.4774980930587338
T2aA7,word_index,0,0.5324121557454891
T2aA7,word_index,1,0.47086419753086417
T2aA7,word_length,0,0.4919490507089642
T2aA7,word_length,1,0.47796829775451133
T2aA7,word_part_speech,0,0.4438205969061578
T2aA7,word_part_speech,1,0.49738315280400147
T2aA13,delta_volume,0,0.5027585342152284
T2aA13,delta_volume,1,0.45024711869011425
T2aA13,face_num,0,0.4964943627681473
T2aA13,face_num,1,0.5177946354868708
T2aA13,frame_brightness,0,0.46698640585979545
T2aA13,frame_brightness,1,0.49194382621234445
T2aA13,global_flow,0,0.5324493485052715
T2aA13,global_flow,1,0.4718660857026426
T2aA13,gpt2_surprisal,0,0.5041325768262228
T2aA13,gpt2_surprisal,1,0.5168803485784145
T2aA13,local_flow,0,0.5345339226565521
T2aA13,local_flow,1,0.5375693551926273
T2aA13,onset,0,0.5103497278037261
T2aA13,onset,1,0.521248027752526
T2aA13,pitch,0,0.4929887255362946
T2aA13,pitch,1,0.5087144603617442
T2aA13,speech,0,0.5263053404804447
T2aA13,speech,1,0.4827382631683437
T2aA13,volume,0,0.5153965915384053
T2aA13,volume,1,0.5119275257828909
T2aA13,word_gap,0,0.5037982090425588
T2aA13,word_gap,1,0.514106140873327
T2aA13,word_head_pos,0,0.497758690950127
T2aA13,word_head_pos,1,0.47549188635674955
T2aA13,word_index,0,0.5270655270655271
T2aA13,word_index,1,0.49446343779677115
T2aA13,word_length,0,0.47711148030887224
T2aA13,word_length,1,0.48163066988495656
T2aA13,word_part_speech,0,0.5112872238232469
T2aA13,word_part_speech,1,0.5256798834012388
T1cIf5,delta_volume,0,0.5303673866023009
T1cIf5,delta_volume,1,0.5627932248727835
T1cIf5,face_num,0,0.5147957744271339
T1cIf5,face_num,1,0.49424782922165444
T1cIf5,frame_brightness,0,0.5123245875259919
T1cIf5,frame_brightness,1,0.5253806045787488
T1cIf5,global_flow,0,0.528961997011588
T1cIf5,global_flow,1,0.49667722014983856
T1cIf5,gpt2_surprisal,0,0.5065149472848292
T1cIf5,gpt2_surprisal,1,0.5334524518562637
T1cIf5,local_flow,0,0.5138083445660011
T1cIf5,local_flow,1,0.4629060739997701
T1cIf5,onset,0,0.537950743445869
T1cIf5,onset,1,0.5236774186807102
T1cIf5,pitch,0,0.48107164874664327
T1cIf5,pitch,1,0.475860213368442
T1cIf5,speech,0,0.5434103424135085
T1cIf5,speech,1,0.48120748565875676
T1cIf5,volume,0,0.521477905603795
T1cIf5,volume,1,0.49548603492053545
T1cIf5,word_gap,0,0.5072254788251152
T1cIf5,word_gap,1,0.5500454531205918
T1cIf5,word_head_pos,0,0.5125283428941622
T1cIf5,word_head_pos,1,0.48632749234611244
T1cIf5,word_index,0,0.5551851851851852
T1cIf5,word_index,1,0.5307882241215575
T1cIf5,word_length,0,0.49563754532250814
T1cIf5,word_length,1,0.5064104573524342
T1cIf5,word_part_speech,0,0.4951389578985723
T1cIf5,word_part_speech,1,0.5274520520719468
T1cIf11,delta_volume,0,0.4930148480193933
T1cIf11,delta_volume,1,0.5018468595550818
T1cIf11,face_num,0,0.5147069579845982
T1cIf11,face_num,1,0.4830517329655287
T1cIf11,frame_brightness,0,0.4946971359309531
T1cIf11,frame_brightness,1,0.4977586909501269
T1cIf11,global_flow,0,0.53625278204445
T1cIf11,global_flow,1,0.4815888739119986
T1cIf11,gpt2_surprisal,0,0.4983124875918205
T1cIf11,gpt2_surprisal,1,0.49393435942446945
T1cIf11,local_flow,0,0.5140329979206504
T1cIf11,local_flow,1,0.4794154833181823
T1cIf11,onset,0,0.4653720364042925
T1cIf11,onset,1,0.4998589385912667
T1cIf11,pitch,0,0.48563785879230537
T1cIf11,pitch,1,0.4831196514215855
T1cIf11,speech,0,0.5090958486149859
T1cIf11,speech,1,0.5027689832084679
T1cIf11,volume,0,0.4986912635967524
T1cIf11,volume,1,0.49765420101773195
T1cIf11,word_gap,0,0.5080770717741345
T1cIf11,word_gap,1,0.5444970377104166
T1cIf11,word_head_pos,0,0.506201477487644
T1cIf11,word_head_pos,1,0.48060144405086574
T1cIf11,word_index,0,0.5142545109211776
T1cIf11,word_index,1,0.49378917378917375
T1cIf11,word_length,0,0.49380374700897567
T1cIf11,word_length,1,0.5068597640617326
T1cIf11,word_part_speech,0,0.5183510550200404
T1cIf11,word_part_speech,1,0.5127529894994867
T1bId5,delta_volume,0,0.6198551769537005
T1bId5,delta_volume,1,0.6308109463653178
T1bId5,face_num,0,0.4884904339466892
T1bId5,face_num,1,0.4992842439630941
T1bId5,frame_brightness,0,0.47249302529701265
T1bId5,frame_brightness,1,0.48926888394303214
T1bId5,global_flow,0,0.5305580807289219
T1bId5,global_flow,1,0.5195761888342059
T1bId5,gpt2_surprisal,0,0.5243357052547987
T1bId5,gpt2_surprisal,1,0.5254850945111438
T1bId5,local_flow,0,0.509618298276961
T1bId5,local_flow,1,0.5015255530129672
T1bId5,onset,0,0.5865542354994095
T1bId5,onset,1,0.5822179033050165
T1bId5,pitch,0,0.5010135523442317
T1bId5,pitch,1,0.5030981264955122
T1bId5,speech,0,0.5241841948528259
T1bId5,speech,1,0.49770122148730966
T1bId5,volume,0,0.5155219794572793
T1bId5,volume,1,0.4882239846190819
T1bId5,word_gap,0,0.5447060175752066
T1bId5,word_gap,1,0.5213681911747803
T1bId5,word_head_pos,0,0.49705860840308036
T1bId5,word_head_pos,1,0.4919177037292457
T1bId5,word_index,0,0.585346628679962
T1bId5,word_index,1,0.5399810066476733
T1bId5,word_length,0,0.5235415817685966
T1bId5,word_length,1,0.5020218801918435
T1bId5,word_part_speech,0,0.4722746695816357
T1bId5,word_part_speech,1,0.5083805359568054
T1aIa1,delta_volume,0,0.5289332622801792
T1aIa1,delta_volume,1,0.5272457498719998
T1aIa1,face_num,0,0.5294661609353939
T1aIa1,face_num,1,0.49819232416956627
T1aIa1,frame_brightness,0,0.4974713436360407
T1aIa1,frame_brightness,1,0.49700636343688287
T1aIa1,global_flow,0,0.5331389820590786
T1aIa1,global_flow,1,0.48839900525584357
T1aIa1,gpt2_surprisal,0,0.5191895760843442
T1aIa1,gpt2_surprisal,1,0.5307461626072328
T1aIa1,local_flow,0,0.5372767833819212
T1aIa1,local_flow,1,0.47688682695422296
T1aIa1,onset,0,0.4942948496912323
T1aIa1,onset,1,0.48387720343144947
T1aIa1,pitch,0,0.4878582698556994
T1aIa1,pitch,1,0.48853222991964723
T1aIa1,speech,0,0.5064104573524342
T1aIa1,speech,1,0.4734334346885678
T1aIa1,volume,0,0.5057730687648245
T1aIa1,volume,1,0.49836473255801805
T1aIa1,word_gap,0,0.5368327011692422
T1aIa1,word_gap,1,0.5033175553535417
T1aIa1,word_head_pos,0,0.5134844257755765
T1aIa1,word_head_pos,1,0.4895614557537381
T1aIa1,word_index,0,0.5025641025641026
T1aIa1,word_index,1,0.4811490978157644
T1aIa1,word_length,0,0.49929469295633366
T1aIa1,word_length,1,0.4683656729674096
T1aIa1,word_part_speech,0,0.4578488853555931
T1aIa1,word_part_speech,1,0.5055400973864652
T1aIa8,delta_volume,0,0.5271673824227036
T1aIa8,delta_volume,1,0.5511060259344013
T1aIa8,face_num,0,0.5117394439045798
T1aIa8,face_num,1,0.5097802576721734
T1aIa8,frame_brightness,0,0.48868896481823976
T1aIa8,frame_brightness,1,0.504905802325946
T1aIa8,global_flow,0,0.5192313720573023
T1aIa8,global_flow,1,0.49281631714784285
T1aIa8,gpt2_surprisal,0,0.5213890891612594
T1aIa8,gpt2_surprisal,1,0.5243461542480382
T1aIa8,local_flow,0,0.5349257599030334
T1aIa8,local_flow,1,0.48732014670386503
T1aIa8,onset,0,0.5194508009153318
T1aIa8,onset,1,0.547255571925645
T1aIa8,pitch,0,0.5194821478950503
T1aIa8,pitch,1,0.49092504937149306
T1aIa8,speech,0,0.5113110351817602
T1aIa8,speech,1,0.4715212689257391
T1aIa8,volume,0,0.5122148730969771
T1aIa8,volume,1,0.5031608204549491
T1aIa8,word_gap,0,0.5118857298099329
T1aIa8,word_gap,1,0.4942530537182743
T1aIa8,word_head_pos,0,0.5202814958778721
T1aIa8,word_head_pos,1,0.47234151489503984
T1aIa8,word_index,0,0.5658119658119658
T1aIa8,word_index,1,0.5163342830009496
T1aIa8,word_length,0,0.5158458982477039
T1aIa8,word_length,1,0.5052819660825679
T1aIa8,word_part_speech,0,0.45545562953393615
T1aIa8,word_part_speech,1,0.5158667064162443
P2cCc4,delta_volume,0,0.4978109359163244
P2cCc4,delta_volume,1,0.5015777979791647
P2cCc4,face_num,0,0.4905593346081105
P2cCc4,face_num,1,0.47221351472785594
P2cCc4,frame_brightness,0,0.47441041555646113
P2cCc4,frame_brightness,1,0.4995193463109829
P2cCc4,global_flow,0,0.5331050228310503
P2cCc4,global_flow,1,0.5231601935153548
P2cCc4,gpt2_surprisal,0,0.5226351316050698
P2cCc4,gpt2_surprisal,1,0.5190876984002591
P2cCc4,local_flow,0,0.54107499242448
P2cCc4,local_flow,1,0.5315115513620263
P2cCc4,onset,0,0.49596668860955245
P2cCc4,onset,1,0.4993678359090101
P2cCc4,pitch,0,0.4832920598100373
P2cCc4,pitch,1,0.4891800675004963
P2cCc4,speech,0,0.5108068712579543
P2cCc4,speech,1,0.4865103497278037
P2cCc4,volume,0,0.5123716079955697
P2cCc4,volume,1,0.5120058932321871
P2cCc4,word_gap,0,0.5165459807947503
P2cCc4,word_gap,1,0.48834153579302636
P2cCc4,word_head_pos,0,0.504527026321014
P2cCc4,word_head_pos,1,0.4755676415577359
P2cCc4,word_index,0,0.5252326685660019
P2cCc4,word_index,1,0.4557644824311491
P2cCc4,word_length,0,0.504359842429182
P2cCc4,word_length,1,0.48679247254527025
P2cCc4,word_part_speech,0,0.48217479876776304
P2cCc4,word_part_speech,1,0.4937560038424592
P2cCc11,delta_volume,0,0.49511509566053313
P2cCc11,delta_volume,1,0.4949270137822221
P2cCc11,face_num,0,0.5095190328411858
P2cCc11,face_num,1,0.5017240838845177
P2cCc11,frame_brightness,0,0.47615017293083806
P2cCc11,frame_brightness,1,0.49220505104333195
P2cCc11,global_flow,0,0.5467226732704304
P2cCc11,global_flow,1,0.499707428189294
P2cCc11,gpt2_surprisal,0,0.5357198833892355
P2cCc11,gpt2_surprisal,1,0.515046550264882
P2cCc11,local_flow,0,0.5293198750300409
P2cCc11,local_flow,1,0.5427207088597014
P2cCc11,onset,0,0.49233043896220596
P2cCc11,onset,1,0.525754156087061
P2cCc11,pitch,0,0.49194382621234445
P2cCc11,pitch,1,0.4920117446684012
P2cCc11,speech,0,0.5045191895760843
P2cCc11,speech,1,0.5057364972884862
P2cCc11,volume,0,0.5118073623606366
P2cCc11,volume,1,0.5012538791887402
P2cCc11,word_gap,0,0.5014001650940931
P2cCc11,word_gap,1,0.47343865918518757
P2cCc11,word_head_pos,0,0.4934301955006635
P2cCc11,word_head_pos,1,0.5078916021441334
P2cCc11,word_index,0,0.5062108262108262
P2cCc11,word_index,1,0.45143399810066476
P2cCc11,word_length,0,0.5217130079516838
P2cCc11,word_length,1,0.4846608779244119
P2cCc11,word_part_speech,0,0.46028354698731333
P2cCc11,word_part_speech,1,0.5162310775448011
P2aIe2,delta_volume,0,0.5105064627023186
P2aIe2,delta_volume,1,0.5361221696289563
P2aIe2,face_num,0,0.49126464165177686
P2aIe2,face_num,1,0.48683426851822825
P2aIe2,frame_brightness,0,0.5047229449442546
P2aIe2,frame_brightness,1,0.4846034084615948
P2aIe2,global_flow,0,0.5150752849962906
P2aIe2,global_flow,1,0.5144509576502304
P2aIe2,gpt2_surprisal,0,0.5150831217412203
P2aIe2,gpt2_surprisal,1,0.5186201059527914
P2aIe2,local_flow,0,0.5068754375515919
P2aIe2,local_flow,1,0.5230766015694388
P2aIe2,onset,0,0.4886785158250002
P2aIe2,onset,1,0.4947441564005308
P2aIe2,pitch,0,0.4694053477947399
P2aIe2,pitch,1,0.4800398106642425
P2aIe2,speech,0,0.5162560212323543
P2aIe2,speech,1,0.49192815272248513
P2aIe2,volume,0,0.5271517089328442
P2aIe2,volume,1,0.511399851624296
P2aIe2,word_gap,0,0.5441626699267526
P2aIe2,word_gap,1,0.5308558770362476
P2aIe2,word_head_pos,0,0.5035317597149513
P2aIe2,word_head_pos,1,0.49581517820757975
P2aIe2,word_index,0,0.5421272554605888
P2aIe2,word_index,1,0.4766096866096866
P2aIe2,word_length,0,0.48461385745483426
P2aIe2,word_length,1,0.510835605989363
P2aIe2,word_part_speech,0,0.45560469045016394
P2aIe2,word_part_speech,1,0.5078836662360462
P2aIe8,delta_volume,0,0.5140016509409319
P2aIe8,delta_volume,1,0.4871790852951319
P2aIe8,face_num,0,0.5129358536305026
P2aIe8,face_num,1,0.493903012444751
P2aIe8,frame_brightness,0,0.500585143621412
P2aIe8,frame_brightness,1,0.4945978704951778
P2aIe8,global_flow,0,0.5366498437875511
P2aIe8,global_flow,1,0.49534497351180207
P2aIe8,gpt2_surprisal,0,0.5393561330365819
P2aIe8,gpt2_surprisal,1,0.5313783266982226
P2aIe8,local_flow,0,0.5202083529251957
P2aIe8,local_flow,1,0.48501614369455504
P2aIe8,onset,0,0.4967973835720928
P2aIe8,onset,1,0.5385463360605205
P2aIe8,pitch,0,0.49832293658506
P2aIe8,pitch,1,0.4946292174748963
P2aIe8,speech,0,0.5062537224538415
P2aIe8,speech,1,0.49779003792984544
P2aIe8,volume,0,0.5121208321578216
P2aIe8,volume,1,0.5030406570326948
P2aIe8,word_gap,0,0.5195448418544872
P2aIe8,word_gap,1,0.48331295779651634
P2aIe8,word_head_pos,0,0.5137143036268454
P2aIe8,word_head_pos,1,0.5061805795011651
P2aIe8,word_index,0,0.5264482431149098
P2aIe8,word_index,1,0.47293447293447294
P2aIe8,word_length,0,0.48556994033624856
P2aIe8,word_length,1,0.5014210630805721
P2aIe8,word_part_speech,0,0.453642055053165
P2aIe8,word_part_speech,1,0.5177630925171419
F3cIc2,delta_volume,0,0.5075911935884978
F3cIc2,delta_volume,1,0.5266083612843903
F3cIc2,face_num,0,0.48928455743289134
F3cIc2,face_num,1,0.47896095211226397
F3cIc2,frame_brightness,0,0.5113946271276764
F3cIc2,frame_brightness,1,0.5160078576429161
F3cIc2,global_flow,0,0.5353306583910641
F3cIc2,global_flow,1,0.5019591862324065
F3cIc2,gpt2_surprisal,0,0.5239647659947965
F3cIc2,gpt2_surprisal,1,0.5261904015548102
F3cIc2,local_flow,0,0.5194455764187121
F3cIc2,local_flow,1,0.48448846953596025
F3cIc2,onset,0,0.47970805512888837
F3cIc2,onset,1,0.5018285738169128
F3cIc2,pitch,0,0.5098011556586524
F3cIc2,pitch,1,0.511650627462044
F3cIc2,speech,0,0.5118700563200735
F3cIc2,speech,1,0.5160810005955926
F3cIc2,volume,0,0.5311014283773758
F3cIc2,volume,1,0.502262207036352
F3cIc2,word_gap,0,0.5000417959729581
F3cIc2,word_gap,1,0.5212950482221037
F3cIc2,word_head_pos,0,0.5090906241183663
F3cIc2,word_head_pos,1,0.4662131803600723
F3cIc2,word_index,0,0.5385280151946819
F3cIc2,word_index,1,0.4588414055080722
F3cIc2,word_length,0,0.49975444865887175
F3cIc2,word_length,1,0.499916408054084
F3cIc2,word_part_speech,0,0.5051426016098579
F3cIc2,word_part_speech,1,0.518181291198781
F3cIc8,delta_volume,0,0.5184320240744804
F3cIc8,delta_volume,1,0.46032517266961326
F3cIc8,face_num,0,0.5119484237693699
F3cIc8,face_num,1,0.5022569825397323
F3cIc8,frame_brightness,0,0.4887830057573953
F3cIc8,frame_brightness,1,0.4987356718180203
F3cIc8,global_flow,0,0.5356336791950096
F3cIc8,global_flow,1,0.4851363071168092
F3cIc8,gpt2_surprisal,0,0.5285414250336979
F3cIc8,gpt2_surprisal,1,0.49247150037093923
F3cIc8,local_flow,0,0.5159556126767186
F3cIc8,local_flow,1,0.5055379664169357
F3cIc8,onset,0,0.4934223587557339
F3cIc8,onset,1,0.5140277734240306
F3cIc8,pitch,0,0.4964421178019498
F3cIc8,pitch,1,0.49118104970586085
F3cIc8,speech,0,0.5452127937473225
F3cIc8,speech,1,0.4863065943596334
F3cIc8,volume,0,0.513076915039236
F3cIc8,volume,1,0.509388420425692
F3cIc8,word_gap,0,0.4937515020427782
F3cIc8,word_gap,1,0.49712652685913716
F3cIc8,word_head_pos,0,0.4794128710698725
F3cIc8,word_head_pos,1,0.496165219481103
F3cIc8,word_index,0,0.5209876543209877
F3cIc8,word_index,1,0.44766381766381763
F3cIc8,word_length,0,0.48509451114385127
F3cIc8,word_length,1,0.5059977221194738
F3cIc8,word_part_speech,0,0.49325913412169997
F3cIc8,word_part_speech,1,0.5055980655205539
F3bIb4,delta_volume,0,0.5224183149953502
F3bIb4,delta_volume,1,0.5053707825251037
F3bIb4,face_num,0,0.5018233493202929
F3bIb4,face_num,1,0.5031921674346677
F3bIb4,frame_brightness,0,0.5102400133747113
F3bIb4,frame_brightness,1,0.5175543086423623
F3bIb4,global_flow,0,0.5457509168991568
F3bIb4,global_flow,1,0.5094040939155512
F3bIb4,gpt2_surprisal,0,0.5190328411857518
F3bIb4,gpt2_surprisal,1,0.534074166954014
F3bIb4,local_flow,0,0.5394606229689769
F3bIb4,local_flow,1,0.5064156818490538
F3bIb4,onset,0,0.48907557756810127
F3bIb4,onset,1,0.5135680177214925
F3bIb4,pitch,0,0.48857925038922495
F3bIb4,pitch,1,0.5131343845020533
F3bIb4,speech,0,0.5075389486223002
F3bIb4,speech,1,0.5162168375077061
F3bIb4,volume,0,0.5028055546848061
F3bIb4,volume,1,0.5118596073268341
F3bIb4,word_gap,0,0.5033018818636825
F3bIb4,word_gap,1,0.4997544486588717
F3bIb4,word_head_pos,0,0.4914161520537496
F3bIb4,word_head_pos,1,0.4454092348202251
F3bIb4,word_index,0,0.5019468186134852
F3bIb4,word_index,1,0.47313390313390313
F3bIb4,word_length,0,0.49124896816191765
F3bIb4,word_length,1,0.47304943418701606
F3bIb4,word_part_speech,0,0.4662625459604492
F3bIb4,word_part_speech,1,0.4955198913511544
F3bIb10,delta_volume,0,0.5112587902155628
F3bIb10,delta_volume,1,0.4848646332925823
F3bIb10,face_num,0,0.50754417311892
F3bIb10,face_num,1,0.4966928936396978
F3bIb10,frame_brightness,0,0.49743215991139256
F3bIb10,frame_brightness,1,0.48175605780383063
F3bIb10,global_flow,0,0.5296019978475075
F3bIb10,global_flow,1,0.49089370239177454
F3bIb10,gpt2_surprisal,0,0.5197224747395588
F3bIb10,gpt2_surprisal,1,0.5142027940607923
F3bIb10,local_flow,0,0.5233534998902856
F3bIb10,local_flow,1,0.4779082160433842
F3bIb10,onset,0,0.5085786234496307
F3bIb10,onset,1,0.5163108784468616
F3bIb10,pitch,0,0.5038426172638266
F3bIb10,pitch,1,0.481285853108053
F3bIb10,speech,0,0.5178730029361671
F3bIb10,speech,1,0.5243383175031087
F3bIb10,volume,0,0.507941234862021
F3bIb10,volume,1,0.48788439233879816
F3bIb10,word_gap,0,0.5078837653992039
F3bIb10,word_gap,1,0.509973564047104
F3bIb10,word_head_pos,0,0.48982790508134544
F3bIb10,word_head_pos,1,0.48621777791709775
F3bIb10,word_index,0,0.5354890788224121
F3bIb10,word_index,1,0.49556505223171887
F3bIb10,word_length,0,0.47508437562040895
F3bIb10,word_length,1,0.5009717563712737
F3bIb10,word_part_speech,0,0.49655089602172975
F3bIb10,word_part_speech,1,0.5404783199178509
F3aOFc6,delta_volume,0,0.4945978704951778
F3aOFc6,delta_volume,1,0.5007575520098638
F3aOFc6,face_num,0,0.48192324169566264
F3aOFc6,face_num,1,0.5050938842042569
F3aOFc6,frame_brightness,0,0.5185312895102557
F3aOFc6,frame_brightness,1,0.5011911852293032
F3aOFc6,global_flow,0,0.5186227182011014
F3aOFc6,global_flow,1,0.48065891351368295
F3aOFc6,gpt2_surprisal,0,0.5215980690260493
F3aOFc6,gpt2_surprisal,1,0.5384209481416465
F3aOFc6,local_flow,0,0.538807560891508
F3aOFc6,local_flow,1,0.48361075410384213
F3aOFc6,onset,0,0.5028316771679049
F3aOFc6,onset,1,0.5024868603910013
F3aOFc6,pitch,0,0.48812994367992646
F3aOFc6,pitch,1,0.4954494634441972
F3aOFc6,speech,0,0.5323709810559752
F3aOFc6,speech,1,0.4967973835720928
F3aOFc6,volume,0,0.48713728932217387
F3aOFc6,volume,1,0.4986991003416821
F3aOFc6,word_gap,0,0.53457571862951
F3aOFc6,word_gap,1,0.49926334597661515
F3aOFc6,word_head_pos,0,0.49877224329435865
F3aOFc6,word_head_pos,1,0.48391377490778764
F3aOFc6,word_index,0,0.5028300094966762
F3aOFc6,word_index,1,0.49764482431149093
F3aOFc6,word_length,0,0.49304097050249207
F3aOFc6,word_length,1,0.5305215092525835
F3aOFc6,word_part_speech,0,0.48145019709165593
F3aOFc6,word_part_speech,1,0.49650534963066023
F3aOFc12,delta_volume,0,0.5027951056915666
F3aOFc12,delta_volume,1,0.45279667304055254
F3aOFc12,face_num,0,0.47715850077845007
F3aOFc12,face_num,1,0.5087719298245614
F3aOFc12,frame_brightness,0,0.5022517580431125
F3aOFc12,frame_brightness,1,0.5067604986259574
F3aOFc12,global_flow,0,0.533656207224434
F3aOFc12,global_flow,1,0.4738095984451898
F3aOFc12,gpt2_surprisal,0,0.5219063143266147
F3aOFc12,gpt2_surprisal,1,0.5228571727114093
F3aOFc12,local_flow,0,0.523447540829441
F3aOFc12,local_flow,1,0.5184581465575792
F3aOFc12,onset,0,0.4921998265467122
F3aOFc12,onset,1,0.52284149922155
F3aOFc12,pitch,0,0.5130246700730385
F3aOFc12,pitch,1,0.48935770038556786
F3aOFc12,speech,0,0.5184633710541989
F3aOFc12,speech,1,0.4861864309373792
F3aOFc12,volume,0,0.5112065452493653
F3aOFc12,volume,1,0.5051513536670742
F3aOFc12,word_gap,0,0.4947650543870098
F3aOFc12,word_gap,1,0.4951830141165898
F3aOFc12,word_head_pos,0,0.4951777896199701
F3aOFc12,word_head_pos,1,0.4837361420227161
F3aOFc12,word_index,0,0.5403893637226971
F3aOFc12,word_index,1,0.4705792972459639
F3aOFc12,word_length,0,0.4897704356185282
F3aOFc12,word_length,1,0.5077427039904705
F3aOFc12,word_part_speech,0,0.48246049885719966
F3aOFc12,word_part_speech,1,0.49727549769783697
P2bIg3,delta_volume,0,0.4960920765284265
P2bIg3,delta_volume,1,0.47345955717166655
P2bIg3,face_num,0,0.4735379246209628
P2bIg3,face_num,1,0.48992717051712065
P2bIg3,frame_brightness,0,0.48374136651933586
P2bIg3,frame_brightness,1,0.4823255279353834
P2bIg3,global_flow,0,0.5340793914506337
P2bIg3,global_flow,1,0.4935895426475658
P2bIg3,gpt2_surprisal,0,0.49801991578111454
P2bIg3,gpt2_surprisal,1,0.4569292498667754
P2bIg3,local_flow,0,0.5071627848656781
P2bIg3,local_flow,1,0.4969044857527977
P2bIg3,onset,0,0.509346624452734
P2bIg3,onset,1,0.5492095336614318
P2bIg3,pitch,0,0.49748179262928016
P2bIg3,pitch,1,0.48209565008411437
P2bIg3,speech,0,0.46350166661442177
P2bIg3,speech,1,0.5184999425305372
P2bIg3,volume,0,0.5017658798574758
P2bIg3,volume,1,0.49509419767405405
P2bIg3,word_gap,0,0.5106266261245729
P2bIg3,word_gap,1,0.5286720374491918
P2bIg3,word_head_pos,0,0.5186566774291297
P2bIg3,word_head_pos,1,0.4864163087886482
P2bIg3,word_index,0,0.5422697056030389
P2bIg3,word_index,1,0.4756125356125356
P2bIg3,word_length,0,0.5268800351086173
P2bIg3,word_length,1,0.5019800842188855
P2bIg3,word_part_speech,0,0.537629600185498
P2bIg3,word_part_speech,1,0.48023286627579576
P2bIg9,delta_volume,0,0.48808814770696846
P2bIg9,delta_volume,1,0.4974295476630826
P2bIg9,face_num,0,0.4906429265540265
P2bIg9,face_num,1,0.4777331954066225
P2bIg9,frame_brightness,0,0.4809253628412902
P2bIg9,frame_brightness,1,0.4971526493422359
P2bIg9,global_flow,0,0.5351922092306406
P2bIg9,global_flow,1,0.5050259657482001
P2bIg9,gpt2_surprisal,0,0.503291432870443
P2bIg9,gpt2_surprisal,1,0.4653406894245739
P2bIg9,local_flow,0,0.4978266094061838
P2bIg9,local_flow,1,0.49599803558927097
P2bIg9,onset,0,0.4816463433748159
P2bIg9,onset,1,0.5225228049277453
P2bIg9,pitch,0,0.47837058399423216
P2bIg9,pitch,1,0.4623888488344149
P2bIg9,speech,0,0.5058671097039801
P2bIg9,speech,1,0.46085284682820815
P2bIg9,volume,0,0.507460581173004
P2bIg9,volume,1,0.49387166546503247
P2bIg9,word_gap,0,0.5237662351232459
P2bIg9,word_gap,1,0.5369998850610743
P2bIg9,word_head_pos,0,0.4999947755033803
P2bIg9,word_head_pos,1,0.5039131479681933
P2bIg9,word_index,0,0.5112060778727445
P2bIg9,word_index,1,0.49021842355175693
P2bIg9,word_length,0,0.4924610513776998
P2bIg9,word_length,1,0.5008568174456391
P2bIg9,word_part_speech,0,0.517357315578522
P2bIg9,word_part_speech,1,0.4810278578290106
F2e3,delta_volume,0,0.4948277483464468
F2e3,delta_volume,1,0.5028421261611444
F2e3,face_num,0,0.48954055776725913
F2e3,face_num,1,0.4978684053791417
F2e3,frame_brightness,0,0.4802461782807227
F2e3,frame_brightness,1,0.5224914579480266
F2e3,global_flow,0,0.5279406079224267
F2e3,global_flow,1,0.4751313960899867
F2e3,gpt2_surprisal,0,0.503040657032695
F2e3,gpt2_surprisal,1,0.49707950638955933
F2e3,local_flow,0,0.4976333030312529
F2e3,local_flow,1,0.47939980982832303
F2e3,onset,0,0.46563848573189975
F2e3,onset,1,0.4780257672173286
F2e3,pitch,0,0.5145658965758648
F2e3,pitch,1,0.4773309091669018
F2e3,speech,0,0.47596731554914684
F2e3,speech,1,0.48301516148919055
F2e3,volume,0,0.4834122232322916
F2e3,volume,1,0.47339163871560974
F2e3,word_gap,0,0.4985998349059068
F2e3,word_gap,1,0.5052924150758074
F2e3,word_head_pos,0,0.5153443465722077
F2e3,word_head_pos,1,0.5027533097186085
F2e3,word_index,0,0.5004843304843305
F2e3,word_index,1,0.45087369420702755
F2e3,word_length,0,0.5229564381471845
F2e3,word_length,1,0.5447791605278831
F2e3,word_part_speech,0,0.4982526748153301
F2e3,word_part_speech,1,0.5005051508827719
F2c1,delta_volume,0,0.48738284066330206
F2c1,delta_volume,1,0.5143569167110749
F2c1,face_num,0,0.507857642916105
F2c1,face_num,1,0.4872626772410479
F2c1,frame_brightness,0,0.46798950921078747
F2c1,frame_brightness,1,0.4723362903984202
F2c1,global_flow,0,0.5020532271715621
F2c1,global_flow,1,0.4986938758450623
F2c1,gpt2_surprisal,0,0.5231079485491573
F2c1,gpt2_surprisal,1,0.49157288695234214
F2c1,local_flow,0,0.5045818835355214
F2c1,local_flow,1,0.5047542919239731
F2c1,onset,0,0.4785482168793037
F2c1,onset,1,0.4839216116527172
F2c1,pitch,0,0.513348588863463
F2c1,pitch,1,0.48706937086611707
F2c1,speech,0,0.5314984901204769
F2c1,speech,1,0.5308402035463884
F2c1,volume,0,0.49317158291798585
F2c1,volume,1,0.5042527402484771
F2c1,word_gap,0,0.4850736131573723
F2c1,word_gap,1,0.5126850777927547
F2c1,word_head_pos,0,0.5123454855124709
F2c1,word_head_pos,1,0.5106057281380939
F2c1,word_index,0,0.5087179487179487
F2c1,word_index,1,0.47229819563152897
F2c1,word_length,0,0.47786380782211635
F2c1,word_length,1,0.49958204027041997
F2c1,word_part_speech,0,0.46465600052999434
F2c1,word_part_speech,1,0.5072046109510085
F2c7,delta_volume,0,0.4948434218363061
F2c7,delta_volume,1,0.522674315329718
F2c7,face_num,0,0.484263816181311
F2c7,face_num,1,0.5030145345495961
F2c7,frame_brightness,0,0.4865521457007617
F2c7,frame_brightness,1,0.5041221278329833
F2c7,global_flow,0,0.5422975246335016
F2c7,global_flow,1,0.5010083278476118
F2c7,gpt2_surprisal,0,0.4927745211748848
F2c7,gpt2_surprisal,1,0.47088388033812945
F2c7,local_flow,0,0.5249312978694503
F2c7,local_flow,1,0.5068440905718734
F2c7,onset,0,0.48360552960722236
F2c7,onset,1,0.49911183557464234
F2c7,pitch,0,0.49761762954139366
F2c7,pitch,1,0.49923722349351646
F2c7,speech,0,0.5163474499231999
F2c7,speech,1,0.5309655914652623
F2c7,volume,0,0.4901622728650095
F2c7,volume,1,0.4808992403581915
F2c7,word_gap,0,0.5028055546848061
F2c7,word_gap,1,0.4808365463987545
F2c7,word_head_pos,0,0.49435231915404954
F2c7,word_head_pos,1,0.45372140894224844
F2c7,word_index,0,0.5043874643874644
F2c7,word_index,1,0.5066666666666666
F2c7,word_length,0,0.5138971610085368
F2c7,word_length,1,0.5280868938277796
F2c7,word_part_speech,0,0.5109062903706648
F2c7,word_part_speech,1,0.5179121534333697
F2aOFb5,delta_volume,0,0.48030887224015967
F2aOFb5,delta_volume,1,0.47557025380604573
F2aOFb5,face_num,0,0.48696488093372203
F2aOFb5,face_num,1,0.49053843662163144
F2aOFb5,frame_brightness,0,0.49347460372193136
F2aOFb5,frame_brightness,1,0.5079673573451198
F2aOFb5,global_flow,0,0.553310763507936
F2aOFb5,global_flow,1,0.5067604986259574
F2aOFb5,gpt2_surprisal,0,0.5114103006175355
F2aOFb5,gpt2_surprisal,1,0.5484310836650889
F2aOFb5,local_flow,0,0.5157675307984076
F2aOFb5,local_flow,1,0.4997596731554914
F2aOFb5,onset,0,0.48868374032162004
F2aOFb5,onset,1,0.49571591277180443
F2aOFb5,pitch,0,0.5224130904987305
F2aOFb5,pitch,1,0.4720437185877141
F2aOFb5,speech,0,0.5249783183390281
F2aOFb5,speech,1,0.5085002560003344
F2aOFb5,volume,0,0.4738931903911058
F2aOFb5,volume,1,0.4628277065504739
F2aOFb5,word_gap,0,0.49364701211038314
F2aOFb5,word_gap,1,0.5297848552291987
F2aOFb5,word_head_pos,0,0.5130925885290952
F2aOFb5,word_head_pos,1,0.520370312320408
F2aOFb5,word_index,0,0.5034947768281102
F2aOFb5,word_index,1,0.49140550807217476
F2aOFb5,word_length,0,0.503667596627065
F2aOFb5,word_length,1,0.5378358045202345
F2aOFb5,word_part_speech,0,0.5119083109741959
F2aOFb5,word_part_speech,1,0.5076103878896286
F2aOFb11,delta_volume,0,0.5012486546921204
F2aOFb11,delta_volume,1,0.529105670668631
F2aOFb11,face_num,0,0.5051722516535532
F2aOFb11,face_num,1,0.501509879523108
F2aOFb11,frame_brightness,0,0.47600911152210484
F2aOFb11,frame_brightness,1,0.49490611579574306
F2aOFb11,global_flow,0,0.5260388911528374
F2aOFb11,global_flow,1,0.4714115544967242
F2aOFb11,gpt2_surprisal,0,0.5121783016206388
F2aOFb11,gpt2_surprisal,1,0.4656646082149985
F2aOFb11,local_flow,0,0.5002246533546493
F2aOFb11,local_flow,1,0.5093779714324524
F2aOFb11,onset,0,0.48996374199345893
F2aOFb11,onset,1,0.5124029549752881
F2aOFb11,pitch,0,0.49274317419516633
F2aOFb11,pitch,1,0.463642728023155
F2aOFb11,speech,0,0.5340114729945771
F2aOFb11,speech,1,0.4737913127070207
F2aOFb11,volume,0,0.4960711785419475
F2aOFb11,volume,1,0.4839242239010272
F2aOFb11,word_gap,0,0.4818030782734084
F2aOFb11,word_gap,1,0.5090488281454082
F2aOFb11,word_head_pos,0,0.46983375651755954
F2aOFb11,word_head_pos,1,0.4721429840234893
F2aOFb11,word_index,0,0.5267426400759734
F2aOFb11,word_index,1,0.5147198480531814
F2aOFb11,word_length,0,0.4998171426183088
F2aOFb11,word_length,1,0.5300669780466651
F2aOFb11,word_part_speech,0,0.46648613733479083
F2aOFb11,word_part_speech,1,0.5026748153300871
F2dCb1,delta_volume,0,0.4986782023552031
F2dCb1,delta_volume,1,0.505574537893274
F2dCb1,face_num,0,0.5011389402631057
F2dCb1,face_num,1,0.5021106966343792
F2dCb1,frame_brightness,0,0.5017658798574757
F2dCb1,frame_brightness,1,0.5119484237693699
F2dCb1,global_flow,0,0.5436872407343553
F2dCb1,global_flow,1,0.5098742986113288
F2dCb1,gpt2_surprisal,0,0.46552877130288495
F2dCb1,gpt2_surprisal,1,0.5249730938424083
F2dCb1,local_flow,0,0.4928581131208008
F2dCb1,local_flow,1,0.49124896816191765
F2dCb1,onset,0,0.46364795251977475
F2dCb1,onset,1,0.4844832450393405
F2dCb1,pitch,0,0.4974086496766037
F2dCb1,pitch,1,0.48496912322497726
F2dCb1,speech,0,0.5409914004785639
F2dCb1,speech,1,0.509722788209356
F2dCb1,volume,0,0.4852878175187821
F2dCb1,volume,1,0.46209105252708904
F2dCb1,word_gap,0,0.49884016175041535
F2dCb1,word_gap,1,0.5136934056403666
F2dCb1,word_head_pos,0,0.5016613899250807
F2dCb1,word_head_pos,1,0.494279176201373
F2dCb1,word_index,0,0.48126305792972457
F2dCb1,word_index,1,0.47056030389363723
F2dCb1,word_length,0,0.506812743592155
F2dCb1,word_length,1,0.5176744720646167
F2dCb1,word_part_speech,0,0.5386730265990924
F2dCb1,word_part_speech,1,0.49628175825631854
F2dCb7,delta_volume,0,0.51131625967838
F2dCb7,delta_volume,1,0.4822105890097489
F2dCb7,face_num,0,0.4822471604860872
F2dCb7,face_num,1,0.5158093267713656
F2dCb7,frame_brightness,0,0.5072307033217349
F2dCb7,frame_brightness,1,0.5041586993093216
F2dCb7,global_flow,0,0.5418795649039214
F2dCb7,global_flow,1,0.4936679100968622
F2dCb7,gpt2_surprisal,0,0.4771689497716895
F2dCb7,gpt2_surprisal,1,0.4916094584286804
F2dCb7,local_flow,0,0.5117760153809181
F2dCb7,local_flow,1,0.4620597055473705
F2dCb7,onset,0,0.473072944421805
F2dCb7,onset,1,0.4935111751982696
F2dCb7,pitch,0,0.5115983824958465
F2dCb7,pitch,1,0.5065044982915896
F2dCb7,speech,0,0.5345809431261298
F2dCb7,speech,1,0.5043676791741115
F2dCb7,volume,0,0.505574537893274
F2dCb7,volume,1,0.4875500245551341
F2dCb7,word_gap,0,0.4851781030897673
F2dCb7,word_gap,1,0.5093152774730154
F2dCb7,word_head_pos,0,0.4946030949917976
F2dCb7,word_head_pos,1,0.546080060186201
F2dCb7,word_index,0,0.5092212725546059
F2dCb7,word_index,1,0.4812250712250713
F2dCb7,word_length,0,0.5150308767750227
F2dCb7,word_length,1,0.5502074125158042
F2dCb7,word_part_speech,0,0.5041571433303522
F2dCb7,word_part_speech,1,0.4941286561330286
F2dCb13,delta_volume,0,0.48957190474697765
F2dCb13,delta_volume,1,0.4977848134332257
F2dCb13,face_num,0,0.4958517496839179
F2dCb13,face_num,1,0.48569010375850286
F2dCb13,frame_brightness,0,0.4855647158396289
F2dCb13,frame_brightness,1,0.49108178427008564
F2dCb13,global_flow,0,0.5222354576136589
F2dCb13,global_flow,1,0.48561173630920657
F2dCb13,gpt2_surprisal,0,0.5170945529398243
F2dCb13,gpt2_surprisal,1,0.5292885280503223
F2dCb13,local_flow,0,0.49741387417322336
F2dCb13,local_flow,1,0.48407050980638017
F2dCb13,onset,0,0.47557547830266556
F2dCb13,onset,1,0.49738252719350495
F2dCb13,pitch,0,0.5058096402411628
F2dCb13,pitch,1,0.4931350114416476
F2dCb13,speech,0,0.4809567098210088
F2dCb13,speech,1,0.4887307607911977
F2dCb13,volume,0,0.49089892688839437
F2dCb13,volume,1,0.5078210714397668
F2dCb13,word_gap,0,0.4989864476557684
F2dCb13,word_gap,1,0.48523557255258454
F2dCb13,word_head_pos,0,0.5143673657043144
F2dCb13,word_head_pos,1,0.5047751899104521
F2dCb13,word_index,0,0.49429249762583094
F2dCb13,word_index,1,0.45946818613485285
F2dCb13,word_length,0,0.5041482503160821
F2dCb13,word_length,1,0.5477518991045213
F2dCb13,word_part_speech,0,0.5077263241578058
F2dCb13,word_part_speech,1,0.5021448209612772
F2bCa5,delta_volume,0,0.46639081324514386
F2bCa5,delta_volume,1,0.4434970690573964
F2bCa5,face_num,0,0.4865103497278037
F2bCa5,face_num,1,0.48553859335653005
F2bCa5,frame_brightness,0,0.4745149054888561
F2bCa5,frame_brightness,1,0.4785064209063457
F2bCa5,global_flow,0,0.5327732672956962
F2bCa5,global_flow,1,0.5219324368097134
F2bCa5,gpt2_surprisal,0,0.4961077500182858
F2bCa5,gpt2_surprisal,1,0.5203964348035067
F2bCa5,local_flow,0,0.5143307942279761
F2bCa5,local_flow,1,0.47772797091000285
F2bCa5,onset,0,0.4611610921287734
F2bCa5,onset,1,0.4977848134332258
F2bCa5,pitch,0,0.4924244799013615
F2bCa5,pitch,1,0.5216816609719654
F2bCa5,speech,0,0.49097729433769055
F2bCa5,speech,1,0.4699591444364335
F2bCa5,volume,0,0.46677220149838566
F2bCa5,volume,1,0.4827225896784845
F2bCa5,word_gap,0,0.5238863985455001
F2bCa5,word_gap,1,0.5201352099725192
F2bCa5,word_head_pos,0,0.4857162262416016
F2bCa5,word_head_pos,1,0.5273868112807332
F2bCa5,word_index,0,0.48610636277302943
F2bCa5,word_index,1,0.49224121557454886
F2bCa5,word_length,0,0.4653511384178135
F2bCa5,word_length,1,0.5073351932541299
F2bCa5,word_part_speech,0,0.4811023882871245
F2bCa5,word_part_speech,1,0.5114197224154493
F2bCa11,delta_volume,0,0.5078942143924433
F2bCa11,delta_volume,1,0.532376205552595
F2bCa11,face_num,0,0.48374659101595563
F2bCa11,face_num,1,0.4998223671149285
F2bCa11,frame_brightness,0,0.4998798365777457
F2bCa11,frame_brightness,1,0.5239072965319792
F2bCa11,global_flow,0,0.5634724094333511
F2bCa11,global_flow,1,0.5371879669393853
F2bCa11,gpt2_surprisal,0,0.4762755608497121
F2bCa11,gpt2_surprisal,1,0.4636009320501969
F2bCa11,local_flow,0,0.5068911110414512
F2bCa11,local_flow,1,0.5197224747395588
F2bCa11,onset,0,0.4909720698410709
F2bCa11,onset,1,0.5153338975789683
F2bCa11,pitch,0,0.4809358118345297
F2bCa11,pitch,1,0.47376257797561205
F2bCa11,speech,0,0.4970899553827989
F2bCa11,speech,1,0.48184487424636635
F2bCa11,volume,0,0.49844832450393406
F2bCa11,volume,1,0.4725504947598299
F2bCa11,word_gap,0,0.5059376404083467
F2bCa11,word_gap,1,0.5134452420509283
F2bCa11,word_head_pos,0,0.4902197423278267
F2bCa11,word_head_pos,1,0.4964734647816683
F2bCa11,word_index,0,0.50667616334283
F2bCa11,word_index,1,0.49155745489078817
F2bCa11,word_length,0,0.4855438178531498
F2bCa11,word_length,1,0.5238602760624014
F2bCa11,word_part_speech,0,0.5008198350392528
F2bCa11,word_part_speech,1,0.5020371658551128
F10Fa1,delta_volume,0,0.49968130570619523
F10Fa1,delta_volume,1,0.48030364774353995
F10Fa1,face_num,0,0.5052088231298915
F10Fa1,face_num,1,0.47159441187841555
F10Fa1,frame_brightness,0,0.4931245624484081
F10Fa1,frame_brightness,1,0.5080509492910358
F10Fa1,global_flow,0,0.5212219052694274
F10Fa1,global_flow,1,0.48845908696697077
F10Fa1,gpt2_surprisal,0,0.4828688755838375
F10Fa1,gpt2_surprisal,1,0.4767144185657712
F10Fa1,local_flow,0,0.4985528144363291
F10Fa1,local_flow,1,0.5259709726967807
F10Fa1,onset,0,0.49939918288872864
F10Fa1,onset,1,0.5062223754741231
F10Fa1,pitch,0,0.505407354001442
F10Fa1,pitch,1,0.5182073707198311
F10Fa1,speech,0,0.5051722516535531
F10Fa1,speech,1,0.4710249417468627
F10Fa1,volume,0,0.4902928852805032
F10Fa1,volume,1,0.44594213347543965
F10Fa1,word_gap,0,0.48617598194413963
F10Fa1,word_gap,1,0.4999634285236617
F10Fa1,word_head_pos,0,0.5002142043614098
F10Fa1,word_head_pos,1,0.5151196932175586
F10Fa1,word_index,0,0.47036087369420704
F10Fa1,word_index,1,0.4923076923076923
F10Fa1,word_length,0,0.4857162262416016
F10Fa1,word_length,1,0.5430655256366049
F10Fa1,word_part_speech,0,0.5319818476928684
F10Fa1,word_part_speech,1,0.49071681738381523
F10Fa10,delta_volume,0,0.505532741920316
F10Fa10,delta_volume,1,0.5333793089035872
F10Fa10,face_num,0,0.5020584516681817
F10Fa10,face_num,1,0.4808104239156557
F10Fa10,frame_brightness,0,0.5132101397030396
F10Fa10,frame_brightness,1,0.5033227798501614
F10Fa10,global_flow,0,0.5031555959583294
F10Fa10,global_flow,1,0.45810998610283904
F10Fa10,gpt2_surprisal,0,0.49583085169743896
F10Fa10,gpt2_surprisal,1,0.4815052819660826
F10Fa10,local_flow,0,0.5114520965904934
F10Fa10,local_flow,1,0.4831353249114448
F10Fa10,onset,0,0.513076915039236
F10Fa10,onset,1,0.5180140643449004
F10Fa10,pitch,0,0.4898435785712047
F10Fa10,pitch,1,0.4857945936908979
F10Fa10,speech,0,0.5186984734020876
F10Fa10,speech,1,0.5014315120738116
F10Fa10,volume,0,0.4864999007345643
F10Fa10,volume,1,0.5094981348547067
F10Fa10,word_gap,0,0.49532930002194286
F10Fa10,word_gap,1,0.48886137320669154
F10Fa10,word_head_pos,0,0.5206315371513954
F10Fa10,word_head_pos,1,0.5386560504895352
F10Fa10,word_index,0,0.5201804368471035
F10Fa10,word_index,1,0.4880009496676163
F10Fa10,word_length,0,0.5049267003124249
F10Fa10,word_length,1,0.5274129337638318
F10Fa10,word_part_speech,0,0.47793070323627806
F10Fa10,word_part_speech,1,0.49897313591043096
T2bH4,delta_volume,0,0.5181969217265916
T2bH4,delta_volume,1,0.5133799358431815
T2bH4,face_num,0,0.5107049935738691
T2bH4,face_num,1,0.5114259741073948
T2bH4,frame_brightness,0,0.4708943293313689
T2bH4,frame_brightness,1,0.48576847120779915
T2bH4,global_flow,0,0.517747615017293
T2bH4,global_flow,1,0.4737991494519503
T2bH4,gpt2_surprisal,0,0.499832816108168
T2bH4,gpt2_surprisal,1,0.4805283010981892
T2bH4,local_flow,0,0.5180872072975768
T2bH4,local_flow,1,0.49359476714418565
T2bH4,onset,0,0.515046550264882
T2bH4,onset,1,0.47290053603335325
T2bH4,pitch,0,0.4744469870327994
T2bH4,pitch,1,0.4877433309300649
T2bH4,speech,0,0.5058488239658109
T2bH4,speech,1,0.4699225729600953
T2bH4,volume,0,0.5223138250629552
T2bH4,volume,1,0.5197694952091366
T2bH4,word_gap,0,0.509033154655549
T2bH4,word_gap,1,0.49961338725013843
T2bH4,word_head_pos,0,0.5024920848876211
T2bH4,word_head_pos,1,0.4582667210014315
T2bH4,word_index,0,0.5413770180436847
T2bH4,word_index,1,0.472022792022792
T2bH4,word_length,0,0.4854184299342758
T2bH4,word_length,1,0.4704554716153099
T2bH4,word_part_speech,0,0.48122660571731424
T2bH4,word_part_speech,1,0.4905429129815496
T2bH10,delta_volume,0,0.5222981515730959
T2bH10,delta_volume,1,0.505992497622854
T2bH10,face_num,0,0.5090122566690699
T2bH10,face_num,1,0.4931193379517883
T2bH10,frame_brightness,0,0.4990909375881633
T2bH10,frame_brightness,1,0.4939134614379905
T2bH10,global_flow,0,0.5336823297075326
T2bH10,global_flow,1,0.5162795314671431
T2bH10,gpt2_surprisal,0,0.5182125952164509
T2bH10,gpt2_surprisal,1,0.5256104824300178
T2bH10,local_flow,0,0.5134583032924778
T2bH10,local_flow,1,0.5134426298026185
T2bH10,onset,0,0.4832972843066571
T2bH10,onset,1,0.49872522282478077
T2bH10,pitch,0,0.49274317419516633
T2bH10,pitch,1,0.4915154174895249
T2bH10,speech,0,0.5222250086204194
T2bH10,speech,1,0.4665057521707784
T2bH10,volume,0,0.5032235144143861
T2bH10,volume,1,0.5290064052328558
T2bH10,word_gap,0,0.49536587149828115
T2bH10,word_gap,1,0.5408973595394084
T2bH10,word_head_pos,0,0.5032078409245269
T2bH10,word_head_pos,1,0.46946281725755723
T2bH10,word_index,0,0.4949192782526115
T2bH10,word_index,1,0.48533238366571696
T2bH10,word_length,0,0.49699068994702367
T2bH10,word_length,1,0.48731492220724537
T2bH10,word_part_speech,0,0.47986849514723906
T2bH10,word_part_speech,1,0.5294229686309584
T2bH16,delta_volume,0,0.4936052161374252
T2bH16,delta_volume,1,0.4843108366508887
T2bH16,face_num,0,0.5026435952895939
T2bH16,face_num,1,0.5032391879042455
T2bH16,frame_brightness,0,0.49837518155125754
T2bH16,frame_brightness,1,0.4866409621432975
T2bH16,global_flow,0,0.5348186577223285
T2bH16,global_flow,1,0.4872731262342874
T2bH16,gpt2_surprisal,0,0.5051879251434124
T2bH16,gpt2_surprisal,1,0.5154540610012226
T2bH16,local_flow,0,0.5239072965319791
T2bH16,local_flow,1,0.4956114228394094
T2bH16,onset,0,0.4797446266052266
T2bH16,onset,1,0.4854497769139943
T2bH16,pitch,0,0.4905593346081105
T2bH16,pitch,1,0.497842282896043
T2bH16,speech,0,0.51571528583221
T2bH16,speech,1,0.5025286563639594
T2bH16,volume,0,0.5152085096600942
T2bH16,volume,1,0.5096026247871018
T2bH16,word_gap,0,0.5177685130037721
T2bH16,word_gap,1,0.5361848635883933
T2bH16,word_head_pos,0,0.49729893524758895
T2bH16,word_head_pos,1,0.4479013197078462
T2bH16,word_index,0,0.5040835707502374
T2bH16,word_index,1,0.4461538461538462
T2bH16,word_length,0,0.5059794363813046
T2bH16,word_length,1,0.5129933230933199
T2bH16,word_part_speech,0,0.46921892079896654
T2bH16,word_part_speech,1,0.5083142866607042
T2aA8,delta_volume,0,0.49951934631098294
T2aA8,delta_volume,1,0.5206106391649165
T2aA8,face_num,0,0.49844310000731423
T2aA8,face_num,1,0.5229721116370438
T2aA8,frame_brightness,0,0.488244882605561
T2aA8,frame_brightness,1,0.5041169033363635
T2aA8,global_flow,0,0.5230974995559178
T2aA8,global_flow,1,0.4776182564809881
T2aA8,gpt2_surprisal,0,0.5012382056988809
T2aA8,gpt2_surprisal,1,0.5276428116151008
T2aA8,local_flow,0,0.5458136108585937
T2aA8,local_flow,1,0.5084584600273764
T2aA8,onset,0,0.49165125440163837
T2aA8,onset,1,0.49941485637858796
T2aA8,pitch,0,0.49850056947013155
T2aA8,pitch,1,0.4834696926951088
T2aA8,speech,0,0.5130664660459965
T2aA8,speech,1,0.47745629708577575
T2aA8,volume,0,0.5317649394480842
T2aA8,volume,1,0.5126197715850078
T2aA8,word_gap,0,0.5128888331609249
T2aA8,word_gap,1,0.5152189586533338
T2aA8,word_head_pos,0,0.5086256439192084
T2aA8,word_head_pos,1,0.4558634525563462
T2aA8,word_index,0,0.5081766381766382
T2aA8,word_index,1,0.46205128205128204
T2aA8,word_length,0,0.5061074365484886
T2aA8,word_length,1,0.48112389371284076
T2aA8,word_part_speech,0,0.4440938752525754
T2aA8,word_part_speech,1,0.49797939646891254
T2aA14,delta_volume,0,0.5070791929197621
T2aA14,delta_volume,1,0.47530902897505833
T2aA14,face_num,0,0.4995872647670397
T2aA14,face_num,1,0.5216973344618246
T2aA14,frame_brightness,0,0.4707741659091146
T2aA14,frame_brightness,1,0.49961861174675826
T2aA14,global_flow,0,0.529045588957504
T2aA14,global_flow,1,0.49161990742191997
T2aA14,gpt2_surprisal,0,0.5083330721085024
T2aA14,gpt2_surprisal,1,0.5005120006687356
T2aA14,local_flow,0,0.5198217401753341
T2aA14,local_flow,1,0.49455085002560006
T2aA14,onset,0,0.5172878593147551
T2aA14,onset,1,0.5270994639666469
T2aA14,pitch,0,0.4850840621506118
T2aA14,pitch,1,0.49861028389914636
T2aA14,speech,0,0.5072881727845522
T2aA14,speech,1,0.4898749255509232
T2aA14,volume,0,0.5043154342079141
T2aA14,volume,1,0.4918341117833297
T2aA14,word_gap,0,0.5231340710322561
T2aA14,word_gap,1,0.5133172418837445
T2aA14,word_head_pos,0,0.498093058733791
T2aA14,word_head_pos,1,0.4846870004075107
T2aA14,word_index,0,0.5022032288698954
T2aA14,word_index,1,0.4810921177587844
T2aA14,word_length,0,0.5081763372099098
T2aA14,word_length,1,0.506034293595812
T2aA14,word_part_speech,0,0.5061694656994269
T2aA14,word_part_speech,1,0.5085047533869953
T1cIf6,delta_volume,0,0.5307461626072328
T1cIf6,delta_volume,1,0.5476056131991682
T1cIf6,face_num,0,0.5127164247724731
T1cIf6,face_num,1,0.4880672497204894
T1cIf6,frame_brightness,0,0.48443622456976265
T1cIf6,frame_brightness,1,0.5076800100310335
T1cIf6,global_flow,0,0.5388493568644661
T1cIf6,global_flow,1,0.5107467895468272
T1cIf6,gpt2_surprisal,0,0.5229668871404239
T1cIf6,gpt2_surprisal,1,0.5093518489493537
T1cIf6,local_flow,0,0.5275644441658046
T1cIf6,local_flow,1,0.47326102630011596
T1cIf6,onset,0,0.5531279061262447
T1cIf6,onset,1,0.5435879752985799
T1cIf6,pitch,0,0.5097384616992153
T1cIf6,pitch,1,0.4921737040636135
T1cIf6,speech,0,0.5509336175459494
T1cIf6,speech,1,0.5017031858980388
T1cIf6,volume,0,0.5154697344910818
T1cIf6,volume,1,0.48054397458804843
T1cIf6,word_gap,0,0.5315037146170967
T1cIf6,word_gap,1,0.5498469222490413
T1cIf6,word_head_pos,0,0.5051304556805951
T1cIf6,word_head_pos,1,0.4753717229344952
T1cIf6,word_index,0,0.5477872744539412
T1cIf6,word_index,1,0.5359069325735992
T1cIf6,word_length,0,0.5099631150538646
T1cIf6,word_length,1,0.4973929761867444
T1cIf6,word_part_speech,0,0.47080062274338336
T1cIf6,word_part_speech,1,0.5205041571433303
T1cIf12,delta_volume,0,0.5210860683573137
T1cIf12,delta_volume,1,0.5092682570034377
T1cIf12,face_num,0,0.4889136181728891
T1cIf12,face_num,1,0.4841958977252542
T1cIf12,frame_brightness,0,0.48775900441992415
T1cIf12,frame_brightness,1,0.4986337941339352
T1cIf12,global_flow,0,0.5320993072317481
T1cIf12,global_flow,1,0.48637973731231005
T1cIf12,gpt2_surprisal,0,0.5068806620482117
T1cIf12,gpt2_surprisal,1,0.4947964013667283
T1cIf12,local_flow,0,0.5223974170088712
T1cIf12,local_flow,1,0.45896941579678796
T1cIf12,onset,0,0.48098805680072726
T1cIf12,onset,1,0.4998641630878865
T1cIf12,pitch,0,0.47522543702914233
T1cIf12,pitch,1,0.4721534330167288
T1cIf12,speech,0,0.5342465753424657
T1cIf12,speech,1,0.4835924683656729
T1cIf12,volume,0,0.5052297211163703
T1cIf12,volume,1,0.4742223336781501
T1cIf12,word_gap,0,0.524873828406633
T1cIf12,word_gap,1,0.5320313887756914
T1cIf12,word_head_pos,0,0.5020689006614213
T1cIf12,word_head_pos,1,0.5000992654357752
T1cIf12,word_index,0,0.5366001899335232
T1cIf12,word_index,1,0.4659069325735993
T1cIf12,word_length,0,0.5070060499670856
T1cIf12,word_length,1,0.48614985946104095
T1cIf12,word_part_speech,0,0.5184752724502302
T1cIf12,word_part_speech,1,0.513746728941005
T1bId6,delta_volume,0,0.5771710395703373
T1bId6,delta_volume,1,0.5992706602718829
T1bId6,face_num,0,0.478751972247474
T1bId6,face_num,1,0.495914443643355
T1bId6,frame_brightness,0,0.4963010563932166
T1bId6,frame_brightness,1,0.49789975235886025
T1bId6,global_flow,0,0.5262635445074867
T1bId6,global_flow,1,0.5009247359016958
T1bId6,gpt2_surprisal,0,0.48974431313542943
T1bId6,gpt2_surprisal,1,0.5374021713007953
T1bId6,local_flow,0,0.5402025014889815
T1bId6,local_flow,1,0.5056842523222888
T1bId6,onset,0,0.6270702067855761
T1bId6,onset,1,0.6651202156672205
T1bId6,pitch,0,0.503918372464813
T1bId6,pitch,1,0.4711137581893985
T1bId6,speech,0,0.5243409297514184
T1bId6,speech,1,0.5238655005590211
T1bId6,volume,0,0.5215144770801333
T1bId6,volume,1,0.5116349539721848
T1bId6,word_gap,0,0.5515919041200381
T1bId6,word_gap,1,0.5423811165794177
T1bId6,word_head_pos,0,0.507606867078357
T1bId6,word_head_pos,1,0.5077374794938507
T1bId6,word_index,0,0.6120560303893636
T1bId6,word_index,1,0.5449382716049382
T1bId6,word_length,0,0.508192010699769
T1bId6,word_length,1,0.509701890222877
T1bId6,word_part_speech,0,0.49804564576501376
T1bId6,word_part_speech,1,0.5149971844049157
T1aIa2,delta_volume,0,0.5008986134185971
T1aIa2,delta_volume,1,0.49766465001097143
T1aIa2,face_num,0,0.5159190412003803
T1aIa2,face_num,1,0.5010318380824008
T1aIa2,frame_brightness,0,0.48379361148553346
T1aIa2,frame_brightness,1,0.48148438397960364
T1aIa2,global_flow,0,0.5246674607901528
T1aIa2,global_flow,1,0.4762128668902751
T1aIa2,gpt2_surprisal,0,0.5067239271496191
T1aIa2,gpt2_surprisal,1,0.5232333364680313
T1aIa2,local_flow,0,0.5135627932248729
T1aIa2,local_flow,1,0.5013217976447969
T1aIa2,onset,0,0.5189596982330752
T1aIa2,onset,1,0.5011389402631057
T1aIa2,pitch,0,0.4917975403069914
T1aIa2,pitch,1,0.49172962185093466
T1aIa2,speech,0,0.5404741753132086
T1aIa2,speech,1,0.5155742244234769
T1aIa2,volume,0,0.49888718221999306
T1aIa2,volume,1,0.49834905906815874
T1aIa2,word_gap,0,0.5110132388744345
T1aIa2,word_gap,1,0.5199262301077291
T1aIa2,word_head_pos,0,0.5172199408586983
T1aIa2,word_head_pos,1,0.46027292770341577
T1aIa2,word_index,0,0.5141405508072175
T1aIa2,word_index,1,0.46212725546058875
T1aIa2,word_length,0,0.49786840537914173
T1aIa2,word_length,1,0.49570546377856495
T1aIa2,word_part_speech,0,0.5252658253006062
T1aIa2,word_part_speech,1,0.48198847262247846
T1aIa9,delta_volume,0,0.5178050844801103
T1aIa9,delta_volume,1,0.48927933293627157
T1aIa9,face_num,0,0.4886262708588027
T1aIa9,face_num,1,0.5043284954494635
T1aIa9,frame_brightness,0,0.4922155000365715
T1aIa9,frame_brightness,1,0.48819786213598315
T1aIa9,global_flow,0,0.5264124426611496
T1aIa9,global_flow,1,0.4945665235154593
T1aIa9,gpt2_surprisal,0,0.5079360103654014
T1aIa9,gpt2_surprisal,1,0.511650627462044
T1aIa9,local_flow,0,0.5281704857736957
T1aIa9,local_flow,1,0.49679215907547314
T1aIa9,onset,0,0.4999660407719716
T1aIa9,onset,1,0.509325726466255
T1aIa9,pitch,0,0.511483443570212
T1aIa9,pitch,1,0.49889763121323266
T1aIa9,speech,0,0.5236930921705694
T1aIa9,speech,1,0.4878687188489388
T1aIa9,volume,0,0.5188552083006802
T1aIa9,volume,1,0.5096705432431585
T1aIa9,word_gap,0,0.5161332455617902
T1aIa9,word_gap,1,0.5219533347961923
T1aIa9,word_head_pos,0,0.5084506232824467
T1aIa9,word_head_pos,1,0.45881790539481526
T1aIa9,word_index,0,0.5114529914529915
T1aIa9,word_index,1,0.4461443494776828
T1aIa9,word_length,0,0.5020897986479003
T1aIa9,word_length,1,0.5190223921925122
T1aIa9,word_part_speech,0,0.4437874722581072
T1aIa9,word_part_speech,1,0.5181109013216734
P2cCc6,delta_volume,0,0.5175516963940524
P2cCc6,delta_volume,1,0.4760221727636542
P2cCc6,face_num,0,0.47090739057291825
P2cCc6,face_num,1,0.485225123559345
P2cCc6,frame_brightness,0,0.4758576011201321
P2cCc6,frame_brightness,1,0.4944777070729235
P2cCc6,global_flow,0,0.5229721116370438
P2cCc6,global_flow,1,0.5337920441365475
P2cCc6,gpt2_surprisal,0,0.5096130737803413
P2cCc6,gpt2_surprisal,1,0.48128846535636294
P2cCc6,local_flow,0,0.5413153192689883
P2cCc6,local_flow,1,0.5276375871184812
P2cCc6,onset,0,0.4833808762525731
P2cCc6,onset,1,0.5090436036487884
P2cCc6,pitch,0,0.484222020208353
P2cCc6,pitch,1,0.5063399266480675
P2cCc6,speech,0,0.5160966740854519
P2cCc6,speech,1,0.4773909908780289
P2cCc6,volume,0,0.5015621244893055
P2cCc6,volume,1,0.5097175637127362
P2cCc6,word_gap,0,0.5137299771167048
P2cCc6,word_gap,1,0.4927118272154478
P2cCc6,word_head_pos,0,0.5090018076758304
P2cCc6,word_head_pos,1,0.46600942499190207
P2cCc6,word_index,0,0.5288271604938272
P2cCc6,word_index,1,0.44141500474833806
P2cCc6,word_length,0,0.5012434301955007
P2cCc6,word_length,1,0.5121574036341598
P2cCc6,word_part_speech,0,0.5086082679121534
P2cCc6,word_part_speech,1,0.5205704064394315
P2cCc12,delta_volume,0,0.5087510318380823
P2cCc12,delta_volume,1,0.49884538624703506
P2cCc12,face_num,0,0.48124405713509505
P2cCc12,face_num,1,0.48612896147456197
P2cCc12,frame_brightness,0,0.4865782681838605
P2cCc12,frame_brightness,1,0.5158876942206618
P2cCc12,global_flow,0,0.5399778481343323
P2cCc12,global_flow,1,0.5205740676885782
P2cCc12,gpt2_surprisal,0,0.5103810747834446
P2cCc12,gpt2_surprisal,1,0.5095921757938623
P2cCc12,local_flow,0,0.5425117289949113
P2cCc12,local_flow,1,0.4950158302247578
P2cCc12,onset,0,0.5047856389036917
P2cCc12,onset,1,0.5483370427259334
P2cCc12,pitch,0,0.49186023426642844
P2cCc12,pitch,1,0.48458773497173546
P2cCc12,speech,0,0.531305183745546
P2cCc12,speech,1,0.5046080060186201
P2cCc12,volume,0,0.5171154509263033
P2cCc12,volume,1,0.5025077583774803
P2cCc12,word_gap,0,0.5368744971422004
P2cCc12,word_gap,1,0.5074135607034262
P2cCc12,word_head_pos,0,0.5143621412076946
P2cCc12,word_head_pos,1,0.5054230274913012
P2cCc12,word_index,0,0.5182241215574549
P2cCc12,word_index,1,0.4444444444444445
P2cCc12,word_length,0,0.5046811489712967
P2cCc12,word_length,1,0.506812743592155
P2cCc12,word_part_speech,0,0.4782039815826957
P2cCc12,word_part_speech,1,0.5009854582795058
P2aIe3,delta_volume,0,0.5216294160057678
P2aIe3,delta_volume,1,0.5169325935446121
P2aIe3,face_num,0,0.4986520798721043
P2aIe3,face_num,1,0.4894151698483852
P2aIe3,frame_brightness,0,0.4640554632561153
P2aIe3,frame_brightness,1,0.498657304368724
P2aIe3,global_flow,0,0.522339947546054
P2aIe3,global_flow,1,0.490611579574308
P2aIe3,gpt2_surprisal,0,0.526070238132556
P2aIe3,gpt2_surprisal,1,0.5149995297953042
P2aIe3,local_flow,0,0.4919438262123444
P2aIe3,local_flow,1,0.4993573869157707
P2aIe3,onset,0,0.5119588727626094
P2aIe3,onset,1,0.5245081136432505
P2aIe3,pitch,0,0.4686477957848761
P2aIe3,pitch,1,0.48794708629823513
P2aIe3,speech,0,0.4991693050374596
P2aIe3,speech,1,0.479128136004096
P2aIe3,volume,0,0.5047960878969311
P2aIe3,volume,1,0.5006896335538071
P2aIe3,word_gap,0,0.502032329185083
P2aIe3,word_gap,1,0.5206106391649165
P2aIe3,word_head_pos,0,0.5143098962414971
P2aIe3,word_head_pos,1,0.4966093016937818
P2aIe3,word_index,0,0.5401614434947768
P2aIe3,word_index,1,0.4597150997150997
P2aIe3,word_length,0,0.49303052150925253
P2aIe3,word_length,1,0.4761136014544999
P2aIe3,word_part_speech,0,0.4416923382689059
P2aIe3,word_part_speech,1,0.48131769849945344
P2aIe9,delta_volume,0,0.5006870213054972
P2aIe9,delta_volume,1,0.4686895917578342
P2aIe9,face_num,0,0.5248503181718441
P2aIe9,face_num,1,0.5084898070070949
P2aIe9,frame_brightness,0,0.5168960220682738
P2aIe9,frame_brightness,1,0.4978318339028035
P2aIe9,global_flow,0,0.557793381607682
P2aIe9,global_flow,1,0.48942039434500484
P2aIe9,gpt2_surprisal,0,0.5105952791448544
P2aIe9,gpt2_surprisal,1,0.536002006206702
P2aIe9,local_flow,0,0.5237453371367669
P2aIe9,local_flow,1,0.4688567756496661
P2aIe9,onset,0,0.521394313657879
P2aIe9,onset,1,0.5206158636615362
P2aIe9,pitch,0,0.49216586731868384
P2aIe9,pitch,1,0.4924244799013615
P2aIe9,speech,0,0.5185208405170162
P2aIe9,speech,1,0.4901387626302206
P2aIe9,volume,0,0.5087510318380823
P2aIe9,volume,1,0.49692799598758663
P2aIe9,word_gap,0,0.5129254046372632
P2aIe9,word_gap,1,0.5372767833819212
P2aIe9,word_head_pos,0,0.5178730029361671
P2aIe9,word_head_pos,1,0.5110341368609135
P2aIe9,word_index,0,0.5356410256410257
P2aIe9,word_index,1,0.4482621082621082
P2aIe9,word_length,0,0.4736737615330763
P2aIe9,word_length,1,0.5241737458595865
P2aIe9,word_part_speech,0,0.5149143727847891
P2aIe9,word_part_speech,1,0.5136970419689291
F3cIc3,delta_volume,0,0.4937724000292572
F3cIc3,delta_volume,1,0.5246805220317022
F3cIc3,face_num,0,0.5239020720353593
F3cIc3,face_num,1,0.4868969624776653
F3cIc3,frame_brightness,0,0.5080300513045568
F3cIc3,frame_brightness,1,0.48369434604975814
F3cIc3,global_flow,0,0.5310648569010374
F3cIc3,global_flow,1,0.5011807362360636
F3cIc3,gpt2_surprisal,0,0.5122566690699351
F3cIc3,gpt2_surprisal,1,0.5237975821029645
F3cIc3,local_flow,0,0.5117185459181008
F3cIc3,local_flow,1,0.5255895844435389
F3cIc3,onset,0,0.4993469379225312
F3cIc3,onset,1,0.5382380907599553
F3cIc3,pitch,0,0.49214235708389503
F3cIc3,pitch,1,0.5061544570180663
F3cIc3,speech,0,0.5238811740488803
F3cIc3,speech,1,0.4826285487393289
F3cIc3,volume,0,0.5117080969248613
F3cIc3,volume,1,0.5018599207966312
F3cIc3,word_gap,0,0.5073299687575102
F3cIc3,word_gap,1,0.539439724982498
F3cIc3,word_head_pos,0,0.5027428607253692
F3cIc3,word_head_pos,1,0.480993281297347
F3cIc3,word_index,0,0.508309591642925
F3cIc3,word_index,1,0.461604938271605
F3cIc3,word_length,0,0.4852329603042747
F3cIc3,word_length,1,0.5080509492910359
F3cIc3,word_part_speech,0,0.4846798502765909
F3cIc3,word_part_speech,1,0.5093908377223492
F3cIc9,delta_volume,0,0.5294557119421544
F3cIc9,delta_volume,1,0.47264453569898535
F3cIc9,face_num,0,0.493631338620524
F3cIc9,face_num,1,0.5033175553535417
F3cIc9,frame_brightness,0,0.46790069276825175
F3cIc9,frame_brightness,1,0.5098795231079486
F3cIc9,global_flow,0,0.5401998892406717
F3cIc9,global_flow,1,0.5012277567056415
F3cIc9,gpt2_surprisal,0,0.5137325893650146
F3cIc9,gpt2_surprisal,1,0.5054021295048222
F3cIc9,local_flow,0,0.5360464144279699
F3cIc9,local_flow,1,0.4844780205427206
F3cIc9,onset,0,0.527136035442985
F3cIc9,onset,1,0.5304013458303293
F3cIc9,pitch,0,0.49749746611913936
F3cIc9,pitch,1,0.49676603659237434
F3cIc9,speech,0,0.524288684785221
F3cIc9,speech,1,0.5071575603690585
F3cIc9,volume,0,0.5139494059747343
F3cIc9,volume,1,0.5157988777781262
F3cIc9,word_gap,0,0.5089652361994922
F3cIc9,word_gap,1,0.5391993981379894
F3cIc9,word_head_pos,0,0.49056978360135
F3cIc9,word_head_pos,1,0.49819754866618604
F3cIc9,word_index,0,0.5386989553656221
F3cIc9,word_index,1,0.43827160493827166
F3cIc9,word_length,0,0.49540505522292927
F3cIc9,word_length,1,0.5275905666489034
F3cIc9,word_part_speech,0,0.48316439762827523
F3cIc9,word_part_speech,1,0.5011676438437842
F3bIb5,delta_volume,0,0.5352183317137393
F3bIb5,delta_volume,1,0.5052819660825679
F3bIb5,face_num,0,0.4790706665412788
F3bIb5,face_num,1,0.4929678275498156
F3bIb5,frame_brightness,0,0.4940545228467238
F3bIb5,frame_brightness,1,0.5006164906011306
F3bIb5,global_flow,0,0.5403931956156025
F3bIb5,global_flow,1,0.5293303240232803
F3bIb5,gpt2_surprisal,0,0.5294609364387741
F3bIb5,gpt2_surprisal,1,0.5442776088523871
F3bIb5,local_flow,0,0.5278622404731305
F3bIb5,local_flow,1,0.5424960555050521
F3bIb5,onset,0,0.49259688828981324
F3bIb5,onset,1,0.5380918048546023
F3bIb5,pitch,0,0.4855176953700511
F3bIb5,pitch,1,0.48540275644441655
F3bIb5,speech,0,0.48979133360500715
F3bIb5,speech,1,0.4896241497131752
F3bIb5,volume,0,0.4965074240096966
F3bIb5,volume,1,0.4929312560734774
F3bIb5,word_gap,0,0.4831666718911633
F3bIb5,word_gap,1,0.5307043666342748
F3bIb5,word_head_pos,0,0.5158772452274224
F3bIb5,word_head_pos,1,0.49611297451490555
F3bIb5,word_index,0,0.5042830009496677
F3bIb5,word_index,1,0.48379867046533714
F3bIb5,word_length,0,0.47926919741282925
F3bIb5,word_length,1,0.5047020469577757
F3bIb5,word_part_speech,0,0.45093411507502734
F3bIb5,word_part_speech,1,0.5106247308622347
F3aOFc1,delta_volume,0,0.5003186942938048
F3aOFc1,delta_volume,1,0.4833965497424323
F3aOFc1,face_num,0,0.5013165731481772
F3aOFc1,face_num,1,0.4953972184779996
F3aOFc1,frame_brightness,0,0.503834780518897
F3aOFc1,frame_brightness,1,0.49042872219261674
F3aOFc1,global_flow,0,0.5265744020563619
F3aOFc1,global_flow,1,0.5099369925707657
F3aOFc1,gpt2_surprisal,0,0.5207308025871706
F3aOFc1,gpt2_surprisal,1,0.5432692810047752
F3aOFc1,local_flow,0,0.5164362663657356
F3aOFc1,local_flow,1,0.5173975737437698
F3aOFc1,onset,0,0.4995977137602791
F3aOFc1,onset,1,0.505804415744543
F3aOFc1,pitch,0,0.5013531446245154
F3aOFc1,pitch,1,0.48952488427739993
F3aOFc1,speech,0,0.5131918539648704
F3aOFc1,speech,1,0.4681984890755776
F3aOFc1,volume,0,0.5005903681180318
F3aOFc1,volume,1,0.5128627106778262
F3aOFc1,word_gap,0,0.49047051816557474
F3aOFc1,word_gap,1,0.5198217401753341
F3aOFc1,word_head_pos,0,0.5190798616553295
F3aOFc1,word_head_pos,1,0.4909563963512116
F3aOFc1,word_index,0,0.5291358024691357
F3aOFc1,word_index,1,0.4752326685660019
F3aOFc1,word_length,0,0.48453026550891826
F3aOFc1,word_length,1,0.49191247923262593
F3aOFc1,word_part_speech,0,0.44035907118486867
F3aOFc1,word_part_speech,1,0.5213074298585577
F3aOFc7,delta_volume,0,0.5147226314744574
F3aOFc7,delta_volume,1,0.4787676457373332
F3aOFc7,face_num,0,0.4825345078001735
F3aOFc7,face_num,1,0.5082547046592061
F3aOFc7,frame_brightness,0,0.4939395839210892
F3aOFc7,frame_brightness,1,0.5210965173505533
F3aOFc7,global_flow,0,0.5490397375212898
F3aOFc7,global_flow,1,0.4990648151050646
F3aOFc7,gpt2_surprisal,0,0.4936783590901017
F3aOFc7,gpt2_surprisal,1,0.5308297545531487
F3aOFc7,local_flow,0,0.5444813642205573
F3aOFc7,local_flow,1,0.532501593471469
F3aOFc7,onset,0,0.488286678578519
F3aOFc7,onset,1,0.5046393529983386
F3aOFc7,pitch,0,0.5003082453005653
F3aOFc7,pitch,1,0.5006739600639478
F3aOFc7,speech,0,0.5237975821029645
F3aOFc7,speech,1,0.48469744940075027
F3aOFc7,volume,0,0.5008202459693009
F3aOFc7,volume,1,0.50880327680428
F3aOFc7,word_gap,0,0.5201143119860401
F3aOFc7,word_gap,1,0.5170684304567255
F3aOFc7,word_head_pos,0,0.5019121657628287
F3aOFc7,word_head_pos,1,0.4496410770822231
F3aOFc7,word_index,0,0.4780911680911681
F3aOFc7,word_index,1,0.45841405508072175
F3aOFc7,word_length,0,0.474833599782661
F3aOFc7,word_length,1,0.49472848291067156
F3aOFc7,word_part_speech,0,0.48436516612011
F3aOFc7,word_part_speech,1,0.5087159230183179
F3aOFc13,delta_volume,0,0.5031921674346677
F3aOFc13,delta_volume,1,0.4794677282843798
F3aOFc13,face_num,0,0.46839701994712807
F3aOFc13,face_num,1,0.4905802325945895
F3aOFc13,frame_brightness,0,0.5144457331536105
F3aOFc13,frame_brightness,1,0.5159660616699581
F3aOFc13,global_flow,0,0.5226063968736613
F3aOFc13,global_flow,1,0.4782817675516964
F3aOFc13,gpt2_surprisal,0,0.5254485230348056
F3aOFc13,gpt2_surprisal,1,0.5351608622509221
F3aOFc13,local_flow,0,0.5312790612624474
F3aOFc13,local_flow,1,0.47210118805053136
F3aOFc13,onset,0,0.49937306040562984
F3aOFc13,onset,1,0.5078994388890631
F3aOFc13,pitch,0,0.5082703781490654
F3aOFc13,pitch,1,0.4912594171551571
F3aOFc13,speech,0,0.5314462451542794
F3aOFc13,speech,1,0.4989446516828104
F3aOFc13,volume,0,0.5097071147194968
F3aOFc13,volume,1,0.5013061241549377
F3aOFc13,word_gap,0,0.522441825230139
F3aOFc13,word_gap,1,0.49655183223096455
F3aOFc13,word_head_pos,0,0.4720071471113758
F3aOFc13,word_head_pos,1,0.4637106464792117
F3aOFc13,word_index,0,0.5108452041785375
F3aOFc13,word_index,1,0.5106172839506172
F3aOFc13,word_length,0,0.5254432985381858
F3aOFc13,word_length,1,0.4933126443267191
F3aOFc13,word_part_speech,0,0.5114942528735632
F3aOFc13,word_part_speech,1,0.47531385604027954
P2bIg4,delta_volume,0,0.4899062725306417
P2bIg4,delta_volume,1,0.514607692548823
P2bIg4,face_num,0,0.4880045557610524
P2bIg4,face_num,1,0.4887673322675361
P2bIg4,frame_brightness,0,0.49603460706560926
P2bIg4,frame_brightness,1,0.4992058765137979
P2bIg4,global_flow,0,0.5408242165867319
P2bIg4,global_flow,1,0.514628590535302
P2bIg4,gpt2_surprisal,0,0.49356864466108685
P2bIg4,gpt2_surprisal,1,0.4562918612791657
P2bIg4,local_flow,0,0.5035369842115712
P2bIg4,local_flow,1,0.4916094584286805
P2bIg4,onset,0,0.5002037553681703
P2bIg4,onset,1,0.5162847559637629
P2bIg4,pitch,0,0.48357940712412356
P2bIg4,pitch,1,0.46691326290711893
P2bIg4,speech,0,0.4760509074950629
P2bIg4,speech,1,0.49007868091909346
P2bIg4,volume,0,0.5277420770508762
P2bIg4,volume,1,0.5013583691211352
P2bIg4,word_gap,0,0.49631672988307574
P2bIg4,word_gap,1,0.5180454113246189
P2bIg4,word_head_pos,0,0.518672350918989
P2bIg4,word_head_pos,1,0.5350250253388086
P2bIg4,word_index,0,0.5512060778727444
P2bIg4,word_index,1,0.4490408357075023
P2bIg4,word_length,0,0.4953658714982811
P2bIg4,word_length,1,0.4755598048128063
P2bIg4,word_part_speech,0,0.510351452515817
P2bIg4,word_part_speech,1,0.4578157607075425
P2bIg10,delta_volume,0,0.48748733059569715
P2bIg10,delta_volume,1,0.4863536148292112
P2bIg10,face_num,0,0.5009508583847947
P2bIg10,face_num,1,0.4847810413466663
P2bIg10,frame_brightness,0,0.4758523766235123
P2bIg10,frame_brightness,1,0.5182805136725076
P2bIg10,global_flow,0,0.5284891800675005
P2bIg10,global_flow,1,0.505908905676938
P2bIg10,gpt2_surprisal,0,0.4760509074950628
P2bIg10,gpt2_surprisal,1,0.490653375547266
P2bIg10,local_flow,0,0.5423758920827979
P2bIg10,local_flow,1,0.5255686864570598
P2bIg10,onset,0,0.4898122315914862
P2bIg10,onset,1,0.5136777321505074
P2bIg10,pitch,0,0.4881351681765462
P2bIg10,pitch,1,0.47180861623982534
P2bIg10,speech,0,0.5055222929270764
P2bIg10,speech,1,0.5008986134185971
P2bIg10,volume,0,0.5253858290753687
P2bIg10,volume,1,0.5225175804311255
P2bIg10,word_gap,0,0.5044512711200276
P2bIg10,word_gap,1,0.5372036404292446
P2bIg10,word_head_pos,0,0.5289802827497571
P2bIg10,word_head_pos,1,0.5097071147194968
P2bIg10,word_index,0,0.5184710351377018
P2bIg10,word_index,1,0.46422602089268755
P2bIg10,word_length,0,0.507021723456945
P2bIg10,word_length,1,0.5140591204037491
P2bIg10,word_part_speech,0,0.4818476928682633
P2bIg10,word_part_speech,1,0.48403391963960385
F2e4,delta_volume,0,0.5131866294682508
F2e4,delta_volume,1,0.4840182648401826
F2e4,face_num,0,0.49516211613011085
F2e4,face_num,1,0.5032705348839639
F2e4,frame_brightness,0,0.48948308830444187
F2e4,frame_brightness,1,0.5100937274693584
F2e4,global_flow,0,0.5137038546336061
F2e4,global_flow,1,0.4770592353426747
F2e4,gpt2_surprisal,0,0.48981745608810595
F2e4,gpt2_surprisal,1,0.5234475408294411
F2e4,local_flow,0,0.4941224413027805
F2e4,local_flow,1,0.4575509649645257
F2e4,onset,0,0.4893106799159901
F2e4,onset,1,0.4877746779097834
F2e4,pitch,0,0.5020375536817028
F2e4,pitch,1,0.4915833359455817
F2e4,speech,0,0.49990073456422474
F2e4,speech,1,0.47588894809985055
F2e4,volume,0,0.46616093539387476
F2e4,volume,1,0.47992225949029815
F2e4,word_gap,0,0.4973198332340679
F2e4,word_gap,1,0.5220369267421083
F2e4,word_head_pos,0,0.4992058765137979
F2e4,word_head_pos,1,0.5138240180558604
F2e4,word_index,0,0.4900664767331434
F2e4,word_index,1,0.44340930674264006
F2e4,word_length,0,0.5072672747980733
F2e4,word_length,1,0.5202135774218154
F2e4,word_part_speech,0,0.5173738779025473
F2e4,word_part_speech,1,0.5311951373016661
F2c2,delta_volume,0,0.4931036644619291
F2c2,delta_volume,1,0.4947337074072913
F2c2,face_num,0,0.5196232093037836
F2c2,face_num,1,0.5241946438460654
F2c2,frame_brightness,0,0.49845354900055383
F2c2,frame_brightness,1,0.4769651944035192
F2c2,global_flow,0,0.5324127770289332
F2c2,global_flow,1,0.5285048535573598
F2c2,gpt2_surprisal,0,0.477680950440425
F2c2,gpt2_surprisal,1,0.48277483464468196
F2c2,local_flow,0,0.49990073456422474
F2c2,local_flow,1,0.5071366623825794
F2c2,onset,0,0.474958987701535
F2c2,onset,1,0.520600190171677
F2c2,pitch,0,0.5205165982257609
F2c2,pitch,1,0.4678432233054345
F2c2,speech,0,0.49109223326332513
F2c2,speech,1,0.5126276083299375
F2c2,volume,0,0.49244537788784054
F2c2,volume,1,0.4969541184706853
F2c2,word_gap,0,0.5177345537757437
F2c2,word_gap,1,0.4990543661118252
F2c2,word_head_pos,0,0.4970899553827989
F2c2,word_head_pos,1,0.4939918288872867
F2c2,word_index,0,0.5165811965811966
F2c2,word_index,1,0.49580246913580245
F2c2,word_length,0,0.5009769808678934
F2c2,word_length,1,0.49844832450393406
F2c2,word_part_speech,0,0.48281658882374373
F2c2,word_part_speech,1,0.5059707178111232
F2c8,delta_volume,0,0.5053812315183432
F2c8,delta_volume,1,0.532167225687805
F2c8,face_num,0,0.5108669529690815
F2c8,face_num,1,0.4921789285602332
F2c8,frame_brightness,0,0.47940503432494275
F2c8,frame_brightness,1,0.49659885270054227
F2c8,global_flow,0,0.5438283021430885
F2c8,global_flow,1,0.4872940242207663
F2c8,gpt2_surprisal,0,0.4911444782295226
F2c8,gpt2_surprisal,1,0.5060813140653898
F2c8,local_flow,0,0.5036205761574872
F2c8,local_flow,1,0.4806902604934014
F2c8,onset,0,0.4968313428001212
F2c8,onset,1,0.5188917797770185
F2c8,pitch,0,0.5115252395431701
F2c8,pitch,1,0.49967608120957546
F2c8,speech,0,0.4970899553827989
F2c8,speech,1,0.5233848468700041
F2c8,volume,0,0.5038034335391784
F2c8,volume,1,0.49758628256167514
F2c8,word_gap,0,0.49174007084417415
F2c8,word_gap,1,0.5145345495961464
F2c8,word_head_pos,0,0.5194299029288529
F2c8,word_head_pos,1,0.5017345328777572
F2c8,word_index,0,0.5081386514719848
F2c8,word_index,1,0.5100664767331434
F2c8,word_length,0,0.48852178092640774
F2c8,word_length,1,0.5404793998098283
F2c8,word_part_speech,0,0.4959091059657491
F2c8,word_part_speech,1,0.49170227566332103
F2aOFb6,delta_volume,0,0.4969279959875866
F2aOFb6,delta_volume,1,0.49616521948110304
F2aOFb6,face_num,0,0.49062202856754755
F2aOFb6,face_num,1,0.49004733393937494
F2aOFb6,frame_brightness,0,0.477012214873097
F2aOFb6,frame_brightness,1,0.49960293825689894
F2aOFb6,global_flow,0,0.5238498270691618
F2aOFb6,global_flow,1,0.49165125440163837
F2aOFb6,gpt2_surprisal,0,0.5004440822126788
F2aOFb6,gpt2_surprisal,1,0.5260023196764991
F2aOFb6,local_flow,0,0.4978788543723812
F2aOFb6,local_flow,1,0.4969436694774459
F2aOFb6,onset,0,0.49200129567516165
F2aOFb6,onset,1,0.4793554016070552
F2aOFb6,pitch,0,0.5231392955288757
F2aOFb6,pitch,1,0.4859826755692089
F2aOFb6,speech,0,0.5136777321505074
F2aOFb6,speech,1,0.5177737375003919
F2aOFb6,volume,0,0.45854361932227833
F2aOFb6,volume,1,0.4813276490810111
F2aOFb6,word_gap,0,0.4958621986771575
F2aOFb6,word_gap,1,0.5163892458961579
F2aOFb6,word_head_pos,0,0.5134583032924778
F2aOFb6,word_head_pos,1,0.5185626364899742
F2aOFb6,word_index,0,0.48885090218423555
F2aOFb6,word_index,1,0.4732478632478633
F2aOFb6,word_length,0,0.4928633376174205
F2aOFb6,word_length,1,0.5003082453005653
F2aOFb6,word_part_speech,0,0.49052635065752426
F2aOFb6,word_part_speech,1,0.5110636324489053
F2aOFb12,delta_volume,0,0.49916930503745965
F2aOFb12,delta_volume,1,0.4947441564005309
F2aOFb12,face_num,0,0.5024659624045222
F2aOFb12,face_num,1,0.5250984817612823
F2aOFb12,frame_brightness,0,0.4872835752275268
F2aOFb12,frame_brightness,1,0.49005255843599466
F2aOFb12,global_flow,0,0.5482900222563556
F2aOFb12,global_flow,1,0.5023614724721273
F2aOFb12,gpt2_surprisal,0,0.5270315455105901
F2aOFb12,gpt2_surprisal,1,0.49024586481092547
F2aOFb12,local_flow,0,0.5407458491374355
F2aOFb12,local_flow,1,0.5033489023332601
F2aOFb12,onset,0,0.4707114719496776
F2aOFb12,onset,1,0.4767509900421094
F2aOFb12,pitch,0,0.5088973177434354
F2aOFb12,pitch,1,0.4838824279280691
F2aOFb12,speech,0,0.5025600033436779
F2aOFb12,speech,1,0.46521530150569995
F2aOFb12,volume,0,0.5092316855270995
F2aOFb12,volume,1,0.48242479337115873
F2aOFb12,word_gap,0,0.545745692402537
F2aOFb12,word_gap,1,0.5146076925488229
F2aOFb12,word_head_pos,0,0.48167769035453434
F2aOFb12,word_head_pos,1,0.4719183306688401
F2aOFb12,word_index,0,0.4898575498575498
F2aOFb12,word_index,1,0.5022507122507123
F2aOFb12,word_length,0,0.4949374627754616
F2aOFb12,word_length,1,0.5024450644180434
F2aOFb12,word_part_speech,0,0.48240253072311107
F2aOFb12,word_part_speech,1,0.48355361224286986
F2dCb2,delta_volume,0,0.5087667053279417
F2dCb2,delta_volume,1,0.508735358348223
F2dCb2,face_num,0,0.5032600858907245
F2dCb2,face_num,1,0.5051356801772149
F2dCb2,frame_brightness,0,0.49189419349445684
F2dCb2,frame_brightness,1,0.5180610848144781
F2dCb2,global_flow,0,0.5422766266470225
F2dCb2,global_flow,1,0.504085556356645
F2dCb2,gpt2_surprisal,0,0.4962749339101178
F2dCb2,gpt2_surprisal,1,0.5181185542772954
F2dCb2,local_flow,0,0.49936261141239036
F2dCb2,local_flow,1,0.4927745211748848
F2dCb2,onset,0,0.4544737364554925
F2dCb2,onset,1,0.5000470204695777
F2dCb2,pitch,0,0.5039915154174895
F2dCb2,pitch,1,0.5213159462085828
F2dCb2,speech,0,0.5197120257463194
F2dCb2,speech,1,0.5085054804969541
F2dCb2,volume,0,0.5029831875698777
F2dCb2,volume,1,0.4873488814352737
F2dCb2,word_gap,0,0.5015360020062067
F2dCb2,word_gap,1,0.4974661191394209
F2dCb2,word_head_pos,0,0.4958204027041994
F2dCb2,word_head_pos,1,0.5053133130622864
F2dCb2,word_index,0,0.5018803418803419
F2dCb2,word_index,1,0.4630579297245964
F2dCb2,word_length,0,0.5120163422254266
F2dCb2,word_length,1,0.5331180840725995
F2dCb2,word_part_speech,0,0.4815412898737951
F2dCb2,word_part_speech,1,0.4877687237073106
F2dCb8,delta_volume,0,0.5272875458449577
F2dCb8,delta_volume,1,0.507690459024273
F2dCb8,face_num,0,0.4811761386790383
F2dCb8,face_num,1,0.5040019644107291
F2dCb8,frame_brightness,0,0.48954055776725913
F2dCb8,frame_brightness,1,0.5204225572866056
F2dCb8,global_flow,0,0.5045244140727041
F2dCb8,global_flow,1,0.44820434051179164
F2dCb8,gpt2_surprisal,0,0.4991536315476004
F2dCb8,gpt2_surprisal,1,0.5045087405828449
F2dCb8,local_flow,0,0.4958621986771575
F2dCb8,local_flow,1,0.5076800100310336
F2dCb8,onset,0,0.5009064501635268
F2dCb8,onset,1,0.4712286971150329
F2dCb8,pitch,0,0.5263915446746705
F2dCb8,pitch,1,0.49233566345882573
F2dCb8,speech,0,0.5040071889073487
F2dCb8,speech,1,0.4975549355819567
F2dCb8,volume,0,0.5024973093842408
F2dCb8,volume,1,0.5192209230640628
F2dCb8,word_gap,0,0.515004754291924
F2dCb8,word_gap,1,0.5161593680448888
F2dCb8,word_head_pos,0,0.5150308767750227
F2dCb8,word_head_pos,1,0.4969175469943471
F2dCb8,word_index,0,0.49866096866096865
F2dCb8,word_index,1,0.46955365622032286
F2dCb8,word_length,0,0.5439484655653428
F2dCb8,word_length,1,0.5414616051743415
F2dCb8,word_part_speech,0,0.47844413528106267
F2dCb8,word_part_speech,1,0.49650534963066023
F2dCb14,delta_volume,0,0.5052924150758075
F2dCb14,delta_volume,1,0.5374387427771334
F2dCb14,face_num,0,0.5228362747249302
F2dCb14,face_num,1,0.5001201634222543
F2dCb14,frame_brightness,0,0.49590921914673525
F2dCb14,frame_brightness,1,0.4935947671441857
F2dCb14,global_flow,0,0.530239386435117
F2dCb14,global_flow,1,0.49907787634661405
F2dCb14,gpt2_surprisal,0,0.49837518155125754
F2dCb14,gpt2_surprisal,1,0.49365746110362263
F2dCb14,local_flow,0,0.48918006750049636
F2dCb14,local_flow,1,0.46390395285414254
F2dCb14,onset,0,0.5085316029800528
F2dCb14,onset,1,0.4712548195981317
F2dCb14,pitch,0,0.5116767499451428
F2dCb14,pitch,1,0.5074658056696237
F2dCb14,speech,0,0.4893420268957086
F2dCb14,speech,1,0.4966301996802609
F2dCb14,volume,0,0.5011023687867674
F2dCb14,volume,1,0.510140747938936
F2dCb14,word_gap,0,0.49702203692674213
F2dCb14,word_gap,1,0.5164258173724962
F2dCb14,word_head_pos,0,0.49193860171572473
F2dCb14,word_head_pos,1,0.5138553650355788
F2dCb14,word_index,0,0.4933713200379867
F2dCb14,word_index,1,0.48322886989553654
F2dCb14,word_length,0,0.4932760728503808
F2dCb14,word_length,1,0.5276898320846787
F2dCb14,word_part_speech,0,0.5082645996886284
F2dCb14,word_part_speech,1,0.4801003676835933
F2bCa6,delta_volume,0,0.5136986301369864
F2bCa6,delta_volume,1,0.5167863076392589
F2bCa6,face_num,0,0.4696456746392485
F2bCa6,face_num,1,0.4901361503819107
F2bCa6,frame_brightness,0,0.48650512523118394
F2bCa6,frame_brightness,1,0.49224162251967024
F2bCa6,global_flow,0,0.5045348630659436
F2bCa6,global_flow,1,0.5190432901789912
F2bCa6,gpt2_surprisal,0,0.4792848709026885
F2bCa6,gpt2_surprisal,1,0.5060238446025725
F2bCa6,local_flow,0,0.4809044648548112
F2bCa6,local_flow,1,0.460016927369048
F2bCa6,onset,0,0.49995820402704194
F2bCa6,onset,1,0.5365427416068462
F2bCa6,pitch,0,0.49002643595289597
F2bCa6,pitch,1,0.4851781030897673
F2bCa6,speech,0,0.5217130079516838
F2bCa6,speech,1,0.5044408221267881
F2bCa6,volume,0,0.5038034335391784
F2bCa6,volume,1,0.4908728044052955
F2bCa6,word_gap,0,0.5327157978328788
F2bCa6,word_gap,1,0.4962749339101178
F2bCa6,word_head_pos,0,0.5239908884778952
F2bCa6,word_head_pos,1,0.513264996917547
F2bCa6,word_index,0,0.5224976258309592
F2bCa6,word_index,1,0.5467521367521367
F2bCa6,word_length,0,0.46697073236993614
F2bCa6,word_length,1,0.5106370751178124
F2bCa6,word_part_speech,0,0.5180446520255723
F2bCa6,word_part_speech,1,0.5283878233793765
F2bCa12,delta_volume,0,0.5077218060039914
F2bCa12,delta_volume,1,0.5335778397751376
F2bCa12,face_num,0,0.4851781030897674
F2bCa12,face_num,1,0.4648025662727396
F2bCa12,frame_brightness,0,0.4975601600785764
F2bCa12,frame_brightness,1,0.48940994535176546
F2bCa12,global_flow,0,0.5479556544726915
F2bCa12,global_flow,1,0.5278152200035526
F2bCa12,gpt2_surprisal,0,0.5069120090279302
F2bCa12,gpt2_surprisal,1,0.4784019309739507
F2bCa12,local_flow,0,0.5300042840872282
F2bCa12,local_flow,1,0.5208457415128053
F2bCa12,onset,0,0.5063634368828563
F2bCa12,onset,1,0.49622791344054007
F2bCa12,pitch,0,0.49544423894757744
F2bCa12,pitch,1,0.4778585833254966
F2bCa12,speech,0,0.5193045150099789
F2bCa12,speech,1,0.4871372893221738
F2bCa12,volume,0,0.48801500475429194
F2bCa12,volume,1,0.4544946344419716
F2bCa12,word_gap,0,0.4745044564956167
F2bCa12,word_gap,1,0.4876388409976699
F2bCa12,word_head_pos,0,0.5114155251141552
F2bCa12,word_head_pos,1,0.45683520892761975
F2bCa12,word_index,0,0.49936372269705603
F2bCa12,word_index,1,0.4937701804368471
F2bCa12,word_length,0,0.4978997523588602
F2bCa12,word_length,1,0.495872647670397
F2bCa12,word_part_speech,0,0.4993292258769751
F2bCa12,word_part_speech,1,0.48069661134850444
F10Fa2,delta_volume,0,0.49267525573910953
F10Fa2,delta_volume,1,0.5120790361848636
F10Fa2,face_num,0,0.48199116015171944
F10Fa2,face_num,1,0.47166233033447225
F10Fa2,frame_brightness,0,0.4486066267515125
F10Fa2,frame_brightness,1,0.4705547370510852
F10Fa2,global_flow,0,0.5269845250410123
F10Fa2,global_flow,1,0.4874559836159786
F10Fa2,gpt2_surprisal,0,0.49683917954505086
F10Fa2,gpt2_surprisal,1,0.4839816933638444
F10Fa2,local_flow,0,0.5428095253022371
F10Fa2,local_flow,1,0.5127164247724731
F10Fa2,onset,0,0.49494791176870107
F10Fa2,onset,1,0.4900786809190934
F10Fa2,pitch,0,0.49225207151290973
F10Fa2,pitch,1,0.49842742651745503
F10Fa2,speech,0,0.5114520965904934
F10Fa2,speech,1,0.5178103089767301
F10Fa2,volume,0,0.5101355234423163
F10Fa2,volume,1,0.4606752139431366
F10Fa2,word_gap,0,0.5049580472921434
F10Fa2,word_gap,1,0.5228467237181698
F10Fa2,word_head_pos,0,0.5287765273815868
F10Fa2,word_head_pos,1,0.506831029330324
F10Fa2,word_index,0,0.45981956315289646
F10Fa2,word_index,1,0.46805318138651475
F10Fa2,word_length,0,0.504001964410729
F10Fa2,word_length,1,0.5057887422546837
F10Fa2,word_part_speech,0,0.49460896352976247
F10Fa2,word_part_speech,1,0.5139910232203783
F10Fa11,delta_volume,0,0.4881717396528844
F10Fa11,delta_volume,1,0.5004493067092985
F10Fa11,face_num,0,0.5090958486149859
F10Fa11,face_num,1,0.49757060907181594
F10Fa11,frame_brightness,0,0.5034951882386132
F10Fa11,frame_brightness,1,0.4979363238351985
F10Fa11,global_flow,0,0.5114520965904935
F10Fa11,global_flow,1,0.4855385933565301
F10Fa11,gpt2_surprisal,0,0.5227631317722538
F10Fa11,gpt2_surprisal,1,0.49871999832816116
F10Fa11,local_flow,0,0.5033593513264998
F10Fa11,local_flow,1,0.4940388493568645
F10Fa11,onset,0,0.4759882135356258
F10Fa11,onset,1,0.5077844999634286
F10Fa11,pitch,0,0.5102765848510495
F10Fa11,pitch,1,0.4857214507382214
F10Fa11,speech,0,0.5326635528666813
F10Fa11,speech,1,0.483255488333699
F10Fa11,volume,0,0.5034742902521342
F10Fa11,volume,1,0.4857893691942782
F10Fa11,word_gap,0,0.5241632968663469
F10Fa11,word_gap,1,0.5195657398409663
F10Fa11,word_head_pos,0,0.49587264767039696
F10Fa11,word_head_pos,1,0.48848520945006946
F10Fa11,word_index,0,0.5191452991452992
F10Fa11,word_index,1,0.4891168091168091
F10Fa11,word_length,0,0.5123977304786684
F10Fa11,word_length,1,0.538097029351222
F10Fa11,word_part_speech,0,0.48959886051210705
F10Fa11,word_part_speech,1,0.5283546987313259
T2bH5,delta_volume,0,0.4998171426183087
T2bH5,delta_volume,1,0.5010448993239501
T2bH5,face_num,0,0.5058932321870788
T2bH5,face_num,1,0.5078419694262458
T2bH5,frame_brightness,0,0.4814791594829838
T2bH5,frame_brightness,1,0.5038922499817143
T2bH5,global_flow,0,0.5287660783883472
T2bH5,global_flow,1,0.48786871884893884
T2bH5,gpt2_surprisal,0,0.5026305340480445
T2bH5,gpt2_surprisal,1,0.5322978381032988
T2bH5,local_flow,0,0.5120842606814835
T2bH5,local_flow,1,0.4796140141897328
T2bH5,onset,0,0.48433695913398744
T2bH5,onset,1,0.5049998432651014
T2bH5,pitch,0,0.4791229115074762
T2bH5,pitch,1,0.490130925885291
T2bH5,speech,0,0.5330344921266836
T2bH5,speech,1,0.4907003960168438
T2bH5,volume,0,0.52535448209565
T2bH5,volume,1,0.5154906324775608
T2bH5,word_gap,0,0.5082181331828679
T2bH5,word_gap,1,0.5217548039246419
T2bH5,word_head_pos,0,0.49824979363238353
T2bH5,word_head_pos,1,0.49032945675684136
T2bH5,word_index,0,0.5154605887939221
T2bH5,word_index,1,0.4624596391263058
T2bH5,word_length,0,0.49066904903712527
T2bH5,word_length,1,0.49409631881968175
T2bH5,word_part_speech,0,0.4808291099407069
T2bH5,word_part_speech,1,0.5012007684918347
T2bH11,delta_volume,0,0.5065149472848292
T2bH11,delta_volume,1,0.5007418785200045
T2bH11,face_num,0,0.510647524111052
T2bH11,face_num,1,0.49496880975518004
T2bH11,frame_brightness,0,0.5157205103288298
T2bH11,frame_brightness,1,0.5164101438826368
T2bH11,global_flow,0,0.5196597807801219
T2bH11,global_flow,1,0.4881978621359832
T2bH11,gpt2_surprisal,0,0.5053760070217235
T2bH11,gpt2_surprisal,1,0.5153338975789683
T2bH11,local_flow,0,0.5400980115565865
T2bH11,local_flow,1,0.4725034742902522
T2bH11,onset,0,0.5219428858029529
T2bH11,onset,1,0.5167131646865825
T2bH11,pitch,0,0.5165094093184122
T2bH11,pitch,1,0.46787979478177283
T2bH11,speech,0,0.5060290690991922
T2bH11,speech,1,0.4614014189732819
T2bH11,volume,0,0.49471280942081225
T2bH11,volume,1,0.5058200892344022
T2bH11,word_gap,0,0.5169482670344713
T2bH11,word_gap,1,0.5261486055818521
T2bH11,word_head_pos,0,0.47817205312268163
T2bH11,word_head_pos,1,0.47208551456067205
T2bH11,word_index,0,0.5035137701804369
T2bH11,word_index,1,0.44866096866096866
T2bH11,word_length,0,0.509618298276961
T2bH11,word_length,1,0.48253973229679314
T2bH11,word_part_speech,0,0.4791894398622014
T2bH11,word_part_speech,1,0.5193365132995462
T2aA1,delta_volume,0,0.502450288914663
T2aA1,delta_volume,1,0.48169336384439365
T2aA1,face_num,0,0.4898488030678244
T2aA1,face_num,1,0.4906168040709278
T2aA1,frame_brightness,0,0.48750822858217613
T2aA1,frame_brightness,1,0.5059977221194738
T2aA1,global_flow,0,0.5315428983417447
T2aA1,global_flow,1,0.5078001734532878
T2aA1,gpt2_surprisal,0,0.5334132681316155
T2aA1,gpt2_surprisal,1,0.5363781699633241
T2aA1,local_flow,0,0.514524100602907
T2aA1,local_flow,1,0.5140120999341713
T2aA1,onset,0,0.5169534915310909
T2aA1,onset,1,0.491912479232626
T2aA1,pitch,0,0.4780362162105681
T2aA1,pitch,1,0.4930984399653094
T2aA1,speech,0,0.5128052412150089
T2aA1,speech,1,0.488725536294578
T2aA1,volume,0,0.4963062808898363
T2aA1,volume,1,0.5082233576794876
T2aA1,word_gap,0,0.5143673657043144
T2aA1,word_gap,1,0.4982288956459045
T2aA1,word_head_pos,0,0.4875134530787958
T2aA1,word_head_pos,1,0.48171948632749234
T2aA1,word_index,0,0.4687559354226021
T2aA1,word_index,1,0.45567426400759736
T2aA1,word_length,0,0.5197642707125169
T2aA1,word_length,1,0.5310491834111782
T2aA1,word_part_speech,0,0.4697654774918016
T2aA1,word_part_speech,1,0.4965384742787108
T2aA9,delta_volume,0,0.505470047960879
T2aA9,delta_volume,1,0.503939270451292
T2aA9,face_num,0,0.48757614703823293
T2aA9,face_num,1,0.5119014032997921
T2aA9,frame_brightness,0,0.48302561048243003
T2aA9,frame_brightness,1,0.5061805795011651
T2aA9,global_flow,0,0.5262635445074867
T2aA9,global_flow,1,0.4925498678202356
T2aA9,gpt2_surprisal,0,0.5012120832157821
T2aA9,gpt2_surprisal,1,0.530490162272865
T2aA9,local_flow,0,0.5415242991337784
T2aA9,local_flow,1,0.5247223180046603
T2aA9,onset,0,0.4855594913430091
T2aA9,onset,1,0.5051043331974964
T2aA9,pitch,0,0.48535573597483883
T2aA9,pitch,1,0.48113434270608024
T2aA9,speech,0,0.5083539700949813
T2aA9,speech,1,0.473532700124343
T2aA9,volume,0,0.5285675475167968
T2aA9,volume,1,0.5206890066142127
T2aA9,word_gap,0,0.4875134530787959
T2aA9,word_gap,1,0.5016509409318411
T2aA9,word_head_pos,0,0.5193776579626553
T2aA9,word_head_pos,1,0.47363719005673804
T2aA9,word_index,0,0.5142070275403609
T2aA9,word_index,1,0.4823931623931624
T2aA9,word_length,0,0.5007000825470466
T2aA9,word_length,1,0.509304828479776
T2aA9,word_part_speech,0,0.45548047301997413
T2aA9,word_part_speech,1,0.5215144589088742
T1cIf1,delta_volume,0,0.4935686446610869
T1cIf1,delta_volume,1,0.5088659707637169
T1cIf1,face_num,0,0.494425462106726
T1cIf1,face_num,1,0.4969959144436434
T1cIf1,frame_brightness,0,0.49030855877036245
T1cIf1,frame_brightness,1,0.5013609813694451
T1cIf1,global_flow,0,0.5422139326875854
T1cIf1,global_flow,1,0.47791344054000406
T1cIf1,gpt2_surprisal,0,0.5193802702109651
T1cIf1,gpt2_surprisal,1,0.47159702412672544
T1cIf1,local_flow,0,0.5195396173578676
T1cIf1,local_flow,1,0.4804969541184707
T1cIf1,onset,0,0.4947519931454604
T1cIf1,onset,1,0.48837027052443505
T1cIf1,pitch,0,0.5110236878676739
T1cIf1,pitch,1,0.5067866211090561
T1cIf1,speech,0,0.48810643344513754
T1cIf1,speech,1,0.4788512376832493
T1cIf1,volume,0,0.5178155334733499
T1cIf1,volume,1,0.5074997648976521
T1cIf1,word_gap,0,0.49121239668557937
T1cIf1,word_gap,1,0.5140983041283972
T1cIf1,word_head_pos,0,0.49045484467571554
T1cIf1,word_head_pos,1,0.47767050144718554
T1cIf1,word_index,0,0.5202943969610636
T1cIf1,word_index,1,0.46987654320987654
T1cIf1,word_length,0,0.5060133956093331
T1cIf1,word_length,1,0.4900316604495157
T1cIf1,word_part_speech,0,0.48557421577395743
T1cIf1,word_part_speech,1,0.49662542647984365
T1cIf7,delta_volume,0,0.5430394031535062
T1cIf7,delta_volume,1,0.5295549773779296
T1cIf7,face_num,0,0.47968193264578957
T1cIf7,face_num,1,0.4810768732432631
T1cIf7,frame_brightness,0,0.4897443131354295
T1cIf7,frame_brightness,1,0.4933857872793956
T1cIf7,global_flow,0,0.5238602760624014
T1cIf7,global_flow,1,0.48843818898049174
T1cIf7,gpt2_surprisal,0,0.5143621412076945
T1cIf7,gpt2_surprisal,1,0.4970481594098408
T1cIf7,local_flow,0,0.5109087489420395
T1cIf7,local_flow,1,0.4564903921507163
T1cIf7,onset,0,0.5709538885928341
T1cIf7,onset,1,0.5558132973887967
T1cIf7,pitch,0,0.4935268486881289
T1cIf7,pitch,1,0.48876210777091633
T1cIf7,speech,0,0.509179440560902
T1cIf7,speech,1,0.5013949405974734
T1cIf7,volume,0,0.5085420519732924
T1cIf7,volume,1,0.49875656980449934
T1cIf7,word_gap,0,0.5202814958778722
T1cIf7,word_gap,1,0.5074867036561028
T1cIf7,word_head_pos,0,0.4995141218143632
T1cIf7,word_head_pos,1,0.473198332340679
T1cIf7,word_index,0,0.5766286799620132
T1cIf7,word_index,1,0.5248812915479582
T1cIf7,word_length,0,0.5091428690845637
T1cIf7,word_length,1,0.49295737855657606
T1cIf7,word_part_speech,0,0.4958014508595846
T1cIf7,word_part_speech,1,0.5040908940342509
T1bId1,delta_volume,0,0.5124395264516264
T1bId1,delta_volume,1,0.5085002560003343
T1bId1,face_num,0,0.4945612990188395
T1bId1,face_num,1,0.5018181248236733
T1bId1,frame_brightness,0,0.5096914412296375
T1bId1,frame_brightness,1,0.509743686195835
T1bId1,global_flow,0,0.5374727020051617
T1bId1,global_flow,1,0.49624881142701904
T1bId1,gpt2_surprisal,0,0.5243618277378974
T1bId1,gpt2_surprisal,1,0.5259500747103016
T1bId1,local_flow,0,0.509095848614986
T1bId1,local_flow,1,0.4905645591047302
T1bId1,onset,0,0.543441689393227
T1bId1,onset,1,0.5412630743027909
T1bId1,pitch,0,0.5087144603617442
T1bId1,pitch,1,0.48678724804865053
T1bId1,speech,0,0.46719016122796564
T1bId1,speech,1,0.4840182648401827
T1bId1,volume,0,0.5285100780539795
T1bId1,volume,1,0.5097750331755535
T1bId1,word_gap,0,0.5035004127352329
T1bId1,word_gap,1,0.5027846566983272
T1bId1,word_head_pos,0,0.5225959478804217
T1bId1,word_head_pos,1,0.4854445524173746
T1bId1,word_index,0,0.5407882241215575
T1bId1,word_index,1,0.4822886989553657
T1bId1,word_length,0,0.507774050970189
T1bId1,word_length,1,0.5188499838040606
T1bId1,word_part_speech,0,0.45995230050680713
T1bId1,word_part_speech,1,0.4990393852065321
T1bId7,delta_volume,0,0.5892761982382998
T1bId7,delta_volume,1,0.5568268497330282
T1bId7,face_num,0,0.4820721398493255
T1bId7,face_num,1,0.5075337241256804
T1bId7,frame_brightness,0,0.48032977022663864
T1bId7,frame_brightness,1,0.49347982821855113
T1bId7,global_flow,0,0.5310178364314598
T1bId7,global_flow,1,0.5055379664169357
T1bId7,gpt2_surprisal,0,0.5056894768189085
T1bId7,gpt2_surprisal,1,0.5270054230274912
T1bId7,local_flow,0,0.5445022622070363
T1bId7,local_flow,1,0.5114520965904935
T1bId7,onset,0,0.6214068524497665
T1bId7,onset,1,0.6152837424114187
T1bId7,pitch,0,0.5198896586313908
T1bId7,pitch,1,0.4938298694920744
T1bId7,speech,0,0.5210233743978768
T1bId7,speech,1,0.5283428941621475
T1bId7,volume,0,0.520830068022946
T1bId7,volume,1,0.515004754291924
T1bId7,word_gap,0,0.5367438847267066
T1bId7,word_gap,1,0.5471040615236722
T1bId7,word_head_pos,0,0.5082494801625863
T1bId7,word_head_pos,1,0.4850892866472315
T1bId7,word_index,0,0.6114814814814815
T1bId7,word_index,1,0.5967236467236466
T1bId7,word_length,0,0.49887673322675363
T1bId7,word_length,1,0.5021002476411398
T1bId7,word_part_speech,0,0.48927589519361353
T1bId7,word_part_speech,1,0.5016065454304548
T1aIa3,delta_volume,0,0.5103967482733038
T1aIa3,delta_volume,1,0.5210651703708348
T1aIa3,face_num,0,0.5186566774291297
T1aIa3,face_num,1,0.5075650711053991
T1aIa3,frame_brightness,0,0.5313208572354053
T1aIa3,frame_brightness,1,0.49741909866984313
T1aIa3,global_flow,0,0.5293407730165198
T1aIa3,global_flow,1,0.4813433225708703
T1aIa3,gpt2_surprisal,0,0.5106736465941506
T1aIa3,gpt2_surprisal,1,0.5252761146463538
T1aIa3,local_flow,0,0.5264986468553755
T1aIa3,local_flow,1,0.5006373885876096
T1aIa3,onset,0,0.5072045808386362
T1aIa3,onset,1,0.49500538123151827
T1aIa3,pitch,0,0.4975967315549147
T1aIa3,pitch,1,0.48781647388274135
T1aIa3,speech,0,0.4837492032642655
T1aIa3,speech,1,0.47769662393028434
T1aIa3,volume,0,0.5078106224465273
T1aIa3,volume,1,0.5015255530129672
T1aIa3,word_gap,0,0.5126641798062757
T1aIa3,word_gap,1,0.5087301338516035
T1aIa3,word_head_pos,0,0.4952091365996886
T1aIa3,word_head_pos,1,0.4584391293898833
T1aIa3,word_index,0,0.5340075973409307
T1aIa3,word_index,1,0.4471415004748338
T1aIa3,word_length,0,0.48678463580034065
T1aIa3,word_length,1,0.478605686342121
T1aIa3,word_part_speech,0,0.47066812415118087
T1aIa3,word_part_speech,1,0.5035774619894664
T1aIa10,delta_volume,0,0.4987147738315413
T1aIa10,delta_volume,1,0.5125910368535992
T1aIa10,face_num,0,0.5206942311108325
T1aIa10,face_num,1,0.5061440080248267
T1aIa10,frame_brightness,0,0.4940336248602447
T1aIa10,frame_brightness,1,0.4969750164571643
T1aIa10,global_flow,0,0.5184973302822273
T1aIa10,global_flow,1,0.48375181551257534
T1aIa10,gpt2_surprisal,0,0.4898435785712047
T1aIa10,gpt2_surprisal,1,0.5138867120152973
T1aIa10,local_flow,0,0.5222589678484478
T1aIa10,local_flow,1,0.5128783841676854
T1aIa10,onset,0,0.5209241089621015
T1aIa10,onset,1,0.48310920242834604
T1aIa10,pitch,0,0.5096235227735808
T1aIa10,pitch,1,0.4898070070948664
T1aIa10,speech,0,0.5065410697679278
T1aIa10,speech,1,0.49780571141970476
T1aIa10,volume,0,0.50880327680428
T1aIa10,volume,1,0.5213472931883013
T1aIa10,word_gap,0,0.5101146254558373
T1aIa10,word_gap,1,0.5078968266407532
T1aIa10,word_head_pos,0,0.5077270305006112
T1aIa10,word_head_pos,1,0.44823046299489044
T1aIa10,word_index,0,0.5281908831908831
T1aIa10,word_index,1,0.43697056030389364
T1aIa10,word_length,0,0.4929521540599563
T1aIa10,word_length,1,0.504798700145241
T1aIa10,word_part_speech,0,0.45062771208055913
T1aIa10,word_part_speech,1,0.5370167941965617
P2cCc7,delta_volume,0,0.49183411178332964
P2cCc7,delta_volume,1,0.5383739276720687
P2cCc7,face_num,0,0.49726236377125066
P2cCc7,face_num,1,0.49741126192491353
P2cCc7,frame_brightness,0,0.482356874915102
P2cCc7,frame_brightness,1,0.4950053812315184
P2cCc7,global_flow,0,0.5343562897714805
P2cCc7,global_flow,1,0.4874873305956971
P2cCc7,gpt2_surprisal,0,0.5262165240379089
P2cCc7,gpt2_surprisal,1,0.5106736465941506
P2cCc7,local_flow,0,0.5440007105315403
P2cCc7,local_flow,1,0.4947964013667283
P2cCc7,onset,0,0.5028734731408628
P2cCc7,onset,1,0.5229198666708462
P2cCc7,pitch,0,0.49222072453319127
P2cCc7,pitch,1,0.48894496515260755
P2cCc7,speech,0,0.5270080352758011
P2cCc7,speech,1,0.47240420885447687
P2cCc7,volume,0,0.5166974911967231
P2cCc7,volume,1,0.5114886680668318
P2cCc7,word_gap,0,0.5022125743184644
P2cCc7,word_gap,1,0.5079804185866692
P2cCc7,word_head_pos,0,0.5052140476265112
P2cCc7,word_head_pos,1,0.477892542553525
P2cCc7,word_index,0,0.508281101614435
P2cCc7,word_index,1,0.43851851851851853
P2cCc7,word_length,0,0.4846086329582145
P2cCc7,word_length,1,0.5130743027909261
P2cCc7,word_part_speech,0,0.47104077644175035
P2cCc7,word_part_speech,1,0.5228146013448607
P2cCc13,delta_volume,0,0.49873567181802037
P2cCc13,delta_volume,1,0.48939427186190615
P2cCc13,face_num,0,0.5332016760185156
P2cCc13,face_num,1,0.5012852261684587
P2cCc13,frame_brightness,0,0.4755519680678767
P2cCc13,frame_brightness,1,0.4801782598246659
P2cCc13,global_flow,0,0.5344346572207768
P2cCc13,global_flow,1,0.5024868603910013
P2cCc13,gpt2_surprisal,0,0.5199105566178699
P2cCc13,gpt2_surprisal,1,0.5039183724648131
P2cCc13,local_flow,0,0.500083591945916
P2cCc13,local_flow,1,0.5132806704074062
P2cCc13,onset,0,0.49914318255436085
P2cCc13,onset,1,0.5163996948893974
P2cCc13,pitch,0,0.5132336499378285
P2cCc13,pitch,1,0.48412275477257766
P2cCc13,speech,0,0.49525093257264663
P2cCc13,speech,1,0.4810194037804457
P2cCc13,volume,0,0.5208352925195657
P2cCc13,volume,1,0.5072986217777917
P2cCc13,word_gap,0,0.5188708817905394
P2cCc13,word_gap,1,0.5506201477487644
P2cCc13,word_head_pos,0,0.5285675475167968
P2cCc13,word_head_pos,1,0.4984587734971736
P2cCc13,word_index,0,0.5131908831908831
P2cCc13,word_index,1,0.45640075973409305
P2cCc13,word_length,0,0.5030458815293147
P2cCc13,word_length,1,0.5055640889000345
P2cCc13,word_part_speech,0,0.516090297790586
P2cCc13,word_part_speech,1,0.5375550697273842
P2aIe4,delta_volume,0,0.5035526577014304
P2aIe4,delta_volume,1,0.49128553963825583
P2aIe4,face_num,0,0.4967033426329373
P2aIe4,face_num,1,0.5165407562981307
P2aIe4,frame_brightness,0,0.49007345642247374
P2aIe4,frame_brightness,1,0.4969018735044879
P2aIe4,global_flow,0,0.5325381649478073
P2aIe4,global_flow,1,0.48526691953230305
P2aIe4,gpt2_surprisal,0,0.5116454029654244
P2aIe4,gpt2_surprisal,1,0.48914872052077785
P2aIe4,local_flow,0,0.5083121741220233
P2aIe4,local_flow,1,0.4744365380395599
P2aIe4,onset,0,0.49177141782389266
P2aIe4,onset,1,0.4953031775388441
P2aIe4,pitch,0,0.4991379580577412
P2aIe4,pitch,1,0.48086266888185325
P2aIe4,speech,0,0.5194299029288527
P2aIe4,speech,1,0.4865260232176629
P2aIe4,volume,0,0.5286772619458115
P2aIe4,volume,1,0.52535448209565
P2aIe4,word_gap,0,0.5091115221048451
P2aIe4,word_gap,1,0.5077897244600483
P2aIe4,word_head_pos,0,0.4822628339759464
P2aIe4,word_head_pos,1,0.4969332204842064
P2aIe4,word_index,0,0.5148148148148148
P2aIe4,word_index,1,0.4537606837606838
P2aIe4,word_length,0,0.5053342110487654
P2aIe4,word_length,1,0.47120257463193427
P2aIe4,word_part_speech,0,0.519104640763192
P2aIe4,word_part_speech,1,0.5068733644705026
P2aIe10,delta_volume,0,0.5083539700949813
P2aIe10,delta_volume,1,0.473093842408284
P2aIe10,face_num,0,0.5200829650063217
P2aIe10,face_num,1,0.5023875949552261
P2aIe10,frame_brightness,0,0.4894308433382444
P2aIe10,frame_brightness,1,0.4967294651160361
P2aIe10,global_flow,0,0.5401058483015162
P2aIe10,global_flow,1,0.49265435775263056
P2aIe10,gpt2_surprisal,0,0.5210077009080175
P2aIe10,gpt2_surprisal,1,0.5419997283261758
P2aIe10,local_flow,0,0.5219272123130937
P2aIe10,local_flow,1,0.49104521279374735
P2aIe10,onset,0,0.5267964431627012
P2aIe10,onset,1,0.5339540035317598
P2aIe10,pitch,0,0.4975915070582949
P2aIe10,pitch,1,0.48702235039653924
P2aIe10,speech,0,0.5162795314671431
P2aIe10,speech,1,0.47874152325423447
P2aIe10,volume,0,0.5168072056257379
P2aIe10,volume,1,0.5039235969614329
P2aIe10,word_gap,0,0.5090853996217465
P2aIe10,word_gap,1,0.5289985684879261
P2aIe10,word_head_pos,0,0.4950158302247578
P2aIe10,word_head_pos,1,0.4635591360772389
P2aIe10,word_index,0,0.5364957264957265
P2aIe10,word_index,1,0.4879392212725546
P2aIe10,word_length,0,0.48809859670020794
P2aIe10,word_length,1,0.49790497685548
P2aIe10,word_part_speech,0,0.5006956176090629
P2aIe10,word_part_speech,1,0.5001739044022657
F3cIc4,delta_volume,0,0.5044982915896054
F3cIc4,delta_volume,1,0.5252656656531143
F3cIc4,face_num,0,0.4980826097405515
F3cIc4,face_num,1,0.49519868760644914
F3cIc4,frame_brightness,0,0.4996760812095755
F3cIc4,frame_brightness,1,0.5112849126986615
F3cIc4,global_flow,0,0.5267859941694617
F3cIc4,global_flow,1,0.5006896335538071
F3cIc4,gpt2_surprisal,0,0.4970377104166014
F3cIc4,gpt2_surprisal,1,0.5151458157006572
F3cIc4,local_flow,0,0.5078889898958235
F3cIc4,local_flow,1,0.5046759244746769
F3cIc4,onset,0,0.48343834571539035
F3cIc4,onset,1,0.5066925801699006
F3cIc4,pitch,0,0.4946814624410938
F3cIc4,pitch,1,0.49120717218895965
F3cIc4,speech,0,0.5116558519586638
F3cIc4,speech,1,0.4935425221779881
F3cIc4,volume,0,0.5249678693457885
F3cIc4,volume,1,0.506013395609333
F3cIc4,word_gap,0,0.501656165428461
F3cIc4,word_gap,1,0.528750404898488
F3cIc4,word_head_pos,0,0.5013061241549377
F3cIc4,word_head_pos,1,0.4559000240326845
F3cIc4,word_index,0,0.49769230769230777
F3cIc4,word_index,1,0.4679012345679012
F3cIc4,word_length,0,0.48514936835835865
F3cIc4,word_length,1,0.5273136683280565
F3cIc4,word_part_speech,0,0.4774172711914936
F3cIc4,word_part_speech,1,0.5103183278677663
F3cIc10,delta_volume,0,0.5206263126547757
F3cIc10,delta_volume,1,0.4877851269030229
F3cIc10,face_num,0,0.4897756601151479
F3cIc10,face_num,1,0.5135993647012111
F3cIc10,frame_brightness,0,0.47201759610461536
F3cIc10,frame_brightness,1,0.48344879470862984
F3cIc10,global_flow,0,0.5437447101971725
F3cIc10,global_flow,1,0.5012956751616982
F3cIc10,gpt2_surprisal,0,0.5075128261392016
F3cIc10,gpt2_surprisal,1,0.5178782274327869
F3cIc10,local_flow,0,0.5105378096820371
F3cIc10,local_flow,1,0.5211487623167508
F3cIc10,onset,0,0.5237035411638088
F3cIc10,onset,1,0.5406413592050406
F3cIc10,pitch,0,0.5039549439411513
F3cIc10,pitch,1,0.4910922332633251
F3cIc10,speech,0,0.5173453287775722
F3cIc10,speech,1,0.4942426047250347
F3cIc10,volume,0,0.5127268737657127
F3cIc10,volume,1,0.5244610931736727
F3cIc10,word_gap,0,0.5212375787592866
F3cIc10,word_gap,1,0.5268800351086174
F3cIc10,word_head_pos,0,0.5015516754960659
F3cIc10,word_head_pos,1,0.47729694993887345
F3cIc10,word_index,0,0.5456695156695156
F3cIc10,word_index,1,0.4617948717948718
F3cIc10,word_length,0,0.49989551006760496
F3cIc10,word_length,1,0.5148480193933315
F3cIc10,word_part_speech,0,0.4552237569975819
F3cIc10,word_part_speech,1,0.504637450727086
F3bIb6,delta_volume,0,0.5484206346718493
F3bIb6,delta_volume,1,0.5298997941548331
F3bIb6,face_num,0,0.46186117467582
F3bIb6,face_num,1,0.532167225687805
F3bIb6,frame_brightness,0,0.49003166044951574
F3bIb6,frame_brightness,1,0.5028577996510036
F3bIb6,global_flow,0,0.535119066277964
F3bIb6,global_flow,1,0.5053133130622864
F3bIb6,gpt2_surprisal,0,0.49733028222730746
F3bIb6,gpt2_surprisal,1,0.5179095744125053
F3bIb6,local_flow,0,0.5063268654065181
F3bIb6,local_flow,1,0.522778805262113
F3bIb6,onset,0,0.5077218060039915
F3bIb6,onset,1,0.5314462451542794
F3bIb6,pitch,0,0.49601893357575
F3bIb6,pitch,1,0.49849012047689206
F3bIb6,speech,0,0.473887965894486
F3bIb6,speech,1,0.49694366947744584
F3bIb6,volume,0,0.5092787059966772
F3bIb6,volume,1,0.5051043331974964
F3bIb6,word_gap,0,0.48325026383707925
F3bIb6,word_gap,1,0.4973564047104062
F3bIb6,word_head_pos,0,0.4935425221779881
F3bIb6,word_head_pos,1,0.4606752139431366
F3bIb6,word_index,0,0.524767331433998
F3bIb6,word_index,1,0.4774453941120608
F3bIb6,word_length,0,0.49142660104698915
F3bIb6,word_length,1,0.49922677450027686
F3bIb6,word_part_speech,0,0.47330153367120475
F3bIb6,word_part_speech,1,0.5531733412832489
F3aOFc2,delta_volume,0,0.5099317680741461
F3aOFc2,delta_volume,1,0.482670344712287
F3aOFc2,face_num,0,0.49311933795178836
F3aOFc2,face_num,1,0.5204434552730844
F3aOFc2,frame_brightness,0,0.4766569491029539
F3aOFc2,frame_brightness,1,0.48308307994524724
F3aOFc2,global_flow,0,0.5543347648454071
F3aOFc2,global_flow,1,0.5096809922363981
F3aOFc2,gpt2_surprisal,0,0.5115931579992268
F3aOFc2,gpt2_surprisal,1,0.5243148072683197
F3aOFc2,local_flow,0,0.4953554225050416
F3aOFc2,local_flow,1,0.4876597389841489
F3aOFc2,onset,0,0.4728012705975779
F3aOFc2,onset,1,0.5032182899177664
F3aOFc2,pitch,0,0.4923356634588258
F3aOFc2,pitch,1,0.5046550264881978
F3aOFc2,speech,0,0.5288653438241225
F3aOFc2,speech,1,0.4804342601590337
F3aOFc2,volume,0,0.5190746371587097
F3aOFc2,volume,1,0.5195761888342059
F3aOFc2,word_gap,0,0.5016666144217005
F3aOFc2,word_gap,1,0.522256355600138
F3aOFc2,word_head_pos,0,0.5079203368755421
F3aOFc2,word_head_pos,1,0.5019539617357867
F3aOFc2,word_index,0,0.48209876543209873
F3aOFc2,word_index,1,0.46035137701804363
F3aOFc2,word_length,0,0.5097541351890745
F3aOFc2,word_length,1,0.5200411690333637
F3aOFc2,word_part_speech,0,0.4642005366192984
F3aOFc2,word_part_speech,1,0.48721388585246284
F3aOFc8,delta_volume,0,0.5425691984577287
F3aOFc8,delta_volume,1,0.45965121260566544
F3aOFc8,face_num,0,0.49680260806871257
F3aOFc8,face_num,1,0.5101094009592176
F3aOFc8,frame_brightness,0,0.49080488594923877
F3aOFc8,frame_brightness,1,0.5110811573304912
F3aOFc8,global_flow,0,0.5268121166525606
F3aOFc8,global_flow,1,0.5020793496546607
F3aOFc8,gpt2_surprisal,0,0.5078524184194853
F3aOFc8,gpt2_surprisal,1,0.5027115137456506
F3aOFc8,local_flow,0,0.520850966009425
F3aOFc8,local_flow,1,0.507376989227088
F3aOFc8,onset,0,0.4904078242061378
F3aOFc8,onset,1,0.47986479002748084
F3aOFc8,pitch,0,0.5006687355673282
F3aOFc8,pitch,1,0.4838040604787729
F3aOFc8,speech,0,0.5086569908989269
F3aOFc8,speech,1,0.486714105095974
F3aOFc8,volume,0,0.50482221038003
F3aOFc8,volume,1,0.496207015454061
F3aOFc8,word_gap,0,0.5089182157299144
F3aOFc8,word_gap,1,0.5248424814269146
F3aOFc8,word_head_pos,0,0.5190223921925122
F3aOFc8,word_head_pos,1,0.45692924986677536
F3aOFc8,word_index,0,0.5106837606837606
F3aOFc8,word_index,1,0.4539221272554606
F3aOFc8,word_length,0,0.496813057061952
F3aOFc8,word_length,1,0.4716309833547538
F3aOFc8,word_part_speech,0,0.4647388121501209
F3aOFc8,word_part_speech,1,0.4849696909470337
F3aOFc14,delta_volume,0,0.4996969791960545
F3aOFc14,delta_volume,1,0.4978788543723813
F3aOFc14,face_num,0,0.4893472513923283
F3aOFc14,face_num,1,0.478772870233953
F3aOFc14,frame_brightness,0,0.4676185699507853
F3aOFc14,frame_brightness,1,0.517768513003772
F3aOFc14,global_flow,0,0.522083947211686
F3aOFc14,global_flow,1,0.495998035589271
F3aOFc14,gpt2_surprisal,0,0.4943523191540495
F3aOFc14,gpt2_surprisal,1,0.526300115983825
F3aOFc14,local_flow,0,0.5368118031827633
F3aOFc14,local_flow,1,0.4994566523515459
F3aOFc14,onset,0,0.49422170673855575
F3aOFc14,onset,1,0.5341786568864091
F3aOFc14,pitch,0,0.47204894308433387
F3aOFc14,pitch,1,0.48446234705286145
F3aOFc14,speech,0,0.5193463109829368
F3aOFc14,speech,1,0.49702726142336184
F3aOFc14,volume,0,0.506201477487644
F3aOFc14,volume,1,0.49036602823317976
F3aOFc14,word_gap,0,0.5147383049643167
F3aOFc14,word_gap,1,0.5147644274474155
F3aOFc14,word_head_pos,0,0.5086674398921665
F3aOFc14,word_head_pos,1,0.4640136672831573
F3aOFc14,word_index,0,0.5064957264957265
F3aOFc14,word_index,1,0.45947768281101614
F3aOFc14,word_length,0,0.4931350114416476
F3aOFc14,word_length,1,0.4948486463329258
F3aOFc14,word_part_speech,0,0.43101792043459536
F3aOFc14,word_part_speech,1,0.4716867070787373
P2bIg5,delta_volume,0,0.4894412923314839
P2bIg5,delta_volume,1,0.5059402526566565
P2bIg5,face_num,0,0.4846870004075108
P2bIg5,face_num,1,0.5122775670564141
P2bIg5,frame_brightness,0,0.4832189168573608
P2bIg5,frame_brightness,1,0.4839242239010271
P2bIg5,global_flow,0,0.5496954118470686
P2bIg5,global_flow,1,0.5026540442828333
P2bIg5,gpt2_surprisal,0,0.5005955926146516
P2bIg5,gpt2_surprisal,1,0.47108763570629975
P2bIg5,local_flow,0,0.5099578905572448
P2bIg5,local_flow,1,0.5272875458449579
P2bIg5,onset,0,0.4775869095012696
P2bIg5,onset,1,0.5067134781563797
P2bIg5,pitch,0,0.4961129745149055
P2bIg5,pitch,1,0.49022496682444644
P2bIg5,speech,0,0.4900577829326144
P2bIg5,speech,1,0.48264944672580795
P2bIg5,volume,0,0.5095451553242845
P2bIg5,volume,1,0.4810194037804458
P2bIg5,word_gap,0,0.5166922667001035
P2bIg5,word_gap,1,0.5274599542334096
P2bIg5,word_head_pos,0,0.520913659968862
P2bIg5,word_head_pos,1,0.5232333364680313
P2bIg5,word_index,0,0.5335612535612535
P2bIg5,word_index,1,0.44383665716999054
P2bIg5,word_length,0,0.49592489263659445
P2bIg5,word_length,1,0.4855490423497696
P2bIg5,word_part_speech,0,0.477168836331114
P2bIg5,word_part_speech,1,0.4367070787372884
P2bIg11,delta_volume,0,0.4994723258414052
P2bIg11,delta_volume,1,0.5072254788251153
P2bIg11,face_num,0,0.4754448658871717
P2bIg11,face_num,1,0.49911183557464245
P2bIg11,frame_brightness,0,0.49435754365066925
P2bIg11,frame_brightness,1,0.5002925718107061
P2bIg11,global_flow,0,0.5476003887025485
P2bIg11,global_flow,1,0.5077479284870903
P2bIg11,gpt2_surprisal,0,0.5006791845605676
P2bIg11,gpt2_surprisal,1,0.4831144269249658
P2bIg11,local_flow,0,0.5058827831938393
P2bIg11,local_flow,1,0.48233597692862296
P2bIg11,onset,0,0.4714272279865835
P2bIg11,onset,1,0.49934693792253115
P2bIg11,pitch,0,0.47699131688661794
P2bIg11,pitch,1,0.46324566628005387
P2bIg11,speech,0,0.4853975319477969
P2bIg11,speech,1,0.4937776245258769
P2bIg11,volume,0,0.5104620544810508
P2bIg11,volume,1,0.48079997492241616
P2bIg11,word_gap,0,0.4875761470382329
P2bIg11,word_gap,1,0.534324942791762
P2bIg11,word_head_pos,0,0.5195082703781491
P2bIg11,word_head_pos,1,0.5168176546189774
P2bIg11,word_index,0,0.5182146248812916
P2bIg11,word_index,1,0.4420417853751187
P2bIg11,word_length,0,0.5014053895907129
P2bIg11,word_length,1,0.5258560337711462
P2bIg11,word_part_speech,0,0.48498625327105893
P2bIg11,word_part_speech,1,0.4922239888701182
F2e5,delta_volume,0,0.5373760488176964
F2e5,delta_volume,1,0.5154906324775608
F2e5,face_num,0,0.4936313386205239
F2e5,face_num,1,0.49146839701994716
F2e5,frame_brightness,0,0.49186023426642844
F2e5,frame_brightness,1,0.5190223921925122
F2e5,global_flow,0,0.5104698912259803
F2e5,global_flow,1,0.4809462608277693
F2e5,gpt2_surprisal,0,0.4883650460278153
F2e5,gpt2_surprisal,1,0.5192261475606825
F2e5,local_flow,0,0.48364732558018037
F2e5,local_flow,1,0.46139619447666214
F2e5,onset,0,0.48511540913033036
F2e5,onset,1,0.5276114646353823
F2e5,pitch,0,0.5021054721377596
F2e5,pitch,1,0.47607180548154193
F2e5,speech,0,0.49194382621234445
F2e5,speech,1,0.47872584976437527
F2e5,volume,0,0.4744522115294191
F2e5,volume,1,0.4987617943011191
F2e5,word_gap,0,0.4988192637639363
F2e5,word_gap,1,0.5087667053279417
F2e5,word_head_pos,0,0.5191059841384282
F2e5,word_head_pos,1,0.5002194288580295
F2e5,word_index,0,0.5145394112060779
F2e5,word_index,1,0.49665716999050336
F2e5,word_length,0,0.5364774353990993
F2e5,word_length,1,0.5422296061774448
F2e5,word_part_speech,0,0.4926049223227003
F2e5,word_part_speech,1,0.5255887906190997
F2c3,delta_volume,0,0.4904992528969834
F2c3,delta_volume,1,0.49031900776360204
F2c3,face_num,0,0.4624097468208938
F2c3,face_num,1,0.4849012047689205
F2c3,frame_brightness,0,0.5000365714763382
F2c3,frame_brightness,1,0.5187245958851865
F2c3,global_flow,0,0.5172826348181353
F2c3,global_flow,1,0.497779588936606
F2c3,gpt2_surprisal,0,0.5119693217558489
F2c3,gpt2_surprisal,1,0.454233409610984
F2c3,local_flow,0,0.499832816108168
F2c3,local_flow,1,0.5046445774949584
F2c3,onset,0,0.518776840851384
F2c3,onset,1,0.5100623804896398
F2c3,pitch,0,0.522402641505491
F2c3,pitch,1,0.4951464426402516
F2c3,speech,0,0.5179618193787029
F2c3,speech,1,0.525709747865793
F2c3,volume,0,0.47065922698348006
F2c3,volume,1,0.4727333521415211
F2c3,word_gap,0,0.5173348797843328
F2c3,word_gap,1,0.4733132712663135
F2c3,word_head_pos,0,0.49328129734700055
F2c3,word_head_pos,1,0.4892166389768346
F2c3,word_index,0,0.5154890788224121
F2c3,word_index,1,0.5490218423551757
F2c3,word_length,0,0.48986447655768367
F2c3,word_length,1,0.5225593764040835
F2c3,word_part_speech,0,0.5031634038888337
F2c3,word_part_speech,1,0.4989151677763424
F2aOFb1,delta_volume,0,0.48747165710583784
F2aOFb1,delta_volume,1,0.48936814937880735
F2aOFb1,face_num,0,0.49430007418785193
F2aOFb1,face_num,1,0.4871738607985121
F2aOFb1,frame_brightness,0,0.48998463997993796
F2aOFb1,frame_brightness,1,0.5057260482952468
F2aOFb1,global_flow,0,0.5431752400656197
F2aOFb1,global_flow,1,0.47935278935874537
F2aOFb1,gpt2_surprisal,0,0.4618977461521583
F2aOFb1,gpt2_surprisal,1,0.46502199513076914
F2aOFb1,local_flow,0,0.5195866378274453
F2aOFb1,local_flow,1,0.5381388253241801
F2aOFb1,onset,0,0.5029622895833986
F2aOFb1,onset,1,0.5240274599542334
F2aOFb1,pitch,0,0.49912750906450165
F2aOFb1,pitch,1,0.5006217150977503
F2aOFb1,speech,0,0.5014080018390228
F2aOFb1,speech,1,0.485037041681034
F2aOFb1,volume,0,0.5143882636907934
F2aOFb1,volume,1,0.4995924892636595
F2aOFb1,word_gap,0,0.5234632143193004
F2aOFb1,word_gap,1,0.514544998589386
F2aOFb1,word_head_pos,0,0.47825042057197786
F2aOFb1,word_head_pos,1,0.500271673824227
F2aOFb1,word_index,0,0.5172839506172839
F2aOFb1,word_index,1,0.5198195631528966
F2aOFb1,word_length,0,0.5109035244454196
F2aOFb1,word_length,1,0.5150361012716425
F2aOFb1,word_part_speech,0,0.46461459471993105
F2aOFb1,word_part_speech,1,0.5237586538143032
F2aOFb7,delta_volume,0,0.49987461208112605
F2aOFb7,delta_volume,1,0.530720040124134
F2aOFb7,face_num,0,0.5037041681034033
F2aOFb7,face_num,1,0.4833756517559533
F2aOFb7,frame_brightness,0,0.4960084845825105
F2aOFb7,frame_brightness,1,0.4988453862470351
F2aOFb7,global_flow,0,0.5256418294097364
F2aOFb7,global_flow,1,0.47826348181352724
F2aOFb7,gpt2_surprisal,0,0.48345401920524955
F2aOFb7,gpt2_surprisal,1,0.5183170851488459
F2aOFb7,local_flow,0,0.5029309426036801
F2aOFb7,local_flow,1,0.5053916805115828
F2aOFb7,onset,0,0.49377240002925715
F2aOFb7,onset,1,0.508296500632164
F2aOFb7,pitch,0,0.49706383289970013
F2aOFb7,pitch,1,0.4980146912844947
F2aOFb7,speech,0,0.5130560170527569
F2aOFb7,speech,1,0.5196336582970231
F2aOFb7,volume,0,0.4834435702120101
F2aOFb7,volume,1,0.5153025505992497
F2aOFb7,word_gap,0,0.5276219136286219
F2aOFb7,word_gap,1,0.5408137675934923
F2aOFb7,word_head_pos,0,0.5068911110414511
F2aOFb7,word_head_pos,1,0.518609656959552
F2aOFb7,word_index,0,0.4821462488129155
F2aOFb7,word_index,1,0.47250712250712257
F2aOFb7,word_length,0,0.4864685537548457
F2aOFb7,word_length,1,0.526216524037909
F2aOFb7,word_part_speech,0,0.5250008281162013
F2aOFb7,word_part_speech,1,0.4994782867932028
F2aOFb13,delta_volume,0,0.4960764030385672
F2aOFb13,delta_volume,1,0.5199680260806872
F2aOFb13,face_num,0,0.492811092651223
F2aOFb13,face_num,1,0.48184487424636635
F2aOFb13,frame_brightness,0,0.500295184059016
F2aOFb13,frame_brightness,1,0.4947337074072913
F2aOFb13,global_flow,0,0.5341629833965498
F2aOFb13,global_flow,1,0.484660877924412
F2aOFb13,gpt2_surprisal,0,0.5113894026310565
F2aOFb13,gpt2_surprisal,1,0.497675099004211
F2aOFb13,local_flow,0,0.5098847476045684
F2aOFb13,local_flow,1,0.4995088973177434
F2aOFb13,onset,0,0.46156337836849426
F2aOFb13,onset,1,0.49038692621965874
F2aOFb13,pitch,0,0.5250201143119861
F2aOFb13,pitch,1,0.49086757990867574
F2aOFb13,speech,0,0.5083905415713196
F2aOFb13,speech,1,0.5197538217192773
F2aOFb13,volume,0,0.5087614808313219
F2aOFb13,volume,1,0.5026644932760729
F2aOFb13,word_gap,0,0.5342465753424657
F2aOFb13,word_gap,1,0.5194925968882897
F2aOFb13,word_head_pos,0,0.477722746413383
F2aOFb13,word_head_pos,1,0.46678265049162515
F2aOFb13,word_index,0,0.49934472934472934
F2aOFb13,word_index,1,0.48053181386514715
F2aOFb13,word_length,0,0.48755524905175396
F2aOFb13,word_length,1,0.5023771459619866
F2aOFb13,word_part_speech,0,0.47349200039749584
F2aOFb13,word_part_speech,1,0.5040080824141243
F2dCb3,delta_volume,0,0.5029518405901592
F2dCb3,delta_volume,1,0.5325120424647085
F2dCb3,face_num,0,0.4727699236178594
F2dCb3,face_num,1,0.506096987555249
F2dCb3,frame_brightness,0,0.4943105231810915
F2dCb3,frame_brightness,1,0.5073299687575102
F2dCb3,global_flow,0,0.5311850203232918
F2dCb3,global_flow,1,0.49865730436872413
F2dCb3,gpt2_surprisal,0,0.49680783256533234
F2dCb3,gpt2_surprisal,1,0.5295393038880704
F2dCb3,local_flow,0,0.49789975235886025
F2dCb3,local_flow,1,0.49411199230954106
F2dCb3,onset,0,0.47049204309164816
F2dCb3,onset,1,0.49896032517266964
F2dCb3,pitch,0,0.5086151949259688
F2dCb3,pitch,1,0.5033280043467813
F2dCb3,speech,0,0.4993573869157707
F2dCb3,speech,1,0.5081345412369518
F2dCb3,volume,0,0.492330438962206
F2dCb3,volume,1,0.4468250734041775
F2dCb3,word_gap,0,0.4916199074219199
F2dCb3,word_gap,1,0.490883253398535
F2dCb3,word_head_pos,0,0.494592645998558
F2dCb3,word_head_pos,1,0.5427416068461803
F2dCb3,word_index,0,0.5064102564102564
F2dCb3,word_index,1,0.4921652421652421
F2dCb3,word_length,0,0.49444636009320503
F2dCb3,word_length,1,0.5402286239720804
F2dCb3,word_part_speech,0,0.48557421577395743
F2dCb3,word_part_speech,1,0.5275845506641492
F2dCb9,delta_volume,0,0.4927457864434762
F2dCb9,delta_volume,1,0.4838145094720124
F2dCb9,face_num,0,0.484723571883849
F2dCb9,face_num,1,0.5031555959583294
F2dCb9,frame_brightness,0,0.47682413299478593
F2dCb9,frame_brightness,1,0.48644765576836674
F2dCb9,global_flow,0,0.5329561246773873
F2dCb9,global_flow,1,0.5111386267933085
F2dCb9,gpt2_surprisal,0,0.49763852752787274
F2dCb9,gpt2_surprisal,1,0.5307984075734303
F2dCb9,local_flow,0,0.5045714345422818
F2dCb9,local_flow,1,0.4820799765942551
F2dCb9,onset,0,0.5104855647158397
F2dCb9,onset,1,0.4850840621506118
F2dCb9,pitch,0,0.5064992737949698
F2dCb9,pitch,1,0.4904130487027575
F2dCb9,speech,0,0.5242364398190235
F2dCb9,speech,1,0.4955853003563107
F2dCb9,volume,0,0.4998275916115482
F2dCb9,volume,1,0.4829158960534153
F2dCb9,word_gap,0,0.49982236711492845
F2dCb9,word_gap,1,0.5026749422693124
F2dCb9,word_head_pos,0,0.466176608883734
F2dCb9,word_head_pos,1,0.4818030782734084
F2dCb9,word_index,0,0.48223171889838556
F2dCb9,word_index,1,0.46939221272554604
F2dCb9,word_length,0,0.5151667136871363
F2dCb9,word_length,1,0.49961861174675826
F2dCb9,word_part_speech,0,0.48711451190831095
F2dCb9,word_part_speech,1,0.514723906058498
F2bCa1,delta_volume,0,0.5126850777927546
F2bCa1,delta_volume,1,0.5019173902594485
F2bCa1,face_num,0,0.4941694617723582
F2bCa1,face_num,1,0.4742902521342069
F2bCa1,frame_brightness,0,0.47431115012068586
F2bCa1,frame_brightness,1,0.5288496703342633
F2bCa1,global_flow,0,0.5036519231372057
F2bCa1,global_flow,1,0.481223159148616
F2bCa1,gpt2_surprisal,0,0.484535490005538
F2bCa1,gpt2_surprisal,1,0.4893420268957086
F2bCa1,local_flow,0,0.5042004952822796
F2bCa1,local_flow,1,0.5113110351817602
F2bCa1,onset,0,0.4861968799306187
F2bCa1,onset,1,0.5055484154101753
F2bCa1,pitch,0,0.5195918623240651
F2bCa1,pitch,1,0.4672319572009237
F2bCa1,speech,0,0.5261642790717115
F2bCa1,speech,1,0.5268800351086173
F2bCa1,volume,0,0.5198217401753341
F2bCa1,volume,1,0.49511509566053313
F2bCa1,word_gap,0,0.49284766412756137
F2bCa1,word_gap,1,0.493380562782776
F2bCa1,word_head_pos,0,0.4927797456715045
F2bCa1,word_head_pos,1,0.499874612081126
F2bCa1,word_index,0,0.5061918328584996
F2bCa1,word_index,1,0.47881291547958216
F2bCa1,word_length,0,0.5232751324409893
F2bCa1,word_length,1,0.523008683113382
F2bCa1,word_part_speech,0,0.4977972109046341
F2bCa1,word_part_speech,1,0.49523005068071146
F2bCa7,delta_volume,0,0.5199836995705465
F2bCa7,delta_volume,1,0.526968851551153
F2bCa7,face_num,0,0.4848176128230045
F2bCa7,face_num,1,0.49538154498814047
F2bCa7,frame_brightness,0,0.5028891466307222
F2bCa7,frame_brightness,1,0.4860140225489274
F2bCa7,global_flow,0,0.5164937358285528
F2bCa7,global_flow,1,0.5055693133966542
F2bCa7,gpt2_surprisal,0,0.4779369507747928
F2bCa7,gpt2_surprisal,1,0.5217600284212617
F2bCa7,local_flow,0,0.48396601987398513
F2bCa7,local_flow,1,0.47940503432494286
F2bCa7,onset,0,0.5085002560003343
F2bCa7,onset,1,0.5062798449369403
F2bCa7,pitch,0,0.4853296134917401
F2bCa7,pitch,1,0.5141374878530454
F2bCa7,speech,0,0.5509074950628507
F2bCa7,speech,1,0.538893765085734
F2bCa7,volume,0,0.48374659101595563
F2bCa7,volume,1,0.49562187183264894
F2bCa7,word_gap,0,0.4776496034607065
F2bCa7,word_gap,1,0.5114991170600713
F2bCa7,word_head_pos,0,0.5008202459693009
F2bCa7,word_head_pos,1,0.5117394439045798
F2bCa7,word_index,0,0.5286989553656221
F2bCa7,word_index,1,0.508945868945869
F2bCa7,word_length,0,0.5126040980951485
F2bCa7,word_length,1,0.535604944463601
F2bCa7,word_part_speech,0,0.46881314386034645
F2bCa7,word_part_speech,1,0.5073536718672365
F2bCa13,delta_volume,0,0.5147696519440352
F2bCa13,delta_volume,1,0.5200986384961809
F2bCa13,face_num,0,0.4806850359967817
F2bCa13,face_num,1,0.46785889679529374
F2bCa13,frame_brightness,0,0.5220473757353479
F2bCa13,frame_brightness,1,0.5243670522345172
F2bCa13,global_flow,0,0.5526472524372277
F2bCa13,global_flow,1,0.5306416726748379
F2bCa13,gpt2_surprisal,0,0.5085420519732924
F2bCa13,gpt2_surprisal,1,0.5278517914798909
F2bCa13,local_flow,0,0.5188656572939198
F2bCa13,local_flow,1,0.5258560337711462
F2bCa13,onset,0,0.5006739600639478
F2bCa13,onset,1,0.5095503798209042
F2bCa13,pitch,0,0.5368431501624819
F2bCa13,pitch,1,0.518421575081241
F2bCa13,speech,0,0.5277995465136934
F2bCa13,speech,1,0.5013740426109945
F2bCa13,volume,0,0.49551738190025396
F2bCa13,volume,1,0.5023301254924087
F2bCa13,word_gap,0,0.49495836076194055
F2bCa13,word_gap,1,0.4792430749297306
F2bCa13,word_head_pos,0,0.5054387009811604
F2bCa13,word_head_pos,1,0.47655768366717866
F2bCa13,word_index,0,0.5066381766381767
F2bCa13,word_index,1,0.501690408357075
F2bCa13,word_length,0,0.5368327011692423
F2bCa13,word_length,1,0.49443068660334577
F2bCa13,word_part_speech,0,0.5055649408725033
F2bCa13,word_part_speech,1,0.5040412070621749
F10Fa3,delta_volume,0,0.4888143527371138
F10Fa3,delta_volume,1,0.4971683228320951
F10Fa3,face_num,0,0.4839816933638444
F10Fa3,face_num,1,0.4690657555144562
F10Fa3,frame_brightness,0,0.5050468637346791
F10Fa3,frame_brightness,1,0.4960555050520883
F10Fa3,global_flow,0,0.5231654180119746
F10Fa3,global_flow,1,0.5087719298245614
F10Fa3,gpt2_surprisal,0,0.5231863159984536
F10Fa3,gpt2_surprisal,1,0.5255739109536797
F10Fa3,local_flow,0,0.5498312487591821
F10Fa3,local_flow,1,0.5013113486515575
F10Fa3,onset,0,0.4770069903764772
F10Fa3,onset,1,0.47101449275362317
F10Fa3,pitch,0,0.5261642790717114
F10Fa3,pitch,1,0.5068388660752536
F10Fa3,speech,0,0.5107572385400667
F10Fa3,speech,1,0.5324493485052715
F10Fa3,volume,0,0.4720802900640523
F10Fa3,volume,1,0.46098868374032165
F10Fa3,word_gap,0,0.4780205427207089
F10Fa3,word_gap,1,0.5175072881727846
F10Fa3,word_head_pos,0,0.520286720374492
F10Fa3,word_head_pos,1,0.5225384784176045
F10Fa3,word_index,0,0.4743684710351377
F10Fa3,word_index,1,0.5458594491927825
F10Fa3,word_length,0,0.4955957493495502
F10Fa3,word_length,1,0.49937306040562995
F10Fa3,word_part_speech,0,0.5022690383914671
F10Fa3,word_part_speech,1,0.5322137202292225
F10Fa12,delta_volume,0,0.4962122399506807
F10Fa12,delta_volume,1,0.5016013082139537
F10Fa12,face_num,0,0.5101146254558373
F10Fa12,face_num,1,0.5398054397458805
F10Fa12,frame_brightness,0,0.4751418450832262
F10Fa12,frame_brightness,1,0.48396601987398513
F10Fa12,global_flow,0,0.5036362496473465
F10Fa12,global_flow,1,0.5116454029654243
F10Fa12,gpt2_surprisal,0,0.5180976562908164
F10Fa12,gpt2_surprisal,1,0.5159556126767186
F10Fa12,local_flow,0,0.4912071721889596
F10Fa12,local_flow,1,0.5362893535207882
F10Fa12,onset,0,0.47781156285591886
F10Fa12,onset,1,0.5004963271788763
F10Fa12,pitch,0,0.5016770634149399
F10Fa12,pitch,1,0.4955330553901133
F10Fa12,speech,0,0.5352549031900777
F10Fa12,speech,1,0.48196503766862064
F10Fa12,volume,0,0.5132963438972655
F10Fa12,volume,1,0.4899741909866985
F10Fa12,word_gap,0,0.5134060583262803
F10Fa12,word_gap,1,0.5157623063017878
F10Fa12,word_head_pos,0,0.4726340867057459
F10Fa12,word_head_pos,1,0.46858510182543905
F10Fa12,word_index,0,0.54661918328585
F10Fa12,word_index,1,0.519002849002849
F10Fa12,word_length,0,0.47648976521112185
F10Fa12,word_length,1,0.4697240420885448
F10Fa12,word_part_speech,0,0.49328397760773796
F10Fa12,word_part_speech,1,0.5417784623538375
T2bH6,delta_volume,0,0.5009822053645131
T2bH6,delta_volume,1,0.5025704523369173
T2bH6,face_num,0,0.49638464833913254
T2bH6,face_num,1,0.4782765430550766
T2bH6,frame_brightness,0,0.46641171123162284
T2bH6,frame_brightness,1,0.4914997439996657
T2bH6,global_flow,0,0.538013437405306
T2bH6,global_flow,1,0.48613941046780146
T2bH6,gpt2_surprisal,0,0.5129358536305026
T2bH6,gpt2_surprisal,1,0.5216973344618245
T2bH6,local_flow,0,0.5047908634003113
T2bH6,local_flow,1,0.5031555959583294
T2bH6,onset,0,0.4847575311118773
T2bH6,onset,1,0.4967817100822336
T2bH6,pitch,0,0.47359539408377993
T2bH6,pitch,1,0.48502398043948464
T2bH6,speech,0,0.516054878112494
T2bH6,speech,1,0.48907035307148156
T2bH6,volume,0,0.5170057364972885
T2bH6,volume,1,0.5092708692517476
T2bH6,word_gap,0,0.49862595738900556
T2bH6,word_gap,1,0.5068362538269438
T2bH6,word_head_pos,0,0.5200463935299834
T2bH6,word_head_pos,1,0.46855897934234036
T2bH6,word_index,0,0.5175213675213676
T2bH6,word_index,1,0.44547958214624883
T2bH6,word_length,0,0.48013123935508817
T2bH6,word_length,1,0.48093058733791
T2bH6,word_part_speech,0,0.4710490576037629
T2bH6,word_part_speech,1,0.5277501739044023
T2bH12,delta_volume,0,0.4945142785492619
T2bH12,delta_volume,1,0.4421961693990784
T2bH12,face_num,0,0.48374659101595563
T2bH12,face_num,1,0.4949374627754616
T2bH12,frame_brightness,0,0.4768607044711243
T2bH12,frame_brightness,1,0.5085525009665318
T2bH12,global_flow,0,0.527284933596648
T2bH12,global_flow,1,0.5016822879115597
T2bH12,gpt2_surprisal,0,0.509388420425692
T2bH12,gpt2_surprisal,1,0.5144091616772725
T2bH12,local_flow,0,0.5155063059674201
T2bH12,local_flow,1,0.4805021786150904
T2bH12,onset,0,0.49670334263293736
T2bH12,onset,1,0.5128940576575447
T2bH12,pitch,0,0.4931088889585488
T2bH12,pitch,1,0.48624912489681615
T2bH12,speech,0,0.5005799191247924
T2bH12,speech,1,0.48387720343144935
T2bH12,volume,0,0.4984117530275958
T2bH12,volume,1,0.5020166556952238
T2bH12,word_gap,0,0.49688097551800886
T2bH12,word_gap,1,0.522987785126903
T2bH12,word_head_pos,0,0.4846922249041305
T2bH12,word_head_pos,1,0.465925833045986
T2bH12,word_index,0,0.4889743589743589
T2bH12,word_index,1,0.4505982905982906
T2bH12,word_length,0,0.5009090624118366
T2bH12,word_length,1,0.48236209941172165
T2bH12,word_part_speech,0,0.5083225678227169
T2bH12,word_part_speech,1,0.5147818741925867
T2aA2,delta_volume,0,0.5114364231006343
T2aA2,delta_volume,1,0.48863149535542255
T2aA2,face_num,0,0.47849597191310617
T2aA2,face_num,1,0.48420112222187395
T2aA2,frame_brightness,0,0.4828061816244005
T2aA2,frame_brightness,1,0.5129410781271224
T2aA2,global_flow,0,0.5380186619019258
T2aA2,global_flow,1,0.5100414825031608
T2aA2,gpt2_surprisal,0,0.5073456422473694
T2aA2,gpt2_surprisal,1,0.5092682570034377
T2aA2,local_flow,0,0.5286615884559522
T2aA2,local_flow,1,0.47029873671671735
T2aA2,onset,0,0.5084845825104751
T2aA2,onset,1,0.5184842690406779
T2aA2,pitch,0,0.4946396664681358
T2aA2,pitch,1,0.48924276145993334
T2aA2,speech,0,0.48897108763570635
T2aA2,speech,1,0.5105116871989384
T2aA2,volume,0,0.4987513453078796
T2aA2,volume,1,0.4985057939667513
T2aA2,word_gap,0,0.5230870505626782
T2aA2,word_gap,1,0.5115513620262688
T2aA2,word_head_pos,0,0.5137195281234653
T2aA2,word_head_pos,1,0.5218122733874591
T2aA2,word_index,0,0.5109781576448243
T2aA2,word_index,1,0.5092022792022792
T2aA2,word_length,0,0.48424291819483195
T2aA2,word_length,1,0.48418022423539486
T2aA2,word_part_speech,0,0.41305608002914973
T2aA2,word_part_speech,1,0.4622958693563881
T2aA10,delta_volume,0,0.5079621328485001
T2aA10,delta_volume,1,0.5173766757572907
T2aA10,face_num,0,0.5051879251434124
T2aA10,face_num,1,0.49177141782389266
T2aA10,frame_brightness,0,0.48228373196242547
T2aA10,frame_brightness,1,0.5029413915969196
T2aA10,global_flow,0,0.5313678777049832
T2aA10,global_flow,1,0.5154592854978424
T2aA10,gpt2_surprisal,0,0.5317388169649855
T2aA10,gpt2_surprisal,1,0.543483485366185
T2aA10,local_flow,0,0.5322717156202
T2aA10,local_flow,1,0.5393352350501031
T2aA10,onset,0,0.49826285487393285
T2aA10,onset,1,0.4982027731628058
T2aA10,pitch,0,0.49071606950670305
T2aA10,pitch,1,0.4807372809629792
T2aA10,speech,0,0.5027010647524112
T2aA10,speech,1,0.4842899386644097
T2aA10,volume,0,0.5068336415786339
T2aA10,volume,1,0.49031900776360204
T2aA10,word_gap,0,0.49271705171206753
T2aA10,word_gap,1,0.49912750906450165
T2aA10,word_head_pos,0,0.5103445033071063
T2aA10,word_head_pos,1,0.47924307492973056
T2aA10,word_index,0,0.528727445394112
T2aA10,word_index,1,0.4565906932573599
T2aA10,word_length,0,0.49197517319206296
T2aA10,word_length,1,0.49967085671295564
T2aA10,word_part_speech,0,0.5004720262347213
T2aA10,word_part_speech,1,0.5315926330782735
T1cIf2,delta_volume,0,0.5074840914077929
T1cIf2,delta_volume,1,0.5169012465648934
T1cIf2,face_num,0,0.46065431595665757
T1cIf2,face_num,1,0.49500015673489856
T1cIf2,frame_brightness,0,0.47942593231142183
T1cIf2,frame_brightness,1,0.5080979697606136
T1cIf2,global_flow,0,0.5398864194434867
T1cIf2,global_flow,1,0.4962148521989906
T1cIf2,gpt2_surprisal,0,0.5215719465429507
T1cIf2,gpt2_surprisal,1,0.4888404752202125
T1cIf2,local_flow,0,0.5387109077040427
T1cIf2,local_flow,1,0.49765420101773195
T1cIf2,onset,0,0.4943575436506692
T1cIf2,onset,1,0.4975392620920974
T1cIf2,pitch,0,0.4940336248602447
T1cIf2,pitch,1,0.49256815355840466
T1cIf2,speech,0,0.5069956009738461
T1cIf2,speech,1,0.4839242239010272
T1cIf2,volume,0,0.5181342277671547
T1cIf2,volume,1,0.5116663009519034
T1cIf2,word_gap,0,0.5064052328558144
T1cIf2,word_gap,1,0.5403331139044754
T1cIf2,word_head_pos,0,0.5077009080175126
T1cIf2,word_head_pos,1,0.4842585916846911
T1cIf2,word_index,0,0.5153276353276354
T1cIf2,word_index,1,0.5014719848053182
T1cIf2,word_length,0,0.5073796014753978
T1cIf2,word_length,1,0.47268110717532363
T1cIf2,word_part_speech,0,0.5233694391997085
T1cIf2,word_part_speech,1,0.5050515088277187
T1cIf8,delta_volume,0,0.5631380416496871
T1cIf8,delta_volume,1,0.5331128595759798
T1cIf8,face_num,0,0.5095347063310449
T1cIf8,face_num,1,0.4852773685255426
T1cIf8,frame_brightness,0,0.486902186974285
T1cIf8,frame_brightness,1,0.4893942718619061
T1cIf8,global_flow,0,0.5240588069339519
T1cIf8,global_flow,1,0.48215834404355146
T1cIf8,gpt2_surprisal,0,0.5006844090571874
T1cIf8,gpt2_surprisal,1,0.508045724794416
T1cIf8,local_flow,0,0.5177528395139128
T1cIf8,local_flow,1,0.46829253001473303
T1cIf8,onset,0,0.591554078764511
T1cIf8,onset,1,0.5904308119912647
T1cIf8,pitch,0,0.5082390311693468
T1cIf8,pitch,1,0.48247181384073645
T1cIf8,speech,0,0.5282070572500339
T1cIf8,speech,1,0.5095190328411857
T1cIf8,volume,0,0.5079569083518803
T1cIf8,volume,1,0.49546513693405647
T1cIf8,word_gap,0,0.5369737625779756
T1cIf8,word_gap,1,0.5109766673980962
T1cIf8,word_head_pos,0,0.509680992236398
T1cIf8,word_head_pos,1,0.48303083497904975
T1cIf8,word_index,0,0.596951566951567
T1cIf8,word_index,1,0.5321937321937321
T1cIf8,word_length,0,0.5150622237547412
T1cIf8,word_length,1,0.5174550432065871
T1cIf8,word_part_speech,0,0.5086124084931598
T1cIf8,word_part_speech,1,0.5018632614528471
T1bId2,delta_volume,0,0.5832366801458679
T1bId2,delta_volume,1,0.5826254140413571
T1bId2,face_num,0,0.48542887892751535
T1bId2,face_num,1,0.4960137090791302
T1bId2,frame_brightness,0,0.5046289040050991
T1bId2,frame_brightness,1,0.4830517329655288
T1bId2,global_flow,0,0.5479190829963534
T1bId2,global_flow,1,0.4923879084250232
T1bId2,gpt2_surprisal,0,0.49016227286500946
T1bId2,gpt2_surprisal,1,0.5118909543065525
T1bId2,local_flow,0,0.5246543995486035
T1bId2,local_flow,1,0.513453078795858
T1bId2,onset,0,0.5711733174508636
T1bId2,onset,1,0.5986698431606114
T1bId2,pitch,0,0.5049162513191854
T1bId2,pitch,1,0.5229564381471845
T1bId2,speech,0,0.5127164247724731
T1bId2,speech,1,0.5190328411857518
T1bId2,volume,0,0.560959426559251
T1bId2,volume,1,0.5234318673395819
T1bId2,word_gap,0,0.5315298371001955
T1bId2,word_gap,1,0.5665914339153422
T1bId2,word_head_pos,0,0.515151040197277
T1bId2,word_head_pos,1,0.4944359110999656
T1bId2,word_index,0,0.580607787274454
T1bId2,word_index,1,0.5049762583095916
T1bId2,word_length,0,0.5283063226858092
T1bId2,word_length,1,0.5250984817612823
T1bId2,word_part_speech,0,0.5270959621054025
T1bId2,word_part_speech,1,0.5408261287223823
T1bId8,delta_volume,0,0.5405786652456036
T1bId8,delta_volume,1,0.4814164655235468
T1bId8,face_num,0,0.5127112002758534
T1bId8,face_num,1,0.492309540975727
T1bId8,frame_brightness,0,0.46610346593105756
T1bId8,frame_brightness,1,0.49445158458982474
T1bId8,global_flow,0,0.5327419203159776
T1bId8,global_flow,1,0.47491196723195717
T1bId8,gpt2_surprisal,0,0.5036780456203045
T1bId8,gpt2_surprisal,1,0.5166765932102442
T1bId8,local_flow,0,0.5248581549167738
T1bId8,local_flow,1,0.48850610743654854
T1bId8,onset,0,0.5282488532229921
T1bId8,onset,1,0.5195396173578676
T1bId8,pitch,0,0.4992424479901362
T1bId8,pitch,1,0.49850056947013155
T1bId8,speech,0,0.5142889982550181
T1bId8,speech,1,0.5200672915164624
T1bId8,volume,0,0.5146599375150204
T1bId8,volume,1,0.5265352183317138
T1bId8,word_gap,0,0.5295497528813099
T1bId8,word_gap,1,0.5425169534915312
T1bId8,word_head_pos,0,0.5094093184121711
T1bId8,word_head_pos,1,0.45233691733801445
T1bId8,word_index,0,0.5592402659069325
T1bId8,word_index,1,0.5145204178537511
T1bId8,word_length,0,0.49191247923262593
T1bId8,word_length,1,0.4971526493422359
T1bId8,word_part_speech,0,0.5109973831528041
T1bId8,word_part_speech,1,0.4992464142568485
T1aIa5,delta_volume,0,0.5025652278402976
T1aIa5,delta_volume,1,0.5497267588267871
T1aIa5,face_num,0,0.5011755117394439
T1aIa5,face_num,1,0.5183484321285644
T1aIa5,frame_brightness,0,0.502283105022831
T1aIa5,frame_brightness,1,0.5086987868718849
T1aIa5,global_flow,0,0.521519701576753
T1aIa5,global_flow,1,0.48991149702726144
T1aIa5,gpt2_surprisal,0,0.5201404344691389
T1aIa5,gpt2_surprisal,1,0.5120163422254266
T1aIa5,local_flow,0,0.5232176629781721
T1aIa5,local_flow,1,0.5249783183390281
T1aIa5,onset,0,0.5446485481123894
T1aIa5,onset,1,0.5487236554757949
T1aIa5,pitch,0,0.5135523442316333
T1aIa5,pitch,1,0.5049580472921434
T1aIa5,speech,0,0.5267546471897433
T1aIa5,speech,1,0.4918027648036112
T1aIa5,volume,0,0.48856880139598546
T1aIa5,volume,1,0.49677648558561377
T1aIa5,word_gap,0,0.5232437854612708
T1aIa5,word_gap,1,0.5171990428722193
T1aIa5,word_head_pos,0,0.4910399882971276
T1aIa5,word_head_pos,1,0.4892584349497926
T1aIa5,word_index,0,0.550360873694207
T1aIa5,word_index,1,0.5222981956315289
T1aIa5,word_length,0,0.5095608288141438
T1aIa5,word_length,1,0.4898697010543035
T1aIa5,word_part_speech,0,0.5032213720229222
T1aIa5,word_part_speech,1,0.5114611282255126
P2cCc1,delta_volume,0,0.48118136317565796
P2cCc1,delta_volume,1,0.4982236711492848
P2cCc1,face_num,0,0.4723519638882793
P2cCc1,face_num,1,0.5030824530056529
P2cCc1,frame_brightness,0,0.5063791103727155
P2cCc1,frame_brightness,1,0.5087771543211811
P2cCc1,global_flow,0,0.529630732578916
P2cCc1,global_flow,1,0.4914579480267076
P2cCc1,gpt2_surprisal,0,0.5159399391868593
P2cCc1,gpt2_surprisal,1,0.5118805053133131
P2cCc1,local_flow,0,0.5367334357334671
P2cCc1,local_flow,1,0.4789243806359257
P2cCc1,onset,0,0.5099526660606251
P2cCc1,onset,1,0.5041378013228426
P2cCc1,pitch,0,0.4814687104897444
P2cCc1,pitch,1,0.4946657889512346
P2cCc1,speech,0,0.5387657649185501
P2cCc1,speech,1,0.4836525500768
P2cCc1,volume,0,0.5198165156787145
P2cCc1,volume,1,0.4916146829253002
P2cCc1,word_gap,0,0.5147069579845982
P2cCc1,word_gap,1,0.5378854372381221
P2cCc1,word_head_pos,0,0.49904391711858564
P2cCc1,word_head_pos,1,0.4455137247526201
P2cCc1,word_index,0,0.5221747388414055
P2cCc1,word_index,1,0.4664862298195631
P2cCc1,word_length,0,0.501175511739444
P2cCc1,word_length,1,0.48866284233514096
P2cCc1,word_part_speech,0,0.48060551856636513
P2cCc1,word_part_speech,1,0.4950561462784458
P2cCc8,delta_volume,0,0.4871085545907652
P2cCc8,delta_volume,1,0.47050249208488765
P2cCc8,face_num,0,0.5008515929490194
P2cCc8,face_num,1,0.4866461866399172
P2cCc8,frame_brightness,0,0.4774249501060573
P2cCc8,frame_brightness,1,0.5008933889219774
P2cCc8,global_flow,0,0.5277890975204539
P2cCc8,global_flow,1,0.4959510151196932
P2cCc8,gpt2_surprisal,0,0.4949818709967294
P2cCc8,gpt2_surprisal,1,0.5058723342005998
P2cCc8,local_flow,0,0.5313731022016028
P2cCc8,local_flow,1,0.46407636124259427
P2cCc8,onset,0,0.4845929594683553
P2cCc8,onset,1,0.5047490674273534
P2cCc8,pitch,0,0.4940179513703855
P2cCc8,pitch,1,0.48759182052809213
P2cCc8,speech,0,0.5103027073341483
P2cCc8,speech,1,0.4838902646729988
P2cCc8,volume,0,0.5100885029727386
P2cCc8,volume,1,0.5084271130476579
P2cCc8,word_gap,0,0.5212976604704136
P2cCc8,word_gap,1,0.49806693625069226
P2cCc8,word_head_pos,0,0.5281913837601748
P2cCc8,word_head_pos,1,0.4681619175992393
P2cCc8,word_index,0,0.5063342830009496
P2cCc8,word_index,1,0.447397910731244
P2cCc8,word_length,0,0.49700636343688287
P2cCc8,word_length,1,0.47700176587985743
P2cCc8,word_part_speech,0,0.49596707409983765
P2cCc8,word_part_speech,1,0.4886713703666899
P2cCc14,delta_volume,0,0.49661975068702136
P2cCc14,delta_volume,1,0.5127843432285298
P2cCc14,face_num,0,0.5506253722453842
P2cCc14,face_num,1,0.5008045724794417
P2cCc14,frame_brightness,0,0.47959311620325384
P2cCc14,frame_brightness,1,0.4802566272739621
P2cCc14,global_flow,0,0.534975392620921
P2cCc14,global_flow,1,0.5016927369047992
P2cCc14,gpt2_surprisal,0,0.5000261224830987
P2cCc14,gpt2_surprisal,1,0.49322905238080306
P2cCc14,local_flow,0,0.5046968224611559
P2cCc14,local_flow,1,0.5098534006248497
P2cCc14,onset,0,0.506938131511029
P2cCc14,onset,1,0.5127112002758534
P2cCc14,pitch,0,0.5041482503160821
P2cCc14,pitch,1,0.5027115137456506
P2cCc14,speech,0,0.46647962968767953
P2cCc14,speech,1,0.4751157226001275
P2cCc14,volume,0,0.5158511227443235
P2cCc14,volume,1,0.521059945874215
P2cCc14,word_gap,0,0.5031451469650899
P2cCc14,word_gap,1,0.5260284421595979
P2cCc14,word_head_pos,0,0.5157988777781262
P2cCc14,word_head_pos,1,0.471604860871655
P2cCc14,word_index,0,0.5585375118708452
P2cCc14,word_index,1,0.4625071225071225
P2cCc14,word_length,0,0.48769631046048717
P2cCc14,word_length,1,0.4947598298903901
P2cCc14,word_part_speech,0,0.48761138162907025
P2cCc14,word_part_speech,1,0.4884643413163735
P2aIe5,delta_volume,0,0.530615550191739
P2aIe5,delta_volume,1,0.5095869512972424
P2aIe5,face_num,0,0.49804603826421323
P2aIe5,face_num,1,0.5108042590096444
P2aIe5,frame_brightness,0,0.4913639070875522
P2aIe5,frame_brightness,1,0.5097123392161165
P2aIe5,global_flow,0,0.5220891717083059
P2aIe5,global_flow,1,0.5022047375735348
P2aIe5,gpt2_surprisal,0,0.5152921016060102
P2aIe5,gpt2_surprisal,1,0.5068388660752536
P2aIe5,local_flow,0,0.5100989519659781
P2aIe5,local_flow,1,0.4983229365850601
P2aIe5,onset,0,0.49718922081857414
P2aIe5,onset,1,0.5170632059601058
P2aIe5,pitch,0,0.5010031033509921
P2aIe5,pitch,1,0.47553890682632727
P2aIe5,speech,0,0.4899532930002194
P2aIe5,speech,1,0.4806484645204435
P2aIe5,volume,0,0.5158511227443235
P2aIe5,volume,1,0.5007888989895823
P2aIe5,word_gap,0,0.5141427123496651
P2aIe5,word_gap,1,0.5270472190004494
P2aIe5,word_head_pos,0,0.49998955100676046
P2aIe5,word_head_pos,1,0.5197747197057563
P2aIe5,word_index,0,0.5154131054131055
P2aIe5,word_index,1,0.45233618233618234
P2aIe5,word_length,0,0.4955644023698317
P2aIe5,word_length,1,0.5061596815146862
P2aIe5,word_part_speech,0,0.5017970121567459
P2aIe5,word_part_speech,1,0.5186823015005466
P2aIe11,delta_volume,0,0.5159033677105211
P2aIe11,delta_volume,1,0.46157905185835335
P2aIe11,face_num,0,0.49643689330533003
P2aIe11,face_num,1,0.5093100529763958
P2aIe11,frame_brightness,0,0.5297848552291986
P2aIe11,frame_brightness,1,0.5015412265028265
P2aIe11,global_flow,0,0.5444343437509795
P2aIe11,global_flow,1,0.4849717354732872
P2aIe11,gpt2_surprisal,0,0.5047281694408744
P2aIe11,gpt2_surprisal,1,0.514377814697554
P2aIe11,local_flow,0,0.5051095576941161
P2aIe11,local_flow,1,0.49057239584965984
P2aIe11,onset,0,0.4987408963146401
P2aIe11,onset,1,0.5473914088377585
P2aIe11,pitch,0,0.48531916449850054
P2aIe11,pitch,1,0.47411261924913534
P2aIe11,speech,0,0.5239699904914161
P2aIe11,speech,1,0.5090279301589292
P2aIe11,volume,0,0.517517737166024
P2aIe11,volume,1,0.5091271955947045
P2aIe11,word_gap,0,0.528436935101303
P2aIe11,word_gap,1,0.5195082703781491
P2aIe11,word_head_pos,0,0.5058984566836985
P2aIe11,word_head_pos,1,0.5091324200913242
P2aIe11,word_index,0,0.5212250712250712
P2aIe11,word_index,1,0.4727635327635327
P2aIe11,word_length,0,0.5196284338004034
P2aIe11,word_length,1,0.4762024178970356
P2aIe11,word_part_speech,0,0.4729868495147239
P2aIe11,word_part_speech,1,0.5026292689390175
F3cIc5,delta_volume,0,0.5131239355088137
F3cIc5,delta_volume,1,0.5062850694335601
F3cIc5,face_num,0,0.5028369016645247
F3cIc5,face_num,1,0.5058409872208812
F3cIc5,frame_brightness,0,0.49006300742923425
F3cIc5,frame_brightness,1,0.5061231100383479
F3cIc5,global_flow,0,0.5422975246335016
F3cIc5,global_flow,1,0.5034272697825565
F3cIc5,gpt2_surprisal,0,0.5074971526493423
F3cIc5,gpt2_surprisal,1,0.5184111260880016
F3cIc5,local_flow,0,0.5021263701242386
F3cIc5,local_flow,1,0.4746455179043499
F3cIc5,onset,0,0.48886137320669154
F3cIc5,onset,1,0.5240326844508532
F3cIc5,pitch,0,0.4938925634515114
F3cIc5,pitch,1,0.48317712088440284
F3cIc5,speech,0,0.5161175720719309
F3cIc5,speech,1,0.46189774615215823
F3cIc5,volume,0,0.5301819169722998
F3cIc5,volume,1,0.514544998589386
F3cIc5,word_gap,0,0.5308088565666698
F3cIc5,word_gap,1,0.5139128344983961
F3cIc5,word_head_pos,0,0.516640021733906
F3cIc5,word_head_pos,1,0.4597609270346802
F3cIc5,word_index,0,0.4976068376068376
F3cIc5,word_index,1,0.46592592592592597
F3cIc5,word_length,0,0.5053603335318642
F3cIc5,word_length,1,0.48669320710949504
F3cIc5,word_part_speech,0,0.4818228493822253
F3cIc5,word_part_speech,1,0.5309798270893371
F3bIb1,delta_volume,0,0.4778847058085953
F3bIb1,delta_volume,1,0.4925759903033343
F3bIb1,face_num,0,0.5072045808386362
F3bIb1,face_num,1,0.4795878917066341
F3bIb1,frame_brightness,0,0.4726549846922249
F3bIb1,frame_brightness,1,0.5022151865667742
F3bIb1,global_flow,0,0.5355709852355726
F3bIb1,global_flow,1,0.47808323668014585
F3bIb1,gpt2_surprisal,0,0.49146839701994716
F3bIb1,gpt2_surprisal,1,0.5132806704074063
F3bIb1,local_flow,0,0.532418001525553
F3bIb1,local_flow,1,0.4766203776266157
F3bIb1,onset,0,0.5021681660971966
F3bIb1,onset,1,0.5245446851195887
F3bIb1,pitch,0,0.48629614536639393
F3bIb1,pitch,1,0.4798282185511426
F3bIb1,speech,0,0.507627765064836
F3bIb1,speech,1,0.4955487288799725
F3bIb1,volume,0,0.5128313636981077
F3bIb1,volume,1,0.5113005861885207
F3bIb1,word_gap,0,0.5219428858029529
F3bIb1,word_gap,1,0.49871477383154134
F3bIb1,word_head_pos,0,0.5162534089840444
F3bIb1,word_head_pos,1,0.46256648171948633
F3bIb1,word_index,0,0.5139221272554606
F3bIb1,word_index,1,0.45514719848053187
F3bIb1,word_length,0,0.4995820402704199
F3bIb1,word_length,1,0.5386978464624934
F3bIb1,word_part_speech,0,0.4873381032826526
F3bIb1,word_part_speech,1,0.49990890721786085
F3bIb7,delta_volume,0,0.5378932739830518
F3bIb7,delta_volume,1,0.5263105649770644
F3bIb7,face_num,0,0.4926386842627713
F3bIb7,face_num,1,0.5053080885656667
F3bIb7,frame_brightness,0,0.49087802890191534
F3bIb7,frame_brightness,1,0.5042213932687585
F3bIb7,global_flow,0,0.5274651787300293
F3bIb7,global_flow,1,0.496499587264767
F3bIb7,gpt2_surprisal,0,0.5065044982915896
F3bIb7,gpt2_surprisal,1,0.5128888331609249
F3bIb7,local_flow,0,0.5023980439484655
F3bIb7,local_flow,1,0.509242134520339
F3bIb7,onset,0,0.5024502889146631
F3bIb7,onset,1,0.5157779797916471
F3bIb7,pitch,0,0.5082024596930086
F3bIb7,pitch,1,0.496729465116036
F3bIb7,speech,0,0.4941694617723582
F3bIb7,speech,1,0.4962226889439203
F3bIb7,volume,0,0.515318224089109
F3bIb7,volume,1,0.5038243315256574
F3bIb7,word_gap,0,0.5290743236889126
F3bIb7,word_gap,1,0.4885479034095065
F3bIb7,word_head_pos,0,0.5242782357919814
F3bIb7,word_head_pos,1,0.4591235384470706
F3bIb7,word_index,0,0.5065432098765432
F3bIb7,word_index,1,0.4326495726495727
F3bIb7,word_length,0,0.48019915781114497
F3bIb7,word_length,1,0.4861968799306188
F3bIb7,word_part_speech,0,0.4656994269435888
F3bIb7,word_part_speech,1,0.49824439365331746
F3aOFc3,delta_volume,0,0.49214758158051475
F3aOFc3,delta_volume,1,0.46234182836483706
F3aOFc3,face_num,0,0.48001630042945365
F3aOFc3,face_num,1,0.5019748597222657
F3aOFc3,frame_brightness,0,0.4720959635539116
F3aOFc3,frame_brightness,1,0.4711921256386947
F3aOFc3,global_flow,0,0.5321411032047062
F3aOFc3,global_flow,1,0.5095869512972425
F3aOFc3,gpt2_surprisal,0,0.5108930754521801
F3aOFc3,gpt2_surprisal,1,0.5276637096015799
F3aOFc3,local_flow,0,0.5288235478511646
F3aOFc3,local_flow,1,0.49846399799379326
F3aOFc3,onset,0,0.516869899585175
F3aOFc3,onset,1,0.5121991996071179
F3aOFc3,pitch,0,0.4916094584286804
F3aOFc3,pitch,1,0.4945456255289803
F3aOFc3,speech,0,0.5117603418910588
F3aOFc3,speech,1,0.5153182240891091
F3aOFc3,volume,0,0.48435263262384676
F3aOFc3,volume,1,0.5012068587191624
F3aOFc3,word_gap,0,0.49990073456422474
F3aOFc3,word_gap,1,0.5078262959363866
F3aOFc3,word_head_pos,0,0.5199680260806872
F3aOFc3,word_head_pos,1,0.4817247108241121
F3aOFc3,word_index,0,0.5398195631528965
F3aOFc3,word_index,1,0.4745773979107312
F3aOFc3,word_length,0,0.5065880902375056
F3aOFc3,word_length,1,0.4981035077270305
F3aOFc3,word_part_speech,0,0.4617327503395277
F3aOFc3,word_part_speech,1,0.4892262082215376
F3aOFc9,delta_volume,0,0.501593471469024
F3aOFc9,delta_volume,1,0.5326792263565405
F3aOFc9,face_num,0,0.4805021786150904
F3aOFc9,face_num,1,0.4947650543870098
F3aOFc9,frame_brightness,0,0.4935529711712276
F3aOFc9,frame_brightness,1,0.5113894026310566
F3aOFc9,global_flow,0,0.5419657690981473
F3aOFc9,global_flow,1,0.5064052328558144
F3aOFc9,gpt2_surprisal,0,0.4901178646437416
F3aOFc9,gpt2_surprisal,1,0.5156473673761532
F3aOFc9,local_flow,0,0.5067970701022957
F3aOFc9,local_flow,1,0.48864194434866204
F3aOFc9,onset,0,0.4810611997534037
F3aOFc9,onset,1,0.48622822691033724
F3aOFc9,pitch,0,0.4815000574694628
F3aOFc9,pitch,1,0.4825449567934129
F3aOFc9,speech,0,0.528311547182429
F3aOFc9,speech,1,0.4869335339540035
F3aOFc9,volume,0,0.4948120748565876
F3aOFc9,volume,1,0.5018076758304337
F3aOFc9,word_gap,0,0.4919333772191049
F3aOFc9,word_gap,1,0.5167288381764417
F3aOFc9,word_head_pos,0,0.5062223754741231
F3aOFc9,word_head_pos,1,0.44939552574109487
F3aOFc9,word_index,0,0.4871130104463438
F3aOFc9,word_index,1,0.4750522317188983
F3aOFc9,word_length,0,0.4933544402996771
F3aOFc9,word_length,1,0.5010553483171896
F3aOFc9,word_part_speech,0,0.44454933916327144
F3aOFc9,word_part_speech,1,0.4758935373811653
F3aOFc15,delta_volume,0,0.515443612007983
F3aOFc15,delta_volume,1,0.5288235478511645
F3aOFc15,face_num,0,0.48736716717344286
F3aOFc15,face_num,1,0.5022726560295915
F3aOFc15,frame_brightness,0,0.47921695244663176
F3aOFc15,frame_brightness,1,0.4870327993897788
F3aOFc15,global_flow,0,0.5179565948820831
F3aOFc15,global_flow,1,0.4918602342664284
F3aOFc15,gpt2_surprisal,0,0.5011023687867674
F3aOFc15,gpt2_surprisal,1,0.5140800183902281
F3aOFc15,local_flow,0,0.5050729862177779
F3aOFc15,local_flow,1,0.5101459724355558
F3aOFc15,onset,0,0.5008724909354983
F3aOFc15,onset,1,0.5212845992288644
F3aOFc15,pitch,0,0.48292112055003505
F3aOFc15,pitch,1,0.4726340867057459
F3aOFc15,speech,0,0.5287295069120089
F3aOFc15,speech,1,0.4990752640983041
F3aOFc15,volume,0,0.5257828908184696
F3aOFc15,volume,1,0.49968653020281495
F3aOFc15,word_gap,0,0.5287817518782065
F3aOFc15,word_gap,1,0.4917557443340334
F3aOFc15,word_head_pos,0,0.4990125701388672
F3aOFc15,word_head_pos,1,0.46393529983386106
F3aOFc15,word_index,0,0.5252801519468187
F3aOFc15,word_index,1,0.46690408357075025
F3aOFc15,word_length,0,0.5013061241549377
F3aOFc15,word_length,1,0.5045662100456622
F3aOFc15,word_part_speech,0,0.5041654244923648
F3aOFc15,word_part_speech,1,0.5089022491636026
P2bIg6,delta_volume,0,0.48786871884893895
P2bIg6,delta_volume,1,0.4990543661118252
P2bIg6,face_num,0,0.48569010375850286
P2bIg6,face_num,1,0.48364732558018037
P2bIg6,frame_brightness,0,0.4776705014471856
P2bIg6,frame_brightness,1,0.4761919689037962
P2bIg6,global_flow,0,0.537867151499953
P2bIg6,global_flow,1,0.5039392704512919
P2bIg6,gpt2_surprisal,0,0.48647900274808514
P2bIg6,gpt2_surprisal,1,0.45842345590002403
P2bIg6,local_flow,0,0.48670888059935424
P2bIg6,local_flow,1,0.49282676614108223
P2bIg6,onset,0,0.4887986792472545
P2bIg6,onset,1,0.5230452545897203
P2bIg6,pitch,0,0.4704189001389716
P2bIg6,pitch,1,0.4627179921214591
P2bIg6,speech,0,0.496353301359414
P2bIg6,speech,1,0.4852982665120215
P2bIg6,volume,0,0.528248853222992
P2bIg6,volume,1,0.492372234935164
P2bIg6,word_gap,0,0.5284473840945425
P2bIg6,word_gap,1,0.5534257024335705
P2bIg6,word_head_pos,0,0.5153077750958694
P2bIg6,word_head_pos,1,0.47951997325057727
P2bIg6,word_index,0,0.5180816714150047
P2bIg6,word_index,1,0.4886989553656221
P2bIg6,word_length,0,0.4750791511237893
P2bIg6,word_length,1,0.5001201634222543
P2bIg6,word_part_speech,0,0.47326840902315415
P2bIg6,word_part_speech,1,0.4445659014872967
P2bIg12,delta_volume,0,0.4820904255874947
P2bIg12,delta_volume,1,0.49427917620137296
P2bIg12,face_num,0,0.4828532020939782
P2bIg12,face_num,1,0.4839242239010271
P2bIg12,frame_brightness,0,0.48463475544131324
P2bIg12,frame_brightness,1,0.4964943627681473
P2bIg12,global_flow,0,0.519633658297023
P2bIg12,global_flow,1,0.4995820402704199
P2bIg12,gpt2_surprisal,0,0.5202344754082944
P2bIg12,gpt2_surprisal,1,0.46889857162262416
P2bIg12,local_flow,0,0.4923617859419245
P2bIg12,local_flow,1,0.4923304389622061
P2bIg12,onset,0,0.5031503714617097
P2bIg12,onset,1,0.5215040280868939
P2bIg12,pitch,0,0.4758158051471741
P2bIg12,pitch,1,0.4690971024941747
P2bIg12,speech,0,0.4812597306249543
P2bIg12,speech,1,0.4612864800476474
P2bIg12,volume,0,0.5066873556732808
P2bIg12,volume,1,0.49567411679884643
P2bIg12,word_gap,0,0.5383582541822095
P2bIg12,word_gap,1,0.5351347397678234
P2bIg12,word_head_pos,0,0.4946083194884173
P2bIg12,word_head_pos,1,0.500146285905353
P2bIg12,word_index,0,0.5520037986704653
P2bIg12,word_index,1,0.48607787274453945
P2bIg12,word_length,0,0.5094197674054105
P2bIg12,word_length,1,0.4953658714982812
P2bIg12,word_part_speech,0,0.4899632316406638
P2bIg12,word_part_speech,1,0.49450958958561064
F2e6,delta_volume,0,0.5649718399632195
F2e6,delta_volume,1,0.5323500830694963
F2e6,face_num,0,0.5082024596930086
F2e6,face_num,1,0.5005067761721158
F2e6,frame_brightness,0,0.5079046633856827
F2e6,frame_brightness,1,0.5110236878676739
F2e6,global_flow,0,0.5172565123350366
F2e6,global_flow,1,0.48787916784217844
F2e6,gpt2_surprisal,0,0.4992894684597139
F2e6,gpt2_surprisal,1,0.5040751073634056
F2e6,local_flow,0,0.48247181384073634
F2e6,local_flow,1,0.492560316813475
F2e6,onset,0,0.4933021953334797
F2e6,onset,1,0.547401857830998
F2e6,pitch,0,0.5044146996436893
F2e6,pitch,1,0.4757008662215396
F2e6,speech,0,0.5271778314159431
F2e6,speech,1,0.4955644023698317
F2e6,volume,0,0.46739914109275577
F2e6,volume,1,0.490110027898812
F2e6,word_gap,0,0.5307775095869512
F2e6,word_gap,1,0.493819420498835
F2e6,word_head_pos,0,0.522966887140424
F2e6,word_head_pos,1,0.518964922729695
F2e6,word_index,0,0.5227540360873694
F2e6,word_index,1,0.4888034188034188
F2e6,word_length,0,0.495851749683918
F2e6,word_length,1,0.5335882887683772
F2e6,word_part_speech,0,0.4882738745900825
F2e6,word_part_speech,1,0.5212328994004438
F2c4,delta_volume,0,0.4786422578184592
F2c4,delta_volume,1,0.4625664817194864
F2c4,face_num,0,0.4780048692308496
F2c4,face_num,1,0.4994618768481657
F2c4,frame_brightness,0,0.49416423727573855
F2c4,frame_brightness,1,0.4931245624484081
F2c4,global_flow,0,0.5414616051743415
F2c4,global_flow,1,0.498134854706749
F2c4,gpt2_surprisal,0,0.5164414908623555
F2c4,gpt2_surprisal,1,0.4878216983793611
F2c4,local_flow,0,0.49763330303125297
F2c4,local_flow,1,0.5387814384084093
F2c4,onset,0,0.49670334263293736
F2c4,onset,1,0.5512105158667961
F2c4,pitch,0,0.5203337408440696
F2c4,pitch,1,0.4921841530568529
F2c4,speech,0,0.515255530129672
F2c4,speech,1,0.4826233242427092
F2c4,volume,0,0.48690741147090477
F2c4,volume,1,0.5005537966416936
F2c4,word_gap,0,0.538034335391785
F2c4,word_gap,1,0.5029048201205814
F2c4,word_head_pos,0,0.4888352507235928
F2c4,word_head_pos,1,0.47926397291620954
F2c4,word_index,0,0.5108262108262108
F2c4,word_index,1,0.5470560303893637
F2c4,word_length,0,0.5030511060259344
F2c4,word_length,1,0.5277316280576366
F2c4,word_part_speech,0,0.4830236178740601
F2c4,word_part_speech,1,0.4779886713703667
F2aOFb2,delta_volume,0,0.48974953763204915
F2aOFb2,delta_volume,1,0.5006844090571874
F2aOFb2,face_num,0,0.4794363813046613
F2aOFb2,face_num,1,0.48276961014806224
F2aOFb2,frame_brightness,0,0.4610409287065192
F2aOFb2,frame_brightness,1,0.48416977524215543
F2aOFb2,global_flow,0,0.5351713112441616
F2aOFb2,global_flow,1,0.48535051147821906
F2aOFb2,gpt2_surprisal,0,0.49182366279009015
F2aOFb2,gpt2_surprisal,1,0.47660470413675643
F2aOFb2,local_flow,0,0.5303699988506108
F2aOFb2,local_flow,1,0.48452504101229843
F2aOFb2,onset,0,0.48743508562949955
F2aOFb2,onset,1,0.5081554392234308
F2aOFb2,pitch,0,0.4943627681472891
F2aOFb2,pitch,1,0.4956323208258884
F2aOFb2,speech,0,0.49541811646447864
F2aOFb2,speech,1,0.5040333113904475
F2aOFb2,volume,0,0.5123820569888092
F2aOFb2,volume,1,0.5044355976301683
F2aOFb2,word_gap,0,0.49194382621234445
F2aOFb2,word_gap,1,0.514121814363186
F2aOFb2,word_head_pos,0,0.49078921245937956
F2aOFb2,word_head_pos,1,0.4898435785712047
F2aOFb2,word_index,0,0.4905982905982905
F2aOFb2,word_index,1,0.5026115859449193
F2aOFb2,word_length,0,0.5119797707490883
F2aOFb2,word_length,1,0.5201874549387167
F2aOFb2,word_part_speech,0,0.4867087349696909
F2aOFb2,word_part_speech,1,0.5047865116433138
F2aOFb8,delta_volume,0,0.5369267421083979
F2aOFb8,delta_volume,1,0.5240588069339518
F2aOFb8,face_num,0,0.48172993532073183
F2aOFb8,face_num,1,0.49197517319206285
F2aOFb8,frame_brightness,0,0.5133956093330407
F2aOFb8,frame_brightness,1,0.5282958736925697
F2aOFb8,global_flow,0,0.531979143809494
F2aOFb8,global_flow,1,0.517016185490528
F2aOFb8,gpt2_surprisal,0,0.5000104489932395
F2aOFb8,gpt2_surprisal,1,0.49738775169012467
F2aOFb8,local_flow,0,0.5101929929051336
F2aOFb8,local_flow,1,0.4945665235154593
F2aOFb8,onset,0,0.47699654138323777
F2aOFb8,onset,1,0.47861613533536046
F2aOFb8,pitch,0,0.4928110926512231
F2aOFb8,pitch,1,0.48908080206472104
F2aOFb8,speech,0,0.5331233085692194
F2aOFb8,speech,1,0.5327053488396393
F2aOFb8,volume,0,0.49963428523661746
F2aOFb8,volume,1,0.5025025338808606
F2aOFb8,word_gap,0,0.5101250744490768
F2aOFb8,word_gap,1,0.5011180422766267
F2aOFb8,word_head_pos,0,0.5131134865155742
F2aOFb8,word_head_pos,1,0.5199210056111094
F2aOFb8,word_index,0,0.50332383665717
F2aOFb8,word_index,1,0.47465337132003793
F2aOFb8,word_length,0,0.5138187935592406
F2aOFb8,word_length,1,0.5193306374930775
F2aOFb8,word_part_speech,0,0.5057968134088575
F2aOFb8,word_part_speech,1,0.5001242174301899
F2aOFb14,delta_volume,0,0.5161018985820716
F2aOFb14,delta_volume,1,0.5145972435555835
F2aOFb14,face_num,0,0.4868708399945665
F2aOFb14,face_num,1,0.5047386184341138
F2aOFb14,frame_brightness,0,0.4794468302979008
F2aOFb14,frame_brightness,1,0.5163918581444678
F2aOFb14,global_flow,0,0.5486975329926962
F2aOFb14,global_flow,1,0.47660470413675643
F2aOFb14,gpt2_surprisal,0,0.4978945278622405
F2aOFb14,gpt2_surprisal,1,0.4927327252019268
F2aOFb14,local_flow,0,0.5182204319613806
F2aOFb14,local_flow,1,0.5060813140653899
F2aOFb14,onset,0,0.4865521457007617
F2aOFb14,onset,1,0.496687669143078
F2aOFb14,pitch,0,0.5093361754594945
F2aOFb14,pitch,1,0.509889972101188
F2aOFb14,speech,0,0.53436673876472
F2aOFb14,speech,1,0.5076120915749768
F2aOFb14,volume,0,0.5100937274693583
F2aOFb14,volume,1,0.5077479284870903
F2aOFb14,word_gap,0,0.48104552626354447
F2aOFb14,word_gap,1,0.4997439996656322
F2aOFb14,word_head_pos,0,0.4959457906230735
F2aOFb14,word_head_pos,1,0.4899219460205009
F2aOFb14,word_index,0,0.4871509971509972
F2aOFb14,word_index,1,0.48931623931623924
F2aOFb14,word_length,0,0.4854967973835721
F2aOFb14,word_length,1,0.5213995381544989
F2aOFb14,word_part_speech,0,0.5069064891185531
F2aOFb14,word_part_speech,1,0.49282851369704195
F2dCb4,delta_volume,0,0.5007314295267652
F2dCb4,delta_volume,1,0.49448815606616303
F2dCb4,face_num,0,0.4931872564078451
F2dCb4,face_num,1,0.5153025505992498
F2dCb4,frame_brightness,0,0.5116297294755651
F2dCb4,frame_brightness,1,0.5062328244673626
F2dCb4,global_flow,0,0.5366759662706498
F2dCb4,global_flow,1,0.49739297618674444
F2dCb4,gpt2_surprisal,0,0.48166724136129485
F2dCb4,gpt2_surprisal,1,0.5181603502502534
F2dCb4,local_flow,0,0.5022256355600138
F2dCb4,local_flow,1,0.4741282927389946
F2dCb4,onset,0,0.45409757269887047
F2dCb4,onset,1,0.4726706581820842
F2dCb4,pitch,0,0.5158093267713656
F2dCb4,pitch,1,0.5100101355234423
F2dCb4,speech,0,0.5035578821980502
F2dCb4,speech,1,0.4958778721670166
F2dCb4,volume,0,0.5202083529251956
F2dCb4,volume,1,0.4778847058085954
F2dCb4,word_gap,0,0.5099422170673855
F2dCb4,word_gap,1,0.5281783225186254
F2dCb4,word_head_pos,0,0.49596146411293274
F2dCb4,word_head_pos,1,0.520430394031535
F2dCb4,word_index,0,0.49256410256410255
F2dCb4,word_index,1,0.5043542260208927
F2dCb4,word_length,0,0.49704815940984093
F2dCb4,word_length,1,0.5425326269813904
F2dCb4,word_part_speech,0,0.5227814766968101
F2dCb4,word_part_speech,1,0.502128258637252
F2dCb10,delta_volume,0,0.4839398973908864
F2dCb10,delta_volume,1,0.5099631150538645
F2dCb10,face_num,0,0.513453078795858
F2dCb10,face_num,1,0.5130873640324756
F2dCb10,frame_brightness,0,0.4861341859711817
F2dCb10,frame_brightness,1,0.5099369925707659
F2dCb10,global_flow,0,0.54694210212846
F2dCb10,global_flow,1,0.49955069329070145
F2dCb10,gpt2_surprisal,0,0.48980700709486646
F2dCb10,gpt2_surprisal,1,0.5116819744417626
F2dCb10,local_flow,0,0.5091324200913242
F2dCb10,local_flow,1,0.5019017167695893
F2dCb10,onset,0,0.493735828552919
F2dCb10,onset,1,0.5055327419203159
F2dCb10,pitch,0,0.49777958893660595
F2dCb10,pitch,1,0.48172471082411206
F2dCb10,speech,0,0.5019173902594485
F2dCb10,speech,1,0.5004127352329604
F2dCb10,volume,0,0.5136307116809296
F2dCb10,volume,1,0.4960293825689895
F2dCb10,word_gap,0,0.46064909146003785
F2dCb10,word_gap,1,0.5038922499817143
F2dCb10,word_head_pos,0,0.4853714094646981
F2dCb10,word_head_pos,1,0.4785325433894444
F2dCb10,word_index,0,0.4982336182336182
F2dCb10,word_index,1,0.48564102564102557
F2dCb10,word_length,0,0.49235656144530476
F2dCb10,word_length,1,0.5347324535281026
F2dCb10,word_part_speech,0,0.48944151843386663
F2dCb10,word_part_speech,1,0.487926065785551
F2bCa2,delta_volume,0,0.5195422296061775
F2bCa2,delta_volume,1,0.47144290147644274
F2bCa2,face_num,0,0.49004733393937494
F2bCa2,face_num,1,0.5130089965831792
F2bCa2,frame_brightness,0,0.5044303731335487
F2bCa2,frame_brightness,1,0.5256679518928351
F2bCa2,global_flow,0,0.48969206816923194
F2bCa2,global_flow,1,0.46402934077301655
F2bCa2,gpt2_surprisal,0,0.48889794468302983
F2bCa2,gpt2_surprisal,1,0.4723153924119411
F2bCa2,local_flow,0,0.4909825188343103
F2bCa2,local_flow,1,0.5115905457509169
F2bCa2,onset,0,0.4878478208624599
F2bCa2,onset,1,0.5259761971934004
F2bCa2,pitch,0,0.5163631234130592
F2bCa2,pitch,1,0.5008359194591601
F2bCa2,speech,0,0.5236617451908508
F2bCa2,speech,1,0.5187454938716655
F2bCa2,volume,0,0.5180401868279991
F2bCa2,volume,1,0.5012434301955007
F2bCa2,word_gap,0,0.504482618099746
F2bCa2,word_gap,1,0.5195134948747688
F2bCa2,word_head_pos,0,0.48686039100132705
F2bCa2,word_head_pos,1,0.4979624463182972
F2bCa2,word_index,0,0.4923456790123456
F2bCa2,word_index,1,0.4818423551756886
F2bCa2,word_length,0,0.5028107791814258
F2bCa2,word_length,1,0.5196702297733613
F2bCa2,word_part_speech,0,0.5030640299446818
F2bCa2,word_part_speech,1,0.46843221040776445
F2bCa8,delta_volume,0,0.5128627106778262
F2bCa8,delta_volume,1,0.5449881403926732
F2bCa8,face_num,0,0.49637942384251277
F2bCa8,face_num,1,0.46640126223838335
F2bCa8,frame_brightness,0,0.47806233869366693
F2bCa8,frame_brightness,1,0.5213629666781606
F2bCa8,global_flow,0,0.5191425556147665
F2bCa8,global_flow,1,0.47566951924182105
F2bCa8,gpt2_surprisal,0,0.4719444531519388
F2bCa8,gpt2_surprisal,1,0.49944620335830636
F2bCa8,local_flow,0,0.5116088314890861
F2bCa8,local_flow,1,0.4759516420592876
F2bCa8,onset,0,0.4994566523515459
F2bCa8,onset,1,0.5067918456056759
F2bCa8,pitch,0,0.48760749401795134
F2bCa8,pitch,1,0.496165219481103
F2bCa8,speech,0,0.5100205845166819
F2bCa8,speech,1,0.5246335015621244
F2bCa8,volume,0,0.526843463632279
F2bCa8,volume,1,0.48768063697062786
F2bCa8,word_gap,0,0.47743017460267706
F2bCa8,word_gap,1,0.47830266553817535
F2bCa8,word_head_pos,0,0.5169639405243305
F2bCa8,word_head_pos,1,0.4815836494153788
F2bCa8,word_index,0,0.5384520417853751
F2bCa8,word_index,1,0.5194396961063628
F2bCa8,word_length,0,0.524832032433675
F2bCa8,word_length,1,0.5165616542846097
F2bCa8,word_part_speech,0,0.4614346285070721
F2bCa8,word_part_speech,1,0.4835743151479016
F2bCa14,delta_volume,0,0.4702673897369989
F2bCa14,delta_volume,1,0.486839493014848
F2bCa14,face_num,0,0.49764375202449246
F2bCa14,face_num,1,0.5188186368243419
F2bCa14,frame_brightness,0,0.49130121312811514
F2bCa14,frame_brightness,1,0.49864163087886476
F2bCa14,global_flow,0,0.5217130079516838
F2bCa14,global_flow,1,0.48217924203003043
F2bCa14,gpt2_surprisal,0,0.486693207109495
F2bCa14,gpt2_surprisal,1,0.48850610743654854
F2bCa14,local_flow,0,0.5387187444489723
F2bCa14,local_flow,1,0.5296542428137049
F2bCa14,onset,0,0.4854079809410363
F2bCa14,onset,1,0.5302550599249762
F2bCa14,pitch,0,0.5304849377762453
F2bCa14,pitch,1,0.5050259657482001
F2bCa14,speech,0,0.5120372402119056
F2bCa14,speech,1,0.533421104876545
F2bCa14,volume,0,0.5173610022674315
F2bCa14,volume,1,0.48143736351002575
F2bCa14,word_gap,0,0.5043154342079141
F2bCa14,word_gap,1,0.520641986144635
F2bCa14,word_head_pos,0,0.4930723174822106
F2bCa14,word_head_pos,1,0.4827696101480622
F2bCa14,word_index,0,0.49606837606837606
F2bCa14,word_index,1,0.5318613485280153
F2bCa14,word_length,0,0.4650272196273889
F2bCa14,word_length,1,0.49635852585603374
F2bCa14,word_part_speech,0,0.4959505117758124
F2bCa14,word_part_speech,1,0.43589552486004834
F10Fa4,delta_volume,0,0.497150037093926
F10Fa4,delta_volume,1,0.49190725473600616
F10Fa4,face_num,0,0.47279604610095816
F10Fa4,face_num,1,0.5112587902155628
F10Fa4,frame_brightness,0,0.4678954682716321
F10Fa4,frame_brightness,1,0.4858807978851237
F10Fa4,global_flow,0,0.5253048493777625
F10Fa4,global_flow,1,0.5266188102776297
F10Fa4,gpt2_surprisal,0,0.5277290158093267
F10Fa4,gpt2_surprisal,1,0.5197146379946291
F10Fa4,local_flow,0,0.5235781532449348
F10Fa4,local_flow,1,0.5306677951579365
F10Fa4,onset,0,0.49819232416956627
F10Fa4,onset,1,0.47106151322320094
F10Fa4,pitch,0,0.49885061074365483
F10Fa4,pitch,1,0.5029649018317086
F10Fa4,speech,0,0.5149577338223463
F10Fa4,speech,1,0.5176117781051796
F10Fa4,volume,0,0.5141897328192429
F10Fa4,volume,1,0.5025417176055087
F10Fa4,word_gap,0,0.48599834905906814
F10Fa4,word_gap,1,0.5323814300492147
F10Fa4,word_head_pos,0,0.4978109359163244
F10Fa4,word_head_pos,1,0.5164571643522147
F10Fa4,word_index,0,0.5207882241215575
F10Fa4,word_index,1,0.5252659069325736
F10Fa4,word_length,0,0.5176796965612364
F10Fa4,word_length,1,0.4997779588936606
F10Fa4,word_part_speech,0,0.5127157242704297
F10Fa4,word_part_speech,1,0.45481383947795556
F10Fa14,delta_volume,0,0.5183066361556065
F10Fa14,delta_volume,1,0.4936679100968621
F10Fa14,face_num,0,0.48504226617765384
F10Fa14,face_num,1,0.4861968799306187
F10Fa14,frame_brightness,0,0.48994284400697996
F10Fa14,frame_brightness,1,0.5028786976374827
F10Fa14,global_flow,0,0.5262478710176275
F10Fa14,global_flow,1,0.5334158803799254
F10Fa14,gpt2_surprisal,0,0.5176483495815177
F10Fa14,gpt2_surprisal,1,0.4943679926439088
F10Fa14,local_flow,0,0.5131082620189545
F10Fa14,local_flow,1,0.50439902615383
F10Fa14,onset,0,0.5185312895102556
F10Fa14,onset,1,0.4993678359090101
F10Fa14,pitch,0,0.4879575352914747
F10Fa14,pitch,1,0.4820747520976354
F10Fa14,speech,0,0.465549669289364
F10Fa14,speech,1,0.46493317868823336
F10Fa14,volume,0,0.4967242406194163
F10Fa14,volume,1,0.5020218801918436
F10Fa14,word_gap,0,0.48165156787143565
F10Fa14,word_gap,1,0.5004649801991579
F10Fa14,word_head_pos,0,0.4761710709173171
F10Fa14,word_head_pos,1,0.4735379246209628
F10Fa14,word_index,0,0.5137796771130104
F10Fa14,word_index,1,0.4970655270655271
F10Fa14,word_length,0,0.47962968767959213
F10Fa14,word_length,1,0.5059872731262343
F10Fa14,word_part_speech,0,0.4744526151909636
F10Fa14,word_part_speech,1,0.5229388187750506
T2bH7,delta_volume,0,0.4953919939813799
T2bH7,delta_volume,1,0.5391576021650314
T2bH7,face_num,0,0.48237777290158096
T2bH7,face_num,1,0.4752149880359028
T2bH7,frame_brightness,0,0.506854539565113
T2bH7,frame_brightness,1,0.5017972268371942
T2bH7,global_flow,0,0.5319321233399161
T2bH7,global_flow,1,0.4766151531299959
T2bH7,gpt2_surprisal,0,0.532710573336259
T2bH7,gpt2_surprisal,1,0.5190432901789912
T2bH7,local_flow,0,0.556121542689362
T2bH7,local_flow,1,0.49902824362872633
T2bH7,onset,0,0.5032444124008651
T2bH7,onset,1,0.5005328986552146
T2bH7,pitch,0,0.49479640136672826
T2bH7,pitch,1,0.5049005778293262
T2bH7,speech,0,0.5124134039685276
T2bH7,speech,1,0.4919333772191049
T2bH7,volume,0,0.5307670605937118
T2bH7,volume,1,0.5062119264808835
T2bH7,word_gap,0,0.4937515020427782
T2bH7,word_gap,1,0.5135784667147321
T2bH7,word_head_pos,0,0.5106997690772495
T2bH7,word_head_pos,1,0.4598445189805963
T2bH7,word_index,0,0.4888888888888888
T2bH7,word_index,1,0.4697150997150997
T2bH7,word_length,0,0.49116537621600165
T2bH7,word_length,1,0.44412923314838615
T2bH7,word_part_speech,0,0.47331809599523
T2bH7,word_part_speech,1,0.5166699791314717
T2bH13,delta_volume,0,0.5100832784761189
T2bH13,delta_volume,1,0.47954087123705635
T2bH13,face_num,0,0.5011232667732464
T2bH13,face_num,1,0.49373582855291887
T2bH13,frame_brightness,0,0.4712861665778502
T2bH13,frame_brightness,1,0.4966667711565991
T2bH13,global_flow,0,0.5297430592562407
T2bH13,global_flow,1,0.4953554225050416
T2bH13,gpt2_surprisal,0,0.4861603084542805
T2bH13,gpt2_surprisal,1,0.544909772943377
T2bH13,local_flow,0,0.5243357052547987
T2bH13,local_flow,1,0.49776913994336647
T2bH13,onset,0,0.508886868750196
T2bH13,onset,1,0.4953449735118022
T2bH13,pitch,0,0.4931350114416475
T2bH13,pitch,1,0.49734595571716667
T2bH13,speech,0,0.4990125701388672
T2bH13,speech,1,0.5170318589803873
T2bH13,volume,0,0.49553305539011316
T2bH13,volume,1,0.511065483840632
T2bH13,word_gap,0,0.511358055651338
T2bH13,word_gap,1,0.5295967733508876
T2bH13,word_head_pos,0,0.4952979530422244
T2bH13,word_head_pos,1,0.48687606449118626
T2bH13,word_index,0,0.49921177587844257
T2bH13,word_index,1,0.47207977207977203
T2bH13,word_length,0,0.49931559094281264
T2bH13,word_length,1,0.480491729621851
T2bH13,word_part_speech,0,0.471239524330054
T2bH13,word_part_speech,1,0.5188313624167743
T2aA3,delta_volume,0,0.5131030375223348
T2aA3,delta_volume,1,0.5194925968882897
T2aA3,face_num,0,0.47915425848719473
T2aA3,face_num,1,0.5065671922510266
T2aA3,frame_brightness,0,0.4883389235447164
T2aA3,frame_brightness,1,0.5023614724721273
T2aA3,global_flow,0,0.5315089391137164
T2aA3,global_flow,1,0.49345370573545244
T2aA3,gpt2_surprisal,0,0.4939970533839065
T2aA3,gpt2_surprisal,1,0.5108669529690815
T2aA3,local_flow,0,0.5084480110341368
T2aA3,local_flow,1,0.49182105054178027
T2aA3,onset,0,0.526216524037909
T2aA3,onset,1,0.5138292425524801
T2aA3,pitch,0,0.4659101595561268
T2aA3,pitch,1,0.48473924537370827
T2aA3,speech,0,0.5053498845386247
T2aA3,speech,1,0.48349059068158784
T2aA3,volume,0,0.5036519231372056
T2aA3,volume,1,0.48940472085514564
T2aA3,word_gap,0,0.5239595414981766
T2aA3,word_gap,1,0.5146756110048797
T2aA3,word_head_pos,0,0.5136359361775493
T2aA3,word_head_pos,1,0.5024241664315643
T2aA3,word_index,0,0.5109876543209877
T2aA3,word_index,1,0.5114814814814814
T2aA3,word_length,0,0.49233043896220596
T2aA3,word_length,1,0.5165877767677084
T2aA3,word_part_speech,0,0.4833217397065157
T2aA3,word_part_speech,1,0.4569959256682898
T2aA11,delta_volume,0,0.4988819577233733
T2aA11,delta_volume,1,0.482482262833976
T2aA11,face_num,0,0.49809305873379095
T2aA11,face_num,1,0.4946605644546148
T2aA11,frame_brightness,0,0.4741230682423748
T2aA11,frame_brightness,1,0.4880254537475315
T2aA11,global_flow,0,0.5228310502283104
T2aA11,global_flow,1,0.500167183891832
T2aA11,gpt2_surprisal,0,0.5157518573085483
T2aA11,gpt2_surprisal,1,0.506473151311871
T2aA11,local_flow,0,0.5333322884340094
T2aA11,local_flow,1,0.5008202459693009
T2aA11,onset,0,0.5114573210871133
T2aA11,onset,1,0.5165721032778492
T2aA11,pitch,0,0.4934484812388326
T2aA11,pitch,1,0.4982915896053416
T2aA11,speech,0,0.5046759244746768
T2aA11,speech,1,0.486776799055411
T2aA11,volume,0,0.5220839472116862
T2aA11,volume,1,0.50209502314452
T2aA11,word_gap,0,0.5048169858834102
T2aA11,word_gap,1,0.5082651536524456
T2aA11,word_head_pos,0,0.5082076841896284
T2aA11,word_head_pos,1,0.46743048807247417
T2aA11,word_index,0,0.5411396011396011
T2aA11,word_index,1,0.4653371320037986
T2aA11,word_length,0,0.5003761637566222
T2aA11,word_length,1,0.47434772159702415
T2aA11,word_part_speech,0,0.47196826658716756
T2aA11,word_part_speech,1,0.535551028520322
T1cIf3,delta_volume,0,0.5312581632759683
T1cIf3,delta_volume,1,0.543546179325622
T1cIf3,face_num,0,0.48584683865709544
T1cIf3,face_num,1,0.485204225572866
T1cIf3,frame_brightness,0,0.46251946124990856
T1cIf3,frame_brightness,1,0.5109453204183777
T1cIf3,global_flow,0,0.5455941820005643
T1cIf3,global_flow,1,0.4847705923534268
T1cIf3,gpt2_surprisal,0,0.5275539951725652
T1cIf3,gpt2_surprisal,1,0.5020845741512805
T1cIf3,local_flow,0,0.5128653229261361
T1cIf3,local_flow,1,0.4879993312644327
T1cIf3,onset,0,0.534387636751199
T1cIf3,onset,1,0.5344398817173965
T1cIf3,pitch,0,0.4886053728723237
T1cIf3,pitch,1,0.49481207485658757
T1cIf3,speech,0,0.5490423497695998
T1cIf3,speech,1,0.5024163296866347
T1cIf3,volume,0,0.5029100446172011
T1cIf3,volume,1,0.49157811144896185
T1cIf3,word_gap,0,0.5185417385034952
T1cIf3,word_gap,1,0.551006760498626
T1cIf3,word_head_pos,0,0.5098638496180893
T1cIf3,word_head_pos,1,0.4884225154906325
T1cIf3,word_index,0,0.574596391263058
T1cIf3,word_index,1,0.5016429249762584
T1cIf3,word_length,0,0.513787446579522
T1cIf3,word_length,1,0.47411261924913534
T1cIf3,word_part_speech,0,0.5397661399847626
T1cIf3,word_part_speech,1,0.5046705753751366
T1cIf9,delta_volume,0,0.5872490935498365
T1cIf9,delta_volume,1,0.5492408806411503
T1cIf9,face_num,0,0.49057500809796983
T1cIf9,face_num,1,0.47720552124802773
T1cIf9,frame_brightness,0,0.48675590106893196
T1cIf9,frame_brightness,1,0.5031660449515689
T1cIf9,global_flow,0,0.5312477142827289
T1cIf9,global_flow,1,0.48916439401063705
T1cIf9,gpt2_surprisal,0,0.5318851028703384
T1cIf9,gpt2_surprisal,1,0.5207412515804102
T1cIf9,local_flow,0,0.5079151123789223
T1cIf9,local_flow,1,0.4689717145753006
T1cIf9,onset,0,0.6047511572260013
T1cIf9,onset,1,0.5978548216879304
T1cIf9,pitch,0,0.49717877182533465
T1cIf9,pitch,1,0.47312518938800247
T1cIf9,speech,0,0.5232960304274683
T1cIf9,speech,1,0.4868551665047073
T1cIf9,volume,0,0.5154749589877015
T1cIf9,volume,1,0.5051252311839755
T1cIf9,word_gap,0,0.5545019487372391
T1cIf9,word_gap,1,0.5088607462670971
T1cIf9,word_head_pos,0,0.5168437771020762
T1cIf9,word_head_pos,1,0.48954578226387885
T1cIf9,word_index,0,0.6094681861348528
T1cIf9,word_index,1,0.5888224121557455
T1cIf9,word_length,0,0.5010240013374712
T1cIf9,word_length,1,0.5160026331462964
T1cIf9,word_part_speech,0,0.5253403557587201
T1cIf9,word_part_speech,1,0.5437659412368744
T1bId3,delta_volume,0,0.5543922343082244
T1bId3,delta_volume,1,0.5805147174069778
T1bId3,face_num,0,0.47444176253617965
T1bId3,face_num,1,0.48522512355934505
T1bId3,frame_brightness,0,0.49261778627629227
T1bId3,frame_brightness,1,0.48344357021201007
T1bId3,global_flow,0,0.5236617451908508
T1bId3,global_flow,1,0.4799745044564956
T1bId3,gpt2_surprisal,0,0.5096757677397783
T1bId3,gpt2_surprisal,1,0.5317388169649855
T1bId3,local_flow,0,0.5287922008714461
T1bId3,local_flow,1,0.5469473266250796
T1bId3,onset,0,0.5601182826034712
T1bId3,onset,1,0.5682319258539439
T1bId3,pitch,0,0.492623010772912
T1bId3,pitch,1,0.5119431992727501
T1bId3,speech,0,0.5372558853954421
T1bId3,speech,1,0.512277567056414
T1bId3,volume,0,0.5478877360166349
T1bId3,volume,1,0.5195709643375861
T1bId3,word_gap,0,0.5466077343447959
T1bId3,word_gap,1,0.5340271464844362
T1bId3,word_head_pos,0,0.5096235227735808
T1bId3,word_head_pos,1,0.4774562970857758
T1bId3,word_index,0,0.5542165242165242
T1bId3,word_index,1,0.5183285849952517
T1bId3,word_length,0,0.5043624546774919
T1bId3,word_length,1,0.5260493401460768
T1bId3,word_part_speech,0,0.5332074596707409
T1bId3,word_part_speech,1,0.5238083407863792
T1bId9,delta_volume,0,0.5034951882386133
T1bId9,delta_volume,1,0.46874706122065135
T1bId9,face_num,0,0.47985434103424135
T1bId9,face_num,1,0.5084741335172356
T1bId9,frame_brightness,0,0.49597713760279194
T1bId9,frame_brightness,1,0.5080875207673741
T1bId9,global_flow,0,0.536715149995298
T1bId9,global_flow,1,0.49556179012152185
T1bId9,gpt2_surprisal,0,0.5137717730896628
T1bId9,gpt2_surprisal,1,0.49612603575645486
T1bId9,local_flow,0,0.5047804144070719
T1bId9,local_flow,1,0.48989582353740213
T1bId9,onset,0,0.48210609907735386
T1bId9,onset,1,0.5043415566910128
T1bId9,pitch,0,0.5128940576575447
T1bId9,pitch,1,0.4995924892636594
T1bId9,speech,0,0.5056372318527109
T1bId9,speech,1,0.5087405828448429
T1bId9,volume,0,0.4927745211748848
T1bId9,volume,1,0.47740927661619803
T1bId9,word_gap,0,0.51571528583221
T1bId9,word_gap,1,0.5257619928319908
T1bId9,word_head_pos,0,0.516010469891226
T1bId9,word_head_pos,1,0.5090331546555489
T1bId9,word_index,0,0.5094491927825262
T1bId9,word_index,1,0.47978157644824315
T1bId9,word_length,0,0.5236434594526816
T1bId9,word_length,1,0.508758868583012
T1bId9,word_part_speech,0,0.5400891053032562
T1bId9,word_part_speech,1,0.5201646295008115
T1aIa6,delta_volume,0,0.618340072933973
T1aIa6,delta_volume,1,0.5731325036832702
T1aIa6,face_num,0,0.4856953282551226
T1aIa6,face_num,1,0.49897599866252895
T1aIa6,frame_brightness,0,0.4958857089119464
T1aIa6,frame_brightness,1,0.5168960220682738
T1aIa6,global_flow,0,0.5328046142754145
T1aIa6,global_flow,1,0.5174707166964463
T1aIa6,gpt2_surprisal,0,0.5153913670417856
T1aIa6,gpt2_surprisal,1,0.5326635528666812
T1aIa6,local_flow,0,0.5256366049131167
T1aIa6,local_flow,1,0.5060238446025725
T1aIa6,onset,0,0.5828918633689644
T1aIa6,onset,1,0.5982571079276512
T1aIa6,pitch,0,0.5284682820810215
T1aIa6,pitch,1,0.4933283178165784
T1aIa6,speech,0,0.5311797958266721
T1aIa6,speech,1,0.5173453287775722
T1aIa6,volume,0,0.5147069579845982
T1aIa6,volume,1,0.48811949468668697
T1aIa6,word_gap,0,0.5230818260660586
T1aIa6,word_gap,1,0.5445806296563326
T1aIa6,word_head_pos,0,0.5099056455910473
T1aIa6,word_head_pos,1,0.48131197559115185
T1aIa6,word_index,0,0.5870180436847103
T1aIa6,word_index,1,0.5213200379867047
T1aIa6,word_length,0,0.5178050844801104
T1aIa6,word_length,1,0.5301401209993417
T1aIa6,word_part_speech,0,0.4605154195236676
T1aIa6,word_part_speech,1,0.4936235052502568
P2cCc2,delta_volume,0,0.49226513275445916
P2cCc2,delta_volume,1,0.4956323208258885
P2cCc2,face_num,0,0.4771637252750698
P2cCc2,face_num,1,0.4668975894172596
P2cCc2,frame_brightness,0,0.46527799546513693
P2cCc2,frame_brightness,1,0.4832711618235583
P2cCc2,global_flow,0,0.5314462451542794
P2cCc2,global_flow,1,0.4983882427928069
P2cCc2,gpt2_surprisal,0,0.5178991254192659
P2cCc2,gpt2_surprisal,1,0.5175490841457425
P2cCc2,local_flow,0,0.5490815334942478
P2cCc2,local_flow,1,0.4783549105043729
P2cCc2,onset,0,0.48663834989498767
P2cCc2,onset,1,0.49723101679153214
P2cCc2,pitch,0,0.4828061816244005
P2cCc2,pitch,1,0.49666677115659913
P2cCc2,speech,0,0.5059036811803183
P2cCc2,speech,1,0.48849043394668923
P2cCc2,volume,0,0.5185730854832137
P2cCc2,volume,1,0.5020480026749423
P2cCc2,word_gap,0,0.5163892458961579
P2cCc2,word_gap,1,0.5093518489493538
P2cCc2,word_head_pos,0,0.505825313731022
P2cCc2,word_head_pos,1,0.46356436057385864
P2cCc2,word_index,0,0.5394207027540361
P2cCc2,word_index,1,0.44783475783475785
P2cCc2,word_length,0,0.4869152482158344
P2cCc2,word_length,1,0.4916094584286804
P2cCc2,word_part_speech,0,0.46476365563615885
P2cCc2,word_part_speech,1,0.5258041008314286
P2cCc9,delta_volume,0,0.48996112974514905
P2cCc9,delta_volume,1,0.48902855709852355
P2cCc9,face_num,0,0.49213190809065543
P2cCc9,face_num,1,0.4822340992445378
P2cCc9,frame_brightness,0,0.47135408503390697
P2cCc9,frame_brightness,1,0.49553827988673294
P2cCc9,global_flow,0,0.5423785043311077
P2cCc9,global_flow,1,0.4958099537109599
P2cCc9,gpt2_surprisal,0,0.5182752891758879
P2cCc9,gpt2_surprisal,1,0.5144091616772725
P2cCc9,local_flow,0,0.5299703248591999
P2cCc9,local_flow,1,0.5144039371806527
P2cCc9,onset,0,0.4770775210808439
P2cCc9,onset,1,0.5248372569302947
P2cCc9,pitch,0,0.4938821144582719
P2cCc9,pitch,1,0.499728326175773
P2cCc9,speech,0,0.4875865960314724
P2cCc9,speech,1,0.5062850694335601
P2cCc9,volume,0,0.5156055714031953
P2cCc9,volume,1,0.5188186368243419
P2cCc9,word_gap,0,0.5090070321724502
P2cCc9,word_gap,1,0.47371294525772434
P2cCc9,word_head_pos,0,0.5105691566617557
P2cCc9,word_head_pos,1,0.4524048357940713
P2cCc9,word_index,0,0.5286609686609687
P2cCc9,word_index,1,0.4232003798670465
P2cCc9,word_length,0,0.49157288695234214
P2cCc9,word_length,1,0.47559115179252476
P2cCc9,word_part_speech,0,0.4709124184305542
P2cCc9,word_part_speech,1,0.4882159064559939
P2cCc15,delta_volume,0,0.5010553483171896
P2cCc15,delta_volume,1,0.5055849868865134
P2cCc15,face_num,0,0.5371200484833286
P2cCc15,face_num,1,0.496269709413498
P2cCc15,frame_brightness,0,0.4755545803161866
P2cCc15,frame_brightness,1,0.48333385578299537
P2cCc15,global_flow,0,0.5424176880557559
P2cCc15,global_flow,1,0.5180506358212386
P2cCc15,gpt2_surprisal,0,0.5125440163840214
P2cCc15,gpt2_surprisal,1,0.5194978213849095
P2cCc15,local_flow,0,0.4995924892636595
P2cCc15,local_flow,1,0.4729318830130717
P2cCc15,onset,0,0.4780205427207089
P2cCc15,onset,1,0.5248686039100132
P2cCc15,pitch,0,0.5025234318673396
P2cCc15,pitch,1,0.49135345809431263
P2cCc15,speech,0,0.464144279698651
P2cCc15,speech,1,0.49587264767039696
P2cCc15,volume,0,0.5114991170600712
P2cCc15,volume,1,0.5178677784395473
P2cCc15,word_gap,0,0.5211487623167508
P2cCc15,word_gap,1,0.5400353175971495
P2cCc15,word_head_pos,0,0.503395922802838
P2cCc15,word_head_pos,1,0.4807059339832607
P2cCc15,word_index,0,0.5187749287749288
P2cCc15,word_index,1,0.47022792022792026
P2cCc15,word_length,0,0.49727803726110986
P2cCc15,word_length,1,0.4950001567348986
P2cCc15,word_part_speech,0,0.47737586538143034
P2cCc15,word_part_speech,1,0.5221024214117724
P2aIe6,delta_volume,0,0.5102504623679509
P2aIe6,delta_volume,1,0.4875291265686551
P2aIe6,face_num,0,0.49199607117854194
P2aIe6,face_num,1,0.5109662184048567
P2aIe6,frame_brightness,0,0.5094406653918895
P2aIe6,frame_brightness,1,0.5279144854393278
P2aIe6,global_flow,0,0.5292780790570828
P2aIe6,global_flow,1,0.5074240096966657
P2aIe6,gpt2_surprisal,0,0.5145502230860056
P2aIe6,gpt2_surprisal,1,0.5216398649990074
P2aIe6,local_flow,0,0.5240326844508532
P2aIe6,local_flow,1,0.4998223671149285
P2aIe6,onset,0,0.5018285738169127
P2aIe6,onset,1,0.5220160287556294
P2aIe6,pitch,0,0.4951882386132096
P2aIe6,pitch,1,0.488203086632603
P2aIe6,speech,0,0.5145867945623439
P2aIe6,speech,1,0.484723571883849
P2aIe6,volume,0,0.5220003552657702
P2aIe6,volume,1,0.4856901037585029
P2aIe6,word_gap,0,0.5139337324848752
P2aIe6,word_gap,1,0.5371200484833287
P2aIe6,word_head_pos,0,0.48942039434500484
P2aIe6,word_head_pos,1,0.47662560212323546
P2aIe6,word_index,0,0.532022792022792
P2aIe6,word_index,1,0.44475783475783476
P2aIe6,word_length,0,0.4726131887192669
P2aIe6,word_length,1,0.5095033593513264
P2aIe6,word_part_speech,0,0.5156928020139786
P2aIe6,word_part_speech,1,0.5192040147073437
P2aIe12,delta_volume,0,0.5020166556952238
P2aIe12,delta_volume,1,0.4595362736800309
P2aIe12,face_num,0,0.5026383707929741
P2aIe12,face_num,1,0.5137560995998035
P2aIe12,frame_brightness,0,0.5139441814781146
P2aIe12,frame_brightness,1,0.49949844832450396
P2aIe12,global_flow,0,0.5425247902364607
P2aIe12,global_flow,1,0.48874120978443736
P2aIe12,gpt2_surprisal,0,0.5006164906011306
P2aIe12,gpt2_surprisal,1,0.49575248424814267
P2aIe12,local_flow,0,0.5073926627169472
P2aIe12,local_flow,1,0.49201696916502097
P2aIe12,onset,0,0.5093988694189314
P2aIe12,onset,1,0.5473548373614203
P2aIe12,pitch,0,0.49076831447290054
P2aIe12,pitch,1,0.47670919406915147
P2aIe12,speech,0,0.5126485063164165
P2aIe12,speech,1,0.5172930838113748
P2aIe12,volume,0,0.5018808187831103
P2aIe12,volume,1,0.49008912991233294
P2aIe12,word_gap,0,0.5241319498866284
P2aIe12,word_gap,1,0.5087562563347021
P2aIe12,word_head_pos,0,0.5152398566398128
P2aIe12,word_head_pos,1,0.4974661191394209
P2aIe12,word_index,0,0.5227207977207977
P2aIe12,word_index,1,0.45146248812915474
P2aIe12,word_length,0,0.5116636887035934
P2aIe12,word_length,1,0.5140120999341714
P2aIe12,word_part_speech,0,0.4973334658319255
P2aIe12,word_part_speech,1,0.5003229653184935
F3cIc6,delta_volume,0,0.5085107049935739
F3cIc6,delta_volume,1,0.4773100111804227
F3cIc6,face_num,0,0.49536587149828115
F3cIc6,face_num,1,0.507711357010752
F3cIc6,frame_brightness,0,0.5027898811949469
F3cIc6,frame_brightness,1,0.5085577254631517
F3cIc6,global_flow,0,0.5202710468846327
F3cIc6,global_flow,1,0.4919281527224852
F3cIc6,gpt2_surprisal,0,0.524706644514801
F3cIc6,gpt2_surprisal,1,0.5265665653114322
F3cIc6,local_flow,0,0.5004806536890171
F3cIc6,local_flow,1,0.47622854038013435
F3cIc6,onset,0,0.51906941266209
F3cIc6,onset,1,0.5324127770289333
F3cIc6,pitch,0,0.4947180339174321
F3cIc6,pitch,1,0.475126171593367
F3cIc6,speech,0,0.5085525009665319
F3cIc6,speech,1,0.4705651860443246
F3cIc6,volume,0,0.5143673657043144
F3cIc6,volume,1,0.5076800100310335
F3cIc6,word_gap,0,0.509325726466255
F3cIc6,word_gap,1,0.5074292341932856
F3cIc6,word_head_pos,0,0.47913858499733547
F3cIc6,word_head_pos,1,0.511504341556691
F3cIc6,word_index,0,0.5197150997150997
F3cIc6,word_index,1,0.5016714150047483
F3cIc6,word_length,0,0.48887704669655085
F3cIc6,word_length,1,0.4739611088471626
F3cIc6,word_part_speech,0,0.4745188644870648
F3cIc6,word_part_speech,1,0.5190218291430654
F3bIb2,delta_volume,0,0.4794468302979008
F3bIb2,delta_volume,1,0.4994044073853484
F3bIb2,face_num,0,0.4906168040709278
F3bIb2,face_num,1,0.5078315204330063
F3bIb2,frame_brightness,0,0.5198060666854748
F3bIb2,frame_brightness,1,0.5112953616919009
F3bIb2,global_flow,0,0.5178181457216597
F3bIb2,global_flow,1,0.47356404710406147
F3bIb2,gpt2_surprisal,0,0.5141531613429047
F3bIb2,gpt2_surprisal,1,0.5086883378786454
F3bIb2,local_flow,0,0.5123298120226116
F3bIb2,local_flow,1,0.47868927828803687
F3bIb2,onset,0,0.4984013040343563
F3bIb2,onset,1,0.5151771626803758
F3bIb2,pitch,0,0.44766621735995743
F3bIb2,pitch,1,0.4732662507967358
F3bIb2,speech,0,0.508547276469912
F3bIb2,speech,1,0.5121260566544413
F3bIb2,volume,0,0.4953031775388441
F3bIb2,volume,1,0.51278434322853
F3bIb2,word_gap,0,0.5235102347888781
F3bIb2,word_gap,1,0.5068440905718734
F3bIb2,word_head_pos,0,0.5118021378640168
F3bIb2,word_head_pos,1,0.5162952049570024
F3bIb2,word_index,0,0.49606837606837606
F3bIb2,word_index,1,0.4445204178537512
F3bIb2,word_length,0,0.49126464165177686
F3bIb2,word_length,1,0.5057835177580641
F3bIb2,word_part_speech,0,0.5165623240253072
F3bIb2,word_part_speech,1,0.5060204047831992
F3bIb8,delta_volume,0,0.5221414166745034
F3bIb8,delta_volume,1,0.5277577505407354
F3bIb8,face_num,0,0.4808365463987545
F3bIb8,face_num,1,0.5087144603617442
F3bIb8,frame_brightness,0,0.49146839701994716
F3bIb8,frame_brightness,1,0.5106840955873901
F3bIb8,global_flow,0,0.5259161154822732
F3bIb8,global_flow,1,0.48241956887453896
F3bIb8,gpt2_surprisal,0,0.5006426130842293
F3bIb8,gpt2_surprisal,1,0.5267337492032643
F3bIb8,local_flow,0,0.5280973428210192
F3bIb8,local_flow,1,0.498302038598581
F3bIb8,onset,0,0.5192156985674431
F3bIb8,onset,1,0.525020114311986
F3bIb8,pitch,0,0.5024502889146631
F3bIb8,pitch,1,0.498072160747312
F3bIb8,speech,0,0.4915833359455816
F3bIb8,speech,1,0.49571591277180443
F3bIb8,volume,0,0.5086360929124478
F3bIb8,volume,1,0.501008327847612
F3bIb8,word_gap,0,0.5117394439045798
F3bIb8,word_gap,1,0.5254328495449463
F3bIb8,word_head_pos,0,0.48104030176692475
F3bIb8,word_head_pos,1,0.47401857830997984
F3bIb8,word_index,0,0.5471509971509971
F3bIb8,word_index,1,0.49349477682811016
F3bIb8,word_length,0,0.48639018630554953
F3bIb8,word_length,1,0.48882480173035336
F3bIb8,word_part_speech,0,0.4786594454933917
F3bIb8,word_part_speech,1,0.5215393023949121
F3aOFc4,delta_volume,0,0.5196963522564602
F3aOFc4,delta_volume,1,0.4933596647962969
F3aOFc4,face_num,0,0.49012047689205146
F3aOFc4,face_num,1,0.5048326593732694
F3aOFc4,frame_brightness,0,0.47032485919981604
F3aOFc4,frame_brightness,1,0.48095148532438897
F3aOFc4,global_flow,0,0.53499890285571
F3aOFc4,global_flow,1,0.5025547788470581
F3aOFc4,gpt2_surprisal,0,0.49594579062307353
F3aOFc4,gpt2_surprisal,1,0.5126641798062758
F3aOFc4,local_flow,0,0.5308088565666699
F3aOFc4,local_flow,1,0.5200777405097019
F3aOFc4,onset,0,0.49489044230588386
F3aOFc4,onset,1,0.5093936449223118
F3aOFc4,pitch,0,0.5007209805335255
F3aOFc4,pitch,1,0.4943157476777113
F3aOFc4,speech,0,0.48005809640241165
F3aOFc4,speech,1,0.5094667878749883
F3aOFc4,volume,0,0.510647524111052
F3aOFc4,volume,1,0.5108512794792222
F3aOFc4,word_gap,0,0.490047333939375
F3aOFc4,word_gap,1,0.5103131563273879
F3aOFc4,word_head_pos,0,0.518481656792368
F3aOFc4,word_head_pos,1,0.49039215071627856
F3aOFc4,word_index,0,0.5194871794871795
F3aOFc4,word_index,1,0.4784995251661919
F3aOFc4,word_length,0,0.4775398890316918
F3aOFc4,word_length,1,0.5030720040124135
F3aOFc4,word_part_speech,0,0.5100036437112856
F3aOFc4,word_part_speech,1,0.4927042962668522
F3aOFc10,delta_volume,0,0.5153443465722077
F3aOFc10,delta_volume,1,0.48143213901340604
F3aOFc10,face_num,0,0.4615686028651139
F3aOFc10,face_num,1,0.5140486714105096
F3aOFc10,frame_brightness,0,0.4891225980376791
F3aOFc10,frame_brightness,1,0.5097802576721733
F3aOFc10,global_flow,0,0.5342753100738744
F3aOFc10,global_flow,1,0.5023562479755075
F3aOFc10,gpt2_surprisal,0,0.5169639405243305
F3aOFc10,gpt2_surprisal,1,0.5148062234203734
F3aOFc10,local_flow,0,0.5331755535354169
F3aOFc10,local_flow,1,0.5026801667659321
F3aOFc10,onset,0,0.4958674231737772
F3aOFc10,onset,1,0.4820016091449588
F3aOFc10,pitch,0,0.48274348766496344
F3aOFc10,pitch,1,0.4928058681546033
F3aOFc10,speech,0,0.5170109609939082
F3aOFc10,speech,1,0.484619081951454
F3aOFc10,volume,0,0.5084793580138554
F3aOFc10,volume,1,0.5102818093476693
F3aOFc10,word_gap,0,0.48753957556189464
F3aOFc10,word_gap,1,0.5356833119128972
F3aOFc10,word_head_pos,0,0.49033206900515136
F3aOFc10,word_head_pos,1,0.46406852449766467
F3aOFc10,word_index,0,0.48
F3aOFc10,word_index,1,0.4369040835707502
F3aOFc10,word_length,0,0.4920221936616407
F3aOFc10,word_length,1,0.48670365610273447
F3aOFc10,word_part_speech,0,0.47658087382821557
F3aOFc10,word_part_speech,1,0.4952134883566862
F3aOFc16,delta_volume,0,0.4912385191686781
F3aOFc16,delta_volume,1,0.49295737855657606
F3aOFc16,face_num,0,0.49693844498082607
F3aOFc16,face_num,1,0.518923126756737
F3aOFc16,frame_brightness,0,0.47373123099589354
F3aOFc16,frame_brightness,1,0.49634807686279425
F3aOFc16,global_flow,0,0.5187089223953273
F3aOFc16,global_flow,1,0.4955696268664514
F3aOFc16,gpt2_surprisal,0,0.4760587442399924
F3aOFc16,gpt2_surprisal,1,0.49757060907181594
F3aOFc16,local_flow,0,0.49424782922165444
F3aOFc16,local_flow,1,0.49145794802670767
F3aOFc16,onset,0,0.4993573869157707
F3aOFc16,onset,1,0.5205949656750571
F3aOFc16,pitch,0,0.48948308830444187
F3aOFc16,pitch,1,0.48950398629092085
F3aOFc16,speech,0,0.5288705683207423
F3aOFc16,speech,1,0.49240880641150225
F3aOFc16,volume,0,0.5046498019915782
F3aOFc16,volume,1,0.4759986625288653
F3aOFc16,word_gap,0,0.5237401126401471
F3aOFc16,word_gap,1,0.5221988861373208
F3aOFc16,word_head_pos,0,0.5055170684304566
F3aOFc16,word_head_pos,1,0.5256992988725537
F3aOFc16,word_index,0,0.5026970560303893
F3aOFc16,word_index,1,0.4452896486229819
F3aOFc16,word_length,0,0.5180872072975768
F3aOFc16,word_length,1,0.5307566116004723
F3aOFc16,word_part_speech,0,0.502343568849581
F3aOFc16,word_part_speech,1,0.5020371658551128
P2bIg7,delta_volume,0,0.48004764740917216
P2bIg7,delta_volume,1,0.4630157884287849
P2bIg7,face_num,0,0.46331358473611073
P2bIg7,face_num,1,0.4766308266198551
P2bIg7,frame_brightness,0,0.48369957054637785
P2bIg7,frame_brightness,1,0.48142691451678626
P2bIg7,global_flow,0,0.5244036237108554
P2bIg7,global_flow,1,0.5249992163255071
P2bIg7,gpt2_surprisal,0,0.4821217725672131
P2bIg7,gpt2_surprisal,1,0.4869544319404825
P2bIg7,local_flow,0,0.4783601350009927
P2bIg7,local_flow,1,0.5096026247871017
P2bIg7,onset,0,0.5185939834696927
P2bIg7,onset,1,0.524811134447196
P2bIg7,pitch,0,0.4861707574475199
P2bIg7,pitch,1,0.4538467968611225
P2bIg7,speech,0,0.48973908863880966
P2bIg7,speech,1,0.48706414636949724
P2bIg7,volume,0,0.511128177800069
P2bIg7,volume,1,0.515360020062067
P2bIg7,word_gap,0,0.4957577087447625
P2bIg7,word_gap,1,0.49851101846337104
P2bIg7,word_head_pos,0,0.5073613157372288
P2bIg7,word_head_pos,1,0.4850109191979353
P2bIg7,word_index,0,0.47806267806267805
P2bIg7,word_index,1,0.4842165242165241
P2bIg7,word_length,0,0.47706445983929446
P2bIg7,word_length,1,0.5143725902009341
P2bIg7,word_part_speech,0,0.5057222829507436
P2bIg7,word_part_speech,1,0.49835204875948186
F2e1,delta_volume,0,0.5100101355234423
F2e1,delta_volume,1,0.4802984232469201
F2e1,face_num,0,0.47849597191310617
F2e1,face_num,1,0.510098951965978
F2e1,frame_brightness,0,0.4892218634734543
F2e1,frame_brightness,1,0.5313678777049831
F2e1,global_flow,0,0.5221361921778837
F2e1,global_flow,1,0.4872470037511885
F2e1,gpt2_surprisal,0,0.5131866294682508
F2e1,gpt2_surprisal,1,0.47211686154039056
F2e1,local_flow,0,0.4804760561319917
F2e1,local_flow,1,0.49137435608079166
F2e1,onset,0,0.48757092254161305
F2e1,onset,1,0.5104385442462619
F2e1,pitch,0,0.5032757593805837
F2e1,pitch,1,0.47812503265310385
F2e1,speech,0,0.45622394282310896
F2e1,speech,1,0.48484373530610325
F2e1,volume,0,0.49460831948841727
F2e1,volume,1,0.5088816442535762
F2e1,word_gap,0,0.4965257097478658
F2e1,word_gap,1,0.5080613982842753
F2e1,word_head_pos,0,0.5111072798135899
F2e1,word_head_pos,1,0.541367564235186
F2e1,word_index,0,0.5146723646723647
F2e1,word_index,1,0.5176353276353276
F2e1,word_length,0,0.5471301840067709
F2e1,word_length,1,0.5260388911528374
F2e1,word_part_speech,0,0.5016396700785054
F2e1,word_part_speech,1,0.5017721686707078
F2e7,delta_volume,0,0.5683207422964798
F2e7,delta_volume,1,0.5438126286532292
F2e7,face_num,0,0.5162429599908049
F2e7,face_num,1,0.5105116871989384
F2e7,frame_brightness,0,0.5007888989895823
F2e7,frame_brightness,1,0.5071836828521572
F2e7,global_flow,0,0.522590723383802
F2e7,global_flow,1,0.48869418931485953
F2e7,gpt2_surprisal,0,0.503646698640586
F2e7,gpt2_surprisal,1,0.5088241747907589
F2e7,local_flow,0,0.5064522533253921
F2e7,local_flow,1,0.48830757656499796
F2e7,onset,0,0.5209763539282991
F2e7,onset,1,0.5483370427259333
F2e7,pitch,0,0.513662058660648
F2e7,pitch,1,0.5063268654065181
F2e7,speech,0,0.519153004608006
F2e7,speech,1,0.5106370751178124
F2e7,volume,0,0.47888258466296774
F2e7,volume,1,0.4654713018400677
F2e7,word_gap,0,0.5416705850391315
F2e7,word_gap,1,0.5187193713885667
F2e7,word_head_pos,0,0.5181185542772954
F2e7,word_head_pos,1,0.5263366874601633
F2e7,word_index,0,0.5611490978157645
F2e7,word_index,1,0.5066856600189933
F2e7,word_length,0,0.4942060332486965
F2e7,word_length,1,0.5202867203744919
F2e7,word_part_speech,0,0.4616002517473252
F2e7,word_part_speech,1,0.4956109841332936
F2c5,delta_volume,0,0.5186253304494112
F2c5,delta_volume,1,0.5137508751031838
F2c5,face_num,0,0.4798543410342414
F2c5,face_num,1,0.49843265101407486
F2c5,frame_brightness,0,0.4854811238937129
F2c5,frame_brightness,1,0.5088346237839985
F2c5,global_flow,0,0.5498416977524215
F2c5,global_flow,1,0.5299311411345516
F2c5,gpt2_surprisal,0,0.5166818177068639
F2c5,gpt2_surprisal,1,0.49145272353008784
F2c5,local_flow,0,0.5281809347669353
F2c5,local_flow,1,0.5165146338150319
F2c5,onset,0,0.5071079276511707
F2c5,onset,1,0.5606825282384043
F2c5,pitch,0,0.5210129254046373
F2c5,pitch,1,0.48508928664723155
F2c5,speech,0,0.5263889324263608
F2c5,speech,1,0.494007502377146
F2c5,volume,0,0.4734020877088493
F2c5,volume,1,0.5071366623825795
F2c5,word_gap,0,0.5420728712788523
F2c5,word_gap,1,0.5060081711127132
F2c5,word_head_pos,0,0.5017449818709967
F2c5,word_head_pos,1,0.4794050343249428
F2c5,word_index,0,0.5372459639126306
F2c5,word_index,1,0.5161063627730295
F2c5,word_length,0,0.49902824362872633
F2c5,word_length,1,0.5094981348547067
F2c5,word_part_speech,0,0.5251581701944417
F2c5,word_part_speech,1,0.5236509987081387
F2aOFb3,delta_volume,0,0.5237401126401471
F2aOFb3,delta_volume,1,0.519299290513359
F2aOFb3,face_num,0,0.5088816442535762
F2aOFb3,face_num,1,0.5107363405535876
F2aOFb3,frame_brightness,0,0.4848176128230045
F2aOFb3,frame_brightness,1,0.5107781365265457
F2aOFb3,global_flow,0,0.5171781448857402
F2aOFb3,global_flow,1,0.4814687104897444
F2aOFb3,gpt2_surprisal,0,0.4842220202083529
F2aOFb3,gpt2_surprisal,1,0.5237192146536681
F2aOFb3,local_flow,0,0.4966145261904016
F2aOFb3,local_flow,1,0.4957315862616637
F2aOFb3,onset,0,0.5158511227443237
F2aOFb3,onset,1,0.5078524184194853
F2aOFb3,pitch,0,0.49083623292895723
F2aOFb3,pitch,1,0.47693384742380074
F2aOFb3,speech,0,0.5305842032120206
F2aOFb3,speech,1,0.5294400384522951
F2aOFb3,volume,0,0.49977012214873096
F2aOFb3,volume,1,0.5070112744637054
F2aOFb3,word_gap,0,0.4940231758670052
F2aOFb3,word_gap,1,0.5200150465502649
F2aOFb3,word_head_pos,0,0.5200150465502649
F2aOFb3,word_head_pos,1,0.5063216409098983
F2aOFb3,word_index,0,0.5066666666666667
F2aOFb3,word_index,1,0.5098385565052233
F2aOFb3,word_length,0,0.48009989237536954
F2aOFb3,word_length,1,0.5330710636030218
F2aOFb3,word_part_speech,0,0.4965881612507867
F2aOFb3,word_part_speech,1,0.4896733909702209
F2aOFb9,delta_volume,0,0.5086778888854059
F2aOFb9,delta_volume,1,0.5021002476411398
F2aOFb9,face_num,0,0.514795774427134
F2aOFb9,face_num,1,0.49813485470674906
F2aOFb9,frame_brightness,0,0.5238655005590211
F2aOFb9,frame_brightness,1,0.5016822879115597
F2aOFb9,global_flow,0,0.5290534257024336
F2aOFb9,global_flow,1,0.4822367114928477
F2aOFb9,gpt2_surprisal,0,0.49680783256533234
F2aOFb9,gpt2_surprisal,1,0.49882971275717586
F2aOFb9,local_flow,0,0.5146599375150205
F2aOFb9,local_flow,1,0.48456683698525643
F2aOFb9,onset,0,0.4848176128230045
F2aOFb9,onset,1,0.47580013165731483
F2aOFb9,pitch,0,0.4823777729015809
F2aOFb9,pitch,1,0.5016248184487425
F2aOFb9,speech,0,0.5054595989676395
F2aOFb9,speech,1,0.4959928110926512
F2aOFb9,volume,0,0.4892950064261309
F2aOFb9,volume,1,0.48926365944641237
F2aOFb9,word_gap,0,0.505219272123131
F2aOFb9,word_gap,1,0.4759882135356258
F2aOFb9,word_head_pos,0,0.5085995214361096
F2aOFb9,word_head_pos,1,0.5120581381983845
F2aOFb9,word_index,0,0.521301044634378
F2aOFb9,word_index,1,0.4698860398860399
F2aOFb9,word_length,0,0.5015151040197278
F2aOFb9,word_length,1,0.5202605978913932
F2aOFb9,word_part_speech,0,0.47437808473284976
F2aOFb9,word_part_speech,1,0.47047765742488984
F2aOFb15,delta_volume,0,0.5074919281527224
F2aOFb15,delta_volume,1,0.5013322466380364
F2aOFb15,face_num,0,0.5028682486442432
F2aOFb15,face_num,1,0.5048587818563681
F2aOFb15,frame_brightness,0,0.5044930670929856
F2aOFb15,frame_brightness,1,0.5220787227150664
F2aOFb15,global_flow,0,0.5354429850683886
F2aOFb15,global_flow,1,0.5110550348473925
F2aOFb15,gpt2_surprisal,0,0.5002560003343679
F2aOFb15,gpt2_surprisal,1,0.49889240671661284
F2aOFb15,local_flow,0,0.5086883378786454
F2aOFb15,local_flow,1,0.5040489848803067
F2aOFb15,onset,0,0.496186117467582
F2aOFb15,onset,1,0.505551027658485
F2aOFb15,pitch,0,0.5193515354795566
F2aOFb15,pitch,1,0.5109348714251382
F2aOFb15,speech,0,0.538494091094323
F2aOFb15,speech,1,0.5413832377250452
F2aOFb15,volume,0,0.49736162920702587
F2aOFb15,volume,1,0.5025704523369173
F2aOFb15,word_gap,0,0.4528489180067501
F2aOFb15,word_gap,1,0.48623345140695695
F2aOFb15,word_head_pos,0,0.4999686530202815
F2aOFb15,word_head_pos,1,0.5097280127059758
F2aOFb15,word_index,0,0.5370750237416905
F2aOFb15,word_index,1,0.480968660968661
F2aOFb15,word_length,0,0.4764897652111219
F2aOFb15,word_length,1,0.49920587651379794
F2aOFb15,word_part_speech,0,0.4992298519328232
F2aOFb15,word_part_speech,1,0.48739607141674113
F2dCb5,delta_volume,0,0.5205479452054794
F2dCb5,delta_volume,1,0.4999477550338025
F2dCb5,face_num,0,0.492811092651223
F2dCb5,face_num,1,0.4934902772117906
F2dCb5,frame_brightness,0,0.4863327168427322
F2dCb5,frame_brightness,1,0.5136568341640283
F2dCb5,global_flow,0,0.5211905582897088
F2dCb5,global_flow,1,0.4922572960095295
F2dCb5,gpt2_surprisal,0,0.5064365798355328
F2dCb5,gpt2_surprisal,1,0.5156787143558719
F2dCb5,local_flow,0,0.5124708734313449
F2dCb5,local_flow,1,0.45858541529523633
F2dCb5,onset,0,0.47503213065421146
F2dCb5,onset,1,0.48353761115116567
F2dCb5,pitch,0,0.5371200484833286
F2dCb5,pitch,1,0.510224339884852
F2dCb5,speech,0,0.5188604327973
F2dCb5,speech,1,0.48259720175961046
F2dCb5,volume,0,0.5259866461866399
F2dCb5,volume,1,0.48369434604975803
F2dCb5,word_gap,0,0.4824509158542575
F2dCb5,word_gap,1,0.5232490099578906
F2dCb5,word_head_pos,0,0.5183327586387052
F2dCb5,word_head_pos,1,0.5576784426820476
F2dCb5,word_index,0,0.4917948717948718
F2dCb5,word_index,1,0.5260588793922127
F2dCb5,word_length,0,0.5211696603032298
F2dCb5,word_length,1,0.5420101773194153
F2dCb5,word_part_speech,0,0.5096227102587034
F2dCb5,word_part_speech,1,0.5040991751962636
F2dCb11,delta_volume,0,0.4695673071899522
F2dCb11,delta_volume,1,0.5175490841457425
F2dCb11,face_num,0,0.4763173568226701
F2dCb11,face_num,1,0.48757092254161316
F2dCb11,frame_brightness,0,0.5088189502941391
F2dCb11,frame_brightness,1,0.5214831301004147
F2dCb11,global_flow,0,0.5389120508239031
F2dCb11,global_flow,1,0.5151823871769955
F2dCb11,gpt2_surprisal,0,0.49463966646813584
F2dCb11,gpt2_surprisal,1,0.5231628057636646
F2dCb11,local_flow,0,0.4998798365777457
F2dCb11,local_flow,1,0.5044199241403091
F2dCb11,onset,0,0.4907474164864215
F2dCb11,onset,1,0.5084532355307566
F2dCb11,pitch,0,0.5201613324556178
F2dCb11,pitch,1,0.48316667189116336
F2dCb11,speech,0,0.4909459473579721
F2dCb11,speech,1,0.49588832116025616
F2dCb11,volume,0,0.505052088231299
F2dCb11,volume,1,0.4903346812534612
F2dCb11,word_gap,0,0.4789766256021232
F2dCb11,word_gap,1,0.4807843014325569
F2dCb11,word_head_pos,0,0.4945978704951778
F2dCb11,word_head_pos,1,0.4881639029079548
F2dCb11,word_index,0,0.5027635327635327
F2dCb11,word_index,1,0.5077967711301045
F2dCb11,word_length,0,0.5019539617357868
F2dCb11,word_length,1,0.5330501656165428
F2dCb11,word_part_speech,0,0.5398986385769651
F2dCb11,word_part_speech,1,0.48983073304846136
F2bCa3,delta_volume,0,0.5206994556074522
F2bCa3,delta_volume,1,0.49677126108899405
F2bCa3,face_num,0,0.4967817100822336
F2bCa3,face_num,1,0.4779160527883139
F2bCa3,frame_brightness,0,0.5306521216680773
F2bCa3,frame_brightness,1,0.4931193379517884
F2bCa3,global_flow,0,0.5414250336980032
F2bCa3,global_flow,1,0.5269166065849555
F2bCa3,gpt2_surprisal,0,0.494383666133768
F2bCa3,gpt2_surprisal,1,0.47871540077113567
F2bCa3,local_flow,0,0.47337074072913077
F2bCa3,local_flow,1,0.4915467644692434
F2bCa3,onset,0,0.49149713175135573
F2bCa3,onset,1,0.5325956344106245
F2bCa3,pitch,0,0.48081042391565576
F2bCa3,pitch,1,0.4742484561612489
F2bCa3,speech,0,0.4679424887412098
F2bCa3,speech,1,0.5090383791521688
F2bCa3,volume,0,0.5136463851707888
F2bCa3,volume,1,0.47541874340407303
F2bCa3,word_gap,0,0.49313762368995745
F2bCa3,word_gap,1,0.48423769369821223
F2bCa3,word_head_pos,0,0.5310962038807561
F2bCa3,word_head_pos,1,0.534241350845846
F2bCa3,word_index,0,0.5222222222222221
F2bCa3,word_index,1,0.4887369420702754
F2bCa3,word_length,0,0.5136777321505073
F2bCa3,word_length,1,0.4859931245624484
F2bCa3,word_part_speech,0,0.469301732419093
F2bCa3,word_part_speech,1,0.4991304779886714
F2bCa9,delta_volume,0,0.4909354983647326
F2bCa9,delta_volume,1,0.5243983992142357
F2bCa9,face_num,0,0.48784259636584015
F2bCa9,face_num,1,0.46911277598403395
F2bCa9,frame_brightness,0,0.47450968099223634
F2bCa9,frame_brightness,1,0.4979990177946355
F2bCa9,global_flow,0,0.5238602760624014
F2bCa9,global_flow,1,0.49316635842136614
F2bCa9,gpt2_surprisal,0,0.4936313386205239
F2bCa9,gpt2_surprisal,1,0.4922938674858678
F2bCa9,local_flow,0,0.5087667053279417
F2bCa9,local_flow,1,0.5118543828302143
F2bCa9,onset,0,0.5216607629854864
F2bCa9,onset,1,0.5070687439265227
F2bCa9,pitch,0,0.5422087081909659
F2bCa9,pitch,1,0.5103654012935854
F2bCa9,speech,0,0.5149211623460079
F2bCa9,speech,1,0.49582040270419947
F2bCa9,volume,0,0.5075180506358212
F2bCa9,volume,1,0.4459891539450174
F2bCa9,word_gap,0,0.4950785241841949
F2bCa9,word_gap,1,0.4799065860004389
F2bCa9,word_head_pos,0,0.5299468146244108
F2bCa9,word_head_pos,1,0.5040333113904475
F2bCa9,word_index,0,0.5662488129154797
F2bCa9,word_index,1,0.46031339031339036
F2bCa9,word_length,0,0.503228738911006
F2bCa9,word_length,1,0.53268967534978
F2bCa9,word_part_speech,0,0.4733677829673059
F2bCa9,word_part_speech,1,0.47279638278843295
F2bCa15,delta_volume,0,0.4743477215970242
F2bCa15,delta_volume,1,0.4816463433748159
F2bCa15,face_num,0,0.4589459055619991
F2bCa15,face_num,1,0.4750164571643522
F2bCa15,frame_brightness,0,0.5127373227589521
F2bCa15,frame_brightness,1,0.5145345495961464
F2bCa15,global_flow,0,0.5344973511802138
F2bCa15,global_flow,1,0.494613543985037
F2bCa15,gpt2_surprisal,0,0.48448324503934037
F2bCa15,gpt2_surprisal,1,0.45595226899888197
F2bCa15,local_flow,0,0.5377469880776987
F2bCa15,local_flow,1,0.5181290032705349
F2bCa15,onset,0,0.45908696697073237
F2bCa15,onset,1,0.46988600148375703
F2bCa15,pitch,0,0.5239804394846557
F2bCa15,pitch,1,0.557333625905144
F2bCa15,speech,0,0.502115921130999
F2bCa15,speech,1,0.5082547046592061
F2bCa15,volume,0,0.4954860349205354
F2bCa15,volume,1,0.48964504769965417
F2bCa15,word_gap,0,0.4647921172795001
F2bCa15,word_gap,1,0.5016718389183202
F2bCa15,word_head_pos,0,0.47343343468856774
F2bCa15,word_head_pos,1,0.4940806453298225
F2bCa15,word_index,0,0.5082146248812915
F2bCa15,word_index,1,0.4758499525166191
F2bCa15,word_length,0,0.5046080060186202
F2bCa15,word_length,1,0.534178656886409
F2bCa15,word_part_speech,0,0.4905015071714863
F2bCa15,word_part_speech,1,0.5214233661267349
F10Fa8,delta_volume,0,0.533614411251476
F10Fa8,delta_volume,1,0.5246387260587442
F10Fa8,face_num,0,0.4807529544528385
F10Fa8,face_num,1,0.48784259636584015
F10Fa8,frame_brightness,0,0.5188970042736382
F10Fa8,frame_brightness,1,0.47807801218352614
F10Fa8,global_flow,0,0.509660094249919
F10Fa8,global_flow,1,0.4861446349644212
F10Fa8,gpt2_surprisal,0,0.4613335005172252
F10Fa8,gpt2_surprisal,1,0.47697041890013897
F10Fa8,local_flow,0,0.4916460299050186
F10Fa8,local_flow,1,0.49296260305319584
F10Fa8,onset,0,0.5018129003270535
F10Fa8,onset,1,0.5012486546921204
F10Fa8,pitch,0,0.48685777875301717
F10Fa8,pitch,1,0.4884381889804917
F10Fa8,speech,0,0.502115921130999
F10Fa8,speech,1,0.5033384533400207
F10Fa8,volume,0,0.4941694617723582
F10Fa8,volume,1,0.4874925550923168
F10Fa8,word_gap,0,0.5017345328777573
F10Fa8,word_gap,1,0.5006321640909899
F10Fa8,word_head_pos,0,0.4898383540745849
F10Fa8,word_head_pos,1,0.5205479452054794
F10Fa8,word_index,0,0.48358024691358026
F10Fa8,word_index,1,0.49763532763532764
F10Fa8,word_length,0,0.47841760446380993
F10Fa8,word_length,1,0.49433664566419033
F10Fa8,word_part_speech,0,0.5088856868395774
F10Fa8,word_part_speech,1,0.5055318162244526
F10Fa15,delta_volume,0,0.5113110351817602
F10Fa15,delta_volume,1,0.5153286730823485
F10Fa15,face_num,0,0.4852512460424438
F10Fa15,face_num,1,0.4930200725160131
F10Fa15,frame_brightness,0,0.48116568968579876
F10Fa15,frame_brightness,1,0.5088659707637169
F10Fa15,global_flow,0,0.5204486797697042
F10Fa15,global_flow,1,0.5097541351890746
F10Fa15,gpt2_surprisal,0,0.4885322299196473
F10Fa15,gpt2_surprisal,1,0.46209627702370876
F10Fa15,local_flow,0,0.5284055881215846
F10Fa15,local_flow,1,0.4871268403289344
F10Fa15,onset,0,0.4970220369267421
F10Fa15,onset,1,0.5060656405755306
F10Fa15,pitch,0,0.49728326175772963
F10Fa15,pitch,1,0.48368912155313837
F10Fa15,speech,0,0.4765994796401367
F10Fa15,speech,1,0.4494373217140529
F10Fa15,volume,0,0.49120717218895965
F10Fa15,volume,1,0.4920378671515
F10Fa15,word_gap,0,0.5003866127498615
F10Fa15,word_gap,1,0.5202501488981537
F10Fa15,word_head_pos,0,0.48599834905906825
F10Fa15,word_head_pos,1,0.5054648234642592
F10Fa15,word_index,0,0.49309591642924977
F10Fa15,word_index,1,0.49132003798670465
F10Fa15,word_length,0,0.486191655433999
F10Fa15,word_length,1,0.5088189502941391
F10Fa15,word_part_speech,0,0.491751962635397
F10Fa15,word_part_speech,1,0.5001490609162278
