electrode,task,fold,test_auroc
F3aOFa2,delta_volume,0,0.5229564381471845
F3aOFa2,delta_volume,1,0.49273794969854656
F3aOFa2,face_num,0,0.5024920848876211
F3aOFa2,face_num,1,0.48754480005851436
F3aOFa2,frame_brightness,0,0.5037407395797415
F3aOFa2,frame_brightness,1,0.5073090707710313
F3aOFa2,global_flow,0,0.4987617943011191
F3aOFa2,global_flow,1,0.4745201299854759
F3aOFa2,gpt2_surprisal,0,0.5264307283993188
F3aOFa2,gpt2_surprisal,1,0.5333009414542909
F3aOFa2,local_flow,0,0.48648422724470497
F3aOFa2,local_flow,1,0.4625612572228666
F3aOFa2,onset,0,0.5730392894776457
F3aOFa2,onset,1,0.5091675447839832
F3aOFa2,pitch,0,0.5393874800163004
F3aOFa2,pitch,1,0.5399778481343323
F3aOFa2,speech,0,0.5386560504895354
F3aOFa2,speech,1,0.49989028557098525
F3aOFa2,volume,0,0.5016300429453623
F3aOFa2,volume,1,0.484848959802723
F3aOFa2,word_gap,0,0.49889860205132036
F3aOFa2,word_gap,1,0.48769794494610347
F3aOFa2,word_head_pos,0,0.5141531613429046
F3aOFa2,word_head_pos,1,0.515673489859252
F3aOFa2,word_index,0,0.5150173010380623
F3aOFa2,word_index,1,0.4925182622068436
F3aOFa2,word_length,0,0.4912594171551571
F3aOFa2,word_length,1,0.5026906157591715
F3aOFa2,word_part_speech,0,0.48557957888516334
F3aOFa2,word_part_speech,1,0.5400624349635795
F3aOFa16,delta_volume,0,0.48323459034722
F3aOFa16,delta_volume,1,0.494425462106726
F3aOFa16,face_num,0,0.5349466578895123
F3aOFa16,face_num,1,0.5177110435409549
F3aOFa16,frame_brightness,0,0.5091898895541415
F3aOFa16,frame_brightness,1,0.5053185375589062
F3aOFa16,global_flow,0,0.5167915321358787
F3aOFa16,global_flow,1,0.49237745943178374
F3aOFa16,gpt2_surprisal,0,0.49843265101407475
F3aOFa16,gpt2_surprisal,1,0.513160506985152
F3aOFa16,local_flow,0,0.4744887830057574
F3aOFa16,local_flow,1,0.49247150037093923
F3aOFa16,onset,0,0.5486677705855788
F3aOFa16,onset,1,0.5134728285413217
F3aOFa16,pitch,0,0.5234214183463424
F3aOFa16,pitch,1,0.5044878425963658
F3aOFa16,speech,0,0.5224444374784489
F3aOFa16,speech,1,0.48977043561852823
F3aOFa16,volume,0,0.5222093351305602
F3aOFa16,volume,1,0.4984222020208352
F3aOFa16,word_gap,0,0.5291137080042029
F3aOFa16,word_gap,1,0.5258175146275248
F3aOFa16,word_head_pos,0,0.5315350615968152
F3aOFa16,word_head_pos,1,0.4966145261904015
F3aOFa16,word_index,0,0.5041291810841984
F3aOFa16,word_index,1,0.4895347943098808
F3aOFa16,word_length,0,0.5156578163693928
F3aOFa16,word_length,1,0.5068336415786339
F3aOFa16,word_part_speech,0,0.4842435220513611
F3aOFa16,word_part_speech,1,0.5046183887668452
F3bIaOFb12,delta_volume,0,0.5455732840140853
F3bIaOFb12,delta_volume,1,0.5046550264881978
F3bIaOFb12,face_num,0,0.5187925143412433
F3bIaOFb12,face_num,1,0.516953491531091
F3bIaOFb12,frame_brightness,0,0.4796296876795921
F3bIaOFb12,frame_brightness,1,0.5245760320993073
F3bIaOFb12,global_flow,0,0.48658871717710006
F3bIaOFb12,global_flow,1,0.5131134865155742
F3bIaOFb12,gpt2_surprisal,0,0.5158406737510841
F3bIaOFb12,gpt2_surprisal,1,0.5308872240159661
F3bIaOFb12,local_flow,0,0.465319791438095
F3bIaOFb12,local_flow,1,0.46437938204653983
F3bIaOFb12,onset,0,0.5405916001806412
F3bIaOFb12,onset,1,0.5204275176877916
F3bIaOFb12,pitch,0,0.5039079234715735
F3bIaOFb12,pitch,1,0.5058514362141208
F3bIaOFb12,speech,0,0.5352862501697961
F3bIaOFb12,speech,1,0.49597191310617217
F3bIaOFb12,volume,0,0.5063686613794761
F3bIaOFb12,volume,1,0.47930576888916754
F3bIaOFb12,word_gap,0,0.4995759751238739
F3bIaOFb12,word_gap,1,0.4880179637205383
F3bIaOFb12,word_head_pos,0,0.5202031284285759
F3bIaOFb12,word_head_pos,1,0.5219846817759108
F3bIaOFb12,word_index,0,0.4810611303344867
F3bIaOFb12,word_index,1,0.5525105728565937
F3bIaOFb12,word_length,0,0.5131134865155742
F3bIaOFb12,word_length,1,0.5340793914506337
F3bIaOFb12,word_part_speech,0,0.5173366220886165
F3bIaOFb12,word_part_speech,1,0.5203042098636965
F3cId8,delta_volume,0,0.5565395024189419
F3cId8,delta_volume,1,0.532041837768931
F3cId8,face_num,0,0.518609656959552
F3cId8,face_num,1,0.5087771543211812
F3cId8,frame_brightness,0,0.5026697177726925
F3cId8,frame_brightness,1,0.4798020960680438
F3cId8,global_flow,0,0.5239647659947964
F3cId8,global_flow,1,0.489796558101627
F3cId8,gpt2_surprisal,0,0.5313783266982226
F3cId8,gpt2_surprisal,1,0.5450299363656311
F3cId8,local_flow,0,0.5214674566105555
F3cId8,local_flow,1,0.49954546879408157
F3cId8,onset,0,0.619027547794671
F3cId8,onset,1,0.5774875809122384
F3cId8,pitch,0,0.5301923659655392
F3cId8,pitch,1,0.517747615017293
F3cId8,speech,0,0.593293836138888
F3cId8,speech,1,0.5583001577797979
F3cId8,volume,0,0.5179879418618016
F3cId8,volume,1,0.5196023113173046
F3cId8,word_gap,0,0.523076020459867
F3cId8,word_gap,1,0.5215185957576177
F3cId8,word_head_pos,0,0.5594495470361431
F3cId8,word_head_pos,1,0.5339853505114782
F3cId8,word_index,0,0.5605997693194925
F3cId8,word_index,1,0.5463437139561707
F3cId8,word_length,0,0.5265822388012915
F3cId8,word_length,1,0.4967346896126558
F3cId8,word_part_speech,0,0.5312110584396397
F3cId8,word_part_speech,1,0.5317377731529657
T2aA3,delta_volume,0,0.5247745629708578
T2aA3,delta_volume,1,0.48636406382245073
T2aA3,face_num,0,0.5103810747834445
T2aA3,face_num,1,0.49389256345151145
T2aA3,frame_brightness,0,0.510710218070489
T2aA3,frame_brightness,1,0.495998035589271
T2aA3,global_flow,0,0.45936386529157913
T2aA3,global_flow,1,0.4913952540672706
T2aA3,gpt2_surprisal,0,0.5353228216461343
T2aA3,gpt2_surprisal,1,0.515380918048546
T2aA3,local_flow,0,0.48133809807425054
T2aA3,local_flow,1,0.46840746894036756
T2aA3,onset,0,0.5691555020322143
T2aA3,onset,1,0.5204350444076472
T2aA3,pitch,0,0.5109975653845752
T2aA3,pitch,1,0.48172471082411206
T2aA3,speech,0,0.5447478135481647
T2aA3,speech,1,0.5000052244966198
T2aA3,volume,0,0.5161175720719309
T2aA3,volume,1,0.46769693740008145
T2aA3,word_gap,0,0.4935116193483351
T2aA3,word_gap,1,0.5251614761399336
T2aA3,word_head_pos,0,0.5175595331389821
T2aA3,word_head_pos,1,0.5077688264735692
T2aA3,word_index,0,0.5478969627066512
T2aA3,word_index,1,0.5253056516724337
T2aA3,word_length,0,0.4972989352475889
T2aA3,word_length,1,0.5161698170381284
T2aA3,word_part_speech,0,0.4824963708071581
T2aA3,word_part_speech,1,0.5225395357202502
T2bHa4,delta_volume,0,0.5129358536305026
T2bHa4,delta_volume,1,0.48455638799201695
T2bHa4,face_num,0,0.5387866629050291
T2bHa4,face_num,1,0.5031660449515689
T2bHa4,frame_brightness,0,0.48953533327063936
T2bHa4,frame_brightness,1,0.5052715170893284
T2bHa4,global_flow,0,0.46765514142712344
T2bHa4,global_flow,1,0.48472879638046873
T2bHa4,gpt2_surprisal,0,0.5374230692872741
T2bHa4,gpt2_surprisal,1,0.5160183066361556
T2bHa4,local_flow,0,0.5127425472555719
T2bHa4,local_flow,1,0.4664221602248624
T2bHa4,onset,0,0.5614105073009182
T2bHa4,onset,1,0.5009558934216468
T2bHa4,pitch,0,0.48936292488218763
T2bHa4,pitch,1,0.4907317429965623
T2bHa4,speech,0,0.5456516514633813
T2bHa4,speech,1,0.4997648976521113
T2bHa4,volume,0,0.5411638088670156
T2bHa4,volume,1,0.5068336415786339
T2bHa4,word_gap,0,0.49158083940924535
T2bHa4,word_gap,1,0.5068083994260997
T2bHa4,word_head_pos,0,0.5188761062871592
T2bHa4,word_head_pos,1,0.4948277483464468
T2bHa4,word_index,0,0.5202614379084967
T2bHa4,word_index,1,0.5267666282199154
T2bHa4,word_length,0,0.4995820402704199
T2bHa4,word_length,1,0.49308015422714013
T2bHa4,word_part_speech,0,0.5015994141904652
T2bHa4,word_part_speech,1,0.5255713569969553
T1bIc3,delta_volume,0,0.6158323145564926
T1bIc3,delta_volume,1,0.611313124980408
T1bIc3,face_num,0,0.5079569083518802
T1bIc3,face_num,1,0.48535573597483883
T1bIc3,frame_brightness,0,0.5049110268225657
T1bIc3,frame_brightness,1,0.49617044397772275
T1bIc3,global_flow,0,0.48389810141792833
T1bIc3,global_flow,1,0.4945142785492618
T1bIc3,gpt2_surprisal,0,0.5479347564862126
T1bIc3,gpt2_surprisal,1,0.5198635361482922
T1bIc3,local_flow,0,0.4892061899835951
T1bIc3,local_flow,1,0.47702788836295623
T1bIc3,onset,0,0.6667620051181694
T1bIc3,onset,1,0.6299337648652716
T1bIc3,pitch,0,0.5490893702391775
T1bIc3,pitch,1,0.5097959311620326
T1bIc3,speech,0,0.544993364889293
T1bIc3,speech,1,0.5425535249678693
T1bIc3,volume,0,0.5523912521028599
T1bIc3,volume,1,0.5280189753717229
T1bIc3,word_gap,0,0.5137101376614095
T1bIc3,word_gap,1,0.4993946311516942
T1bIc3,word_head_pos,0,0.5127582207454312
T1bIc3,word_head_pos,1,0.5371252729799484
T1bIc3,word_index,0,0.5299807766243753
T1bIc3,word_index,1,0.5744098423683199
T1bIc3,word_length,0,0.5132336499378285
T1bIc3,word_length,1,0.5232124384815523
T1bIc3,word_part_speech,0,0.5176706362970671
T1bIc3,word_part_speech,1,0.5581248956205598
F3dIe7,delta_volume,0,0.5322769401168197
F3dIe7,delta_volume,1,0.5020793496546608
F3dIe7,face_num,0,0.47532470246491754
F3dIe7,face_num,1,0.48491165376215994
F3dIe7,frame_brightness,0,0.5017449818709967
F3dIe7,frame_brightness,1,0.4829576920263733
F3dIe7,global_flow,0,0.45194508009153317
F3dIe7,global_flow,1,0.4944097886168668
F3dIe7,gpt2_surprisal,0,0.5163578989164395
F3dIe7,gpt2_surprisal,1,0.5137299771167048
F3dIe7,local_flow,0,0.4844153265832837
F3dIe7,local_flow,1,0.48377793799567415
F3dIe7,onset,0,0.5611922324251092
F3dIe7,onset,1,0.4854207436399217
F3dIe7,pitch,0,0.5088032768042798
F3dIe7,pitch,1,0.5006948580504269
F3dIe7,speech,0,0.524832032433675
F3dIe7,speech,1,0.5177423905206734
F3dIe7,volume,0,0.48293156954327443
F3dIe7,volume,1,0.4717824937567265
F3dIe7,word_gap,0,0.5003226855975551
F3dIe7,word_gap,1,0.4808975459893647
F3dIe7,word_head_pos,0,0.48378316249229386
F3dIe7,word_head_pos,1,0.514377814697554
F3dIe7,word_index,0,0.5189081122645136
F3dIe7,word_index,1,0.49451749327181854
F3dIe7,word_length,0,0.5226325193567599
F3dIe7,word_length,1,0.5085577254631517
F3dIe7,word_part_speech,0,0.5270101874333577
F3dIe7,word_part_speech,1,0.5320717873614162
T1cIf4,delta_volume,0,0.587071460664765
T1cIf4,delta_volume,1,0.5761209157497675
T1cIf4,face_num,0,0.5261381565886127
T1cIf4,face_num,1,0.5056738033290493
T1cIf4,frame_brightness,0,0.545871080321411
T1cIf4,frame_brightness,1,0.516493735828553
T1cIf4,global_flow,0,0.49965518322309654
T1cIf4,global_flow,1,0.4905384366216315
T1cIf4,gpt2_surprisal,0,0.5552333782640043
T1cIf4,gpt2_surprisal,1,0.5263314629635434
T1cIf4,local_flow,0,0.47030918570995683
T1cIf4,local_flow,1,0.48803590274077097
T1cIf4,onset,0,0.6224446786090622
T1cIf4,onset,1,0.5789101309649255
T1cIf4,pitch,0,0.5212010072829483
T1cIf4,pitch,1,0.521185333793089
T1cIf4,speech,0,0.5243461542480381
T1cIf4,speech,1,0.5253492575990304
T1cIf4,volume,0,0.5119170767896513
T1cIf4,volume,1,0.4998380406047877
T1cIf4,word_gap,0,0.5121153774354762
T1cIf4,word_gap,1,0.5147181968008789
T1cIf4,word_head_pos,0,0.5390478877360165
T1cIf4,word_head_pos,1,0.5407301756475763
T1cIf4,word_index,0,0.5768704344482891
T1cIf4,word_index,1,0.5699192618223761
T1cIf4,word_length,0,0.5350041273523296
T1cIf4,word_length,1,0.5371304974765682
T1cIf4,word_part_speech,0,0.5198288819516708
T1cIf4,word_part_speech,1,0.5752495471538135
T2c4,delta_volume,0,0.5286406904694733
T2c4,delta_volume,1,0.49998955100676046
T2c4,face_num,0,0.533656207224434
T2c4,face_num,1,0.5036937191101638
T2c4,frame_brightness,0,0.5288679560724324
T2c4,frame_brightness,1,0.49178709131375187
T2c4,global_flow,0,0.528771302884967
T2c4,global_flow,1,0.518526065013636
T2c4,gpt2_surprisal,0,0.5067343761428587
T2c4,gpt2_surprisal,1,0.5053864560149629
T2c4,local_flow,0,0.5033645758231194
T2c4,local_flow,1,0.5041430258194624
T2c4,onset,0,0.5336369110341713
T2c4,onset,1,0.5260876110191179
T2c4,pitch,0,0.507209805335256
T2c4,pitch,1,0.5107938100164049
T2c4,speech,0,0.5179356968956041
T2c4,speech,1,0.4900891299123329
T2c4,volume,0,0.52053749621224
T2c4,volume,1,0.4903764772264193
T2c4,word_gap,0,0.5056776664230969
T2c4,word_gap,1,0.47559056797998817
T2c4,word_head_pos,0,0.5378358045202345
T2c4,word_head_pos,1,0.5106318506211927
T2c4,word_index,0,0.5182468281430218
T2c4,word_index,1,0.5259823144944252
T2c4,word_length,0,0.521984681775911
T2c4,word_length,1,0.5025809013301569
T2c4,word_part_speech,0,0.46344471422515127
T2c4,word_part_speech,1,0.5053506506853715
T3bOT9,delta_volume,0,0.5109662184048567
T3bOT9,delta_volume,1,0.4930461949991118
T3bOT9,face_num,0,0.5180192888415202
T3bOT9,face_num,1,0.5056058848729924
T3bOT9,frame_brightness,0,0.5216450894956272
T3bOT9,frame_brightness,1,0.4840078158469432
T3bOT9,global_flow,0,0.5142942227516378
T3bOT9,global_flow,1,0.4852094500694858
T3bOT9,gpt2_surprisal,0,0.5465502648819787
T3bOT9,gpt2_surprisal,1,0.5357355568790947
T3bOT9,local_flow,0,0.4870745953627368
T3bOT9,local_flow,1,0.4870745953627369
T3bOT9,onset,0,0.5479828390787295
T3bOT9,onset,1,0.4993376486527172
T3bOT9,pitch,0,0.5113214841749998
T3bOT9,pitch,1,0.49479117687010854
T3bOT9,speech,0,0.5277629750373551
T3bOT9,speech,1,0.4872679017376676
T3bOT9,volume,0,0.5249626448491688
T3bOT9,volume,1,0.4984222020208353
T3bOT9,word_gap,0,0.5294923968872841
T3bOT9,word_gap,1,0.49963464523252027
T3bOT9,word_head_pos,0,0.5227761930138031
T3bOT9,word_head_pos,1,0.5214935790936543
T3bOT9,word_index,0,0.5314109957708573
T3bOT9,word_index,1,0.5191387927720107
T3bOT9,word_length,0,0.4932551748639019
T3bOT9,word_length,1,0.47413351723561437
T3bOT9,word_part_speech,0,0.4694312765766113
T3bOT9,word_part_speech,1,0.4757004663352218
F3aOFa3,delta_volume,0,0.5054883336990481
F3aOFa3,delta_volume,1,0.5066664576868019
F3aOFa3,face_num,0,0.5141845083226231
F3aOFa3,face_num,1,0.5157727552950273
F3aOFa3,frame_brightness,0,0.5033593513264998
F3aOFa3,frame_brightness,1,0.5004545312059183
F3aOFa3,global_flow,0,0.4745723749516735
F3aOFa3,global_flow,1,0.4817403843139713
F3aOFa3,gpt2_surprisal,0,0.5352758011765566
F3aOFa3,gpt2_surprisal,1,0.5243983992142356
F3aOFa3,local_flow,0,0.46691848740373865
F3aOFa3,local_flow,1,0.4947859523734888
F3aOFa3,onset,0,0.5946710823423152
F3aOFa3,onset,1,0.5286015354508504
F3aOFa3,pitch,0,0.5092891549899168
F3aOFa3,pitch,1,0.5002560003343678
F3aOFa3,speech,0,0.5233691733801449
F3aOFa3,speech,1,0.5040280868938278
F3aOFa3,volume,0,0.5590786077761407
F3aOFa3,volume,1,0.5284526085911623
F3aOFa3,word_gap,0,0.479980158835985
F3aOFa3,word_gap,1,0.5052936438937752
F3aOFa3,word_head_pos,0,0.5462524685746528
F3aOFa3,word_head_pos,1,0.5135262217485346
F3aOFa3,word_index,0,0.5088965782391388
F3aOFa3,word_index,1,0.48918108419838524
F3aOFa3,word_length,0,0.4747552323333647
F3aOFa3,word_length,1,0.48951965978078005
F3aOFa3,word_part_speech,0,0.4887013270641436
F3aOFa3,word_part_speech,1,0.5066610141185236
F3bIaOFb1,delta_volume,0,0.5365349048619165
F3bIaOFb1,delta_volume,1,0.47598298903900615
F3bIaOFb1,face_num,0,0.5254380740415661
F3bIaOFb1,face_num,1,0.5510746789546828
F3bIaOFb1,frame_brightness,0,0.5318537558906199
F3bIaOFb1,frame_brightness,1,0.5182125952164509
F3bIaOFb1,global_flow,0,0.4898853745441627
F3bIaOFb1,global_flow,1,0.47204894308433387
F3bIaOFb1,gpt2_surprisal,0,0.5152241831499534
F3bIaOFb1,gpt2_surprisal,1,0.5234161938497226
F3bIaOFb1,local_flow,0,0.4986311818856253
F3bIaOFb1,local_flow,1,0.4938141960022152
F3bIaOFb1,onset,0,0.5358874002709619
F3bIaOFb1,onset,1,0.5185533644437754
F3bIaOFb1,pitch,0,0.5142785492617786
F3bIaOFb1,pitch,1,0.5039235969614327
F3bIaOFb1,speech,0,0.5192888415201196
F3bIaOFb1,speech,1,0.5241371743832481
F3bIaOFb1,volume,0,0.5571194215437343
F3bIaOFb1,volume,1,0.5129410781271224
F3bIaOFb1,word_gap,0,0.46978756087023765
F3bIaOFb1,word_gap,1,0.49924528905695803
F3bIaOFb1,word_head_pos,0,0.522925091167466
F3bIaOFb1,word_head_pos,1,0.5232542344545104
F3bIaOFb1,word_index,0,0.5378085351787774
F3bIaOFb1,word_index,1,0.5556785851595539
F3bIaOFb1,word_length,0,0.5142837737583983
F3bIaOFb1,word_length,1,0.5042893117248153
F3bIaOFb1,word_part_speech,0,0.5421564471165581
F3bIaOFb1,word_part_speech,1,0.5533202296990019
F3bIaOFb13,delta_volume,0,0.5385045400875625
F3bIaOFb13,delta_volume,1,0.5077844999634286
F3bIaOFb13,face_num,0,0.5063947838625749
F3bIaOFb13,face_num,1,0.5137352016133245
F3bIaOFb13,frame_brightness,0,0.5191164331316678
F3bIaOFb13,frame_brightness,1,0.5125178939009226
F3bIaOFb13,global_flow,0,0.511859607326834
F3bIaOFb13,global_flow,1,0.4921737040636135
F3bIaOFb13,gpt2_surprisal,0,0.5451918957608435
F3bIaOFb13,gpt2_surprisal,1,0.5210912928539335
F3bIaOFb13,local_flow,0,0.5180297378347596
F3bIaOFb13,local_flow,1,0.5167497361629207
F3bIaOFb13,onset,0,0.5502559084750865
F3bIaOFb13,onset,1,0.5065482462742736
F3bIaOFb13,pitch,0,0.5203441898373091
F3bIaOFb13,pitch,1,0.5265038713519952
F3bIaOFb13,speech,0,0.5627671023896849
F3bIaOFb13,speech,1,0.5216816609719653
F3bIaOFb13,volume,0,0.5417176055087093
F3bIaOFb13,volume,1,0.4908728044052955
F3bIaOFb13,word_gap,0,0.5081578119249662
F3bIaOFb13,word_gap,1,0.5114540053016443
F3bIaOFb13,word_head_pos,0,0.5100676049862596
F3bIaOFb13,word_head_pos,1,0.5035108617284725
F3bIaOFb13,word_index,0,0.5501268742791234
F3bIaOFb13,word_index,1,0.5266128412149174
F3bIaOFb13,word_length,0,0.5035892291777687
F3bIaOFb13,word_length,1,0.511169973773027
F3bIaOFb13,word_part_speech,0,0.4950732904253542
F3bIaOFb13,word_part_speech,1,0.5156023175447386
F3cId9,delta_volume,0,0.5456777739464802
F3cId9,delta_volume,1,0.541848217924203
F3cId9,face_num,0,0.4922207245331912
F3cId9,face_num,1,0.5003604902667628
F3cId9,frame_brightness,0,0.5094249919020303
F3cId9,frame_brightness,1,0.5059663751397554
F3cId9,global_flow,0,0.529298977043562
F3cId9,global_flow,1,0.5001985308715505
F3cId9,gpt2_surprisal,0,0.5400405420937693
F3cId9,gpt2_surprisal,1,0.5703739694680418
F3cId9,local_flow,0,0.5572395849659886
F3cId9,local_flow,1,0.5345861676227495
F3cId9,onset,0,0.6331401475237092
F3cId9,onset,1,0.5911561041698028
F3cId9,pitch,0,0.5315977555562521
F3cId9,pitch,1,0.5110289123642937
F3cId9,speech,0,0.5754783026655381
F3cId9,speech,1,0.5550348473924538
F3cId9,volume,0,0.5030458815293146
F3cId9,volume,1,0.5136307116809296
F3cId9,word_gap,0,0.5374128615545446
F3cId9,word_gap,1,0.5029948423640853
F3cId9,word_head_pos,0,0.5311902448199115
F3cId9,word_head_pos,1,0.5155115304640397
F3cId9,word_index,0,0.5706266820453672
F3cId9,word_index,1,0.5954479046520569
F3cId9,word_length,0,0.5172565123350364
F3cId9,word_length,1,0.5086413174090677
F3cId9,word_part_speech,0,0.5532431494970517
F3cId9,word_part_speech,1,0.5379298827096259
T2aA4,delta_volume,0,0.5285727720134165
T2aA4,delta_volume,1,0.48833369904809676
T2aA4,face_num,0,0.5132127519513495
T2aA4,face_num,1,0.4872992487173861
T2aA4,frame_brightness,0,0.5060186201059529
T2aA4,frame_brightness,1,0.4939813798940472
T2aA4,global_flow,0,0.46041398911214904
T2aA4,global_flow,1,0.4755023353499891
T2aA4,gpt2_surprisal,0,0.5357042098993762
T2aA4,gpt2_surprisal,1,0.5147539784541759
T2aA4,local_flow,0,0.4615581538718745
T2aA4,local_flow,1,0.4725870662361682
T2aA4,onset,0,0.5788348637663706
T2aA4,onset,1,0.5108986903507452
T2aA4,pitch,0,0.5164310418691159
T2aA4,pitch,1,0.47359539408378004
T2aA4,speech,0,0.5345704941328904
T2aA4,speech,1,0.5018181248236733
T2aA4,volume,0,0.5191007596418085
T2aA4,volume,1,0.47757646050803004
T2aA4,word_gap,0,0.4953143917776509
T2aA4,word_gap,1,0.5073044285264736
T2aA4,word_head_pos,0,0.518170799243493
T2aA4,word_head_pos,1,0.5082076841896284
T2aA4,word_index,0,0.5534640522875818
T2aA4,word_index,1,0.5401922337562476
T2aA4,word_length,0,0.5037825355526995
T2aA4,word_length,1,0.500585143621412
T2aA4,word_part_speech,0,0.4836525738364101
T2aA4,word_part_speech,1,0.5414113384977068
T2bHa5,delta_volume,0,0.5259135032339635
T2bHa5,delta_volume,1,0.4858729611401942
T2bHa5,face_num,0,0.528583221006656
T2bHa5,face_num,1,0.5135314462451543
T2bHa5,frame_brightness,0,0.5115095660533108
T2bHa5,frame_brightness,1,0.49207966312445794
T2bHa5,global_flow,0,0.48899198562218527
T2bHa5,global_flow,1,0.49846399799379326
T2bHa5,gpt2_surprisal,0,0.5377678860641777
T2bHa5,gpt2_surprisal,1,0.5320679602520297
T2bHa5,local_flow,0,0.49219460205009247
T2bHa5,local_flow,1,0.4814373635100258
T2bHa5,onset,0,0.5890862562095439
T2bHa5,onset,1,0.5269155502032214
T2bHa5,pitch,0,0.5013113486515575
T2bHa5,pitch,1,0.5065724167476464
T2bHa5,speech,0,0.5399151541748952
T2bHa5,speech,1,0.49576293324138215
T2bHa5,volume,0,0.5228728462012685
T2bHa5,volume,1,0.49161990742191986
T2bHa5,word_gap,0,0.5150862183914791
T2bHa5,word_gap,1,0.5149688781741862
T2bHa5,word_head_pos,0,0.5182596156860286
T2bHa5,word_head_pos,1,0.5050625372245384
T2bHa5,word_index,0,0.5530180699730872
T2bHa5,word_index,1,0.5481122645136486
T2bHa5,word_length,0,0.5205427207088597
T2bHa5,word_length,1,0.5135627932248727
T2bHa5,word_part_speech,0,0.49355737978700165
T2bHa5,word_part_speech,1,0.5250061021826544
T1bIc4,delta_volume,0,0.6517925247902365
T1bIc4,delta_volume,1,0.6306124154937672
T1bIc4,face_num,0,0.5118073623606365
T1bIc4,face_num,1,0.49089892688839426
T1bIc4,frame_brightness,0,0.49748179262928016
T1bIc4,frame_brightness,1,0.48775377992330443
T1bIc4,global_flow,0,0.4947337074072913
T1bIc4,global_flow,1,0.5030458815293146
T1bIc4,gpt2_surprisal,0,0.5584359946919115
T1bIc4,gpt2_surprisal,1,0.5409182575258874
T1bIc4,local_flow,0,0.49106088628360656
T1bIc4,local_flow,1,0.4839294483976469
T1bIc4,onset,0,0.6809573987656179
T1bIc4,onset,1,0.6471925334939033
T1bIc4,pitch,0,0.5274860767165084
T1bIc4,pitch,1,0.49454562552898035
T1bIc4,speech,0,0.5790779808365464
T1bIc4,speech,1,0.5569940336248602
T1bIc4,volume,0,0.5503432494279177
T1bIc4,volume,1,0.5158406737510841
T1bIc4,word_gap,0,0.5166543103862093
T1bIc4,word_gap,1,0.50515496909152
T1bIc4,word_head_pos,0,0.5517434145220108
T1bIc4,word_head_pos,1,0.5485616960805826
T1bIc4,word_index,0,0.5279507881584006
T1bIc4,word_index,1,0.5641676278354478
T1bIc4,word_length,0,0.5238863985455001
T1bIc4,word_length,1,0.5253335841091711
T1bIc4,word_part_speech,0,0.5144332678151617
T1bIc4,word_part_speech,1,0.5712542233527319
F3dIe8,delta_volume,0,0.4893577003855679
F3dIe8,delta_volume,1,0.4862282269103372
F3dIe8,face_num,0,0.4816149963950974
F3dIe8,face_num,1,0.49029810977712296
F3dIe8,frame_brightness,0,0.4956114228394094
F3dIe8,frame_brightness,1,0.49014659937515015
F3dIe8,global_flow,0,0.4719549021451783
F3dIe8,global_flow,1,0.4877537799233044
F3dIe8,gpt2_surprisal,0,0.5135366707417741
F3dIe8,gpt2_surprisal,1,0.5144352841603711
F3dIe8,local_flow,0,0.48893451615936806
F3dIe8,local_flow,1,0.490527987628392
F3dIe8,onset,0,0.5393271112449194
F3dIe8,onset,1,0.48600782778864965
F3dIe8,pitch,0,0.5290064052328558
F3dIe8,pitch,1,0.5104124217631631
F3dIe8,speech,0,0.5294348139556754
F3dIe8,speech,1,0.5025809013301569
F3dIe8,volume,0,0.48805680072725
F3dIe8,volume,1,0.4687940816902291
F3dIe8,word_gap,0,0.5025308151411549
F3dIe8,word_gap,1,0.46964355242174205
F3dIe8,word_head_pos,0,0.474603721931392
F3dIe8,word_head_pos,1,0.5153652445586868
F3dIe8,word_index,0,0.5622145328719722
F3dIe8,word_index,1,0.5195847750865052
F3dIe8,word_length,0,0.5123872814854289
F3dIe8,word_length,1,0.49213190809065543
F3dIe8,word_part_speech,0,0.5112858262355314
F3dIe8,word_part_speech,1,0.5195077144435452
T1cIf5,delta_volume,0,0.5725734825449568
T1cIf5,delta_volume,1,0.5653480037198416
T1cIf5,face_num,0,0.5424803820151928
T1cIf5,face_num,1,0.4983542835647786
T1cIf5,frame_brightness,0,0.5154018160350251
T1cIf5,frame_brightness,1,0.49133256010783366
T1cIf5,global_flow,0,0.4906377020574068
T1cIf5,global_flow,1,0.4874089631464008
T1cIf5,gpt2_surprisal,0,0.5729966667711566
T1cIf5,gpt2_surprisal,1,0.5473182658850819
T1cIf5,local_flow,0,0.4993887338954892
T1cIf5,local_flow,1,0.4873149222072453
T1cIf5,onset,0,0.6108610567514677
T1cIf5,onset,1,0.6157835315369562
T1cIf5,pitch,0,0.5346175146024681
T1cIf5,pitch,1,0.5384366216315059
T1cIf5,speech,0,0.5348996374199346
T1cIf5,speech,1,0.5488281454081899
T1cIf5,volume,0,0.498302038598581
T1cIf5,volume,1,0.513327690876984
T1cIf5,word_gap,0,0.519955837409128
T1cIf5,word_gap,1,0.5067017265012881
T1cIf5,word_head_pos,0,0.5522763131772254
T1cIf5,word_head_pos,1,0.5435775263053405
T1cIf5,word_index,0,0.5802845059592464
T1cIf5,word_index,1,0.5808227604767398
T1cIf5,word_length,0,0.552075170057365
T1cIf5,word_length,1,0.4995768157738002
T1cIf5,word_part_speech,0,0.5358615639572976
T1cIf5,word_part_speech,1,0.557572487506584
T2c5,delta_volume,0,0.5316552250190694
T2c5,delta_volume,1,0.49587787216701673
T2c5,face_num,0,0.5386926219658735
T2c5,face_num,1,0.49014137487853043
T2c5,frame_brightness,0,0.5329770226638664
T2c5,frame_brightness,1,0.5159608371733383
T2c5,global_flow,0,0.5236826431773299
T2c5,global_flow,1,0.5184738200474384
T2c5,gpt2_surprisal,0,0.5129201801406434
T2c5,gpt2_surprisal,1,0.49554350438335265
T2c5,local_flow,0,0.49981191812168896
T2c5,local_flow,1,0.4959823620994117
T2c5,onset,0,0.5428496161372873
T2c5,onset,1,0.5141502333283156
T2c5,pitch,0,0.48832847455147693
T2c5,pitch,1,0.48150005746946284
T2c5,speech,0,0.5204904757426622
T2c5,speech,1,0.47816160412944214
T2c5,volume,0,0.5079882553315989
T2c5,volume,1,0.4831875698776422
T2c5,word_gap,0,0.5182170687346992
T2c5,word_gap,1,0.48128690216492703
T2c5,word_head_pos,0,0.5295393038880705
T2c5,word_head_pos,1,0.521498803590274
T2c5,word_index,0,0.5001922337562477
T2c5,word_index,1,0.5142791234140714
T2c5,word_length,0,0.5062119264808835
T2c5,word_length,1,0.4736371900567381
T2c5,word_part_speech,0,0.45829318739481767
T2c5,word_part_speech,1,0.49946686193651163
T3bOT10,delta_volume,0,0.5141165898665664
T3bOT10,delta_volume,1,0.4987774677909783
T3bOT10,face_num,0,0.5256627273962153
T3bOT10,face_num,1,0.5020845741512805
T3bOT10,frame_brightness,0,0.5082233576794876
T3bOT10,frame_brightness,1,0.4993417134259114
T3bOT10,global_flow,0,0.5255791354502994
T3bOT10,global_flow,1,0.4910922332633251
T3bOT10,gpt2_surprisal,0,0.526550891821573
T3bOT10,gpt2_surprisal,1,0.513682956647127
T3bOT10,local_flow,0,0.4980146912844947
T3bOT10,local_flow,1,0.5065828657408858
T3bOT10,onset,0,0.553183802498871
T3bOT10,onset,1,0.517063073912389
T3bOT10,pitch,0,0.5250462367950849
T3bOT10,pitch,1,0.4933178688233389
T3bOT10,speech,0,0.5303961213337095
T3bOT10,speech,1,0.5095085838479463
T3bOT10,volume,0,0.5255948089401586
T3bOT10,volume,1,0.49662497518364107
T3bOT10,word_gap,0,0.5260788632933132
T3bOT10,word_gap,1,0.4824549706916139
T3bOT10,word_head_pos,0,0.5022151865667743
T3bOT10,word_head_pos,1,0.5314357961610399
T3bOT10,word_index,0,0.5445751633986928
T3bOT10,word_index,1,0.5145251826220685
T3bOT10,word_length,0,0.507565071105399
T3bOT10,word_length,1,0.48515198060666853
T3bOT10,word_part_speech,0,0.46881463496101017
T3bOT10,word_part_speech,1,0.474068935393944
F3aOFa4,delta_volume,0,0.5010135523442316
F3aOFa4,delta_volume,1,0.4990230191321066
F3aOFa4,face_num,0,0.5225593764040835
F3aOFa4,face_num,1,0.4958987701534957
F3aOFa4,frame_brightness,0,0.4999686530202815
F3aOFa4,frame_brightness,1,0.4881560661630252
F3aOFa4,global_flow,0,0.5052506191028494
F3aOFa4,global_flow,1,0.5063738858760959
F3aOFa4,gpt2_surprisal,0,0.5175908801187006
F3aOFa4,gpt2_surprisal,1,0.5097280127059758
F3aOFa4,local_flow,0,0.48350626417144704
F3aOFa4,local_flow,1,0.4699277974567151
F3aOFa4,onset,0,0.5599277434893873
F3aOFa4,onset,1,0.4964925485473431
F3aOFa4,pitch,0,0.5156787143558719
F3aOFa4,pitch,1,0.5244088482074752
F3aOFa4,speech,0,0.5351713112441616
F3aOFa4,speech,1,0.49931559094281264
F3aOFa4,volume,0,0.5288235478511645
F3aOFa4,volume,1,0.5033489023332602
F3aOFa4,word_gap,0,0.49987999295958696
F3aOFa4,word_gap,1,0.49241288822277574
F3aOFa4,word_head_pos,0,0.5228728462012686
F3aOFa4,word_head_pos,1,0.5245028891466307
F3aOFa4,word_index,0,0.4887043444828912
F3aOFa4,word_index,1,0.5017762399077278
F3aOFa4,word_length,0,0.5206576596344942
F3aOFa4,word_length,1,0.49260211278643307
F3aOFa4,word_part_speech,0,0.5026528436171169
F3aOFa4,word_part_speech,1,0.5160134119551393
F3bIaOFb2,delta_volume,0,0.5457352434092976
F3bIaOFb2,delta_volume,1,0.5231967649916931
F3bIaOFb2,face_num,0,0.5155898979133361
F3bIaOFb2,face_num,1,0.4820747520976354
F3bIaOFb2,frame_brightness,0,0.517225165355318
F3bIaOFb2,frame_brightness,1,0.5092055630440007
F3bIaOFb2,global_flow,0,0.4944045641202471
F3bIaOFb2,global_flow,1,0.4995297953042225
F3bIaOFb2,gpt2_surprisal,0,0.5052871905791877
F3bIaOFb2,gpt2_surprisal,1,0.5115931579992268
F3bIaOFb2,local_flow,0,0.4873985141531614
F3bIaOFb2,local_flow,1,0.4701785732944631
F3bIaOFb2,onset,0,0.5442646394701189
F3bIaOFb2,onset,1,0.5071353304230017
F3bIaOFb2,pitch,0,0.4975601600785764
F3bIaOFb2,pitch,1,0.48353761115116556
F3bIaOFb2,speech,0,0.5070791929197622
F3bIaOFb2,speech,1,0.48891884266950886
F3bIaOFb2,volume,0,0.5295863243576482
F3bIaOFb2,volume,1,0.5016718389183202
F3bIaOFb2,word_gap,0,0.4978692083268885
F3bIaOFb2,word_gap,1,0.5071177509080533
F3bIaOFb2,word_head_pos,0,0.5231183975423968
F3bIaOFb2,word_head_pos,1,0.5172878593147551
F3bIaOFb2,word_index,0,0.5194002306805074
F3bIaOFb2,word_index,1,0.5179700115340253
F3bIaOFb2,word_length,0,0.5111125043102097
F3bIaOFb2,word_length,1,0.5155219794572794
F3bIaOFb2,word_part_speech,0,0.5124805693657584
F3bIaOFb2,word_part_speech,1,0.5416554258038823
F3bIaOFb14,delta_volume,0,0.4948799933126443
F3bIaOFb14,delta_volume,1,0.48447279604610094
F3bIaOFb14,face_num,0,0.5096496452566794
F3bIaOFb14,face_num,1,0.5062746204403206
F3bIaOFb14,frame_brightness,0,0.490590681587829
F3bIaOFb14,frame_brightness,1,0.5149681828155857
F3bIaOFb14,global_flow,0,0.49104521279374735
F3bIaOFb14,global_flow,1,0.5059350281600368
F3bIaOFb14,gpt2_surprisal,0,0.5394397249824979
F3bIaOFb14,gpt2_surprisal,1,0.5078524184194853
F3bIaOFb14,local_flow,0,0.46947849074741654
F3bIaOFb14,local_flow,1,0.46957775618319175
F3bIaOFb14,onset,0,0.5573987656179437
F3bIaOFb14,onset,1,0.5385443323799488
F3bIaOFb14,pitch,0,0.5154070405316449
F3bIaOFb14,pitch,1,0.5170893284432045
F3bIaOFb14,speech,0,0.48651557422442343
F3bIaOFb14,speech,1,0.4632561152732934
F3bIaOFb14,volume,0,0.5047960878969311
F3bIaOFb14,volume,1,0.49902301913210667
F3bIaOFb14,word_gap,0,0.47846006965741983
F3bIaOFb14,word_gap,1,0.5137261386001313
F3bIaOFb14,word_head_pos,0,0.4854706749004733
F3bIaOFb14,word_head_pos,1,0.5195657398409663
F3bIaOFb14,word_index,0,0.5095271049596309
F3bIaOFb14,word_index,1,0.49899269511726263
F3bIaOFb14,word_length,0,0.528436935101303
F3bIaOFb14,word_length,1,0.5194821478950503
F3bIaOFb14,word_part_speech,0,0.5372747009930499
F3bIaOFb14,word_part_speech,1,0.535527549748847
T1aIb1,delta_volume,0,0.5428722192616742
T1aIb1,delta_volume,1,0.5163317764333407
T1aIb1,face_num,0,0.5183170851488459
T1aIb1,face_num,1,0.4969593429673051
T1aIb1,frame_brightness,0,0.5037250660898822
T1aIb1,frame_brightness,1,0.4913430091010731
T1aIb1,global_flow,0,0.4790967890243775
T1aIb1,global_flow,1,0.47753466453507204
T1aIb1,gpt2_surprisal,0,0.5167601851561601
T1aIb1,gpt2_surprisal,1,0.5376268246554444
T1aIb1,local_flow,0,0.473010250462368
T1aIb1,local_flow,1,0.49326562385714134
T1aIb1,onset,0,0.5746575342465754
T1aIb1,onset,1,0.5470871594159266
T1aIb1,pitch,0,0.517747615017293
T1aIb1,pitch,1,0.511755117394439
T1aIb1,speech,0,0.5568111762431689
T1aIb1,speech,1,0.50880327680428
T1aIb1,volume,0,0.498134854706749
T1aIb1,volume,1,0.46414950419527073
T1aIb1,word_gap,0,0.5017787710212332
T1aIb1,word_gap,1,0.4966211351065929
T1aIb1,word_head_pos,0,0.544047731001118
T1aIb1,word_head_pos,1,0.52410060290691
T1aIb1,word_index,0,0.5766858900422914
T1aIb1,word_index,1,0.5822683583237217
T1aIb1,word_length,0,0.5256052579333981
T1aIb1,word_length,1,0.5088555217704774
T1aIb1,word_part_speech,0,0.5030767847278426
T1aIb1,word_part_speech,1,0.5507765830346475
T2aA5,delta_volume,0,0.5279510569156661
T2aA5,delta_volume,1,0.49417991076559775
T2aA5,face_num,0,0.5038243315256574
T2aA5,face_num,1,0.499811918121689
T2aA5,frame_brightness,0,0.49246627587431946
T2aA5,frame_brightness,1,0.481306751094532
T2aA5,global_flow,0,0.4749642121981547
T2aA5,global_flow,1,0.47996666771156604
T2aA5,gpt2_surprisal,0,0.5405786652456036
T2aA5,gpt2_surprisal,1,0.5346488615821865
T2aA5,local_flow,0,0.46945759276093746
T2aA5,local_flow,1,0.47834968600775307
T2aA5,onset,0,0.5845476441366853
T2aA5,onset,1,0.5099277434893873
T2aA5,pitch,0,0.5096078492837215
T2aA5,pitch,1,0.48611851248132243
T2aA5,speech,0,0.5227265602959155
T2aA5,speech,1,0.4917087238644557
T2aA5,volume,0,0.5090018076758305
T2aA5,volume,1,0.46290084950315036
T2aA5,word_gap,0,0.5039015622249838
T2aA5,word_gap,1,0.5053789822336244
T2aA5,word_head_pos,0,0.5224548864716885
T2aA5,word_head_pos,1,0.51844247306772
T2aA5,word_index,0,0.5415455594002306
T2aA5,word_index,1,0.5235063437139562
T2aA5,word_length,0,0.49524048357940714
T2aA5,word_length,1,0.49428440069799273
T2aA5,word_part_speech,0,0.4832414794260094
T2aA5,word_part_speech,1,0.5325599619737671
T2bHa7,delta_volume,0,0.5181446767603941
T2bHa7,delta_volume,1,0.509033154655549
T2bHa7,face_num,0,0.4977743644399862
T2bHa7,face_num,1,0.5278883629562292
T2bHa7,frame_brightness,0,0.5005485721450738
T2bHa7,frame_brightness,1,0.49492701378222204
T2bHa7,global_flow,0,0.4743268236105452
T2bHa7,global_flow,1,0.4676551414271235
T2bHa7,gpt2_surprisal,0,0.5283690166452463
T2bHa7,gpt2_surprisal,1,0.5263837079297409
T2bHa7,local_flow,0,0.4609259897808846
T2bHa7,local_flow,1,0.474958987701535
T2bHa7,onset,0,0.5865798584976667
T2bHa7,onset,1,0.514466355562246
T2bHa7,pitch,0,0.5254328495449463
T2bHa7,pitch,1,0.5029204936104407
T2bHa7,speech,0,0.5380029884120665
T2bHa7,speech,1,0.4925655413100948
T2bHa7,volume,0,0.5255059924976229
T2bHa7,volume,1,0.5033280043467813
T2bHa7,word_gap,0,0.5062270319858765
T2bHa7,word_gap,1,0.5070590807994069
T2bHa7,word_head_pos,0,0.48250316082045497
T2bHa7,word_head_pos,1,0.5110759328338714
T2bHa7,word_index,0,0.5321030372933487
T2bHa7,word_index,1,0.5490811226451364
T2bHa7,word_length,0,0.5050782107143976
T2bHa7,word_length,1,0.4990804885949239
T2bHa7,word_part_speech,0,0.495535771637055
T2bHa7,word_part_speech,1,0.5383024370190517
T1bIc5,delta_volume,0,0.6679518928351252
T1bIc5,delta_volume,1,0.6400008359194591
T1bIc5,face_num,0,0.5285048535573598
T1bIc5,face_num,1,0.5132649969175469
T1bIc5,frame_brightness,0,0.5216241915091481
T1bIc5,frame_brightness,1,0.4904339466892364
T1bIc5,global_flow,0,0.5022204110633941
T1bIc5,global_flow,1,0.5014524100602907
T1bIc5,gpt2_surprisal,0,0.5399987461208113
T1bIc5,gpt2_surprisal,1,0.5404950732996876
T1bIc5,local_flow,0,0.4871059423424553
T1bIc5,local_flow,1,0.4752620085054805
T1bIc5,onset,0,0.6693436700286016
T1bIc5,onset,1,0.6437151889206684
T1bIc5,pitch,0,0.5002194288580295
T1bIc5,pitch,1,0.5118073623606366
T1bIc5,speech,0,0.5842972529596773
T1bIc5,speech,1,0.5700291526911383
T1bIc5,volume,0,0.5309708159618821
T1bIc5,volume,1,0.5164623888488344
T1bIc5,word_gap,0,0.5314125095338926
T1bIc5,word_gap,1,0.5432372032492573
T1bIc5,word_head_pos,0,0.5367020887537486
T1bIc5,word_head_pos,1,0.5283585676520067
T1bIc5,word_index,0,0.5451134179161861
T1bIc5,word_index,1,0.567520184544406
T1bIc5,word_length,0,0.5245655831060678
T1bIc5,word_length,1,0.4968862000146286
T1bIc5,word_part_speech,0,0.4870312560218908
T1bIc5,word_part_speech,1,0.547397900849167
F3dIe9,delta_volume,0,0.5148218969102327
F3dIe9,delta_volume,1,0.49634285236617454
F3dIe9,face_num,0,0.5026540442828333
F3dIe9,face_num,1,0.4999947755033803
F3dIe9,frame_brightness,0,0.5192000250775837
F3dIe9,frame_brightness,1,0.4872574527444281
F3dIe9,global_flow,0,0.4933753382861561
F3dIe9,global_flow,1,0.5093518489493538
F3dIe9,gpt2_surprisal,0,0.4771846232615488
F3dIe9,gpt2_surprisal,1,0.4916303564151594
F3dIe9,local_flow,0,0.5014628590535302
F3dIe9,local_flow,1,0.5075807445952583
F3dIe9,onset,0,0.5081664910432033
F3dIe9,onset,1,0.4669878067138341
F3dIe9,pitch,0,0.5235938267347942
F3dIe9,pitch,1,0.5101773194152743
F3dIe9,speech,0,0.540045766590389
F3dIe9,speech,1,0.4973093842408284
F3dIe9,volume,0,0.47764437896408685
F3dIe9,volume,1,0.5020636761648015
F3dIe9,word_gap,0,0.48566582572844275
F3dIe9,word_gap,1,0.4662140178890495
F3dIe9,word_head_pos,0,0.47404992528969836
F3dIe9,word_head_pos,1,0.526529993835094
F3dIe9,word_index,0,0.545282583621684
F3dIe9,word_index,1,0.5451134179161862
F3dIe9,word_length,0,0.4902667627974045
F3dIe9,word_length,1,0.4902615383007848
F3dIe9,word_part_speech,0,0.5043357613596947
F3dIe9,word_part_speech,1,0.5043100679590447
T1cIf6,delta_volume,0,0.5594861185124813
T1cIf6,delta_volume,1,0.5184685955508186
T1cIf6,face_num,0,0.558864403414731
T1cIf6,face_num,1,0.518400677094762
T1cIf6,frame_brightness,0,0.47836535949761244
T1cIf6,frame_brightness,1,0.49131688661797435
T1cIf6,global_flow,0,0.4989289781929511
T1cIf6,global_flow,1,0.49929991745295343
T1cIf6,gpt2_surprisal,0,0.5513463527789098
T1cIf6,gpt2_surprisal,1,0.5639635121156077
T1cIf6,local_flow,0,0.519884434134771
T1cIf6,local_flow,1,0.5139650794645936
T1cIf6,onset,0,0.5982839078729489
T1cIf6,onset,1,0.6066084600331176
T1cIf6,pitch,0,0.517016185490528
T1cIf6,pitch,1,0.5050259657482002
T1cIf6,speech,0,0.5202867203744919
T1cIf6,speech,1,0.5192888415201196
T1cIf6,volume,0,0.5012904506650784
T1cIf6,volume,1,0.5201404344691389
T1cIf6,word_gap,0,0.5034748705257375
T1cIf6,word_gap,1,0.5080298044151924
T1cIf6,word_head_pos,0,0.5780017345328777
T1cIf6,word_head_pos,1,0.5715338077176263
T1cIf6,word_index,0,0.5781468665897731
T1cIf6,word_index,1,0.5902345251826221
T1cIf6,word_length,0,0.5392882145805251
T1cIf6,word_length,1,0.5103236053206274
T1cIf6,word_part_speech,0,0.523605811847227
T1cIf6,word_part_speech,1,0.5424776146246837
T2c6,delta_volume,0,0.5059663751397552
T2c6,delta_volume,1,0.4709883702705244
T2c6,face_num,0,0.5456150799870433
T2c6,face_num,1,0.5246335015621244
T2c6,frame_brightness,0,0.5294243649624358
T2c6,frame_brightness,1,0.5117289949113403
T2c6,global_flow,0,0.5172094918654588
T2c6,global_flow,1,0.5196650052767416
T2c6,gpt2_surprisal,0,0.4962749339101178
T2c6,gpt2_surprisal,1,0.5357355568790947
T2c6,local_flow,0,0.49141092755712984
T2c6,local_flow,1,0.5053916805115827
T2c6,onset,0,0.5514451302122535
T2c6,onset,1,0.5247629083245522
T2c6,pitch,0,0.49992163255070377
T2c6,pitch,1,0.46425921862428554
T2c6,speech,0,0.5336300847413352
T2c6,speech,1,0.4846713269176515
T2c6,volume,0,0.4888300262269731
T2c6,volume,1,0.49405452284672363
T2c6,word_gap,0,0.5225853250057336
T2c6,word_gap,1,0.5047602792697171
T2c6,word_head_pos,0,0.5147017334879784
T2c6,word_head_pos,1,0.5221570901643627
T2c6,word_index,0,0.5224605920799692
T2c6,word_index,1,0.5160476739715493
T2c6,word_length,0,0.5183118606522261
T2c6,word_length,1,0.4835219376613063
T2c6,word_part_speech,0,0.4792076155239527
T2c6,word_part_speech,1,0.49151475443532333
T3bOT12,delta_volume,0,0.5289437112734189
T3bOT12,delta_volume,1,0.5128705474227558
T3bOT12,face_num,0,0.4992581214799954
T3bOT12,face_num,1,0.48440487759004414
T3bOT12,frame_brightness,0,0.5039497194445315
T3bOT12,frame_brightness,1,0.49765420101773195
T3bOT12,global_flow,0,0.524163296866347
T3bOT12,global_flow,1,0.5036466986405859
T3bOT12,gpt2_surprisal,0,0.5147069579845982
T3bOT12,gpt2_surprisal,1,0.5150465502648819
T3bOT12,local_flow,0,0.5095138083445659
T3bOT12,local_flow,1,0.5197747197057564
T3bOT12,onset,0,0.5675673641427066
T3bOT12,onset,1,0.5572407045009784
T3bOT12,pitch,0,0.531916449850057
T3bOT12,pitch,1,0.5062955184267995
T3bOT12,speech,0,0.5418795649039214
T3bOT12,speech,1,0.5150308767750227
T3bOT12,volume,0,0.4920953366143172
T3bOT12,volume,1,0.46209627702370876
T3bOT12,word_gap,0,0.5397996682472037
T3bOT12,word_gap,1,0.5036668817903983
T3bOT12,word_head_pos,0,0.49263345976615147
T3bOT12,word_head_pos,1,0.5185156160203964
T3bOT12,word_index,0,0.5078046905036524
T3bOT12,word_index,1,0.5630449826989621
T3bOT12,word_length,0,0.5007993479828219
T3bOT12,word_length,1,0.49760195605153446
T3bOT12,word_part_speech,0,0.4802738916509295
T3bOT12,word_part_speech,1,0.5004560578615382
F3aOFa7,delta_volume,0,0.528750404898488
F3aOFa7,delta_volume,1,0.5196911277598404
F3aOFa7,face_num,0,0.5145084271130477
F3aOFa7,face_num,1,0.5150099787885437
F3aOFa7,frame_brightness,0,0.4811395672027
F3aOFa7,frame_brightness,1,0.4554193703436673
F3aOFa7,global_flow,0,0.46286950252343184
F3aOFa7,global_flow,1,0.46293219648286893
F3aOFa7,gpt2_surprisal,0,0.5085211539868134
F3aOFa7,gpt2_surprisal,1,0.5033436778366405
F3aOFa7,local_flow,0,0.44935372976813687
F3aOFa7,local_flow,1,0.4675663249845877
F3aOFa7,onset,0,0.5698178533794972
F3aOFa7,onset,1,0.4890260424507
F3aOFa7,pitch,0,0.5128809964159953
F3aOFa7,pitch,1,0.5102818093476693
F3aOFa7,speech,0,0.5120215667220464
F3aOFa7,speech,1,0.5095399308276648
F3aOFa7,volume,0,0.5224287639885897
F3aOFa7,volume,1,0.5160130821395359
F3aOFa7,word_gap,0,0.48859933116076143
F3aOFa7,word_gap,1,0.494578348596451
F3aOFa7,word_head_pos,0,0.49370970606982023
F3aOFa7,word_head_pos,1,0.49058545709120926
F3aOFa7,word_index,0,0.5226912725874664
F3aOFa7,word_index,1,0.48522875816993466
F3aOFa7,word_length,0,0.46679309948486464
F3aOFa7,word_length,1,0.49009435440895277
F3aOFa7,word_part_speech,0,0.47816703279762596
F3aOFa7,word_part_speech,1,0.4965635076630568
F3bIaOFb3,delta_volume,0,0.5279040364460884
F3bIaOFb3,delta_volume,1,0.5157779797916471
F3bIaOFb3,face_num,0,0.49791020135209973
F3bIaOFb3,face_num,1,0.5048274348766496
F3bIaOFb3,frame_brightness,0,0.49980669362506924
F3bIaOFb3,frame_brightness,1,0.51739234924715
F3bIaOFb3,global_flow,0,0.4664535072045809
F3bIaOFb3,global_flow,1,0.49389256345151145
F3bIaOFb3,gpt2_surprisal,0,0.5023771459619866
F3bIaOFb3,gpt2_surprisal,1,0.49787885437238116
F3bIaOFb3,local_flow,0,0.4623731753445556
F3bIaOFb3,local_flow,1,0.47954087123705624
F3bIaOFb3,onset,0,0.5342992623814542
F3bIaOFb3,onset,1,0.4990967936173415
F3bIaOFb3,pitch,0,0.49897077416590907
F3bIaOFb3,pitch,1,0.4807529544528385
F3bIaOFb3,speech,0,0.538201519283617
F3bIaOFb3,speech,1,0.5036623721304452
F3bIaOFb3,volume,0,0.5207778230567486
F3bIaOFb3,volume,1,0.49443591109996543
F3bIaOFb3,word_gap,0,0.4829083306220632
F3bIaOFb3,word_gap,1,0.5085098325768445
F3bIaOFb3,word_head_pos,0,0.528416037114824
F3bIaOFb3,word_head_pos,1,0.530364774353991
F3bIaOFb3,word_index,0,0.5405151864667435
F3bIaOFb3,word_index,1,0.5159707804690504
F3bIaOFb3,word_length,0,0.5255530129672006
F3bIaOFb3,word_length,1,0.5178991254192659
F3bIaOFb3,word_part_speech,0,0.5219228941046492
F3bIaOFb3,word_part_speech,1,0.49191300214539896
F3bIaOFb15,delta_volume,0,0.5098116046518918
F3bIaOFb15,delta_volume,1,0.5065306207746884
F3bIaOFb15,face_num,0,0.5218540693604171
F3bIaOFb15,face_num,1,0.5284682820810215
F3bIaOFb15,frame_brightness,0,0.4847914903399058
F3bIaOFb15,frame_brightness,1,0.5090383791521687
F3bIaOFb15,global_flow,0,0.5001358369121136
F3bIaOFb15,global_flow,1,0.5047281694408744
F3bIaOFb15,gpt2_surprisal,0,0.508949562709633
F3bIaOFb15,gpt2_surprisal,1,0.5017397573743769
F3bIaOFb15,local_flow,0,0.47679801051168724
F3bIaOFb15,local_flow,1,0.4670073038462744
F3bIaOFb15,onset,0,0.552860153545085
F3bIaOFb15,onset,1,0.5094610868583471
F3bIaOFb15,pitch,0,0.4813642205573493
F3bIaOFb15,pitch,1,0.4895928027334566
F3bIaOFb15,speech,0,0.5194821478950503
F3bIaOFb15,speech,1,0.5095634410624537
F3bIaOFb15,volume,0,0.4858363896638559
F3bIaOFb15,volume,1,0.4789348296291652
F3bIaOFb15,word_gap,0,0.4923542181141293
F3bIaOFb15,word_gap,1,0.5162702878568877
F3bIaOFb15,word_head_pos,0,0.5061544570180663
F3bIaOFb15,word_head_pos,1,0.5367595582165658
F3bIaOFb15,word_index,0,0.5255517108804306
F3bIaOFb15,word_index,1,0.4750941945405613
F3bIaOFb15,word_length,0,0.5322142461573828
F3bIaOFb15,word_length,1,0.5138083445660011
F3bIaOFb15,word_part_speech,0,0.48620906720108936
F3bIaOFb15,word_part_speech,1,0.5021518223044411
T1aIb2,delta_volume,0,0.5436402202647775
T1aIb2,delta_volume,1,0.5028264526712851
T1aIb2,face_num,0,0.5087458073414626
T1aIb2,face_num,1,0.4977116704805492
T1aIb2,frame_brightness,0,0.4855594913430091
T1aIb2,frame_brightness,1,0.4978997523588602
T1aIb2,global_flow,0,0.4898331295779652
T1aIb2,global_flow,1,0.4976228540380135
T1aIb2,gpt2_surprisal,0,0.5361169451323364
T1aIb2,gpt2_surprisal,1,0.5435670773121011
T1aIb2,local_flow,0,0.47976552459170557
T1aIb2,local_flow,1,0.5110759328338714
T1aIb2,onset,0,0.6146771037181995
T1aIb2,onset,1,0.5823272617793165
T1aIb2,pitch,0,0.520370312320408
T1aIb2,pitch,1,0.5067369883911685
T1aIb2,speech,0,0.5742662194497561
T1aIb2,speech,1,0.5122253220902167
T1aIb2,volume,0,0.5299729371075097
T1aIb2,volume,1,0.4996395097332372
T1aIb2,word_gap,0,0.4956504114908075
T1aIb2,word_gap,1,0.5245161049448234
T1aIb2,word_head_pos,0,0.5260232176629782
T1aIb2,word_head_pos,1,0.52095545594182
T1aIb2,word_index,0,0.5555247981545559
T1aIb2,word_index,1,0.575594002306805
T1aIb2,word_length,0,0.5214308851342173
T1aIb2,word_length,1,0.5052035986332717
T1aIb2,word_part_speech,0,0.5047340090697704
T1aIb2,word_part_speech,1,0.5542837322233785
T2aA6,delta_volume,0,0.5297900797258184
T2aA6,delta_volume,1,0.4803245457300189
T2aA6,face_num,0,0.5064313553389131
T2aA6,face_num,1,0.5027533097186087
T2aA6,frame_brightness,0,0.5050886597076372
T2aA6,frame_brightness,1,0.49143182554360887
T2aA6,global_flow,0,0.492288642989248
T2aA6,global_flow,1,0.49853191644985
T2aA6,gpt2_surprisal,0,0.53960690887433
T2aA6,gpt2_surprisal,1,0.5259970951798794
T2aA6,local_flow,0,0.4733106590180036
T2aA6,local_flow,1,0.49132211111459406
T2aA6,onset,0,0.5907948216167394
T2aA6,onset,1,0.5210146018365196
T2aA6,pitch,0,0.5293721199962383
T2aA6,pitch,1,0.49303052150925253
T2aA6,speech,0,0.548598267556921
T2aA6,speech,1,0.5070478459400437
T2aA6,volume,0,0.5121887506138784
T2aA6,volume,1,0.4754135189074533
T2aA6,word_gap,0,0.49873325901786236
T2aA6,word_gap,1,0.4988185973577116
T2aA6,word_head_pos,0,0.5216607629854864
T2aA6,word_head_pos,1,0.522402641505491
T2aA6,word_index,0,0.5489734717416378
T2aA6,word_index,1,0.5417301038062283
T2aA6,word_length,0,0.4948172993532073
T2aA6,word_length,1,0.4887098628047188
T2aA6,word_part_speech,0,0.49461080921365347
T2aA6,word_part_speech,1,0.5482586297709433
T2bHa8,delta_volume,0,0.5288601193275029
T2bHa8,delta_volume,1,0.5147487539575561
T2bHa8,face_num,0,0.5300774270399047
T2bHa8,face_num,1,0.5464980199157812
T2bHa8,frame_brightness,0,0.5202553733947735
T2bHa8,frame_brightness,1,0.499916408054084
T2bHa8,global_flow,0,0.4981191812168897
T2bHa8,global_flow,1,0.4838145094720123
T2bHa8,gpt2_surprisal,0,0.5199419035975883
T2bHa8,gpt2_surprisal,1,0.5259344012204423
T2bHa8,local_flow,0,0.47587327460999135
T2bHa8,local_flow,1,0.48587818563681384
T2bHa8,onset,0,0.5776908023483366
T2bHa8,onset,1,0.5192006623513473
T2bHa8,pitch,0,0.5136620586606481
T2bHa8,pitch,1,0.4935843181509461
T2bHa8,speech,0,0.5463256115273294
T2bHa8,speech,1,0.5043311076977733
T2bHa8,volume,0,0.5157675307984075
T2bHa8,volume,1,0.4948799933126443
T2bHa8,word_gap,0,0.512398060686227
T2bHa8,word_gap,1,0.514920875358021
T2bHa8,word_head_pos,0,0.5109557694116172
T2bHa8,word_head_pos,1,0.5345025756768336
T2bHa8,word_index,0,0.5304421376393694
T2bHa8,word_index,1,0.5496347558631296
T2bHa8,word_length,0,0.5119849952457082
T2bHa8,word_length,1,0.52849962906074
T2bHa8,word_part_speech,0,0.511722614046582
T2bHa8,word_part_speech,1,0.5548104469367042
T1bIc6,delta_volume,0,0.7140998714773832
T1bIc6,delta_volume,1,0.6913419642017491
T1bIc6,face_num,0,0.5312764490141375
T1bIc6,face_num,1,0.5289907317429966
T1bIc6,frame_brightness,0,0.49706905739631985
T1bIc6,frame_brightness,1,0.48325026383707925
T1bIc6,global_flow,0,0.4782974410415557
T1bIc6,global_flow,1,0.47921695244663176
T1bIc6,gpt2_surprisal,0,0.5822753727678338
T1bIc6,gpt2_surprisal,1,0.5614662027313668
T1bIc6,local_flow,0,0.48170903733425285
T1bIc6,local_flow,1,0.49326562385714134
T1bIc6,onset,0,0.7132997139846455
T1bIc6,onset,1,0.6692759295499022
T1bIc6,pitch,0,0.5330762880996416
T1bIc6,pitch,1,0.5055066194372172
T1bIc6,speech,0,0.6018567860986594
T1bIc6,speech,1,0.6107593283387146
T1bIc6,volume,0,0.5405995632320826
T1bIc6,volume,1,0.5340584934641547
T1bIc6,word_gap,0,0.49604510131261037
T1bIc6,word_gap,1,0.5164996346452325
T1bIc6,word_head_pos,0,0.5510433319749642
T1bIc6,word_head_pos,1,0.567223598006332
T1bIc6,word_index,0,0.5579700115340254
T1bIc6,word_index,1,0.5708112264513648
T1bIc6,word_length,0,0.5607034262248832
T1bIc6,word_length,1,0.5421564632247683
T1bIc6,word_part_speech,0,0.5302604026155882
T1bIc6,word_part_speech,1,0.5534101566012769
F3dIe10,delta_volume,0,0.5593398326071284
F3dIe10,delta_volume,1,0.4988819577233734
F3dIe10,face_num,0,0.5447582625414041
F3dIe10,face_num,1,0.4995820402704199
F3dIe10,frame_brightness,0,0.531937347836536
F3dIe10,frame_brightness,1,0.47521498803590273
F3dIe10,global_flow,0,0.5120111177288068
F3dIe10,global_flow,1,0.49622791344054
F3dIe10,gpt2_surprisal,0,0.47896095211226397
F3dIe10,gpt2_surprisal,1,0.4743007011274464
F3dIe10,local_flow,0,0.4994148563785879
F3dIe10,local_flow,1,0.5099578905572448
F3dIe10,onset,0,0.5339605599879572
F3dIe10,onset,1,0.52341562547042
F3dIe10,pitch,0,0.5066873556732809
F3dIe10,pitch,1,0.49961861174675815
F3dIe10,speech,0,0.5300722025432849
F3dIe10,speech,1,0.5405159712861666
F3dIe10,volume,0,0.516410143882637
F3dIe10,volume,1,0.5037459640763613
F3dIe10,word_gap,0,0.4989146029900421
F3dIe10,word_gap,1,0.4823376304743211
F3dIe10,word_head_pos,0,0.5068754375515919
F3dIe10,word_head_pos,1,0.48853222991964723
F3dIe10,word_index,0,0.5563860053825451
F3dIe10,word_index,1,0.5879430988081508
F3dIe10,word_length,0,0.49524048357940714
F3dIe10,word_length,1,0.49011525239543174
F3dIe10,word_part_speech,0,0.5059929857016225
F3dIe10,word_part_speech,1,0.47706221656967407
T1cIf7,delta_volume,0,0.5569757478866911
T1cIf7,delta_volume,1,0.5562469306082359
T1cIf7,face_num,0,0.5165512052913701
T1cIf7,face_num,1,0.5168124301223578
T1cIf7,frame_brightness,0,0.5208039455398472
T1cIf7,frame_brightness,1,0.51865145293251
T1cIf7,global_flow,0,0.49829158960534153
T1cIf7,global_flow,1,0.47819295110916066
T1cIf7,gpt2_surprisal,0,0.5322246951506222
T1cIf7,gpt2_surprisal,1,0.5289332622801793
T1cIf7,local_flow,0,0.5218488448637973
T1cIf7,local_flow,1,0.5192731680302602
T1cIf7,onset,0,0.5786843293692608
T1cIf7,onset,1,0.559257865422249
T1cIf7,pitch,0,0.49891852919971164
T1cIf7,pitch,1,0.49240880641150225
T1cIf7,speech,0,0.5154906324775608
T1cIf7,speech,1,0.5135000992654357
T1cIf7,volume,0,0.524288684785221
T1cIf7,volume,1,0.49608685203180675
T1cIf7,word_gap,0,0.5226386614681395
T1cIf7,word_gap,1,0.5168463216508702
T1cIf7,word_head_pos,0,0.5445388336833746
T1cIf7,word_head_pos,1,0.5584359946919115
T1cIf7,word_index,0,0.5742252979623221
T1cIf7,word_index,1,0.5561245674740485
T1cIf7,word_length,0,0.5495230034586167
T1cIf7,word_length,1,0.5487706759453728
T1cIf7,word_part_speech,0,0.5333821507945684
T1cIf7,word_part_speech,1,0.5548489870376794
T2c7,delta_volume,0,0.5409496045056059
T2c7,delta_volume,1,0.4904966406486735
T2c7,face_num,0,0.5545123977304787
T2c7,face_num,1,0.5056947013155283
T2c7,frame_brightness,0,0.5189283512533567
T2c7,frame_brightness,1,0.5001724083884518
T2c7,global_flow,0,0.5047281694408744
T2c7,global_flow,1,0.507669561037794
T2c7,gpt2_surprisal,0,0.5130246700730385
T2c7,gpt2_surprisal,1,0.5498207997659426
T2c7,local_flow,0,0.4749485387082954
T2c7,local_flow,1,0.4943732171405285
T2c7,onset,0,0.5662200812885745
T2c7,onset,1,0.534096040945356
T2c7,pitch,0,0.49763852752787274
T2c7,pitch,1,0.4869701054303418
T2c7,speech,0,0.5099996865302028
T2c7,speech,1,0.48765973898414894
T2c7,volume,0,0.5070687439265227
T2c7,volume,1,0.4803193212333992
T2c7,word_gap,0,0.5155449119681689
T2c7,word_gap,1,0.5011760689960477
T2c7,word_head_pos,0,0.5029100446172011
T2c7,word_head_pos,1,0.5171938183755995
T2c7,word_index,0,0.5402845059592465
T2c7,word_index,1,0.5350711264898116
T2c7,word_length,0,0.5181864727333522
T2c7,word_length,1,0.5014680835501499
T2c7,word_part_speech,0,0.47135828162536453
T2c7,word_part_speech,1,0.5191993936357446
T2d1,delta_volume,0,0.5383948256585478
T2d1,delta_volume,1,0.5367177622436078
T2d1,face_num,0,0.4899585174968392
T2d1,face_num,1,0.48018870881790543
T2d1,frame_brightness,0,0.4933126443267191
T2d1,frame_brightness,1,0.4857527977179399
T2d1,global_flow,0,0.5439275675788638
T2d1,global_flow,1,0.5021995130769151
T2d1,gpt2_surprisal,0,0.5382407030082651
T2d1,gpt2_surprisal,1,0.5153861425451658
T2d1,local_flow,0,0.5190746371587097
T2d1,local_flow,1,0.5219115388232344
T2d1,onset,0,0.5608685834713232
T2d1,onset,1,0.5318380249887099
T2d1,pitch,0,0.5401450320261643
T2d1,pitch,1,0.5124499754448658
T2d1,speech,0,0.5117916888707773
T2d1,speech,1,0.5021629416005768
T2d1,volume,0,0.5338965340689424
T2d1,volume,1,0.5049136390708755
T2d1,word_gap,0,0.5441172548789529
T2d1,word_gap,1,0.5332259492556896
T2d1,word_head_pos,0,0.5199105566178699
T2d1,word_head_pos,1,0.5157414083153088
T2d1,word_index,0,0.5337485582468282
T2d1,word_index,1,0.5048212226066896
T2d1,word_length,0,0.5210442723843558
T2d1,word_length,1,0.5203807613136474
T2d1,word_part_speech,0,0.5293996736938118
T2d1,word_part_speech,1,0.521768733700749
F3aOFa8,delta_volume,0,0.499435754365067
F3aOFa8,delta_volume,1,0.49206398963459874
F3aOFa8,face_num,0,0.5365819253314943
F3aOFa8,face_num,1,0.501447185563671
F3aOFa8,frame_brightness,0,0.4660668944547193
F3aOFa8,frame_brightness,1,0.4629269719862491
F3aOFa8,global_flow,0,0.4785534413759235
F3aOFa8,global_flow,1,0.44968809755180095
F3aOFa8,gpt2_surprisal,0,0.5085368274766726
F3aOFa8,gpt2_surprisal,1,0.4826651202156672
F3aOFa8,local_flow,0,0.46312027836117997
F3aOFa8,local_flow,1,0.45121365056476814
F3aOFa8,onset,0,0.5477720909227759
F3aOFa8,onset,1,0.5130212253499924
F3aOFa8,pitch,0,0.5183484321285644
F3aOFa8,pitch,1,0.5245133381398702
F3aOFa8,speech,0,0.5166295727406665
F3aOFa8,speech,1,0.5070269479535647
F3aOFa8,volume,0,0.4979519973250577
F3aOFa8,volume,1,0.5045766590389016
F3aOFa8,word_gap,0,0.5046269381137026
F3aOFa8,word_gap,1,0.4885673292833179
F3aOFa8,word_head_pos,0,0.5126119348400782
F3aOFa8,word_head_pos,1,0.4966824446464584
F3aOFa8,word_index,0,0.5094194540561323
F3aOFa8,word_index,1,0.4730026912725875
F3aOFa8,word_length,0,0.47813548164634334
F3aOFa8,word_length,1,0.4991693050374596
F3aOFa8,word_part_speech,0,0.4890738813735692
F3aOFa8,word_part_speech,1,0.5202785164630465
F3bIaOFb4,delta_volume,0,0.5411115639008182
F3bIaOFb4,delta_volume,1,0.5167601851561602
F3bIaOFb4,face_num,0,0.4812388326384753
F3bIaOFb4,face_num,1,0.5098011556586524
F3bIaOFb4,frame_brightness,0,0.5310962038807562
F3bIaOFb4,frame_brightness,1,0.508970460696112
F3bIaOFb4,global_flow,0,0.4678797947817728
F3bIaOFb4,global_flow,1,0.4662131803600723
F3bIaOFb4,gpt2_surprisal,0,0.5129045066507842
F3bIaOFb4,gpt2_surprisal,1,0.5162142252593963
F3bIaOFb4,local_flow,0,0.45853317032903884
F3bIaOFb4,local_flow,1,0.4801416883483276
F3bIaOFb4,onset,0,0.5464624416679211
F3bIaOFb4,onset,1,0.5253499924732802
F3bIaOFb4,pitch,0,0.5058305382276418
F3bIaOFb4,pitch,1,0.4876597389841489
F3bIaOFb4,speech,0,0.5198896586313908
F3bIaOFb4,speech,1,0.5008881644253576
F3bIaOFb4,volume,0,0.5273659132942541
F3bIaOFb4,volume,1,0.5292571810706039
F3bIaOFb4,word_gap,0,0.4937569670754017
F3bIaOFb4,word_gap,1,0.511395335192998
F3bIaOFb4,word_head_pos,0,0.5508552500966531
F3bIaOFb4,word_head_pos,1,0.5242103173359247
F3bIaOFb4,word_index,0,0.5542022299115725
F3bIaOFb4,word_index,1,0.5355786236063053
F3bIaOFb4,word_length,0,0.5067343761428587
F3bIaOFb4,word_length,1,0.5071680093622979
F3bIaOFb4,word_part_speech,0,0.5167199804730156
F3bIaOFb4,word_part_speech,1,0.5283590909674851
F3bIaOFb16,delta_volume,0,0.5491468397019947
F3bIaOFb16,delta_volume,1,0.5089443382130132
F3bIaOFb16,face_num,0,0.5081188677470926
F3bIaOFb16,face_num,1,0.4988558352402746
F3bIaOFb16,frame_brightness,0,0.5066116004722945
F3bIaOFb16,frame_brightness,1,0.5109087489420394
F3bIaOFb16,global_flow,0,0.4927588476850256
F3bIaOFb16,global_flow,1,0.48398691786046416
F3bIaOFb16,gpt2_surprisal,0,0.5209450069485805
F3bIaOFb16,gpt2_surprisal,1,0.5072516013082139
F3bIaOFb16,local_flow,0,0.49032423226022176
F3bIaOFb16,local_flow,1,0.4860349205354064
F3bIaOFb16,onset,0,0.5702318229715491
F3bIaOFb16,onset,1,0.5231521902754779
F3bIaOFb16,pitch,0,0.5332121250117551
F3bIaOFb16,pitch,1,0.5249051753863515
F3bIaOFb16,speech,0,0.5514560672079245
F3bIaOFb16,speech,1,0.5056111093696122
F3bIaOFb16,volume,0,0.5420258508092746
F3bIaOFb16,volume,1,0.5330815125962614
F3bIaOFb16,word_gap,0,0.5208252217463425
F3bIaOFb16,word_gap,1,0.5062803684482824
F3bIaOFb16,word_head_pos,0,0.5354429850683886
F3bIaOFb16,word_head_pos,1,0.5139180589950159
F3bIaOFb16,word_index,0,0.517831603229527
F3bIaOFb16,word_index,1,0.5200461361014994
F3bIaOFb16,word_length,0,0.5093727469358327
F3bIaOFb16,word_length,1,0.5287451804018684
F3bIaOFb16,word_part_speech,0,0.4679025192379337
F3bIaOFb16,word_part_speech,1,0.5313009853419149
T1aIb3,delta_volume,0,0.5498573712422808
T1aIb3,delta_volume,1,0.5167079401899627
T1aIb3,face_num,0,0.5080039288214581
T1aIb3,face_num,1,0.4875761470382328
T1aIb3,frame_brightness,0,0.5028421261611444
T1aIb3,frame_brightness,1,0.477116704805492
T1aIb3,global_flow,0,0.4859356550996311
T1aIb3,global_flow,1,0.5032809838772034
T1aIb3,gpt2_surprisal,0,0.5277681995339749
T1aIb3,gpt2_surprisal,1,0.53751188572981
T1aIb3,local_flow,0,0.4991693050374596
T1aIb3,local_flow,1,0.49526138156588617
T1aIb3,onset,0,0.616475989763661
T1aIb3,onset,1,0.5961538461538461
T1aIb3,pitch,0,0.5080405002977963
T1aIb3,pitch,1,0.498657304368724
T1aIb3,speech,0,0.5787227150664034
T1aIb3,speech,1,0.5357982508385317
T1aIb3,volume,0,0.5242155418325444
T1aIb3,volume,1,0.47762348097760776
T1aIb3,word_gap,0,0.48872200502429475
T1aIb3,word_gap,1,0.520425198278299
T1aIb3,word_head_pos,0,0.5222145596271799
T1aIb3,word_head_pos,1,0.5127686697386706
T1aIb3,word_index,0,0.5375470972702807
T1aIb3,word_index,1,0.5817916186082276
T1aIb3,word_length,0,0.5182334932029299
T1aIb3,word_length,1,0.4866879826128752
T1aIb3,word_part_speech,0,0.5226294626225254
T1aIb3,word_part_speech,1,0.5521768733700749
T2aA7,delta_volume,0,0.518881330783779
T2aA7,delta_volume,1,0.4729893524758889
T2aA7,face_num,0,0.5176013291119401
T2aA7,face_num,1,0.5339435545385203
T2aA7,frame_brightness,0,0.5009926543577526
T2aA7,frame_brightness,1,0.4848855312790612
T2aA7,global_flow,0,0.47126004409475153
T2aA7,global_flow,1,0.49874612081125985
T2aA7,gpt2_surprisal,0,0.5375902531791061
T2aA7,gpt2_surprisal,1,0.5239020720353594
T2aA7,local_flow,0,0.47672486755901067
T2aA7,local_flow,1,0.4844414490663824
T2aA7,onset,0,0.5760575041396959
T2aA7,onset,1,0.5021074815595363
T2aA7,pitch,0,0.5364304149295215
T2aA7,pitch,1,0.491050437290367
T2aA7,speech,0,0.5309864894517413
T2aA7,speech,1,0.5009665318746539
T2aA7,volume,0,0.5099631150538646
T2aA7,volume,1,0.46726852867726193
T2aA7,word_gap,0,0.5054109841110679
T2aA7,word_gap,1,0.5172623460576353
T2aA7,word_head_pos,0,0.5188447593074408
T2aA7,word_head_pos,1,0.5069538050008882
T2aA7,word_index,0,0.5466897347174164
T2aA7,word_index,1,0.5224144559784698
T2aA7,word_length,0,0.4922990919824875
T2aA7,word_length,1,0.5009822053645132
T2aA7,word_part_speech,0,0.5130843642810343
T2aA7,word_part_speech,1,0.5492606723962951
T2bHa9,delta_volume,0,0.5066298862104636
T2bHa9,delta_volume,1,0.5052506191028494
T2bHa9,face_num,0,0.5378671514999529
T2bHa9,face_num,1,0.530322978381033
T2bHa9,frame_brightness,0,0.504503516086225
T2bHa9,frame_brightness,1,0.4889031691796496
T2bHa9,global_flow,0,0.515151040197277
T2bHa9,global_flow,1,0.5051304556805951
T2bHa9,gpt2_surprisal,0,0.5180976562908164
T2bHa9,gpt2_surprisal,1,0.5197799442023762
T2bHa9,local_flow,0,0.4749433142116757
T2bHa9,local_flow,1,0.49033468125346125
T2bHa9,onset,0,0.5977871443624868
T2bHa9,onset,1,0.5612298660243866
T2bHa9,pitch,0,0.5122305465868364
T2bHa9,pitch,1,0.5069956009738462
T2bHa9,speech,0,0.5297639572427196
T2bHa9,speech,1,0.5106161771313333
T2bHa9,volume,0,0.5103288298172471
T2bHa9,volume,1,0.5054282519879211
T2bHa9,word_gap,0,0.5331992810244868
T2bHa9,word_gap,1,0.5065737189915142
T2bHa9,word_head_pos,0,0.5147017334879784
T2bHa9,word_head_pos,1,0.5346645350720458
T2bHa9,word_index,0,0.5322722029988466
T2bHa9,word_index,1,0.5590772779700116
T2bHa9,word_length,0,0.5102086663949927
T2bHa9,word_length,1,0.5418534424208227
T2bHa9,word_part_speech,0,0.5141377937076861
T2bHa9,word_part_speech,1,0.5216402666974987
T1bIc7,delta_volume,0,0.6683332810883671
T1bIc7,delta_volume,1,0.6438878614045538
T1bIc7,face_num,0,0.5052767415859482
T1bIc7,face_num,1,0.5006217150977503
T1bIc7,frame_brightness,0,0.5249469713593096
T1bIc7,frame_brightness,1,0.4952091365996886
T1bIc7,global_flow,0,0.4946971359309531
T1bIc7,global_flow,1,0.49564276981912797
T1bIc7,gpt2_surprisal,0,0.5679027825668997
T1bIc7,gpt2_surprisal,1,0.5597891393164269
T1bIc7,local_flow,0,0.4571382297315653
T1bIc7,local_flow,1,0.4770017658798575
T1bIc7,onset,0,0.7075718801746199
T1bIc7,onset,1,0.651159114857745
T1bIc7,pitch,0,0.5210651703708348
T1bIc7,pitch,1,0.4798856880139598
T1bIc7,speech,0,0.6007439683186525
T1bIc7,speech,1,0.5835083539700949
T1bIc7,volume,0,0.5013061241549377
T1bIc7,volume,1,0.5082494801625863
T1bIc7,word_gap,0,0.5285003386865362
T1bIc7,word_gap,1,0.530228440068484
T1bIc7,word_head_pos,0,0.5426527904036447
T1bIc7,word_head_pos,1,0.555196806787666
T1bIc7,word_index,0,0.5414840445982314
T1bIc7,word_index,1,0.5715647827758554
T1bIc7,word_length,0,0.5386717239793946
T1bIc7,word_length,1,0.5351451887610628
T1bIc7,word_part_speech,0,0.5425161547256587
T1bIc7,word_part_speech,1,0.5675029868578256
F3dIe14,delta_volume,0,0.4861132879847027
F3dIe14,delta_volume,1,0.4770383373561958
F3dIe14,face_num,0,0.5351974337272604
F3dIe14,face_num,1,0.4943732171405285
F3dIe14,frame_brightness,0,0.4930148480193933
F3dIe14,frame_brightness,1,0.4713279625508082
F3dIe14,global_flow,0,0.499874612081126
F3dIe14,global_flow,1,0.48770675945372666
F3dIe14,gpt2_surprisal,0,0.5141636103361441
F3dIe14,gpt2_surprisal,1,0.5294139159691964
F3dIe14,local_flow,0,0.4711660031555959
F3dIe14,local_flow,1,0.46576387365077376
F3dIe14,onset,0,0.5442420593105524
F3dIe14,onset,1,0.5178533794972151
F3dIe14,pitch,0,0.5183797791082829
F3dIe14,pitch,1,0.5272353008787604
F3dIe14,speech,0,0.4938350939886942
F3dIe14,speech,1,0.5233326019038066
F3dIe14,volume,0,0.5293564465063791
F3dIe14,volume,1,0.5067709476191969
F3dIe14,word_gap,0,0.4862631941073876
F3dIe14,word_gap,1,0.5121313783741979
F3dIe14,word_head_pos,0,0.4957577087447625
F3dIe14,word_head_pos,1,0.5262008505480497
F3dIe14,word_index,0,0.5525259515570935
F3dIe14,word_index,1,0.5115263360246058
F3dIe14,word_length,0,0.4553410028943711
F3dIe14,word_length,1,0.4891069245478198
F3dIe14,word_part_speech,0,0.5022417492067163
F3dIe14,word_part_speech,1,0.5142277206099614
T1cIf8,delta_volume,0,0.6220128940576575
T1cIf8,delta_volume,1,0.6177862762922792
T1cIf8,face_num,0,0.47185824895771294
T1cIf8,face_num,1,0.48646855375484577
T1cIf8,frame_brightness,0,0.5005067761721158
T1cIf8,frame_brightness,1,0.5224757844581674
T1cIf8,global_flow,0,0.5031346979718503
T1cIf8,global_flow,1,0.458068190129881
T1cIf8,gpt2_surprisal,0,0.5348421679571174
T1cIf8,gpt2_surprisal,1,0.5222093351305601
T1cIf8,local_flow,0,0.5277159545677774
T1cIf8,local_flow,1,0.4844466735630022
T1cIf8,onset,0,0.6337272316724372
T1cIf8,onset,1,0.5597847358121331
T1cIf8,pitch,0,0.5180976562908164
T1cIf8,pitch,1,0.5397061743101051
T1cIf8,speech,0,0.5690730698097239
T1cIf8,speech,1,0.555217704774145
T1cIf8,volume,0,0.55867632153642
T1cIf8,volume,1,0.4892270879700741
T1cIf8,word_gap,0,0.49821589533252614
T1cIf8,word_gap,1,0.5005413650934188
T1cIf8,word_head_pos,0,0.5548363165209032
T1cIf8,word_head_pos,1,0.57753675433372
T1cIf8,word_index,0,0.5534486735870819
T1cIf8,word_index,1,0.5397462514417531
T1cIf8,word_length,0,0.5485460225907234
T1cIf8,word_length,1,0.5351295152712037
T1cIf8,word_part_speech,0,0.5336133914004189
T1cIf8,word_part_speech,1,0.561747665112216
T2c8,delta_volume,0,0.5297117122765221
T2c8,delta_volume,1,0.494446360093205
T2c8,face_num,0,0.5626103674910922
T2c8,face_num,1,0.5098429516316102
T2c8,frame_brightness,0,0.5056738033290492
T2c8,frame_brightness,1,0.48257107927651177
T2c8,global_flow,0,0.5311745713300524
T2c8,global_flow,1,0.492205051043332
T2c8,gpt2_surprisal,0,0.5163343886816506
T2c8,gpt2_surprisal,1,0.5447373645549252
T2c8,local_flow,0,0.49840130403435634
T2c8,local_flow,1,0.4913221111145941
T2c8,onset,0,0.5701038687340058
T2c8,onset,1,0.5259446033418635
T2c8,pitch,0,0.5125544653772609
T2c8,pitch,1,0.48648422724470497
T2c8,speech,0,0.5242103173359247
T2c8,speech,1,0.5119954442389476
T2c8,volume,0,0.5014315120738116
T2c8,volume,1,0.4710928602029194
T2c8,word_gap,0,0.5061736955234707
T2c8,word_gap,1,0.46754742944919436
T2c8,word_head_pos,0,0.5066507841969426
T2c8,word_head_pos,1,0.5280294243649624
T2c8,word_index,0,0.5450519031141869
T2c8,word_index,1,0.5376855055747789
T2c8,word_length,0,0.5150308767750227
T2c8,word_length,1,0.5075441731189201
T2c8,word_part_speech,0,0.46313639341735074
T2c8,word_part_speech,1,0.5143304942125615
T2d2,delta_volume,0,0.5478381032987472
T2d2,delta_volume,1,0.522799703248592
T2d2,face_num,0,0.4845929594683552
T2d2,face_num,1,0.4936417876137634
T2d2,frame_brightness,0,0.5250253388086058
T2d2,frame_brightness,1,0.5041743727991808
T2d2,global_flow,0,0.5179304723989844
T2d2,global_flow,1,0.5021733905938163
T2d2,gpt2_surprisal,0,0.5399673991410927
T2d2,gpt2_surprisal,1,0.5292624055672236
T2d2,local_flow,0,0.4920483161447395
T2d2,local_flow,1,0.49359476714418565
T2d2,onset,0,0.5499247328014452
T2d2,onset,1,0.4903432184254102
T2d2,pitch,0,0.49701158793350264
T2d2,pitch,1,0.48130152659791237
T2d2,speech,0,0.5186201059527914
T2d2,speech,1,0.4774458480925363
T2d2,volume,0,0.5128261392014879
T2d2,volume,1,0.5096287472702006
T2d2,word_gap,0,0.5197638261444671
T2d2,word_gap,1,0.5374128615545446
T2d2,word_head_pos,0,0.5077583774803298
T2d2,word_head_pos,1,0.5200620670198426
T2d2,word_index,0,0.5605843906189927
T2d2,word_index,1,0.4917800845828527
T2d2,word_length,0,0.5192000250775838
T2d2,word_length,1,0.5147069579845982
T2d2,word_part_speech,0,0.512840276974859
T2d2,word_part_speech,1,0.5352963091429966
F3aOFa9,delta_volume,0,0.5239804394846557
F3aOFa9,delta_volume,1,0.5113319331682392
F3aOFa9,face_num,0,0.5220943962049256
F3aOFa9,face_num,1,0.471166003155596
F3aOFa9,frame_brightness,0,0.4965466077343448
F3aOFa9,frame_brightness,1,0.47887736016634797
F3aOFa9,global_flow,0,0.4844832450393404
F3aOFa9,global_flow,1,0.5118073623606365
F3aOFa9,gpt2_surprisal,0,0.519048514675611
F3aOFa9,gpt2_surprisal,1,0.5257828908184696
F3aOFa9,local_flow,0,0.48335997826609406
F3aOFa9,local_flow,1,0.4833756517559534
F3aOFa9,onset,0,0.5414044859250339
F3aOFa9,onset,1,0.5434893873250037
F3aOFa9,pitch,0,0.49878269228759803
F3aOFa9,pitch,1,0.4763330303125294
F3aOFa9,speech,0,0.5279144854393278
F3aOFa9,speech,1,0.5022517580431125
F3aOFa9,volume,0,0.5222302331170392
F3aOFa9,volume,1,0.4976071805481542
F3aOFa9,word_gap,0,0.5312151646229912
F3aOFa9,word_gap,1,0.5134274544106587
F3aOFa9,word_head_pos,0,0.4961547704878635
F3aOFa9,word_head_pos,1,0.49199607117854194
F3aOFa9,word_index,0,0.5861437908496732
F3aOFa9,word_index,1,0.5399154171472511
F3aOFa9,word_length,0,0.49907526409830405
F3aOFa9,word_length,1,0.5286406904694733
F3aOFa9,word_part_speech,0,0.5203042098636965
F3aOFa9,word_part_speech,1,0.5460618440153646
F3bIaOFb5,delta_volume,0,0.5045087405828449
F3bIaOFb5,delta_volume,1,0.5092160120372402
F3bIaOFb5,face_num,0,0.5016300429453622
F3bIaOFb5,face_num,1,0.523008683113382
F3bIaOFb5,frame_brightness,0,0.5287556293951078
F3bIaOFb5,frame_brightness,1,0.522590723383802
F3bIaOFb5,global_flow,0,0.47644274474154413
F3bIaOFb5,global_flow,1,0.4939604819075682
F3bIaOFb5,gpt2_surprisal,0,0.5271935049058023
F3bIaOFb5,gpt2_surprisal,1,0.5131134865155742
F3bIaOFb5,local_flow,0,0.4613857454834227
F3bIaOFb5,local_flow,1,0.4784176044638099
F3bIaOFb5,onset,0,0.5449119373776907
F3bIaOFb5,onset,1,0.5084374529580009
F3bIaOFb5,pitch,0,0.5049267003124249
F3bIaOFb5,pitch,1,0.5162743069705233
F3bIaOFb5,speech,0,0.5408712370563096
F3bIaOFb5,speech,1,0.5016718389183201
F3bIaOFb5,volume,0,0.5209032109756224
F3bIaOFb5,volume,1,0.49294170506671686
F3bIaOFb5,word_gap,0,0.5121367120204385
F3bIaOFb5,word_gap,1,0.5252148126023393
F3bIaOFb5,word_head_pos,0,0.5360333531864204
F3bIaOFb5,word_head_pos,1,0.5158041022747458
F3bIaOFb5,word_index,0,0.5706574394463668
F3bIaOFb5,word_index,1,0.5417762399077277
F3bIaOFb5,word_length,0,0.5053812315183432
F3bIaOFb5,word_length,1,0.5100414825031607
F3bIaOFb5,word_part_speech,0,0.5081255379555761
F3bIaOFb5,word_part_speech,1,0.5437622846571858
F3cId1,delta_volume,0,0.5380186619019258
F3cId1,delta_volume,1,0.49508897317743433
F3cId1,face_num,0,0.5144823046299489
F3cId1,face_num,1,0.5493845542981934
F3cId1,frame_brightness,0,0.5114103006175355
F3cId1,frame_brightness,1,0.5050886597076372
F3cId1,global_flow,0,0.4626605226586419
F3cId1,global_flow,1,0.48743508562949966
F3cId1,gpt2_surprisal,0,0.5091428690845636
F3cId1,gpt2_surprisal,1,0.4985475899397093
F3cId1,local_flow,0,0.463726319969071
F3cId1,local_flow,1,0.4911026822565646
F3cId1,onset,0,0.5533042300165588
F3cId1,onset,1,0.5119223242510914
F3cId1,pitch,0,0.5248999508897317
F3cId1,pitch,1,0.5211539868133706
F3cId1,speech,0,0.5223242740561946
F3cId1,speech,1,0.49584652518729816
F3cId1,volume,0,0.5279092609427082
F3cId1,volume,1,0.4858625121469547
F3cId1,word_gap,0,0.4986905898479378
F3cId1,word_gap,1,0.5326285808767448
F3cId1,word_head_pos,0,0.5125544653772609
F3cId1,word_head_pos,1,0.5335621662852784
F3cId1,word_index,0,0.5197231833910035
F3cId1,word_index,1,0.5020838139177239
F3cId1,word_length,0,0.5071366623825795
F3cId1,word_length,1,0.5198948831280106
F3cId1,word_part_speech,0,0.49507329042535425
F3cId1,word_part_speech,1,0.49678190156858204
T1aIb4,delta_volume,0,0.5492983501039675
T1aIb4,delta_volume,1,0.4965570567275843
T1aIb4,face_num,0,0.5004075107363406
T1aIb4,face_num,1,0.5004806536890171
T1aIb4,frame_brightness,0,0.46242019581413335
T1aIb4,frame_brightness,1,0.4814060165303073
T1aIb4,global_flow,0,0.48813516817654623
T1aIb4,global_flow,1,0.5333793089035872
T1aIb4,gpt2_surprisal,0,0.5487811249386121
T1aIb4,gpt2_surprisal,1,0.5234370918362015
T1aIb4,local_flow,0,0.5029988610597369
T1aIb4,local_flow,1,0.5059036811803183
T1aIb4,onset,0,0.5732951979527322
T1aIb4,onset,1,0.5509182598223694
T1aIb4,pitch,0,0.507272499294693
T1aIb4,pitch,1,0.5104437687428817
T1aIb4,speech,0,0.5761418137362465
T1aIb4,speech,1,0.565107676875333
T1aIb4,volume,0,0.5139807529544529
T1aIb4,volume,1,0.5274442807435504
T1aIb4,word_gap,0,0.5058003402866301
T1aIb4,word_gap,1,0.4934022796004033
T1aIb4,word_head_pos,0,0.4920848876210777
T1aIb4,word_head_pos,1,0.4939866043906669
T1aIb4,word_index,0,0.5001153402537486
T1aIb4,word_index,1,0.5132641291810842
T1aIb4,word_length,0,0.4915258664827644
T1aIb4,word_length,1,0.5008568174456391
T1aIb4,word_part_speech,0,0.5129558972777841
T1aIb4,word_part_speech,1,0.5410516308886063
T2aA8,delta_volume,0,0.5138031200693813
T2aA8,delta_volume,1,0.47340208770884923
T2aA8,face_num,0,0.500313469797185
T2aA8,face_num,1,0.5182543911894089
T2aA8,frame_brightness,0,0.49908048859492393
T2aA8,frame_brightness,1,0.5047751899104522
T2aA8,global_flow,0,0.4596303146191864
T2aA8,global_flow,1,0.490611579574308
T2aA8,gpt2_surprisal,0,0.5290377522125743
T2aA8,gpt2_surprisal,1,0.5353855156055715
T2aA8,local_flow,0,0.469572531686572
T2aA8,local_flow,1,0.4652727709685172
T2aA8,onset,0,0.5652115008279393
T2aA8,onset,1,0.5039515279241307
T2aA8,pitch,0,0.5009874298611329
T2aA8,pitch,1,0.4827643856514424
T2aA8,speech,0,0.5202605978913932
T2aA8,speech,1,0.4854915728869523
T2aA8,volume,0,0.5080091533180777
T2aA8,volume,1,0.47257661724292865
T2aA8,word_gap,0,0.520323858999728
T2aA8,word_gap,1,0.5420904693075328
T2aA8,word_head_pos,0,0.5269584025579135
T2aA8,word_head_pos,1,0.5053185375589062
T2aA8,word_index,0,0.5550788158400615
T2aA8,word_index,1,0.5419069588619762
T2aA8,word_length,0,0.48424814269145167
T2aA8,word_length,1,0.48148960847622335
T2aA8,word_part_speech,0,0.5153582302385632
T2aA8,word_part_speech,1,0.5210750118831977
T2bHa10,delta_volume,0,0.5289855072463768
T2bHa10,delta_volume,1,0.49753403759547765
T2bHa10,face_num,0,0.5346070656092285
T2bHa10,face_num,1,0.5447843850245029
T2bHa10,frame_brightness,0,0.49750269061575914
T2bHa10,frame_brightness,1,0.5001828573816913
T2bHa10,global_flow,0,0.5160757760989728
T2bHa10,global_flow,1,0.47950952425733784
T2bHa10,gpt2_surprisal,0,0.5283350574172179
T2bHa10,gpt2_surprisal,1,0.5200725160130821
T2bHa10,local_flow,0,0.4806092807957953
T2bHa10,local_flow,1,0.46251423675328884
T2bHa10,onset,0,0.5945506548246274
T2bHa10,onset,1,0.5254478398314014
T2bHa10,pitch,0,0.48767018797738837
T2bHa10,pitch,1,0.48923753696331357
T2bHa10,speech,0,0.5331128595759798
T2bHa10,speech,1,0.5040280868938278
T2bHa10,volume,0,0.5228310502283104
T2bHa10,volume,1,0.49964995872647666
T2bHa10,word_gap,0,0.523038684936183
T2bHa10,word_gap,1,0.5127500813381052
T2bHa10,word_head_pos,0,0.5184006770947619
T2bHa10,word_head_pos,1,0.520203128428576
T2bHa10,word_index,0,0.5321030372933487
T2bHa10,word_index,1,0.557108804306036
T2bHa10,word_length,0,0.5101094009592175
T2bHa10,word_length,1,0.5191686780978653
T2bHa10,word_part_speech,0,0.5120951683560078
T2bHa10,word_part_speech,1,0.5425932349276088
T1bIc8,delta_volume,0,0.6123057793381608
T1bIc8,delta_volume,1,0.6202600754417311
T1bIc8,face_num,0,0.5297273857663813
T1bIc8,face_num,1,0.5080927452639938
T1bIc8,frame_brightness,0,0.5083800925780801
T1bIc8,frame_brightness,1,0.48680292153850974
T1bIc8,global_flow,0,0.4932656238571414
T1bIc8,global_flow,1,0.49778481343322567
T1bIc8,gpt2_surprisal,0,0.5556722359800633
T1bIc8,gpt2_surprisal,1,0.5407458491374356
T1bIc8,local_flow,0,0.48695965643710226
T1bIc8,local_flow,1,0.49722579229491237
T1bIc8,onset,0,0.654109589041096
T1bIc8,onset,1,0.600602137588439
T1bIc8,pitch,0,0.5185312895102557
T1bIc8,pitch,1,0.4930252970126328
T1bIc8,speech,0,0.5834979049768555
T1bIc8,speech,1,0.5526577014304671
T1bIc8,volume,0,0.5075337241256805
T1bIc8,volume,1,0.5033436778366405
T1bIc8,word_gap,0,0.517406354506131
T1bIc8,word_gap,1,0.5204732010944643
T1bIc8,word_head_pos,0,0.5217652529178815
T1bIc8,word_head_pos,1,0.5273763622874936
T1bIc8,word_index,0,0.6165013456362937
T1bIc8,word_index,1,0.61679354094579
T1bIc8,word_length,0,0.514983856305445
T1bIc8,word_length,1,0.5151614891905165
T1bIc8,word_part_speech,0,0.5166942870723654
T1bIc8,word_part_speech,1,0.5528834418879511
T3aHb6,delta_volume,0,0.5548310920242835
T3aHb6,delta_volume,1,0.5181916972299718
T3aHb6,face_num,0,0.5302341619384973
T3aHb6,face_num,1,0.5222041106339405
T3aHb6,frame_brightness,0,0.5087667053279417
T3aHb6,frame_brightness,1,0.4716518813412328
T3aHb6,global_flow,0,0.49365746110362263
T3aHb6,global_flow,1,0.48251360981369446
T3aHb6,gpt2_surprisal,0,0.5144823046299489
T3aHb6,gpt2_surprisal,1,0.5144457331536106
T3aHb6,local_flow,0,0.4810664242500235
T3aHb6,local_flow,1,0.4670334263293732
T3aHb6,onset,0,0.5822294144211952
T3aHb6,onset,1,0.5541020623212405
T3aHb6,pitch,0,0.5187559428649049
T3aHb6,pitch,1,0.508129316740332
T3aHb6,speech,0,0.5400248686039101
T3aHb6,speech,1,0.4900891299123329
T3aHb6,volume,0,0.5221100696947849
T3aHb6,volume,1,0.5063529878896168
T3aHb6,word_gap,0,0.501501421416723
T3aHb6,word_gap,1,0.524990799460235
T3aHb6,word_head_pos,0,0.5107833610231653
T3aHb6,word_head_pos,1,0.5236721941840904
T3aHb6,word_index,0,0.555924644367551
T3aHb6,word_index,1,0.552956555171088
T3aHb6,word_length,0,0.5138605895321986
T3aHb6,word_length,1,0.5101094009592175
T3aHb6,word_part_speech,0,0.5017278811937154
T3aHb6,word_part_speech,1,0.5448285607841625
T1cIf10,delta_volume,0,0.577766632184989
T1cIf10,delta_volume,1,0.5559752567840088
T1cIf10,face_num,0,0.5367229867402276
T1cIf10,face_num,1,0.4925132963438973
T1cIf10,frame_brightness,0,0.5339853505114782
T1cIf10,frame_brightness,1,0.5140800183902281
T1cIf10,global_flow,0,0.49843265101407486
T1cIf10,global_flow,1,0.5056738033290493
T1cIf10,gpt2_surprisal,0,0.5231340710322561
T1cIf10,gpt2_surprisal,1,0.5016039204622634
T1cIf10,local_flow,0,0.49511509566053313
T1cIf10,local_flow,1,0.5174080227370093
T1cIf10,onset,0,0.6103040794821617
T1cIf10,onset,1,0.5752220382357369
T1cIf10,pitch,0,0.5049475982989039
T1cIf10,pitch,1,0.5049110268225656
T1cIf10,speech,0,0.5260650136359362
T1cIf10,speech,1,0.4798073205646636
T1cIf10,volume,0,0.5031294734752306
T1cIf10,volume,1,0.49820277316280576
T1cIf10,word_gap,0,0.5126700766444965
T1cIf10,word_gap,1,0.5212999162617541
T1cIf10,word_head_pos,0,0.5193097395065985
T1cIf10,word_head_pos,1,0.5224444374784489
T1cIf10,word_index,0,0.5291349480968858
T1cIf10,word_index,1,0.5579700115340255
T1cIf10,word_length,0,0.5065985392307452
T1cIf10,word_length,1,0.5153129995924893
T1cIf10,word_part_speech,0,0.49441810870877817
T1cIf10,word_part_speech,1,0.545663596305289
T3bOT1,delta_volume,0,0.5136307116809296
T3bOT1,delta_volume,1,0.4822732829691859
T3bOT1,face_num,0,0.5218331713739381
T3bOT1,face_num,1,0.5219272123130937
T3bOT1,frame_brightness,0,0.5004911026822566
T3bOT1,frame_brightness,1,0.47101971725024283
T3bOT1,global_flow,0,0.5073090707710313
T3bOT1,global_flow,1,0.5023562479755076
T3bOT1,gpt2_surprisal,0,0.5203285163474499
T3bOT1,gpt2_surprisal,1,0.5081606637200506
T3bOT1,local_flow,0,0.5155898979133361
T3bOT1,local_flow,1,0.5253074616260723
T3bOT1,onset,0,0.5391991570073762
T3bOT1,onset,1,0.5127352099954839
T3bOT1,pitch,0,0.4999007345642247
T3bOT1,pitch,1,0.48812994367992646
T3bOT1,speech,0,0.5008724909354985
T3bOT1,speech,1,0.4975758335684357
T3bOT1,volume,0,0.5328620837382317
T3bOT1,volume,1,0.4695673071899522
T3bOT1,word_gap,0,0.5141608307687384
T3bOT1,word_gap,1,0.49995466400695504
T3bOT1,word_head_pos,0,0.5132179764479692
T3bOT1,word_head_pos,1,0.5032496368974849
T3bOT1,word_index,0,0.5105728565936178
T3bOT1,word_index,1,0.5664129181084198
T3bOT1,word_length,0,0.48544455241737466
T3bOT1,word_length,1,0.48330250880327674
T3bOT1,word_part_speech,0,0.4901658509011961
T3bOT1,word_part_speech,1,0.5176706362970671
T2d3,delta_volume,0,0.536231884057971
T2d3,delta_volume,1,0.5402495219585592
T2d3,face_num,0,0.5154383875113633
T2d3,face_num,1,0.5042057197788993
T2d3,frame_brightness,0,0.5136986301369864
T2d3,frame_brightness,1,0.48155752693228004
T2d3,global_flow,0,0.4985946104092871
T2d3,global_flow,1,0.49332309331995866
T2d3,gpt2_surprisal,0,0.5249521958559293
T2d3,gpt2_surprisal,1,0.5277316280576366
T2d3,local_flow,0,0.503730290586502
T2d3,local_flow,1,0.5123350365192314
T2d3,onset,0,0.5550880626223091
T2d3,onset,1,0.4995634502483817
T2d3,pitch,0,0.47908634003113804
T2d3,pitch,1,0.4801416883483276
T2d3,speech,0,0.5182491666927891
T2d3,speech,1,0.47718462326154876
T2d3,volume,0,0.5299050186514529
T2d3,volume,1,0.5020636761648015
T2d3,word_gap,0,0.4958797582791524
T2d3,word_gap,1,0.512270053176453
T2d3,word_head_pos,0,0.5290795481855324
T2d3,word_head_pos,1,0.5188343103142012
T2d3,word_index,0,0.5443444828911957
T2d3,word_index,1,0.5303652441368704
T2d3,word_length,0,0.5063268654065181
T2d3,word_length,1,0.5184738200474384
T2d3,word_part_speech,0,0.4908852661193972
T2d3,word_part_speech,1,0.5421821405172081
F3aOFa10,delta_volume,0,0.5403592363875741
F3aOFa10,delta_volume,1,0.5123402610158512
F3aOFa10,face_num,0,0.4902249668244465
F3aOFa10,face_num,1,0.5148950398629093
F3aOFa10,frame_brightness,0,0.5020897986479003
F3aOFa10,frame_brightness,1,0.4968026080687126
F3aOFa10,global_flow,0,0.4622321139358223
F3aOFa10,global_flow,1,0.4826651202156672
F3aOFa10,gpt2_surprisal,0,0.503270534883964
F3aOFa10,gpt2_surprisal,1,0.5247014200181813
F3aOFa10,local_flow,0,0.4855594913430091
F3aOFa10,local_flow,1,0.47686592896774394
F3aOFa10,onset,0,0.5732048773144663
F3aOFa10,onset,1,0.5057880475688695
F3aOFa10,pitch,0,0.5092943794865364
F3aOFa10,pitch,1,0.5036623721304452
F3aOFa10,speech,0,0.5233587243869053
F3aOFa10,speech,1,0.48680292153850974
F3aOFa10,volume,0,0.524288684785221
F3aOFa10,volume,1,0.4920169691650209
F3aOFa10,word_gap,0,0.4902687624340628
F3aOFa10,word_gap,1,0.5058803449802388
F3aOFa10,word_head_pos,0,0.5186880244088481
F3aOFa10,word_head_pos,1,0.5154488365046028
F3aOFa10,word_index,0,0.5216301422529795
F3aOFa10,word_index,1,0.5475893886966552
F3aOFa10,word_length,0,0.5038661274986156
F3aOFa10,word_length,1,0.5051618026603137
F3aOFa10,word_part_speech,0,0.47282280546241695
F3aOFa10,word_part_speech,1,0.4980151847997842
F3bIaOFb6,delta_volume,0,0.5581434228812053
F3bIaOFb6,delta_volume,1,0.532438899512032
F3bIaOFb6,face_num,0,0.5276323626218614
F3bIaOFb6,face_num,1,0.5207308025871706
F3bIaOFb6,frame_brightness,0,0.4916199074219199
F3bIaOFb6,frame_brightness,1,0.4754291923973125
F3bIaOFb6,global_flow,0,0.47558070279928527
F3bIaOFb6,global_flow,1,0.49253941882699603
F3bIaOFb6,gpt2_surprisal,0,0.5299886105973689
F3bIaOFb6,gpt2_surprisal,1,0.5341786568864091
F3bIaOFb6,local_flow,0,0.48472879638046873
F3bIaOFb6,local_flow,1,0.46578999613387245
F3bIaOFb6,onset,0,0.5741306638566912
F3bIaOFb6,onset,1,0.5293391539966882
F3bIaOFb6,pitch,0,0.5160548781124938
F3bIaOFb6,pitch,1,0.5064783758084909
F3bIaOFb6,speech,0,0.5589741178437457
F3bIaOFb6,speech,1,0.503228738911006
F3bIaOFb6,volume,0,0.5558289708786558
F3bIaOFb6,volume,1,0.476886826954223
F3bIaOFb6,word_gap,0,0.48930870611075855
F3bIaOFb6,word_gap,1,0.5290763724805189
F3bIaOFb6,word_head_pos,0,0.5270994639666469
F3bIaOFb6,word_head_pos,1,0.5369319666050175
F3bIaOFb6,word_index,0,0.5682737408688966
F3bIaOFb6,word_index,1,0.5478662053056517
F3bIaOFb6,word_length,0,0.5095294818344251
F3bIaOFb6,word_length,1,0.5045296385693239
F3bIaOFb6,word_part_speech,0,0.5296437609999871
F3bIaOFb6,word_part_speech,1,0.533703318302694
F3cId2,delta_volume,0,0.5178155334733499
F3cId2,delta_volume,1,0.47267588267870386
F3cId2,face_num,0,0.512847037187967
F3cId2,face_num,1,0.51487936637305
F3cId2,frame_brightness,0,0.5110341368609135
F3cId2,frame_brightness,1,0.47677711252520827
F3cId2,global_flow,0,0.48571100174498183
F3cId2,global_flow,1,0.4899323950137404
F3cId2,gpt2_surprisal,0,0.5179879418618015
F3cId2,gpt2_surprisal,1,0.5621976322581319
F3cId2,local_flow,0,0.4905332121250118
F3cId2,local_flow,1,0.4664482827079611
F3cId2,onset,0,0.5668974860755683
F3cId2,onset,1,0.5509634201415023
F3cId2,pitch,0,0.5032496368974849
F3cId2,pitch,1,0.5094145429087907
F3cId2,speech,0,0.5506096987555249
F3cId2,speech,1,0.504944986050594
F3cId2,volume,0,0.5183693301150434
F3cId2,volume,1,0.49074741648642156
F3cId2,word_gap,0,0.5079924688915083
F3cId2,word_gap,1,0.48793795902692955
F3cId2,word_head_pos,0,0.5118439338369749
F3cId2,word_head_pos,1,0.5024241664315643
F3cId2,word_index,0,0.5276432141484044
F3cId2,word_index,1,0.4996386005382545
F3cId2,word_length,0,0.49831248759182056
F3cId2,word_length,1,0.5158458982477039
F3cId2,word_part_speech,0,0.475237985123521
F3cId2,word_part_speech,1,0.5527421281843758
T1aIb5,delta_volume,0,0.5445754051597128
T1aIb5,delta_volume,1,0.4977848134332258
T1aIb5,face_num,0,0.5036989436067835
T1aIb5,face_num,1,0.5002455513411282
T1aIb5,frame_brightness,0,0.4858363896638559
T1aIb5,frame_brightness,1,0.4789714011055035
T1aIb5,global_flow,0,0.4763748262854874
T1aIb5,global_flow,1,0.49949322382788414
T1aIb5,gpt2_surprisal,0,0.5408712370563096
T1aIb5,gpt2_surprisal,1,0.5140225489274108
T1aIb5,local_flow,0,0.47896617660888374
T1aIb5,local_flow,1,0.48050740311171014
T1aIb5,onset,0,0.5926765015806112
T1aIb5,onset,1,0.5158362185759446
T1aIb5,pitch,0,0.5093779714324524
T1aIb5,pitch,1,0.4956845657920859
T1aIb5,speech,0,0.553268967534978
T1aIb5,speech,1,0.5086517664023071
T1aIb5,volume,0,0.5002455513411284
T1aIb5,volume,1,0.49604505605884874
T1aIb5,word_gap,0,0.5090378635546619
T1aIb5,word_gap,1,0.498039885006587
T1aIb5,word_head_pos,0,0.5069642539941276
T1aIb5,word_head_pos,1,0.5297012632832827
T1aIb5,word_index,0,0.48353710111495585
T1aIb5,word_index,1,0.4967474048442906
T1aIb5,word_length,0,0.5313678777049831
T1aIb5,word_length,1,0.5191373311181469
T1aIb5,word_part_speech,0,0.5183001246129931
T1aIb5,word_part_speech,1,0.5273698950424583
T2aA9,delta_volume,0,0.5135471197350135
T2aA9,delta_volume,1,0.47191833066884004
T2aA9,face_num,0,0.48875688327429656
T2aA9,face_num,1,0.5279667304055254
T2aA9,frame_brightness,0,0.5141897328192429
T2aA9,frame_brightness,1,0.5022151865667743
T2aA9,global_flow,0,0.47155784040207727
T2aA9,global_flow,1,0.484305612154269
T2aA9,gpt2_surprisal,0,0.5319530213263951
T2aA9,gpt2_surprisal,1,0.532000041795973
T2aA9,local_flow,0,0.45598361597860043
T2aA9,local_flow,1,0.4718399632195438
T2aA9,onset,0,0.5621707060063225
T2aA9,onset,1,0.4940538913141653
T2aA9,pitch,0,0.5070321724501844
T2aA9,pitch,1,0.47501123266773243
T2aA9,speech,0,0.5348264944672582
T2aA9,speech,1,0.4866357376466777
T2aA9,volume,0,0.5173035328046143
T2aA9,volume,1,0.49289468459713903
T2aA9,word_gap,0,0.5197158233283019
T2aA9,word_gap,1,0.5300204278651014
T2aA9,word_head_pos,0,0.5193515354795566
T2aA9,word_head_pos,1,0.5269845250410123
T2aA9,word_index,0,0.5391618608227604
T2aA9,word_index,1,0.5206612841214917
T2aA9,word_length,0,0.4849377762452588
T2aA9,word_length,1,0.4956375453225082
T2aA9,word_part_speech,0,0.4983106589072597
T2aA9,word_part_speech,1,0.5186983723230688
T2bHa11,delta_volume,0,0.5510224339884852
T2bHa11,delta_volume,1,0.5272823213483381
T2bHa11,face_num,0,0.5187872898446235
T2bHa11,face_num,1,0.5092734815000575
T2bHa11,frame_brightness,0,0.509200338547381
T2bHa11,frame_brightness,1,0.46868436726121443
T2bHa11,global_flow,0,0.5174707166964463
T2bHa11,global_flow,1,0.48657304368724075
T2bHa11,gpt2_surprisal,0,0.5379141719695306
T2bHa11,gpt2_surprisal,1,0.5302080394553985
T2bHa11,local_flow,0,0.4684701628998046
T2bHa11,local_flow,1,0.4501112817780007
T2bHa11,onset,0,0.5928721962968537
T2bHa11,onset,1,0.5491269004967635
T2bHa11,pitch,0,0.5041848217924203
T2bHa11,pitch,1,0.48942561884162455
T2bHa11,speech,0,0.5501447185563672
T2bHa11,speech,1,0.5036937191101637
T2bHa11,volume,0,0.4976750990042109
T2bHa11,volume,1,0.48421157121511343
T2bHa11,word_gap,0,0.5319138722805071
T2bHa11,word_gap,1,0.5145688547061428
T2bHa11,word_head_pos,0,0.5166974911967231
T2bHa11,word_head_pos,1,0.5381283763309405
T2bHa11,word_index,0,0.5723337178008459
T2bHa11,word_index,1,0.5411303344867359
T2bHa11,word_length,0,0.5050207412515804
T2bHa11,word_length,1,0.525542563973961
T2bHa11,word_part_speech,0,0.522372528616025
T2bHa11,word_part_speech,1,0.5349109081332459
F3dIe1,delta_volume,0,0.5241789703562062
F3dIe1,delta_volume,1,0.5224548864716885
F3dIe1,face_num,0,0.5111804227662664
F3dIe1,face_num,1,0.4897025171624714
F3dIe1,frame_brightness,0,0.5131291600054335
F3dIe1,frame_brightness,1,0.5134739767823371
F3dIe1,global_flow,0,0.47588633585154066
F3dIe1,global_flow,1,0.471166003155596
F3dIe1,gpt2_surprisal,0,0.538326907202491
F3dIe1,gpt2_surprisal,1,0.5437682204319614
F3dIe1,local_flow,0,0.4882083111292227
F3dIe1,local_flow,1,0.4740394762964588
F3dIe1,onset,0,0.5351422550052687
F3dIe1,onset,1,0.5153846153846154
F3dIe1,pitch,0,0.5189179022601172
F3dIe1,pitch,1,0.48467655141427124
F3dIe1,speech,0,0.5211069663437928
F3dIe1,speech,1,0.4864790027480852
F3dIe1,volume,0,0.5175752066288413
F3dIe1,volume,1,0.4963480768627942
F3dIe1,word_gap,0,0.49038076900511496
F3dIe1,word_gap,1,0.47443850039202295
F3dIe1,word_head_pos,0,0.4855803893294881
F3dIe1,word_head_pos,1,0.48496389872835755
F3dIe1,word_index,0,0.501514801999231
F3dIe1,word_index,1,0.5300269127258747
F3dIe1,word_length,0,0.48938904736528643
F3dIe1,word_length,1,0.5156212448930546
F3dIe1,word_part_speech,0,0.49926773808147373
F3dIe1,word_part_speech,1,0.4971544558780078
T3aHb9,delta_volume,0,0.5281391387939772
T3aHb9,delta_volume,1,0.4955644023698317
T3aHb9,face_num,0,0.5152685913712214
T3aHb9,face_num,1,0.520809170036467
T3aHb9,frame_brightness,0,0.5056320073560913
T3aHb9,frame_brightness,1,0.4765838061502774
T3aHb9,global_flow,0,0.49659362820392255
T3aHb9,global_flow,1,0.46352778909752046
T3aHb9,gpt2_surprisal,0,0.5266031367877705
T3aHb9,gpt2_surprisal,1,0.5300774270399047
T3aHb9,local_flow,0,0.4869544319404825
T3aHb9,local_flow,1,0.4816881393477738
T3aHb9,onset,0,0.5848336594911938
T3aHb9,onset,1,0.5287520698479602
T3aHb9,pitch,0,0.5240535824373321
T3aHb9,pitch,1,0.5182596156860286
T3aHb9,speech,0,0.5377260900912197
T3aHb9,speech,1,0.48032977022663864
T3aHb9,volume,0,0.5164571643522147
T3aHb9,volume,1,0.5125387918874017
T3aHb9,word_gap,0,0.5179877219463542
T3aHb9,word_gap,1,0.49659446687539005
T3aHb9,word_head_pos,0,0.5166191237474269
T3aHb9,word_head_pos,1,0.5328516347449923
T3aHb9,word_index,0,0.5440676662821992
T3aHb9,word_index,1,0.5428219915417147
T3aHb9,word_length,0,0.5087458073414627
T3aHb9,word_length,1,0.48492210275539954
T3aHb9,word_part_speech,0,0.484795930165337
T3aHb9,word_part_speech,1,0.5086008658676019
T1cIf11,delta_volume,0,0.6808772974723886
T1cIf11,delta_volume,1,0.6566565311432244
T1cIf11,face_num,0,0.5205218227223807
T1cIf11,face_num,1,0.5150778972446005
T1cIf11,frame_brightness,0,0.513787446579522
T1cIf11,frame_brightness,1,0.5103810747834446
T1cIf11,global_flow,0,0.489838354074585
T1cIf11,global_flow,1,0.48947786380782216
T1cIf11,gpt2_surprisal,0,0.5685924161207068
T1cIf11,gpt2_surprisal,1,0.5524539460622969
T1cIf11,local_flow,0,0.48256585477989195
T1cIf11,local_flow,1,0.47817205312268163
T1cIf11,onset,0,0.6526719855486979
T1cIf11,onset,1,0.6287520698479603
T1cIf11,pitch,0,0.5261642790717115
T1cIf11,pitch,1,0.509388420425692
T1cIf11,speech,0,0.543274505501395
T1cIf11,speech,1,0.49631672988307574
T1cIf11,volume,0,0.5295027324117322
T1cIf11,volume,1,0.5234370918362016
T1cIf11,word_gap,0,0.5186597613726672
T1cIf11,word_gap,1,0.5252148126023393
T1cIf11,word_head_pos,0,0.5371148239867088
T1cIf11,word_head_pos,1,0.5409391555123664
T1cIf11,word_index,0,0.578239138792772
T1cIf11,word_index,1,0.5804844290657439
T1cIf11,word_length,0,0.5382798867329133
T1cIf11,word_length,1,0.5249417468626898
T1cIf11,word_part_speech,0,0.5080998445549261
T1cIf11,word_part_speech,1,0.5496075333050705
T3bOT2,delta_volume,0,0.5160679393540433
T3bOT2,delta_volume,1,0.47485449776913996
T3bOT2,face_num,0,0.5210233743978767
T3bOT2,face_num,1,0.47462984441449063
T3bOT2,frame_brightness,0,0.4917923158103717
T3bOT2,frame_brightness,1,0.488140392673166
T3bOT2,global_flow,0,0.4879418618016154
T3bOT2,global_flow,1,0.471416778993344
T3bOT2,gpt2_surprisal,0,0.48256063028327223
T3bOT2,gpt2_surprisal,1,0.5176431250848981
T3bOT2,local_flow,0,0.49276929667826497
T3bOT2,local_flow,1,0.521122639833652
T3bOT2,onset,0,0.518530784284209
T3bOT2,onset,1,0.4763359927743489
T3bOT2,pitch,0,0.48262332424270926
T3bOT2,pitch,1,0.47051294107812713
T3bOT2,speech,0,0.47920127895677256
T3bOT2,speech,1,0.4781354816463434
T3bOT2,volume,0,0.5422452796673041
T3bOT2,volume,1,0.5155951224099558
T3bOT2,word_gap,0,0.4957890862930625
T3bOT2,word_gap,1,0.48871667137805413
T3bOT2,word_head_pos,0,0.5324545730018913
T3bOT2,word_head_pos,1,0.5086517664023071
T3bOT2,word_index,0,0.501284121491734
T3bOT2,word_index,1,0.5211072664359861
T3bOT2,word_length,0,0.528353343155387
T3bOT2,word_length,1,0.4908884778951548
T3bOT2,word_part_speech,0,0.4870312560218908
T3bOT2,word_part_speech,1,0.4812373941753061
T2d4,delta_volume,0,0.5403801343740531
T2d4,delta_volume,1,0.5486766350062171
T2d4,face_num,0,0.5066455597003228
T2d4,face_num,1,0.5176483495815178
T2d4,frame_brightness,0,0.4885165564297879
T2d4,frame_brightness,1,0.46657367062683514
T2d4,global_flow,0,0.49714742484561614
T2d4,global_flow,1,0.4919229282258654
T2d4,gpt2_surprisal,0,0.5154958569741805
T2d4,gpt2_surprisal,1,0.5349414333928926
T2d4,local_flow,0,0.48553859335653005
T2d4,local_flow,1,0.5041848217924203
T2d4,onset,0,0.5340734607857895
T2d4,onset,1,0.4905840734607858
T2d4,pitch,0,0.498302038598581
T2d4,pitch,1,0.4953606470016614
T2d4,speech,0,0.5110341368609134
T2d4,speech,1,0.4856953282551226
T2d4,volume,0,0.5299363656311714
T2d4,volume,1,0.5048013123935509
T2d4,word_gap,0,0.5007333763580797
T2d4,word_gap,1,0.5051122999215953
T2d4,word_head_pos,0,0.536691639760509
T2d4,word_head_pos,1,0.5200463935299835
T2d4,word_index,0,0.5355017301038063
T2d4,word_index,1,0.5264282968089197
T2d4,word_length,0,0.4974086496766036
T2d4,word_length,1,0.5125910368535992
T2d4,word_part_speech,0,0.4760473272439974
T2d4,word_part_speech,1,0.5193535540396449
F3aOFa11,delta_volume,0,0.5265874632979113
F3aOFa11,delta_volume,1,0.5096653187465388
F3aOFa11,face_num,0,0.5070373969468043
F3aOFa11,face_num,1,0.5053603335318642
F3aOFa11,frame_brightness,0,0.509158542574423
F3aOFa11,frame_brightness,1,0.5004022862397208
F3aOFa11,global_flow,0,0.49177141782389266
F3aOFa11,global_flow,1,0.518797738837863
F3aOFa11,gpt2_surprisal,0,0.5056529053425702
F3aOFa11,gpt2_surprisal,1,0.5184738200474384
F3aOFa11,local_flow,0,0.492330438962206
F3aOFa11,local_flow,1,0.49167215238811746
F3aOFa11,onset,0,0.5761628782176726
F3aOFa11,onset,1,0.4975538160469668
F3aOFa11,pitch,0,0.5036989436067835
F3aOFa11,pitch,1,0.4993364889292916
F3aOFa11,speech,0,0.5527360688797635
F3aOFa11,speech,1,0.5172565123350366
F3aOFa11,volume,0,0.5512209648600357
F3aOFa11,volume,1,0.527475627723269
F3aOFa11,word_gap,0,0.5007333763580797
F3aOFa11,word_gap,1,0.5054749878659548
F3aOFa11,word_head_pos,0,0.5088764197569564
F3aOFa11,word_head_pos,1,0.48799410676781285
F3aOFa11,word_index,0,0.5389465590157632
F3aOFa11,word_index,1,0.5149250288350634
F3aOFa11,word_length,0,0.49744522115294193
F3aOFa11,word_length,1,0.49960293825689894
F3aOFa11,word_part_speech,0,0.4731182795698925
F3aOFa11,word_part_speech,1,0.5134826119911101
F3bIaOFb7,delta_volume,0,0.5682998443100007
F3bIaOFb7,delta_volume,1,0.5164832868353134
F3bIaOFb7,face_num,0,0.484619081951454
F3bIaOFb7,face_num,1,0.5274651787300294
F3bIaOFb7,frame_brightness,0,0.5068284170820141
F3bIaOFb7,frame_brightness,1,0.48870986280471873
F3bIaOFb7,global_flow,0,0.48374136651933586
F3bIaOFb7,global_flow,1,0.4990230191321066
F3bIaOFb7,gpt2_surprisal,0,0.5293094260368013
F3bIaOFb7,gpt2_surprisal,1,0.5489221863473455
F3bIaOFb7,local_flow,0,0.47673009205563044
F3bIaOFb7,local_flow,1,0.47216388200996834
F3bIaOFb7,onset,0,0.5837197049525817
F3bIaOFb7,onset,1,0.5327337046515128
F3bIaOFb7,pitch,0,0.49706905739631985
F3bIaOFb7,pitch,1,0.5085263784834331
F3bIaOFb7,speech,0,0.5484885531279062
F3bIaOFb7,speech,1,0.5074919281527225
F3bIaOFb7,volume,0,0.5416914830256105
F3bIaOFb7,volume,1,0.4903242322602218
F3bIaOFb7,word_gap,0,0.49235421811412944
F3bIaOFb7,word_gap,1,0.5377595485601822
F3bIaOFb7,word_head_pos,0,0.5324545730018913
F3bIaOFb7,word_head_pos,1,0.520725578090551
F3bIaOFb7,word_index,0,0.5572010765090349
F3bIaOFb7,word_index,1,0.5609996155324875
F3bIaOFb7,word_length,0,0.508865970763717
F3bIaOFb7,word_length,1,0.503542208708191
F3bIaOFb7,word_part_speech,0,0.5338831721072442
F3bIaOFb7,word_part_speech,1,0.5544250459269536
F3cId3,delta_volume,0,0.5107467895468272
F3cId3,delta_volume,1,0.49621223995068076
F3cId3,face_num,0,0.49874612081125985
F3cId3,face_num,1,0.48412797926919743
F3cId3,frame_brightness,0,0.5087562563347021
F3cId3,frame_brightness,1,0.5006217150977503
F3cId3,global_flow,0,0.5080875207673741
F3cId3,global_flow,1,0.507314295267651
F3cId3,gpt2_surprisal,0,0.5378619270033331
F3cId3,gpt2_surprisal,1,0.5594652205260022
F3cId3,local_flow,0,0.47969238163902905
F3cId3,local_flow,1,0.49672424061941634
F3cId3,onset,0,0.5854583772391991
F3cId3,onset,1,0.5255682673490893
F3cId3,pitch,0,0.5333897578968266
F3cId3,pitch,1,0.512512669404303
F3cId3,speech,0,0.5567641557735912
F3cId3,speech,1,0.5263157894736843
F3cId3,volume,0,0.5349048619165543
F3cId3,volume,1,0.49283199063770206
F3cId3,word_gap,0,0.519955837409128
F3cId3,word_gap,1,0.5437118977646689
F3cId3,word_head_pos,0,0.5209084354722422
F3cId3,word_head_pos,1,0.5216555384888666
F3cId3,word_index,0,0.5481122645136486
F3cId3,word_index,1,0.5297962322183776
F3cId3,word_length,0,0.5177476150172932
F3cId3,word_length,1,0.5044721691065065
F3cId3,word_part_speech,0,0.5261237651109312
F3cId3,word_part_speech,1,0.5454195089991136
T1aIb6,delta_volume,0,0.5313156327387856
T1aIb6,delta_volume,1,0.5008515929490194
T1aIb6,face_num,0,0.48086266888185325
T1aIb6,face_num,1,0.47321923032715796
T1aIb6,frame_brightness,0,0.478731074260995
T1aIb6,frame_brightness,1,0.4701420018181249
T1aIb6,global_flow,0,0.4747343343468857
T1aIb6,global_flow,1,0.4869492074438628
T1aIb6,gpt2_surprisal,0,0.5262217485345287
T1aIb6,gpt2_surprisal,1,0.5053080885656667
T1aIb6,local_flow,0,0.4960555050520882
T1aIb6,local_flow,1,0.4843578571204665
T1aIb6,onset,0,0.5807767574890863
T1aIb6,onset,1,0.5212178232726178
T1aIb6,pitch,0,0.5134635277890975
T1aIb6,pitch,1,0.5096339717668203
T1aIb6,speech,0,0.5610534674984065
T1aIb6,speech,1,0.5568686457059863
T1aIb6,volume,0,0.5401554810194038
T1aIb6,volume,1,0.48212699706383294
T1aIb6,word_gap,0,0.4975438559062132
T1aIb6,word_gap,1,0.503938897748668
T1aIb6,word_head_pos,0,0.5197276992361786
T1aIb6,word_head_pos,1,0.5275801176556638
T1aIb6,word_index,0,0.4877816224529028
T1aIb6,word_index,1,0.5202460592079969
T1aIb6,word_length,0,0.48517287859314756
T1aIb6,word_length,1,0.5015098795231079
T1aIb6,word_part_speech,0,0.5239526727560027
T1aIb6,word_part_speech,1,0.5239269793553526
T2aA10,delta_volume,0,0.5024241664315643
T2aA10,delta_volume,1,0.4638882793642833
T2aA10,face_num,0,0.49673991410927554
T2aA10,face_num,1,0.515234632143193
T2aA10,frame_brightness,0,0.5246596240452233
T2aA10,frame_brightness,1,0.5092107875406204
T2aA10,global_flow,0,0.49664064867350033
T2aA10,global_flow,1,0.4830595697104584
T2aA10,gpt2_surprisal,0,0.5055797623898937
T2aA10,gpt2_surprisal,1,0.5380604578748838
T2aA10,local_flow,0,0.46984943000741874
T2aA10,local_flow,1,0.47906021754803924
T2aA10,onset,0,0.5990365798584977
T2aA10,onset,1,0.5185383110040643
T2aA10,pitch,0,0.5180976562908164
T2aA10,pitch,1,0.5134739767823371
T2aA10,speech,0,0.5593711795868468
T2aA10,speech,1,0.509304828479776
T2aA10,volume,0,0.5052662925927087
T2aA10,volume,1,0.5054595989676395
T2aA10,word_gap,0,0.5275722842406754
T2aA10,word_gap,1,0.5213585863704004
T2aA10,word_head_pos,0,0.5228937441877475
T2aA10,word_head_pos,1,0.50398106642425
T2aA10,word_index,0,0.5529873125720877
T2aA10,word_index,1,0.5332564398308344
T2aA10,word_length,0,0.4933126443267191
T2aA10,word_length,1,0.49416423727573844
T2aA10,word_part_speech,0,0.49392993409642727
T2aA10,word_part_speech,1,0.5022674426073663
T2bHa12,delta_volume,0,0.5302237129452576
T2bHa12,delta_volume,1,0.5104280952530224
T2bHa12,face_num,0,0.5189649227296951
T2bHa12,face_num,1,0.5329038797111898
T2bHa12,frame_brightness,0,0.5250148898153664
T2bHa12,frame_brightness,1,0.48329205981003726
T2bHa12,global_flow,0,0.506243273460602
T2bHa12,global_flow,1,0.4862282269103371
T2bHa12,gpt2_surprisal,0,0.5389068263272834
T2bHa12,gpt2_surprisal,1,0.5230661525761993
T2bHa12,local_flow,0,0.4805178521049497
T2bHa12,local_flow,1,0.46466672936062603
T2bHa12,onset,0,0.5944904410657835
T2bHa12,onset,1,0.5414044859250339
T2bHa12,pitch,0,0.5126537308130361
T2bHa12,pitch,1,0.5077218060039914
T2bHa12,speech,0,0.562490204068838
T2bHa12,speech,1,0.5096339717668202
T2bHa12,volume,0,0.4933701137895364
T2bHa12,volume,1,0.47703311285957606
T2bHa12,word_gap,0,0.5283456629455594
T2bHa12,word_gap,1,0.5210759031196497
T2bHa12,word_head_pos,0,0.5033698003197391
T2bHa12,word_head_pos,1,0.5258455847779067
T2bHa12,word_index,0,0.579284890426759
T2bHa12,word_index,1,0.5560476739715494
T2bHa12,word_length,0,0.4910817842700856
T2bHa12,word_length,1,0.5340375954776757
T2bHa12,word_part_speech,0,0.5244536940686784
T2bHa12,word_part_speech,1,0.5260338382086562
F3dIe2,delta_volume,0,0.48869941381147936
F3dIe2,delta_volume,1,0.5234788878091596
F3dIe2,face_num,0,0.5251977471970576
F3dIe2,face_num,1,0.5199419035975884
F3dIe2,frame_brightness,0,0.5208614150026645
F3dIe2,frame_brightness,1,0.5005198374136652
F3dIe2,global_flow,0,0.44776548279573264
F3dIe2,global_flow,1,0.4771271537987315
F3dIe2,gpt2_surprisal,0,0.5272457498719998
F3dIe2,gpt2_surprisal,1,0.5207725985601288
F3dIe2,local_flow,0,0.45794280221100697
F3dIe2,local_flow,1,0.469509837727135
F3dIe2,onset,0,0.586737919614632
F3dIe2,onset,1,0.48773897335541166
F3dIe2,pitch,0,0.5225802743905625
F3dIe2,pitch,1,0.5057103748053875
F3dIe2,speech,0,0.5438230776464688
F3dIe2,speech,1,0.48772765744020563
F3dIe2,volume,0,0.4943784416371483
F3dIe2,volume,1,0.4739663333437823
F3dIe2,word_gap,0,0.5233533700643771
F3dIe2,word_gap,1,0.5039655659798707
F3dIe2,word_head_pos,0,0.5028525751543839
F3dIe2,word_head_pos,1,0.5022987785126902
F3dIe2,word_index,0,0.5252595155709343
F3dIe2,word_index,1,0.49627066512879664
F3dIe2,word_length,0,0.5198948831280106
F3dIe2,word_length,1,0.5046445774949584
F3dIe2,word_part_speech,0,0.5183515114142933
F3dIe2,word_part_speech,1,0.4990557675261109
T3aHb10,delta_volume,0,0.5287869763748263
T3aHb10,delta_volume,1,0.519445576418712
T3aHb10,face_num,0,0.5258560337711461
T3aHb10,face_num,1,0.5029570650867788
T3aHb10,frame_brightness,0,0.5041482503160821
T3aHb10,frame_brightness,1,0.48488030678244143
T3aHb10,global_flow,0,0.49237745943178374
T3aHb10,global_flow,1,0.4673364471333187
T3aHb10,gpt2_surprisal,0,0.53122159179963
T3aHb10,gpt2_surprisal,1,0.5376790696216419
T3aHb10,local_flow,0,0.5016091449588833
T3aHb10,local_flow,1,0.4824195688745389
T3aHb10,onset,0,0.6002709619147976
T3aHb10,onset,1,0.5456871895228059
T3aHb10,pitch,0,0.5192313720573023
T3aHb10,pitch,1,0.5113632801479577
T3aHb10,speech,0,0.5602593440122043
T3aHb10,speech,1,0.5049005778293261
T3aHb10,volume,0,0.5239856639812754
T3aHb10,volume,1,0.5107311160569679
T3aHb10,word_gap,0,0.5350767245011707
T3aHb10,word_gap,1,0.5158969326200471
T3aHb10,word_head_pos,0,0.5369607013364263
T3aHb10,word_head_pos,1,0.5492722276208687
T3aHb10,word_index,0,0.5543098808150712
T3aHb10,word_index,1,0.5292272202998847
T3aHb10,word_length,0,0.501384491604234
T3aHb10,word_length,1,0.4942217067385557
T3aHb10,word_part_speech,0,0.4705103994039131
T3aHb10,word_part_speech,1,0.5174907824925168
T1cIf12,delta_volume,0,0.7207506556743257
T1cIf12,delta_volume,1,0.7050980638015527
T1cIf12,face_num,0,0.5394710719622164
T1cIf12,face_num,1,0.5189283512533567
T1cIf12,frame_brightness,0,0.502852575154384
T1cIf12,frame_brightness,1,0.4821792420300304
T1cIf12,global_flow,0,0.47144290147644274
T1cIf12,global_flow,1,0.4857527977179399
T1cIf12,gpt2_surprisal,0,0.5825052506191029
T1cIf12,gpt2_surprisal,1,0.5559073383279521
T1cIf12,local_flow,0,0.4748440487759004
T1cIf12,local_flow,1,0.48965549669289365
T1cIf12,onset,0,0.6659039590546441
T1cIf12,onset,1,0.6553816046966732
T1cIf12,pitch,0,0.5205009247359017
T1cIf12,pitch,1,0.5004754291923973
T1cIf12,speech,0,0.5296803652968036
T1cIf12,speech,1,0.49114970272614233
T1cIf12,volume,0,0.537428293783894
T1cIf12,volume,1,0.5258612582677659
T1cIf12,word_gap,0,0.5407303895161849
T1cIf12,word_gap,1,0.5455520057176687
T1cIf12,word_head_pos,0,0.5487550024555133
T1cIf12,word_head_pos,1,0.5418429934275832
T1cIf12,word_index,0,0.5887735486351404
T1cIf12,word_index,1,0.5711649365628605
T1cIf12,word_length,0,0.5368797216388201
T1cIf12,word_length,1,0.5233326019038066
T1cIf12,word_part_speech,0,0.5342043396153697
T1cIf12,word_part_speech,1,0.560578615382639
T3bOT3,delta_volume,0,0.5124917714178239
T3bOT3,delta_volume,1,0.49531885102870343
T3bOT3,face_num,0,0.5049737207820026
T3bOT3,face_num,1,0.4862386759035767
T3bOT3,frame_brightness,0,0.49757060907181594
T3bOT3,frame_brightness,1,0.5012434301955007
T3bOT3,global_flow,0,0.5067813966124364
T3bOT3,global_flow,1,0.47494853870829545
T3bOT3,gpt2_surprisal,0,0.5068754375515919
T3bOT3,gpt2_surprisal,1,0.5112169942426048
T3bOT3,local_flow,0,0.5013792671076142
T3bOT3,local_flow,1,0.48958757823683685
T3bOT3,onset,0,0.5280897185006774
T3bOT3,onset,1,0.4919990967936173
T3bOT3,pitch,0,0.4872522282478083
T3bOT3,pitch,1,0.46932175584882396
T3bOT3,speech,0,0.49494268727208135
T3bOT3,speech,1,0.46784322330543454
T3bOT3,volume,0,0.5200098220536452
T3bOT3,volume,1,0.5196023113173046
T3bOT3,word_gap,0,0.5114433380091632
T3bOT3,word_gap,1,0.49633845185584224
T3bOT3,word_head_pos,0,0.5254485230348056
T3bOT3,word_head_pos,1,0.537386497810936
T3bOT3,word_index,0,0.515278738946559
T3bOT3,word_index,1,0.5480815071126489
T3bOT3,word_length,0,0.5139912019476923
T3bOT3,word_length,1,0.48804635173401045
T3bOT3,word_part_speech,0,0.49344175948407654
T3bOT3,word_part_speech,1,0.48740381033131636
T2d5,delta_volume,0,0.5293668954996186
T2d5,delta_volume,1,0.5374073957974149
T2d5,face_num,0,0.49768554799745046
T2d5,face_num,1,0.5158093267713656
T2d5,frame_brightness,0,0.4821531195469317
T2d5,frame_brightness,1,0.4775189910452128
T2d5,global_flow,0,0.517266961328276
T2d5,global_flow,1,0.5047908634003113
T2d5,gpt2_surprisal,0,0.5227056623094365
T2d5,gpt2_surprisal,1,0.5318067354210422
T2d5,local_flow,0,0.47601956051534433
T2d5,local_flow,1,0.5103654012935853
T2d5,onset,0,0.5240930302574138
T2d5,onset,1,0.4924506999849465
T2d5,pitch,0,0.5131396089986731
T2d5,pitch,1,0.4997439996656322
T2d5,speech,0,0.4872835752275268
T2d5,speech,1,0.4848019393331453
T2d5,volume,0,0.5228101522418315
T2d5,volume,1,0.5073665402338484
T2d5,word_gap,0,0.49975731909605364
T2d5,word_gap,1,0.5144088453189254
T2d5,word_head_pos,0,0.5057678442682048
T2d5,word_head_pos,1,0.5163161029434814
T2d5,word_index,0,0.5156016916570549
T2d5,word_index,1,0.5275509419454056
T2d5,word_length,0,0.49900734564224736
T2d5,word_length,1,0.505386456014963
T2d5,word_part_speech,0,0.46074690715689676
T2d5,word_part_speech,1,0.5322259477653165
F3aOFa12,delta_volume,0,0.5232542344545104
F3aOFa12,delta_volume,1,0.4934955017084104
F3aOFa12,face_num,0,0.4856169608058264
F3aOFa12,face_num,1,0.5058357627242616
F3aOFa12,frame_brightness,0,0.507356091240609
F3aOFa12,frame_brightness,1,0.4969750164571644
F3aOFa12,global_flow,0,0.49021451783120695
F3aOFa12,global_flow,1,0.5123663834989499
F3aOFa12,gpt2_surprisal,0,0.5058357627242616
F3aOFa12,gpt2_surprisal,1,0.5082651536524456
F3aOFa12,local_flow,0,0.49382464499545475
F3aOFa12,local_flow,1,0.46600942499190207
F3aOFa12,onset,0,0.5582793918410357
F3aOFa12,onset,1,0.4900873099503237
F3aOFa12,pitch,0,0.4909825188343103
F3aOFa12,pitch,1,0.4966145261904016
F3aOFa12,speech,0,0.5357042098993763
F3aOFa12,speech,1,0.4871059423424553
F3aOFa12,volume,0,0.54337899543379
F3aOFa12,volume,1,0.5018285738169127
F3aOFa12,word_gap,0,0.5106486247193168
F3aOFa12,word_gap,1,0.49602910037388853
F3aOFa12,word_head_pos,0,0.5115827090059872
F3aOFa12,word_head_pos,1,0.5057364972884862
F3aOFa12,word_index,0,0.522153018069973
F3aOFa12,word_index,1,0.5123875432525952
F3aOFa12,word_length,0,0.4979833443047762
F3aOFa12,word_length,1,0.5081449902301913
F3aOFa12,word_part_speech,0,0.4903585514060713
F3aOFa12,word_part_speech,1,0.518865379427294
F3bIaOFb8,delta_volume,0,0.5572657074490873
F3bIaOFb8,delta_volume,1,0.5256575028995957
F3bIaOFb8,face_num,0,0.5060551915822911
F3bIaOFb8,face_num,1,0.5121156076612019
F3bIaOFb8,frame_brightness,0,0.49939918288872864
F3bIaOFb8,frame_brightness,1,0.4792430749297305
F3bIaOFb8,global_flow,0,0.4843212856441282
F3bIaOFb8,global_flow,1,0.5083539700949813
F3bIaOFb8,gpt2_surprisal,0,0.516849001598696
F3bIaOFb8,gpt2_surprisal,1,0.5554371336321746
F3bIaOFb8,local_flow,0,0.47992748398691787
F3bIaOFb8,local_flow,1,0.44993887338954897
F3bIaOFb8,onset,0,0.5698404335390637
F3bIaOFb8,onset,1,0.5286843293692609
F3bIaOFb8,pitch,0,0.5008620419422588
F3bIaOFb8,pitch,1,0.4911967231957201
F3bIaOFb8,speech,0,0.5445179356968957
F3bIaOFb8,speech,1,0.5224444374784489
F3bIaOFb8,volume,0,0.5313156327387856
F3bIaOFb8,volume,1,0.5085995214361096
F3bIaOFb8,word_gap,0,0.46024566774584114
F3bIaOFb8,word_gap,1,0.5138914816335891
F3bIaOFb8,word_head_pos,0,0.519884434134771
F3bIaOFb8,word_head_pos,1,0.5320679602520297
F3bIaOFb8,word_index,0,0.5311341791618608
F3bIaOFb8,word_index,1,0.531841599384852
F3bIaOFb8,word_length,0,0.4959301171332142
F3bIaOFb8,word_length,1,0.5078053979499075
F3bIaOFb8,word_part_speech,0,0.5440706054649863
F3bIaOFb8,word_part_speech,1,0.5654346681054971
F3cId4,delta_volume,0,0.5137090791302258
F3cId4,delta_volume,1,0.49779003792984544
F3cId4,face_num,0,0.5010187768408514
F3cId4,face_num,1,0.511608831489086
F3cId4,frame_brightness,0,0.49025631380416496
F3cId4,frame_brightness,1,0.4814478125032653
F3cId4,global_flow,0,0.5079778063383593
F3cId4,global_flow,1,0.5135000992654358
F3cId4,gpt2_surprisal,0,0.5140800183902281
F3cId4,gpt2_surprisal,1,0.536775231706425
F3cId4,local_flow,0,0.5069956009738461
F3cId4,local_flow,1,0.4766830715860527
F3cId4,onset,0,0.5677856390185156
F3cId4,onset,1,0.5073536052988108
F3cId4,pitch,0,0.5420415242991338
F3cId4,pitch,1,0.5023719214653668
F3cId4,speech,0,0.5403905833672926
F3cId4,speech,1,0.533133757562459
F3cId4,volume,0,0.49288423560389955
F3cId4,volume,1,0.5075493976155397
F3cId4,word_gap,0,0.4818362677277067
F3cId4,word_gap,1,0.5115713455189371
F3cId4,word_head_pos,0,0.49789975235886025
F3cId4,word_head_pos,1,0.4838354074584914
F3cId4,word_index,0,0.5561399461745482
F3cId4,word_index,1,0.5314263744713572
F3cId4,word_length,0,0.5160496536158741
F3cId4,word_length,1,0.49501583022475776
F3cId4,word_part_speech,0,0.4669390167135571
F3cId4,word_part_speech,1,0.5205354504695469
T1aIb7,delta_volume,0,0.5643031043958915
T1aIb7,delta_volume,1,0.5409861759819441
T1aIb7,face_num,0,0.49589877015349565
T1aIb7,face_num,1,0.49193337721910496
T1aIb7,frame_brightness,0,0.5168385526054564
T1aIb7,frame_brightness,1,0.4986416308788648
T1aIb7,global_flow,0,0.5052819660825679
T1aIb7,global_flow,1,0.526300115983825
T1aIb7,gpt2_surprisal,0,0.5667429443173151
T1aIb7,gpt2_surprisal,1,0.5397270722965842
T1aIb7,local_flow,0,0.4903973752128983
T1aIb7,local_flow,1,0.48525647053906357
T1aIb7,onset,0,0.5784510010537407
T1aIb7,onset,1,0.5967635104621407
T1aIb7,pitch,0,0.52158239553619
T1aIb7,pitch,1,0.5153913670417856
T1aIb7,speech,0,0.5585509336175459
T1aIb7,speech,1,0.5615759171603816
T1aIb7,volume,0,0.5273084438314368
T1aIb7,volume,1,0.48644765576836674
T1aIb7,word_gap,0,0.4833723578449936
T1aIb7,word_gap,1,0.5161902831632789
T1aIb7,word_head_pos,0,0.5435618528154812
T1aIb7,word_head_pos,1,0.5582374638203609
T1aIb7,word_index,0,0.5591080353710112
T1aIb7,word_index,1,0.5774702037677816
T1aIb7,word_length,0,0.4974974661191395
T1aIb7,word_length,1,0.5394136024993992
T1aIb7,word_part_speech,0,0.49868321321668524
T1aIb7,word_part_speech,1,0.5379812695109262
T2aA11,delta_volume,0,0.5236669696874706
T2aA11,delta_volume,1,0.5016300429453622
T2aA11,face_num,0,0.5196806787666008
T2aA11,face_num,1,0.525709747865793
T2aA11,frame_brightness,0,0.5164885113319332
T2aA11,frame_brightness,1,0.4914579480267076
T2aA11,global_flow,0,0.49292603157685755
T2aA11,global_flow,1,0.48310397793172627
T2aA11,gpt2_surprisal,0,0.5240588069339519
T2aA11,gpt2_surprisal,1,0.5347846984943001
T2aA11,local_flow,0,0.46736256961641753
T2aA11,local_flow,1,0.48401304034356296
T2aA11,onset,0,0.6036956194490442
T2aA11,onset,1,0.5275252145115159
T2aA11,pitch,0,0.5330344921266836
T2aA11,pitch,1,0.4924453778878405
T2aA11,speech,0,0.5504163923805941
T2aA11,speech,1,0.5223765190223921
T2aA11,volume,0,0.5395128679351744
T2aA11,volume,1,0.5021106966343792
T2aA11,word_gap,0,0.535492748907936
T2aA11,word_gap,1,0.527273600051203
T2aA11,word_head_pos,0,0.5224444374784489
T2aA11,word_head_pos,1,0.5279458324190465
T2aA11,word_index,0,0.5730103806228373
T2aA11,word_index,1,0.5540638216070742
T2aA11,word_length,0,0.4995141218143631
T2aA11,word_length,1,0.5163526744198196
T2aA11,word_part_speech,0,0.5276396757492838
T2aA11,word_part_speech,1,0.5031667116301178
T2bHa13,delta_volume,0,0.5249417468626898
T2bHa13,delta_volume,1,0.4801207903618486
T2bHa13,face_num,0,0.5142263042955811
T2bHa13,face_num,1,0.5138658140288183
T2bHa13,frame_brightness,0,0.5281495877872168
T2bHa13,frame_brightness,1,0.49299395003291435
T2bHa13,global_flow,0,0.5169482670344713
T2bHa13,global_flow,1,0.5058723342005998
T2bHa13,gpt2_surprisal,0,0.5311902448199117
T2bHa13,gpt2_surprisal,1,0.5118125868572563
T2bHa13,local_flow,0,0.49585697418053776
T2bHa13,local_flow,1,0.48064324002382375
T2bHa13,onset,0,0.6003838627126299
T2bHa13,onset,1,0.5314240553966582
T2bHa13,pitch,0,0.5038452295121365
T2bHa13,pitch,1,0.5223451720426737
T2bHa13,speech,0,0.547924307492973
T2bHa13,speech,1,0.5026592687794531
T2bHa13,volume,0,0.5038713519952353
T2bHa13,volume,1,0.4835167131646866
T2bHa13,word_gap,0,0.5223133090474641
T2bHa13,word_gap,1,0.5105899546106705
T2bHa13,word_head_pos,0,0.5047020469577757
T2bHa13,word_head_pos,1,0.5250775837748034
T2bHa13,word_index,0,0.5662745098039216
T2bHa13,word_index,1,0.5495886197616302
T2bHa13,word_length,0,0.4934223587557338
T2bHa13,word_length,1,0.5308819995193463
T2bHa13,word_part_speech,0,0.5062113796071479
T2bHa13,word_part_speech,1,0.5105664110173302
F3dIe3,delta_volume,0,0.5030824530056529
F3dIe3,delta_volume,1,0.5321149807216075
F3dIe3,face_num,0,0.5347429025213422
F3dIe3,face_num,1,0.5148636928831907
F3dIe3,frame_brightness,0,0.5209920274181582
F3dIe3,frame_brightness,1,0.46145366393947945
F3dIe3,global_flow,0,0.460518479044544
F3dIe3,global_flow,1,0.4662549763330303
F3dIe3,gpt2_surprisal,0,0.5162142252593962
F3dIe3,gpt2_surprisal,1,0.5300722025432849
F3dIe3,local_flow,0,0.49692799598758663
F3dIe3,local_flow,1,0.47503735515083123
F3dIe3,onset,0,0.5976215565256662
F3dIe3,onset,1,0.5127803703146169
F3dIe3,pitch,0,0.5053655580284839
F3dIe3,pitch,1,0.4892009654869754
F3dIe3,speech,0,0.5442776088523871
F3dIe3,speech,1,0.49425305371827427
F3dIe3,volume,0,0.5085472764699122
F3dIe3,volume,1,0.5054857214507382
F3dIe3,word_gap,0,0.502504146909952
F3dIe3,word_gap,1,0.4988612665276363
F3dIe3,word_head_pos,0,0.5060656405755306
F3dIe3,word_head_pos,1,0.49257599030333427
F3dIe3,word_index,0,0.529442522106882
F3dIe3,word_index,1,0.5291349480968859
F3dIe3,word_length,0,0.5065776412442661
F3dIe3,word_length,1,0.49190725473600616
F3dIe3,word_part_speech,0,0.4759574003417223
F3dIe3,word_part_speech,1,0.5131871378836347
T3aHb12,delta_volume,0,0.5529293752546942
T3aHb12,delta_volume,1,0.5344764531937347
T3aHb12,face_num,0,0.5302341619384973
T3aHb12,face_num,1,0.4965727302174435
T3aHb12,frame_brightness,0,0.5197015767530799
T3aHb12,frame_brightness,1,0.49086235541205603
T3aHb12,global_flow,0,0.507105315402861
T3aHb12,global_flow,1,0.4740081293167403
T3aHb12,gpt2_surprisal,0,0.5383164582092516
T3aHb12,gpt2_surprisal,1,0.5366393947943116
T3aHb12,local_flow,0,0.501384491604234
T3aHb12,local_flow,1,0.4931036644619291
T3aHb12,onset,0,0.6272617793165738
T3aHb12,onset,1,0.5610115911485775
T3aHb12,pitch,0,0.5324493485052715
T3aHb12,pitch,1,0.5373551508312174
T3aHb12,speech,0,0.5789578174142921
T3aHb12,speech,1,0.5381283763309405
T3aHb12,volume,0,0.509785482168793
T3aHb12,volume,1,0.511483443570212
T3aHb12,word_gap,0,0.5268575756444378
T3aHb12,word_gap,1,0.5383889188165706
T3aHb12,word_head_pos,0,0.5447060175752066
T3aHb12,word_head_pos,1,0.5407040531644776
T3aHb12,word_index,0,0.5815763168012301
T3aHb12,word_index,1,0.5629373317954633
T3aHb12,word_length,0,0.5192052495742034
T3aHb12,word_length,1,0.4988140392673166
T3aHb12,word_part_speech,0,0.4924268701583998
T3aHb12,word_part_speech,1,0.5292069731889364
T1cIf13,delta_volume,0,0.7558488239658109
T1cIf13,delta_volume,1,0.7376832492189378
T1cIf13,face_num,0,0.526467299875657
T1cIf13,face_num,1,0.513097813025715
T1cIf13,frame_brightness,0,0.502533880860579
T1cIf13,frame_brightness,1,0.48488030678244143
T1cIf13,global_flow,0,0.4827487121615832
T1cIf13,global_flow,1,0.4808835668683323
T1cIf13,gpt2_surprisal,0,0.6004148250316081
T1cIf13,gpt2_surprisal,1,0.5502544329853819
T1cIf13,local_flow,0,0.46121856159159064
T1cIf13,local_flow,1,0.4875500245551341
T1cIf13,onset,0,0.6943775402679513
T1cIf13,onset,1,0.7002107481559536
T1cIf13,pitch,0,0.5367334357334671
T1cIf13,pitch,1,0.513494874768816
T1cIf13,speech,0,0.5584046477121929
T1cIf13,speech,1,0.538264213243054
T1cIf13,volume,0,0.5173610022674315
T1cIf13,volume,1,0.5235677042516953
T1cIf13,word_gap,0,0.5363941351225938
T1cIf13,word_gap,1,0.5464507251092064
T1cIf13,word_head_pos,0,0.5608026916606585
T1cIf13,word_head_pos,1,0.5581643208676844
T1cIf13,word_index,0,0.6001999231064975
T1cIf13,word_index,1,0.5821453287197231
T1cIf13,word_length,0,0.5481698588341013
T1cIf13,word_length,1,0.5338495135993647
T1cIf13,word_part_speech,0,0.5478603820608677
T1cIf13,word_part_speech,1,0.5882375611824103
T3bOT4,delta_volume,0,0.5304535907965268
T3bOT4,delta_volume,1,0.47638527527872687
T3bOT4,face_num,0,0.5385358870672811
T3bOT4,face_num,1,0.5057364972884864
T3bOT4,frame_brightness,0,0.5089338892197737
T3bOT4,frame_brightness,1,0.4919177037292457
T3bOT4,global_flow,0,0.5192104740708232
T3bOT4,global_flow,1,0.5007575520098639
T3bOT4,gpt2_surprisal,0,0.5127320982623325
T3bOT4,gpt2_surprisal,1,0.5141374878530454
T3bOT4,local_flow,0,0.488788230254015
T3bOT4,local_flow,1,0.49923199899689674
T3bOT4,onset,0,0.5529128405840735
T3bOT4,onset,1,0.4886497064579256
T3bOT4,pitch,0,0.4674984065285309
T3bOT4,pitch,1,0.46256125722286656
T3bOT4,speech,0,0.5281182408074983
T3bOT4,speech,1,0.48278005914130173
T3bOT4,volume,0,0.5215040280868939
T3bOT4,volume,1,0.5290116297294756
T3bOT4,word_gap,0,0.507299094880233
T3bOT4,word_gap,1,0.5117686904298385
T3bOT4,word_head_pos,0,0.504670699978057
T3bOT4,word_head_pos,1,0.5219376613063331
T3bOT4,word_index,0,0.5292733564013841
T3bOT4,word_index,1,0.569842368319877
T3bOT4,word_length,0,0.5241632968663469
T3bOT4,word_length,1,0.49054888561487103
T3bOT4,word_part_speech,0,0.5051322567798461
T3bOT4,word_part_speech,1,0.48867563366349354
T2d6,delta_volume,0,0.5438074041566096
T2d6,delta_volume,1,0.5492879011107279
T2d6,face_num,0,0.512658955309656
T2d6,face_num,1,0.5078628674127248
T2d6,frame_brightness,0,0.4908257839357178
T2d6,frame_brightness,1,0.48911214904443956
T2d6,global_flow,0,0.5052558435994693
T2d6,global_flow,1,0.49750269061575914
T2d6,gpt2_surprisal,0,0.5071523358724387
T2d6,gpt2_surprisal,1,0.5215144770801333
T2d6,local_flow,0,0.49033468125346125
T2d6,local_flow,1,0.507669561037794
T2d6,onset,0,0.5678383260575042
T2d6,onset,1,0.5471473731747705
T2d6,pitch,0,0.5066978046665204
T2d6,pitch,1,0.5064052328558144
T2d6,speech,0,0.5156682653626323
T2d6,speech,1,0.5215092525835135
T2d6,volume,0,0.5128783841676855
T2d6,volume,1,0.5033436778366405
T2d6,word_gap,0,0.5345753617545562
T2d6,word_gap,1,0.514616857522308
T2d6,word_head_pos,0,0.5397636437729225
T2d6,word_head_pos,1,0.5287869763748263
T2d6,word_index,0,0.5410688196847366
T2d6,word_index,1,0.5728412149173394
T2d6,word_length,0,0.53855678505376
T2d6,word_length,1,0.5323500830694963
T2d6,word_part_speech,0,0.46742719132590793
T2d6,word_part_speech,1,0.5032566385323929
F3aOFa13,delta_volume,0,0.49750269061575914
F3aOFa13,delta_volume,1,0.5054648234642592
F3aOFa13,face_num,0,0.49818709967294655
F3aOFa13,face_num,1,0.5094249919020302
F3aOFa13,frame_brightness,0,0.5349884538624703
F3aOFa13,frame_brightness,1,0.5119275257828908
F3aOFa13,global_flow,0,0.49607117854194754
F3aOFa13,global_flow,1,0.47732568467028197
F3aOFa13,gpt2_surprisal,0,0.49636375035265357
F3aOFa13,gpt2_surprisal,1,0.4867193295925938
F3aOFa13,local_flow,0,0.4881769641495042
F3aOFa13,local_flow,1,0.45904517099777437
F3aOFa13,onset,0,0.5504365497516184
F3aOFa13,onset,1,0.46025139244317326
F3aOFa13,pitch,0,0.4879627597880944
F3aOFa13,pitch,1,0.4853191644985006
F3aOFa13,speech,0,0.5281757102703155
F3aOFa13,speech,1,0.4836473255801804
F3aOFa13,volume,0,0.5304326928100478
F3aOFa13,volume,1,0.5010396748273304
F3aOFa13,word_gap,0,0.5248414573654987
F3aOFa13,word_gap,1,0.5238600664572322
F3aOFa13,word_head_pos,0,0.49296260305319584
F3aOFa13,word_head_pos,1,0.5277107300711577
F3aOFa13,word_index,0,0.5045444059976932
F3aOFa13,word_index,1,0.4955632449058054
F3aOFa13,word_length,0,0.4881769641495042
F3aOFa13,word_length,1,0.4878843923387982
F3aOFa13,word_part_speech,0,0.4965635076630568
F3aOFa13,word_part_speech,1,0.5220256677072495
F3bIaOFb9,delta_volume,0,0.5358766182878281
F3bIaOFb9,delta_volume,1,0.5126850777927546
F3bIaOFb9,face_num,0,0.5311641223368129
F3bIaOFb9,face_num,1,0.5314671431407584
F3bIaOFb9,frame_brightness,0,0.5118282603471156
F3bIaOFb9,frame_brightness,1,0.5183510443768743
F3bIaOFb9,global_flow,0,0.46797906021754804
F3bIaOFb9,global_flow,1,0.4766726225928132
F3bIaOFb9,gpt2_surprisal,0,0.5170632059601057
F3bIaOFb9,gpt2_surprisal,1,0.5209397824519608
F3bIaOFb9,local_flow,0,0.4963271788763153
F3bIaOFb9,local_flow,1,0.47161530986489447
F3bIaOFb9,onset,0,0.5216092127051031
F3bIaOFb9,onset,1,0.5057278338100256
F3bIaOFb9,pitch,0,0.49356864466108696
F3bIaOFb9,pitch,1,0.492581214799954
F3bIaOFb9,speech,0,0.5353019236596553
F3bIaOFb9,speech,1,0.5032391879042454
F3bIaOFb9,volume,0,0.48965027219627394
F3bIaOFb9,volume,1,0.4784515636918383
F3bIaOFb9,word_gap,0,0.4895487201915846
F3bIaOFb9,word_gap,1,0.49287691544570617
F3bIaOFb9,word_head_pos,0,0.5199157811144897
F3bIaOFb9,word_head_pos,1,0.5260597891393165
F3bIaOFb9,word_index,0,0.5284429065743945
F3bIaOFb9,word_index,1,0.5513264129181084
F3bIaOFb9,word_length,0,0.5089913586825909
F3bIaOFb9,word_length,1,0.5110341368609135
F3bIaOFb9,word_part_speech,0,0.48979329659177034
F3bIaOFb9,word_part_speech,1,0.5543865058259787
F3cId5,delta_volume,0,0.5051983741366519
F3cId5,delta_volume,1,0.4890233326019038
F3cId5,face_num,0,0.5419631568498375
F3cId5,face_num,1,0.5421303407416695
F3cId5,frame_brightness,0,0.5278047710103131
F3cId5,frame_brightness,1,0.4942217067385557
F3cId5,global_flow,0,0.5223451720426737
F3cId5,global_flow,1,0.5030145345495961
F3cId5,gpt2_surprisal,0,0.5332069005151354
F3cId5,gpt2_surprisal,1,0.5396852763236262
F3cId5,local_flow,0,0.502957065086779
F3cId5,local_flow,1,0.4972675882678704
F3cId5,onset,0,0.5834562697576396
F3cId5,onset,1,0.5335465903959055
F3cId5,pitch,0,0.5297535082494802
F3cId5,pitch,1,0.5167027156933429
F3cId5,speech,0,0.5540421930347011
F3cId5,speech,1,0.545557610524226
F3cId5,volume,0,0.5146233660386822
F3cId5,volume,1,0.49262301077291204
F3cId5,word_gap,0,0.5029468395479201
F3cId5,word_gap,1,0.5153795689347108
F3cId5,word_head_pos,0,0.4947337074072913
F3cId5,word_head_pos,1,0.48109254673312224
F3cId5,word_index,0,0.5669819300269127
F3cId5,word_index,1,0.530242214532872
F3cId5,word_length,0,0.5047856389036917
F3cId5,word_length,1,0.475209763539283
F3cId5,word_part_speech,0,0.5003661309592631
F3cId5,word_part_speech,1,0.5024472964119167
T1aIb8,delta_volume,0,0.5760582217903305
T1aIb8,delta_volume,1,0.5466025098481762
T1aIb8,face_num,0,0.49699068994702367
T1aIb8,face_num,1,0.5053707825251037
T1aIb8,frame_brightness,0,0.48492732725201926
T1aIb8,frame_brightness,1,0.4917348463475545
T1aIb8,global_flow,0,0.4974974661191395
T1aIb8,global_flow,1,0.5040280868938277
T1aIb8,gpt2_surprisal,0,0.5355840464771219
T1aIb8,gpt2_surprisal,1,0.534763800507821
T1aIb8,local_flow,0,0.4916251319185397
T1aIb8,local_flow,1,0.4902092933345872
T1aIb8,onset,0,0.6142857142857143
T1aIb8,onset,1,0.5971774800541924
T1aIb8,pitch,0,0.5425483004712496
T1aIb8,pitch,1,0.5334524518562637
T1aIb8,speech,0,0.5789682664075316
T1aIb8,speech,1,0.5456307534769025
T1aIb8,volume,0,0.5403749098774333
T1aIb8,volume,1,0.4998484895980272
T1aIb8,word_gap,0,0.511395335192998
T1aIb8,word_gap,1,0.5443599357828992
T1aIb8,word_head_pos,0,0.5392777655872858
T1aIb8,word_head_pos,1,0.5232072139849325
T1aIb8,word_index,0,0.5777316416762783
T1aIb8,word_index,1,0.5803921568627451
T1aIb8,word_length,0,0.5014262875771919
T1aIb8,word_length,1,0.5242730112953617
T1aIb8,word_part_speech,0,0.5187240657237189
T1aIb8,word_part_speech,1,0.5388291517323776
T2aA12,delta_volume,0,0.5331598800455576
T2aA12,delta_volume,1,0.4924662758743195
T2aA12,face_num,0,0.505720823798627
T2aA12,face_num,1,0.52095545594182
T2aA12,frame_brightness,0,0.5137613240964233
T2aA12,frame_brightness,1,0.4903555792399402
T2aA12,global_flow,0,0.48271214068524493
T2aA12,global_flow,1,0.4854811238937129
T2aA12,gpt2_surprisal,0,0.5328464102483725
T2aA12,gpt2_surprisal,1,0.5340689424573942
T2aA12,local_flow,0,0.47846984943000737
T2aA12,local_flow,1,0.47638527527872687
T2aA12,onset,0,0.596274273671534
T2aA12,onset,1,0.5205705253650459
T2aA12,pitch,0,0.5240797049204309
T2aA12,pitch,1,0.5170057364972885
T2aA12,speech,0,0.5338495135993647
T2aA12,speech,1,0.5357982508385317
T2aA12,volume,0,0.5334472273596439
T2aA12,volume,1,0.5015098795231079
T2aA12,word_gap,0,0.5345646944620751
T2aA12,word_gap,1,0.5219239528719017
T2aA12,word_head_pos,0,0.5207308025871707
T2aA12,word_head_pos,1,0.5284055881215846
T2aA12,word_index,0,0.5718569780853517
T2aA12,word_index,1,0.5448981161091887
T2aA12,word_length,0,0.5024137174383247
T2aA12,word_length,1,0.5081606637200506
T2aA12,word_part_speech,0,0.5270230341336828
T2aA12,word_part_speech,1,0.4957927056435555
T2bHa14,delta_volume,0,0.5106945445806297
T2bHa14,delta_volume,1,0.48507883765399207
T2bHa14,face_num,0,0.5170841039465849
T2bHa14,face_num,1,0.5214047626511186
T2bHa14,frame_brightness,0,0.5239647659947965
T2bHa14,frame_brightness,1,0.4842847141677899
T2bHa14,global_flow,0,0.5174916146829254
T2bHa14,global_flow,1,0.5108982999488
T2bHa14,gpt2_surprisal,0,0.5169691650209502
T2bHa14,gpt2_surprisal,1,0.5130664660459965
T2bHa14,local_flow,0,0.4874507591193588
T2bHa14,local_flow,1,0.48400781584694313
T2bHa14,onset,0,0.5896357067589943
T2bHa14,onset,1,0.5338551859099805
T2bHa14,pitch,0,0.503625800654107
T2bHa14,pitch,1,0.5204643532595634
T2bHa14,speech,0,0.5372245384157237
T2bHa14,speech,1,0.48618381868906935
T2bHa14,volume,0,0.5049110268225656
T2bHa14,volume,1,0.4922363980230505
T2bHa14,word_gap,0,0.5113153304993893
T2bHa14,word_gap,1,0.5156249166617775
T2bHa14,word_head_pos,0,0.5074501321797644
T2bHa14,word_head_pos,1,0.5265561163181928
T2bHa14,word_index,0,0.5668435217224145
T2bHa14,word_index,1,0.538638985005767
T2bHa14,word_length,0,0.5036832701169242
T2bHa14,word_length,1,0.5149263868426277
T2bHa14,word_part_speech,0,0.5028326974216673
T2bHa14,word_part_speech,1,0.5203299032643465
F3dIe4,delta_volume,0,0.477639154467467
F3dIe4,delta_volume,1,0.4900577829326144
F3dIe4,face_num,0,0.5315925310596323
F3dIe4,face_num,1,0.516640021733906
F3dIe4,frame_brightness,0,0.5105848301516149
F3dIe4,frame_brightness,1,0.5151980606668547
F3dIe4,global_flow,0,0.45173610022674315
F3dIe4,global_flow,1,0.4500538123151834
F3dIe4,gpt2_surprisal,0,0.5409600534988454
F3dIe4,gpt2_surprisal,1,0.509576502304003
F3dIe4,local_flow,0,0.4941224413027805
F3dIe4,local_flow,1,0.45872125220734983
F3dIe4,onset,0,0.5742209844949571
F3dIe4,onset,1,0.5419990967936174
F3dIe4,pitch,0,0.5123454855124708
F3dIe4,pitch,1,0.5391158061920733
F3dIe4,speech,0,0.5137143036268454
F3dIe4,speech,1,0.5099004210944276
F3dIe4,volume,0,0.5111595247797874
F3dIe4,volume,1,0.4836734480632791
F3dIe4,word_gap,0,0.5382982468304808
F3dIe4,word_gap,1,0.4860605155502456
F3dIe4,word_head_pos,0,0.5021211456276189
F3dIe4,word_head_pos,1,0.4913116621213546
F3dIe4,word_index,0,0.5613840830449827
F3dIe4,word_index,1,0.5619530949634756
F3dIe4,word_length,0,0.48725222824780834
F3dIe4,word_length,1,0.5092996039831563
F3dIe4,word_part_speech,0,0.48339563982990974
F3dIe4,word_part_speech,1,0.5115042201410568
T1cIf1,delta_volume,0,0.513348588863463
T1cIf1,delta_volume,1,0.5103706257902051
T1cIf1,face_num,0,0.5182439421961694
T1cIf1,face_num,1,0.515213734156714
T1cIf1,frame_brightness,0,0.546879408169023
T1cIf1,frame_brightness,1,0.4697971850412213
T1cIf1,global_flow,0,0.5117916888707773
T1cIf1,global_flow,1,0.4892532104531728
T1cIf1,gpt2_surprisal,0,0.5176796965612364
T1cIf1,gpt2_surprisal,1,0.5257828908184696
T1cIf1,local_flow,0,0.48293156954327454
T1cIf1,local_flow,1,0.480993281297347
T1cIf1,onset,0,0.5977495107632094
T1cIf1,onset,1,0.5363314767424356
T1cIf1,pitch,0,0.551947169890181
T1cIf1,pitch,1,0.5162899804603827
T1cIf1,speech,0,0.537888049486432
T1cIf1,speech,1,0.5103236053206274
T1cIf1,volume,0,0.5339174320554214
T1cIf1,volume,1,0.5142367532888207
T1cIf1,word_gap,0,0.4998053219122189
T1cIf1,word_gap,1,0.502872168500552
T1cIf1,word_head_pos,0,0.5549303574600587
T1cIf1,word_head_pos,1,0.5322560421303407
T1cIf1,word_index,0,0.5419915417147251
T1cIf1,word_index,1,0.5743790849673203
T1cIf1,word_length,0,0.507523275132441
T1cIf1,word_length,1,0.5088816442535762
T1cIf1,word_part_speech,0,0.49671766806695694
T1cIf1,word_part_speech,1,0.5575082540049588
T1cIf14,delta_volume,0,0.7141521164435807
T1cIf14,delta_volume,1,0.6710656928204968
T1cIf14,face_num,0,0.5336980031973919
T1cIf14,face_num,1,0.518797738837863
T1cIf14,frame_brightness,0,0.5340428199742955
T1cIf14,frame_brightness,1,0.4978997523588602
T1cIf14,global_flow,0,0.47952519774719704
T1cIf14,global_flow,1,0.47015245081136436
T1cIf14,gpt2_surprisal,0,0.5766590389016019
T1cIf14,gpt2_surprisal,1,0.564501635267442
T1cIf14,local_flow,0,0.4554245948402872
T1cIf14,local_flow,1,0.48843296448387197
T1cIf14,onset,0,0.6375282251994581
T1cIf14,onset,1,0.6402754779467108
T1cIf14,pitch,0,0.5335099213190809
T1cIf14,pitch,1,0.5058096402411627
T1cIf14,speech,0,0.5470936125304326
T1cIf14,speech,1,0.5212741502356248
T1cIf14,volume,0,0.5161802660313679
T1cIf14,volume,1,0.5045191895760843
T1cIf14,word_gap,0,0.5478188053699151
T1cIf14,word_gap,1,0.530724469168858
T1cIf14,word_head_pos,0,0.5296594673103246
T1cIf14,word_head_pos,1,0.556664890337816
T1cIf14,word_index,0,0.5591541714725106
T1cIf14,word_index,1,0.5550326797385621
T1cIf14,word_length,0,0.5392202961244684
T1cIf14,word_length,1,0.5128365881947274
T1cIf14,word_part_speech,0,0.4981693452036845
T1cIf14,word_part_speech,1,0.5698924731182795
T3bOT5,delta_volume,0,0.5513881487518678
T3bOT5,delta_volume,1,0.4856692057720239
T3bOT5,face_num,0,0.5155376529471385
T3bOT5,face_num,1,0.5028316771679049
T3bOT5,frame_brightness,0,0.501280001671839
T3bOT5,frame_brightness,1,0.4733289447561727
T3bOT5,global_flow,0,0.490235415817686
T3bOT5,global_flow,1,0.4890468428366927
T3bOT5,gpt2_surprisal,0,0.5232751324409893
T3bOT5,gpt2_surprisal,1,0.5118021378640168
T3bOT5,local_flow,0,0.49990595906084445
T3bOT5,local_flow,1,0.5180558603178584
T3bOT5,onset,0,0.5478398314014752
T3bOT5,onset,1,0.5019343670028601
T3bOT5,pitch,0,0.49570023928194523
T3bOT5,pitch,1,0.48294724303313374
T3bOT5,speech,0,0.5051618026603137
T3bOT5,speech,1,0.4918550097698087
T3bOT5,volume,0,0.5009351848949354
T3bOT5,volume,1,0.49497925874841964
T3bOT5,word_gap,0,0.49337294454608
T3bOT5,word_gap,1,0.5003066846588332
T3bOT5,word_head_pos,0,0.5102609113611903
T3bOT5,word_head_pos,1,0.513014221079799
T3bOT5,word_index,0,0.5388235294117647
T3bOT5,word_index,1,0.5627835447904652
T3bOT5,word_length,0,0.5267337492032643
T3bOT5,word_length,1,0.4969018735044879
T3bOT5,word_part_speech,0,0.49258103056230007
T3bOT5,word_part_speech,1,0.5028455441219923
F3aOFa14,delta_volume,0,0.47913336050071575
F3aOFa14,delta_volume,1,0.5010292258340909
F3aOFa14,face_num,0,0.5116610764552836
F3aOFa14,face_num,1,0.5281861592635549
F3aOFa14,frame_brightness,0,0.5237244391502879
F3aOFa14,frame_brightness,1,0.504043760383687
F3aOFa14,global_flow,0,0.4955539533765922
F3aOFa14,global_flow,1,0.4663124457958475
F3aOFa14,gpt2_surprisal,0,0.5038661274986155
F3aOFa14,gpt2_surprisal,1,0.5134426298026186
F3aOFa14,local_flow,0,0.4720907390572919
F3aOFa14,local_flow,1,0.46470852533358414
F3aOFa14,onset,0,0.5707511666415777
F3aOFa14,onset,1,0.48965076019870535
F3aOFa14,pitch,0,0.5230139076100018
F3aOFa14,pitch,1,0.5218645183536567
F3aOFa14,speech,0,0.5577620346279637
F3aOFa14,speech,1,0.49971787718253347
F3aOFa14,volume,0,0.5125335673907819
F3aOFa14,volume,1,0.49664064867350033
F3aOFa14,word_gap,0,0.5109099733851052
F3aOFa14,word_gap,1,0.5155342446756876
F3aOFa14,word_head_pos,0,0.496353301359414
F3aOFa14,word_head_pos,1,0.48937859837204684
F3aOFa14,word_index,0,0.5176470588235293
F3aOFa14,word_index,1,0.5081430219146482
F3aOFa14,word_length,0,0.4913325601078336
F3aOFa14,word_length,1,0.48735149368358355
F3aOFa14,word_part_speech,0,0.4814429413805065
F3aOFa14,word_part_speech,1,0.48457753625981165
F3bIaOFb10,delta_volume,0,0.5725996050280555
F3bIaOFb10,delta_volume,1,0.5181290032705349
F3bIaOFb10,face_num,0,0.5180088398482806
F3bIaOFb10,face_num,1,0.5224339884852094
F3bIaOFb10,frame_brightness,0,0.49345893023207216
F3bIaOFb10,frame_brightness,1,0.48477581685004656
F3bIaOFb10,global_flow,0,0.47972895311536734
F3bIaOFb10,global_flow,1,0.4809358118345297
F3bIaOFb10,gpt2_surprisal,0,0.5324284505187925
F3bIaOFb10,gpt2_surprisal,1,0.5289384867767991
F3bIaOFb10,local_flow,0,0.4969175469943471
F3bIaOFb10,local_flow,1,0.49435231915404954
F3bIaOFb10,onset,0,0.5619750112900798
F3bIaOFb10,onset,1,0.5463721210296554
F3bIaOFb10,pitch,0,0.5108617284724617
F3bIaOFb10,pitch,1,0.5170005120006687
F3bIaOFb10,speech,0,0.5446798950921079
F3bIaOFb10,speech,1,0.5432431585216765
F3bIaOFb10,volume,0,0.5181185542772954
F3bIaOFb10,volume,1,0.5027167382422704
F3bIaOFb10,word_gap,0,0.5051976382614447
F3bIaOFb10,word_gap,1,0.4923382171754076
F3bIaOFb10,word_head_pos,0,0.5206001901716769
F3bIaOFb10,word_head_pos,1,0.5106370751178124
F3bIaOFb10,word_index,0,0.5944021530180699
F3bIaOFb10,word_index,1,0.5447135717031911
F3bIaOFb10,word_length,0,0.4940806453298225
F3bIaOFb10,word_length,1,0.4951255446537727
F3bIaOFb10,word_part_speech,0,0.49637080715818144
F3bIaOFb10,word_part_speech,1,0.5115684536426819
F3cId6,delta_volume,0,0.500773225499723
F3cId6,delta_volume,1,0.467331222636699
F3cId6,face_num,0,0.4984274265174551
F3cId6,face_num,1,0.4972519147780112
F3cId6,frame_brightness,0,0.5167758586460195
F3cId6,frame_brightness,1,0.4620806035338495
F3cId6,global_flow,0,0.5051200066873557
F3cId6,global_flow,1,0.5014315120738118
F3cId6,gpt2_surprisal,0,0.5173348797843328
F3cId6,gpt2_surprisal,1,0.5330710636030218
F3cId6,local_flow,0,0.4801625863348066
F3cId6,local_flow,1,0.4952613815658861
F3cId6,onset,0,0.5712930904711726
F3cId6,onset,1,0.5342917356615987
F3cId6,pitch,0,0.5539847235718838
F3cId6,pitch,1,0.5368953951286793
F3cId6,speech,0,0.5319530213263952
F3cId6,speech,1,0.5147487539575561
F3cId6,volume,0,0.515568999926857
F3cId6,volume,1,0.48593043060301144
F3cId6,word_gap,0,0.5326819173391506
F3cId6,word_gap,1,0.5334286278128317
F3cId6,word_head_pos,0,0.5009351848949354
F3cId6,word_head_pos,1,0.49132211111459406
F3cId6,word_index,0,0.5333333333333333
F3cId6,word_index,1,0.5493425605536333
F3cId6,word_length,0,0.46563326123528004
F3cId6,word_length,1,0.46761334545416544
F3cId6,word_part_speech,0,0.4930178183733508
F3cId6,word_part_speech,1,0.5309669711334644
T2aA1,delta_volume,0,0.5328882062213306
T2aA1,delta_volume,1,0.48148960847622335
T2aA1,face_num,0,0.4904391711858562
T2aA1,face_num,1,0.5077844999634284
T2aA1,frame_brightness,0,0.4851676540965278
T2aA1,frame_brightness,1,0.4910347638005078
T2aA1,global_flow,0,0.48965027219627394
T2aA1,global_flow,1,0.48958757823683685
T2aA1,gpt2_surprisal,0,0.5032496368974849
T2aA1,gpt2_surprisal,1,0.5041482503160821
T2aA1,local_flow,0,0.47854299238268394
T2aA1,local_flow,1,0.4668035484781041
T2aA1,onset,0,0.5520924281198253
T2aA1,onset,1,0.5168523257564352
T2aA1,pitch,0,0.5115722600127478
T2aA1,pitch,1,0.4934955017084104
T2aA1,speech,0,0.5249887673322675
T2aA1,speech,1,0.5177998599834907
T2aA1,volume,0,0.5181446767603942
T2aA1,volume,1,0.4754500903837915
T2aA1,word_gap,0,0.49014608857052944
T2aA1,word_gap,1,0.5187664342974787
T2aA1,word_head_pos,0,0.5187507183682852
T2aA1,word_head_pos,1,0.4971474248456162
T2aA1,word_index,0,0.5653671664744329
T2aA1,word_index,1,0.5277047289504037
T2aA1,word_length,0,0.4906272530641673
T2aA1,word_length,1,0.4990177946354869
T2aA1,word_part_speech,0,0.47430017599979446
T2aA1,word_part_speech,1,0.5260338382086561
T2bHa1,delta_volume,0,0.5337659216534487
T2bHa1,delta_volume,1,0.4927510109400959
T2bHa1,face_num,0,0.518944024743216
T2bHa1,face_num,1,0.5002403268445085
T2bHa1,frame_brightness,0,0.5130612415493767
T2bHa1,frame_brightness,1,0.4956479943157477
T2bHa1,global_flow,0,0.4501426287577192
T2bHa1,global_flow,1,0.49082317168740797
T2bHa1,gpt2_surprisal,0,0.5221205186880244
T2bHa1,gpt2_surprisal,1,0.4972153433016729
T2bHa1,local_flow,0,0.49658840370730284
T2bHa1,local_flow,1,0.47250869878687196
T2bHa1,onset,0,0.5357443925937077
T2bHa1,onset,1,0.4611019117868433
T2bHa1,pitch,0,0.5028891466307222
T2bHa1,pitch,1,0.4952195855929281
T2bHa1,speech,0,0.5040071889073489
T2bHa1,speech,1,0.5034481677690354
T2bHa1,volume,0,0.5107154425671087
T2bHa1,volume,1,0.5213995381544988
T2bHa1,word_gap,0,0.49895193851372616
T2bHa1,word_gap,1,0.5053683149411432
T2bHa1,word_head_pos,0,0.5022987785126903
T2bHa1,word_head_pos,1,0.4775189910452127
T2bHa1,word_index,0,0.5157400999615533
T2bHa1,word_index,1,0.4867051134179161
T2bHa1,word_length,0,0.5016927369047992
T2bHa1,word_length,1,0.5093152774730155
T2bHa1,word_part_speech,0,0.4690201821662106
T2bHa1,word_part_speech,1,0.5107976516231806
T1bIc1,delta_volume,0,0.5314357961610399
T1bIc1,delta_volume,1,0.49295737855657606
T1bIc1,face_num,0,0.4939395839210893
T1bIc1,face_num,1,0.509325726466255
T1bIc1,frame_brightness,0,0.4977116704805492
T1bIc1,frame_brightness,1,0.4766517246063342
T1bIc1,global_flow,0,0.4561925958433905
T1bIc1,global_flow,1,0.4999320815439432
T1bIc1,gpt2_surprisal,0,0.5058723342005997
T1bIc1,gpt2_surprisal,1,0.530343876367512
T1bIc1,local_flow,0,0.49819232416956627
T1bIc1,local_flow,1,0.4803297702266386
T1bIc1,onset,0,0.5878142405539666
T1bIc1,onset,1,0.5741682974559688
T1bIc1,pitch,0,0.5107676875333061
T1bIc1,pitch,1,0.5010344503307107
T1bIc1,speech,0,0.5611213859544633
T1bIc1,speech,1,0.5266266470225593
T1bIc1,volume,0,0.5179147989091251
T1bIc1,volume,1,0.4860035735556879
T1bIc1,word_gap,0,0.49540506376374077
T1bIc1,word_gap,1,0.5094165524377431
T1bIc1,word_head_pos,0,0.5173453287775723
T1bIc1,word_head_pos,1,0.5167392871696812
T1bIc1,word_index,0,0.5584467512495194
T1bIc1,word_index,1,0.558877354863514
T1bIc1,word_length,0,0.48160977189847753
T1bIc1,word_length,1,0.4934589302320722
T1bIc1,word_part_speech,0,0.491951542246374
T1bIc1,word_part_speech,1,0.5263806991174317
F3dIe5,delta_volume,0,0.5056947013155282
F3dIe5,delta_volume,1,0.49842742651745503
F3dIe5,face_num,0,0.5007680010031034
F3dIe5,face_num,1,0.5208561905060447
F3dIe5,frame_brightness,0,0.5046236795084793
F3dIe5,frame_brightness,1,0.5257463193421315
F3dIe5,global_flow,0,0.46278068608089606
F3dIe5,global_flow,1,0.48530349100864134
F3dIe5,gpt2_surprisal,0,0.5009456338881749
F3dIe5,gpt2_surprisal,1,0.484660877924412
F3dIe5,local_flow,0,0.5078628674127248
F3dIe5,local_flow,1,0.495768157738002
F3dIe5,onset,0,0.5920442571127503
F3dIe5,onset,1,0.5236037934668072
F3dIe5,pitch,0,0.5282436287263722
F3dIe5,pitch,1,0.5429819336906889
F3dIe5,speech,0,0.5147592029507958
F3dIe5,speech,1,0.48160977189847753
F3dIe5,volume,0,0.49729371075096923
F3dIe5,volume,1,0.5174445942133475
F3dIe5,word_gap,0,0.4804175178277126
F3dIe5,word_gap,1,0.46093370811087586
F3dIe5,word_head_pos,0,0.5169064710615132
F3dIe5,word_head_pos,1,0.5219899062725307
F3dIe5,word_index,0,0.5832679738562092
F3dIe5,word_index,1,0.5483275663206459
F3dIe5,word_length,0,0.5246073790790258
F3dIe5,word_length,1,0.5143516922144551
F3dIe5,word_part_speech,0,0.5161161855577395
F3dIe5,word_part_speech,1,0.4972829228812579
T1cIf2,delta_volume,0,0.5528039873358201
T1cIf2,delta_volume,1,0.5330867370928811
T1cIf2,face_num,0,0.507815846943147
T1cIf2,face_num,1,0.46158950085159295
T1cIf2,frame_brightness,0,0.4998693875845062
T1cIf2,frame_brightness,1,0.48310397793172627
T1cIf2,global_flow,0,0.4932133788909439
T1cIf2,global_flow,1,0.4814687104897444
T1cIf2,gpt2_surprisal,0,0.5548728879972415
T1cIf2,gpt2_surprisal,1,0.5311066528739956
T1cIf2,local_flow,0,0.4937462775461584
T1cIf2,local_flow,1,0.48090446485481125
T1cIf2,onset,0,0.5879798283907873
T1cIf2,onset,1,0.573385518590998
T1cIf2,pitch,0,0.5176587985747573
T1cIf2,pitch,1,0.4746559668975895
T1cIf2,speech,0,0.5253126861226921
T1cIf2,speech,1,0.4914892950064262
T1cIf2,volume,0,0.47503735515083123
T1cIf2,volume,1,0.48617598194413963
T1cIf2,word_gap,0,0.5150488828677949
T1cIf2,word_gap,1,0.5255028294993307
T1cIf2,word_head_pos,0,0.5342465753424657
T1cIf2,word_head_pos,1,0.5369424155982571
T1cIf2,word_index,0,0.5411457131872357
T1cIf2,word_index,1,0.5383006535947712
T1cIf2,word_length,0,0.5441835679132315
T1cIf2,word_length,1,0.48895541414584703
T1cIf2,word_part_speech,0,0.5404478359733302
T1cIf2,word_part_speech,1,0.5019334283989157
T1cIf15,delta_volume,0,0.6530150569992581
T1cIf15,delta_volume,1,0.6317356822670136
T1cIf15,face_num,0,0.5680960889418305
T1cIf15,face_num,1,0.5191373311181467
T1cIf15,frame_brightness,0,0.5308872240159661
T1cIf15,frame_brightness,1,0.4976489765211122
T1cIf15,global_flow,0,0.48855312790612626
T1cIf15,global_flow,1,0.47528813098857925
T1cIf15,gpt2_surprisal,0,0.5589532198572668
T1cIf15,gpt2_surprisal,1,0.545097854821688
T1cIf15,local_flow,0,0.46258737970596536
T1cIf15,local_flow,1,0.4790758910378985
T1cIf15,onset,0,0.6104245069998495
T1cIf15,onset,1,0.6249360228812284
T1cIf15,pitch,0,0.539565112901372
T1cIf15,pitch,1,0.5044460466234079
T1cIf15,speech,0,0.5460278152200035
T1cIf15,speech,1,0.539162826661651
T1cIf15,volume,0,0.5117812398775378
T1cIf15,volume,1,0.49497925874841964
T1cIf15,word_gap,0,0.5458133543834571
T1cIf15,word_gap,1,0.5233320354794148
T1cIf15,word_head_pos,0,0.5432536075149159
T1cIf15,word_head_pos,1,0.555155010814708
T1cIf15,word_index,0,0.5715494040753556
T1cIf15,word_index,1,0.5501114955786236
T1cIf15,word_length,0,0.5147644274474154
T1cIf15,word_length,1,0.5205636186953387
T1cIf15,word_part_speech,0,0.49363445998895183
T1cIf15,word_part_speech,1,0.5537698642103775
T3bOT6,delta_volume,0,0.5696425399412766
T3bOT6,delta_volume,1,0.5129201801406434
T3bOT6,face_num,0,0.5167758586460195
T3bOT6,face_num,1,0.5059977221194737
T3bOT6,frame_brightness,0,0.49455085002560006
T3bOT6,frame_brightness,1,0.4851049601370908
T3bOT6,global_flow,0,0.5101198499524571
T3bOT6,global_flow,1,0.513557568728253
T3bOT6,gpt2_surprisal,0,0.5306259991849784
T3bOT6,gpt2_surprisal,1,0.5037668620628403
T3bOT6,local_flow,0,0.48835459703457573
T3bOT6,local_flow,1,0.510772912029926
T3bOT6,onset,0,0.5522655426765015
T3bOT6,onset,1,0.5294219479150986
T3bOT6,pitch,0,0.4952718305591256
T3bOT6,pitch,1,0.48858969938246444
T3bOT6,speech,0,0.514712182481218
T3bOT6,speech,1,0.4916094584286804
T3bOT6,volume,0,0.5118543828302143
T3bOT6,volume,1,0.4980982832304107
T3bOT6,word_gap,0,0.5082591512035373
T3bOT6,word_gap,1,0.5067817311948968
T3bOT6,word_head_pos,0,0.5151771626803757
T3bOT6,word_head_pos,1,0.5080718472775148
T3bOT6,word_index,0,0.5401153402537485
T3bOT6,word_index,1,0.5705959246443675
T3bOT6,word_length,0,0.5105169116955581
T3bOT6,word_length,1,0.49563754532250814
T3bOT6,word_part_speech,0,0.5217173468994489
T3bOT6,word_part_speech,1,0.5262265387135314
F3aOFa15,delta_volume,0,0.4876283920044304
F3aOFa15,delta_volume,1,0.4974086496766037
F3aOFa15,face_num,0,0.5037825355526995
F3aOFa15,face_num,1,0.5007993479828219
F3aOFa15,frame_brightness,0,0.5077636019769495
F3aOFa15,frame_brightness,1,0.4980146912844947
F3aOFa15,global_flow,0,0.5205949656750573
F3aOFa15,global_flow,1,0.49285811312080086
F3aOFa15,gpt2_surprisal,0,0.5176431250848981
F3aOFa15,gpt2_surprisal,1,0.508215520934558
F3aOFa15,local_flow,0,0.48550724637681164
F3aOFa15,local_flow,1,0.48369434604975814
F3aOFa15,onset,0,0.5709920216769532
F3aOFa15,onset,1,0.5192985097094686
F3aOFa15,pitch,0,0.505428251987921
F3aOFa15,pitch,1,0.49187590775628776
F3aOFa15,speech,0,0.5253858290753686
F3aOFa15,speech,1,0.4860140225489275
F3aOFa15,volume,0,0.532585185417385
F3aOFa15,volume,1,0.481160465189179
F3aOFa15,word_gap,0,0.5093258804516532
F3aOFa15,word_gap,1,0.523950738443322
F3aOFa15,word_head_pos,0,0.5345130246700731
F3aOFa15,word_head_pos,1,0.4956793412954662
F3aOFa15,word_index,0,0.5134025374855824
F3aOFa15,word_index,1,0.4943790849673202
F3aOFa15,word_length,0,0.5028577996510036
F3aOFa15,word_length,1,0.5103445033071063
F3aOFa15,word_part_speech,0,0.4831258591230842
F3aOFa15,word_part_speech,1,0.5117483074472322
F3bIaOFb11,delta_volume,0,0.5159869596564371
F3bIaOFb11,delta_volume,1,0.49211623460079623
F3bIaOFb11,face_num,0,0.4938455429819337
F3bIaOFb11,face_num,1,0.5094824613648474
F3bIaOFb11,frame_brightness,0,0.47152126892573903
F3bIaOFb11,frame_brightness,1,0.5074814791594829
F3bIaOFb11,global_flow,0,0.4873906774082317
F3bIaOFb11,global_flow,1,0.5143203452347367
F3bIaOFb11,gpt2_surprisal,0,0.5166556952237652
F3bIaOFb11,gpt2_surprisal,1,0.5233273774071868
F3bIaOFb11,local_flow,0,0.46508991358682594
F3bIaOFb11,local_flow,1,0.49450382955602235
F3bIaOFb11,onset,0,0.5415249134427217
F3bIaOFb11,onset,1,0.5273897335541171
F3bIaOFb11,pitch,0,0.5001985308715504
F3bIaOFb11,pitch,1,0.5019173902594485
F3bIaOFb11,speech,0,0.5305737542187811
F3bIaOFb11,speech,1,0.5245133381398702
F3bIaOFb11,volume,0,0.5230557035829598
F3bIaOFb11,volume,1,0.48806202522386966
F3bIaOFb11,word_gap,0,0.510152595618943
F3bIaOFb11,word_gap,1,0.5077737893956445
F3bIaOFb11,word_head_pos,0,0.524852930420154
F3bIaOFb11,word_head_pos,1,0.4977586909501269
F3bIaOFb11,word_index,0,0.49436370626682047
F3bIaOFb11,word_index,1,0.5573548635140331
F3bIaOFb11,word_length,0,0.4918341117833297
F3bIaOFb11,word_length,1,0.5076173160715965
F3bIaOFb11,word_part_speech,0,0.5753651674567388
F3bIaOFb11,word_part_speech,1,0.5266890199252323
F3cId7,delta_volume,0,0.49798856880139597
F3cId7,delta_volume,1,0.45436402202647774
F3cId7,face_num,0,0.5052819660825679
F3cId7,face_num,1,0.5139337324848751
F3cId7,frame_brightness,0,0.4857841446976584
F3cId7,frame_brightness,1,0.4599594579062307
F3cId7,global_flow,0,0.5192470455471616
F3cId7,global_flow,1,0.48480193933314525
F3cId7,gpt2_surprisal,0,0.5340323709810559
F3cId7,gpt2_surprisal,1,0.5203598633271684
F3cId7,local_flow,0,0.4568822293971976
F3cId7,local_flow,1,0.4785429923826839
F3cId7,onset,0,0.5745521601685986
F3cId7,onset,1,0.5414571729640223
F3cId7,pitch,0,0.5659122493547747
F3cId7,pitch,1,0.5380865803579825
F3cId7,speech,0,0.5087928278110404
F3cId7,speech,1,0.5099474415640053
F3cId7,volume,0,0.5178939009226461
F3cId7,volume,1,0.47441564005308084
F3cId7,word_gap,0,0.5040349033809983
F3cId7,word_gap,1,0.5048722858407693
F3cId7,word_head_pos,0,0.5115618110195083
F3cId7,word_head_pos,1,0.4742798031409673
F3cId7,word_index,0,0.516478277585544
F3cId7,word_index,1,0.5354555940023068
F3cId7,word_length,0,0.4708786558415097
F3cId7,word_length,1,0.47503213065421146
F3cId7,word_part_speech,0,0.5067894811217739
F3cId7,word_part_speech,1,0.5362983517683483
T2aA2,delta_volume,0,0.5273815867841134
T2aA2,delta_volume,1,0.46845971390656516
T2aA2,face_num,0,0.504566210045662
T2aA2,face_num,1,0.4916199074219199
T2aA2,frame_brightness,0,0.48795231079485485
T2aA2,frame_brightness,1,0.4853034910086413
T2aA2,global_flow,0,0.4595885186462284
T2aA2,global_flow,1,0.48592520610639167
T2aA2,gpt2_surprisal,0,0.5419004628904005
T2aA2,gpt2_surprisal,1,0.5304117948235687
T2aA2,local_flow,0,0.4731617608643407
T2aA2,local_flow,1,0.4722735964389831
T2aA2,onset,0,0.5677931657383712
T2aA2,onset,1,0.52573385518591
T2aA2,pitch,0,0.5223425597943638
T2aA2,pitch,1,0.5016457164352215
T2aA2,speech,0,0.5350929437948653
T2aA2,speech,1,0.5145345495961464
T2aA2,volume,0,0.5258612582677659
T2aA2,volume,1,0.4864581047616062
T2aA2,word_gap,0,0.5001306743328943
T2aA2,word_gap,1,0.5299404231714927
T2aA2,word_head_pos,0,0.5256470539063561
T2aA2,word_head_pos,1,0.5213316196984421
T2aA2,word_index,0,0.5538023836985775
T2aA2,word_index,1,0.5293194925028835
T2aA2,word_length,0,0.5070060499670856
T2aA2,word_length,1,0.5349675558759914
T2aA2,word_part_speech,0,0.48389666114258556
T2aA2,word_part_speech,1,0.5309412777328143
T2bHa3,delta_volume,0,0.5146233660386822
T2bHa3,delta_volume,1,0.49416946177235826
T2bHa3,face_num,0,0.5104960137090792
T2bHa3,face_num,1,0.5031503714617096
T2bHa3,frame_brightness,0,0.4822001400165094
T2bHa3,frame_brightness,1,0.4839816933638444
T2bHa3,global_flow,0,0.46308370688484163
T2bHa3,global_flow,1,0.4935163996948894
T2bHa3,gpt2_surprisal,0,0.5490893702391775
T2bHa3,gpt2_surprisal,1,0.519006718702653
T2bHa3,local_flow,0,0.5032026164279071
T2bHa3,local_flow,1,0.4696874706122065
T2bHa3,onset,0,0.5544407647147374
T2bHa3,onset,1,0.48797230167093175
T2bHa3,pitch,0,0.5024032684450854
T2bHa3,pitch,1,0.4809253628412903
T2bHa3,speech,0,0.5431909135554789
T2bHa3,speech,1,0.49692799598758663
T2bHa3,volume,0,0.5220317022454886
T2bHa3,volume,1,0.5140329979206504
T2bHa3,word_gap,0,0.4962851153934364
T2bHa3,word_gap,1,0.5125314018422414
T2bHa3,word_head_pos,0,0.5072568258048337
T2bHa3,word_head_pos,1,0.48635883932583096
T2bHa3,word_index,0,0.52959630911188
T2bHa3,word_index,1,0.5264590542099192
T2bHa3,word_length,0,0.4876440654942896
T2bHa3,word_length,1,0.5057312727918665
T2bHa3,word_part_speech,0,0.5077272902455005
T2bHa3,word_part_speech,1,0.5284104777687851
T1bIc2,delta_volume,0,0.5447687115346436
T1bIc2,delta_volume,1,0.49525093257264663
T1bIc2,face_num,0,0.4950106057281381
T1bIc2,face_num,1,0.5176692475679968
T1bIc2,frame_brightness,0,0.49205354064135914
T1bIc2,frame_brightness,1,0.4971996698118137
T1bIc2,global_flow,0,0.4717250242939092
T1bIc2,global_flow,1,0.5020584516681817
T1bIc2,gpt2_surprisal,0,0.5203232918508303
T1bIc2,gpt2_surprisal,1,0.5428251987920965
T1bIc2,local_flow,0,0.48201728263481813
T1bIc2,local_flow,1,0.47992748398691787
T1bIc2,onset,0,0.6094987204576245
T1bIc2,onset,1,0.5502709619147975
T1bIc2,pitch,0,0.5053655580284839
T1bIc2,pitch,1,0.5196023113173046
T1bIc2,speech,0,0.5789996133872501
T1bIc2,speech,1,0.5303334273742725
T1bIc2,volume,0,0.526676279740447
T1bIc2,volume,1,0.4910034168207893
T1bIc2,word_gap,0,0.514488850012534
T1bIc2,word_gap,1,0.52595618942978
T1bIc2,word_head_pos,0,0.5021420436140978
T1bIc2,word_head_pos,1,0.5220787227150664
T1bIc2,word_index,0,0.5577393310265283
T1bIc2,word_index,1,0.5300730488273742
T1bIc2,word_length,0,0.4900159869596565
T1bIc2,word_length,1,0.49804603826421323
T1bIc2,word_part_speech,0,0.4988116802199355
T1bIc2,word_part_speech,1,0.5273955884431083
F3dIe6,delta_volume,0,0.5075128261392015
F3dIe6,delta_volume,1,0.5003813882532417
F3dIe6,face_num,0,0.46607734344795876
F3dIe6,face_num,1,0.48911737354105933
F3dIe6,frame_brightness,0,0.5091794405609019
F3dIe6,frame_brightness,1,0.4953084020354639
F3dIe6,global_flow,0,0.4636375035265352
F3dIe6,global_flow,1,0.5045035160862251
F3dIe6,gpt2_surprisal,0,0.5018912677763497
F3dIe6,gpt2_surprisal,1,0.5253806045787488
F3dIe6,local_flow,0,0.4778847058085953
F3dIe6,local_flow,1,0.48674022757907276
F3dIe6,onset,0,0.5786692759295499
F3dIe6,onset,1,0.49981183200361284
F3dIe6,pitch,0,0.496395097332372
F3dIe6,pitch,1,0.5381962947869973
F3dIe6,speech,0,0.51487936637305
F3dIe6,speech,1,0.5214204361409779
F3dIe6,volume,0,0.5094563388817488
F3dIe6,volume,1,0.4816045474018578
F3dIe6,word_gap,0,0.4857244958370891
F3dIe6,word_gap,1,0.46305116566838583
F3dIe6,word_head_pos,0,0.4900630074292342
F3dIe6,word_head_pos,1,0.5033436778366405
F3dIe6,word_index,0,0.5591234140715109
F3dIe6,word_index,1,0.5132948865820838
F3dIe6,word_length,0,0.49824979363238353
F3dIe6,word_length,1,0.5140538959071294
F3dIe6,word_part_speech,0,0.5281663904626096
F3dIe6,word_part_speech,1,0.530170475713313
T1cIf3,delta_volume,0,0.6142074961077499
T1cIf3,delta_volume,1,0.5877192982456141
T1cIf3,face_num,0,0.531707469985267
T1cIf3,face_num,1,0.49739297618674444
T1cIf3,frame_brightness,0,0.5139232834916355
T1cIf3,frame_brightness,1,0.5046863734679163
T1cIf3,global_flow,0,0.49853714094646984
T1cIf3,global_flow,1,0.4902040688379674
T1cIf3,gpt2_surprisal,0,0.5611684064240411
T1cIf3,gpt2_surprisal,1,0.5512105158667961
T1cIf3,local_flow,0,0.47338641421899
T1cIf3,local_flow,1,0.46248811427019004
T1cIf3,onset,0,0.6238898088213156
T1cIf3,onset,1,0.5895453861207286
T1cIf3,pitch,0,0.5164075316343271
T1cIf3,pitch,1,0.4892897819295111
T1cIf3,speech,0,0.523322152910567
T1cIf3,speech,1,0.5361535166086747
T1cIf3,volume,0,0.4977116704805492
T1cIf3,volume,1,0.5173244307910932
T1cIf3,word_gap,0,0.5051122999215955
T1cIf3,word_gap,1,0.5053843158798649
T1cIf3,word_head_pos,0,0.5662988621046363
T1cIf3,word_head_pos,1,0.5560745222197842
T1cIf3,word_index,0,0.5777162629757785
T1cIf3,word_index,1,0.5393771626297578
T1cIf3,word_length,0,0.5545071732338589
T1cIf3,word_length,1,0.5378149065337554
T1cIf3,word_part_speech,0,0.5333179172929433
T1cIf3,word_part_speech,1,0.5439549851620611
T1cIf16,delta_volume,0,0.5796840224444375
T1cIf16,delta_volume,1,0.5617587745420729
T1cIf16,face_num,0,0.5248477059235342
T1cIf16,face_num,1,0.5156160203964348
T1cIf16,frame_brightness,0,0.5553065212166808
T1cIf16,frame_brightness,1,0.49599803558927097
T1cIf16,global_flow,0,0.4972205677982926
T1cIf16,global_flow,1,0.48413320376581714
T1cIf16,gpt2_surprisal,0,0.5304953867694848
T1cIf16,gpt2_surprisal,1,0.5242155418325445
T1cIf16,local_flow,0,0.48269646719538567
T1cIf16,local_flow,1,0.4710771867130602
T1cIf16,onset,0,0.579459581514376
T1cIf16,onset,1,0.5889206683727232
T1cIf16,pitch,0,0.5211748847998495
T1cIf16,pitch,1,0.49468668693771356
T1cIf16,speech,0,0.5556043175240066
T1cIf16,speech,1,0.5272091783956616
T1cIf16,volume,0,0.505616333866232
T1cIf16,volume,1,0.4912698661483966
T1cIf16,word_gap,0,0.5203825291083743
T1cIf16,word_gap,1,0.5180143901775571
T1cIf16,word_head_pos,0,0.5240797049204309
T1cIf16,word_head_pos,1,0.540928706519127
T1cIf16,word_index,0,0.5773933102652826
T1cIf16,word_index,1,0.5424682814302192
T1cIf16,word_length,0,0.5084323375442776
T1cIf16,word_length,1,0.5159921841530568
T1cIf16,word_part_speech,0,0.5091661206819028
T1cIf16,word_part_speech,1,0.5490294317904446
T3bOT8,delta_volume,0,0.5051618026603136
T3bOT8,delta_volume,1,0.4738200474384293
T3bOT8,face_num,0,0.501217307712402
T3bOT8,face_num,1,0.48889272018641
T3bOT8,frame_brightness,0,0.5318537558906199
T3bOT8,frame_brightness,1,0.4937671755326375
T3bOT8,global_flow,0,0.5183693301150434
T3bOT8,global_flow,1,0.48822920911570167
T3bOT8,gpt2_surprisal,0,0.52535448209565
T3bOT8,gpt2_surprisal,1,0.5212166807728076
T3bOT8,local_flow,0,0.510772912029926
T3bOT8,local_flow,1,0.4846713269176515
T3bOT8,onset,0,0.5372045762456721
T3bOT8,onset,1,0.4876335992774349
T3bOT8,pitch,0,0.49069517152022407
T3bOT8,pitch,1,0.49768554799745046
T3bOT8,speech,0,0.5397584192763027
T3bOT8,speech,1,0.49851624295999086
T3bOT8,volume,0,0.5115200150465502
T3bOT8,volume,1,0.5128000167183892
T3bOT8,word_gap,0,0.5365381435710895
T3bOT8,word_gap,1,0.5139848204427994
T3bOT8,word_head_pos,0,0.5204330062798449
T3bOT8,word_head_pos,1,0.5393247860568634
T3bOT8,word_index,0,0.5035140330642061
T3bOT8,word_index,1,0.5296116878123799
T3bOT8,word_length,0,0.4889240671661286
T3bOT8,word_length,1,0.4989185291997117
T3bOT8,word_part_speech,0,0.44557495407304637
T3bOT8,word_part_speech,1,0.4736449942832184
