electrode,task,fold,test_auroc
LT3a1,delta_volume,0,0.5597316698536097
LT3a1,delta_volume,1,0.545578508510705
LT3a1,face_num,0,0.5060238446025724
LT3a1,face_num,1,0.5012329812022611
LT3a1,frame_brightness,0,0.5130560170527569
LT3a1,frame_brightness,1,0.5190537391722307
LT3a1,global_flow,0,0.5195814133308256
LT3a1,global_flow,1,0.46470852533358414
LT3a1,gpt2_surprisal,0,0.513014221079799
LT3a1,gpt2_surprisal,1,0.5209920274181582
LT3a1,local_flow,0,0.4960711785419475
LT3a1,local_flow,1,0.5028682486442431
LT3a1,onset,0,0.5049288162526214
LT3a1,onset,1,0.5154423924390942
LT3a1,pitch,0,0.47491719172857694
LT3a1,pitch,1,0.46508468909020617
LT3a1,speech,0,0.5619259584339049
LT3a1,speech,1,0.4863065943596334
LT3a1,volume,0,0.5276323626218614
LT3a1,volume,1,0.5293407730165198
LT3a1,word_gap,0,0.4879787118158758
LT3a1,word_gap,1,0.49007951945970335
LT3a1,word_head_pos,0,0.5059036811803181
LT3a1,word_head_pos,1,0.5397845417594015
LT3a1,word_index,0,0.5153446193168887
LT3a1,word_index,1,0.5165000612734371
LT3a1,word_length,0,0.507502377145962
LT3a1,word_length,1,0.5459598967639469
LT3a1,word_part_speech,0,0.5401054123483037
LT3a1,word_part_speech,1,0.5375365399946851
LT2aA4,delta_volume,0,0.5779076935937222
LT2aA4,delta_volume,1,0.5311171018672352
LT2aA4,face_num,0,0.501593471469024
LT2aA4,face_num,1,0.4811395672027
LT2aA4,frame_brightness,0,0.4981035077270305
LT2aA4,frame_brightness,1,0.5135889157079715
LT2aA4,global_flow,0,0.5111125043102097
LT2aA4,global_flow,1,0.48541842993427586
LT2aA4,gpt2_surprisal,0,0.534095064940493
LT2aA4,gpt2_surprisal,1,0.5104071972665434
LT2aA4,local_flow,0,0.46598852700542304
LT2aA4,local_flow,1,0.4934667669770017
LT2aA4,onset,0,0.5556304912186694
LT2aA4,onset,1,0.5922524736467697
LT2aA4,pitch,0,0.518693248905468
LT2aA4,pitch,1,0.5282122817466537
LT2aA4,speech,0,0.5668056382767521
LT2aA4,speech,1,0.5441417719402736
LT2aA4,volume,0,0.5158615717375631
LT2aA4,volume,1,0.47894005412578494
LT2aA4,word_gap,0,0.5094847574734287
LT2aA4,word_gap,1,0.505337607569132
LT2aA4,word_head_pos,0,0.5103758502868249
LT2aA4,word_head_pos,1,0.5390922959572845
LT2aA4,word_index,0,0.5865268465187934
LT2aA4,word_index,1,0.5700180318972007
LT2aA4,word_length,0,0.5299624881142702
LT2aA4,word_length,1,0.5513672507653887
LT2aA4,word_part_speech,0,0.5005979271857561
LT2aA4,word_part_speech,1,0.520949596952786
LT3bHa5,delta_volume,0,0.5664451480099892
LT3bHa5,delta_volume,1,0.5520934557955341
LT3bHa5,face_num,0,0.5237975821029643
LT3bHa5,face_num,1,0.4753090289750582
LT3bHa5,frame_brightness,0,0.506368661379476
LT3bHa5,frame_brightness,1,0.5049632717887631
LT3bHa5,global_flow,0,0.4814425880066456
LT3bHa5,global_flow,1,0.502199513076915
LT3bHa5,gpt2_surprisal,0,0.5284630575844018
LT3bHa5,gpt2_surprisal,1,0.4768763779609835
LT3bHa5,local_flow,0,0.48679769704189
LT3bHa5,local_flow,1,0.48027230076382144
LT3bHa5,onset,0,0.5321273824151661
LT3bHa5,onset,1,0.547509723672176
LT3bHa5,pitch,0,0.5005851436214122
LT3bHa5,pitch,1,0.5058723342005998
LT3bHa5,speech,0,0.5307670605937118
LT3bHa5,speech,1,0.5171258999195427
LT3bHa5,volume,0,0.5012042464708526
LT3bHa5,volume,1,0.46286950252343184
LT3bHa5,word_gap,0,0.5032601422324582
LT3bHa5,word_gap,1,0.46098722397721786
LT3bHa5,word_head_pos,0,0.5003395922802838
LT3bHa5,word_head_pos,1,0.5069172335245499
LT3bHa5,word_index,0,0.5216295232926593
LT3bHa5,word_index,1,0.548502302130565
LT3bHa5,word_length,0,0.4826337732359487
LT3bHa5,word_length,1,0.5236095002246534
LT3bHa5,word_part_speech,0,0.49322349189476483
LT3bHa5,word_part_speech,1,0.5193551244574364
LT1bIb4,delta_volume,0,0.6840590159138168
LT1bIb4,delta_volume,1,0.6814049716309835
LT1bIb4,face_num,0,0.47689727594746256
LT1bIb4,face_num,1,0.48559083832272754
LT1bIb4,frame_brightness,0,0.5172774103215155
LT1bIb4,frame_brightness,1,0.5063111919166589
LT1bIb4,global_flow,0,0.5161959395212272
LT1bIb4,global_flow,1,0.5171520224026416
LT1bIb4,gpt2_surprisal,0,0.5630857966834895
LT1bIb4,gpt2_surprisal,1,0.5185939834696928
LT1bIb4,local_flow,0,0.4855647158396289
LT1bIb4,local_flow,1,0.4967712610889941
LT1bIb4,onset,0,0.674310104304284
LT1bIb4,onset,1,0.6521188828632404
LT1bIb4,pitch,0,0.5009769808678934
LT1bIb4,pitch,1,0.520621088158156
LT1bIb4,speech,0,0.5597760780748775
LT1bIb4,speech,1,0.5452545897202805
LT1bIb4,volume,0,0.5073299687575102
LT1bIb4,volume,1,0.5051200066873557
LT1bIb4,word_gap,0,0.5210469802835312
LT1bIb4,word_gap,1,0.49325407323259834
LT1bIb4,word_head_pos,0,0.5477048786349435
LT1bIb4,word_head_pos,1,0.5332852679644317
LT1bIb4,word_index,0,0.6061168396911819
LT1bIb4,word_index,1,0.5867019134819068
LT1bIb4,word_length,0,0.4983595080613983
LT1bIb4,word_length,1,0.5215667220463308
LT1bIb4,word_part_speech,0,0.5196651607759766
LT1bIb4,word_part_speech,1,0.46678182301355303
LT2b6,delta_volume,0,0.5519785168698995
LT2b6,delta_volume,1,0.5000783674492963
LT2b6,face_num,0,0.5358400468114897
LT2b6,face_num,1,0.4992581214799954
LT2b6,frame_brightness,0,0.473344618246032
LT2b6,frame_brightness,1,0.4987774677909783
LT2b6,global_flow,0,0.5276010156421429
LT2b6,global_flow,1,0.5110393613575333
LT2b6,gpt2_surprisal,0,0.5288287723477844
LT2b6,gpt2_surprisal,1,0.482377772901581
LT2b6,local_flow,0,0.47524633501562125
LT2b6,local_flow,1,0.5249521958559292
LT2b6,onset,0,0.525817388974603
LT2b6,onset,1,0.5156918358108296
LT2b6,pitch,0,0.5063164164132785
LT2b6,pitch,1,0.5038922499817143
LT2b6,speech,0,0.5120842606814833
LT2b6,speech,1,0.5133329153736038
LT2b6,volume,0,0.4766673980961935
LT2b6,volume,1,0.47838625748409136
LT2b6,word_gap,0,0.4880798618135416
LT2b6,word_gap,1,0.5043416691305769
LT2b6,word_head_pos,0,0.5119118522930315
LT2b6,word_head_pos,1,0.5116924234350021
LT2b6,word_index,0,0.5422699182437283
LT2b6,word_index,1,0.5501304248875195
LT2b6,word_length,0,0.5053916805115827
LT2b6,word_length,1,0.5127268737657127
LT2b6,word_part_speech,0,0.5489193019753742
LT2b6,word_part_speech,1,0.5169191248117636
LT1c4,delta_volume,0,0.6607891079694471
LT1c4,delta_volume,1,0.6260723279312038
LT1c4,face_num,0,0.5403853588706727
LT1c4,face_num,1,0.5461793256219762
LT1c4,frame_brightness,0,0.5363677209700846
LT1c4,frame_brightness,1,0.5156473673761534
LT1c4,global_flow,0,0.5221884371440811
LT1c4,global_flow,1,0.5359497612405044
LT1c4,gpt2_surprisal,0,0.5491834111783329
LT1c4,gpt2_surprisal,1,0.5337345746737302
LT1c4,local_flow,0,0.501927839252688
LT1c4,local_flow,1,0.5160078576429161
LT1c4,onset,0,0.581203056143236
LT1c4,onset,1,0.5826720004434549
LT1c4,pitch,0,0.5242625623021222
LT1c4,pitch,1,0.5494028400363624
LT1c4,speech,0,0.5547004796087897
LT1c4,speech,1,0.4994566523515459
LT1c4,volume,0,0.5050625372245384
LT1c4,volume,1,0.4493014848019393
LT1c4,word_gap,0,0.5174678265199733
LT1c4,word_gap,1,0.5308585300571109
LT1c4,word_head_pos,0,0.51927839252688
LT1c4,word_head_pos,1,0.5283533431553871
LT1c4,word_index,0,0.5869470072302656
LT1c4,word_index,1,0.5655713310341206
LT1c4,word_length,0,0.5086987868718849
LT1c4,word_length,1,0.5372245384157237
LT1c4,word_part_speech,0,0.5318451590043405
LT1c4,word_part_speech,1,0.5084374169545576
LT3d8,delta_volume,0,0.5800392882145806
LT3d8,delta_volume,1,0.5699769077249408
LT3d8,face_num,0,0.5364774353990993
LT3d8,face_num,1,0.5114886680668318
LT3d8,frame_brightness,0,0.4589511300586189
LT3d8,frame_brightness,1,0.49875134530787957
LT3d8,global_flow,0,0.5341629833965498
LT3d8,global_flow,1,0.5079360103654014
LT3d8,gpt2_surprisal,0,0.5446380991191498
LT3d8,gpt2_surprisal,1,0.4833547537694743
LT3d8,local_flow,0,0.49246105137769974
LT3d8,local_flow,1,0.5283481186587673
LT3d8,onset,0,0.5339381565210964
LT3d8,onset,1,0.5400541384503099
LT3d8,pitch,0,0.49888195772337335
LT3d8,pitch,1,0.5349257599030334
LT3d8,speech,0,0.5232960304274683
LT3d8,speech,1,0.5039340459546723
LT3d8,volume,0,0.5119484237693698
LT3d8,volume,1,0.5022413090498731
LT3d8,word_gap,0,0.4715301660416115
LT3d8,word_gap,1,0.4622477085635144
LT3d8,word_head_pos,0,0.4975079151123789
LT3d8,word_head_pos,1,0.4932395013740426
LT3d8,word_index,0,0.5552773936030532
LT3d8,word_index,1,0.5756026680205178
LT3d8,word_length,0,0.47696258215520937
LT3d8,word_length,1,0.4936888080833412
LT3d8,word_part_speech,0,0.5334396314996901
LT3d8,word_part_speech,1,0.5120249800690938
RT3aHa7,delta_volume,0,0.5647576356018098
RT3aHa7,delta_volume,1,0.5757447519931455
RT3aHa7,face_num,0,0.4887412097844373
RT3aHa7,face_num,1,0.4959875865960315
RT3aHa7,frame_brightness,0,0.4751731920629447
RT3aHa7,frame_brightness,1,0.48668275811625544
RT3aHa7,global_flow,0,0.4848803067824415
RT3aHa7,global_flow,1,0.5103445033071063
RT3aHa7,gpt2_surprisal,0,0.5239595414981766
RT3aHa7,gpt2_surprisal,1,0.5182805136725077
RT3aHa7,local_flow,0,0.49195427520558394
RT3aHa7,local_flow,1,0.5189544737364554
RT3aHa7,onset,0,0.5425762880978557
RT3aHa7,onset,1,0.5395460130634417
RT3aHa7,pitch,0,0.48736716717344286
RT3aHa7,pitch,1,0.5049423738022841
RT3aHa7,speech,0,0.5475037355150831
RT3aHa7,speech,1,0.5004963271788763
RT3aHa7,volume,0,0.5438857716059058
RT3aHa7,volume,1,0.5146442640251612
RT3aHa7,word_gap,0,0.4724560775587059
RT3aHa7,word_gap,1,0.4607927047509376
RT3aHa7,word_head_pos,0,0.49870954933492156
RT3aHa7,word_head_pos,1,0.5077322549972311
RT3aHa7,word_index,0,0.5361250678384482
RT3aHa7,word_index,1,0.5361775879273822
RT3aHa7,word_length,0,0.4670073038462744
RT3aHa7,word_length,1,0.5108617284724617
RT3aHa7,word_part_speech,0,0.5245593055186464
RT3aHa7,word_part_speech,1,0.551133847107804
RT2aA5,delta_volume,0,0.5964285341107385
RT2aA5,delta_volume,1,0.5825888425650187
RT2aA5,face_num,0,0.5008097969760613
RT2aA5,face_num,1,0.5007262050301454
RT2aA5,frame_brightness,0,0.4781093591632446
RT2aA5,frame_brightness,1,0.4801625863348067
RT2aA5,global_flow,0,0.517120675422923
RT2aA5,global_flow,1,0.4759829890390061
RT2aA5,gpt2_surprisal,0,0.5214883545970346
RT2aA5,gpt2_surprisal,1,0.5107729120299259
RT2aA5,local_flow,0,0.5180401868279991
RT2aA5,local_flow,1,0.502533880860579
RT2aA5,onset,0,0.5620236324498111
RT2aA5,onset,1,0.5527757504088099
RT2aA5,pitch,0,0.5050207412515805
RT2aA5,pitch,1,0.47962446318297225
RT2aA5,speech,0,0.5453643041492953
RT2aA5,speech,1,0.4900212114562762
RT2aA5,volume,0,0.5492826766141082
RT2aA5,volume,1,0.5160653271057334
RT2aA5,word_gap,0,0.5107685843668789
RT2aA5,word_gap,1,0.5004979692192777
RT2aA5,word_head_pos,0,0.5175490841457426
RT2aA5,word_head_pos,1,0.5352392297002184
RT2aA5,word_index,0,0.5709458868017017
RT2aA5,word_index,1,0.5543145253059295
RT2aA5,word_length,0,0.5124760979279648
RT2aA5,word_length,1,0.5091271955947045
RT2aA5,word_part_speech,0,0.5381566126317654
RT2aA5,word_part_speech,1,0.508393126051909
RT1bIb1,delta_volume,0,0.5954672267327044
RT1bIb1,delta_volume,1,0.5886910546168876
RT1bIb1,face_num,0,0.5033018818636825
RT1bIb1,face_num,1,0.5364722109024795
RT1bIb1,frame_brightness,0,0.48762839200443037
RT1bIb1,frame_brightness,1,0.5034377187757959
RT1bIb1,global_flow,0,0.5001253879188741
RT1bIb1,global_flow,1,0.5186566774291297
RT1bIb1,gpt2_surprisal,0,0.5176953700510956
RT1bIb1,gpt2_surprisal,1,0.5049371493056644
RT1bIb1,local_flow,0,0.5354847810413468
RT1bIb1,local_flow,1,0.5125701388671202
RT1bIb1,onset,0,0.596419101819089
RT1bIb1,onset,1,0.5971212387173068
RT1bIb1,pitch,0,0.5359967817100822
RT1bIb1,pitch,1,0.5328516347449923
RT1bIb1,speech,0,0.5246491750519837
RT1bIb1,speech,1,0.5171990428722193
RT1bIb1,volume,0,0.5486400635298789
RT1bIb1,volume,1,0.5054125784980616
RT1bIb1,word_gap,0,0.5085199421110782
RT1bIb1,word_gap,1,0.5064580383125068
RT1bIb1,word_head_pos,0,0.530197590462159
RT1bIb1,word_head_pos,1,0.5344503307106361
RT1bIb1,word_index,0,0.5893104112322964
RT1bIb1,word_index,1,0.5825353197598082
RT1bIb1,word_length,0,0.504169148302561
RT1bIb1,word_length,1,0.5066664576868019
RT1bIb1,word_part_speech,0,0.47734520329524316
RT1bIb1,word_part_speech,1,0.45759146071396933
RT3bHb8,delta_volume,0,0.56789755807028
RT3bHb8,delta_volume,1,0.5605101198499525
RT3bHb8,face_num,0,0.4918341117833297
RT3bHb8,face_num,1,0.5037982090425587
RT3bHb8,frame_brightness,0,0.4945142785492618
RT3bHb8,frame_brightness,1,0.4658892615696477
RT3bHb8,global_flow,0,0.5185835344764532
RT3bHb8,global_flow,1,0.4986573043687241
RT3bHb8,gpt2_surprisal,0,0.5286929354356709
RT3bHb8,gpt2_surprisal,1,0.5083382966051222
RT3bHb8,local_flow,0,0.5107363405535877
RT3bHb8,local_flow,1,0.5018129003270535
RT3bHb8,onset,0,0.5441560961188459
RT3bHb8,onset,1,0.5209486239040659
RT3bHb8,pitch,0,0.5423393206064595
RT3bHb8,pitch,1,0.5459703457571863
RT3bHb8,speech,0,0.5241423988798679
RT3bHb8,speech,1,0.5158406737510841
RT3bHb8,volume,0,0.5257619928319907
RT3bHb8,volume,1,0.5603481604547402
RT3bHb8,word_gap,0,0.49447565397363874
RT3bHb8,word_gap,1,0.4805947619862747
RT3bHb8,word_head_pos,0,0.519215698567443
RT3bHb8,word_head_pos,1,0.5336927787007721
RT3bHb8,word_index,0,0.5180231438525236
RT3bHb8,word_index,1,0.5225748848934718
RT3bHb8,word_length,0,0.48566920577202394
RT3bHb8,word_length,1,0.5216398649990073
RT3bHb8,word_part_speech,0,0.5226105058021082
RT3bHb8,word_part_speech,1,0.5179156701213571
RT1c8,delta_volume,0,0.6068566293637608
RT1c8,delta_volume,1,0.5899501583022475
RT1c8,face_num,0,0.5018129003270535
RT1c8,face_num,1,0.5096052370354116
RT1c8,frame_brightness,0,0.4862334514069569
RT1c8,frame_brightness,1,0.4751313960899867
RT1c8,global_flow,0,0.5052871905791877
RT1c8,global_flow,1,0.48613418597118174
RT1c8,gpt2_surprisal,0,0.5362893535207882
RT1c8,gpt2_surprisal,1,0.5234945612990187
RT1c8,local_flow,0,0.5253727678338191
RT1c8,local_flow,1,0.5149054888561487
RT1c8,onset,0,0.613778512763186
RT1c8,onset,1,0.6115058064873753
RT1c8,pitch,0,0.5023666969687471
RT1c8,pitch,1,0.5449567934129547
RT1c8,speech,0,0.5213577421815409
RT1c8,speech,1,0.5307513871038525
RT1c8,volume,0,0.5184999425305371
RT1c8,volume,1,0.5178364314598288
RT1c8,word_gap,0,0.5170632265293101
RT1c8,word_gap,1,0.5161139727050622
RT1c8,word_head_pos,0,0.49978579563859027
RT1c8,word_head_pos,1,0.5065880902375057
RT1c8,word_index,0,0.6263370739307785
RT1c8,word_index,1,0.6114563820661402
RT1c8,word_length,0,0.4971265268591371
RT1c8,word_length,1,0.5107990345130247
RT1c8,word_part_speech,0,0.4697714589423332
RT1c8,word_part_speech,1,0.47400124014527417
LT3a2,delta_volume,0,0.5723906251632656
LT3a2,delta_volume,1,0.5415451971202574
LT3a2,face_num,0,0.4975444865887172
LT3a2,face_num,1,0.4985789369194278
LT3a2,frame_brightness,0,0.4888248017303533
LT3a2,frame_brightness,1,0.49933648892929167
LT3a2,global_flow,0,0.4952300345861676
LT3a2,global_flow,1,0.44683552239741703
LT3a2,gpt2_surprisal,0,0.5242050928393049
LT3a2,gpt2_surprisal,1,0.5303543253607514
LT3a2,local_flow,0,0.49709517987941865
LT3a2,local_flow,1,0.48662528865343824
LT3a2,onset,0,0.5122827763971138
LT3a2,onset,1,0.5375504660895595
LT3a2,pitch,0,0.4822732829691859
LT3a2,pitch,1,0.48653647221090246
LT3a2,speech,0,0.5494002277880526
LT3a2,speech,1,0.5040228623972081
LT3a2,volume,0,0.5246805220317022
LT3a2,volume,1,0.5130612415493767
LT3a2,word_gap,0,0.4781516005041938
LT3a2,word_gap,1,0.47857954280201065
LT3a2,word_head_pos,0,0.49684440404167063
LT3a2,word_head_pos,1,0.5276062401387627
LT3a2,word_index,0,0.5076066595472768
LT3a2,word_index,1,0.5358449606974668
LT3a2,word_length,0,0.5258455847779067
LT3a2,word_length,1,0.5442201393895698
LT3a2,word_part_speech,0,0.5296306138719107
LT3a2,word_part_speech,1,0.5230977057312428
LT2aA5,delta_volume,0,0.5783152043300628
LT2aA5,delta_volume,1,0.5430916481197037
LT2aA5,face_num,0,0.5055588644034148
LT2aA5,face_num,1,0.4990804885949238
LT2aA5,frame_brightness,0,0.4821374460570724
LT2aA5,frame_brightness,1,0.5136307116809296
LT2aA5,global_flow,0,0.5141270388598059
LT2aA5,global_flow,1,0.4901857830997983
LT2aA5,gpt2_surprisal,0,0.5450978548216879
LT2aA5,gpt2_surprisal,1,0.49448815606616303
LT2aA5,local_flow,0,0.46866346927473534
LT2aA5,local_flow,1,0.49002643595289597
LT2aA5,onset,0,0.5330974399719145
LT2aA5,onset,1,0.5737197549911771
LT2aA5,pitch,0,0.5237244391502879
LT2aA5,pitch,1,0.5108147080028839
LT2aA5,speech,0,0.5592771386476912
LT2aA5,speech,1,0.5217208446966135
LT2aA5,volume,0,0.5317022454886471
LT2aA5,volume,1,0.5077270305006112
LT2aA5,word_gap,0,0.5031356499276388
LT2aA5,word_gap,1,0.5057499883288464
LT2aA5,word_head_pos,0,0.5034115962926973
LT2aA5,word_head_pos,1,0.5258717072610054
LT2aA5,word_index,0,0.5737294515152045
LT2aA5,word_index,1,0.5782811925561526
LT2aA5,word_length,0,0.5047960878969311
LT2aA5,word_length,1,0.5181237787739151
LT2aA5,word_part_speech,0,0.5155903977323057
LT2aA5,word_part_speech,1,0.5053813446718044
LT3bHa6,delta_volume,0,0.5721555228153767
LT3bHa6,delta_volume,1,0.5526106809608894
LT3bHa6,face_num,0,0.5317806129379434
LT3bHa6,face_num,1,0.47910201352099724
LT3bHa6,frame_brightness,0,0.4955173819002539
LT3bHa6,frame_brightness,1,0.5076120915749768
LT3bHa6,global_flow,0,0.501071021807049
LT3bHa6,global_flow,1,0.49367835909010166
LT3bHa6,gpt2_surprisal,0,0.5495647994315748
LT3bHa6,gpt2_surprisal,1,0.505804415744543
LT3bHa6,local_flow,0,0.48987492555092316
LT3bHa6,local_flow,1,0.4816881393477738
LT3bHa6,onset,0,0.5157657449580104
LT3bHa6,onset,1,0.536441828881847
LT3bHa6,pitch,0,0.4991484070509806
LT3bHa6,pitch,1,0.5183484321285643
LT3bHa6,speech,0,0.5410175229616627
LT3bHa6,speech,1,0.5270315455105901
LT3bHa6,volume,0,0.49707428189293956
LT3bHa6,volume,1,0.44501217307712404
LT3bHa6,word_gap,0,0.49184575403432873
LT3bHa6,word_gap,1,0.46200650472292687
LT3bHa6,word_head_pos,0,0.49457174801207904
LT3bHa6,word_head_pos,1,0.5230034586167622
LT3bHa6,word_index,0,0.5286672152098177
LT3bHa6,word_index,1,0.5484672887379423
LT3bHa6,word_length,0,0.5031555959583294
LT3bHa6,word_length,1,0.5227161113026759
LT3bHa6,word_part_speech,0,0.532841704313934
LT3bHa6,word_part_speech,1,0.5090353441403136
LT1bIb5,delta_volume,0,0.6814049716309833
LT1bIb5,delta_volume,1,0.6615518844759307
LT1bIb5,face_num,0,0.5186357794426506
LT1bIb5,face_num,1,0.4986938758450623
LT1bIb5,frame_brightness,0,0.46725285518740267
LT1bIb5,frame_brightness,1,0.5000888164425358
LT1bIb5,global_flow,0,0.4916512544016384
LT1bIb5,global_flow,1,0.4836316520903211
LT1bIb5,gpt2_surprisal,0,0.5610691409882658
LT1bIb5,gpt2_surprisal,1,0.5372976813684002
LT1bIb5,local_flow,0,0.4596250901225668
LT1bIb5,local_flow,1,0.45625528980282753
LT1bIb5,onset,0,0.6275718073558079
LT1bIb5,onset,1,0.652451474025554
LT1bIb5,pitch,0,0.5046080060186201
LT1bIb5,pitch,1,0.49549648391377493
LT1bIb5,speech,0,0.5927922844633919
LT1bIb5,speech,1,0.5691462127624003
LT1bIb5,volume,0,0.5160705516023532
LT1bIb5,volume,1,0.5323500830694963
LT1bIb5,word_gap,0,0.5292634724016122
LT1bIb5,word_gap,1,0.5170787880674126
LT1bIb5,word_head_pos,0,0.5279876283920044
LT1bIb5,word_head_pos,1,0.5374753142534716
LT1bIb5,word_index,0,0.5778960452373032
LT1bIb5,word_index,1,0.6227306944906427
LT1bIb5,word_length,0,0.5431647910723801
LT1bIb5,word_length,1,0.5103079318307682
LT1bIb5,word_part_speech,0,0.5020816724244841
LT1bIb5,word_part_speech,1,0.5022809814864028
LT3cHb4,delta_volume,0,0.5632373070854624
LT3cHb4,delta_volume,1,0.5468376121960649
LT3cHb4,face_num,0,0.5275487706759453
LT3cHb4,face_num,1,0.4873932896565416
LT3cHb4,frame_brightness,0,0.5006243273460602
LT3cHb4,frame_brightness,1,0.5046863734679163
LT3cHb4,global_flow,0,0.4753821719277348
LT3cHb4,global_flow,1,0.47722641923450676
LT3cHb4,gpt2_surprisal,0,0.5062955184267997
LT3cHb4,gpt2_surprisal,1,0.5150622237547413
LT3cHb4,local_flow,0,0.4387793486097614
LT3cHb4,local_flow,1,0.4651839545259815
LT3cHb4,onset,0,0.5301318354412838
LT3cHb4,onset,1,0.51996932770392
LT3cHb4,pitch,0,0.5197694952091366
LT3cHb4,pitch,1,0.5181342277671547
LT3cHb4,speech,0,0.5572866054355663
LT3cHb4,speech,1,0.5242050928393049
LT3cHb4,volume,0,0.472989352475889
LT3cHb4,volume,1,0.4551842679957786
LT3cHb4,word_gap,0,0.5182381226560433
LT3cHb4,word_gap,1,0.4824154619442585
LT3cHb4,word_head_pos,0,0.4823777729015809
LT3cHb4,word_head_pos,1,0.5137404261099443
LT3cHb4,word_index,0,0.5515659739850493
LT3cHb4,word_index,1,0.5433553334150312
LT3cHb4,word_length,0,0.4563232082588843
LT3cHb4,word_length,1,0.5339853505114782
LT3cHb4,word_part_speech,0,0.5265966870404819
LT3cHb4,word_part_speech,1,0.5034325449552661
LT1c5,delta_volume,0,0.6798115001619593
LT1c5,delta_volume,1,0.643104186911591
LT1c5,face_num,0,0.5279040364460884
LT1c5,face_num,1,0.5535667638423039
LT1c5,frame_brightness,0,0.49532930002194286
LT1c5,frame_brightness,1,0.478940054125785
LT1c5,global_flow,0,0.5222615800967577
LT1c5,global_flow,1,0.5251559512240995
LT1c5,gpt2_surprisal,0,0.5553587661828783
LT1c5,gpt2_surprisal,1,0.537177517946146
LT1c5,local_flow,0,0.4727699236178594
LT1c5,local_flow,1,0.509513808344566
LT1c5,onset,0,0.5897672785728143
LT1c5,onset,1,0.5890466643878013
LT1c5,pitch,0,0.5414459316844822
LT1c5,pitch,1,0.5354847810413467
LT1c5,speech,0,0.5727824624097468
LT1c5,speech,1,0.5476003887025485
LT1c5,volume,0,0.5391889491447499
LT1c5,volume,1,0.4825031608204549
LT1c5,word_gap,0,0.49572057702183286
LT1c5,word_gap,1,0.5287188185680273
LT1c5,word_head_pos,0,0.511483443570212
LT1c5,word_head_pos,1,0.5422348306740645
LT1c5,word_index,0,0.5872621277638698
LT1c5,word_index,1,0.581957598781534
LT1c5,word_length,0,0.5218749673468961
LT1c5,word_length,1,0.5429192397312519
LT1c5,word_part_speech,0,0.5520750287890868
LT1c5,word_part_speech,1,0.5015280361413765
RT1aIa1,delta_volume,0,0.5601339560933304
RT1aIa1,delta_volume,1,0.5656875960001254
RT1aIa1,face_num,0,0.49752881309885794
RT1aIa1,face_num,1,0.4988767332267537
RT1aIa1,frame_brightness,0,0.5302289374418775
RT1aIa1,frame_brightness,1,0.522966887140424
RT1aIa1,global_flow,0,0.4917923158103717
RT1aIa1,global_flow,1,0.5158354492544643
RT1aIa1,gpt2_surprisal,0,0.5562835020845741
RT1aIa1,gpt2_surprisal,1,0.5351922092306407
RT1aIa1,local_flow,0,0.48127540411481357
RT1aIa1,local_flow,1,0.494195584255457
RT1aIa1,onset,0,0.5487384632440573
RT1aIa1,onset,1,0.5458837224341978
RT1aIa1,pitch,0,0.5059141301735578
RT1aIa1,pitch,1,0.5207255780905509
RT1aIa1,speech,0,0.5529293752546942
RT1aIa1,speech,1,0.5195134948747688
RT1aIa1,volume,0,0.4857893691942782
RT1aIa1,volume,1,0.4784019309739507
RT1aIa1,word_gap,0,0.5086055305706416
RT1aIa1,word_gap,1,0.4810460465912451
RT1aIa1,word_head_pos,0,0.5036832701169243
RT1aIa1,word_head_pos,1,0.5476996541383237
RT1aIa1,word_index,0,0.5443532151047775
RT1aIa1,word_index,1,0.5333590098212566
RT1aIa1,word_length,0,0.5029309426036801
RT1aIa1,word_length,1,0.5465136934056404
RT1aIa1,word_part_speech,0,0.5423863938347064
RT1aIa1,word_part_speech,1,0.5286119231109929
RT3aHa8,delta_volume,0,0.5727511154300283
RT3aHa8,delta_volume,1,0.5730332382474949
RT3aHa8,face_num,0,0.4700061649060113
RT3aHa8,face_num,1,0.4928685621140403
RT3aHa8,frame_brightness,0,0.502638370792974
RT3aHa8,frame_brightness,1,0.48435785712046653
RT3aHa8,global_flow,0,0.4866618601297765
RT3aHa8,global_flow,1,0.4939918288872867
RT3aHa8,gpt2_surprisal,0,0.5447216910650658
RT3aHa8,gpt2_surprisal,1,0.5283637921486265
RT3aHa8,local_flow,0,0.49611297451490555
RT3aHa8,local_flow,1,0.5016039204622634
RT3aHa8,onset,0,0.5317393593924669
RT3aHa8,onset,1,0.5445164032113524
RT3aHa8,pitch,0,0.4886941893148595
RT3aHa8,pitch,1,0.48979133360500715
RT3aHa8,speech,0,0.5344137592342977
RT3aHa8,speech,1,0.4932081543943241
RT3aHa8,volume,0,0.5189544737364555
RT3aHa8,volume,1,0.5190589636688505
RT3aHa8,word_gap,0,0.48639921569847966
RT3aHa8,word_gap,1,0.46866684303076517
RT3aHa8,word_head_pos,0,0.46288517601329116
RT3aHa8,word_head_pos,1,0.4748283752860412
RT3aHa8,word_index,0,0.543652947252324
RT3aHa8,word_index,1,0.5292799495807146
RT3aHa8,word_length,0,0.4844623470528614
RT3aHa8,word_length,1,0.5072516013082139
RT3aHa8,word_part_speech,0,0.5420985029674905
RT3aHa8,word_part_speech,1,0.52555585082824
RT2aA6,delta_volume,0,0.5805512888833161
RT2aA6,delta_volume,1,0.5878133391847695
RT2aA6,face_num,0,0.4865730436872407
RT2aA6,face_num,1,0.49831248759182056
RT2aA6,frame_brightness,0,0.4890808020647211
RT2aA6,frame_brightness,1,0.4789243806359257
RT2aA6,global_flow,0,0.4893812106203568
RT2aA6,global_flow,1,0.488182188646124
RT2aA6,gpt2_surprisal,0,0.5338390646061253
RT2aA6,gpt2_surprisal,1,0.5250723592781835
RT2aA6,local_flow,0,0.48543410342413507
RT2aA6,local_flow,1,0.4846922249041305
RT2aA6,onset,0,0.5311758021452131
RT2aA6,onset,1,0.536488022098835
RT2aA6,pitch,0,0.48159409840861833
RT2aA6,pitch,1,0.48598267556920893
RT2aA6,speech,0,0.5175543086423623
RT2aA6,speech,1,0.4893733738754271
RT2aA6,volume,0,0.5370207830475534
RT2aA6,volume,1,0.49933126443267195
RT2aA6,word_gap,0,0.5094925382424799
RT2aA6,word_gap,1,0.49024291560977884
RT2aA6,word_head_pos,0,0.5282436287263722
RT2aA6,word_head_pos,1,0.5369528645914967
RT2aA6,word_index,0,0.5510757864883318
RT2aA6,word_index,1,0.5403091682568583
RT2aA6,word_length,0,0.5205165982257609
RT2aA6,word_length,1,0.5078106224465273
RT2aA6,word_part_speech,0,0.5437372663654885
RT2aA6,word_part_speech,1,0.4976082912569759
RT1bIb2,delta_volume,0,0.5841927630272823
RT1bIb2,delta_volume,1,0.5740520150883462
RT1bIb2,face_num,0,0.4864790027480852
RT1bIb2,face_num,1,0.5056947013155282
RT1bIb2,frame_brightness,0,0.4740238028065996
RT1bIb2,frame_brightness,1,0.502178615090436
RT1bIb2,global_flow,0,0.4810664242500235
RT1bIb2,global_flow,1,0.49052276313177223
RT1bIb2,gpt2_surprisal,0,0.5135445074867037
RT1bIb2,gpt2_surprisal,1,0.4956114228394094
RT1bIb2,local_flow,0,0.5276114646353824
RT1bIb2,local_flow,1,0.506096987555249
RT1bIb2,onset,0,0.5962250903077392
RT1bIb2,onset,1,0.6066462800602359
RT1bIb2,pitch,0,0.5421512387281485
RT1bIb2,pitch,1,0.5425274024847706
RT1bIb2,speech,0,0.5249626448491688
RT1bIb2,speech,1,0.5261773403132608
RT1bIb2,volume,0,0.5313835511948424
RT1bIb2,volume,1,0.5008986134185971
RT1bIb2,word_gap,0,0.5088311728731267
RT1bIb2,word_gap,1,0.49623410777921284
RT1bIb2,word_head_pos,0,0.5048692308496076
RT1bIb2,word_head_pos,1,0.5225280294243649
RT1bIb2,word_index,0,0.5605819225853889
RT1bIb2,word_index,1,0.5849337371544615
RT1bIb2,word_length,0,0.482649446725808
RT1bIb2,word_length,1,0.5077165815073718
RT1bIb2,word_part_speech,0,0.47854105766675525
RT1bIb2,word_part_speech,1,0.4721410222340331
RT3bHb10,delta_volume,0,0.5311275508604746
RT3bHb10,delta_volume,1,0.5638642466798324
RT3bHb10,face_num,0,0.4930618684889711
RT3bHb10,face_num,1,0.48331818229313606
RT3bHb10,frame_brightness,0,0.508615194925969
RT3bHb10,frame_brightness,1,0.48448846953596014
RT3bHb10,global_flow,0,0.5133590378567026
RT3bHb10,global_flow,1,0.5043102097112944
RT3bHb10,gpt2_surprisal,0,0.519445576418712
RT3bHb10,gpt2_surprisal,1,0.5059454771532763
RT3bHb10,local_flow,0,0.5147539784541759
RT3bHb10,local_flow,1,0.5032391879042455
RT3bHb10,onset,0,0.5199785663473175
RT3bHb10,onset,1,0.5152299036409492
RT3bHb10,pitch,0,0.540254746455179
RT3bHb10,pitch,1,0.5675788637764752
RT3bHb10,speech,0,0.4796662591559303
RT3bHb10,speech,1,0.48069026049340147
RT3bHb10,volume,0,0.5379873149222072
RT3bHb10,volume,1,0.5349466578895123
RT3bHb10,word_gap,0,0.5180202611226095
RT3bHb10,word_gap,1,0.49306733477536924
RT3bHb10,word_head_pos,0,0.5236042757280337
RT3bHb10,word_head_pos,1,0.5235624797550756
RT3bHb10,word_index,0,0.4998686997776649
RT3bHb10,word_index,1,0.49319864848304473
RT3bHb10,word_length,0,0.4864790027480852
RT3bHb10,word_length,1,0.5104437687428817
RT3bHb10,word_part_speech,0,0.5195987244220037
RT3bHb10,word_part_speech,1,0.539241739746656
RT1c9,delta_volume,0,0.6332507862867413
RT1c9,delta_volume,1,0.6166734585122724
RT1c9,face_num,0,0.5078053979499075
RT1c9,face_num,1,0.5139964264443121
RT1c9,frame_brightness,0,0.4914474990334681
RT1c9,frame_brightness,1,0.4690918779975549
RT1c9,global_flow,0,0.5034481677690354
RT1c9,global_flow,1,0.4816724658579146
RT1c9,gpt2_surprisal,0,0.560457874883755
RT1c9,gpt2_surprisal,1,0.528416037114824
RT1c9,local_flow,0,0.5259709726967807
RT1c9,local_flow,1,0.5077218060039915
RT1c9,onset,0,0.640875453848357
RT1c9,onset,1,0.6408107833445738
RT1c9,pitch,0,0.5191843515877246
RT1c9,pitch,1,0.5419474833599783
RT1c9,speech,0,0.5355892709737416
RT1c9,speech,1,0.5402181749788408
RT1c9,volume,0,0.5198426381618131
RT1c9,volume,1,0.5164467153589751
RT1c9,word_gap,0,0.5352546645710463
RT1c9,word_gap,1,0.5225408879413641
RT1c9,word_head_pos,0,0.5004127352329604
RT1c9,word_head_pos,1,0.5024764113977618
RT1c9,word_index,0,0.6509514889445213
RT1c9,word_index,1,0.6282453038287145
RT1c9,word_length,0,0.5082703781490653
RT1c9,word_length,1,0.5024137174383247
RT1c9,word_part_speech,0,0.4662503321817698
RT1c9,word_part_speech,1,0.4723846221986004
LT3a3,delta_volume,0,0.5818260660585353
LT3a3,delta_volume,1,0.5538488866597704
LT3a3,face_num,0,0.5090227056623094
LT3a3,face_num,1,0.49219460205009247
LT3a3,frame_brightness,0,0.49334399130643763
LT3a3,frame_brightness,1,0.509827278141751
LT3a3,global_flow,0,0.49959771376027917
LT3a3,global_flow,1,0.47887736016634797
LT3a3,gpt2_surprisal,0,0.515738796066999
LT3a3,gpt2_surprisal,1,0.5190223921925122
LT3a3,local_flow,0,0.5033802493129786
LT3a3,local_flow,1,0.5061335590315873
LT3a3,onset,0,0.5194889182472446
LT3a3,onset,1,0.5511867037444221
LT3a3,pitch,0,0.5201404344691389
LT3a3,pitch,1,0.5045505365558028
LT3a3,speech,0,0.5660324127770289
LT3a3,speech,1,0.49438366613376805
LT3a3,volume,0,0.5155533264369978
LT3a3,volume,1,0.5270001985308715
LT3a3,word_gap,0,0.49610183470534225
LT3a3,word_gap,1,0.4763464620843124
LT3a3,word_head_pos,0,0.496311505386456
LT3a3,word_head_pos,1,0.5259657482001608
LT3a3,word_index,0,0.5245356348803417
LT3a3,word_index,1,0.5629803399800424
LT3a3,word_length,0,0.5182648401826484
LT3a3,word_length,1,0.5416549115492721
LT3a3,word_part_speech,0,0.5307157409868013
LT3a3,word_part_speech,1,0.5371822127734963
LT2aA6,delta_volume,0,0.5709747865793131
LT2aA6,delta_volume,1,0.5553901131625968
LT2aA6,face_num,0,0.5125335673907819
LT2aA6,face_num,1,0.49782660940618373
LT2aA6,frame_brightness,0,0.5008097969760614
LT2aA6,frame_brightness,1,0.5061492325214466
LT2aA6,global_flow,0,0.5084793580138554
LT2aA6,global_flow,1,0.49660407719716204
LT2aA6,gpt2_surprisal,0,0.5379611924391086
LT2aA6,gpt2_surprisal,1,0.5036832701169243
LT2aA6,local_flow,0,0.4818709967294651
LT2aA6,local_flow,1,0.48399736685370365
LT2aA6,onset,0,0.5440452323980747
LT2aA6,onset,1,0.5569239012943339
LT2aA6,pitch,0,0.522360845532533
LT2aA6,pitch,1,0.5055066194372172
LT2aA6,speech,0,0.5594808940158615
LT2aA6,speech,1,0.5234057448564831
LT2aA6,volume,0,0.5162795314671431
LT2aA6,volume,1,0.4717563712736278
LT2aA6,word_gap,0,0.5083098613466954
LT2aA6,word_gap,1,0.5042093960567062
LT2aA6,word_head_pos,0,0.49557485136307117
LT2aA6,word_head_pos,1,0.5353228216461344
LT2aA6,word_index,0,0.5586736926874529
LT2aA6,word_index,1,0.5788063934454929
LT2aA6,word_length,0,0.48905990407824207
LT2aA6,word_length,1,0.5080143778146976
LT2aA6,word_part_speech,0,0.5233634511471343
LT2aA6,word_part_speech,1,0.5333289042430684
LT3bHa7,delta_volume,0,0.5430132806704074
LT3bHa7,delta_volume,1,0.5407667471239146
LT3bHa7,face_num,0,0.5522815376738451
LT3bHa7,face_num,1,0.491217621182199
LT3bHa7,frame_brightness,0,0.48728879972414657
LT3bHa7,frame_brightness,1,0.5108982999488
LT3bHa7,global_flow,0,0.5135209972519148
LT3bHa7,global_flow,1,0.4969279959875866
LT3bHa7,gpt2_surprisal,0,0.5415817685965956
LT3bHa7,gpt2_surprisal,1,0.5055431909135555
LT3bHa7,local_flow,0,0.4921319080906555
LT3bHa7,local_flow,1,0.5024450644180434
LT3bHa7,onset,0,0.5223528977005016
LT3bHa7,onset,1,0.5308154950527064
LT3bHa7,pitch,0,0.5276532606083404
LT3bHa7,pitch,1,0.5144979781198081
LT3bHa7,speech,0,0.5504895353332707
LT3bHa7,speech,1,0.5295706508677889
LT3bHa7,volume,0,0.5018808187831102
LT3bHa7,volume,1,0.4535281025673176
LT3bHa7,word_gap,0,0.5120757535674827
LT3bHa7,word_gap,1,0.48123278504847417
LT3bHa7,word_head_pos,0,0.49131166212135463
LT3bHa7,word_head_pos,1,0.5319634703196348
LT3bHa7,word_index,0,0.5278444004831848
LT3bHa7,word_index,1,0.5527214159415976
LT3bHa7,word_length,0,0.48172993532073194
LT3bHa7,word_length,1,0.5076173160715964
LT3bHa7,word_part_speech,0,0.5305164319248826
LT3bHa7,word_part_speech,1,0.5190450881388963
LT1bIb6,delta_volume,0,0.6776381095681432
LT1bIb6,delta_volume,1,0.6420540630910213
LT1bIb6,face_num,0,0.5030145345495961
LT1bIb6,face_num,1,0.494362768147289
LT1bIb6,frame_brightness,0,0.5168803485784145
LT1bIb6,frame_brightness,1,0.5386299280064366
LT1bIb6,global_flow,0,0.49736685370364564
LT1bIb6,global_flow,1,0.5084532355307566
LT1bIb6,gpt2_surprisal,0,0.5621035913189764
LT1bIb6,gpt2_surprisal,1,0.5409757269887046
LT1bIb6,local_flow,0,0.46609301693781807
LT1bIb6,local_flow,1,0.461714888770467
LT1bIb6,onset,0,0.6395266119123069
LT1bIb6,onset,1,0.6303249230882937
LT1bIb6,pitch,0,0.4965622812242041
LT1bIb6,pitch,1,0.5128992821541645
LT1bIb6,speech,0,0.6090561424406759
LT1bIb6,speech,1,0.5741277702893326
LT1bIb6,volume,0,0.5360072307033218
LT1bIb6,volume,1,0.5125231183975424
LT1bIb6,word_gap,0,0.5157327150215527
LT1bIb6,word_gap,1,0.5165730380790837
LT1bIb6,word_head_pos,0,0.5279301589291872
LT1bIb6,word_head_pos,1,0.5571612175166922
LT1bIb6,word_index,0,0.6051539713940582
LT1bIb6,word_index,1,0.6564660982825932
LT1bIb6,word_length,0,0.5260232176629782
LT1bIb6,word_length,1,0.5264307283993187
LT1bIb6,word_part_speech,0,0.5252901054123484
LT1bIb6,word_part_speech,1,0.512335016387634
LT3cHb5,delta_volume,0,0.5573701973814823
LT3cHb5,delta_volume,1,0.539544214914893
LT3cHb5,face_num,0,0.5145711210724846
LT3cHb5,face_num,1,0.47532992696153725
LT3cHb5,frame_brightness,0,0.49331786882333883
LT3cHb5,frame_brightness,1,0.49701158793350264
LT3cHb5,global_flow,0,0.4788198907035307
LT3cHb5,global_flow,1,0.47563817226210253
LT3cHb5,gpt2_surprisal,0,0.5182752891758879
LT3cHb5,gpt2_surprisal,1,0.5046080060186201
LT3cHb5,local_flow,0,0.4644525249992163
LT3cHb5,local_flow,1,0.4844832450393405
LT3cHb5,onset,0,0.5223621363438993
LT3cHb5,onset,1,0.5238033647139253
LT3cHb5,pitch,0,0.5179618193787029
LT3cHb5,pitch,1,0.5092473590169586
LT3cHb5,speech,0,0.5388023363948884
LT3cHb5,speech,1,0.4993364889292916
LT3cHb5,volume,0,0.48409663228947897
LT3cHb5,volume,1,0.46217464447300505
LT3cHb5,word_gap,0,0.5211559110502482
LT3cHb5,word_gap,1,0.49856055772552554
LT3cHb5,word_head_pos,0,0.4845250410122985
LT3cHb5,word_head_pos,1,0.5292885280503223
LT3cHb5,word_index,0,0.5248157420213231
LT3cHb5,word_index,1,0.5533166436161832
LT3cHb5,word_length,0,0.4796087896931131
LT3cHb5,word_length,1,0.52325945895113
LT3cHb5,word_part_speech,0,0.5116042164939321
LT3cHb5,word_part_speech,1,0.5129107981220659
LT1c6,delta_volume,0,0.6327962550808229
LT1c6,delta_volume,1,0.5952582468679143
LT1c6,face_num,0,0.5037459640763612
LT1c6,face_num,1,0.5311693468334326
LT1c6,frame_brightness,0,0.5005511843933838
LT1c6,frame_brightness,1,0.500736654023385
LT1c6,global_flow,0,0.5154906324775608
LT1c6,global_flow,1,0.49187068325966793
LT1c6,gpt2_surprisal,0,0.5300774270399047
LT1c6,gpt2_surprisal,1,0.5257306458522721
LT1c6,local_flow,0,0.4706540024868604
LT1c6,local_flow,1,0.4866827581162555
LT1c6,onset,0,0.569645513252834
LT1c6,onset,1,0.5672065113958666
LT1c6,pitch,0,0.5206524351378745
LT1c6,pitch,1,0.5503798209042559
LT1c6,speech,0,0.5699664587317012
LT1c6,speech,1,0.5385881320334787
LT1c6,volume,0,0.5204904757426622
LT1c6,volume,1,0.45784353677523176
LT1c6,word_gap,0,0.4930673347753692
LT1c6,word_gap,1,0.514721215044895
LT1c6,word_head_pos,0,0.48674545207569253
LT1c6,word_head_pos,1,0.5241110519001494
LT1c6,word_index,0,0.5740970921377426
LT1c6,word_index,1,0.5680222685177081
LT1c6,word_length,0,0.5114050761209157
LT1c6,word_length,1,0.5436820162377355
LT1c6,word_part_speech,0,0.5322216316768535
LT1c6,word_part_speech,1,0.5148595978386039
RT1aIa2,delta_volume,0,0.5517016185490528
RT1aIa2,delta_volume,1,0.5445701806630932
RT1aIa2,face_num,0,0.4925028473506578
RT1aIa2,face_num,1,0.4920953366143171
RT1aIa2,frame_brightness,0,0.5513306792890506
RT1aIa2,frame_brightness,1,0.5310753058942771
RT1aIa2,global_flow,0,0.4953710959949009
RT1aIa2,global_flow,1,0.4954233409610984
RT1aIa2,gpt2_surprisal,0,0.5171938183755995
RT1aIa2,gpt2_surprisal,1,0.5175438596491229
RT1aIa2,local_flow,0,0.47296845448940994
RT1aIa2,local_flow,1,0.4913012131281151
RT1aIa2,onset,0,0.5614323592723645
RT1aIa2,onset,1,0.5634648608198373
RT1aIa2,pitch,0,0.5054804969541185
RT1aIa2,pitch,1,0.5067918456056759
RT1aIa2,speech,0,0.5409391555123664
RT1aIa2,speech,1,0.48805680072725
RT1aIa2,volume,0,0.5062119264808835
RT1aIa2,volume,1,0.48567443026864365
RT1aIa2,word_gap,0,0.5098504536188356
RT1aIa2,word_gap,1,0.49386097321859296
RT1aIa2,word_head_pos,0,0.5052976395724271
RT1aIa2,word_head_pos,1,0.511504341556691
RT1aIa2,word_index,0,0.5410269428056231
RT1aIa2,word_index,1,0.5286847219061291
RT1aIa2,word_length,0,0.5013061241549377
RT1aIa2,word_length,1,0.5363050270106475
RT1aIa2,word_part_speech,0,0.5345690495172292
RT1aIa2,word_part_speech,1,0.5283018867924528
RT3aHa9,delta_volume,0,0.555343092693019
RT3aHa9,delta_volume,1,0.579861655329509
RT3aHa9,face_num,0,0.4608894183045463
RT3aHa9,face_num,1,0.46905008202459697
RT3aHa9,frame_brightness,0,0.4606386424667984
RT3aHa9,frame_brightness,1,0.4924610513776998
RT3aHa9,global_flow,0,0.48751867757541556
RT3aHa9,global_flow,1,0.503479514748754
RT3aHa9,gpt2_surprisal,0,0.5381231518343208
RT3aHa9,gpt2_surprisal,1,0.5109296469285184
RT3aHa9,local_flow,0,0.4669028139138794
RT3aHa9,local_flow,1,0.5016248184487424
RT3aHa9,onset,0,0.5344647591947599
RT3aHa9,onset,1,0.5354440553949058
RT3aHa9,pitch,0,0.5269793005443926
RT3aHa9,pitch,1,0.5167131646865825
RT3aHa9,speech,0,0.5037668620628403
RT3aHa9,speech,1,0.4997596731554914
RT3aHa9,volume,0,0.48713206482555405
RT3aHa9,volume,1,0.5173662267640513
RT3aHa9,word_gap,0,0.4938065078352344
RT3aHa9,word_gap,1,0.4528251972424954
RT3aHa9,word_head_pos,0,0.5134792012789567
RT3aHa9,word_head_pos,1,0.514377814697554
RT3aHa9,word_index,0,0.5492725967682638
RT3aHa9,word_index,1,0.54974527756867
RT3aHa9,word_length,0,0.48979133360500715
RT3aHa9,word_length,1,0.5101982174017534
RT3aHa9,word_part_speech,0,0.4958809460536806
RT3aHa9,word_part_speech,1,0.5182035609885729
RT2aA7,delta_volume,0,0.5747207506556744
RT2aA7,delta_volume,1,0.5753058942770863
RT2aA7,face_num,0,0.4964891382715276
RT2aA7,face_num,1,0.5026958402557914
RT2aA7,frame_brightness,0,0.4949688097551801
RT2aA7,frame_brightness,1,0.47774886889648177
RT2aA7,global_flow,0,0.501593471469024
RT2aA7,global_flow,1,0.48777467790978346
RT2aA7,gpt2_surprisal,0,0.5443768742881623
RT2aA7,gpt2_surprisal,1,0.5281757102703154
RT2aA7,local_flow,0,0.5066142127206044
RT2aA7,local_flow,1,0.48947263931120233
RT2aA7,onset,0,0.5399709906597315
RT2aA7,onset,1,0.5256233774632533
RT2aA7,pitch,0,0.48183442525312686
RT2aA7,pitch,1,0.47394021086068366
RT2aA7,speech,0,0.5598936292488219
RT2aA7,speech,1,0.5040280868938278
RT2aA7,volume,0,0.5288601193275029
RT2aA7,volume,1,0.504294536221435
RT2aA7,word_gap,0,0.5187983380277307
RT2aA7,word_gap,1,0.5116789343458708
RT2aA7,word_head_pos,0,0.5001619593952122
RT2aA7,word_head_pos,1,0.521206231779568
RT2aA7,word_index,0,0.5478720610633567
RT2aA7,word_index,1,0.5276868402163828
RT2aA7,word_length,0,0.5149054888561487
RT2aA7,word_length,1,0.49963950973323723
RT2aA7,word_part_speech,0,0.5287669412702631
RT2aA7,word_part_speech,1,0.49346709185933213
RT1bIb3,delta_volume,0,0.5820454949165648
RT1bIb3,delta_volume,1,0.590085995214361
RT1bIb3,face_num,0,0.48650512523118394
RT1bIb3,face_num,1,0.5076016425817372
RT1bIb3,frame_brightness,0,0.4757844581674555
RT1bIb3,frame_brightness,1,0.4948068503599678
RT1bIb3,global_flow,0,0.5156264693896744
RT1bIb3,global_flow,1,0.5095608288141439
RT1bIb3,gpt2_surprisal,0,0.5257463193421313
RT1bIb3,gpt2_surprisal,1,0.5154540610012225
RT1bIb3,local_flow,0,0.5281234653041179
RT1bIb3,local_flow,1,0.5171206754229231
RT1bIb3,onset,0,0.576029415840578
RT1bIb3,onset,1,0.589240675899151
RT1bIb3,pitch,0,0.518526065013636
RT1bIb3,pitch,1,0.540171154509263
RT1bIb3,speech,0,0.5123663834989499
RT1bIb3,speech,1,0.5201404344691389
RT1bIb3,volume,0,0.4862073289238582
RT1bIb3,volume,1,0.5020480026749423
RT1bIb3,word_gap,0,0.5102161497642427
RT1bIb3,word_gap,1,0.5139742612159786
RT1bIb3,word_head_pos,0,0.5186775754156087
RT1bIb3,word_head_pos,1,0.5134478542992382
RT1bIb3,word_index,0,0.5698779783267099
RT1bIb3,word_index,1,0.5879623956163232
RT1bIb3,word_length,0,0.4941067678129213
RT1bIb3,word_length,1,0.5281966082567945
RT1bIb3,word_part_speech,0,0.5205731242802729
RT1bIb3,word_part_speech,1,0.5051598901585614
RT3bHb11,delta_volume,0,0.547506347763393
RT3bHb11,delta_volume,1,0.5393404595467227
RT3bHb11,face_num,0,0.4764688672246429
RT3bHb11,face_num,1,0.45956239616312966
RT3bHb11,frame_brightness,0,0.5146834477498092
RT3bHb11,frame_brightness,1,0.492497622854038
RT3bHb11,global_flow,0,0.49892897819295107
RT3bHb11,global_flow,1,0.49807738524393175
RT3bHb11,gpt2_surprisal,0,0.5046915979645361
RT3bHb11,gpt2_surprisal,1,0.5224836212030971
RT3bHb11,local_flow,0,0.5172094918654587
RT3bHb11,local_flow,1,0.5249783183390281
RT3bHb11,onset,0,0.47862639849964433
RT3bHb11,onset,1,0.5101856043458579
RT3bHb11,pitch,0,0.5057730687648245
RT3bHb11,pitch,1,0.5299729371075097
RT3bHb11,speech,0,0.4999843265101408
RT3bHb11,speech,1,0.5218331713739381
RT3bHb11,volume,0,0.5379193964661505
RT3bHb11,volume,1,0.5191895760843442
RT3bHb11,word_gap,0,0.5197009072376714
RT3bHb11,word_gap,1,0.5007313922908141
RT3bHb11,word_head_pos,0,0.523384846870004
RT3bHb11,word_head_pos,1,0.5128627106778262
RT3bHb11,word_index,0,0.5281945344094116
RT3bHb11,word_index,1,0.5392587664781778
RT3bHb11,word_length,0,0.520391210306887
RT3bHb11,word_length,1,0.4902458648109255
RT3bHb11,word_part_speech,0,0.5273717778368323
RT3bHb11,word_part_speech,1,0.5038311630791035
RT1c10,delta_volume,0,0.6231675078106225
RT1c10,delta_volume,1,0.6344001755430865
RT1c10,face_num,0,0.492581214799954
RT1c10,face_num,1,0.5083226231152628
RT1c10,frame_brightness,0,0.47233629039842007
RT1c10,frame_brightness,1,0.47621809138689486
RT1c10,global_flow,0,0.5010135523442316
RT1c10,global_flow,1,0.49219460205009247
RT1c10,gpt2_surprisal,0,0.5496065954045328
RT1c10,gpt2_surprisal,1,0.5201874549387167
RT1c10,local_flow,0,0.5197799442023762
RT1c10,local_flow,1,0.5163056539502419
RT1c10,onset,0,0.6123742389667501
RT1c10,onset,1,0.6212802912020399
RT1c10,pitch,0,0.5289019153004608
RT1c10,pitch,1,0.52472754250128
RT1c10,speech,0,0.5115147905499305
RT1c10,speech,1,0.5252813391429736
RT1c10,volume,0,0.5371670689529064
RT1c10,volume,1,0.5067918456056759
RT1c10,word_gap,0,0.5171643765269759
RT1c10,word_gap,1,0.5237391263752509
RT1c10,word_head_pos,0,0.5090383791521687
RT1c10,word_head_pos,1,0.5258821562542448
RT1c10,word_index,0,0.6287529980217432
RT1c10,word_index,1,0.6133120918751422
RT1c10,word_length,0,0.46923293940628824
RT1c10,word_length,1,0.5009090624118366
RT1c10,word_part_speech,0,0.5014394543360794
RT1c10,word_part_speech,1,0.4896359287802286
LT3a4,delta_volume,0,0.5711576439610043
LT3a4,delta_volume,1,0.5453172836797173
LT3a4,face_num,0,0.5118805053133131
LT3a4,face_num,1,0.4885479034095065
LT3a4,frame_brightness,0,0.5076382140580755
LT3a4,frame_brightness,1,0.507251601308214
LT3a4,global_flow,0,0.5089391137163934
LT3a4,global_flow,1,0.48077907693593724
LT3a4,gpt2_surprisal,0,0.5214726811071753
LT3a4,gpt2_surprisal,1,0.5068911110414511
LT3a4,local_flow,0,0.48185532323960584
LT3a4,local_flow,1,0.5058827831938393
LT3a4,onset,0,0.5216138062286934
LT3a4,onset,1,0.5327925647397935
LT3a4,pitch,0,0.5085368274766726
LT3a4,pitch,1,0.5014733080467697
LT3a4,speech,0,0.5486557370197381
LT3a4,speech,1,0.5018129003270535
LT3a4,volume,0,0.5281600367804562
LT3a4,volume,1,0.5195709643375861
LT3a4,word_gap,0,0.4955338385646037
LT3a4,word_gap,1,0.4868349387653476
LT3a4,word_head_pos,0,0.49599542334096114
LT3a4,word_head_pos,1,0.53080363207005
LT3a4,word_index,0,0.5452810700092785
LT3a4,word_index,1,0.5128236550480558
LT3a4,word_length,0,0.515422714021504
LT3a4,word_length,1,0.5237819086131051
LT3a4,word_part_speech,0,0.5144609797147667
LT3a4,word_part_speech,1,0.5429400301178138
LT2aA7,delta_volume,0,0.5804154519712026
LT2aA7,delta_volume,1,0.5492147581580515
LT2aA7,face_num,0,0.53017669247568
LT2aA7,face_num,1,0.5088085013008996
LT2aA7,frame_brightness,0,0.48811427019006726
LT2aA7,frame_brightness,1,0.4990177946354869
LT2aA7,global_flow,0,0.5121887506138784
LT2aA7,global_flow,1,0.4876597389841489
LT2aA7,gpt2_surprisal,0,0.5427990763089976
LT2aA7,gpt2_surprisal,1,0.517329655287713
LT2aA7,local_flow,0,0.48791573931851673
LT2aA7,local_flow,1,0.4848646332925822
LT2aA7,onset,0,0.5410519119372512
LT2aA7,onset,1,0.543222993135688
LT2aA7,pitch,0,0.5379611924391086
LT2aA7,pitch,1,0.531811959917662
LT2aA7,speech,0,0.5673228634421074
LT2aA7,speech,1,0.5301610189858207
LT2aA7,volume,0,0.5124029549752881
LT2aA7,volume,1,0.4694314702778387
LT2aA7,word_gap,0,0.5091268420970728
LT2aA7,word_gap,1,0.5048707614260594
LT2aA7,word_head_pos,0,0.49889240671661284
LT2aA7,word_head_pos,1,0.5465241423988799
LT2aA7,word_index,0,0.5491325431977732
LT2aA7,word_index,1,0.5781411389856621
LT2aA7,word_length,0,0.4907317429965623
LT2aA7,word_length,1,0.515255530129672
LT2aA7,word_part_speech,0,0.5206838515368943
LT2aA7,word_part_speech,1,0.5154796704756843
LT3bHa8,delta_volume,0,0.5260336666562176
LT3bHa8,delta_volume,1,0.5145606720792452
LT3bHa8,face_num,0,0.5291213441584903
LT3bHa8,face_num,1,0.48072683196973975
LT3bHa8,frame_brightness,0,0.4801625863348067
LT3bHa8,frame_brightness,1,0.5090958486149859
LT3bHa8,global_flow,0,0.509409318412171
LT3bHa8,global_flow,1,0.4942948496912323
LT3bHa8,gpt2_surprisal,0,0.5412996457791291
LT3bHa8,gpt2_surprisal,1,0.5119275257828909
LT3bHa8,local_flow,0,0.49780571141970476
LT3bHa8,local_flow,1,0.5012382056988809
LT3bHa8,onset,0,0.5041250542770299
LT3bHa8,onset,1,0.5188329745660147
LT3bHa8,pitch,0,0.5225802743905625
LT3bHa8,pitch,1,0.5142681002685392
LT3bHa8,speech,0,0.5359497612405044
LT3bHa8,speech,1,0.514440508656991
LT3bHa8,volume,0,0.5000052244966198
LT3bHa8,volume,1,0.459787049517779
LT3bHa8,word_gap,0,0.51366303045393
LT3bHa8,word_gap,1,0.5056799614073855
LT3bHa8,word_head_pos,0,0.49174007084417415
LT3bHa8,word_head_pos,1,0.5397845417594015
LT3bHa8,word_index,0,0.5183382643861276
LT3bHa8,word_index,1,0.5512858668440679
LT3bHa8,word_length,0,0.4703457571862951
LT3bHa8,word_length,1,0.5014576345569104
LT3bHa8,word_part_speech,0,0.532553813446718
LT3bHa8,word_part_speech,1,0.5068650899105325
LT1bIb7,delta_volume,0,0.5848040291317932
LT1bIb7,delta_volume,1,0.5547579490716069
LT1bIb7,face_num,0,0.47811458365986437
LT1bIb7,face_num,1,0.47489629374209796
LT1bIb7,frame_brightness,0,0.5283481186587673
LT1bIb7,frame_brightness,1,0.5174654921998266
LT1bIb7,global_flow,0,0.5108617284724617
LT1bIb7,global_flow,1,0.49225207151290973
LT1bIb7,gpt2_surprisal,0,0.5193410864863169
LT1bIb7,gpt2_surprisal,1,0.4964003218289918
LT1bIb7,local_flow,0,0.5078471939228655
LT1bIb7,local_flow,1,0.4944568090864445
LT1bIb7,onset,0,0.5523877273861106
LT1bIb7,onset,1,0.5326170305152391
LT1bIb7,pitch,0,0.49637419934589305
LT1bIb7,pitch,1,0.4881299436799264
LT1bIb7,speech,0,0.5276846075880589
LT1bIb7,speech,1,0.49283721513432177
LT1bIb7,volume,0,0.49442023761010634
LT1bIb7,volume,1,0.4889867611255656
LT1bIb7,word_gap,0,0.5121769035651483
LT1bIb7,word_gap,1,0.4801590389194068
LT1bIb7,word_head_pos,0,0.5021263701242386
LT1bIb7,word_head_pos,1,0.5164832868353134
LT1bIb7,word_index,0,0.5198788536615255
LT1bIb7,word_index,1,0.5165175679697485
LT1bIb7,word_length,0,0.5172199408586983
LT1bIb7,word_length,1,0.5150204277817831
LT1bIb7,word_part_speech,0,0.5577774825050934
LT1bIb7,word_part_speech,1,0.49760829125697587
LT3cHb6,delta_volume,0,0.529863222678495
LT3cHb6,delta_volume,1,0.529022078722715
LT3cHb6,face_num,0,0.5310857548875165
LT3cHb6,face_num,1,0.48186577223284544
LT3cHb6,frame_brightness,0,0.498134854706749
LT3cHb6,frame_brightness,1,0.4914631725233274
LT3cHb6,global_flow,0,0.5079255613721618
LT3cHb6,global_flow,1,0.4790549930514195
LT3cHb6,gpt2_surprisal,0,0.5142889982550182
LT3cHb6,gpt2_surprisal,1,0.4978840788690009
LT3cHb6,local_flow,0,0.4780884611767656
LT3cHb6,local_flow,1,0.48048128062861145
LT3cHb6,onset,0,0.48482552821943625
LT3cHb6,onset,1,0.5252538317273492
LT3cHb6,pitch,0,0.4915363154760039
LT3cHb6,pitch,1,0.5249626448491689
LT3cHb6,speech,0,0.5352078827204999
LT3cHb6,speech,1,0.4968391795450508
LT3cHb6,volume,0,0.49024586481092547
LT3cHb6,volume,1,0.4645674639248509
LT3cHb6,word_gap,0,0.5143632996685392
LT3cHb6,word_gap,1,0.4930984578515741
LT3cHb6,word_head_pos,0,0.48762839200443037
LT3cHb6,word_head_pos,1,0.5274913012131281
LT3cHb6,word_index,0,0.5143467376271423
LT3cHb6,word_index,1,0.5433728401113426
LT3cHb6,word_length,0,0.4820068336415787
LT3cHb6,word_length,1,0.5204277817832251
LT3cHb6,word_part_speech,0,0.5183142882451944
LT3cHb6,word_part_speech,1,0.5303614137656125
LT1c7,delta_volume,0,0.6096203880756088
LT1c7,delta_volume,1,0.571941318453967
LT1c7,face_num,0,0.49170872386445563
LT1c7,face_num,1,0.5272039538990418
LT1c7,frame_brightness,0,0.5150987952310795
LT1c7,frame_brightness,1,0.5123716079955696
LT1c7,global_flow,0,0.5137926710761419
LT1c7,global_flow,1,0.4794834017742391
LT1c7,gpt2_surprisal,0,0.522590723383802
LT1c7,gpt2_surprisal,1,0.5164205928758764
LT1c7,local_flow,0,0.4775503380249313
LT1c7,local_flow,1,0.4965727302174435
LT1c7,onset,0,0.5497824299479864
LT1c7,onset,1,0.5403867296126236
LT1c7,pitch,0,0.5140382224172702
LT1c7,pitch,1,0.5499305141949573
LT1c7,speech,0,0.5405055222929271
LT1c7,speech,1,0.5158041022747458
LT1c7,volume,0,0.5115513620262687
LT1c7,volume,1,0.4758941725964704
LT1c7,word_gap,0,0.4930673347753692
LT1c7,word_gap,1,0.48728622337031796
LT1c7,word_head_pos,0,0.4795826672100143
LT1c7,word_head_pos,1,0.5157048368389706
LT1c7,word_index,0,0.5685824827996708
LT1c7,word_index,1,0.5665867194201782
LT1c7,word_length,0,0.49651526075462626
LT1c7,word_length,1,0.5261120341055139
LT1c7,word_part_speech,0,0.5127336345114714
LT1c7,word_part_speech,1,0.5061121445655062
RT1aIa3,delta_volume,0,0.5711367459745254
RT1aIa3,delta_volume,1,0.5501081470800289
RT1aIa3,face_num,0,0.5212793747322445
RT1aIa3,face_num,1,0.49118104970586085
RT1aIa3,frame_brightness,0,0.5400927870599668
RT1aIa3,frame_brightness,1,0.5214935790936543
RT1aIa3,global_flow,0,0.49417991076559775
RT1aIa3,global_flow,1,0.4761553974274578
RT1aIa3,gpt2_surprisal,0,0.5429767091940692
RT1aIa3,gpt2_surprisal,1,0.5160705516023532
RT1aIa3,local_flow,0,0.4798752390207204
RT1aIa3,local_flow,1,0.4939500329143287
RT1aIa3,onset,0,0.5397123086445985
RT1aIa3,onset,1,0.5530159551371476
RT1aIa3,pitch,0,0.4850056947013156
RT1aIa3,pitch,1,0.5155846734167163
RT1aIa3,speech,0,0.5397688682695422
RT1aIa3,speech,1,0.48620732892385815
RT1aIa3,volume,0,0.4929835010396748
RT1aIa3,volume,1,0.4812074856587568
RT1aIa3,word_gap,0,0.5279874262772133
RT1aIa3,word_gap,1,0.5095470036258384
RT1aIa3,word_head_pos,0,0.515213734156714
RT1aIa3,word_head_pos,1,0.5003500412735233
RT1aIa3,word_index,0,0.5352672397191927
RT1aIa3,word_index,1,0.5097249698009488
RT1aIa3,word_length,0,0.5145711210724847
RT1aIa3,word_length,1,0.5217887631526703
RT1aIa3,word_part_speech,0,0.5340597041367703
RT1aIa3,word_part_speech,1,0.4997121091327842
RT3aHa10,delta_volume,0,0.5504059433873546
RT3aHa10,delta_volume,1,0.5354534340616282
RT3aHa10,face_num,0,0.48290544706017574
RT3aHa10,face_num,1,0.5017711043540954
RT3aHa10,frame_brightness,0,0.5063582123862366
RT3aHa10,frame_brightness,1,0.5325329404511876
RT3aHa10,global_flow,0,0.49051753863515246
RT3aHa10,global_flow,1,0.5324963689748493
RT3aHa10,gpt2_surprisal,0,0.5243252562615591
RT3aHa10,gpt2_surprisal,1,0.4765472346739391
RT3aHa10,local_flow,0,0.4793109933857873
RT3aHa10,local_flow,1,0.5153077750958694
RT3aHa10,onset,0,0.4881606784859711
RT3aHa10,onset,1,0.5015289954823033
RT3aHa10,pitch,0,0.5008359194591602
RT3aHa10,pitch,1,0.5357251078858553
RT3aHa10,speech,0,0.5070321724501844
RT3aHa10,speech,1,0.49181321379685067
RT3aHa10,volume,0,0.5202449244015339
RT3aHa10,volume,1,0.5194090049423739
RT3aHa10,word_gap,0,0.5217239071909867
RT3aHa10,word_gap,1,0.4902973809931373
RT3aHa10,word_head_pos,0,0.5053028640690469
RT3aHa10,word_head_pos,1,0.5334211048765451
RT3aHa10,word_index,0,0.5385760053220356
RT3aHa10,word_index,1,0.5329388491097844
RT3aHa10,word_length,0,0.4760665809849221
RT3aHa10,word_length,1,0.5221257431846442
RT3aHa10,word_part_speech,0,0.4786074940207281
RT3aHa10,word_part_speech,1,0.5244928691646735
RT2aA8,delta_volume,0,0.568148333908028
RT2aA8,delta_volume,1,0.5771658150737177
RT2aA8,face_num,0,0.5103079318307682
RT2aA8,face_num,1,0.5169325935446119
RT2aA8,frame_brightness,0,0.5026279217997346
RT2aA8,frame_brightness,1,0.5178573294463079
RT2aA8,global_flow,0,0.49735118021378644
RT2aA8,global_flow,1,0.4821008745807342
RT2aA8,gpt2_surprisal,0,0.5582322393237412
RT2aA8,gpt2_surprisal,1,0.5342622488323251
RT2aA8,local_flow,0,0.48443622456976265
RT2aA8,local_flow,1,0.5088555217704774
RT2aA8,onset,0,0.5443131530566052
RT2aA8,onset,1,0.5395367744200441
RT2aA8,pitch,0,0.49312978694502785
RT2aA8,pitch,1,0.49667199565321885
RT2aA8,speech,0,0.5383582541822096
RT2aA8,speech,1,0.4749537632049152
RT2aA8,volume,0,0.529042976709194
RT2aA8,volume,1,0.5142628757719194
RT2aA8,word_gap,0,0.5274038685983723
RT2aA8,word_gap,1,0.5151958419570191
RT2aA8,word_head_pos,0,0.49459787049517784
RT2aA8,word_head_pos,1,0.5329717981672466
RT2aA8,word_index,0,0.5641182752402794
RT2aA8,word_index,1,0.5368953624761471
RT2aA8,word_length,0,0.49098251883431027
RT2aA8,word_length,1,0.4990543661118251
RT2aA8,word_part_speech,0,0.5556072282753123
RT2aA8,word_part_speech,1,0.5036318540171849
RT1bIb4,delta_volume,0,0.5765440999759673
RT1bIb4,delta_volume,1,0.610101041764626
RT1bIb4,face_num,0,0.488934516159368
RT1bIb4,face_num,1,0.5351922092306407
RT1bIb4,frame_brightness,0,0.4745096809922364
RT1bIb4,frame_brightness,1,0.5220734982184467
RT1bIb4,global_flow,0,0.5009769808678933
RT1bIb4,global_flow,1,0.5074553566763843
RT1bIb4,gpt2_surprisal,0,0.5211174153370323
RT1bIb4,gpt2_surprisal,1,0.511002789881195
RT1bIb4,local_flow,0,0.517956594882083
RT1bIb4,local_flow,1,0.5039993521624192
RT1bIb4,onset,0,0.5321735756321542
RT1bIb4,onset,1,0.5411442983712271
RT1bIb4,pitch,0,0.48184487424636635
RT1bIb4,pitch,1,0.5033854738095984
RT1bIb4,speech,0,0.5212480277525261
RT1bIb4,speech,1,0.5237766841164855
RT1bIb4,volume,0,0.4818814457227046
RT1bIb4,volume,1,0.5007575520098638
RT1bIb4,word_gap,0,0.4786184466472666
RT1bIb4,word_gap,1,0.4872084156798059
RT1bIb4,word_head_pos,0,0.5284944045641202
RT1bIb4,word_head_pos,1,0.5217757019111209
RT1bIb4,word_index,0,0.573186743929553
RT1bIb4,word_index,1,0.5680397752140194
RT1bIb4,word_length,0,0.5079673573451198
RT1bIb4,word_length,1,0.5105064627023186
RT1bIb4,word_part_speech,0,0.49574807334573484
RT1bIb4,word_part_speech,1,0.49798476392948887
RT3bHb12,delta_volume,0,0.5525218645183537
RT3bHb12,delta_volume,1,0.5520516598225761
RT3bHb12,face_num,0,0.49595101511969325
RT3bHb12,face_num,1,0.4759046215897098
RT3bHb12,frame_brightness,0,0.5131448334952927
RT3bHb12,frame_brightness,1,0.49109745775994484
RT3bHb12,global_flow,0,0.508845072777238
RT3bHb12,global_flow,1,0.4928372151343219
RT3bHb12,gpt2_surprisal,0,0.5439118940890045
RT3bHb12,gpt2_surprisal,1,0.5227213357992957
RT3bHb12,local_flow,0,0.5274286072536911
RT3bHb12,local_flow,1,0.5329352266909083
RT3bHb12,onset,0,0.5098437745401465
RT3bHb12,onset,1,0.5351022255891945
RT3bHb12,pitch,0,0.5046289040050991
RT3bHb12,pitch,1,0.528729506912009
RT3bHb12,speech,0,0.5091010731116057
RT3bHb12,speech,1,0.49587787216701673
RT3bHb12,volume,0,0.5141322633564256
RT3bHb12,volume,1,0.5271987294024221
RT3bHb12,word_gap,0,0.5218639610339086
RT3bHb12,word_gap,1,0.4870216772225766
RT3bHb12,word_head_pos,0,0.5169012465648934
RT3bHb12,word_head_pos,1,0.5289593847632781
RT3bHb12,word_index,0,0.5501654382801421
RT3bHb12,word_index,1,0.5378757374695822
RT3bHb12,word_length,0,0.46792681525135055
RT3bHb12,word_length,1,0.5011232667732465
RT3bHb12,word_part_speech,0,0.5067986535565595
RT3bHb12,word_part_speech,1,0.5191558153955178
LT3a5,delta_volume,0,0.5795795325120425
LT3a5,delta_volume,1,0.551382924255248
LT3a5,face_num,0,0.5063634368828563
LT3a5,face_num,1,0.4738409454249083
LT3a5,frame_brightness,0,0.49393958392108916
LT3a5,frame_brightness,1,0.5332957169576712
LT3a5,global_flow,0,0.5080875207673741
LT3a5,global_flow,1,0.495893545656876
LT3a5,gpt2_surprisal,0,0.522695213316197
LT3a5,gpt2_surprisal,1,0.5281495877872168
LT3a5,local_flow,0,0.48153662894580107
LT3a5,local_flow,1,0.496144321494624
LT3a5,onset,0,0.5357766465572196
LT3a5,onset,1,0.5432414704224832
LT3a5,pitch,0,0.48964504769965417
LT3a5,pitch,1,0.49528227955236515
LT3a5,speech,0,0.5360803736559983
LT3a5,speech,1,0.48488553127906125
LT3a5,volume,0,0.5107990345130247
LT3a5,volume,1,0.5277264035610169
LT3a5,word_gap,0,0.5019218499556497
LT3a5,word_gap,1,0.49922970386392984
LT3a5,word_head_pos,0,0.5039444949479117
LT3a5,word_head_pos,1,0.5468010407197267
LT3a5,word_index,0,0.547626967314998
LT3a5,word_index,1,0.5561877418112429
LT3a5,word_length,0,0.500229877851269
LT3a5,word_length,1,0.5189753717229344
LT3a5,word_part_speech,0,0.5258437416954558
LT3a5,word_part_speech,1,0.5358756311453627
LT2aA8,delta_volume,0,0.5623961631296825
LT2aA8,delta_volume,1,0.5258508092745264
LT2aA8,face_num,0,0.5239386435116976
LT2aA8,face_num,1,0.5081188677470925
LT2aA8,frame_brightness,0,0.5163526744198197
LT2aA8,frame_brightness,1,0.4825554057866525
LT2aA8,global_flow,0,0.4875604735483736
LT2aA8,global_flow,1,0.48202250713143796
LT2aA8,gpt2_surprisal,0,0.5206942311108325
LT2aA8,gpt2_surprisal,1,0.5042788627315758
LT2aA8,local_flow,0,0.47489629374209796
LT2aA8,local_flow,1,0.50188604327973
LT2aA8,onset,0,0.5177520532884952
LT2aA8,onset,1,0.5312127567188034
LT2aA8,pitch,0,0.5268748106119976
LT2aA8,pitch,1,0.5181081052840558
LT2aA8,speech,0,0.5570358295978182
LT2aA8,speech,1,0.5136516096674085
LT2aA8,volume,0,0.5220891717083058
LT2aA8,volume,1,0.4894047208551456
LT2aA8,word_gap,0,0.5163240534694449
LT2aA8,word_gap,1,0.5047773921974449
LT2aA8,word_head_pos,0,0.4829524675297535
LT2aA8,word_head_pos,1,0.5383007847193922
LT2aA8,word_index,0,0.549167556590396
LT2aA8,word_index,1,0.525586036659022
LT2aA8,word_length,0,0.4888195772337336
LT2aA8,word_length,1,0.5152294076465732
LT2aA8,word_part_speech,0,0.5139959252369564
LT2aA8,word_part_speech,1,0.4942864735583311
LT3bHa9,delta_volume,0,0.5228780706978883
LT3bHa9,delta_volume,1,0.5125231183975424
LT3bHa9,face_num,0,0.548869941381148
LT3bHa9,face_num,1,0.49297827654305504
LT3bHa9,frame_brightness,0,0.4806432400238237
LT3bHa9,frame_brightness,1,0.5168385526054564
LT3bHa9,global_flow,0,0.5032182899177664
LT3bHa9,global_flow,1,0.4889658631390866
LT3bHa9,gpt2_surprisal,0,0.5223608455325329
LT3bHa9,gpt2_surprisal,1,0.503500412735233
LT3bHa9,local_flow,0,0.4921057856075568
LT3bHa9,local_flow,1,0.4953919939813799
LT3bHa9,onset,0,0.5072754316756127
LT3bHa9,onset,1,0.5167450411581563
LT3bHa9,pitch,0,0.5308924485125859
LT3bHa9,pitch,1,0.5180506358212387
LT3bHa9,speech,0,0.5412839722892699
LT3bHa9,speech,1,0.5168751240817948
LT3bHa9,volume,0,0.5044042506504499
LT3bHa9,volume,1,0.46301056393216516
LT3bHa9,word_gap,0,0.5085899690325392
LT3bHa9,word_gap,1,0.5062712998552777
LT3bHa9,word_head_pos,0,0.5004493067092985
LT3bHa9,word_head_pos,1,0.533065839106402
LT3bHa9,word_index,0,0.5336391169622381
LT3bHa9,word_index,1,0.552528842282173
LT3bHa9,word_length,0,0.48212177256721317
LT3bHa9,word_length,1,0.5092630325068179
LT3bHa9,word_part_speech,0,0.5190672335902206
LT3bHa9,word_part_speech,1,0.48407742049782976
LT1bIb8,delta_volume,0,0.5775263053404804
LT1bIb8,delta_volume,1,0.539147153171792
LT1bIb8,face_num,0,0.5245969300857862
LT1bIb8,face_num,1,0.4877381064334452
LT1bIb8,frame_brightness,0,0.529084772682152
LT1bIb8,frame_brightness,1,0.5234527653260608
LT1bIb8,global_flow,0,0.49776913994336647
LT1bIb8,global_flow,1,0.5024398399214236
LT1bIb8,gpt2_surprisal,0,0.5536242333051211
LT1bIb8,gpt2_surprisal,1,0.4986416308788648
LT1bIb8,local_flow,0,0.48302038598581026
LT1bIb8,local_flow,1,0.47434772159702415
LT1bIb8,onset,0,0.5636219177575965
LT1bIb8,onset,1,0.538982455816188
LT1bIb8,pitch,0,0.5166347972372862
LT1bIb8,pitch,1,0.5161750415347481
LT1bIb8,speech,0,0.545557610524226
LT1bIb8,speech,1,0.5107206670637284
LT1bIb8,volume,0,0.5016300429453622
LT1bIb8,volume,1,0.4920065201717815
LT1bIb8,word_gap,0,0.5067770498436066
LT1bIb8,word_gap,1,0.485317688800361
LT1bIb8,word_head_pos,0,0.5121574036341598
LT1bIb8,word_head_pos,1,0.5337972686331671
LT1bIb8,word_index,0,0.5509182262215297
LT1bIb8,word_index,1,0.5641182752402794
LT1bIb8,word_length,0,0.46960910316291027
LT1bIb8,word_length,1,0.4839346728942666
LT1bIb8,word_part_speech,0,0.5533926831428824
LT1bIb8,word_part_speech,1,0.4933785100540349
LT3cHb7,delta_volume,0,0.5302707334148354
LT3cHb7,delta_volume,1,0.5126746287995152
LT3cHb7,face_num,0,0.5280973428210192
LT3cHb7,face_num,1,0.49005255843599466
LT3cHb7,frame_brightness,0,0.49136913158417184
LT3cHb7,frame_brightness,1,0.5021838395870558
LT3cHb7,global_flow,0,0.515819775764605
LT3cHb7,global_flow,1,0.4754657638736507
LT3cHb7,gpt2_surprisal,0,0.5302707334148354
LT3cHb7,gpt2_surprisal,1,0.5037668620628403
LT3cHb7,local_flow,0,0.4697762870547423
LT3cHb7,local_flow,1,0.4818866702193244
LT3cHb7,onset,0,0.48499182380059314
LT3cHb7,onset,1,0.5182047468149777
LT3cHb7,pitch,0,0.48792618831175616
LT3cHb7,pitch,1,0.5116819744417624
LT3cHb7,speech,0,0.5432170360385777
LT3cHb7,speech,1,0.5004284087228196
LT3cHb7,volume,0,0.4827330386717239
LT3cHb7,volume,1,0.4694732662507968
LT3cHb7,word_gap,0,0.5031356499276388
LT3cHb7,word_gap,1,0.4851931964955416
LT3cHb7,word_head_pos,0,0.4858311651672361
LT3cHb7,word_head_pos,1,0.5222459066068984
LT3cHb7,word_index,0,0.5167976751107299
LT3cHb7,word_index,1,0.5255685299627108
LT3cHb7,word_length,0,0.48441532658328373
LT3cHb7,word_length,1,0.517580431125461
LT3cHb7,word_part_speech,0,0.5345026131632562
LT3cHb7,word_part_speech,1,0.534701922225175
LT1c8,delta_volume,0,0.6069872417792546
LT1c8,delta_volume,1,0.5730541362339738
LT1c8,face_num,0,0.5008411439557798
LT1c8,face_num,1,0.5298214267055369
LT1c8,frame_brightness,0,0.5228571727114092
LT1c8,frame_brightness,1,0.514226304295581
LT1c8,global_flow,0,0.51320230295811
LT1c8,global_flow,1,0.4776705014471856
LT1c8,gpt2_surprisal,0,0.5334994723258414
LT1c8,gpt2_surprisal,1,0.5213786401680198
LT1c8,local_flow,0,0.4761240504477393
LT1c8,local_flow,1,0.5008829399287379
LT1c8,onset,0,0.5631045537273307
LT1c8,onset,1,0.5403220591088405
LT1c8,pitch,0,0.5006844090571874
LT1c8,pitch,1,0.5418429934275832
LT1c8,speech,0,0.5439275675788638
LT1c8,speech,1,0.5198635361482922
LT1c8,volume,0,0.5172512878384168
LT1c8,volume,1,0.48181352726664783
LT1c8,word_gap,0,0.491161046357822
LT1c8,word_gap,1,0.5023653537915688
LT1c8,word_head_pos,0,0.48265989571904744
LT1c8,word_head_pos,1,0.5165564297879899
LT1c8,word_index,0,0.5675320810209905
LT1c8,word_index,1,0.5653262372857618
LT1c8,word_length,0,0.5089391137163934
LT1c8,word_length,1,0.5144614066434698
LT1c8,word_part_speech,0,0.5242492692001063
LT1c8,word_part_speech,1,0.511737089201878
RT1aIa4,delta_volume,0,0.558759913482336
RT1aIa4,delta_volume,1,0.5558080728921768
RT1aIa4,face_num,0,0.5051461291704544
RT1aIa4,face_num,1,0.48790006582865747
RT1aIa4,frame_brightness,0,0.5332800434678119
RT1aIa4,frame_brightness,1,0.5356310669466997
RT1aIa4,global_flow,0,0.47445221152941913
RT1aIa4,global_flow,1,0.4986207328923858
RT1aIa4,gpt2_surprisal,0,0.48885614871007177
RT1aIa4,gpt2_surprisal,1,0.5141583858395243
RT1aIa4,local_flow,0,0.48028797425368064
RT1aIa4,local_flow,1,0.47503735515083123
RT1aIa4,onset,0,0.5302242218752597
RT1aIa4,onset,1,0.528588981993884
RT1aIa4,pitch,0,0.5034272697825564
RT1aIa4,pitch,1,0.5013113486515575
RT1aIa4,speech,0,0.5423654430895583
RT1aIa4,speech,1,0.4999529795304223
RT1aIa4,volume,0,0.4863013698630137
RT1aIa4,volume,1,0.4587369256972091
RT1aIa4,word_gap,0,0.5029489114704097
RT1aIa4,word_gap,1,0.5084888190348734
RT1aIa4,word_head_pos,0,0.5287399559052486
RT1aIa4,word_head_pos,1,0.5412682987994106
RT1aIa4,word_index,0,0.571786208224646
RT1aIa4,word_index,1,0.5403091682568582
RT1aIa4,word_length,0,0.5284839555708808
RT1aIa4,word_length,1,0.5279562814122858
RT1aIa4,word_part_speech,0,0.5467047568429445
RT1aIa4,word_part_speech,1,0.5041411993976437
RT3aHa11,delta_volume,0,0.5874058284484289
RT3aHa11,delta_volume,1,0.5388807038441846
RT3aHa11,face_num,0,0.5221675391576022
RT3aHa11,face_num,1,0.5011180422766266
RT3aHa11,frame_brightness,0,0.5237714596198656
RT3aHa11,frame_brightness,1,0.5117446684011995
RT3aHa11,global_flow,0,0.46686624243754116
RT3aHa11,global_flow,1,0.49067427353374504
RT3aHa11,gpt2_surprisal,0,0.5162534089840445
RT3aHa11,gpt2_surprisal,1,0.4955748513630712
RT3aHa11,local_flow,0,0.4751967022977336
RT3aHa11,local_flow,1,0.49938350939886944
RT3aHa11,onset,0,0.4980552655648045
RT3aHa11,onset,1,0.50235123474469
RT3aHa11,pitch,0,0.514816672413613
RT3aHa11,pitch,1,0.5337058399423216
RT3aHa11,speech,0,0.5075284996290608
RT3aHa11,speech,1,0.4977900379298455
RT3aHa11,volume,0,0.5044094751470696
RT3aHa11,volume,1,0.4879993312644327
RT3aHa11,word_gap,0,0.46705622383716405
RT3aHa11,word_gap,1,0.4603881047602745
RT3aHa11,word_head_pos,0,0.5221570901643626
RT3aHa11,word_head_pos,1,0.5199680260806872
RT3aHa11,word_index,0,0.49053763064372125
RT3aHa11,word_index,1,0.5067138180353985
RT3aHa11,word_length,0,0.4730468219387062
RT3aHa11,word_length,1,0.47764960346070656
RT3aHa11,word_part_speech,0,0.4945965098768713
RT3aHa11,word_part_speech,1,0.5042962175569138
RT2aA9,delta_volume,0,0.5944641233817122
RT2aA9,delta_volume,1,0.568817069475356
RT2aA9,face_num,0,0.4848646332925822
RT2aA9,face_num,1,0.5010292258340909
RT2aA9,frame_brightness,0,0.5150308767750228
RT2aA9,frame_brightness,1,0.530761836097092
RT2aA9,global_flow,0,0.5006008171112714
RT2aA9,global_flow,1,0.4899010480340219
RT2aA9,gpt2_surprisal,0,0.559345057103748
RT2aA9,gpt2_surprisal,1,0.5096496452566796
RT2aA9,local_flow,0,0.4985423654430895
RT2aA9,local_flow,1,0.5135732422181123
RT2aA9,onset,0,0.5700704908491236
RT2aA9,onset,1,0.5380401141896323
RT2aA9,pitch,0,0.4830360594756695
RT2aA9,pitch,1,0.4892950064261309
RT2aA9,speech,0,0.5324232260221727
RT2aA9,speech,1,0.4846504289311725
RT2aA9,volume,0,0.5417959729580055
RT2aA9,volume,1,0.510140747938936
RT2aA9,word_gap,0,0.539339568322933
RT2aA9,word_gap,1,0.5069560075317845
RT2aA9,word_head_pos,0,0.4901779463548687
RT2aA9,word_head_pos,1,0.49506807519095536
RT2aA9,word_index,0,0.5631729136394672
RT2aA9,word_index,1,0.5634005006915145
RT2aA9,word_length,0,0.49192815272248525
RT2aA9,word_length,1,0.5280868938277796
RT2aA9,word_part_speech,0,0.5869430418991939
RT2aA9,word_part_speech,1,0.5184028700504917
RT1bIb5,delta_volume,0,0.5543008056173787
RT1bIb5,delta_volume,1,0.5967002079349655
RT1bIb5,face_num,0,0.48110822022298155
RT1bIb5,face_num,1,0.5306834686477958
RT1bIb5,frame_brightness,0,0.48972341514895035
RT1bIb5,frame_brightness,1,0.5084271130476579
RT1bIb5,global_flow,0,0.5087928278110404
RT1bIb5,global_flow,1,0.501718859387898
RT1bIb5,gpt2_surprisal,0,0.523343050897046
RT1bIb5,gpt2_surprisal,1,0.5328411857517528
RT1bIb5,local_flow,0,0.5271517089328444
RT1bIb5,local_flow,1,0.5064940492983501
RT1bIb5,onset,0,0.5802145212996923
RT1bIb5,onset,1,0.593573599652627
RT1bIb5,pitch,0,0.5226899888195773
RT1bIb5,pitch,1,0.5045191895760843
RT1bIb5,speech,0,0.5111307900483789
RT1bIb5,speech,1,0.502199513076915
RT1bIb5,volume,0,0.4613648474969436
RT1bIb5,volume,1,0.5095085838479463
RT1bIb5,word_gap,0,0.4827422542444095
RT1bIb5,word_gap,1,0.4977591385132507
RT1bIb5,word_head_pos,0,0.4896502721962739
RT1bIb5,word_head_pos,1,0.5060813140653898
RT1bIb5,word_index,0,0.587174594282313
RT1bIb5,word_index,1,0.57183872831358
RT1bIb5,word_length,0,0.49645779129180906
RT1bIb5,word_length,1,0.4928476641275613
RT1bIb5,word_part_speech,0,0.4720081495260874
RT1bIb5,word_part_speech,1,0.49563734608911325
RT2c1,delta_volume,0,0.5108982999488
RT2c1,delta_volume,1,0.5083017251287839
RT2c1,face_num,0,0.5137769975862825
RT2c1,face_num,1,0.5110759328338714
RT2c1,frame_brightness,0,0.5015412265028264
RT2c1,frame_brightness,1,0.4754553148804113
RT2c1,global_flow,0,0.5195134948747688
RT2c1,global_flow,1,0.5182021462232114
RT2c1,gpt2_surprisal,0,0.4898749255509231
RT2c1,gpt2_surprisal,1,0.5090279301589291
RT2c1,local_flow,0,0.5147644274474155
RT2c1,local_flow,1,0.49875656980449934
RT2c1,onset,0,0.52131816963997
RT2c1,onset,1,0.5149619829824188
RT2c1,pitch,0,0.4942739517047533
RT2c1,pitch,1,0.503813882532418
RT2c1,speech,0,0.501447185563671
RT2c1,speech,1,0.4871895342883714
RT2c1,volume,0,0.5176692475679968
RT2c1,volume,1,0.4967399141092756
RT2c1,word_gap,0,0.5037425499136334
RT2c1,word_gap,1,0.5084888190348735
RT2c1,word_head_pos,0,0.4921475815805147
RT2c1,word_head_pos,1,0.5084898070070949
RT2c1,word_index,0,0.49402146320967766
RT2c1,word_index,1,0.5009366082526566
RT2c1,word_length,0,0.5387187444489723
RT2c1,word_length,1,0.5431125461061826
RT2c1,word_part_speech,0,0.5244264328107007
RT2c1,word_part_speech,1,0.4693949862698202
LT3a6,delta_volume,0,0.5669466996854853
LT3a6,delta_volume,1,0.5314253471678004
LT3a6,face_num,0,0.5139441814781145
LT3a6,face_num,1,0.4899376195103602
LT3a6,frame_brightness,0,0.5039967399141092
LT3a6,frame_brightness,1,0.5306103256951193
LT3a6,global_flow,0,0.5026749422693124
LT3a6,global_flow,1,0.4804969541184707
LT3a6,gpt2_surprisal,0,0.5323866545458344
LT3a6,gpt2_surprisal,1,0.5214622321139358
LT3a6,local_flow,0,0.4711764521488354
LT3a6,local_flow,1,0.49812440571350947
LT3a6,onset,0,0.5017784388540387
LT3a6,onset,1,0.5286906070712576
LT3a6,pitch,0,0.5056320073560913
LT3a6,pitch,1,0.5111281778000689
LT3a6,speech,0,0.5333166149441502
LT3a6,speech,1,0.49303052150925264
LT3a6,volume,0,0.5182752891758879
LT3a6,volume,1,0.516869899585175
LT3a6,word_gap,0,0.486959431070167
LT3a6,word_gap,1,0.4856367003314608
LT3a6,word_head_pos,0,0.49643166880871026
LT3a6,word_head_pos,1,0.5319451845814656
LT3a6,word_index,0,0.5414996236060292
LT3a6,word_index,1,0.5579559181386881
LT3a6,word_length,0,0.507836744929626
LT3a6,word_length,1,0.541242176316312
LT3a6,word_part_speech,0,0.5118256710071751
LT3a6,word_part_speech,1,0.5416555939410045
LT2aA9,delta_volume,0,0.5356049444636009
LT2aA9,delta_volume,1,0.5179879418618016
LT2aA9,face_num,0,0.5307357136139932
LT2aA9,face_num,1,0.4832816108167978
LT2aA9,frame_brightness,0,0.4745723749516735
LT2aA9,frame_brightness,1,0.5046132305152399
LT2aA9,global_flow,0,0.5170893284432045
LT2aA9,global_flow,1,0.4933544402996771
LT2aA9,gpt2_surprisal,0,0.527010647524111
LT2aA9,gpt2_surprisal,1,0.5178416559564486
LT2aA9,local_flow,0,0.5155376529471385
LT2aA9,local_flow,1,0.49727281276449015
LT2aA9,onset,0,0.5334300311342284
LT2aA9,onset,1,0.5245147402555409
LT2aA9,pitch,0,0.5333479619238686
LT2aA9,pitch,1,0.5147017334879784
LT2aA9,speech,0,0.5518740269375046
LT2aA9,speech,1,0.5135000992654357
LT2aA9,volume,0,0.5003552657701431
LT2aA9,volume,1,0.4733132712663135
LT2aA9,word_gap,0,0.5201288495354881
LT2aA9,word_gap,1,0.501206019202938
LT2aA9,word_head_pos,0,0.46716403874486695
LT2aA9,word_head_pos,1,0.5174602677032067
LT2aA9,word_index,0,0.5518810945186534
LT2aA9,word_index,1,0.5539468846833914
LT2aA9,word_length,0,0.4761501729308381
LT2aA9,word_length,1,0.5026174728064952
LT2aA9,word_part_speech,0,0.5312029409159359
LT2aA9,word_part_speech,1,0.49565949154043754
LT3bHa10,delta_volume,0,0.5155742244234768
LT3bHa10,delta_volume,1,0.5049841697752422
LT3bHa10,face_num,0,0.5352235562103591
LT3bHa10,face_num,1,0.5038818009884747
LT3bHa10,frame_brightness,0,0.4933074198300994
LT3bHa10,frame_brightness,1,0.5110811573304912
LT3bHa10,global_flow,0,0.5266292592708692
LT3bHa10,global_flow,1,0.5031451469650899
LT3bHa10,gpt2_surprisal,0,0.5171676958925008
LT3bHa10,gpt2_surprisal,1,0.4878582698556994
LT3bHa10,local_flow,0,0.5037250660898822
LT3bHa10,local_flow,1,0.5256470539063561
LT3bHa10,onset,0,0.4894171339880452
LT3bHa10,onset,1,0.5187867813490268
LT3bHa10,pitch,0,0.5215249260733729
LT3bHa10,pitch,1,0.5246335015621245
LT3bHa10,speech,0,0.5256992988725537
LT3bHa10,speech,1,0.5086465419056875
LT3bHa10,volume,0,0.4969750164571644
LT3bHa10,volume,1,0.4726915561685632
LT3bHa10,word_gap,0,0.48855448872566565
LT3bHa10,word_gap,1,0.5011982384338869
LT3bHa10,word_head_pos,0,0.49292603157685755
LT3bHa10,word_head_pos,1,0.5320993072317481
LT3bHa10,word_index,0,0.5401165945974334
LT3bHa10,word_index,1,0.5527739360305317
LT3bHa10,word_length,0,0.4825501812900328
LT3bHa10,word_length,1,0.5124134039685276
LT3bHa10,word_part_speech,0,0.5165205066879264
LT3bHa10,word_part_speech,1,0.4890380015944725
LT1bIb9,delta_volume,0,0.5681953543776057
LT1bIb9,delta_volume,1,0.5278204445001724
LT1bIb9,face_num,0,0.5462733665611319
LT1bIb9,face_num,1,0.5090645016352675
LT1bIb9,frame_brightness,0,0.5083278476118825
LT1bIb9,frame_brightness,1,0.5217652529178813
LT1bIb9,global_flow,0,0.509806380155272
LT1bIb9,global_flow,1,0.5037250660898823
LT1bIb9,gpt2_surprisal,0,0.5561790121521791
LT1bIb9,gpt2_surprisal,1,0.5112796882020417
LT1bIb9,local_flow,0,0.47855866587254314
LT1bIb9,local_flow,1,0.4735222511311035
LT1bIb9,onset,0,0.5631507469443187
LT1bIb9,onset,1,0.5287460389316433
LT1bIb9,pitch,0,0.5200620670198426
LT1bIb9,pitch,1,0.5134426298026186
LT1bIb9,speech,0,0.514142712349665
LT1bIb9,speech,1,0.5138344670490997
LT1bIb9,volume,0,0.49466056445461476
LT1bIb9,volume,1,0.4864737782514655
LT1bIb9,word_gap,0,0.49975101539036115
LT1bIb9,word_gap,1,0.49787585004901885
LT1bIb9,word_head_pos,0,0.48357418262750385
LT1bIb9,word_head_pos,1,0.5199053321212501
LT1bIb9,word_index,0,0.5469967262477897
LT1bIb9,word_index,1,0.5503930253321896
LT1bIb9,word_length,0,0.4651944035192209
LT1bIb9,word_length,1,0.4866461866399172
LT1bIb9,word_part_speech,0,0.548675702010807
LT1bIb9,word_part_speech,1,0.4863584019842324
LT3cHb8,delta_volume,0,0.5240692559271914
LT3cHb8,delta_volume,1,0.509325726466255
LT3cHb8,face_num,0,0.5415086256439192
LT3cHb8,face_num,1,0.4967817100822336
LT3cHb8,frame_brightness,0,0.47617107091731703
LT3cHb8,frame_brightness,1,0.4911392537329028
LT3cHb8,global_flow,0,0.5267755451762223
LT3cHb8,global_flow,1,0.48386152994159015
LT3cHb8,gpt2_surprisal,0,0.5201874549387167
LT3cHb8,gpt2_surprisal,1,0.5107781365265457
LT3cHb8,local_flow,0,0.4722683719423634
LT3cHb8,local_flow,1,0.4910452127937473
LT3cHb8,onset,0,0.49606895723431976
LT3cHb8,onset,1,0.5051505436941639
LT3cHb8,pitch,0,0.5038191070290378
LT3cHb8,pitch,1,0.521018149901257
LT3cHb8,speech,0,0.5420049528227955
LT3cHb8,speech,1,0.4911340292362831
LT3cHb8,volume,0,0.4915467644692434
LT3cHb8,volume,1,0.47872062526775544
LT3cHb8,word_gap,0,0.5069715690698868
LT3cHb8,word_gap,1,0.4795443581643609
LT3cHb8,word_head_pos,0,0.4953919939813799
LT3cHb8,word_head_pos,1,0.5295079569083518
LT3cHb8,word_index,0,0.5228199786418305
LT3cHb8,word_index,1,0.5173228760000701
LT3cHb8,word_length,0,0.4677596313595185
LT3cHb8,word_length,1,0.5085211539868133
LT3cHb8,word_part_speech,0,0.5315129772344761
LT3cHb8,word_part_speech,1,0.5377358490566038
LT3d1,delta_volume,0,0.5416705850391315
LT3d1,delta_volume,1,0.5507612091574976
LT3d1,face_num,0,0.503939270451292
LT3d1,face_num,1,0.5341107384303523
LT3d1,frame_brightness,0,0.4797916470748044
LT3d1,frame_brightness,1,0.5087667053279417
LT3d1,global_flow,0,0.5060551915822911
LT3d1,global_flow,1,0.5175752066288413
LT3d1,gpt2_surprisal,0,0.5156264693896744
LT3d1,gpt2_surprisal,1,0.5117655663876786
LT3d1,local_flow,0,0.49668766914307805
LT3d1,local_flow,1,0.5058958444353887
LT3d1,onset,0,0.5430474589111335
LT3d1,onset,1,0.5520274202936041
LT3d1,pitch,0,0.49844832450393406
LT3d1,pitch,1,0.46260827769244434
LT3d1,speech,0,0.5159190412003803
LT3d1,speech,1,0.515109244224319
LT3d1,volume,0,0.5200986384961809
LT3d1,volume,1,0.522737009289155
LT3d1,word_gap,0,0.4844618042047276
LT3d1,word_gap,1,0.49770467312989214
LT3d1,word_head_pos,0,0.5210338233911163
LT3d1,word_head_pos,1,0.492225949029811
LT3d1,word_index,0,0.5313282330491413
LT3d1,word_index,1,0.5479245811522907
LT3d1,word_length,0,0.48323981484383977
LT3d1,word_length,1,0.47801009372746933
LT3d1,word_part_speech,0,0.5062893081761006
LT3d1,word_part_speech,1,0.4975197094516786
RT1aIa5,delta_volume,0,0.6720792451647284
RT1aIa5,delta_volume,1,0.6761543525281339
RT1aIa5,face_num,0,0.4836943460497581
RT1aIa5,face_num,1,0.5093936449223118
RT1aIa5,frame_brightness,0,0.5251977471970576
RT1aIa5,frame_brightness,1,0.5221257431846442
RT1aIa5,global_flow,0,0.502283105022831
RT1aIa5,global_flow,1,0.5286981599322904
RT1aIa5,gpt2_surprisal,0,0.5816954536430415
RT1aIa5,gpt2_surprisal,1,0.5423131981233609
RT1aIa5,local_flow,0,0.4947337074072914
RT1aIa5,local_flow,1,0.496102525521666
RT1aIa5,onset,0,0.6103324987758797
RT1aIa5,onset,1,0.6027937657634352
RT1aIa5,pitch,0,0.5124865469212041
RT1aIa5,pitch,1,0.5008515929490194
RT1aIa5,speech,0,0.5968882898132765
RT1aIa5,speech,1,0.5621401627953146
RT1aIa5,volume,0,0.5390583367292562
RT1aIa5,volume,1,0.5031033509921319
RT1aIa5,word_gap,0,0.5181291918893263
RT1aIa5,word_gap,1,0.5080686575061079
RT1aIa5,word_head_pos,0,0.5440163840213995
RT1aIa5,word_head_pos,1,0.5429610357042098
RT1aIa5,word_index,0,0.571996288580382
RT1aIa5,word_index,1,0.5642233154181474
RT1aIa5,word_length,0,0.5621976322581319
RT1aIa5,word_length,1,0.5400980115565865
RT1aIa5,word_part_speech,0,0.5198201789352467
RT1aIa5,word_part_speech,1,0.503343963149969
RT3aHa12,delta_volume,0,0.5573780341264118
RT3aHa12,delta_volume,1,0.5453852021357742
RT3aHa12,face_num,0,0.5139807529544529
RT3aHa12,face_num,1,0.488391168510914
RT3aHa12,frame_brightness,0,0.495621871832649
RT3aHa12,frame_brightness,1,0.502533880860579
RT3aHa12,global_flow,0,0.48109777122974207
RT3aHa12,global_flow,1,0.5064156818490538
RT3aHa12,gpt2_surprisal,0,0.4829942635027116
RT3aHa12,gpt2_surprisal,1,0.4902719872940243
RT3aHa12,local_flow,0,0.47701743936971674
RT3aHa12,local_flow,1,0.49281631714784285
RT3aHa12,onset,0,0.5106937297327261
RT3aHa12,onset,1,0.5131327315896933
RT3aHa12,pitch,0,0.5167183891832021
RT3aHa12,pitch,1,0.5037982090425588
RT3aHa12,speech,0,0.515046550264882
RT3aHa12,speech,1,0.5241580723697272
RT3aHa12,volume,0,0.5207778230567486
RT3aHa12,volume,1,0.5013426956312759
RT3aHa12,word_gap,0,0.4877764118205443
RT3aHa12,word_gap,1,0.47325749677098083
RT3aHa12,word_head_pos,0,0.5060708650721503
RT3aHa12,word_head_pos,1,0.5343771877579596
RT3aHa12,word_index,0,0.543547907074456
RT3aHa12,word_index,1,0.5163600077029464
RT3aHa12,word_length,0,0.46327701325977244
RT3aHa12,word_length,1,0.494697135930953
RT3aHa12,word_part_speech,0,0.4848303658428559
RT3aHa12,word_part_speech,1,0.5140180706882806
RT2aA10,delta_volume,0,0.5802325945895113
RT2aA10,delta_volume,1,0.581496922771491
RT2aA10,face_num,0,0.5112117697459849
RT2aA10,face_num,1,0.5174080227370093
RT2aA10,frame_brightness,0,0.5241789703562062
RT2aA10,frame_brightness,1,0.5100963397176682
RT2aA10,global_flow,0,0.5282958736925698
RT2aA10,global_flow,1,0.5081711127132901
RT2aA10,gpt2_surprisal,0,0.5679236805533787
RT2aA10,gpt2_surprisal,1,0.5251350532376204
RT2aA10,local_flow,0,0.48713206482555405
RT2aA10,local_flow,1,0.4956009738461699
RT2aA10,onset,0,0.5498101458781792
RT2aA10,onset,1,0.5147033009672859
RT2aA10,pitch,0,0.4706069820172826
RT2aA10,pitch,1,0.4853452869815993
RT2aA10,speech,0,0.5481594098408619
RT2aA10,speech,1,0.5029466160935394
RT2aA10,volume,0,0.5154697344910818
RT2aA10,volume,1,0.5078367449296259
RT2aA10,word_gap,0,0.518518230341887
RT2aA10,word_gap,1,0.5408957221331756
RT2aA10,word_head_pos,0,0.4648130152659792
RT2aA10,word_head_pos,1,0.5056685788324295
RT2aA10,word_index,0,0.5486773690936784
RT2aA10,word_index,1,0.5377006705064686
RT2aA10,word_length,0,0.4890390060917631
RT2aA10,word_length,1,0.5101564214287954
RT2aA10,word_part_speech,0,0.5548099920276375
RT2aA10,word_part_speech,1,0.53343963149969
RT1bIb6,delta_volume,0,0.6591277180443664
RT1bIb6,delta_volume,1,0.6608100059559262
RT1bIb6,face_num,0,0.5120790361848636
RT1bIb6,face_num,1,0.545244140727041
RT1bIb6,frame_brightness,0,0.47253482126997065
RT1bIb6,frame_brightness,1,0.5021054721377596
RT1bIb6,global_flow,0,0.5078210714397667
RT1bIb6,global_flow,1,0.4758053561539346
RT1bIb6,gpt2_surprisal,0,0.5534413759234297
RT1bIb6,gpt2_surprisal,1,0.5362005370782525
RT1bIb6,local_flow,0,0.5174393697167279
RT1bIb6,local_flow,1,0.5018964922729694
RT1bIb6,onset,0,0.656507238477102
RT1bIb6,onset,1,0.656507238477102
RT1bIb6,pitch,0,0.5312633877725881
RT1bIb6,pitch,1,0.5057573952749652
RT1bIb6,speech,0,0.5475585927295905
RT1bIb6,speech,1,0.5123768324921895
RT1bIb6,volume,0,0.504649801991578
RT1bIb6,volume,1,0.5054021295048222
RT1bIb6,word_gap,0,0.5466457104620221
RT1bIb6,word_gap,1,0.5470736527598388
RT1bIb6,word_head_pos,0,0.4986991003416821
RT1bIb6,word_head_pos,1,0.5333270639373896
RT1bIb6,word_index,0,0.6928800266101784
RT1bIb6,word_index,1,0.6117890092960557
RT1bIb6,word_length,0,0.5136307116809296
RT1bIb6,word_length,1,0.4981348547067489
RT1bIb6,word_part_speech,0,0.48188502081672435
RT1bIb6,word_part_speech,1,0.4740012401452741
RT2c2,delta_volume,0,0.488621046362183
RT2c2,delta_volume,1,0.5014889815366289
RT2c2,face_num,0,0.5505783517758065
RT2c2,face_num,1,0.5122148730969771
RT2c2,frame_brightness,0,0.5337293501771104
RT2c2,frame_brightness,1,0.506642947452013
RT2c2,global_flow,0,0.5309237954923043
RT2c2,global_flow,1,0.5283272206722882
RT2c2,gpt2_surprisal,0,0.5273293418179159
RT2c2,gpt2_surprisal,1,0.5016404919386017
RT2c2,local_flow,0,0.5231497445221153
RT2c2,local_flow,1,0.5133433643668432
RT2c2,onset,0,0.5391395127539472
RT2c2,onset,1,0.5071183747378535
RT2c2,pitch,0,0.5265247693384743
RT2c2,pitch,1,0.5335935132649969
RT2c2,speech,0,0.5118857298099329
RT2c2,speech,1,0.5196911277598404
RT2c2,volume,0,0.45933774280848044
RT2c2,volume,1,0.507293397281172
RT2c2,word_gap,0,0.5615614447331975
RT2c2,word_gap,1,0.530391683914038
RT2c2,word_head_pos,0,0.5260754626291757
RT2c2,word_head_pos,1,0.5181655747468732
RT2c2,word_index,0,0.5318884473311042
RT2c2,word_index,1,0.5247632219323891
RT2c2,word_length,0,0.4962226889439203
RT2c2,word_length,1,0.5161489190516494
RT2c2,word_part_speech,0,0.4609132784126141
RT2c2,word_part_speech,1,0.4401186996190982
LT3a7,delta_volume,0,0.579234715735139
LT3a7,delta_volume,1,0.5435827508019602
LT3a7,face_num,0,0.5274704032266491
LT3a7,face_num,1,0.4967921590754731
LT3a7,frame_brightness,0,0.4833234067897558
LT3a7,frame_brightness,1,0.5086047459327294
LT3a7,global_flow,0,0.5045766590389016
LT3a7,global_flow,1,0.4755702538060458
LT3a7,gpt2_surprisal,0,0.5377469880776987
LT3a7,gpt2_surprisal,1,0.5283376696655278
LT3a7,local_flow,0,0.48648945174132474
LT3a7,local_flow,1,0.5116297294755651
LT3a7,onset,0,0.4870705185650539
LT3a7,onset,1,0.5143614711615747
LT3a7,pitch,0,0.5099213190809067
LT3a7,pitch,1,0.5084009905645591
LT3a7,speech,0,0.5337815951433079
LT3a7,speech,1,0.4819075682058034
LT3a7,volume,0,0.5099787885437238
LT3a7,volume,1,0.49243492889460094
LT3a7,word_gap,0,0.4960240270148301
LT3a7,word_gap,1,0.4965142154650566
LT3a7,word_head_pos,0,0.5206681086277337
LT3a7,word_head_pos,1,0.5429662602008296
LT3a7,word_index,0,0.5347770522224751
LT3a7,word_index,1,0.5575007440345933
LT3a7,word_length,0,0.5090436036487884
LT3a7,word_length,1,0.5330135941402045
LT3a7,word_part_speech,0,0.5207059969882187
LT3a7,word_part_speech,1,0.5316901408450705
LT2aA10,delta_volume,0,0.5324545730018913
LT2aA10,delta_volume,1,0.5144352841603711
LT2aA10,face_num,0,0.5202135774218154
LT2aA10,face_num,1,0.4732766997899752
LT2aA10,frame_brightness,0,0.4884225154906324
LT2aA10,frame_brightness,1,0.5011075932833872
LT2aA10,global_flow,0,0.4930096235227736
LT2aA10,global_flow,1,0.5022256355600138
LT2aA10,gpt2_surprisal,0,0.5266449327607285
LT2aA10,gpt2_surprisal,1,0.5122671180631746
LT2aA10,local_flow,0,0.482231486996228
LT2aA10,local_flow,1,0.4941172168061607
LT2aA10,onset,0,0.5351946120231704
LT2aA10,onset,1,0.5608595633817129
LT2aA10,pitch,0,0.5223660700291527
LT2aA10,pitch,1,0.5212219052694274
LT2aA10,speech,0,0.5300199575770875
LT2aA10,speech,1,0.5205740676885782
LT2aA10,volume,0,0.5294557119421545
LT2aA10,volume,1,0.5165407562981307
LT2aA10,word_gap,0,0.5239180840634289
LT2aA10,word_gap,1,0.49942422309021023
LT2aA10,word_head_pos,0,0.4711816766454552
LT2aA10,word_head_pos,1,0.520600190171677
LT2aA10,word_index,0,0.5686174961922936
LT2aA10,word_index,1,0.5226799250713398
LT2aA10,word_length,0,0.4841958977252541
LT2aA10,word_length,1,0.5267807696728422
LT2aA10,word_part_speech,0,0.4979626184781646
LT2aA10,word_part_speech,1,0.4785853485694039
LT3bHa11,delta_volume,0,0.4958621986771575
LT3bHa11,delta_volume,1,0.49584130069067844
LT3bHa11,face_num,0,0.5555024398399214
LT3bHa11,face_num,1,0.5073142952676509
LT3bHa11,frame_brightness,0,0.499749224162252
LT3bHa11,frame_brightness,1,0.5110132388744344
LT3bHa11,global_flow,0,0.5190197799442025
LT3bHa11,global_flow,1,0.5037825355526995
LT3bHa11,gpt2_surprisal,0,0.5097645841823141
LT3bHa11,gpt2_surprisal,1,0.4914161520537496
LT3bHa11,local_flow,0,0.4965466077343448
LT3bHa11,local_flow,1,0.5219219878164739
LT3bHa11,onset,0,0.4809452979924428
LT3bHa11,onset,1,0.5276651176541237
LT3bHa11,pitch,0,0.5111072798135899
LT3bHa11,pitch,1,0.5165146338150319
LT3bHa11,speech,0,0.5262583200108669
LT3bHa11,speech,1,0.49687575102138903
LT3bHa11,volume,0,0.4915990094354409
LT3bHa11,volume,1,0.46664158908289183
LT3bHa11,word_gap,0,0.4967087346913368
LT3bHa11,word_gap,1,0.49417998474969266
LT3bHa11,word_head_pos,0,0.4874298611328799
LT3bHa11,word_head_pos,1,0.5186619019257495
LT3bHa11,word_index,0,0.522697431767651
LT3bHa11,word_index,1,0.5306804852856217
LT3bHa11,word_length,0,0.4756277232688631
LT3bHa11,word_length,1,0.5074187852000459
LT3bHa11,word_part_speech,0,0.5425635574453007
LT3bHa11,word_part_speech,1,0.4712330587297369
LT1bIb10,delta_volume,0,0.5652226158009676
LT1bIb10,delta_volume,1,0.5155063059674201
LT1bIb10,face_num,0,0.5596062819347356
LT1bIb10,face_num,1,0.5108094835062642
LT1bIb10,frame_brightness,0,0.5133015683938853
LT1bIb10,frame_brightness,1,0.5166138992508071
LT1bIb10,global_flow,0,0.5092578080101983
LT1bIb10,global_flow,1,0.4931506849315068
LT1bIb10,gpt2_surprisal,0,0.5509179440560903
LT1bIb10,gpt2_surprisal,1,0.5035944536743885
LT1bIb10,local_flow,0,0.48312487591820524
LT1bIb10,local_flow,1,0.4879993312644327
LT1bIb10,onset,0,0.5687586034866641
LT1bIb10,onset,1,0.5447011760793045
LT1bIb10,pitch,0,0.5170161854905281
LT1bIb10,pitch,1,0.5024711869011421
LT1bIb10,speech,0,0.49456652351545927
LT1bIb10,speech,1,0.5005642456349331
LT1bIb10,volume,0,0.4980826097405515
LT1bIb10,volume,1,0.4799170349936784
LT1bIb10,word_gap,0,0.4771167582203825
LT1bIb10,word_gap,1,0.4846641042000591
LT1bIb10,word_head_pos,0,0.47014200181812477
LT1bIb10,word_head_pos,1,0.513118711012194
LT1bIb10,word_index,0,0.5452110432240332
LT1bIb10,word_index,1,0.5465240454473836
LT1bIb10,word_length,0,0.4591496609301694
LT1bIb10,word_length,1,0.4709517987941862
LT1bIb10,word_part_speech,0,0.5400389759943308
LT1bIb10,word_part_speech,1,0.4925369829037116
LT3cHb9,delta_volume,0,0.529946814624411
LT3cHb9,delta_volume,1,0.5250253388086057
LT3cHb9,face_num,0,0.5221570901643626
LT3cHb9,face_num,1,0.47847507392662714
LT3cHb9,frame_brightness,0,0.4948695443194049
LT3cHb9,frame_brightness,1,0.4578226387887527
LT3cHb9,global_flow,0,0.5489692068169232
LT3cHb9,global_flow,1,0.5065619677544069
LT3cHb9,gpt2_surprisal,0,0.5202710468846327
LT3cHb9,gpt2_surprisal,1,0.5123507100090906
LT3cHb9,local_flow,0,0.4874873305956971
LT3cHb9,local_flow,1,0.49692799598758663
LT3cHb9,onset,0,0.5106752524459308
LT3cHb9,onset,1,0.5230642732421171
LT3cHb9,pitch,0,0.49279019466474405
LT3cHb9,pitch,1,0.5040019644107291
LT3cHb9,speech,0,0.5333375129306291
LT3cHb9,speech,1,0.49869910034168213
LT3cHb9,volume,0,0.490089129912333
LT3cHb9,volume,1,0.4688045306834686
LT3cHb9,word_gap,0,0.5171254726817198
LT3cHb9,word_gap,1,0.4906630771385444
LT3cHb9,word_head_pos,0,0.47481792629280173
LT3cHb9,word_head_pos,1,0.5232490099578906
LT3cHb9,word_index,0,0.5278969205721188
LT3cHb9,word_index,1,0.518250730904571
LT3cHb9,word_length,0,0.47935540160705514
LT3cHb9,word_length,1,0.5084375620408973
LT3cHb9,word_part_speech,0,0.5277039596066968
LT3cHb9,word_part_speech,1,0.523407742049783
LT3d2,delta_volume,0,0.626135021890641
LT3d2,delta_volume,1,0.6352151970157676
LT3d2,face_num,0,0.5127947922217695
LT3d2,face_num,1,0.5065149472848292
LT3d2,frame_brightness,0,0.4986259573890056
LT3d2,frame_brightness,1,0.5117760153809181
LT3d2,global_flow,0,0.5116401784688045
LT3d2,global_flow,1,0.48250838531707474
LT3d2,gpt2_surprisal,0,0.5656980449933648
LT3d2,gpt2_surprisal,1,0.5077897244600482
LT3d2,local_flow,0,0.48110822022298155
LT3d2,local_flow,1,0.48636928831907056
LT3d2,onset,0,0.5831062166831422
LT3d2,onset,1,0.5577553792001183
LT3d2,pitch,0,0.5017763288507153
LT3d2,pitch,1,0.522465335464928
LT3d2,speech,0,0.5609280795795325
LT3d2,speech,1,0.5549617044397772
LT3d2,volume,0,0.48589385912667316
LT3d2,volume,1,0.49994253053718274
LT3d2,word_gap,0,0.4819097119559297
LT3d2,word_gap,1,0.5103951074524206
LT3d2,word_head_pos,0,0.5493244725870662
LT3d2,word_head_pos,1,0.5385933565300984
LT3d2,word_index,0,0.558726212776387
LT3d2,word_index,1,0.532448661613067
LT3d2,word_length,0,0.5143934881874132
LT3d2,word_length,1,0.5412630743027909
LT3d2,word_part_speech,0,0.5152360705111171
LT3d2,word_part_speech,1,0.5216139604925148
RT1aIa6,delta_volume,0,0.6749004733393937
RT1aIa6,delta_volume,1,0.6693102619562605
RT1aIa6,face_num,0,0.4812754041148135
RT1aIa6,face_num,1,0.5004127352329603
RT1aIa6,frame_brightness,0,0.5068806620482116
RT1aIa6,frame_brightness,1,0.5220996207015454
RT1aIa6,global_flow,0,0.4975026906157592
RT1aIa6,global_flow,1,0.5195866378274453
RT1aIa6,gpt2_surprisal,0,0.5622446527277096
RT1aIa6,gpt2_surprisal,1,0.5365296803652969
RT1aIa6,local_flow,0,0.48146871048974427
RT1aIa6,local_flow,1,0.4957002392819451
RT1aIa6,onset,0,0.6175109246958177
RT1aIa6,onset,1,0.6043643351410279
RT1aIa6,pitch,0,0.5336718807142932
RT1aIa6,pitch,1,0.5181812482367324
RT1aIa6,speech,0,0.6062244652727711
RT1aIa6,speech,1,0.5617222030657345
RT1aIa6,volume,0,0.5542720708859701
RT1aIa6,volume,1,0.519654556283502
RT1aIa6,word_gap,0,0.5332161030796284
RT1aIa6,word_gap,1,0.5179580149701997
RT1aIa6,word_head_pos,0,0.5440634044909772
RT1aIa6,word_head_pos,1,0.540693604171238
RT1aIa6,word_index,0,0.6010749111535162
RT1aIa6,word_index,1,0.5584636123317169
RT1aIa6,word_length,0,0.5444395682475993
RT1aIa6,word_length,1,0.5430341786568864
RT1aIa6,word_part_speech,0,0.5012844361768094
RT1aIa6,word_part_speech,1,0.5048055629373727
RT3aHa13,delta_volume,0,0.524706644514801
RT3aHa13,delta_volume,1,0.5477571236011411
RT3aHa13,face_num,0,0.5185678609865939
RT3aHa13,face_num,1,0.4998380406047877
RT3aHa13,frame_brightness,0,0.49436276814728897
RT3aHa13,frame_brightness,1,0.5103027073341484
RT3aHa13,global_flow,0,0.4970272614233619
RT3aHa13,global_flow,1,0.5135366707417739
RT3aHa13,gpt2_surprisal,0,0.529591548854268
RT3aHa13,gpt2_surprisal,1,0.4980617117540725
RT3aHa13,local_flow,0,0.48346446819848904
RT3aHa13,local_flow,1,0.48117091418241853
RT3aHa13,onset,0,0.49798135641762364
RT3aHa13,onset,1,0.5203481120832216
RT3aHa13,pitch,0,0.4900525584359947
RT3aHa13,pitch,1,0.5152241831499536
RT3aHa13,speech,0,0.5003448167769036
RT3aHa13,speech,1,0.500376163756622
RT3aHa13,volume,0,0.4712130236251737
RT3aHa13,volume,1,0.4767039695725317
RT3aHa13,word_gap,0,0.47955213893341225
RT3aHa13,word_gap,1,0.49533931933832337
RT3aHa13,word_head_pos,0,0.4928685621140403
RT3aHa13,word_head_pos,1,0.5350459233252876
RT3aHa13,word_index,0,0.5136289630783775
RT3aHa13,word_index,1,0.5342693580294463
RT3aHa13,word_length,0,0.49148407050980636
RT3aHa13,word_length,1,0.5074187852000459
RT3aHa13,word_part_speech,0,0.49342280095668345
RT3aHa13,word_part_speech,1,0.5189122154309505
RT2b1,delta_volume,0,0.6021754803924642
RT2b1,delta_volume,1,0.5769986311818855
RT2b1,face_num,0,0.5037564130696007
RT2b1,face_num,1,0.5130298945696582
RT2b1,frame_brightness,0,0.5158250002612248
RT2b1,frame_brightness,1,0.4931872564078451
RT2b1,global_flow,0,0.48622822691033724
RT2b1,global_flow,1,0.4960920765284266
RT2b1,gpt2_surprisal,0,0.5111751982696466
RT2b1,gpt2_surprisal,1,0.5101355234423164
RT2b1,local_flow,0,0.4930827664754501
RT2b1,local_flow,1,0.5086360929124478
RT2b1,onset,0,0.5350006005118207
RT2b1,onset,1,0.5174933712733621
RT2b1,pitch,0,0.5140800183902281
RT2b1,pitch,1,0.5123820569888091
RT2b1,speech,0,0.5034690657555144
RT2b1,speech,1,0.4818239762598874
RT2b1,volume,0,0.5207517005736497
RT2b1,volume,1,0.4799692799598758
RT2b1,word_gap,0,0.49556496164080854
RT2b1,word_gap,1,0.48305348500645806
RT2b1,word_head_pos,0,0.4938507674785534
RT2b1,word_head_pos,1,0.5180663093110979
RT2b1,word_index,0,0.6073598151292869
RT2b1,word_index,1,0.518408291171373
RT2b1,word_length,0,0.4934223587557339
RT2b1,word_length,1,0.5027376362287495
RT2b1,word_part_speech,0,0.5144388342634423
RT2b1,word_part_speech,1,0.511006289308176
RT1bIb7,delta_volume,0,0.6851457112107249
RT1bIb7,delta_volume,1,0.6688714042402015
RT1bIb7,face_num,0,0.4949322382788418
RT1bIb7,face_num,1,0.5242050928393049
RT1bIb7,frame_brightness,0,0.47444698703279936
RT1bIb7,frame_brightness,1,0.4974347721597024
RT1bIb7,global_flow,0,0.5156891633491113
RT1bIb7,global_flow,1,0.49892114144802147
RT1bIb7,gpt2_surprisal,0,0.5606982017282636
RT1bIb7,gpt2_surprisal,1,0.552433048075818
RT1bIb7,local_flow,0,0.5489483088304442
RT1bIb7,local_flow,1,0.5270890149734073
RT1bIb7,onset,0,0.6710396245415323
RT1bIb7,onset,1,0.6930275958278287
RT1bIb7,pitch,0,0.5209450069485806
RT1bIb7,pitch,1,0.5480758178949457
RT1bIb7,speech,0,0.5827142304838929
RT1bIb7,speech,1,0.5460382642132431
RT1bIb7,volume,0,0.5260806871257955
RT1bIb7,volume,1,0.5271099129598863
RT1bIb7,word_gap,0,0.562129440873936
RT1bIb7,word_gap,1,0.5507928603663186
RT1bIb7,word_head_pos,0,0.5169430425378515
RT1bIb7,word_head_pos,1,0.5362580065410698
RT1bIb7,word_index,0,0.7104917630993857
RT1bIb7,word_index,1,0.6623833616358258
RT1bIb7,word_length,0,0.4850004702046957
RT1bIb7,word_length,1,0.5181081052840559
RT1bIb7,word_part_speech,0,0.47572858534856943
RT1bIb7,word_part_speech,1,0.4988705819824608
RT1c1,delta_volume,0,0.57187862449453
RT1c1,delta_volume,1,0.6006656008693563
RT1c1,face_num,0,0.5052035986332717
RT1c1,face_num,1,0.5193985559491343
RT1c1,frame_brightness,0,0.4699225729600952
RT1c1,frame_brightness,1,0.494801625863348
RT1c1,global_flow,0,0.49174007084417415
RT1c1,global_flow,1,0.49990595906084445
RT1c1,gpt2_surprisal,0,0.5406152367219419
RT1c1,gpt2_surprisal,1,0.534011472994577
RT1c1,local_flow,0,0.5306207746883588
RT1c1,local_flow,1,0.5072672747980732
RT1c1,onset,0,0.5890928576047892
RT1c1,onset,1,0.6236084293382359
RT1c1,pitch,0,0.5169012465648934
RT1c1,pitch,1,0.5053655580284839
RT1c1,speech,0,0.5282540777196116
RT1c1,speech,1,0.48496389872835755
RT1c1,volume,0,0.5116349539721847
RT1c1,volume,1,0.4847078983939897
RT1c1,word_gap,0,0.48026018891707256
RT1c1,word_gap,1,0.5049174460403667
RT1c1,word_head_pos,0,0.5069799274839869
RT1c1,word_head_pos,1,0.5188656572939196
RT1c1,word_index,0,0.5847586701913482
RT1c1,word_index,1,0.5470842597293464
RT1c1,word_length,0,0.4914945195030459
RT1c1,word_length,1,0.490799661452619
RT1c1,word_part_speech,0,0.5084817078572061
RT1c1,word_part_speech,1,0.500664363539729
LT3a8,delta_volume,0,0.5700239281945185
LT3a8,delta_volume,1,0.5313365307252647
LT3a8,face_num,0,0.5288862418106015
LT3a8,face_num,1,0.496792159075473
LT3a8,frame_brightness,0,0.4922416225196702
LT3a8,frame_brightness,1,0.4929208070802379
LT3a8,global_flow,0,0.5170527569668661
LT3a8,global_flow,1,0.48194413968214167
LT3a8,gpt2_surprisal,0,0.5494498605059402
LT3a8,gpt2_surprisal,1,0.5227579072756339
LT3a8,local_flow,0,0.4878164738827414
LT3a8,local_flow,1,0.4989655496692893
LT3a8,onset,0,0.5165695069336018
LT3a8,onset,1,0.5427241063922172
LT3a8,pitch,0,0.494571748012079
LT3a8,pitch,1,0.5087510318380825
LT3a8,speech,0,0.5376895186148815
LT3a8,speech,1,0.49571068827518466
LT3a8,volume,0,0.5131448334952927
LT3a8,volume,1,0.479065442044659
LT3a8,word_gap,0,0.49813261542770887
LT3a8,word_gap,1,0.5078430152036227
LT3a8,word_head_pos,0,0.4981035077270305
LT3a8,word_head_pos,1,0.5484467571549481
LT3a8,word_index,0,0.5379632709511388
LT3a8,word_index,1,0.5704031792160501
LT3a8,word_length,0,0.5013662058660648
LT3a8,word_length,1,0.5221100696947849
LT3a8,word_part_speech,0,0.5065771990433166
LT3a8,word_part_speech,1,0.5289662503321818
LT2aA11,delta_volume,0,0.5272823213483382
LT2aA11,delta_volume,1,0.5195134948747688
LT2aA11,face_num,0,0.5031399224684702
LT2aA11,face_num,1,0.5055484154101753
LT2aA11,frame_brightness,0,0.49625403592363876
LT2aA11,frame_brightness,1,0.5005485721450739
LT2aA11,global_flow,0,0.4814948329728431
LT2aA11,global_flow,1,0.4872626772410478
LT2aA11,gpt2_surprisal,0,0.5430080561737877
LT2aA11,gpt2_surprisal,1,0.4971317513557569
LT2aA11,local_flow,0,0.49587264767039696
LT2aA11,local_flow,1,0.4953031775388441
LT2aA11,onset,0,0.4891954065465028
LT2aA11,onset,1,0.4895649522824069
LT2aA11,pitch,0,0.5130821395358557
LT2aA11,pitch,1,0.5134269563127594
LT2aA11,speech,0,0.5228676217046488
LT2aA11,speech,1,0.4845511634953973
LT2aA11,volume,0,0.4987670187977389
LT2aA11,volume,1,0.4859670020793496
LT2aA11,word_gap,0,0.500217861533434
LT2aA11,word_gap,1,0.49271720016806464
LT2aA11,word_head_pos,0,0.49128553963825583
LT2aA11,word_head_pos,1,0.5627723268863045
LT2aA11,word_index,0,0.4947567444547539
LT2aA11,word_index,1,0.538488471840479
LT2aA11,word_length,0,0.47823997157873843
LT2aA11,word_length,1,0.5193724334660356
LT2aA11,word_part_speech,0,0.5199751970945168
LT2aA11,word_part_speech,1,0.48496323855080165
LT3bHa12,delta_volume,0,0.5070452336917338
LT3bHa12,delta_volume,1,0.49525615706926646
LT3bHa12,face_num,0,0.5383007847193924
LT3bHa12,face_num,1,0.48327638632017805
LT3bHa12,frame_brightness,0,0.5002925718107061
LT3bHa12,frame_brightness,1,0.5007471030166244
LT3bHa12,global_flow,0,0.5266188102776297
LT3bHa12,global_flow,1,0.5035108617284725
LT3bHa12,gpt2_surprisal,0,0.5141740593293835
LT3bHa12,gpt2_surprisal,1,0.5063059674200391
LT3bHa12,local_flow,0,0.4946135439850371
LT3bHa12,local_flow,1,0.518588758973073
LT3bHa12,onset,0,0.5028963147051487
LT3bHa12,onset,1,0.5292079711015235
LT3bHa12,pitch,0,0.5305267337492032
LT3bHa12,pitch,1,0.5252813391429736
LT3bHa12,speech,0,0.5286145679863745
LT3bHa12,speech,1,0.5010501238205699
LT3bHa12,volume,0,0.4916982748712162
LT3bHa12,volume,1,0.455617901215218
LT3bHa12,word_gap,0,0.47597687555437984
LT3bHa12,word_gap,1,0.489114704097353
LT3bHa12,word_head_pos,0,0.48341744772891126
LT3bHa12,word_head_pos,1,0.5272666478584789
LT3bHa12,word_index,0,0.5043154006407451
LT3bHa12,word_index,1,0.5186183715271091
LT3bHa12,word_length,0,0.4672737531738817
LT3bHa12,word_length,1,0.5007157560369059
LT3bHa12,word_part_speech,0,0.5337718132695545
LT3bHa12,word_part_speech,1,0.46221986004074767
LT2b1,delta_volume,0,0.5185521874967347
LT2b1,delta_volume,1,0.5484258591684691
LT2b1,face_num,0,0.5243670522345173
LT2b1,face_num,1,0.5190119431992728
LT2b1,frame_brightness,0,0.5015203285163474
LT2b1,frame_brightness,1,0.5222041106339405
LT2b1,global_flow,0,0.5221100696947849
LT2b1,global_flow,1,0.4875500245551341
LT2b1,gpt2_surprisal,0,0.5015725734825449
LT2b1,gpt2_surprisal,1,0.5220055797623899
LT2b1,local_flow,0,0.48551247087343136
LT2b1,local_flow,1,0.5067657231225771
LT2b1,onset,0,0.4791807171035005
LT2b1,onset,1,0.5160429042599385
LT2b1,pitch,0,0.4574203525490319
LT2b1,pitch,1,0.5037564130696007
LT2b1,speech,0,0.5307722850903316
LT2b1,speech,1,0.5034272697825565
LT2b1,volume,0,0.4868865134844258
LT2b1,volume,1,0.5106005036414741
LT2b1,word_gap,0,0.5337218530679573
LT2b1,word_gap,1,0.47132786604627996
LT2b1,word_head_pos,0,0.5017867778439548
LT2b1,word_head_pos,1,0.49912750906450165
LT2b1,word_index,0,0.5389436459445738
LT2b1,word_index,1,0.5098300099788169
LT2b1,word_length,0,0.4770435618528155
LT2b1,word_length,1,0.47917515647367376
LT2b1,word_part_speech,0,0.5511781380104527
LT2b1,word_part_speech,1,0.5491186110372929
LT3cHb10,delta_volume,0,0.5272091783956615
LT3cHb10,delta_volume,1,0.5298788961683543
LT3cHb10,face_num,0,0.5008202459693009
LT3cHb10,face_num,1,0.46302101292540465
LT3cHb10,frame_brightness,0,0.47463506891111046
LT3cHb10,frame_brightness,1,0.48392944839764684
LT3cHb10,global_flow,0,0.518567860986594
LT3cHb10,global_flow,1,0.4815523024356603
LT3cHb10,gpt2_surprisal,0,0.5339435545385202
LT3cHb10,gpt2_surprisal,1,0.513515772755295
LT3cHb10,local_flow,0,0.48274348766496344
LT3cHb10,local_flow,1,0.47479702830632275
LT3cHb10,onset,0,0.505076634546983
LT3cHb10,onset,1,0.5144815735257435
LT3cHb10,pitch,0,0.5073978872135669
LT3cHb10,pitch,1,0.5234684388159201
LT3cHb10,speech,0,0.5100362580065411
LT3cHb10,speech,1,0.4807477299562187
LT3cHb10,volume,0,0.5184894935372977
LT3cHb10,volume,1,0.5024973093842409
LT3cHb10,word_gap,0,0.5196386610852617
LT3cHb10,word_gap,1,0.5093369228614556
LT3cHb10,word_head_pos,0,0.4756120497790038
LT3cHb10,word_head_pos,1,0.5248738284066331
LT3cHb10,word_index,0,0.5310656326044713
LT3cHb10,word_index,1,0.4822919766810806
LT3cHb10,word_length,0,0.4714011055034847
LT3cHb10,word_length,1,0.5119327502795106
LT3cHb10,word_part_speech,0,0.513818761626362
LT3cHb10,word_part_speech,1,0.5118478164584995
LT3d3,delta_volume,0,0.6845344451062141
LT3d3,delta_volume,1,0.6789599072129401
LT3d3,face_num,0,0.4915833359455817
LT3d3,face_num,1,0.5100519314964004
LT3d3,frame_brightness,0,0.5224235394919698
LT3d3,frame_brightness,1,0.5191477801113863
LT3d3,global_flow,0,0.5250723592781835
LT3d3,global_flow,1,0.4726236377125064
LT3d3,gpt2_surprisal,0,0.5714815627514289
LT3d3,gpt2_surprisal,1,0.5205479452054794
LT3d3,local_flow,0,0.48709549334921576
LT3d3,local_flow,1,0.4948538708295456
LT3d3,onset,0,0.6110069197439049
LT3d3,onset,1,0.5800851802921259
LT3d3,pitch,0,0.5251350532376206
LT3d3,pitch,1,0.5196232093037836
LT3d3,speech,0,0.6077029978161604
LT3d3,speech,1,0.588304441867026
LT3d3,volume,0,0.532543389444427
LT3d3,volume,1,0.5206263126547757
LT3d3,word_gap,0,0.4912466348173854
LT3d3,word_gap,1,0.538499245265402
LT3d3,word_head_pos,0,0.5562364816149964
LT3d3,word_head_pos,1,0.5528196608256795
LT3d3,word_index,0,0.6063969468321633
LT3d3,word_index,1,0.5334465433028134
LT3d3,word_length,0,0.5482638997732568
LT3d3,word_length,1,0.5577568101313438
LT3d3,word_part_speech,0,0.5529940650190451
LT3d3,word_part_speech,1,0.48996811055009304
RT1aIa7,delta_volume,0,0.6299123329467206
RT1aIa7,delta_volume,1,0.6206754229230014
RT1aIa7,face_num,0,0.48362120309708156
RT1aIa7,face_num,1,0.4875343510652749
RT1aIa7,frame_brightness,0,0.493861216471793
RT1aIa7,frame_brightness,1,0.5182909626657471
RT1aIa7,global_flow,0,0.4874768816024576
RT1aIa7,global_flow,1,0.48513108262018956
RT1aIa7,gpt2_surprisal,0,0.5481907568205804
RT1aIa7,gpt2_surprisal,1,0.5259761971934005
RT1aIa7,local_flow,0,0.4666468135795116
RT1aIa7,local_flow,1,0.4709309008077072
RT1aIa7,onset,0,0.5762234273519277
RT1aIa7,onset,1,0.5803069077336684
RT1aIa7,pitch,0,0.5169378180412317
RT1aIa7,pitch,1,0.5041430258194624
RT1aIa7,speech,0,0.5391732756548906
RT1aIa7,speech,1,0.5100101355234423
RT1aIa7,volume,0,0.5091794405609019
RT1aIa7,volume,1,0.48531394000188083
RT1aIa7,word_gap,0,0.5303761223759356
RT1aIa7,word_gap,1,0.49255380401798915
RT1aIa7,word_head_pos,0,0.5060395180924318
RT1aIa7,word_head_pos,1,0.5434782608695652
RT1aIa7,word_index,0,0.5993942683076277
RT1aIa7,word_index,1,0.5693177640447471
RT1aIa7,word_length,0,0.5010605728138094
RT1aIa7,word_length,1,0.5031817184414282
RT1aIa7,word_part_speech,0,0.4984498184072992
RT1aIa7,word_part_speech,1,0.47964833023297015
RT3aHa14,delta_volume,0,0.5471824289729683
RT3aHa14,delta_volume,1,0.5695693969886002
RT3aHa14,face_num,0,0.5074919281527226
RT3aHa14,face_num,1,0.507774050970189
RT3aHa14,frame_brightness,0,0.5003186942938048
RT3aHa14,frame_brightness,1,0.4991170600712621
RT3aHa14,global_flow,0,0.4976489765211122
RT3aHa14,global_flow,1,0.5194716989018109
RT3aHa14,gpt2_surprisal,0,0.5578090550975413
RT3aHa14,gpt2_surprisal,1,0.5165407562981307
RT3aHa14,local_flow,0,0.4996656322163359
RT3aHa14,local_flow,1,0.4820277316280576
RT3aHa14,onset,0,0.5298084829223677
RT3aHa14,onset,1,0.5156733585240343
RT3aHa14,pitch,0,0.4883232500548572
RT3aHa14,pitch,1,0.4914213765503694
RT3aHa14,speech,0,0.4932603993605216
RT3aHa14,speech,1,0.5029936365631171
RT3aHa14,volume,0,0.4880568007272499
RT3aHa14,volume,1,0.4690971024941747
RT3aHa14,word_gap,0,0.4951370193429919
RT3aHa14,word_gap,1,0.5008792269027871
RT3aHa14,word_head_pos,0,0.48124928163171476
RT3aHa14,word_head_pos,1,0.5329143287044293
RT3aHa14,word_index,0,0.5003939006670051
RT3aHa14,word_index,1,0.5247807286287005
RT3aHa14,word_length,0,0.49397615539742745
RT3aHa14,word_length,1,0.4860558185218854
RT3aHa14,word_part_speech,0,0.49791832757551596
RT3aHa14,word_part_speech,1,0.49935778191159536
RT2b2,delta_volume,0,0.5480653689017063
RT2b2,delta_volume,1,0.5364513129160005
RT2b2,face_num,0,0.5216921099652048
RT2b2,face_num,1,0.48985925206106395
RT2b2,frame_brightness,0,0.5063373143997576
RT2b2,frame_brightness,1,0.5121835261172586
RT2b2,global_flow,0,0.47974985110184637
RT2b2,global_flow,1,0.48247703833735617
RT2b2,gpt2_surprisal,0,0.5076800100310336
RT2b2,gpt2_surprisal,1,0.4805962195542459
RT2b2,local_flow,0,0.4994409788616867
RT2b2,local_flow,1,0.4686477957848761
RT2b2,onset,0,0.5390194103897784
RT2b2,onset,1,0.566217976552323
RT2b2,pitch,0,0.4919333772191049
RT2b2,pitch,1,0.46903963303135743
RT2b2,speech,0,0.5494968809755181
RT2b2,speech,1,0.5203494143339289
RT2b2,volume,0,0.4898070070948664
RT2b2,volume,1,0.47525678400886073
RT2b2,word_gap,0,0.5272404724482967
RT2b2,word_gap,1,0.4858856849410996
RT2b2,word_head_pos,0,0.5013531446245154
RT2b2,word_head_pos,1,0.47740405211957837
RT2b2,word_index,0,0.530330351359395
RT2b2,word_index,1,0.5113180791652807
RT2b2,word_length,0,0.4717250242939093
RT2b2,word_length,1,0.5175490841457425
RT2b2,word_part_speech,0,0.5118921073611481
RT2b2,word_part_speech,1,0.526375232527239
RT1bIb8,delta_volume,0,0.6242542031075305
RT1bIb8,delta_volume,1,0.635748095670982
RT1bIb8,face_num,0,0.49593534162983394
RT1bIb8,face_num,1,0.5302446109317368
RT1bIb8,frame_brightness,0,0.4764479692381639
RT1bIb8,frame_brightness,1,0.48521467456610556
RT1bIb8,global_flow,0,0.5065149472848292
RT1bIb8,global_flow,1,0.5002664493276073
RT1bIb8,gpt2_surprisal,0,0.5442305883828094
RT1bIb8,gpt2_surprisal,1,0.537323803851499
RT1bIb8,local_flow,0,0.532167225687805
RT1bIb8,local_flow,1,0.5259605237035412
RT1bIb8,onset,0,0.6179174250053121
RT1bIb8,onset,1,0.6387967590838961
RT1bIb8,pitch,0,0.5230008463684525
RT1bIb8,pitch,1,0.5257724418252302
RT1bIb8,speech,0,0.5493558195667847
RT1bIb8,speech,1,0.5240483579407125
RT1bIb8,volume,0,0.5380029884120665
RT1bIb8,volume,1,0.5376581716351629
RT1bIb8,word_gap,0,0.5422184528718819
RT1bIb8,word_gap,1,0.5261433840120757
RT1bIb8,word_head_pos,0,0.5030093100529764
RT1bIb8,word_head_pos,1,0.5462838155543714
RT1bIb8,word_index,0,0.6711892298804292
RT1bIb8,word_index,1,0.6370336653770068
RT1bIb8,word_length,0,0.48424814269145167
RT1bIb8,word_length,1,0.5182857381691274
RT1bIb8,word_part_speech,0,0.5019266542652139
RT1bIb8,word_part_speech,1,0.5147267251306582
RT1c2,delta_volume,0,0.6285330658391064
RT1c2,delta_volume,1,0.635267441981965
RT1c2,face_num,0,0.4837204685328569
RT1c2,face_num,1,0.5010762463036686
RT1c2,frame_brightness,0,0.49103476380050787
RT1c2,frame_brightness,1,0.5183379831353249
RT1c2,global_flow,0,0.5181655747468732
RT1c2,global_flow,1,0.5124238529617671
RT1c2,gpt2_surprisal,0,0.5137978955727616
RT1c2,gpt2_surprisal,1,0.5331598800455577
RT1c2,local_flow,0,0.4909825188343103
RT1c2,local_flow,1,0.5165303073048911
RT1c2,onset,0,0.6064707458356815
RT1c2,onset,1,0.6080967470736597
RT1c2,pitch,0,0.528896690803841
RT1c2,pitch,1,0.5024711869011421
RT1c2,speech,0,0.530427468313428
RT1c2,speech,1,0.5031033509921319
RT1c2,volume,0,0.5286511394627127
RT1c2,volume,1,0.5038504540087563
RT1c2,word_gap,0,0.5023108884082103
RT1c2,word_gap,1,0.5403199452233859
RT1c2,word_head_pos,0,0.5037459640763613
RT1c2,word_head_pos,1,0.5327366958193578
RT1c2,word_index,0,0.6202797570070552
RT1c2,word_index,1,0.6087253374415714
RT1c2,word_length,0,0.5054804969541186
RT1c2,word_length,1,0.5054439254777802
RT1c2,word_part_speech,0,0.4872442200372044
RT1c2,word_part_speech,1,0.48060058463991506
LT3a9,delta_volume,0,0.5636709403049016
LT3a9,delta_volume,1,0.5577620346279636
LT3a9,face_num,0,0.5301819169722997
LT3a9,face_num,1,0.4885217809264078
LT3a9,frame_brightness,0,0.5082808271423048
LT3a9,frame_brightness,1,0.5065358452713081
LT3a9,global_flow,0,0.5080770717741345
LT3a9,global_flow,1,0.48212177256721317
LT3a9,gpt2_surprisal,0,0.5345548206430311
LT3a9,gpt2_surprisal,1,0.5561633386623199
LT3a9,local_flow,0,0.5000052244966198
LT3a9,local_flow,1,0.48582594067061635
LT3a9,onset,0,0.5245239788989384
LT3a9,onset,1,0.5205883168115594
LT3a9,pitch,0,0.5029257181070603
LT3a9,pitch,1,0.5253649310888896
LT3a9,speech,0,0.5079046633856827
LT3a9,speech,1,0.49565844330898723
LT3a9,volume,0,0.505490945947358
LT3a9,volume,1,0.4968496285382903
LT3a9,word_gap,0,0.46546116618166544
LT3a9,word_gap,1,0.4982415461944259
LT3a9,word_head_pos,0,0.49545991243743664
LT3a9,word_head_pos,1,0.5441417719402736
LT3a9,word_index,0,0.5321860611683968
LT3a9,word_index,1,0.5461388981285341
LT3a9,word_length,0,0.5075049893942719
LT3a9,word_length,1,0.5267598716863631
LT3a9,word_part_speech,0,0.509655416777394
LT3a9,word_part_speech,1,0.5455310479227566
LT2aA12,delta_volume,0,0.5404271548436308
LT2aA12,delta_volume,1,0.5284160371148241
LT2aA12,face_num,0,0.5370991504968496
LT2aA12,face_num,1,0.4990386926219659
LT2aA12,frame_brightness,0,0.4854758993970931
LT2aA12,frame_brightness,1,0.5217548039246419
LT2aA12,global_flow,0,0.48787394334555867
LT2aA12,global_flow,1,0.4885426789128867
LT2aA12,gpt2_surprisal,0,0.4948695443194049
LT2aA12,gpt2_surprisal,1,0.526300115983825
LT2aA12,local_flow,0,0.4774667460790153
LT2aA12,local_flow,1,0.49785795638590224
LT2aA12,onset,0,0.49085836235807134
LT2aA12,onset,1,0.5229811254515386
LT2aA12,pitch,0,0.5158041022747458
LT2aA12,pitch,1,0.525041012298465
LT2aA12,speech,0,0.5295288548948308
LT2aA12,speech,1,0.48809337220358817
LT2aA12,volume,0,0.5306834686477958
LT2aA12,volume,1,0.4909563963512116
LT2aA12,word_gap,0,0.4720748198751965
LT2aA12,word_gap,1,0.48713060798929364
LT2aA12,word_head_pos,0,0.488307576564998
LT2aA12,word_head_pos,1,0.5410436454447614
LT2aA12,word_index,0,0.5208942420475833
LT2aA12,word_index,1,0.549640237390802
LT2aA12,word_length,0,0.4786004618455012
LT2aA12,word_length,1,0.5065724167476464
LT2aA12,word_part_speech,0,0.5168748339091152
LT2aA12,word_part_speech,1,0.5070643989724511
LT3bHa14,delta_volume,0,0.5495177789619972
LT3bHa14,delta_volume,1,0.5254328495449464
LT3bHa14,face_num,0,0.5561267671859818
LT3bHa14,face_num,1,0.5030563305225542
LT3bHa14,frame_brightness,0,0.4799327084835376
LT3bHa14,frame_brightness,1,0.4720411063394042
LT3bHa14,global_flow,0,0.4878530453590796
LT3bHa14,global_flow,1,0.4873149222072453
LT3bHa14,gpt2_surprisal,0,0.517684921057856
LT3bHa14,gpt2_surprisal,1,0.5113423821614788
LT3bHa14,local_flow,0,0.49165125440163837
LT3bHa14,local_flow,1,0.5148323459034722
LT3bHa14,onset,0,0.5148788351918405
LT3bHa14,onset,1,0.5304089947432119
LT3bHa14,pitch,0,0.4970899553827988
LT3bHa14,pitch,1,0.4942687272081335
LT3bHa14,speech,0,0.5261015851122745
LT3bHa14,speech,1,0.48530349100864134
LT3bHa14,volume,0,0.500250775837748
LT3bHa14,volume,1,0.4463757666948789
LT3bHa14,word_gap,0,0.46602916232240393
LT3bHa14,word_gap,1,0.4625278162493581
LT3bHa14,word_head_pos,0,0.4865364722109025
LT3bHa14,word_head_pos,1,0.524372276731137
LT3bHa14,word_index,0,0.5532991369198719
LT3bHa14,word_index,1,0.5536142574534759
LT3bHa14,word_length,0,0.49066904903712527
LT3bHa14,word_length,1,0.4884825972017597
LT3bHa14,word_part_speech,0,0.5407033395340597
LT3bHa14,word_part_speech,1,0.47521923996811055
LT2b2,delta_volume,0,0.5044930670929856
LT2b2,delta_volume,1,0.5021263701242386
LT2b2,face_num,0,0.49922677450027697
LT2b2,face_num,1,0.4759046215897098
LT2b2,frame_brightness,0,0.4803767906962164
LT2b2,frame_brightness,1,0.48030364774353984
LT2b2,global_flow,0,0.526780769672842
LT2b2,global_flow,1,0.4786318088252197
LT2b2,gpt2_surprisal,0,0.47988046351734004
LT2b2,gpt2_surprisal,1,0.5111229533034493
LT2b2,local_flow,0,0.5058357627242616
LT2b2,local_flow,1,0.5204434552730844
LT2b2,onset,0,0.47605805563511044
LT2b2,onset,1,0.465516763518445
LT2b2,pitch,0,0.4443930702276836
LT2b2,pitch,1,0.4694993887338955
LT2b2,speech,0,0.4987252228247808
LT2b2,speech,1,0.5046445774949584
LT2b2,volume,0,0.4837100195396174
LT2b2,volume,1,0.4795983406998736
LT2b2,word_gap,0,0.5249684878853426
LT2b2,word_gap,1,0.5027310499369757
LT2b2,word_head_pos,0,0.4775451135283115
LT2b2,word_head_pos,1,0.5000888164425358
LT2b2,word_index,0,0.5130337354037919
LT2b2,word_index,1,0.5063111640202378
LT2b2,word_length,0,0.49108700876670536
LT2b2,word_length,1,0.4890128836086643
LT2b2,word_part_speech,0,0.5149924705465498
LT2b2,word_part_speech,1,0.5254672690229427
LT3cHb11,delta_volume,0,0.5437290367073133
LT3cHb11,delta_volume,1,0.5306939176410354
LT3cHb11,face_num,0,0.4967921590754731
LT3cHb11,face_num,1,0.47364763904997753
LT3cHb11,frame_brightness,0,0.486985778920201
LT3cHb11,frame_brightness,1,0.4858520631537151
LT3cHb11,global_flow,0,0.5183327586387052
LT3cHb11,global_flow,1,0.48595655308611013
LT3cHb11,gpt2_surprisal,0,0.5426789128867434
LT3cHb11,gpt2_surprisal,1,0.500459755702538
LT3cHb11,local_flow,0,0.49180798930023095
LT3cHb11,local_flow,1,0.4938298694920744
LT3cHb11,onset,0,0.5252261157971564
LT3cHb11,onset,1,0.5187867813490267
LT3cHb11,pitch,0,0.5128574861812065
LT3cHb11,pitch,1,0.5153913670417856
LT3cHb11,speech,0,0.5020584516681817
LT3cHb11,speech,1,0.48823965810894115
LT3cHb11,volume,0,0.4893263534058494
LT3cHb11,volume,1,0.49047051816557474
LT3cHb11,word_gap,0,0.5108697343645445
LT3cHb11,word_gap,1,0.4954949347193477
LT3cHb11,word_head_pos,0,0.49547036143067613
LT3cHb11,word_head_pos,1,0.534011472994577
LT3cHb11,word_index,0,0.5437930008228147
LT3cHb11,word_index,1,0.5095323961415241
LT3cHb11,word_length,0,0.4824927118272154
LT3cHb11,word_length,1,0.5188238613209617
LT3cHb11,word_part_speech,0,0.5224997785454868
LT3cHb11,word_part_speech,1,0.49056603773584906
LT3d4,delta_volume,0,0.6703551612802106
LT3d4,delta_volume,1,0.6580149002643595
LT3d4,face_num,0,0.5119954442389476
LT3d4,face_num,1,0.5123402610158511
LT3d4,frame_brightness,0,0.4960032600858907
LT3d4,frame_brightness,1,0.4960032600858907
LT3d4,global_flow,0,0.5169012465648934
LT3d4,global_flow,1,0.4967294651160361
LT3d4,gpt2_surprisal,0,0.5757447519931455
LT3d4,gpt2_surprisal,1,0.5250410122984651
LT3d4,local_flow,0,0.47612405044773937
LT3d4,local_flow,1,0.51131625967838
LT3d4,onset,0,0.592501917018505
LT3d4,onset,1,0.563141508300921
LT3d4,pitch,0,0.47074281892939623
LT3d4,pitch,1,0.5245917055891665
LT3d4,speech,0,0.5923691002371921
LT3d4,speech,1,0.5544758262541405
LT3d4,volume,0,0.5267598716863631
LT3d4,volume,1,0.49127509064501634
LT3d4,word_gap,0,0.4891458271735578
LT3d4,word_gap,1,0.494335600130717
LT3d4,word_head_pos,0,0.5444029967712611
LT3d4,word_head_pos,1,0.5440581799943575
LT3d4,word_index,0,0.5664641725459988
LT3d4,word_index,1,0.5250783424659933
LT3d4,word_length,0,0.5267964431627012
LT3d4,word_length,1,0.5410749924244799
LT3d4,word_part_speech,0,0.5575560279918504
LT3d4,word_part_speech,1,0.527128177872265
RT1aIa8,delta_volume,0,0.622127832983292
RT1aIa8,delta_volume,1,0.609495000156735
RT1aIa8,face_num,0,0.49227819399600853
RT1aIa8,face_num,1,0.4991902030239387
RT1aIa8,frame_brightness,0,0.5029988610597369
RT1aIa8,frame_brightness,1,0.5268382391356593
RT1aIa8,global_flow,0,0.471751146777008
RT1aIa8,global_flow,1,0.48843818898049174
RT1aIa8,gpt2_surprisal,0,0.5533055390113163
RT1aIa8,gpt2_surprisal,1,0.5280764448345402
RT1aIa8,local_flow,0,0.4789139316426863
RT1aIa8,local_flow,1,0.47901842157508123
RT1aIa8,onset,0,0.5688787058508329
RT1aIa8,onset,1,0.5861272530741586
RT1aIa8,pitch,0,0.49075264098304133
RT1aIa8,pitch,1,0.49312978694502785
RT1aIa8,speech,0,0.5277420770508762
RT1aIa8,speech,1,0.5042266177653782
RT1aIa8,volume,0,0.5095033593513265
RT1aIa8,volume,1,0.48674545207569253
RT1aIa8,word_gap,0,0.5294190877826364
RT1aIa8,word_gap,1,0.4873795925989325
RT1aIa8,word_head_pos,0,0.486735003082453
RT1aIa8,word_head_pos,1,0.5511843933836974
RT1aIa8,word_index,0,0.5835857215384884
RT1aIa8,word_index,1,0.5619649515939847
RT1aIa8,word_length,0,0.48869418931485953
RT1aIa8,word_length,1,0.5121678526273994
RT1aIa8,word_part_speech,0,0.5113606165293649
RT1aIa8,word_part_speech,1,0.48316945699353353
RT2aA1,delta_volume,0,0.5912928539335236
RT2aA1,delta_volume,1,0.5733467080446799
RT2aA1,face_num,0,0.4653877098941517
RT2aA1,face_num,1,0.4784959719131062
RT2aA1,frame_brightness,0,0.5159033677105211
RT2aA1,frame_brightness,1,0.5049946187684817
RT2aA1,global_flow,0,0.5238184800894434
RT2aA1,global_flow,1,0.5116871989383823
RT2aA1,gpt2_surprisal,0,0.5061335590315873
RT2aA1,gpt2_surprisal,1,0.506831029330324
RT2aA1,local_flow,0,0.5062328244673626
RT2aA1,local_flow,1,0.5018076758304337
RT2aA1,onset,0,0.5606193586533753
RT2aA1,onset,1,0.5949593961622676
RT2aA1,pitch,0,0.4751104981035077
RT2aA1,pitch,1,0.5128418126913471
RT2aA1,speech,0,0.5640941245311013
RT2aA1,speech,1,0.5093518489493538
RT2aA1,volume,0,0.5132493234276878
RT2aA1,volume,1,0.5221832126474615
RT2aA1,word_gap,0,0.5047618306593423
RT2aA1,word_gap,1,0.477972642816016
RT2aA1,word_head_pos,0,0.5344242082275372
RT2aA1,word_head_pos,1,0.5453799776391546
RT2aA1,word_index,0,0.5725915162549675
RT2aA1,word_index,1,0.5624376323943908
RT2aA1,word_length,0,0.49870432483830185
RT2aA1,word_length,1,0.5149995297953042
RT2aA1,word_part_speech,0,0.483058729736912
RT2aA1,word_part_speech,1,0.48297014793161486
RT2b3,delta_volume,0,0.5502283105022832
RT2b3,delta_volume,1,0.5811364325047281
RT2b3,face_num,0,0.5106893200840099
RT2b3,face_num,1,0.5049737207820026
RT2b3,frame_brightness,0,0.4996604077197162
RT2b3,frame_brightness,1,0.4705547370510851
RT2b3,global_flow,0,0.513850140538959
RT2b3,global_flow,1,0.49908571309154365
RT2b3,gpt2_surprisal,0,0.5348473924537371
RT2b3,gpt2_surprisal,1,0.5078524184194853
RT2b3,local_flow,0,0.5195761888342059
RT2b3,local_flow,1,0.48660439066695926
RT2b3,onset,0,0.5238126033573229
RT2b3,onset,1,0.5472140870834526
RT2b3,pitch,0,0.5047438429307337
RT2b3,pitch,1,0.494091094323062
RT2b3,speech,0,0.5218227223806986
RT2b3,speech,1,0.48868374032162
RT2b3,volume,0,0.47864225781845915
RT2b3,volume,1,0.4658317921068305
RT2b3,word_gap,0,0.5069404459936819
RT2b3,word_gap,1,0.5062168344719191
RT2b3,word_head_pos,0,0.477555562521551
RT2b3,word_head_pos,1,0.46945759276093746
RT2b3,word_index,0,0.49820556362808777
RT2b3,word_index,1,0.5272141594159766
RT2b3,word_length,0,0.507105315402861
RT2b3,word_length,1,0.5015830224757845
RT2b3,word_part_speech,0,0.563690318008681
RT2b3,word_part_speech,1,0.5180263973779785
RT3bHb4,delta_volume,0,0.4997126526859137
RT3bHb4,delta_volume,1,0.5320104907892126
RT3bHb4,face_num,0,0.5209685171833695
RT3bHb4,face_num,1,0.5386351525030564
RT3bHb4,frame_brightness,0,0.49843787551069463
RT3bHb4,frame_brightness,1,0.4930357460058723
RT3bHb4,global_flow,0,0.46838134645726887
RT3bHb4,global_flow,1,0.4816149963950973
RT3bHb4,gpt2_surprisal,0,0.5236617451908508
RT3bHb4,gpt2_surprisal,1,0.5054021295048222
RT3bHb4,local_flow,0,0.5010814708002884
RT3bHb4,local_flow,1,0.48201728263481813
RT3bHb4,onset,0,0.5195535887510278
RT3bHb4,onset,1,0.5366173631064015
RT3bHb4,pitch,0,0.5200098220536451
RT3bHb4,pitch,1,0.5101982174017534
RT3bHb4,speech,0,0.49452472754250126
RT3bHb4,speech,1,0.4982811406121021
RT3bHb4,volume,0,0.5213577421815407
RT3bHb4,volume,1,0.496353301359414
RT3bHb4,word_gap,0,0.5197864956972347
RT3bHb4,word_gap,1,0.4540779010597408
RT3bHb4,word_head_pos,0,0.5071366623825795
RT3bHb4,word_head_pos,1,0.5234161938497226
RT3bHb4,word_index,0,0.48742143870030286
RT3bHb4,word_index,1,0.4771450079655468
RT3bHb4,word_length,0,0.4744574360260389
RT3bHb4,word_length,1,0.5382903357261528
RT3bHb4,word_part_speech,0,0.4997785454867571
RT3bHb4,word_part_speech,1,0.47836389405616087
RT1c3,delta_volume,0,0.5827351284703719
RT1c3,delta_volume,1,0.5923534267473329
RT1c3,face_num,0,0.4806223420373448
RT1c3,face_num,1,0.5110916063237307
RT1c3,frame_brightness,0,0.5079882553315987
RT1c3,frame_brightness,1,0.4816829148511541
RT1c3,global_flow,0,0.49068994702360424
RT1c3,global_flow,1,0.4759072338380197
RT1c3,gpt2_surprisal,0,0.5177423905206734
RT1c3,gpt2_surprisal,1,0.5452127937473225
RT1c3,local_flow,0,0.5357094343959959
RT1c3,local_flow,1,0.525897829744104
RT1c3,onset,0,0.5690911946489777
RT1c3,onset,1,0.591384041167395
RT1c3,pitch,0,0.5196545562835021
RT1c3,pitch,1,0.5210285988944965
RT1c3,speech,0,0.5582165658338819
RT1c3,speech,1,0.5204121082933659
RT1c3,volume,0,0.5435305058357627
RT1c3,volume,1,0.5238602760624014
RT1c3,word_gap,0,0.5327570377056069
RT1c3,word_gap,1,0.5162773688551376
RT1c3,word_head_pos,0,0.5243461542480382
RT1c3,word_head_pos,1,0.5193881069558948
RT1c3,word_index,0,0.58608917911101
RT1c3,word_index,1,0.5981337861732112
RT1c3,word_length,0,0.5167967566324985
RT1c3,word_length,1,0.5126328328265571
RT1c3,word_part_speech,0,0.4712330587297369
RT1c3,word_part_speech,1,0.5038533085304279
LT3a10,delta_volume,0,0.5680333949823935
LT3a10,delta_volume,1,0.5574694628172576
LT3a10,face_num,0,0.5225541519074637
LT3a10,face_num,1,0.49305664399235133
LT3a10,frame_brightness,0,0.5070008254704659
LT3a10,frame_brightness,1,0.5057887422546838
LT3a10,global_flow,0,0.5109348714251383
LT3a10,global_flow,1,0.4748257630377313
LT3a10,gpt2_surprisal,0,0.5568059517465492
LT3a10,gpt2_surprisal,1,0.5556461134969646
LT3a10,local_flow,0,0.48640847204371856
LT3a10,local_flow,1,0.48597745107258916
LT3a10,onset,0,0.5216230448720909
LT3a10,onset,1,0.527212424127641
LT3a10,pitch,0,0.49772734397040846
LT3a10,pitch,1,0.5169430425378515
LT3a10,speech,0,0.5137717730896628
LT3a10,speech,1,0.5048483328631286
LT3a10,volume,0,0.5162638579772839
LT3a10,volume,1,0.5035369842115712
LT3a10,word_gap,0,0.4618042047275953
LT3a10,word_gap,1,0.4828978696254338
LT3a10,word_head_pos,0,0.5043729036707313
LT3a10,word_head_pos,1,0.5372820078785407
LT3a10,word_index,0,0.5586211725985188
LT3a10,word_index,1,0.5460163512543548
LT3a10,word_length,0,0.5162325109975654
LT3a10,word_length,1,0.5480444709152273
LT3a10,word_part_speech,0,0.507285853485694
LT3a10,word_part_speech,1,0.5335946496589601
LT2aA13,delta_volume,0,0.4997805711419705
LT2aA13,delta_volume,1,0.4883023520683782
LT2aA13,face_num,0,0.5481698588341014
LT2aA13,face_num,1,0.5059820486296145
LT2aA13,frame_brightness,0,0.5051304556805951
LT2aA13,frame_brightness,1,0.49101386581402884
LT2aA13,global_flow,0,0.5159660616699581
LT2aA13,global_flow,1,0.5032862083738232
LT2aA13,gpt2_surprisal,0,0.5011023687867674
LT2aA13,gpt2_surprisal,1,0.5077479284870903
LT2aA13,local_flow,0,0.47528813098857925
LT2aA13,local_flow,1,0.5011859607326834
LT2aA13,onset,0,0.4802985929546105
LT2aA13,onset,1,0.5056771463678273
LT2aA13,pitch,0,0.5227108868060563
LT2aA13,pitch,1,0.5121835261172586
LT2aA13,speech,0,0.5278517914798909
LT2aA13,speech,1,0.5252656656531143
LT2aA13,volume,0,0.5287373436569387
LT2aA13,volume,1,0.4994879993312644
LT2aA13,word_gap,0,0.4888268156424581
LT2aA13,word_gap,1,0.49389987706384897
LT2aA13,word_head_pos,0,0.4478699727281277
LT2aA13,word_head_pos,1,0.5035787801845292
LT2aA13,word_index,0,0.5306979919819331
LT2aA13,word_index,1,0.5041928537665656
LT2aA13,word_length,0,0.4744260890463204
LT2aA13,word_length,1,0.5321306542114668
LT2aA13,word_part_speech,0,0.5443351935512445
LT2aA13,word_part_speech,1,0.4649880414562849
LT1bIb1,delta_volume,0,0.5990303334273742
LT1bIb1,delta_volume,1,0.5942864904966407
LT1bIb1,face_num,0,0.5306103256951192
LT1bIb1,face_num,1,0.4995715912771804
LT1bIb1,frame_brightness,0,0.4973564047104061
LT1bIb1,frame_brightness,1,0.5083069496254036
LT1bIb1,global_flow,0,0.5062484979572218
LT1bIb1,global_flow,1,0.49663542417688056
LT1bIb1,gpt2_surprisal,0,0.5338965340689424
LT1bIb1,gpt2_surprisal,1,0.5191477801113862
LT1bIb1,local_flow,0,0.5194351274254726
LT1bIb1,local_flow,1,0.496123423508145
LT1bIb1,onset,0,0.5831062166831422
LT1bIb1,onset,1,0.5921878031429865
LT1bIb1,pitch,0,0.503667596627065
LT1bIb1,pitch,1,0.4873776161666823
LT1bIb1,speech,0,0.5375014367365705
LT1bIb1,speech,1,0.49472325841405185
LT1bIb1,volume,0,0.5037355150831218
LT1bIb1,volume,1,0.4857318997314609
LT1bIb1,word_gap,0,0.4897605079286036
LT1bIb1,word_gap,1,0.5076640575154449
LT1bIb1,word_head_pos,0,0.5137195281234652
LT1bIb1,word_head_pos,1,0.5396225823641893
LT1bIb1,word_index,0,0.54163967717652
LT1bIb1,word_index,1,0.5811697974475236
LT1bIb1,word_length,0,0.4942635027115138
LT1bIb1,word_length,1,0.503939270451292
LT1bIb1,word_part_speech,0,0.5539684648773142
LT1bIb1,word_part_speech,1,0.5248693418371866
LT2b3,delta_volume,0,0.556643992351337
LT2b3,delta_volume,1,0.5464196524664848
LT2b3,face_num,0,0.4976071805481541
LT2b3,face_num,1,0.49352162419150924
LT2b3,frame_brightness,0,0.4828558143422882
LT2b3,frame_brightness,1,0.48076340344607793
LT2b3,global_flow,0,0.5128574861812064
LT2b3,global_flow,1,0.47833923701451364
LT2b3,gpt2_surprisal,0,0.4978945278622404
LT2b3,gpt2_surprisal,1,0.4852773685255426
LT2b3,local_flow,0,0.5011546137529649
LT2b3,local_flow,1,0.5230348055964807
LT2b3,onset,0,0.5168651435223253
LT2b3,onset,1,0.5064347151264308
LT2b3,pitch,0,0.4774980930587338
LT2b3,pitch,1,0.5017293083811375
LT2b3,speech,0,0.5007471030166244
LT2b3,speech,1,0.4858834101334337
LT2b3,volume,0,0.4882396581089412
LT2b3,volume,1,0.4805648725745274
LT2b3,word_gap,0,0.4753271813386036
LT2b3,word_gap,1,0.48835218873033415
LT2b3,word_head_pos,0,0.476865928967744
LT2b3,word_head_pos,1,0.5149943052986845
LT2b3,word_index,0,0.5010241417342134
LT2b3,word_index,1,0.4931111150014881
LT2b3,word_length,0,0.4610095817268006
LT2b3,word_length,1,0.46981285853108057
LT2b3,word_part_speech,0,0.5147267251306582
LT2b3,word_part_speech,1,0.5259766144034016
LT3cHb12,delta_volume,0,0.5404167058503913
LT3cHb12,delta_volume,1,0.5431177706028024
LT3cHb12,face_num,0,0.51718336938236
LT3cHb12,face_num,1,0.5009926543577525
LT3cHb12,frame_brightness,0,0.4880202292509117
LT3cHb12,frame_brightness,1,0.48360552960722236
LT3cHb12,global_flow,0,0.5193045150099788
LT3cHb12,global_flow,1,0.49951934631098294
LT3cHb12,gpt2_surprisal,0,0.5365714763382547
LT3cHb12,gpt2_surprisal,1,0.5022151865667743
LT3cHb12,local_flow,0,0.4667930994848646
LT3cHb12,local_flow,1,0.4927222762086873
LT3cHb12,onset,0,0.5300024944337174
LT3cHb12,onset,1,0.5204774530907881
LT3cHb12,pitch,0,0.5091324200913242
LT3cHb12,pitch,1,0.5192470455471616
LT3cHb12,speech,0,0.49556962686645134
LT3cHb12,speech,1,0.47997450445649564
LT3cHb12,volume,0,0.49874612081125985
LT3cHb12,volume,1,0.48411230577933817
LT3cHb12,word_gap,0,0.5105740651405984
LT3cHb12,word_gap,1,0.48758967336331527
LT3cHb12,word_head_pos,0,0.49141092755712984
LT3cHb12,word_head_pos,1,0.523280356937609
LT3cHb12,word_index,0,0.5405717687015283
LT3cHb12,word_index,1,0.5180931706377689
LT3cHb12,word_length,0,0.4587264767039696
LT3cHb12,word_length,1,0.5156107958998151
LT3cHb12,word_part_speech,0,0.5005093453804589
LT3cHb12,word_part_speech,1,0.5048719992913456
LT3d5,delta_volume,0,0.6397082641087531
LT3d5,delta_volume,1,0.6292906178489703
LT3d5,face_num,0,0.5048535573597484
LT3d5,face_num,1,0.47423278267138963
LT3d5,frame_brightness,0,0.4845825104751157
LT3d5,frame_brightness,1,0.5087249093549837
LT3d5,global_flow,0,0.5221309676812639
LT3d5,global_flow,1,0.5041848217924203
LT3d5,gpt2_surprisal,0,0.5534100289437112
LT3d5,gpt2_surprisal,1,0.510793810016405
LT3d5,local_flow,0,0.479086340031138
LT3d5,local_flow,1,0.5088450727772379
LT3d5,onset,0,0.5667907724429745
LT3d5,onset,1,0.5384188985689342
LT3d5,pitch,0,0.49991640805408405
LT3d5,pitch,1,0.510224339884852
LT3d5,speech,0,0.5878499106611077
LT3d5,speech,1,0.5385881320334787
LT3d5,volume,0,0.5193985559491343
LT3d5,volume,1,0.5199105566178699
LT3d5,word_gap,0,0.5011282115124259
LT3d5,word_gap,1,0.5095781267020432
LT3d5,word_head_pos,0,0.5327262468261184
LT3d5,word_head_pos,1,0.5208666394992842
LT3d5,word_index,0,0.5623150855202115
LT3d5,word_index,1,0.5615622975788239
LT3d5,word_length,0,0.5445492826766141
LT3d5,word_length,1,0.5295445283846902
LT3d5,word_part_speech,0,0.5464833023297015
LT3d5,word_part_speech,1,0.550912392594561
RT3aHa4,delta_volume,0,0.51362026268769
RT3aHa4,delta_volume,1,0.5030197590462159
RT3aHa4,face_num,0,0.5417750749715264
RT3aHa4,face_num,1,0.5102034418983731
RT3aHa4,frame_brightness,0,0.49387166546503247
RT3aHa4,frame_brightness,1,0.5104489932395013
RT3aHa4,global_flow,0,0.5179827173651819
RT3aHa4,global_flow,1,0.5226063968736613
RT3aHa4,gpt2_surprisal,0,0.4699121239668558
RT3aHa4,gpt2_surprisal,1,0.5117185459181007
RT3aHa4,local_flow,0,0.5388284588779871
RT3aHa4,local_flow,1,0.5286563639593326
RT3aHa4,onset,0,0.4459400781589231
RT3aHa4,onset,1,0.48960190685599725
RT3aHa4,pitch,0,0.5055327419203159
RT3aHa4,pitch,1,0.4966093016937818
RT3aHa4,speech,0,0.4849638987283575
RT3aHa4,speech,1,0.4718033917432055
RT3aHa4,volume,0,0.5061910284944046
RT3aHa4,volume,1,0.5072568258048337
RT3aHa4,word_gap,0,0.5216305379623722
RT3aHa4,word_gap,1,0.4856289195624095
RT3aHa4,word_head_pos,0,0.49734595571716667
RT3aHa4,word_head_pos,1,0.5098429516316103
RT3aHa4,word_index,0,0.5035801193956688
RT3aHa4,word_index,1,0.4801036396421632
RT3aHa4,word_length,0,0.4520652435137874
RT3aHa4,word_length,1,0.4931715829179858
RT3aHa4,word_part_speech,0,0.48250509345380455
RT3aHa4,word_part_speech,1,0.4815085481442112
RT2aA2,delta_volume,0,0.58633480664138
RT2aA2,delta_volume,1,0.5732631160987639
RT2aA2,face_num,0,0.48809337220358817
RT2aA2,face_num,1,0.4890912510579606
RT2aA2,frame_brightness,0,0.5275435461793256
RT2aA2,frame_brightness,1,0.5152503056330522
RT2aA2,global_flow,0,0.5325904099140047
RT2aA2,global_flow,1,0.5089182157299145
RT2aA2,gpt2_surprisal,0,0.5193358619896973
RT2aA2,gpt2_surprisal,1,0.49916930503745965
RT2aA2,local_flow,0,0.5066507841969426
RT2aA2,local_flow,1,0.5064365798355328
RT2aA2,onset,0,0.5720198446060181
RT2aA2,onset,1,0.5945713731395681
RT2aA2,pitch,0,0.48794708629823513
RT2aA2,pitch,1,0.5007000825470466
RT2aA2,speech,0,0.5401763790058828
RT2aA2,speech,1,0.4951882386132096
RT2aA2,volume,0,0.5251141552511416
RT2aA2,volume,1,0.5329613491740071
RT2aA2,word_gap,0,0.5049563498856227
RT2aA2,word_gap,1,0.49296618477770343
RT2aA2,word_head_pos,0,0.5280450978548217
RT2aA2,word_head_pos,1,0.5274651787300293
RT2aA2,word_index,0,0.576075348820924
RT2aA2,word_index,1,0.5565028623448469
RT2aA2,word_length,0,0.5214622321139358
RT2aA2,word_length,1,0.540505522292927
RT2aA2,word_part_speech,0,0.5306493046328283
RT2aA2,word_part_speech,1,0.5252458145096996
RT2b4,delta_volume,0,0.5248633794133936
RT2b4,delta_volume,1,0.5365087823788177
RT2b4,face_num,0,0.5059245791667972
RT2b4,face_num,1,0.4891539450173975
RT2b4,frame_brightness,0,0.49776391544674675
RT2b4,frame_brightness,1,0.5104307075013322
RT2b4,global_flow,0,0.4953867694847601
RT2b4,global_flow,1,0.5165668787812294
RT2b4,gpt2_surprisal,0,0.5222041106339403
RT2b4,gpt2_surprisal,1,0.4911026822565646
RT2b4,local_flow,0,0.4858363896638559
RT2b4,local_flow,1,0.4831196514215855
RT2b4,onset,0,0.5283949704825344
RT2b4,onset,1,0.5297345737751868
RT2b4,pitch,0,0.4751104981035077
RT2b4,pitch,1,0.4763957242719664
RT2b4,speech,0,0.5324911444782295
RT2b4,speech,1,0.5107049935738692
RT2b4,volume,0,0.48968684367261217
RT2b4,volume,1,0.49671901612279656
RT2b4,word_gap,0,0.4858934657101508
RT2b4,word_gap,1,0.49583728855760106
RT2b4,word_head_pos,0,0.5333322884340094
RT2b4,word_head_pos,1,0.49009957890557254
RT2b4,word_index,0,0.5286497085135065
RT2b4,word_index,1,0.5183382643861277
RT2b4,word_length,0,0.5144248351671317
RT2b4,word_length,1,0.48275916115482276
RT2b4,word_part_speech,0,0.520440251572327
RT2b4,word_part_speech,1,0.520440251572327
RT3bHb5,delta_volume,0,0.5387448669320711
RT3bHb5,delta_volume,1,0.554548969206817
RT3bHb5,face_num,0,0.5023823704586063
RT3bHb5,face_num,1,0.49104521279374735
RT3bHb5,frame_brightness,0,0.5087405828448429
RT3bHb5,frame_brightness,1,0.4956114228394095
RT3bHb5,global_flow,0,0.49567934129546615
RT3bHb5,global_flow,1,0.5242939092818406
RT3bHb5,gpt2_surprisal,0,0.524852930420154
RT3bHb5,gpt2_surprisal,1,0.5059036811803183
RT3bHb5,local_flow,0,0.5016091449588832
RT3bHb5,local_flow,1,0.500313469797185
RT3bHb5,onset,0,0.5742278803780453
RT3bHb5,onset,1,0.5616263707837141
RT3bHb5,pitch,0,0.5309812649551215
RT3bHb5,pitch,1,0.5543243158521677
RT3bHb5,speech,0,0.4937724000292572
RT3bHb5,speech,1,0.473198332340679
RT3bHb5,volume,0,0.5390844592123549
RT3bHb5,volume,1,0.5136777321505073
RT3bHb5,word_gap,0,0.5155770996405284
RT3bHb5,word_gap,1,0.4901417656121131
RT3bHb5,word_head_pos,0,0.5149316113392475
RT3bHb5,word_head_pos,1,0.5394083780027794
RT3bHb5,word_index,0,0.5193361460758741
RT3bHb5,word_index,1,0.5142066840566517
RT3bHb5,word_length,0,0.512408179471908
RT3bHb5,word_length,1,0.5231027240525374
RT3bHb5,word_part_speech,0,0.5036097085658605
RT3bHb5,word_part_speech,1,0.5188679245283019
RT1c4,delta_volume,0,0.5775733258100584
RT1c4,delta_volume,1,0.5813767593492367
RT1c4,face_num,0,0.4864319822785074
RT1c4,face_num,1,0.5029570650867788
RT1c4,frame_brightness,0,0.4878478208624599
RT1c4,frame_brightness,1,0.49213713258727526
RT1c4,global_flow,0,0.48966594568613314
RT1c4,global_flow,1,0.46818804008233805
RT1c4,gpt2_surprisal,0,0.5270785659801678
RT1c4,gpt2_surprisal,1,0.5581538718744449
RT1c4,local_flow,0,0.5324911444782296
RT1c4,local_flow,1,0.5024032684450853
RT1c4,onset,0,0.557690708696335
RT1c4,onset,1,0.5996156724346597
RT1c4,pitch,0,0.4988140392673166
RT1c4,pitch,1,0.5097959311620325
RT1c4,speech,0,0.5451239773047867
RT1c4,speech,1,0.5215040280868939
RT1c4,volume,0,0.5505888007690459
RT1c4,volume,1,0.5153495710688275
RT1c4,word_gap,0,0.5283842454988251
RT1c4,word_gap,1,0.5134685112276497
RT1c4,word_head_pos,0,0.5190537391722307
RT1c4,word_head_pos,1,0.5167236136798219
RT1c4,word_index,0,0.5801369023651547
RT1c4,word_index,1,0.5929167906724322
RT1c4,word_length,0,0.528165261277076
RT1c4,word_length,1,0.5201613324556179
RT1c4,word_part_speech,0,0.5003986181238373
RT1c4,word_part_speech,1,0.5021923996811055
LT2aA1,delta_volume,0,0.5677355986750676
LT2aA1,delta_volume,1,0.5467644692433884
LT2aA1,face_num,0,0.5193045150099788
LT2aA1,face_num,1,0.48582594067061635
LT2aA1,frame_brightness,0,0.45131291600054335
LT2aA1,frame_brightness,1,0.48870463830809907
LT2aA1,global_flow,0,0.5476212866890275
LT2aA1,global_flow,1,0.49950367282112373
LT2aA1,gpt2_surprisal,0,0.5359131897641662
LT2aA1,gpt2_surprisal,1,0.5043624546774919
LT2aA1,local_flow,0,0.4948538708295456
LT2aA1,local_flow,1,0.5008986134185971
LT2aA1,onset,0,0.5184726674735082
LT2aA1,onset,1,0.5769440415369407
LT2aA1,pitch,0,0.4920535406413592
LT2aA1,pitch,1,0.4983699570546378
LT2aA1,speech,0,0.5448784259636583
LT2aA1,speech,1,0.5144248351671317
LT2aA1,volume,0,0.49211101010417646
LT2aA1,volume,1,0.5180349623313794
LT2aA1,word_gap,0,0.5022097384105444
LT2aA1,word_gap,1,0.5166586265386471
LT2aA1,word_head_pos,0,0.5053916805115827
LT2aA1,word_head_pos,1,0.5368379256658621
LT2aA1,word_index,0,0.5122634407660931
LT2aA1,word_index,1,0.5410794628945572
LT2aA1,word_length,0,0.48310920242834604
LT2aA1,word_length,1,0.5050677617211581
LT2aA1,word_part_speech,0,0.5353884312162281
LT2aA1,word_part_speech,1,0.5351669767029853
LT2aA14,delta_volume,0,0.5131605069851519
LT2aA14,delta_volume,1,0.4933074198300993
LT2aA14,face_num,0,0.5466599793109934
LT2aA14,face_num,1,0.501781553347335
LT2aA14,frame_brightness,0,0.5012904506650785
LT2aA14,frame_brightness,1,0.4997596731554914
LT2aA14,global_flow,0,0.5063738858760958
LT2aA14,global_flow,1,0.4895666802503579
LT2aA14,gpt2_surprisal,0,0.5175490841457426
LT2aA14,gpt2_surprisal,1,0.4906899470236043
LT2aA14,local_flow,0,0.4662027313668328
LT2aA14,local_flow,1,0.5007575520098638
LT2aA14,onset,0,0.49208710192995264
LT2aA14,onset,1,0.5228979776609602
LT2aA14,pitch,0,0.5072150298318757
LT2aA14,pitch,1,0.5044042506504499
LT2aA14,speech,0,0.5148427948967118
LT2aA14,speech,1,0.4864737782514655
LT2aA14,volume,0,0.5035004127352329
LT2aA14,volume,1,0.4884643114635905
LT2aA14,word_gap,0,0.510083876690372
LT2aA14,word_gap,1,0.4966853923841833
LT2aA14,word_head_pos,0,0.46003782535552695
LT2aA14,word_head_pos,1,0.5068858865448314
LT2aA14,word_index,0,0.5619124315050505
LT2aA14,word_index,1,0.5108979184538086
LT2aA14,word_length,0,0.4781981756057804
LT2aA14,word_length,1,0.5022151865667743
LT2aA14,word_part_speech,0,0.5203073788643813
LT2aA14,word_part_speech,1,0.46899636814598283
LT1bIb2,delta_volume,0,0.6380834456600106
LT1bIb2,delta_volume,1,0.608507570295602
LT1bIb2,face_num,0,0.49375672653939795
LT1bIb2,face_num,1,0.4923565614453048
LT1bIb2,frame_brightness,0,0.4829733655162325
LT1bIb2,frame_brightness,1,0.5009717563712736
LT1bIb2,global_flow,0,0.5069485805042684
LT1bIb2,global_flow,1,0.48761794301119094
LT1bIb2,gpt2_surprisal,0,0.5408555635664505
LT1bIb2,gpt2_surprisal,1,0.5012904506650784
LT1bIb2,local_flow,0,0.5009195114050761
LT1bIb2,local_flow,1,0.5035369842115712
LT1bIb2,onset,0,0.5967609316248003
LT1bIb2,onset,1,0.5973799207324396
LT1bIb2,pitch,0,0.5148271214068525
LT1bIb2,pitch,1,0.516305653950242
LT1bIb2,speech,0,0.5624588570891195
LT1bIb2,speech,1,0.5010031033509922
LT1bIb2,volume,0,0.5133851603398013
LT1bIb2,volume,1,0.47780111386267937
LT1bIb2,word_gap,0,0.4905541463718274
LT1bIb2,word_gap,1,0.49727673083207546
LT1bIb2,word_head_pos,0,0.5209084354722422
LT1bIb2,word_head_pos,1,0.5229512136505647
LT1bIb2,word_index,0,0.5367728156019677
LT1bIb2,word_index,1,0.586404299644614
LT1bIb2,word_length,0,0.49723362903984203
LT1bIb2,word_length,1,0.4935477466746079
LT1bIb2,word_part_speech,0,0.5272389051288866
LT1bIb2,word_part_speech,1,0.4960138187616264
LT2b4,delta_volume,0,0.5337502481635894
LT2b4,delta_volume,1,0.5431073216095629
LT2b4,face_num,0,0.48632749234611244
LT2b4,face_num,1,0.47923262593649096
LT2b4,frame_brightness,0,0.5002821228174665
LT2b4,frame_brightness,1,0.5080613982842753
LT2b4,global_flow,0,0.5178416559564486
LT2b4,global_flow,1,0.4950419527078566
LT2b4,gpt2_surprisal,0,0.4974922416225197
LT2b4,gpt2_surprisal,1,0.4738304964316688
LT2b4,local_flow,0,0.5109244224318987
LT2b4,local_flow,1,0.5307304891173736
LT2b4,onset,0,0.5067488290019493
LT2b4,onset,1,0.524071285372456
LT2b4,pitch,0,0.4923826839284035
LT2b4,pitch,1,0.5086674398921663
LT2b4,speech,0,0.5213263952018223
LT2b4,speech,1,0.4918811322529075
LT2b4,volume,0,0.4971578738388557
LT2b4,volume,1,0.5225332539209847
LT2b4,word_gap,0,0.4772256889870995
LT2b4,word_gap,1,0.49270163862996214
LT2b4,word_head_pos,0,0.4813694450539691
LT2b4,word_head_pos,1,0.5040176379005883
LT2b4,word_index,0,0.5116331996988848
LT2b4,word_index,1,0.4994660457625042
LT2b4,word_length,0,0.47092567631108745
LT2b4,word_length,1,0.47994838197339684
LT2b4,word_part_speech,0,0.5410576667552485
LT2b4,word_part_speech,1,0.49366640092125086
LT1c2,delta_volume,0,0.634765890306469
LT1c2,delta_volume,1,0.603920462263461
LT1c2,face_num,0,0.5345548206430311
LT1c2,face_num,1,0.5012434301955007
LT1c2,frame_brightness,0,0.4978997523588602
LT1c2,frame_brightness,1,0.5296490183170851
LT1c2,global_flow,0,0.4801260148584684
LT1c2,global_flow,1,0.5386351525030564
LT1c2,gpt2_surprisal,0,0.5230766015694388
LT1c2,gpt2_surprisal,1,0.5217391304347826
LT1c2,local_flow,0,0.5188499838040604
LT1c2,local_flow,1,0.5237139901570483
LT1c2,onset,0,0.5503459871952403
LT1c2,onset,1,0.5715486737927402
LT1c2,pitch,0,0.5205688431919584
LT1c2,pitch,1,0.5386821729726341
LT1c2,speech,0,0.5239647659947964
LT1c2,speech,1,0.5101198499524571
LT1c2,volume,0,0.48496389872835755
LT1c2,volume,1,0.48494300074187857
LT1c2,word_gap,0,0.500840323057531
LT1c2,word_gap,1,0.5212726225860164
LT1c2,word_head_pos,0,0.4802618517705819
LT1c2,word_head_pos,1,0.5355735974838824
LT1c2,word_index,0,0.5440380945711734
LT1c2,word_index,1,0.5703681658234274
LT1c2,word_length,0,0.5201090874894204
LT1c2,word_length,1,0.5232437854612708
LT1c2,word_part_speech,0,0.526685268845779
LT1c2,word_part_speech,1,0.5222340331295952
LT3d6,delta_volume,0,0.617707908842983
LT3d6,delta_volume,1,0.6052997293710751
LT3d6,face_num,0,0.5257463193421313
LT3d6,face_num,1,0.4875186775754156
LT3d6,frame_brightness,0,0.47614494843421834
LT3d6,frame_brightness,1,0.49107133527684604
LT3d6,global_flow,0,0.5270576679936888
LT3d6,global_flow,1,0.49223117352643075
LT3d6,gpt2_surprisal,0,0.5507115764396101
LT3d6,gpt2_surprisal,1,0.5010344503307107
LT3d6,local_flow,0,0.45459389987774673
LT3d6,local_flow,1,0.509158542574423
LT3d6,onset,0,0.5606840291571585
LT3d6,onset,1,0.5445164032113524
LT3d6,pitch,0,0.4880672497204894
LT3d6,pitch,1,0.5228362747249302
LT3d6,speech,0,0.5622812242040479
LT3d6,speech,1,0.5212845992288643
LT3d6,volume,0,0.5167967566324985
LT3d6,volume,1,0.5247850119640972
LT3d6,word_gap,0,0.4809526773626305
LT3d6,word_gap,1,0.4649554161933366
LT3d6,word_head_pos,0,0.5237557861300064
LT3d6,word_head_pos,1,0.5147853254338944
LT3d6,word_index,0,0.5830605206491483
LT3d6,word_index,1,0.5909210272929395
LT3d6,word_length,0,0.5011075932833872
LT3d6,word_length,1,0.49899167215238815
LT3d6,word_part_speech,0,0.547568429444592
LT3d6,word_part_speech,1,0.5646204269643015
RT3aHa5,delta_volume,0,0.5826410875312164
RT3aHa5,delta_volume,1,0.585373499263346
RT3aHa5,face_num,0,0.4932708483537611
RT3aHa5,face_num,1,0.4856274097990659
RT3aHa5,frame_brightness,0,0.4924819493641788
RT3aHa5,frame_brightness,1,0.48831018881330784
RT3aHa5,global_flow,0,0.48342267222553104
RT3aHa5,global_flow,1,0.500334367783664
RT3aHa5,gpt2_surprisal,0,0.5350563723185271
RT3aHa5,gpt2_surprisal,1,0.4967764855856138
RT3aHa5,local_flow,0,0.5127738942352904
RT3aHa5,local_flow,1,0.5188865552803987
RT3aHa5,onset,0,0.5498009072347816
RT3aHa5,onset,1,0.5414491736033481
RT3aHa5,pitch,0,0.5382642132430541
RT3aHa5,pitch,1,0.5174289207234883
RT3aHa5,speech,0,0.5277055055745379
RT3aHa5,speech,1,0.5176901455544759
RT3aHa5,volume,0,0.5210494968809756
RT3aHa5,volume,1,0.5097175637127362
RT3aHa5,word_gap,0,0.5066369960006847
RT3aHa5,word_gap,1,0.4594777547812826
RT3aHa5,word_head_pos,0,0.5130037720865595
RT3aHa5,word_head_pos,1,0.5014106140873327
RT3aHa5,word_index,0,0.5597240944661334
RT3aHa5,word_index,1,0.5185308380455524
RT3aHa5,word_length,0,0.5029518405901592
RT3aHa5,word_length,1,0.5151980606668547
RT3aHa5,word_part_speech,0,0.5154353795730358
RT3aHa5,word_part_speech,1,0.518801488174329
RT2aA3,delta_volume,0,0.5813976573357157
RT2aA3,delta_volume,1,0.5633888174874351
RT2aA3,face_num,0,0.46213807299666676
RT2aA3,face_num,1,0.48913304703091853
RT2aA3,frame_brightness,0,0.48186577223284544
RT2aA3,frame_brightness,1,0.5209972519147781
RT2aA3,global_flow,0,0.5253388086057909
RT2aA3,global_flow,1,0.4883232500548572
RT2aA3,gpt2_surprisal,0,0.526049340146077
RT2aA3,gpt2_surprisal,1,0.5200516180266032
RT2aA3,local_flow,0,0.5125231183975424
RT2aA3,local_flow,1,0.5014315120738118
RT2aA3,onset,0,0.5610166203194723
RT2aA3,onset,1,0.5593167099343133
RT2aA3,pitch,0,0.5080718472775148
RT2aA3,pitch,1,0.5070687439265227
RT2aA3,speech,0,0.533065839106402
RT2aA3,speech,1,0.5008019602311317
RT2aA3,volume,0,0.505574537893274
RT2aA3,volume,1,0.5032391879042455
RT2aA3,word_gap,0,0.5227431879366957
RT2aA3,word_gap,1,0.5010893076671697
RT2aA3,word_head_pos,0,0.5374230692872741
RT2aA3,word_head_pos,1,0.5160862250922124
RT2aA3,word_index,0,0.5678822149472172
RT2aA3,word_index,1,0.575970308643056
RT2aA3,word_length,0,0.5210181499012569
RT2aA3,word_length,1,0.5218540693604171
RT2aA3,word_part_speech,0,0.510474798476393
RT2aA3,word_part_speech,1,0.5091017804942866
RT2b5,delta_volume,0,0.5672392714961915
RT2b5,delta_volume,1,0.5746946281725756
RT2b5,face_num,0,0.48038723968945596
RT2b5,face_num,1,0.49526660606250594
RT2b5,frame_brightness,0,0.49656228122420404
RT2b5,frame_brightness,1,0.48564830778554485
RT2b5,global_flow,0,0.5133538133600828
RT2b5,global_flow,1,0.4998693875845062
RT2b5,gpt2_surprisal,0,0.5259344012204423
RT2b5,gpt2_surprisal,1,0.49754971108533697
RT2b5,local_flow,0,0.5227631317722536
RT2b5,local_flow,1,0.4969645674639249
RT2b5,onset,0,0.5190454633641597
RT2b5,onset,1,0.5361554309365213
RT2b5,pitch,0,0.5114573210871133
RT2b5,pitch,1,0.5323500830694963
RT2b5,speech,0,0.5136777321505073
RT2b5,speech,1,0.5070008254704659
RT2b5,volume,0,0.524769338474238
RT2b5,volume,1,0.533280043467812
RT2b5,word_gap,0,0.4901651079192667
RT2b5,word_gap,1,0.46352375468791335
RT2b5,word_head_pos,0,0.5119588727626093
RT2b5,word_head_pos,1,0.5281913837601747
RT2b5,word_index,0,0.5677071479841039
RT2b5,word_index,1,0.574114598834054
RT2b5,word_length,0,0.48075295445283844
RT2b5,word_length,1,0.4930200725160131
RT2b5,word_part_speech,0,0.5331960315351227
RT2b5,word_part_speech,1,0.5363849765258216
RT3bHb6,delta_volume,0,0.5647785335882888
RT3bHb6,delta_volume,1,0.5471458574966301
RT3bHb6,face_num,0,0.48750300408555636
RT3bHb6,face_num,1,0.5187507183682852
RT3bHb6,frame_brightness,0,0.49732505773068764
RT3bHb6,frame_brightness,1,0.49140047856389046
RT3bHb6,global_flow,0,0.4965727302174435
RT3bHb6,global_flow,1,0.5241110519001494
RT3bHb6,gpt2_surprisal,0,0.5214204361409778
RT3bHb6,gpt2_surprisal,1,0.5009978788543724
RT3bHb6,local_flow,0,0.48434740812722693
RT3bHb6,local_flow,1,0.5003709392600023
RT3bHb6,onset,0,0.5515008176199407
RT3bHb6,onset,1,0.5615986548535213
RT3bHb6,pitch,0,0.5347585760112012
RT3bHb6,pitch,1,0.5518479044544059
RT3bHb6,speech,0,0.5172617368316563
RT3bHb6,speech,1,0.47753988903169187
RT3bHb6,volume,0,0.5251298287410008
RT3bHb6,volume,1,0.5075598466087793
RT3bHb6,word_gap,0,0.5090256920994072
RT3bHb6,word_gap,1,0.4852554426479513
RT3bHb6,word_head_pos,0,0.5036310251507268
RT3bHb6,word_head_pos,1,0.5199471280942081
RT3bHb6,word_index,0,0.5299452040405455
RT3bHb6,word_index,1,0.5461564048248455
RT3bHb6,word_length,0,0.4925132963438973
RT3bHb6,word_length,1,0.5020062067019843
RT3bHb6,word_part_speech,0,0.5122464345823368
RT3bHb6,word_part_speech,1,0.5007972362476747
RT1c5,delta_volume,0,0.5812722694168417
RT1c5,delta_volume,1,0.5813454123695182
RT1c5,face_num,0,0.5012800016718388
RT1c5,face_num,1,0.5212010072829483
RT1c5,frame_brightness,0,0.48796798428471416
RT1c5,frame_brightness,1,0.48896063864246686
RT1c5,global_flow,0,0.4962383624337795
RT1c5,global_flow,1,0.46559668975894175
RT1c5,gpt2_surprisal,0,0.520997251914778
RT1c5,gpt2_surprisal,1,0.5541466829670961
RT1c5,local_flow,0,0.5165459807947504
RT1c5,local_flow,1,0.4890442305883828
RT1c5,onset,0,0.5640653726406815
RT1c5,onset,1,0.5924649624449145
RT1c5,pitch,0,0.5130194455764188
RT1c5,pitch,1,0.5273450153077751
RT1c5,speech,0,0.541848217924203
RT1c5,speech,1,0.5231262342873264
RT1c5,volume,0,0.5326948998463998
RT1c5,volume,1,0.4937410530495387
RT1c5,word_gap,0,0.5192418418636497
RT1c5,word_gap,1,0.5059756306313317
RT1c5,word_head_pos,0,0.5148636928831907
RT1c5,word_head_pos,1,0.5188134123277223
RT1c5,word_index,0,0.5774933912221425
RT1c5,word_index,1,0.5763029358729714
RT1c5,word_length,0,0.5291422421449694
RT1c5,word_length,1,0.5265822388012915
RT1c5,word_part_speech,0,0.5104526530250686
RT1c5,word_part_speech,1,0.4952830188679246
LT2aA2,delta_volume,0,0.543399893420269
LT2aA2,delta_volume,1,0.49004210944275517
LT2aA2,face_num,0,0.5171311244161625
LT2aA2,face_num,1,0.5015151040197277
LT2aA2,frame_brightness,0,0.4536430414929521
LT2aA2,frame_brightness,1,0.5033175553535417
LT2aA2,global_flow,0,0.5308506525396279
LT2aA2,global_flow,1,0.5036414741439662
LT2aA2,gpt2_surprisal,0,0.5415608706101167
LT2aA2,gpt2_surprisal,1,0.5100205845166819
LT2aA2,local_flow,0,0.498302038598581
LT2aA2,local_flow,1,0.49847444698703275
LT2aA2,onset,0,0.5234522962648165
LT2aA2,onset,1,0.5440267551112794
LT2aA2,pitch,0,0.49713175135575693
LT2aA2,pitch,1,0.49855803893294875
LT2aA2,speech,0,0.543316301474353
LT2aA2,speech,1,0.5341002894371127
LT2aA2,volume,0,0.5273815867841134
LT2aA2,volume,1,0.5152294076465733
LT2aA2,word_gap,0,0.49165901557709957
LT2aA2,word_gap,1,0.48823547719456595
LT2aA2,word_head_pos,0,0.4871268403289343
LT2aA2,word_head_pos,1,0.5268748106119976
LT2aA2,word_index,0,0.5136989898636228
LT2aA2,word_index,1,0.5326762486651144
LT2aA2,word_length,0,0.46237839984117535
LT2aA2,word_length,1,0.5440163840213995
LT2aA2,word_part_speech,0,0.5294755957126407
LT2aA2,word_part_speech,1,0.541766321197626
LT3bHa4,delta_volume,0,0.49783183390280344
LT3bHa4,delta_volume,1,0.5008568174456391
LT3bHa4,face_num,0,0.46358003406371795
LT3bHa4,face_num,1,0.4743111501206859
LT3bHa4,frame_brightness,0,0.4933283178165784
LT3bHa4,frame_brightness,1,0.5206733331243535
LT3bHa4,global_flow,0,0.5142210797989614
LT3bHa4,global_flow,1,0.5408816860495491
LT3bHa4,gpt2_surprisal,0,0.49161990742191986
LT3bHa4,gpt2_surprisal,1,0.5167863076392589
LT3bHa4,local_flow,0,0.5010553483171896
LT3bHa4,local_flow,1,0.509451114385129
LT3bHa4,onset,0,0.5066933971415637
LT3bHa4,onset,1,0.5301687900148742
LT3bHa4,pitch,0,0.484431000073143
LT3bHa4,pitch,1,0.5189126777634975
LT3bHa4,speech,0,0.5041169033363636
LT3bHa4,speech,1,0.5265874632979113
LT3bHa4,volume,0,0.481223159148616
LT3bHa4,volume,1,0.4955278308934934
LT3bHa4,word_gap,0,0.49288837708719124
LT3bHa4,word_gap,1,0.5158805496335258
LT3bHa4,word_head_pos,0,0.467247630690783
LT3bHa4,word_head_pos,1,0.507857642916105
LT3bHa4,word_index,0,0.506171110449747
LT3bHa4,word_index,1,0.486651144062604
LT3bHa4,word_length,0,0.4546774918236628
LT3bHa4,word_length,1,0.511086381827111
LT3bHa4,word_part_speech,0,0.5308707591460714
LT3bHa4,word_part_speech,1,0.5126450527061741
LT1bIb3,delta_volume,0,0.6634536012455199
LT1bIb3,delta_volume,1,0.6301422107979896
LT1bIb3,face_num,0,0.4958308516974389
LT1bIb3,face_num,1,0.5070948664096214
LT1bIb3,frame_brightness,0,0.5207099046006918
LT1bIb3,frame_brightness,1,0.5102870338442892
LT1bIb3,global_flow,0,0.4910870087667054
LT1bIb3,global_flow,1,0.5169430425378515
LT1bIb3,gpt2_surprisal,0,0.5478720625267756
LT1bIb3,gpt2_surprisal,1,0.5104698912259804
LT1bIb3,local_flow,0,0.5226168458669007
LT1bIb3,local_flow,1,0.5061544570180663
LT1bIb3,onset,0,0.6172707199674801
LT1bIb3,onset,1,0.6097781801720235
LT1bIb3,pitch,0,0.49915363154760045
LT1bIb3,pitch,1,0.5039497194445315
LT1bIb3,speech,0,0.5396800518270065
LT1bIb3,speech,1,0.48473402087708845
LT1bIb3,volume,0,0.4979885688013961
LT1bIb3,volume,1,0.48262332424270926
LT1bIb3,word_gap,0,0.4858934657101508
LT1bIb3,word_gap,1,0.4953081962621185
LT1bIb3,word_head_pos,0,0.5212898237254839
LT1bIb3,word_head_pos,1,0.5276898320846787
LT1bIb3,word_index,0,0.5630328600689765
LT1bIb3,word_index,1,0.5864743264298593
LT1bIb3,word_length,0,0.4907003960168438
LT1bIb3,word_length,1,0.4837309175260963
LT1bIb3,word_part_speech,0,0.5357870493400656
LT1bIb3,word_part_speech,1,0.45920807866064317
LT2b5,delta_volume,0,0.5538175396800518
LT2b5,delta_volume,1,0.540254746455179
LT2b5,face_num,0,0.505553639906795
LT2b5,face_num,1,0.484619081951454
LT2b5,frame_brightness,0,0.47976030009508586
LT2b5,frame_brightness,1,0.5139703039612133
LT2b5,global_flow,0,0.5238863985455002
LT2b5,global_flow,1,0.4884434134771115
LT2b5,gpt2_surprisal,0,0.5048796798428472
LT2b5,gpt2_surprisal,1,0.5005642456349331
LT2b5,local_flow,0,0.5075807445952583
LT2b5,local_flow,1,0.515971286166578
LT2b5,onset,0,0.5172346892582294
LT2b5,onset,1,0.5067211130717566
LT2b5,pitch,0,0.47456192595843394
LT2b5,pitch,1,0.5098325026383708
LT2b5,speech,0,0.5172878593147551
LT2b5,speech,1,0.49969175469943466
LT2b5,volume,0,0.4991849785273189
LT2b5,volume,1,0.5004127352329604
LT2b5,word_gap,0,0.49222701171783817
LT2b5,word_gap,1,0.4800812312288947
LT2b5,word_head_pos,0,0.47835491050437295
LT2b5,word_head_pos,1,0.5073717647304683
LT2b5,word_index,0,0.4970151082789167
LT2b5,word_index,1,0.530120271003659
LT2b5,word_length,0,0.4596198656259469
LT2b5,word_length,1,0.48028797425368064
LT2b5,word_part_speech,0,0.5332403224377713
LT2b5,word_part_speech,1,0.48177429356010276
LT1c3,delta_volume,0,0.6474039476296459
LT1c3,delta_volume,1,0.6121594934328077
LT1c3,face_num,0,0.5368640481489608
LT1c3,face_num,1,0.5258194622948078
LT1c3,frame_brightness,0,0.5270681169869282
LT1c3,frame_brightness,1,0.5354116380886702
LT1c3,global_flow,0,0.4911601517193819
LT1c3,global_flow,1,0.5246596240452233
LT1c3,gpt2_surprisal,0,0.532188123674284
LT1c3,gpt2_surprisal,1,0.5114103006175356
LT1c3,local_flow,0,0.5372506608988223
LT1c3,local_flow,1,0.5200672915164625
LT1c3,onset,0,0.5659500558937924
LT1c3,onset,1,0.5756506314612762
LT1c3,pitch,0,0.5416705850391315
LT1c3,pitch,1,0.5429767091940692
LT1c3,speech,0,0.5465711628684576
LT1c3,speech,1,0.4998693875845062
LT1c3,volume,0,0.48431606114750847
LT1c3,volume,1,0.46053937703102305
LT1c3,word_gap,0,0.5076329344392401
LT1c3,word_gap,1,0.5201833149188465
LT1c3,word_head_pos,0,0.5113632801479577
LT1c3,word_head_pos,1,0.5331755535354168
LT1c3,word_index,0,0.5555399940477233
LT1c3,word_index,1,0.5631028868542217
LT1c3,word_length,0,0.5156264693896744
LT1c3,word_length,1,0.5172669613282761
LT1c3,word_part_speech,0,0.5271060324209407
LT1c3,word_part_speech,1,0.5106519620869873
LT3d7,delta_volume,0,0.5732944630784824
LT3d7,delta_volume,1,0.5746580566962374
LT3d7,face_num,0,0.5392098471312289
LT3d7,face_num,1,0.5088502972738576
LT3d7,frame_brightness,0,0.4624881142701901
LT3d7,frame_brightness,1,0.4954181164644787
LT3d7,global_flow,0,0.5320157152858322
LT3d7,global_flow,1,0.5202240264150549
LT3d7,gpt2_surprisal,0,0.5405107467895468
LT3d7,gpt2_surprisal,1,0.49622791344053996
LT3d7,local_flow,0,0.48534528698159934
LT3d7,local_flow,1,0.5367595582165658
LT3d7,onset,0,0.5364325902384495
LT3d7,onset,1,0.5413290712391794
LT3d7,pitch,0,0.5087144603617442
LT3d7,pitch,1,0.5417594014816672
LT3d7,speech,0,0.5325851854173851
LT3d7,speech,1,0.5216712119787259
LT3d7,volume,0,0.5060238446025727
LT3d7,volume,1,0.515401816035025
LT3d7,word_gap,0,0.4634615085355036
LT3d7,word_gap,1,0.4588941971024416
LT3d7,word_head_pos,0,0.4892845574328914
LT3d7,word_head_pos,1,0.4981400792033688
LT3d7,word_index,0,0.5759878153393673
LT3d7,word_index,1,0.5914287214859684
LT3d7,word_length,0,0.4723153924119411
LT3d7,word_length,1,0.49915363154760045
LT3d7,word_part_speech,0,0.5279032686686155
LT3d7,word_part_speech,1,0.5309371955000443
RT3aHa6,delta_volume,0,0.5763664670908958
RT3aHa6,delta_volume,1,0.5858228059726445
RT3aHa6,face_num,0,0.4926857047323491
RT3aHa6,face_num,1,0.49121239668557937
RT3aHa6,frame_brightness,0,0.49694889397406566
RT3aHa6,frame_brightness,1,0.4804290356624139
RT3aHa6,global_flow,0,0.47140633000010446
RT3aHa6,global_flow,1,0.4950001567348986
RT3aHa6,gpt2_surprisal,0,0.5402181749788407
RT3aHa6,gpt2_surprisal,1,0.5226272948601403
RT3aHa6,local_flow,0,0.5100728294828794
RT3aHa6,local_flow,1,0.5144875291265686
RT3aHa6,onset,0,0.5564896850546466
RT3aHa6,onset,1,0.5415323213939265
RT3aHa6,pitch,0,0.486609615163579
RT3aHa6,pitch,1,0.5078524184194853
RT3aHa6,speech,0,0.5417959729580055
RT3aHa6,speech,1,0.5157936532815064
RT3aHa6,volume,0,0.5295079569083518
RT3aHa6,volume,1,0.520474802252803
RT3aHa6,word_gap,0,0.4952303885716064
RT3aHa6,word_gap,1,0.4779648620469647
RT3aHa6,word_head_pos,0,0.5033854738095984
RT3aHa6,word_head_pos,1,0.5083800925780801
RT3aHa6,word_index,0,0.5536317641497873
RT3aHa6,word_index,1,0.5276168134311374
RT3aHa6,word_length,0,0.46529366895499613
RT3aHa6,word_length,1,0.48154185344242084
RT3aHa6,word_part_speech,0,0.49864912746921786
RT3aHa6,word_part_speech,1,0.5181814155372487
RT2aA4,delta_volume,0,0.5670877610942185
RT2aA4,delta_volume,1,0.526887871853547
RT2aA4,face_num,0,0.4969070980011076
RT2aA4,face_num,1,0.47685547997450445
RT2aA4,frame_brightness,0,0.4909772943376905
RT2aA4,frame_brightness,1,0.5042997607180548
RT2aA4,global_flow,0,0.5166556952237652
RT2aA4,global_flow,1,0.4703039612133372
RT2aA4,gpt2_surprisal,0,0.519299290513359
RT2aA4,gpt2_surprisal,1,0.49917975403069914
RT2aA4,local_flow,0,0.5193463109829368
RT2aA4,local_flow,1,0.4837674890024346
RT2aA4,onset,0,0.5494960320026607
RT2aA4,onset,1,0.5681026598054342
RT2aA4,pitch,0,0.5151980606668547
RT2aA4,pitch,1,0.49259688828981335
RT2aA4,speech,0,0.549204309164812
RT2aA4,speech,1,0.5180663093110979
RT2aA4,volume,0,0.5347951474875395
RT2aA4,volume,1,0.4965727302174436
RT2aA4,word_gap,0,0.506940445993682
RT2aA4,word_gap,1,0.5023497922534663
RT2aA4,word_head_pos,0,0.5043520056842523
RT2aA4,word_head_pos,1,0.5285309760404584
RT2aA4,word_index,0,0.5666217328128009
RT2aA4,word_index,1,0.5648710631816669
RT2aA4,word_length,0,0.5288078743613053
RT2aA4,word_length,1,0.5487132064825554
RT2aA4,word_part_speech,0,0.5287890867215874
RT2aA4,word_part_speech,1,0.510629816635663
RT2b8,delta_volume,0,0.5677617211581664
RT2b8,delta_volume,1,0.5707292352381848
RT2b8,face_num,0,0.4834958151782076
RT2b8,face_num,1,0.5163213274401012
RT2b8,frame_brightness,0,0.5006112661045108
RT2b8,frame_brightness,1,0.4945142785492618
RT2b8,global_flow,0,0.5087066236168145
RT2b8,global_flow,1,0.48887704669655074
RT2b8,gpt2_surprisal,0,0.5364983333855783
RT2b8,gpt2_surprisal,1,0.4921789285602332
RT2b8,local_flow,0,0.5305215092525835
RT2b8,local_flow,1,0.4909041513850141
RT2b8,onset,0,0.5411535370146248
RT2b8,onset,1,0.5524893524634842
RT2b8,pitch,0,0.5116610764552835
RT2b8,pitch,1,0.543608873285059
RT2b8,speech,0,0.513557568728253
RT2b8,speech,1,0.5100885029727386
RT2b8,volume,0,0.5200672915164624
RT2b8,volume,1,0.5293538342580693
RT2b8,word_gap,0,0.508768926720717
RT2b8,word_gap,1,0.4674374815206735
RT2b8,word_head_pos,0,0.5031294734752306
RT2b8,word_head_pos,1,0.5066978046665204
RT2b8,word_index,0,0.5648535564853556
RT2b8,word_index,1,0.579121513979097
RT2b8,word_length,0,0.49664064867350033
RT2b8,word_length,1,0.5128418126913472
RT2b8,word_part_speech,0,0.5722384622198601
RT2b8,word_part_speech,1,0.5479006112144565
RT3bHb7,delta_volume,0,0.5541101114907578
RT3bHb7,delta_volume,1,0.5476003887025486
RT3bHb7,face_num,0,0.49460309499179755
RT3bHb7,face_num,1,0.4962070154540611
RT3bHb7,frame_brightness,0,0.48855312790612626
RT3bHb7,frame_brightness,1,0.4702778387302384
RT3bHb7,global_flow,0,0.5090279301589292
RT3bHb7,global_flow,1,0.500522449661975
RT3bHb7,gpt2_surprisal,0,0.5255216659874821
RT3bHb7,gpt2_surprisal,1,0.50775315298371
RT3bHb7,local_flow,0,0.526864361618758
RT3bHb7,local_flow,1,0.5087301338516033
RT3bHb7,onset,0,0.5452462560397632
RT3bHb7,onset,1,0.5300024944337173
RT3bHb7,pitch,0,0.5347324535281026
RT3bHb7,pitch,1,0.5290116297294756
RT3bHb7,speech,0,0.5087771543211812
RT3bHb7,speech,1,0.4832972843066571
RT3bHb7,volume,0,0.5073508667439892
RT3bHb7,volume,1,0.5216816609719653
RT3bHb7,word_gap,0,0.515491511180965
RT3bHb7,word_gap,1,0.4798555889264095
RT3bHb7,word_head_pos,0,0.501509879523108
RT3bHb7,word_head_pos,1,0.5210703948674545
RT3bHb7,word_index,0,0.5287372419950631
RT3bHb7,word_index,1,0.5196512666094781
RT3bHb7,word_length,0,0.4761553974274578
RT3bHb7,word_length,1,0.5336771052109128
RT3bHb7,word_part_speech,0,0.5254229781202941
RT3bHb7,word_part_speech,1,0.5226547967047568
RT1c7,delta_volume,0,0.590446485481124
RT1c7,delta_volume,1,0.5744647503213065
RT1c7,face_num,0,0.5084532355307566
RT1c7,face_num,1,0.5297796307325788
RT1c7,frame_brightness,0,0.490319007763602
RT1c7,frame_brightness,1,0.49646824028504855
RT1c7,global_flow,0,0.5041534748127018
RT1c7,global_flow,1,0.46925906188938704
RT1c7,gpt2_surprisal,0,0.5197538217192773
RT1c7,gpt2_surprisal,1,0.5466077343447959
RT1c7,local_flow,0,0.5143203452347367
RT1c7,local_flow,1,0.49981714261830873
RT1c7,onset,0,0.5927051671732523
RT1c7,onset,1,0.5812122947866335
RT1c7,pitch,0,0.516472837842074
RT1c7,pitch,1,0.531746653709915
RT1c7,speech,0,0.5200202710468846
RT1c7,speech,1,0.5316500005224496
RT1c7,volume,0,0.518609656959552
RT1c7,volume,1,0.5110445858541529
RT1c7,word_gap,0,0.5015950576554987
RT1c7,word_gap,1,0.5129238573940649
RT1c7,word_head_pos,0,0.5009717563712737
RT1c7,word_head_pos,1,0.5253335841091711
RT1c7,word_index,0,0.6023879133768666
RT1c7,word_index,1,0.5950876210150383
RT1c7,word_length,0,0.49198562218530245
RT1c7,word_length,1,0.5168960220682737
RT1c7,word_part_speech,0,0.5010408362122419
RT1c7,word_part_speech,1,0.48454247497564007
