electrode,task,fold,test_auroc
F3aOFa2,delta_volume,0,0.5778188771511865
F3aOFa2,delta_volume,1,0.5277525260441156
F3aOFa2,face_num,0,0.500376163756622
F3aOFa2,face_num,1,0.5264568508824174
F3aOFa2,frame_brightness,0,0.47286918905363473
F3aOFa2,frame_brightness,1,0.48282707961087956
F3aOFa2,global_flow,0,0.4852407970492043
F3aOFa2,global_flow,1,0.477680950440425
F3aOFa2,gpt2_surprisal,0,0.5016404919386017
F3aOFa2,gpt2_surprisal,1,0.4771271537987315
F3aOFa2,local_flow,0,0.496624975183641
F3aOFa2,local_flow,1,0.5096078492837215
F3aOFa2,onset,0,0.5076075072886297
F3aOFa2,onset,1,0.5798950957934194
F3aOFa2,pitch,0,0.5443559763016833
F3aOFa2,pitch,1,0.51844247306772
F3aOFa2,speech,0,0.48947263931120233
F3aOFa2,speech,1,0.5138971610085368
F3aOFa2,volume,0,0.5036623721304452
F3aOFa2,volume,1,0.5257881153150894
F3aOFa2,word_gap,0,0.5054804969541185
F3aOFa2,word_gap,1,0.5128156902082485
F3aOFa2,word_head_pos,0,0.48861582186556324
F3aOFa2,word_head_pos,1,0.4900682319258539
F3aOFa2,word_index,0,0.5107521167676339
F3aOFa2,word_index,1,0.5288671602838888
F3aOFa2,word_length,0,0.48601663479723733
F3aOFa2,word_length,1,0.4693687763184017
F3aOFa2,word_part_speech,0,0.504963711168639
F3aOFa2,word_part_speech,1,0.5266503328402368
F3aOFa16,delta_volume,0,0.5478302665538175
F3aOFa16,delta_volume,1,0.5299624881142702
F3aOFa16,face_num,0,0.5067030291631401
F3aOFa16,face_num,1,0.5179748806202522
F3aOFa16,frame_brightness,0,0.4856744302686436
F3aOFa16,frame_brightness,1,0.4925237453371368
F3aOFa16,global_flow,0,0.5011180422766266
F3aOFa16,global_flow,1,0.5002037553681703
F3aOFa16,gpt2_surprisal,0,0.4892323124666938
F3aOFa16,gpt2_surprisal,1,0.4911706007126213
F3aOFa16,local_flow,0,0.5138867120152973
F3aOFa16,local_flow,1,0.49419558425545707
F3aOFa16,onset,0,0.522061120366514
F3aOFa16,onset,1,0.5892596834652228
F3aOFa16,pitch,0,0.5225332539209847
F3aOFa16,pitch,1,0.5565708493986604
F3aOFa16,speech,0,0.5026226973031149
F3aOFa16,speech,1,0.5052349456129902
F3aOFa16,volume,0,0.4812309958935457
F3aOFa16,volume,1,0.5058932321870788
F3aOFa16,word_gap,0,0.5217652529178813
F3aOFa16,word_gap,1,0.5086569908989269
F3aOFa16,word_head_pos,0,0.504210944275519
F3aOFa16,word_head_pos,1,0.49812963021012924
F3aOFa16,word_index,0,0.5112008596969805
F3aOFa16,word_index,1,0.5048357955149325
F3aOFa16,word_length,0,0.5009247359016958
F3aOFa16,word_length,1,0.5059715996363751
F3aOFa16,word_part_speech,0,0.4808039016272189
F3aOFa16,word_part_speech,1,0.5588017751479291
F3bIaOFb12,delta_volume,0,0.5743524236439819
F3bIaOFb12,delta_volume,1,0.5791563482858426
F3bIaOFb12,face_num,0,0.5105900546482346
F3bIaOFb12,face_num,1,0.5105116871989384
F3bIaOFb12,frame_brightness,0,0.4846295309446935
F3bIaOFb12,frame_brightness,1,0.496666771156599
F3bIaOFb12,global_flow,0,0.48974953763204915
F3bIaOFb12,global_flow,1,0.4656384857318997
F3bIaOFb12,gpt2_surprisal,0,0.503792984545939
F3bIaOFb12,gpt2_surprisal,1,0.48924276145993334
F3bIaOFb12,local_flow,0,0.48967639467937263
F3bIaOFb12,local_flow,1,0.522339947546054
F3bIaOFb12,onset,0,0.5244104019158684
F3bIaOFb12,onset,1,0.5765306122448979
F3bIaOFb12,pitch,0,0.5046289040050991
F3bIaOFb12,pitch,1,0.5104646667293606
F3bIaOFb12,speech,0,0.51152523954317
F3bIaOFb12,speech,1,0.5042422912552376
F3bIaOFb12,volume,0,0.49798595655308603
F3bIaOFb12,volume,1,0.483130100414825
F3bIaOFb12,word_gap,0,0.4934537057354524
F3bIaOFb12,word_gap,1,0.4833077332998966
F3bIaOFb12,word_head_pos,0,0.5032078409245269
F3bIaOFb12,word_head_pos,1,0.5221361921778837
F3bIaOFb12,word_index,0,0.546787354896612
F3bIaOFb12,word_index,1,0.512712414827411
F3bIaOFb12,word_length,0,0.48300732474426095
F3bIaOFb12,word_length,1,0.5076800100310335
F3bIaOFb12,word_part_speech,0,0.5023287259615384
F3bIaOFb12,word_part_speech,1,0.519051636464497
F3cId8,delta_volume,0,0.635983198018871
F3cId8,delta_volume,1,0.6384073644504351
F3cId8,face_num,0,0.49865207987210436
F3cId8,face_num,1,0.5071680093622979
F3cId8,frame_brightness,0,0.45891978307890036
F3cId8,frame_brightness,1,0.5033854738095985
F3cId8,global_flow,0,0.48188144572270464
F3cId8,global_flow,1,0.5057364972884862
F3cId8,gpt2_surprisal,0,0.5291631401314484
F3cId8,gpt2_surprisal,1,0.4907526409830413
F3cId8,local_flow,0,0.5243670522345172
F3cId8,local_flow,1,0.49649958726476706
F3cId8,onset,0,0.5504282069970846
F3cId8,onset,1,0.6423235110370679
F3cId8,pitch,0,0.5010710218070489
F3cId8,pitch,1,0.5106422996144321
F3cId8,speech,0,0.5098272781417511
F3cId8,speech,1,0.5388023363948884
F3cId8,volume,0,0.4859199816097719
F3cId8,volume,1,0.5074292341932856
F3cId8,word_gap,0,0.5099004210944276
F3cId8,word_gap,1,0.5202867203744919
F3cId8,word_head_pos,0,0.5239203577735285
F3cId8,word_head_pos,1,0.5746580566962373
F3cId8,word_index,0,0.5289616324795409
F3cId8,word_index,1,0.5853969603571049
F3cId8,word_length,0,0.5002507758377481
F3cId8,word_length,1,0.5321828991776643
F3cId8,word_part_speech,0,0.5011961446005917
F3cId8,word_part_speech,1,0.5794193786982248
T2aA3,delta_volume,0,0.5461741011253566
T2aA3,delta_volume,1,0.5048013123935509
T2aA3,face_num,0,0.49788930336562065
T2aA3,face_num,1,0.5509701890222878
T2aA3,frame_brightness,0,0.4707584924192554
T2aA3,frame_brightness,1,0.488453862470351
T2aA3,global_flow,0,0.4891382715275383
T2aA3,global_flow,1,0.511274463705422
T2aA3,gpt2_surprisal,0,0.5078445816745557
T2aA3,gpt2_surprisal,1,0.5066037637273649
T2aA3,local_flow,0,0.5013322466380364
T2aA3,local_flow,1,0.49600848458251046
T2aA3,onset,0,0.5426970533111204
T2aA3,onset,1,0.5977587463556852
T2aA3,pitch,0,0.5167863076392589
T2aA3,pitch,1,0.5317649394480842
T2aA3,speech,0,0.5081502147268111
T2aA3,speech,1,0.5657764124426612
T2aA3,volume,0,0.47655768366717866
T2aA3,volume,1,0.47713237829535116
T2aA3,word_gap,0,0.48171948632749234
T2aA3,word_gap,1,0.471604860871655
T2aA3,word_head_pos,0,0.5171676958925008
T2aA3,word_head_pos,1,0.5238237045860631
T2aA3,word_index,0,0.4887696177418783
T2aA3,word_index,1,0.4842290478383581
T2aA3,word_length,0,0.4979310993385787
T2aA3,word_length,1,0.508630868415828
T2aA3,word_part_speech,0,0.4894080528846154
T2aA3,word_part_speech,1,0.5533757858727811
T2bHa4,delta_volume,0,0.5378070697888259
T2bHa4,delta_volume,1,0.5306416726748377
T2bHa4,face_num,0,0.5154174895248843
T2bHa4,face_num,1,0.5360542511728994
T2bHa4,frame_brightness,0,0.48139034304044803
T2bHa4,frame_brightness,1,0.5035996781710081
T2bHa4,global_flow,0,0.48833369904809676
T2bHa4,global_flow,1,0.4985893859126673
T2bHa4,gpt2_surprisal,0,0.5209397824519607
T2bHa4,gpt2_surprisal,1,0.5076695610377939
T2bHa4,local_flow,0,0.49865207987210436
T2bHa4,local_flow,1,0.517664023071377
T2bHa4,onset,0,0.5142030664306538
T2bHa4,onset,1,0.5733092982090796
T2bHa4,pitch,0,0.5401136850464459
T2bHa4,pitch,1,0.5302655089182158
T2bHa4,speech,0,0.50984817612823
T2bHa4,speech,1,0.5422191571842052
T2bHa4,volume,0,0.48582594067061646
T2bHa4,volume,1,0.4732453528102567
T2bHa4,word_gap,0,0.4911079067531844
T2bHa4,word_gap,1,0.4838092849753926
T2bHa4,word_head_pos,0,0.509158542574423
T2bHa4,word_head_pos,1,0.5099474415640053
T2bHa4,word_index,0,0.5191424286439696
T2bHa4,word_index,1,0.506028506985038
T2bHa4,word_length,0,0.49077353896952025
T2bHa4,word_length,1,0.5181394522637744
T2bHa4,word_part_speech,0,0.4703795303254438
T2bHa4,word_part_speech,1,0.5267774593195267
T1bIc3,delta_volume,0,0.6172220306573462
T1bIc3,delta_volume,1,0.5964337586073583
T1bIc3,face_num,0,0.4958778721670167
T1bIc3,face_num,1,0.5244454196838135
T1bIc3,frame_brightness,0,0.45757708744762443
T1bIc3,frame_brightness,1,0.5103131563273878
T1bIc3,global_flow,0,0.4846295309446935
T1bIc3,global_flow,1,0.4797707490883254
T1bIc3,gpt2_surprisal,0,0.5453747531425347
T1bIc3,gpt2_surprisal,1,0.5315193881069559
T1bIc3,local_flow,0,0.49486431982278506
T1bIc3,local_flow,1,0.5125701388671201
T1bIc3,onset,0,0.6466185964181592
T1bIc3,onset,1,0.6851181799250312
T1bIc3,pitch,0,0.538431397134886
T1bIc3,pitch,1,0.5135941402045913
T1bIc3,speech,0,0.5220996207015454
T1bIc3,speech,1,0.5294766099286333
T1bIc3,volume,0,0.5371566199596669
T1bIc3,volume,1,0.5381910702903775
T1bIc3,word_gap,0,0.5243566032412776
T1bIc3,word_gap,1,0.5172356143485575
T1bIc3,word_head_pos,0,0.5494785952373489
T1bIc3,word_head_pos,1,0.5381858457937577
T1bIc3,word_index,0,0.6350657172211004
T1bIc3,word_index,1,0.658955373696579
T1bIc3,word_length,0,0.5273815867841134
T1bIc3,word_length,1,0.502957065086779
T1bIc3,word_part_speech,0,0.4952905417899408
T1bIc3,word_part_speech,1,0.5153823039940828
F3dIe7,delta_volume,0,0.5178468804530683
F3dIe7,delta_volume,1,0.4988610597368943
F3dIe7,face_num,0,0.48378316249229386
F3dIe7,face_num,1,0.5087405828448428
F3dIe7,frame_brightness,0,0.47332372025955305
F3dIe7,frame_brightness,1,0.4943523191540495
F3dIe7,global_flow,0,0.48359246836567293
F3dIe7,global_flow,1,0.4847340208770885
F3dIe7,gpt2_surprisal,0,0.5092891549899168
F3dIe7,gpt2_surprisal,1,0.47957744271339453
F3dIe7,local_flow,0,0.5213420686916815
F3dIe7,local_flow,1,0.5022413090498731
F3dIe7,onset,0,0.5372370887130362
F3dIe7,onset,1,0.5380245210329029
F3dIe7,pitch,0,0.48361075410384213
F3dIe7,pitch,1,0.5101250744490768
F3dIe7,speech,0,0.5115095660533107
F3dIe7,speech,1,0.5224914579480268
F3dIe7,volume,0,0.49629060739997694
F3dIe7,volume,1,0.5165303073048911
F3dIe7,word_gap,0,0.5195239438680084
F3dIe7,word_gap,1,0.511399851624296
F3dIe7,word_head_pos,0,0.5116192804823255
F3dIe7,word_head_pos,1,0.5068754375515919
F3dIe7,word_index,0,0.5282117594265537
F3dIe7,word_index,1,0.47987151781391346
F3dIe7,word_length,0,0.4836525500768001
F3dIe7,word_length,1,0.4681671420958591
F3dIe7,word_part_speech,0,0.4681952662721893
F3dIe7,word_part_speech,1,0.5153014053254438
T1cIf4,delta_volume,0,0.6660762985486348
T1cIf4,delta_volume,1,0.6384073644504352
T1cIf4,face_num,0,0.5038922499817143
T1cIf4,face_num,1,0.5308506525396278
T1cIf4,frame_brightness,0,0.46941057229135974
T1cIf4,frame_brightness,1,0.49646562803673866
T1cIf4,global_flow,0,0.47481792629280173
T1cIf4,global_flow,1,0.4935425221779881
T1cIf4,gpt2_surprisal,0,0.5214831301004148
T1cIf4,gpt2_surprisal,1,0.5030302080394554
T1cIf4,local_flow,0,0.49535019800842195
T1cIf4,local_flow,1,0.492811092651223
T1cIf4,onset,0,0.6383147646813828
T1cIf4,onset,1,0.6902332361516035
T1cIf4,pitch,0,0.5167967566324985
T1cIf4,pitch,1,0.5222406821102787
T1cIf4,speech,0,0.526258320010867
T1cIf4,speech,1,0.5542407239062517
T1cIf4,volume,0,0.5313443674701942
T1cIf4,volume,1,0.5136516096674085
T1cIf4,word_gap,0,0.4965466077343448
T1cIf4,word_gap,1,0.506750049632718
T1cIf4,word_head_pos,0,0.5219481102995727
T1cIf4,word_head_pos,1,0.5495856974180537
T1cIf4,word_index,0,0.5971705577402251
T1cIf4,word_index,1,0.5653924729278115
T1cIf4,word_length,0,0.5177972477351807
T1cIf4,word_length,1,0.49135868259093235
T1cIf4,word_part_speech,0,0.5061829696745562
T1cIf4,word_part_speech,1,0.5567388590976331
T2c4,delta_volume,0,0.5557244809462608
T2c4,delta_volume,1,0.5522136192177883
T2c4,face_num,0,0.5070791929197622
T2c4,face_num,1,0.5003866127498616
T2c4,frame_brightness,0,0.45946835522397417
T2c4,frame_brightness,1,0.5100101355234423
T2c4,global_flow,0,0.4971317513557569
T2c4,global_flow,1,0.49125941715515714
T2c4,gpt2_surprisal,0,0.5141401001013552
T2c4,gpt2_surprisal,1,0.48620210442723844
T2c4,local_flow,0,0.5076643365411742
T2c4,local_flow,1,0.5349205354064136
T2c4,onset,0,0.546582153269471
T2c4,onset,1,0.5766933048729695
T2c4,pitch,0,0.5330919615895009
T2c4,pitch,1,0.523593826734794
T2c4,speech,0,0.5042710259866461
T2c4,speech,1,0.5164049193860172
T2c4,volume,0,0.5111595247797874
T2c4,volume,1,0.4804969541184707
T2c4,word_gap,0,0.5003657147633825
T2c4,word_gap,1,0.5035056372318527
T2c4,word_head_pos,0,0.5366393947943116
T2c4,word_head_pos,1,0.5532585185417385
T2c4,word_index,0,0.5262455568545482
T2c4,word_index,1,0.5314415276154036
T2c4,word_length,0,0.5133120173871247
T2c4,word_length,1,0.4948695443194048
T2c4,word_part_speech,0,0.5134465144230769
T2c4,word_part_speech,1,0.5347575351331362
T3bOT9,delta_volume,0,0.5468532856859242
T3bOT9,delta_volume,1,0.5237296636469077
T3bOT9,face_num,0,0.5117446684011996
T3bOT9,face_num,1,0.5204068837967462
T3bOT9,frame_brightness,0,0.46355391158061915
T3bOT9,frame_brightness,1,0.4893472513923284
T3bOT9,global_flow,0,0.49287378661066006
T3bOT9,global_flow,1,0.4845459389987775
T3bOT9,gpt2_surprisal,0,0.5310753058942771
T3bOT9,gpt2_surprisal,1,0.49209533661431726
T3bOT9,local_flow,0,0.4761031524612604
T3bOT9,local_flow,1,0.5026226973031148
T3bOT9,onset,0,0.5473695855893377
T3bOT9,onset,1,0.5937760308204914
T3bOT9,pitch,0,0.52200035526577
T3bOT9,pitch,1,0.5214726811071754
T3bOT9,speech,0,0.5261590545750917
T3bOT9,speech,1,0.5233378264004264
T3bOT9,volume,0,0.4841070812827184
T3bOT9,volume,1,0.5109087489420394
T3bOT9,word_gap,0,0.49719444531519386
T3bOT9,word_gap,1,0.5110550348473925
T3bOT9,word_head_pos,0,0.5163735724062987
T3bOT9,word_head_pos,1,0.5334524518562636
T3bOT9,word_index,0,0.4979511342567991
T3bOT9,word_index,1,0.5327641383545305
T3bOT9,word_length,0,0.5174654921998265
T3bOT9,word_length,1,0.5045505365558028
T3bOT9,word_part_speech,0,0.499358589127219
T3bOT9,word_part_speech,1,0.49165010170118345
F3aOFa3,delta_volume,0,0.5792451647283784
F3aOFa3,delta_volume,1,0.5461845501185961
F3aOFa3,face_num,0,0.48078952592917673
F3aOFa3,face_num,1,0.5130037720865595
F3aOFa3,frame_brightness,0,0.4603983156222898
F3aOFa3,frame_brightness,1,0.4752202125325225
F3aOFa3,global_flow,0,0.49482252384982706
F3aOFa3,global_flow,1,0.4833443047762348
F3aOFa3,gpt2_surprisal,0,0.5167392871696812
F3aOFa3,gpt2_surprisal,1,0.49439933962362725
F3aOFa3,local_flow,0,0.5025809013301568
F3aOFa3,local_flow,1,0.4814269145167863
F3aOFa3,onset,0,0.5067094439816743
F3aOFa3,onset,1,0.5743960849645982
F3aOFa3,pitch,0,0.5502910044617201
F3aOFa3,pitch,1,0.5311066528739956
F3aOFa3,speech,0,0.5158041022747458
F3aOFa3,speech,1,0.4929260315768576
F3aOFa3,volume,0,0.5060316813475021
F3aOFa3,volume,1,0.4957942802211007
F3aOFa3,word_gap,0,0.4953867694847602
F3aOFa3,word_gap,1,0.5083539700949814
F3aOFa3,word_head_pos,0,0.5106527486076717
F3aOFa3,word_head_pos,1,0.5054491499743999
F3aOFa3,word_index,0,0.5075636801643816
F3aOFa3,word_index,1,0.5020252476942879
F3aOFa3,word_length,0,0.4795304222438168
F3aOFa3,word_length,1,0.4938873389548917
F3aOFa3,word_part_speech,0,0.48890532544378695
F3aOFa3,word_part_speech,1,0.5363235022189349
F3bIaOFb1,delta_volume,0,0.5650658809023751
F3bIaOFb1,delta_volume,1,0.5511008014377815
F3bIaOFb1,face_num,0,0.4933544402996771
F3bIaOFb1,face_num,1,0.5368118031827633
F3bIaOFb1,frame_brightness,0,0.46250378776004936
F3bIaOFb1,frame_brightness,1,0.5012956751616982
F3bIaOFb1,global_flow,0,0.48110038347805184
F3bIaOFb1,global_flow,1,0.4902092933345872
F3bIaOFb1,gpt2_surprisal,0,0.509367522439213
F3bIaOFb1,gpt2_surprisal,1,0.49765158876942206
F3bIaOFb1,local_flow,0,0.492288642989248
F3bIaOFb1,local_flow,1,0.5003657147633825
F3bIaOFb1,onset,0,0.5315363390254061
F3bIaOFb1,onset,1,0.5934311224489796
F3bIaOFb1,pitch,0,0.5267859941694618
F3bIaOFb1,pitch,1,0.5529084772682152
F3bIaOFb1,speech,0,0.49288946010051926
F3bIaOFb1,speech,1,0.5269166065849555
F3bIaOFb1,volume,0,0.5011911852293032
F3bIaOFb1,volume,1,0.49067427353374504
F3bIaOFb1,word_gap,0,0.5325538384376665
F3bIaOFb1,word_gap,1,0.5034324942791761
F3bIaOFb1,word_head_pos,0,0.5394423372308078
F3bIaOFb1,word_head_pos,1,0.5248895018964923
F3bIaOFb1,word_index,0,0.5053376790543334
F3bIaOFb1,word_index,1,0.5106930716453514
F3bIaOFb1,word_length,0,0.4698206952760102
F3bIaOFb1,word_length,1,0.4809619343176285
F3bIaOFb1,word_part_speech,0,0.4927017843934911
F3bIaOFb1,word_part_speech,1,0.5440088757396451
F3bIaOFb13,delta_volume,0,0.5578064428492314
F3bIaOFb13,delta_volume,1,0.5593293836138888
F3bIaOFb13,face_num,0,0.5064522533253921
F3bIaOFb13,face_num,1,0.5283376696655276
F3bIaOFb13,frame_brightness,0,0.4780936856733854
F3bIaOFb13,frame_brightness,1,0.4914057030605101
F3bIaOFb13,global_flow,0,0.48372046853285694
F3bIaOFb13,global_flow,1,0.4759255195761889
F3bIaOFb13,gpt2_surprisal,0,0.5190746371587097
F3bIaOFb13,gpt2_surprisal,1,0.4953867694847601
F3bIaOFb13,local_flow,0,0.47324012831363704
F3bIaOFb13,local_flow,1,0.5231941527433832
F3bIaOFb13,onset,0,0.5508121615993337
F3bIaOFb13,onset,1,0.574936224489796
F3bIaOFb13,pitch,0,0.500104489932395
F3bIaOFb13,pitch,1,0.5362005370782525
F3bIaOFb13,speech,0,0.5093413999561143
F3bIaOFb13,speech,1,0.5389590712934809
F3bIaOFb13,volume,0,0.453773653908446
F3bIaOFb13,volume,1,0.4948120748565875
F3bIaOFb13,word_gap,0,0.4855856138261079
F3bIaOFb13,word_gap,1,0.4845093675224392
F3bIaOFb13,word_head_pos,0,0.5065619677544069
F3bIaOFb13,word_head_pos,1,0.5290429767091941
F3bIaOFb13,word_index,0,0.522691040493145
F3bIaOFb13,word_index,1,0.5184279826643521
F3bIaOFb13,word_length,0,0.5126485063164165
F3bIaOFb13,word_length,1,0.5341629833965498
F3bIaOFb13,word_part_speech,0,0.4911993805473373
F3bIaOFb13,word_part_speech,1,0.5283896542159763
F3cId9,delta_volume,0,0.6505255843599469
F3cId9,delta_volume,1,0.6688923022266804
F3cId9,face_num,0,0.5075076016425817
F3cId9,face_num,1,0.5228623972080291
F3cId9,frame_brightness,0,0.4580263941569229
F3cId9,frame_brightness,1,0.4965048117613867
F3cId9,global_flow,0,0.473932374115754
F3cId9,global_flow,1,0.4959405661264537
F3cId9,gpt2_surprisal,0,0.5195709643375861
F3cId9,gpt2_surprisal,1,0.4975601600785765
F3cId9,local_flow,0,0.4992685704732349
F3cId9,local_flow,1,0.5008829399287379
F3cId9,onset,0,0.5802790503956685
F3cId9,onset,1,0.6662913890045814
F3cId9,pitch,0,0.5167706341493997
F3cId9,pitch,1,0.5350563723185271
F3cId9,speech,0,0.5218854163401356
F3cId9,speech,1,0.5647053906356123
F3cId9,volume,0,0.47896617660888374
F3cId9,volume,1,0.49593534162983394
F3cId9,word_gap,0,0.5195970868206848
F3cId9,word_gap,1,0.5212114562761878
F3cId9,word_head_pos,0,0.5423576063446287
F3cId9,word_head_pos,1,0.5772337335297744
F3cId9,word_index,0,0.5335199159197459
F3cId9,word_index,1,0.5916557433190444
F3cId9,word_length,0,0.5056267828594715
F3cId9,word_length,1,0.5244976646500109
F3cId9,word_part_speech,0,0.5038889145710059
F3cId9,word_part_speech,1,0.5668974204881657
T2aA4,delta_volume,0,0.5500585143621413
T2aA4,delta_volume,1,0.5218383958705579
T2aA4,face_num,0,0.5038452295121365
T2aA4,face_num,1,0.5390844592123548
T2aA4,frame_brightness,0,0.4673991410927557
T2aA4,frame_brightness,1,0.4944150131134865
T2aA4,global_flow,0,0.49924767248675594
T2aA4,global_flow,1,0.5113423821614788
T2aA4,gpt2_surprisal,0,0.5112509534706331
T2aA4,gpt2_surprisal,1,0.4971213023625174
T2aA4,local_flow,0,0.4975183641056184
T2aA4,local_flow,1,0.4968862000146286
T2aA4,onset,0,0.5329094648063306
T2aA4,onset,1,0.5960146813827571
T2aA4,pitch,0,0.5044617201132671
T2aA4,pitch,1,0.532292613606679
T2aA4,speech,0,0.515780592039957
T2aA4,speech,1,0.5742818929396153
T2aA4,volume,0,0.49106611078022633
T2aA4,volume,1,0.476928622927181
T2aA4,word_gap,0,0.4959614641129327
T2aA4,word_gap,1,0.48555949134300913
T2aA4,word_head_pos,0,0.5208196190297065
T2aA4,word_head_pos,1,0.5230034586167622
T2aA4,word_index,0,0.49238908373779244
T2aA4,word_index,1,0.4940895832595269
T2aA4,word_length,0,0.49988767332267536
T2aA4,word_length,1,0.5120215667220464
T2aA4,word_part_speech,0,0.4827165772928994
T2aA4,word_part_speech,1,0.5444827107988166
T2bHa5,delta_volume,0,0.5651886565729392
T2bHa5,delta_volume,1,0.5395912353844707
T2bHa5,face_num,0,0.5018285738169128
T2bHa5,face_num,1,0.5279928528886242
T2bHa5,frame_brightness,0,0.46466150486400637
T2bHa5,frame_brightness,1,0.51676540965278
T2bHa5,global_flow,0,0.46993302195333475
T2bHa5,global_flow,1,0.5120999341713426
T2bHa5,gpt2_surprisal,0,0.5152633668746017
T2bHa5,gpt2_surprisal,1,0.5003866127498616
T2bHa5,local_flow,0,0.5068806620482118
T2bHa5,local_flow,1,0.4945142785492618
T2bHa5,onset,0,0.5493869741774261
T2bHa5,onset,1,0.611366357767597
T2bHa5,pitch,0,0.5227631317722538
T2bHa5,pitch,1,0.5200881895029413
T2bHa5,speech,0,0.5249992163255071
T2bHa5,speech,1,0.5534309269301902
T2bHa5,volume,0,0.4754866618601298
T2bHa5,volume,1,0.4641286062087917
T2bHa5,word_gap,0,0.4901883953481082
T2bHa5,word_gap,1,0.4578487612718515
T2bHa5,word_head_pos,0,0.5147278559710772
T2bHa5,word_head_pos,1,0.5259892584349498
T2bHa5,word_index,0,0.5135862826371914
T2bHa5,word_index,1,0.5006790189062482
T2bHa5,word_length,0,0.49720489430843345
T2bHa5,word_length,1,0.5181028807874362
T2bHa5,word_part_speech,0,0.49150275055473375
T2bHa5,word_part_speech,1,0.541784162352071
T1bIc4,delta_volume,0,0.6331410718577265
T1bIc4,delta_volume,1,0.6146254558373301
T1bIc4,face_num,0,0.4760927034680209
T1bIc4,face_num,1,0.49722579229491237
T1bIc4,frame_brightness,0,0.4828061816244005
T1bIc4,frame_brightness,1,0.5109505449149975
T1bIc4,global_flow,0,0.49549909616208476
T1bIc4,global_flow,1,0.5063843348693353
T1bIc4,gpt2_surprisal,0,0.557270931945707
T1bIc4,gpt2_surprisal,1,0.548974431313543
T1bIc4,local_flow,0,0.5071157643961004
T1bIc4,local_flow,1,0.521122639833652
T1bIc4,onset,0,0.6799575697625989
T1bIc4,onset,1,0.7086955955851728
T1bIc4,pitch,0,0.5193097395065984
T1bIc4,pitch,1,0.5091689915676625
T1bIc4,speech,0,0.5080509492910359
T1bIc4,speech,1,0.5410175229616627
T1bIc4,volume,0,0.5216868854685851
T1bIc4,volume,1,0.5295915488542678
T1bIc4,word_gap,0,0.525020114311986
T1bIc4,word_gap,1,0.49679738357209285
T1bIc4,word_head_pos,0,0.517057981463486
T1bIc4,word_head_pos,1,0.5363154760038871
T1bIc4,word_index,0,0.6315938640308925
T1bIc4,word_index,1,0.6251107096042796
T1bIc4,word_length,0,0.5196075358139243
T1bIc4,word_length,1,0.5090592771386477
T1bIc4,word_part_speech,0,0.49528476331360943
T1bIc4,word_part_speech,1,0.5387620192307693
F3dIe8,delta_volume,0,0.5451083038149274
F3dIe8,delta_volume,1,0.5035526577014304
F3dIe8,face_num,0,0.4767562145387292
F3dIe8,face_num,1,0.4912907641348756
F3dIe8,frame_brightness,0,0.4777175219167633
F3dIe8,frame_brightness,1,0.4925864392965738
F3dIe8,global_flow,0,0.48494300074187857
F3dIe8,global_flow,1,0.4874403101261193
F3dIe8,gpt2_surprisal,0,0.5049110268225656
F3dIe8,gpt2_surprisal,1,0.48823443361232144
F3dIe8,local_flow,0,0.5065880902375056
F3dIe8,local_flow,1,0.5101825439118941
F3dIe8,onset,0,0.5291805497709288
F3dIe8,onset,1,0.5619989067055393
F3dIe8,pitch,0,0.47862658432859995
F3dIe8,pitch,1,0.514795774427134
F3dIe8,speech,0,0.47767572594380525
F3dIe8,speech,1,0.49978579563859027
F3dIe8,volume,0,0.4987774677909783
F3dIe8,volume,1,0.5311432243503339
F3dIe8,word_gap,0,0.5103915237766841
F3dIe8,word_gap,1,0.4990857130915437
F3dIe8,word_head_pos,0,0.4952718305591256
F3dIe8,word_head_pos,1,0.5049058023259458
F3dIe8,word_index,0,0.5178139133926147
F3dIe8,word_index,1,0.5073865447975343
F3dIe8,word_length,0,0.4852590827873735
F3dIe8,word_length,1,0.5105325851854174
F3dIe8,word_part_speech,0,0.4931467270710058
F3dIe8,word_part_speech,1,0.5154920950443787
T1cIf5,delta_volume,0,0.6470330083696435
T1cIf5,delta_volume,1,0.6090927139170141
T1cIf5,face_num,0,0.5077270305006113
T1cIf5,face_num,1,0.5295915488542678
T1cIf5,frame_brightness,0,0.46302101292540465
T1cIf5,frame_brightness,1,0.5045296385693239
T1cIf5,global_flow,0,0.4858807978851238
T1cIf5,global_flow,1,0.5037459640763613
T1cIf5,gpt2_surprisal,0,0.5280189753717229
T1cIf5,gpt2_surprisal,1,0.5080300513045568
T1cIf5,local_flow,0,0.5011441647597255
T1cIf5,local_flow,1,0.5026488197862136
T1cIf5,onset,0,0.6396943981674302
T1cIf5,onset,1,0.6966238025822573
T1cIf5,pitch,0,0.5110080143778147
T1cIf5,pitch,1,0.4972571392746309
T1cIf5,speech,0,0.5281704857736957
T1cIf5,speech,1,0.5885395442149148
T1cIf5,volume,0,0.5150517747615018
T1cIf5,volume,1,0.5029466160935394
T1cIf5,word_gap,0,0.507021723456945
T1cIf5,word_gap,1,0.4911706007126214
T1cIf5,word_head_pos,0,0.5234762755608497
T1cIf5,word_head_pos,1,0.5580232594589511
T1cIf5,word_index,0,0.6066177773054168
T1cIf5,word_index,1,0.5654987541479198
T1cIf5,word_length,0,0.5229486014022549
T1cIf5,word_length,1,0.4905332121250118
T1cIf5,word_part_speech,0,0.49671493620562124
T1cIf5,word_part_speech,1,0.5393456453402368
T2c5,delta_volume,0,0.5464614484394428
T2c5,delta_volume,1,0.5371827424427656
T2c5,face_num,0,0.5042684137383363
T2c5,face_num,1,0.5317283679717458
T2c5,frame_brightness,0,0.47354314911758255
T2c5,frame_brightness,1,0.4830987534351065
T2c5,global_flow,0,0.49838040604787726
T2c5,global_flow,1,0.4975392620920974
T2c5,gpt2_surprisal,0,0.502115921130999
T2c5,gpt2_surprisal,1,0.4627179921214591
T2c5,local_flow,0,0.5207412515804102
T2c5,local_flow,1,0.5241580723697272
T2c5,onset,0,0.5426319762598917
T2c5,onset,1,0.566176853394419
T2c5,pitch,0,0.5127425472555719
T2c5,pitch,1,0.5057835177580641
T2c5,speech,0,0.5056163338662321
T2c5,speech,1,0.5022987785126903
T2c5,volume,0,0.49880881477069683
T2c5,volume,1,0.47304159744208646
T2c5,word_gap,0,0.4871790852951318
T2c5,word_gap,1,0.4936156651306646
T2c5,word_head_pos,0,0.5442932823422464
T2c5,word_head_pos,1,0.5566439923513369
T2c5,word_index,0,0.5479505438055763
T2c5,word_index,1,0.5316895171289899
T2c5,word_length,0,0.5056685788324295
T2c5,word_length,1,0.4996760812095755
T2c5,word_part_speech,0,0.5079974112426036
T2c5,word_part_speech,1,0.5344454974112426
T3bOT10,delta_volume,0,0.5630074292341933
T3bOT10,delta_volume,1,0.5609698755524906
T3bOT10,face_num,0,0.5007993479828219
T3bOT10,face_num,1,0.5203964348035067
T3bOT10,frame_brightness,0,0.4525641829409736
T3bOT10,frame_brightness,1,0.4844571225562417
T3bOT10,global_flow,0,0.4801573618381869
T3bOT10,global_flow,1,0.47811980815648414
T3bOT10,gpt2_surprisal,0,0.516890797571654
T3bOT10,gpt2_surprisal,1,0.4795878917066341
T3bOT10,local_flow,0,0.4778533588288768
T3bOT10,local_flow,1,0.4914945195030459
T3bOT10,onset,0,0.5548859850062474
T3bOT10,onset,1,0.5721118804664722
T3bOT10,pitch,0,0.5182909626657471
T3bOT10,pitch,1,0.5237453371367669
T3bOT10,speech,0,0.5545332957169576
T3bOT10,speech,1,0.5347324535281026
T3bOT10,volume,0,0.4605446015276428
T3bOT10,volume,1,0.49892897819295107
T3bOT10,word_gap,0,0.49345370573545244
T3bOT10,word_gap,1,0.5063007429234193
T3bOT10,word_head_pos,0,0.506979927483987
T3bOT10,word_head_pos,1,0.5226638663364784
T3bOT10,word_index,0,0.4996398247540771
T3bOT10,word_index,1,0.5409477923028778
T3bOT10,word_length,0,0.5259135032339634
T3bOT10,word_length,1,0.5134426298026186
T3bOT10,word_part_speech,0,0.4950478457840236
T3bOT10,word_part_speech,1,0.5031954974112427
F3aOFa4,delta_volume,0,0.578184591914569
F3aOFa4,delta_volume,1,0.5339435545385202
F3aOFa4,face_num,0,0.4886994138114793
F3aOFa4,face_num,1,0.5180872072975768
F3aOFa4,frame_brightness,0,0.4856953282551226
F3aOFa4,frame_brightness,1,0.502220411063394
F3aOFa4,global_flow,0,0.5065933147341254
F3aOFa4,global_flow,1,0.4839085504111678
F3aOFa4,gpt2_surprisal,0,0.5136542219157184
F3aOFa4,gpt2_surprisal,1,0.4879340250566858
F3aOFa4,local_flow,0,0.5016718389183201
F3aOFa4,local_flow,1,0.49378807351911647
F3aOFa4,onset,0,0.51228654727197
F3aOFa4,onset,1,0.5420495366513953
F3aOFa4,pitch,0,0.5285570985235573
F3aOFa4,pitch,1,0.5217757019111209
F3aOFa4,speech,0,0.4814843839796036
F3aOFa4,speech,1,0.47599866252886536
F3aOFa4,volume,0,0.5147017334879784
F3aOFa4,volume,1,0.5111072798135899
F3aOFa4,word_gap,0,0.5096966657262573
F3aOFa4,word_gap,1,0.5078785409025841
F3aOFa4,word_head_pos,0,0.4994618768481657
F3aOFa4,word_head_pos,1,0.49964995872647666
F3aOFa4,word_index,0,0.4882086890801951
F3aOFa4,word_index,1,0.48529186003944214
F3aOFa4,word_length,0,0.49555395337659214
F3aOFa4,word_length,1,0.4968862000146286
F3aOFa4,word_part_speech,0,0.507506240754438
F3aOFa4,word_part_speech,1,0.5183639977810651
F3bIaOFb2,delta_volume,0,0.5532167225687804
F3bIaOFb2,delta_volume,1,0.5369894360678349
F3bIaOFb2,face_num,0,0.4837727134990544
F3bIaOFb2,face_num,1,0.5132232009445891
F3bIaOFb2,frame_brightness,0,0.46472419882344335
F3bIaOFb2,frame_brightness,1,0.511692423435002
F3bIaOFb2,global_flow,0,0.5041430258194624
F3bIaOFb2,global_flow,1,0.5255268904841018
F3bIaOFb2,gpt2_surprisal,0,0.5084610722756863
F3bIaOFb2,gpt2_surprisal,1,0.4920587651379789
F3bIaOFb2,local_flow,0,0.47881466620691104
F3bIaOFb2,local_flow,1,0.49307231748221064
F3bIaOFb2,onset,0,0.5064556434818824
F3bIaOFb2,onset,1,0.5316469700124948
F3bIaOFb2,pitch,0,0.5107572385400666
F3bIaOFb2,pitch,1,0.5009351848949354
F3bIaOFb2,speech,0,0.5066821311766612
F3bIaOFb2,speech,1,0.5389251120654525
F3bIaOFb2,volume,0,0.48777729015809324
F3bIaOFb2,volume,1,0.5257619928319907
F3bIaOFb2,word_gap,0,0.5213263952018223
F3bIaOFb2,word_gap,1,0.530197590462159
F3bIaOFb2,word_head_pos,0,0.5006974702987367
F3bIaOFb2,word_head_pos,1,0.5008933889219773
F3bIaOFb2,word_index,0,0.48140669099325706
F3bIaOFb2,word_index,1,0.47120369386285
F3bIaOFb2,word_length,0,0.47904976855479975
F3bIaOFb2,word_length,1,0.47505825313731026
F3bIaOFb2,word_part_speech,0,0.5041316105769231
F3bIaOFb2,word_part_speech,1,0.5400737333579881
F3bIaOFb14,delta_volume,0,0.5285153025505993
F3bIaOFb14,delta_volume,1,0.5399778481343323
F3bIaOFb14,face_num,0,0.48686561549794677
F3bIaOFb14,face_num,1,0.5126380573231769
F3bIaOFb14,frame_brightness,0,0.4737834759620911
F3bIaOFb14,frame_brightness,1,0.5056790278256691
F3bIaOFb14,global_flow,0,0.49475982989039
F3bIaOFb14,global_flow,1,0.5017031858980388
F3bIaOFb14,gpt2_surprisal,0,0.49663803642519044
F3bIaOFb14,gpt2_surprisal,1,0.4631672988307577
F3bIaOFb14,local_flow,0,0.4973929761867444
F3bIaOFb14,local_flow,1,0.48430038765764916
F3bIaOFb14,onset,0,0.5645369117034569
F3bIaOFb14,onset,1,0.5676541024573095
F3bIaOFb14,pitch,0,0.49482252384982706
F3bIaOFb14,pitch,1,0.4966824446464582
F3bIaOFb14,speech,0,0.5058984566836986
F3bIaOFb14,speech,1,0.5148532438899511
F3bIaOFb14,volume,0,0.49189941799107656
F3bIaOFb14,volume,1,0.49630105639321653
F3bIaOFb14,word_gap,0,0.5007784499963428
F3bIaOFb14,word_gap,1,0.4788878091595875
F3bIaOFb14,word_head_pos,0,0.5139807529544528
F3bIaOFb14,word_head_pos,1,0.532355307566116
F3bIaOFb14,word_index,0,0.5755954700582184
F3bIaOFb14,word_index,1,0.550938226993068
F3bIaOFb14,word_length,0,0.5139023855051565
F3bIaOFb14,word_length,1,0.5274599542334096
F3bIaOFb14,word_part_speech,0,0.4716507951183432
F3bIaOFb14,word_part_speech,1,0.5214265902366865
T1aIb1,delta_volume,0,0.6245102034418983
T1aIb1,delta_volume,1,0.6253565718942979
T1aIb1,face_num,0,0.513432180809379
T1aIb1,face_num,1,0.5506567192251027
T1aIb1,frame_brightness,0,0.4712966155710897
T1aIb1,frame_brightness,1,0.4897652111219084
T1aIb1,global_flow,0,0.5074292341932854
T1aIb1,global_flow,1,0.5044878425963659
T1aIb1,gpt2_surprisal,0,0.5155428774437583
T1aIb1,gpt2_surprisal,1,0.4943732171405285
T1aIb1,local_flow,0,0.5067082536597599
T1aIb1,local_flow,1,0.48494822523849823
T1aIb1,onset,0,0.5664697001249479
T1aIb1,onset,1,0.6566795085381091
T1aIb1,pitch,0,0.49831248759182056
T1aIb1,pitch,1,0.5371409464698077
T1aIb1,speech,0,0.5412369518196922
T1aIb1,speech,1,0.5842659059799589
T1aIb1,volume,0,0.49185500976980867
T1aIb1,volume,1,0.5072777237913128
T1aIb1,word_gap,0,0.5023980439484655
T1aIb1,word_gap,1,0.4986677533619636
T1aIb1,word_head_pos,0,0.5232960304274683
T1aIb1,word_head_pos,1,0.5472869189053635
T1aIb1,word_index,0,0.4962978708328905
T1aIb1,word_index,1,0.49877776596875334
T1aIb1,word_length,0,0.49938089715055956
T1aIb1,word_length,1,0.5008568174456391
T1aIb1,word_part_speech,0,0.49427352995562124
T1aIb1,word_part_speech,1,0.5699484559911242
T2aA5,delta_volume,0,0.5424124635591361
T2aA5,delta_volume,1,0.5068231925853943
T2aA5,face_num,0,0.50335412682988
T2aA5,face_num,1,0.5433371994608319
T2aA5,frame_brightness,0,0.4725818417395484
T2aA5,frame_brightness,1,0.4855594913430091
T2aA5,global_flow,0,0.4893812106203568
T2aA5,global_flow,1,0.5120267912186661
T2aA5,gpt2_surprisal,0,0.5127529962488114
T2aA5,gpt2_surprisal,1,0.49277452117488474
T2aA5,local_flow,0,0.5097698086789337
T2aA5,local_flow,1,0.4993364889292917
T2aA5,onset,0,0.5322001249479383
T2aA5,onset,1,0.5891295293627654
T2aA5,pitch,0,0.5259866461866399
T2aA5,pitch,1,0.5347481270179619
T2aA5,speech,0,0.4985110184633711
T2aA5,speech,1,0.5416026665830748
T2aA5,volume,0,0.48009205563044005
T2aA5,volume,1,0.5027167382422704
T2aA5,word_gap,0,0.4963559136077239
T2aA5,word_gap,1,0.4881456171697857
T2aA5,word_head_pos,0,0.4985711001744982
T2aA5,word_head_pos,1,0.5220003552657702
T2aA5,word_index,0,0.4867916061454164
T2aA5,word_index,1,0.5058867986915601
T2aA5,word_length,0,0.5031555959583295
T2aA5,word_length,1,0.5270210965173506
T2aA5,word_part_speech,0,0.4766376201923077
T2aA5,word_part_speech,1,0.5349655602810651
T2bHa7,delta_volume,0,0.5775733258100583
T2bHa7,delta_volume,1,0.557500809796976
T2bHa7,face_num,0,0.4973773026968852
T2bHa7,face_num,1,0.5308506525396277
T2bHa7,frame_brightness,0,0.4571225562417061
T2bHa7,frame_brightness,1,0.4898540275644441
T2bHa7,global_flow,0,0.49623575018546967
T2bHa7,global_flow,1,0.5106788710907704
T2bHa7,gpt2_surprisal,0,0.5039653929343908
T2bHa7,gpt2_surprisal,1,0.472801270597578
T2bHa7,local_flow,0,0.5044251486369288
T2bHa7,local_flow,1,0.5056476808459506
T2bHa7,onset,0,0.607442211578509
T2bHa7,onset,1,0.6113663577675967
T2bHa7,pitch,0,0.5168855730750342
T2bHa7,pitch,1,0.49769599699068995
T2bHa7,speech,0,0.49760195605153446
T2bHa7,speech,1,0.540421930347011
T2bHa7,volume,0,0.49126725390008674
T2bHa7,volume,1,0.4790340950649405
T2bHa7,word_gap,0,0.49608162753518703
T2bHa7,word_gap,1,0.4869544319404825
T2bHa7,word_head_pos,0,0.5080822962707543
T2bHa7,word_head_pos,1,0.5234997857956387
T2bHa7,word_index,0,0.5099904346901902
T2bHa7,word_index,1,0.4925071739823573
T2bHa7,word_length,0,0.498155752693228
T2bHa7,word_length,1,0.5132963438972655
T2bHa7,word_part_speech,0,0.48333487426035504
T2bHa7,word_part_speech,1,0.5479093472633136
T1bIc5,delta_volume,0,0.6670193201884997
T1bIc5,delta_volume,1,0.6436214120769463
T1bIc5,face_num,0,0.45746737301860974
T1bIc5,face_num,1,0.4998798365777458
T1bIc5,frame_brightness,0,0.45017397573743767
T1bIc5,frame_brightness,1,0.5007418785200046
T1bIc5,global_flow,0,0.48220536451312923
T1bIc5,global_flow,1,0.5069694784907474
T1bIc5,gpt2_surprisal,0,0.5431961380520987
T1bIc5,gpt2_surprisal,1,0.5494237380228415
T1bIc5,local_flow,0,0.5009142869084564
T1bIc5,local_flow,1,0.5118700563200735
T1bIc5,onset,0,0.6727795710120783
T1bIc5,onset,1,0.7005023948354852
T1bIc5,pitch,0,0.5275644441658046
T1bIc5,pitch,1,0.4996186117467582
T1bIc5,speech,0,0.5275069747029874
T1bIc5,speech,1,0.5476265111856473
T1bIc5,volume,0,0.507836744929626
T1bIc5,volume,1,0.5112953616919009
T1bIc5,word_gap,0,0.5300356310669466
T1bIc5,word_gap,1,0.47285874006039524
T1bIc5,word_head_pos,0,0.5237975821029643
T1bIc5,word_head_pos,1,0.5230139076100018
T1bIc5,word_index,0,0.6486756179072047
T1bIc5,word_index,1,0.6493900638868223
T1bIc5,word_length,0,0.5266370960157988
T1bIc5,word_length,1,0.5208196190297065
T1bIc5,word_part_speech,0,0.4800758136094675
T1bIc5,word_part_speech,1,0.5114356046597633
F3dIe9,delta_volume,0,0.5498312487591821
F3dIe9,delta_volume,1,0.4826703447122869
F3dIe9,face_num,0,0.4570337397991703
F3dIe9,face_num,1,0.5056267828594715
F3dIe9,frame_brightness,0,0.4564015757081806
F3dIe9,frame_brightness,1,0.4894465168281036
F3dIe9,global_flow,0,0.4867689623104814
F3dIe9,global_flow,1,0.4872470037511886
F3dIe9,gpt2_surprisal,0,0.5242573378055024
F3dIe9,gpt2_surprisal,1,0.49905436611182513
F3dIe9,local_flow,0,0.5084845825104752
F3dIe9,local_flow,1,0.5039706174310105
F3dIe9,onset,0,0.5209417950853811
F3dIe9,onset,1,0.5463608912952936
F3dIe9,pitch,0,0.5187245958851865
F3dIe9,pitch,1,0.5360803736559983
F3dIe9,speech,0,0.5023249009957891
F3dIe9,speech,1,0.4940022778805262
F3dIe9,volume,0,0.5272509743686196
F3dIe9,volume,1,0.5408660125596899
F3dIe9,word_gap,0,0.490465293668955
F3dIe9,word_gap,1,0.5191843515877245
F3dIe9,word_head_pos,0,0.48555165459807953
F3dIe9,word_head_pos,1,0.5180297378347596
F3dIe9,word_index,0,0.5315005727376861
F3dIe9,word_index,1,0.5383261888735371
F3dIe9,word_length,0,0.5273894235290429
F3dIe9,word_length,1,0.5069329070144091
F3dIe9,word_part_speech,0,0.482358311760355
F3dIe9,word_part_speech,1,0.5205367048816568
T1cIf6,delta_volume,0,0.6134760665809849
T1cIf6,delta_volume,1,0.5810476160621925
T1cIf6,face_num,0,0.4972466902813914
T1cIf6,face_num,1,0.5188499838040604
T1cIf6,frame_brightness,0,0.4589197830789004
T1cIf6,frame_brightness,1,0.48585206315371515
T1cIf6,global_flow,0,0.45552908477268217
T1cIf6,global_flow,1,0.4809253628412903
T1cIf6,gpt2_surprisal,0,0.5137143036268456
T1cIf6,gpt2_surprisal,1,0.5117498928978192
T1cIf6,local_flow,0,0.4915781114489619
T1cIf6,local_flow,1,0.49763852752787263
T1cIf6,onset,0,0.6352366201582673
T1cIf6,onset,1,0.6621980424822991
T1cIf6,pitch,0,0.5092473590169587
T1cIf6,pitch,1,0.494258278214894
T1cIf6,speech,0,0.5194142294389936
T1cIf6,speech,1,0.5409287065191268
T1cIf6,volume,0,0.5061074365484886
T1cIf6,volume,1,0.4982706916188625
T1cIf6,word_gap,0,0.5118961788031723
T1cIf6,word_gap,1,0.47275425012800015
T1cIf6,word_head_pos,0,0.5053289865521456
T1cIf6,word_head_pos,1,0.5388441323678463
T1cIf6,word_index,0,0.6441114299547714
T1cIf6,word_index,1,0.5902386603842656
T1cIf6,word_length,0,0.5172434510934871
T1cIf6,word_length,1,0.49497403425179987
T1cIf6,word_part_speech,0,0.4931409485946745
T1cIf6,word_part_speech,1,0.5229174371301775
T2c6,delta_volume,0,0.5673176389454876
T2c6,delta_volume,1,0.5368483746591016
T2c6,face_num,0,0.5302237129452576
T2c6,face_num,1,0.5309525302237129
T2c6,frame_brightness,0,0.47946250378776
T2c6,frame_brightness,1,0.49408064532982254
T2c6,global_flow,0,0.4803611172063571
T2c6,global_flow,1,0.5107467895468272
T2c6,gpt2_surprisal,0,0.488746434281057
T2c6,gpt2_surprisal,1,0.46318819681723666
T2c6,local_flow,0,0.5113423821614788
T2c6,local_flow,1,0.5137769975862826
T2c6,onset,0,0.5182541128696376
T2c6,onset,1,0.5589858392336526
T2c6,pitch,0,0.5103497278037261
T2c6,pitch,1,0.5009769808678933
T2c6,speech,0,0.5029361671002999
T2c6,speech,1,0.5237662351232458
T2c6,volume,0,0.4894256188416246
T2c6,volume,1,0.4824456913576377
T2c6,word_gap,0,0.48488553127906125
T2c6,word_gap,1,0.48083132190213473
T2c6,word_head_pos,0,0.534387636751199
T2c6,word_head_pos,1,0.5465972853515564
T2c6,word_index,0,0.5455651208653653
T2c6,word_index,1,0.5552839479930562
T2c6,word_length,0,0.5097802576721733
T2c6,word_length,1,0.4855960628193473
T2c6,word_part_speech,0,0.4895062869822485
T2c6,word_part_speech,1,0.5324519230769231
T3bOT12,delta_volume,0,0.6007021723456945
T3bOT12,delta_volume,1,0.5711994399339624
T3bOT12,face_num,0,0.4907630899762808
T3bOT12,face_num,1,0.5062537224538416
T3bOT12,frame_brightness,0,0.4466004200495282
T3bOT12,frame_brightness,1,0.5269584025579136
T3bOT12,global_flow,0,0.4732453528102567
T3bOT12,global_flow,1,0.47426935414772786
T3bOT12,gpt2_surprisal,0,0.5292676300638434
T3bOT12,gpt2_surprisal,1,0.4918288872867099
T3bOT12,local_flow,0,0.4855385933565301
T3bOT12,local_flow,1,0.5112587902155628
T3bOT12,onset,0,0.5412848812994586
T3bOT12,onset,1,0.6201062057476052
T3bOT12,pitch,0,0.5091480935811834
T3bOT12,pitch,1,0.5283742411418659
T3bOT12,speech,0,0.5151667136871363
T3bOT12,speech,1,0.5559909302738681
T3bOT12,volume,0,0.4941590127791187
T3bOT12,volume,1,0.5002768983208468
T3bOT12,word_gap,0,0.5216712119787259
T3bOT12,word_gap,1,0.5235677042516954
T3bOT12,word_head_pos,0,0.5292388953324347
T3bOT12,word_head_pos,1,0.5428826682549136
T3bOT12,word_index,0,0.4886456229850853
T3bOT12,word_index,1,0.5342166483626788
T3bOT12,word_length,0,0.528227955236513
T3bOT12,word_length,1,0.5266710552438273
T3bOT12,word_part_speech,0,0.4926151072485207
T3bOT12,word_part_speech,1,0.5267427884615385
F3aOFa7,delta_volume,0,0.5658338819054785
F3aOFa7,delta_volume,1,0.5213890891612594
F3aOFa7,face_num,0,0.4950210547213776
F3aOFa7,face_num,1,0.504336332194393
F3aOFa7,frame_brightness,0,0.4808156484122754
F3aOFa7,frame_brightness,1,0.5004231842261998
F3aOFa7,global_flow,0,0.4955382798867329
F3aOFa7,global_flow,1,0.48791051482189696
F3aOFa7,gpt2_surprisal,0,0.4965466077343448
F3aOFa7,gpt2_surprisal,1,0.500146285905353
F3aOFa7,local_flow,0,0.49106611078022633
F3aOFa7,local_flow,1,0.48913304703091853
F3aOFa7,onset,0,0.5340222823823406
F3aOFa7,onset,1,0.5708884319033736
F3aOFa7,pitch,0,0.5016770634149399
F3aOFa7,pitch,1,0.5073090707710313
F3aOFa7,speech,0,0.5150517747615018
F3aOFa7,speech,1,0.5183275341420854
F3aOFa7,volume,0,0.5060760895687701
F3aOFa7,volume,1,0.5111438512899282
F3aOFa7,word_gap,0,0.4838824279280691
F3aOFa7,word_gap,1,0.4985214674566106
F3aOFa7,word_head_pos,0,0.4956741167988465
F3aOFa7,word_head_pos,1,0.49592489263659445
F3aOFa7,word_index,0,0.501859921351897
F3aOFa7,word_index,1,0.5049893128328669
F3aOFa7,word_length,0,0.4948956668025036
F3aOFa7,word_length,1,0.4761083769578801
F3aOFa7,word_part_speech,0,0.46269993528106507
F3aOFa7,word_part_speech,1,0.5075466900887574
F3bIaOFb3,delta_volume,0,0.594404041670585
F3bIaOFb3,delta_volume,1,0.5646740436558938
F3bIaOFb3,face_num,0,0.49890808020647215
F3bIaOFb3,face_num,1,0.5433789954337899
F3bIaOFb3,frame_brightness,0,0.4601109683082035
F3bIaOFb3,frame_brightness,1,0.5182282687063101
F3bIaOFb3,global_flow,0,0.4879993312644327
F3bIaOFb3,global_flow,1,0.5120894851781032
F3bIaOFb3,gpt2_surprisal,0,0.5213107217119631
F3bIaOFb3,gpt2_surprisal,1,0.49681828155857183
F3bIaOFb3,local_flow,0,0.4940858698264422
F3bIaOFb3,local_flow,1,0.49538154498814047
F3bIaOFb3,onset,0,0.5220481049562682
F3bIaOFb3,onset,1,0.5450983965014577
F3bIaOFb3,pitch,0,0.5204695777561832
F3bIaOFb3,pitch,1,0.502262207036352
F3bIaOFb3,speech,0,0.5102452378713311
F3bIaOFb3,speech,1,0.5426632393968841
F3bIaOFb3,volume,0,0.5018912677763497
F3bIaOFb3,volume,1,0.5147801009372748
F3bIaOFb3,word_gap,0,0.5143098962414971
F3bIaOFb3,word_gap,1,0.49654138323772506
F3bIaOFb3,word_head_pos,0,0.5110498103507728
F3bIaOFb3,word_head_pos,1,0.48371001953961734
F3bIaOFb3,word_index,0,0.5079888050448153
F3bIaOFb3,word_index,1,0.538562369362667
F3bIaOFb3,word_length,0,0.5048326593732694
F3bIaOFb3,word_length,1,0.4954076674712392
F3bIaOFb3,word_part_speech,0,0.4753316845414201
F3bIaOFb3,word_part_speech,1,0.5212127866124261
F3bIaOFb15,delta_volume,0,0.5421251162450498
F3bIaOFb15,delta_volume,1,0.566659352371399
F3bIaOFb15,face_num,0,0.48071115847988044
F3bIaOFb15,face_num,1,0.5065097227882094
F3bIaOFb15,frame_brightness,0,0.4695046132305153
F3bIaOFb15,frame_brightness,1,0.476824132994786
F3bIaOFb15,global_flow,0,0.4892897819295111
F3bIaOFb15,global_flow,1,0.4974713436360407
F3bIaOFb15,gpt2_surprisal,0,0.5077322549972311
F3bIaOFb15,gpt2_surprisal,1,0.4763591527956281
F3bIaOFb15,local_flow,0,0.49658840370730284
F3bIaOFb15,local_flow,1,0.5063947838625747
F3bIaOFb15,onset,0,0.5303128904623073
F3bIaOFb15,onset,1,0.5796478029987504
F3bIaOFb15,pitch,0,0.4951673406267306
F3bIaOFb15,pitch,1,0.5153129995924892
F3bIaOFb15,speech,0,0.5266188102776297
F3bIaOFb15,speech,1,0.5440738534842169
F3bIaOFb15,volume,0,0.4978605686342121
F3bIaOFb15,volume,1,0.5326635528666812
F3bIaOFb15,word_gap,0,0.5139441814781146
F3bIaOFb15,word_gap,1,0.4913168866179744
F3bIaOFb15,word_head_pos,0,0.505699925812148
F3bIaOFb15,word_head_pos,1,0.5289750582531374
F3bIaOFb15,word_index,0,0.5383970430202761
F3bIaOFb15,word_index,1,0.5193490865719582
F3bIaOFb15,word_length,0,0.49985371409464696
F3bIaOFb15,word_length,1,0.5252238696801563
F3bIaOFb15,word_part_speech,0,0.48591785318047337
F3bIaOFb15,word_part_speech,1,0.5393167529585798
T1aIb2,delta_volume,0,0.6206257902051138
T1aIb2,delta_volume,1,0.6127289635643605
T1aIb2,face_num,0,0.5010396748273304
T1aIb2,face_num,1,0.5418534424208228
T1aIb2,frame_brightness,0,0.454630471354085
T1aIb2,frame_brightness,1,0.4772159702412672
T1aIb2,global_flow,0,0.5019957577087448
T1aIb2,global_flow,1,0.48631181885625324
T1aIb2,gpt2_surprisal,0,0.5181342277671547
T1aIb2,gpt2_surprisal,1,0.4804342601590337
T1aIb2,local_flow,0,0.49481207485658757
T1aIb2,local_flow,1,0.4828741000804572
T1aIb2,onset,0,0.5754177946688879
T1aIb2,onset,1,0.6437161599333612
T1aIb2,pitch,0,0.49981714261830873
T1aIb2,pitch,1,0.5343353917850016
T1aIb2,speech,0,0.5293877934860977
T1aIb2,speech,1,0.5670877610942185
T1aIb2,volume,0,0.4858363896638559
T1aIb2,volume,1,0.5177162680375745
T1aIb2,word_gap,0,0.4952091365996886
T1aIb2,word_gap,1,0.48546022590723387
T1aIb2,word_head_pos,0,0.5231915404950733
T1aIb2,word_head_pos,1,0.54002486860391
T1aIb2,word_index,0,0.5052491113709097
T1aIb2,word_index,1,0.5160897958219672
T1aIb2,word_length,0,0.5062067019842638
T1aIb2,word_length,1,0.5186775754156088
T1aIb2,word_part_speech,0,0.4862414478550296
T1aIb2,word_part_speech,1,0.5842386279585798
T2aA6,delta_volume,0,0.5532141103204705
T2aA6,delta_volume,1,0.5076721732861038
T2aA6,face_num,0,0.500987429861133
T2aA6,face_num,1,0.5446433236157695
T2aA6,frame_brightness,0,0.4744678850192784
T2aA6,frame_brightness,1,0.49982236711492845
T2aA6,global_flow,0,0.5034324942791762
T2aA6,global_flow,1,0.503584004681149
T2aA6,gpt2_surprisal,0,0.5002220411063394
T2aA6,gpt2_surprisal,1,0.4832215291056706
T2aA6,local_flow,0,0.5114782190735923
T2aA6,local_flow,1,0.5106736465941507
T2aA6,onset,0,0.5482936797167847
T2aA6,onset,1,0.5969127446897127
T2aA6,pitch,0,0.5186305549460309
T2aA6,pitch,1,0.5265404428283335
T2aA6,speech,0,0.512512669404303
T2aA6,speech,1,0.5517068430456725
T2aA6,volume,0,0.47750854205197335
T2aA6,volume,1,0.46766036592374327
T2aA6,word_gap,0,0.50209502314452
T2aA6,word_gap,1,0.4835585091376446
T2aA6,word_head_pos,0,0.5133120173871247
T2aA6,word_head_pos,1,0.5258717072610054
T2aA6,word_index,0,0.4825226438043953
T2aA6,word_index,1,0.4898737615285601
T2aA6,word_length,0,0.4956270963292687
T2aA6,word_length,1,0.5249469713593096
T2aA6,word_part_speech,0,0.477602625739645
T2aA6,word_part_speech,1,0.5512435281065088
T2bHa8,delta_volume,0,0.5902453423612634
T2bHa8,delta_volume,1,0.5601914255561478
T2bHa8,face_num,0,0.5022308600566335
T2bHa8,face_num,1,0.5330919615895009
T2bHa8,frame_brightness,0,0.4818971192125639
T2bHa8,frame_brightness,1,0.49762285403801343
T2bHa8,global_flow,0,0.49950367282112373
T2bHa8,global_flow,1,0.5133642623533223
T2bHa8,gpt2_surprisal,0,0.5070164989603252
T2bHa8,gpt2_surprisal,1,0.47449923199899696
T2bHa8,local_flow,0,0.5069381315110288
T2bHa8,local_flow,1,0.49714742484561614
T2bHa8,onset,0,0.5958454810495627
T2bHa8,onset,1,0.6202493752603082
T2bHa8,pitch,0,0.5116715254485231
T2bHa8,pitch,1,0.4982132221560453
T2bHa8,speech,0,0.5093100529763958
T2bHa8,speech,1,0.5485225123559345
T2bHa8,volume,0,0.5096809922363981
T2bHa8,volume,1,0.479316217882407
T2bHa8,word_gap,0,0.4980538750091429
T2bHa8,word_gap,1,0.48978088461176766
T2bHa8,word_head_pos,0,0.5196911277598404
T2bHa8,word_head_pos,1,0.5146651620116401
T2bHa8,word_index,0,0.5118149289687179
T2bHa8,word_index,1,0.5084375479741619
T2bHa8,word_length,0,0.4947572176420802
T2bHa8,word_length,1,0.5093100529763958
T2bHa8,word_part_speech,0,0.48387516179733725
T2bHa8,word_part_speech,1,0.5382997411242603
T1bIc6,delta_volume,0,0.7035829597818251
T1bIc6,delta_volume,1,0.7172554674357126
T1bIc6,face_num,0,0.48299426350271146
T1bIc6,face_num,1,0.5014680835501499
T1bIc6,frame_brightness,0,0.48819786213598326
T1bIc6,frame_brightness,1,0.5607870181707992
T1bIc6,global_flow,0,0.4938246449954547
T1bIc6,global_flow,1,0.5185156160203964
T1bIc6,gpt2_surprisal,0,0.5713666238257943
T1bIc6,gpt2_surprisal,1,0.5791511237892228
T1bIc6,local_flow,0,0.4848541842993428
T1bIc6,local_flow,1,0.5085054804969541
T1bIc6,onset,0,0.7268976468138275
T1bIc6,onset,1,0.7514382028321533
T1bIc6,pitch,0,0.5190119431992728
T1bIc6,pitch,1,0.5205636186953387
T1bIc6,speech,0,0.6046048713206482
T1bIc6,speech,1,0.6005506619437218
T1bIc6,volume,0,0.5379429067009394
T1bIc6,volume,1,0.5412735232960305
T1bIc6,word_gap,0,0.5672027000198531
T1bIc6,word_gap,1,0.5281182408074983
T1bIc6,word_head_pos,0,0.5666906993511175
T1bIc6,word_head_pos,1,0.5271099129598863
T1bIc6,word_index,0,0.6981377168432116
T1bIc6,word_index,1,0.6801879996693472
T1bIc6,word_length,0,0.5165485930430603
T1bIc6,word_length,1,0.49261778627629227
T1bIc6,word_part_speech,0,0.5232785919008875
T1bIc6,word_part_speech,1,0.5573340421597633
F3dIe10,delta_volume,0,0.5600973846169921
F3dIe10,delta_volume,1,0.5211592113099902
F3dIe10,face_num,0,0.49549648391377493
F3dIe10,face_num,1,0.4934380322455932
F3dIe10,frame_brightness,0,0.46156337836849415
F3dIe10,frame_brightness,1,0.4780571141970471
F3dIe10,global_flow,0,0.4833913252458126
F3dIe10,global_flow,1,0.4943784416371483
F3dIe10,gpt2_surprisal,0,0.5308924485125859
F3dIe10,gpt2_surprisal,1,0.5106318506211927
F3dIe10,local_flow,0,0.471855636709403
F3dIe10,local_flow,1,0.5046289040050991
F3dIe10,onset,0,0.5619273219491878
F3dIe10,onset,1,0.5196142232403165
F3dIe10,pitch,0,0.5459285497842283
F3dIe10,pitch,1,0.5472137759526869
F3dIe10,speech,0,0.4582614965048118
F3dIe10,speech,1,0.47799442023761013
F3dIe10,volume,0,0.5113110351817602
F3dIe10,volume,1,0.5537652947138543
F3dIe10,word_gap,0,0.48262332424270926
F3dIe10,word_gap,1,0.5278256689967922
F3dIe10,word_head_pos,0,0.518400677094762
F3dIe10,word_head_pos,1,0.4738775169012466
F3dIe10,word_index,0,0.5054144377133005
F3dIe10,word_index,1,0.5304968056588845
F3dIe10,word_length,0,0.49716309833547534
F3dIe10,word_length,1,0.5057991912479233
F3dIe10,word_part_speech,0,0.4953829974112426
F3dIe10,word_part_speech,1,0.4996301775147929
T1cIf7,delta_volume,0,0.62175166922667
T1cIf7,delta_volume,1,0.5876513797895573
T1cIf7,face_num,0,0.519027616689132
T1cIf7,face_num,1,0.5295654263711691
T1cIf7,frame_brightness,0,0.4680992236398023
T1cIf7,frame_brightness,1,0.5103862992800643
T1cIf7,global_flow,0,0.4683343259876911
T1cIf7,global_flow,1,0.505637231852711
T1cIf7,gpt2_surprisal,0,0.5140147121824812
T1cIf7,gpt2_surprisal,1,0.5081763372099098
T1cIf7,local_flow,0,0.4823150789421439
T1cIf7,local_flow,1,0.5036414741439662
T1cIf7,onset,0,0.6266789879216993
T1cIf7,onset,1,0.647633798417326
T1cIf7,pitch,0,0.5311641223368129
T1cIf7,pitch,1,0.5041743727991808
T1cIf7,speech,0,0.5045923325287609
T1cIf7,speech,1,0.5467278977670502
T1cIf7,volume,0,0.5022308600566335
T1cIf7,volume,1,0.4849064292655403
T1cIf7,word_gap,0,0.5349414333928927
T1cIf7,word_gap,1,0.499749224162252
T1cIf7,word_head_pos,0,0.5313887756914621
T1cIf7,word_head_pos,1,0.5476526336687461
T1cIf7,word_index,0,0.5666442295201993
T1cIf7,word_index,1,0.5358108666643049
T1cIf7,word_length,0,0.5158406737510841
T1cIf7,word_length,1,0.5211121908404126
T1cIf7,word_part_speech,0,0.48924047707100593
T1cIf7,word_part_speech,1,0.5061482988165681
T2c7,delta_volume,0,0.5810214935790936
T2c7,delta_volume,1,0.5769411617190684
T2c7,face_num,0,0.5416914830256105
T2c7,face_num,1,0.5350720458083864
T2c7,frame_brightness,0,0.4680939991431826
T2c7,frame_brightness,1,0.4719287796620795
T2c7,global_flow,0,0.4861655329509002
T2c7,global_flow,1,0.5063895593659551
T2c7,gpt2_surprisal,0,0.49285288862418103
T2c7,gpt2_surprisal,1,0.496478689278288
T2c7,local_flow,0,0.5029361671002999
T2c7,local_flow,1,0.49840130403435623
T2c7,onset,0,0.5305016139108705
T2c7,onset,1,0.5975504997917535
T2c7,pitch,0,0.5380238863985456
T2c7,pitch,1,0.5162116130110863
T2c7,speech,0,0.5026853912625519
T2c7,speech,1,0.5121574036341598
T2c7,volume,0,0.49615477048786344
T2c7,volume,1,0.48487508228582177
T2c7,word_gap,0,0.4726210254641965
T2c7,word_gap,1,0.48728357522752686
T2c7,word_head_pos,0,0.5214883545970346
T2c7,word_head_pos,1,0.5172199408586982
T2c7,word_index,0,0.5319965517648587
T2c7,word_index,1,0.5680022673326957
T2c7,word_length,0,0.49380897150559544
T2c7,word_length,1,0.4990386926219658
T2c7,word_part_speech,0,0.49442954881656803
T2c7,word_part_speech,1,0.510262573964497
T2d1,delta_volume,0,0.6094427551905375
T2d1,delta_volume,1,0.5476003887025486
T2d1,face_num,0,0.5078210714397668
T2d1,face_num,1,0.5257045233691733
T2d1,frame_brightness,0,0.47075326792263567
T2d1,frame_brightness,1,0.49880359027407706
T2d1,global_flow,0,0.5235781532449348
T2d1,global_flow,1,0.5225437029142243
T2d1,gpt2_surprisal,0,0.5146155292937526
T2d1,gpt2_surprisal,1,0.4913743560807916
T2d1,local_flow,0,0.5059768241329948
T2d1,local_flow,1,0.5169796140141897
T2d1,onset,0,0.5342370366513952
T2d1,onset,1,0.6072144418992086
T2d1,pitch,0,0.5181655747468731
T2d1,pitch,1,0.5408503390698306
T2d1,speech,0,0.5353593931224727
T2d1,speech,1,0.5341891058796485
T2d1,volume,0,0.5105796056549952
T2d1,volume,1,0.4953188510287034
T2d1,word_gap,0,0.5354691075514874
T2d1,word_gap,1,0.5065201717814488
T2d1,word_head_pos,0,0.5444003845229513
T2d1,word_head_pos,1,0.5387291934422118
T2d1,word_index,0,0.4999350503654893
T2d1,word_index,1,0.5298236912648646
T2d1,word_length,0,0.5287138334221497
T2d1,word_length,1,0.49438366613376805
T2d1,word_part_speech,0,0.5080523067677515
T2d1,word_part_speech,1,0.5019877958579881
F3aOFa8,delta_volume,0,0.565319268988433
F3aOFa8,delta_volume,1,0.5196023113173046
F3aOFa8,face_num,0,0.49521436109630834
F3aOFa8,face_num,1,0.5029361671002999
F3aOFa8,frame_brightness,0,0.4880672497204894
F3aOFa8,frame_brightness,1,0.5144666311400896
F3aOFa8,global_flow,0,0.4692224904130487
F3aOFa8,global_flow,1,0.470727145439537
F3aOFa8,gpt2_surprisal,0,0.5247275425012801
F3aOFa8,gpt2_surprisal,1,0.4940806453298225
F3aOFa8,local_flow,0,0.4761136014544999
F3aOFa8,local_flow,1,0.4933596647962969
F3aOFa8,onset,0,0.5760034881299458
F3aOFa8,onset,1,0.5887585901707622
F3aOFa8,pitch,0,0.5237296636469077
F3aOFa8,pitch,1,0.5189388002465962
F3aOFa8,speech,0,0.49770122148730966
F3aOFa8,speech,1,0.46268142064512086
F3aOFa8,volume,0,0.5010292258340909
F3aOFa8,volume,1,0.5048378838698891
F3aOFa8,word_gap,0,0.484577285978496
F3aOFa8,word_gap,1,0.5008411439557799
F3aOFa8,word_head_pos,0,0.49241664315643185
F3aOFa8,word_head_pos,1,0.49587787216701673
F3aOFa8,word_index,0,0.5330829820148557
F3aOFa8,word_index,1,0.5159362785040329
F3aOFa8,word_length,0,0.5032653103873441
F3aOFa8,word_length,1,0.46762901894402475
F3aOFa8,word_part_speech,0,0.4659532174556213
F3aOFa8,word_part_speech,1,0.4835313424556213
F3bIaOFb4,delta_volume,0,0.5885708911946335
F3bIaOFb4,delta_volume,1,0.5686812325632425
F3bIaOFb4,face_num,0,0.5185992079663124
F3bIaOFb4,face_num,1,0.5411011149075786
F3bIaOFb4,frame_brightness,0,0.44883128010616175
F3bIaOFb4,frame_brightness,1,0.5211174153370323
F3bIaOFb4,global_flow,0,0.4923356634588258
F3bIaOFb4,global_flow,1,0.5162534089840444
F3bIaOFb4,gpt2_surprisal,0,0.518818636824342
F3bIaOFb4,gpt2_surprisal,1,0.49045484467571543
F3bIaOFb4,local_flow,0,0.5024868603910013
F3bIaOFb4,local_flow,1,0.4890546795816224
F3bIaOFb4,onset,0,0.5438228862973761
F3bIaOFb4,onset,1,0.5759449187838401
F3bIaOFb4,pitch,0,0.5148323459034723
F3bIaOFb4,pitch,1,0.5074449076831448
F3bIaOFb4,speech,0,0.5118857298099329
F3bIaOFb4,speech,1,0.5465816118616971
F3bIaOFb4,volume,0,0.5061387835282071
F3bIaOFb4,volume,1,0.5118021378640167
F3bIaOFb4,word_gap,0,0.5085525009665319
F3bIaOFb4,word_gap,1,0.49663542417688056
F3bIaOFb4,word_head_pos,0,0.5071131521477905
F3bIaOFb4,word_head_pos,1,0.4947075849241926
F3bIaOFb4,word_index,0,0.5181799931507658
F3bIaOFb4,word_index,1,0.5243206858681404
F3bIaOFb4,word_length,0,0.5125988735985287
F3bIaOFb4,word_length,1,0.4926386842627713
F3bIaOFb4,word_part_speech,0,0.51244105954142
F3bIaOFb4,word_part_speech,1,0.541160086908284
F3bIaOFb16,delta_volume,0,0.5959008599521436
F3bIaOFb16,delta_volume,1,0.585352601276867
F3bIaOFb16,face_num,0,0.5222093351305601
F3bIaOFb16,face_num,1,0.5415034011472994
F3bIaOFb16,frame_brightness,0,0.45378932739830513
F3bIaOFb16,frame_brightness,1,0.48984357857120464
F3bIaOFb16,global_flow,0,0.5062955184267997
F3bIaOFb16,global_flow,1,0.5013322466380364
F3bIaOFb16,gpt2_surprisal,0,0.5098220536451312
F3bIaOFb16,gpt2_surprisal,1,0.5146808355014993
F3bIaOFb16,local_flow,0,0.4884381889804918
F3bIaOFb16,local_flow,1,0.5034690657555144
F3bIaOFb16,onset,0,0.5565324344023324
F3bIaOFb16,onset,1,0.5717084027488546
F3bIaOFb16,pitch,0,0.5121208321578216
F3bIaOFb16,pitch,1,0.5492931256073477
F3bIaOFb16,speech,0,0.5414929521540599
F3bIaOFb16,speech,1,0.5452754877067595
F3bIaOFb16,volume,0,0.5145658965758649
F3bIaOFb16,volume,1,0.543107321609563
F3bIaOFb16,word_gap,0,0.5079725818417395
F3bIaOFb16,word_gap,1,0.48402871383342216
F3bIaOFb16,word_head_pos,0,0.5252421554183254
F3bIaOFb16,word_head_pos,1,0.5557140319530214
F3bIaOFb16,word_index,0,0.5376176474061478
F3bIaOFb16,word_index,1,0.5433214062186322
F3bIaOFb16,word_length,0,0.47999540244297456
F3bIaOFb16,word_length,1,0.5014785325433895
F3bIaOFb16,word_part_speech,0,0.471951275887574
F3bIaOFb16,word_part_speech,1,0.559090698964497
T1aIb3,delta_volume,0,0.6294760874789713
T1aIb3,delta_volume,1,0.6161928048232553
T1aIb3,face_num,0,0.509095848614986
T1aIb3,face_num,1,0.5525636604913117
T1aIb3,frame_brightness,0,0.4733341692527925
T1aIb3,frame_brightness,1,0.49543901445095767
T1aIb3,global_flow,0,0.49985632634295685
T1aIb3,global_flow,1,0.48891361817288903
T1aIb3,gpt2_surprisal,0,0.5165982257609479
T1aIb3,gpt2_surprisal,1,0.4933387668098179
T1aIb3,local_flow,0,0.4932708483537611
T1aIb3,local_flow,1,0.47704356185281543
T1aIb3,onset,0,0.5691964285714286
T1aIb3,onset,1,0.626594387755102
T1aIb3,pitch,0,0.5017345328777572
T1aIb3,pitch,1,0.5520568843191959
T1aIb3,speech,0,0.5182648401826484
T1aIb3,speech,1,0.5430498521467456
T1aIb3,volume,0,0.5013557568728253
T1aIb3,volume,1,0.5210651703708348
T1aIb3,word_gap,0,0.5211174153370324
T1aIb3,word_gap,1,0.49470758492419264
T1aIb3,word_head_pos,0,0.5298736716717344
T1aIb3,word_head_pos,1,0.549935738691577
T1aIb3,word_index,0,0.5186877812023949
T1aIb3,word_index,1,0.5131139216589318
T1aIb3,word_length,0,0.5171467979060218
T1aIb3,word_length,1,0.531895551863578
T1aIb3,word_part_speech,0,0.48902667344674555
T1aIb3,word_part_speech,1,0.5676255085059172
T2aA7,delta_volume,0,0.5569052171823246
T2aA7,delta_volume,1,0.515798877778126
T2aA7,face_num,0,0.4973668537036457
T2aA7,face_num,1,0.528666812952572
T2aA7,frame_brightness,0,0.4766360511164749
T2aA7,frame_brightness,1,0.4899219460205009
T2aA7,global_flow,0,0.4994879993312645
T2aA7,global_flow,1,0.4962383624337795
T2aA7,gpt2_surprisal,0,0.5101825439118941
T2aA7,gpt2_surprisal,1,0.48456161248863666
T2aA7,local_flow,0,0.5125753633637399
T2aA7,local_flow,1,0.5015725734825449
T2aA7,onset,0,0.5420462827988338
T2aA7,onset,1,0.5997696272386506
T2aA7,pitch,0,0.5157570818051681
T2aA7,pitch,1,0.5140120999341713
T2aA7,speech,0,0.5113058106851405
T2aA7,speech,1,0.5527621913628622
T2aA7,volume,0,0.49134823359769286
T2aA7,volume,1,0.48155752693228004
T2aA7,word_gap,0,0.4896189252165554
T2aA7,word_gap,1,0.48238822189482045
T2aA7,word_head_pos,0,0.5221231309363343
T2aA7,word_head_pos,1,0.526968851551153
T2aA7,word_index,0,0.4747641147364816
T2aA7,word_index,1,0.4893541644524746
T2aA7,word_length,0,0.4953188510287034
T2aA7,word_length,1,0.5120163422254266
T2aA7,word_part_speech,0,0.4827628051035503
T2aA7,word_part_speech,1,0.5375138683431953
T2bHa9,delta_volume,0,0.6220912615069538
T2bHa9,delta_volume,1,0.5904046895081659
T2bHa9,face_num,0,0.49622791344054
T2bHa9,face_num,1,0.5191216576282875
T2bHa9,frame_brightness,0,0.46379946292174745
T2bHa9,frame_brightness,1,0.4983804060478773
T2bHa9,global_flow,0,0.48944129233148387
T2bHa9,global_flow,1,0.5098377271349905
T2bHa9,gpt2_surprisal,0,0.49762285403801343
T2bHa9,gpt2_surprisal,1,0.47518364105618427
T2bHa9,local_flow,0,0.5045609855490423
T2bHa9,local_flow,1,0.484263816181311
T2bHa9,onset,0,0.6163512598917118
T2bHa9,onset,1,0.6047740524781341
T2bHa9,pitch,0,0.5200725160130821
T2bHa9,pitch,1,0.5049267003124249
T2bHa9,speech,0,0.5128627106778262
T2bHa9,speech,1,0.5637284097677189
T2bHa9,volume,0,0.5255373394773414
T2bHa9,volume,1,0.5133642623533223
T2bHa9,word_gap,0,0.5051879251434125
T2bHa9,word_gap,1,0.4929312560734774
T2bHa9,word_head_pos,0,0.5242155418325444
T2bHa9,word_head_pos,1,0.5402077259856013
T2bHa9,word_index,0,0.5332955444550725
T2bHa9,word_index,1,0.518522454860004
T2bHa9,word_length,0,0.5159503881800989
T2bHa9,word_length,1,0.5147487539575563
T2bHa9,word_part_speech,0,0.49832424186390534
T2bHa9,word_part_speech,1,0.5332320173816568
T1bIc7,delta_volume,0,0.7176081209575457
T1bIc7,delta_volume,1,0.7140476265111855
T1bIc7,face_num,0,0.4831196514215855
T1bIc7,face_num,1,0.5143151207381169
T1bIc7,frame_brightness,0,0.460079621328485
T1bIc7,frame_brightness,1,0.5445440581799944
T1bIc7,global_flow,0,0.4559078607776141
T1bIc7,global_flow,1,0.4931506849315069
T1bIc7,gpt2_surprisal,0,0.5514482304629948
T1bIc7,gpt2_surprisal,1,0.5544497037710416
T1bIc7,local_flow,0,0.4771846232615488
T1bIc7,local_flow,1,0.4926543577526305
T1bIc7,onset,0,0.7310690857975843
T1bIc7,onset,1,0.7440584652228239
T1bIc7,pitch,0,0.5166765932102442
T1bIc7,pitch,1,0.5166191237474269
T1bIc7,speech,0,0.5954202062631266
T1bIc7,speech,1,0.5970084532355308
T1bIc7,volume,0,0.5111177288068295
T1bIc7,volume,1,0.5271621579260839
T1bIc7,word_gap,0,0.573304912071722
T1bIc7,word_gap,1,0.5403853588706728
T1bIc7,word_head_pos,0,0.5563853797686593
T1bIc7,word_head_pos,1,0.5368170276793831
T1bIc7,word_index,0,0.7010486413717362
T1bIc7,word_index,1,0.6791606145416326
T1bIc7,word_length,0,0.5253388086057907
T1bIc7,word_length,1,0.5179513703854633
T1bIc7,word_part_speech,0,0.5323652459319526
T1bIc7,word_part_speech,1,0.5523067677514792
F3dIe14,delta_volume,0,0.5410070739684231
F3dIe14,delta_volume,1,0.5323187360897776
F3dIe14,face_num,0,0.49516211613011085
F3dIe14,face_num,1,0.5038400050155167
F3dIe14,frame_brightness,0,0.4931559094281266
F3dIe14,frame_brightness,1,0.4818866702193243
F3dIe14,global_flow,0,0.48221842575467855
F3dIe14,global_flow,1,0.5021524926073373
F3dIe14,gpt2_surprisal,0,0.5368692726455806
F3dIe14,gpt2_surprisal,1,0.5188761062871592
F3dIe14,local_flow,0,0.4688411021598069
F3dIe14,local_flow,1,0.49653615874110535
F3dIe14,onset,0,0.5106661286963765
F3dIe14,onset,1,0.5500442523948356
F3dIe14,pitch,0,0.4891225980376791
F3dIe14,pitch,1,0.4856012873159671
F3dIe14,speech,0,0.5064940492983501
F3dIe14,speech,1,0.5344764531937347
F3dIe14,volume,0,0.4854105931893462
F3dIe14,volume,1,0.5114311986040144
F3dIe14,word_gap,0,0.5234423163328213
F3dIe14,word_gap,1,0.4872417792545688
F3dIe14,word_head_pos,0,0.5106422996144322
F3dIe14,word_head_pos,1,0.5197485972226575
F3dIe14,word_index,0,0.4896021539660609
F3dIe14,word_index,1,0.4846187456454223
F3dIe14,word_length,0,0.4986076716508364
F3dIe14,word_length,1,0.5027533097186087
F3dIe14,word_part_speech,0,0.4759557599852071
F3dIe14,word_part_speech,1,0.5233508228550295
T1cIf8,delta_volume,0,0.6760341891058796
T1cIf8,delta_volume,1,0.6755065149472849
T1cIf8,face_num,0,0.48897631213232606
T1cIf8,face_num,1,0.5184842690406779
T1cIf8,frame_brightness,0,0.4727333521415211
T1cIf8,frame_brightness,1,0.49964473422985695
T1cIf8,global_flow,0,0.4942948496912322
T1cIf8,global_flow,1,0.5046759244746769
T1cIf8,gpt2_surprisal,0,0.5072228665768053
T1cIf8,gpt2_surprisal,1,0.4803140967367795
T1cIf8,local_flow,0,0.4688567756496661
T1cIf8,local_flow,1,0.48658871717710006
T1cIf8,onset,0,0.6826062057476051
T1cIf8,onset,1,0.6942224593919202
T1cIf8,pitch,0,0.5262321975277682
T1cIf8,pitch,1,0.49860505940252664
T1cIf8,speech,0,0.5714711137581894
T1cIf8,speech,1,0.6123580243043583
T1cIf8,volume,0,0.560478772870234
T1cIf8,volume,1,0.5494394115127007
T1cIf8,word_gap,0,0.5357564548655737
T1cIf8,word_gap,1,0.4727699236178594
T1cIf8,word_head_pos,0,0.5277995465136934
T1cIf8,word_head_pos,1,0.580697574788669
T1cIf8,word_index,0,0.5891404211098121
T1cIf8,word_index,1,0.5759025046940872
T1cIf8,word_length,0,0.5367255989885376
T1cIf8,word_length,1,0.520871863995904
T1cIf8,word_part_speech,0,0.5185373520710059
T1cIf8,word_part_speech,1,0.5570624537721893
T2c8,delta_volume,0,0.589647137498302
T2c8,delta_volume,1,0.5870610116715254
T2c8,face_num,0,0.5284055881215844
T2c8,face_num,1,0.5250828082714231
T2c8,frame_brightness,0,0.4709674722840454
T2c8,frame_brightness,1,0.4971213023625174
T2c8,global_flow,0,0.49279541916136377
T2c8,global_flow,1,0.5102504623679508
T2c8,gpt2_surprisal,0,0.5077009080175124
T2c8,gpt2_surprisal,1,0.5038400050155167
T2c8,local_flow,0,0.5166452462305257
T2c8,local_flow,1,0.4999111835574642
T2c8,onset,0,0.5484628800499792
T2c8,onset,1,0.6159705591420241
T2c8,pitch,0,0.5329509001807675
T2c8,pitch,1,0.524434970690574
T2c8,speech,0,0.5126955267859942
T2c8,speech,1,0.5354795565447269
T2c8,volume,0,0.49475982989039
T2c8,volume,1,0.4905436611182513
T2c8,word_gap,0,0.482649446725808
T2c8,word_gap,1,0.5007680010031034
T2c8,word_head_pos,0,0.5284003636249648
T2c8,word_head_pos,1,0.5268800351086173
T2c8,word_index,0,0.5347244364143078
T2c8,word_index,1,0.5883964525690533
T2c8,word_length,0,0.49405974734334346
T2c8,word_length,1,0.5160862250922124
T2c8,word_part_speech,0,0.495885724852071
T2c8,word_part_speech,1,0.5077084874260355
T2d2,delta_volume,0,0.6041503401147299
T2d2,delta_volume,1,0.5484363081617086
T2d2,face_num,0,0.4949688097551801
T2d2,face_num,1,0.5328673082348516
T2d2,frame_brightness,0,0.4783078900347951
T2d2,frame_brightness,1,0.5036362496473465
T2d2,global_flow,0,0.5174654921998265
T2d2,global_flow,1,0.519027616689132
T2d2,gpt2_surprisal,0,0.5103915237766842
T2d2,gpt2_surprisal,1,0.4890285570985236
T2d2,local_flow,0,0.518714146891947
T2d2,local_flow,1,0.5005694701315528
T2d2,onset,0,0.5307814452311537
T2d2,onset,1,0.5981622240733029
T2d2,pitch,0,0.5307409381106131
T2d2,pitch,1,0.5250331755535353
T2d2,speech,0,0.5281443632905971
T2d2,speech,1,0.5394292759892585
T2d2,volume,0,0.504064658370166
T2d2,volume,1,0.5060447425890515
T2d2,word_gap,0,0.5425169534915311
T2d2,word_gap,1,0.5215144770801334
T2d2,word_head_pos,0,0.5348055964807791
T2d2,word_head_pos,1,0.5220317022454887
T2d2,word_index,0,0.5096774955420933
T2d2,word_index,1,0.5249465641643344
T2d2,word_length,0,0.5245603586094479
T2d2,word_length,1,0.5161593680448889
T2d2,word_part_speech,0,0.5206696098372781
T2d2,word_part_speech,1,0.5493770802514792
F3aOFa9,delta_volume,0,0.60268225656458
F3aOFa9,delta_volume,1,0.5651442483516713
F3aOFa9,face_num,0,0.5045557610524226
F3aOFa9,face_num,1,0.5068388660752536
F3aOFa9,frame_brightness,0,0.4928528886241811
F3aOFa9,frame_brightness,1,0.5015882469724042
F3aOFa9,global_flow,0,0.4746037219313919
F3aOFa9,global_flow,1,0.5123872814854289
F3aOFa9,gpt2_surprisal,0,0.5320287765273817
F3aOFa9,gpt2_surprisal,1,0.5136777321505073
F3aOFa9,local_flow,0,0.4746089464280116
F3aOFa9,local_flow,1,0.4892845574328913
F3aOFa9,onset,0,0.518286651395252
F3aOFa9,onset,1,0.5503045605997501
F3aOFa9,pitch,0,0.5013740426109945
F3aOFa9,pitch,1,0.4996447342298569
F3aOFa9,speech,0,0.5089182157299145
F3aOFa9,speech,1,0.5165825522710887
F3aOFa9,volume,0,0.5042527402484771
F3aOFa9,volume,1,0.4761971934004159
F3aOFa9,word_gap,0,0.5045818835355214
F3aOFa9,word_gap,1,0.5102818093476694
F3aOFa9,word_head_pos,0,0.52284149922155
F3aOFa9,word_head_pos,1,0.5144352841603712
F3aOFa9,word_index,0,0.52078978755565
F3aOFa9,word_index,1,0.5528512889550194
F3aOFa9,word_length,0,0.4915467644692434
F3aOFa9,word_length,1,0.4948538708295456
F3aOFa9,word_part_speech,0,0.49521542159763315
F3aOFa9,word_part_speech,1,0.5500936113165681
F3bIaOFb5,delta_volume,0,0.5397009498134855
F3bIaOFb5,delta_volume,1,0.5291135074135607
F3bIaOFb5,face_num,0,0.5107781365265456
F3bIaOFb5,face_num,1,0.5118961788031723
F3bIaOFb5,frame_brightness,0,0.4562970857757855
F3bIaOFb5,frame_brightness,1,0.4998223671149285
F3bIaOFb5,global_flow,0,0.488161290659645
F3bIaOFb5,global_flow,1,0.5173453287775723
F3bIaOFb5,gpt2_surprisal,0,0.5101564214287954
F3bIaOFb5,gpt2_surprisal,1,0.48489598027230074
F3bIaOFb5,local_flow,0,0.48425859168469115
F3bIaOFb5,local_flow,1,0.48298903900609175
F3bIaOFb5,onset,0,0.5192823302790504
F3bIaOFb5,onset,1,0.6186680029154519
F3bIaOFb5,pitch,0,0.5162063885144665
F3bIaOFb5,pitch,1,0.5187872898446234
F3bIaOFb5,speech,0,0.5079307858687816
F3bIaOFb5,speech,1,0.5361639656019143
F3bIaOFb5,volume,0,0.49770383373561955
F3bIaOFb5,volume,1,0.515652591872773
F3bIaOFb5,word_gap,0,0.5133015683938853
F3bIaOFb5,word_gap,1,0.49156766245572237
F3bIaOFb5,word_head_pos,0,0.507040009195114
F3bIaOFb5,word_head_pos,1,0.5109714429014764
F3bIaOFb5,word_index,0,0.49604988131930416
F3bIaOFb5,word_index,1,0.49798656133016855
F3bIaOFb5,word_length,0,0.5021681660971966
F3bIaOFb5,word_length,1,0.49590399465011553
F3bIaOFb5,word_part_speech,0,0.4828090329142012
F3bIaOFb5,word_part_speech,1,0.5497122318786982
F3cId1,delta_volume,0,0.5660689842533673
F3cId1,delta_volume,1,0.5287765273815868
F3cId1,face_num,0,0.47766005245394605
F3cId1,face_num,1,0.5146338150319216
F3cId1,frame_brightness,0,0.4768189084981662
F3cId1,frame_brightness,1,0.4967869345788533
F3cId1,global_flow,0,0.5075520098638497
F3cId1,global_flow,1,0.5306625706613168
F3cId1,gpt2_surprisal,0,0.5202867203744919
F3cId1,gpt2_surprisal,1,0.5416601360458919
F3cId1,local_flow,0,0.4951568916334911
F3cId1,local_flow,1,0.4792691974128293
F3cId1,onset,0,0.5331632653061225
F3cId1,onset,1,0.5737062682215744
F3cId1,pitch,0,0.4949165647889826
F3cId1,pitch,1,0.49089370239177454
F3cId1,speech,0,0.5157623063017879
F3cId1,speech,1,0.5391053571988339
F3cId1,volume,0,0.5120842606814834
F3cId1,volume,1,0.5434364648966072
F3cId1,word_gap,0,0.4934014607692549
F3cId1,word_gap,1,0.4680051827006468
F3cId1,word_head_pos,0,0.5128261392014879
F3cId1,word_head_pos,1,0.5483631652090322
F3cId1,word_index,0,0.5067488574768838
F3cId1,word_index,1,0.5035131847758056
F3cId1,word_length,0,0.48619949217892855
F3cId1,word_length,1,0.49623313793715973
F3cId1,word_part_speech,0,0.4916558801775148
F3cId1,word_part_speech,1,0.5436679456360947
T1aIb4,delta_volume,0,0.5679915990094355
T1aIb4,delta_volume,1,0.5323553075661159
T1aIb4,face_num,0,0.4907944369559993
T1aIb4,face_num,1,0.5479661034659311
T1aIb4,frame_brightness,0,0.4763278058159096
T1aIb4,frame_brightness,1,0.4848332863128637
T1aIb4,global_flow,0,0.49165386664994826
T1aIb4,global_flow,1,0.4984274265174551
T1aIb4,gpt2_surprisal,0,0.5177737375003919
T1aIb4,gpt2_surprisal,1,0.509137644587944
T1aIb4,local_flow,0,0.47578968266407534
T1aIb4,local_flow,1,0.48954578226387885
T1aIb4,onset,0,0.5569489275301958
T1aIb4,onset,1,0.6112687421907539
T1aIb4,pitch,0,0.5198739851415315
T1aIb4,pitch,1,0.5259448502136819
T1aIb4,speech,0,0.5299050186514529
T1aIb4,speech,1,0.5511008014377814
T1aIb4,volume,0,0.506264171447081
T1aIb4,volume,1,0.4851572051032883
T1aIb4,word_gap,0,0.5126171593366979
T1aIb4,word_gap,1,0.49483297284306654
T1aIb4,word_head_pos,0,0.5131343845020532
T1aIb4,word_head_pos,1,0.5301087740196231
T1aIb4,word_index,0,0.5228681758599922
T1aIb4,word_index,1,0.4991202276779916
T1aIb4,word_length,0,0.5113841781344368
T1aIb4,word_length,1,0.4958517496839179
T1aIb4,word_part_speech,0,0.48132107525887574
T1aIb4,word_part_speech,1,0.5563517011834319
T2aA8,delta_volume,0,0.5510799034513025
T2aA8,delta_volume,1,0.5223451720426737
T2aA8,face_num,0,0.4924976228540381
T2aA8,face_num,1,0.5302237129452577
T2aA8,frame_brightness,0,0.47721074574464745
T2aA8,frame_brightness,1,0.5218854163401356
T2aA8,global_flow,0,0.5089652361994922
T2aA8,global_flow,1,0.5034220452859367
T2aA8,gpt2_surprisal,0,0.5263732589365016
T2aA8,gpt2_surprisal,1,0.4835846316207434
T2aA8,local_flow,0,0.5101929929051335
T2aA8,local_flow,1,0.49920065201717817
T2aA8,onset,0,0.5566821116201583
T2aA8,onset,1,0.6006156289046231
T2aA8,pitch,0,0.5078524184194853
T2aA8,pitch,1,0.5205845166818177
T2aA8,speech,0,0.5029204936104406
T2aA8,speech,1,0.5492199826546713
T2aA8,volume,0,0.5057887422546837
T2aA8,volume,1,0.47248780080039293
T2aA8,word_gap,0,0.49682350605519165
T2aA8,word_gap,1,0.4938141960022152
T2aA8,word_head_pos,0,0.5262295852794583
T2aA8,word_head_pos,1,0.5228049277452117
T2aA8,word_index,0,0.504198108194282
T2aA8,word_index,1,0.5073511177241647
T2aA8,word_length,0,0.48443622456976265
T2aA8,word_length,1,0.5058514362141208
T2aA8,word_part_speech,0,0.4936552329881657
T2aA8,word_part_speech,1,0.5405533468934911
T2bHa10,delta_volume,0,0.580133329153736
T2bHa10,delta_volume,1,0.5624745305789788
T2bHa10,face_num,0,0.49393958392108916
T2bHa10,face_num,1,0.5145293250995266
T2bHa10,frame_brightness,0,0.46034084615947246
T2bHa10,frame_brightness,1,0.49226774500276893
T2bHa10,global_flow,0,0.5160183066361557
T2bHa10,global_flow,1,0.5122148730969771
T2bHa10,gpt2_surprisal,0,0.5031817184414281
T2bHa10,gpt2_surprisal,1,0.4676081209575458
T2bHa10,local_flow,0,0.5040333113904475
T2bHa10,local_flow,1,0.49909616208478313
T2bHa10,onset,0,0.5939842773844232
T2bHa10,onset,1,0.6143859329446064
T2bHa10,pitch,0,0.5169952875040489
T2bHa10,pitch,1,0.4934223587557338
T2bHa10,speech,0,0.5178991254192659
T2bHa10,speech,1,0.5334315538697846
T2bHa10,volume,0,0.5075990303334273
T2bHa10,volume,1,0.5040385358870672
T2bHa10,word_gap,0,0.49855281443632904
T2bHa10,word_gap,1,0.5100205845166819
T2bHa10,word_head_pos,0,0.5203337408440697
T2bHa10,word_head_pos,1,0.5313887756914623
T2bHa10,word_index,0,0.5446912530555851
T2bHa10,word_index,1,0.5586022838653298
T2bHa10,word_length,0,0.5114599333354231
T2bHa10,word_length,1,0.4921737040636135
T2bHa10,word_part_speech,0,0.49408861871301774
T2bHa10,word_part_speech,1,0.5400217270710059
T1bIc8,delta_volume,0,0.691093800612311
T1bIc8,delta_volume,1,0.6900933095096287
T1bIc8,face_num,0,0.5058566607107405
T1bIc8,face_num,1,0.48482806181624405
T1bIc8,frame_brightness,0,0.4496985465450404
T1bIc8,frame_brightness,1,0.5145397740927662
T1bIc8,global_flow,0,0.46930608235896476
T1bIc8,global_flow,1,0.498134854706749
T1bIc8,gpt2_surprisal,0,0.5155533264369978
T1bIc8,gpt2_surprisal,1,0.4877381064334451
T1bIc8,local_flow,0,0.4934275832523537
T1bIc8,local_flow,1,0.49612864800476475
T1bIc8,onset,0,0.640045814244065
T1bIc8,onset,1,0.7278607871720116
T1bIc8,pitch,0,0.5178730029361671
T1bIc8,pitch,1,0.5085838479462503
T1bIc8,speech,0,0.5586658725431805
T1bIc8,speech,1,0.6021180109296469
T1bIc8,volume,0,0.5175961046153204
T1bIc8,volume,1,0.5029936365631171
T1bIc8,word_gap,0,0.5048640063529879
T1bIc8,word_gap,1,0.5140486714105096
T1bIc8,word_head_pos,0,0.5355997199669812
T1bIc8,word_head_pos,1,0.5883096663636459
T1bIc8,word_index,0,0.5884495931791075
T1bIc8,word_index,1,0.6262089488787331
T1bIc8,word_length,0,0.5269897495376321
T1bIc8,word_length,1,0.5270263210139703
T1bIc8,word_part_speech,0,0.5107190735946745
T1bIc8,word_part_speech,1,0.588722725591716
T3aHb6,delta_volume,0,0.6054773622561467
T3aHb6,delta_volume,1,0.5984190673228634
T3aHb6,face_num,0,0.49861028389914636
T3aHb6,face_num,1,0.5190328411857518
T3aHb6,frame_brightness,0,0.46691326290711893
T3aHb6,frame_brightness,1,0.5099265435775263
T3aHb6,global_flow,0,0.48748471834738716
T3aHb6,global_flow,1,0.5122566690699352
T3aHb6,gpt2_surprisal,0,0.5114364231006343
T3aHb6,gpt2_surprisal,1,0.4836316520903211
T3aHb6,local_flow,0,0.4852094500694858
T3aHb6,local_flow,1,0.4881090456934475
T3aHb6,onset,0,0.5910037484381507
T3aHb6,onset,1,0.6276876822157436
T3aHb6,pitch,0,0.5193672089694158
T3aHb6,pitch,1,0.498406528530976
T3aHb6,speech,0,0.5155324284505188
T3aHb6,speech,1,0.5635507768826473
T3aHb6,volume,0,0.5037564130696007
T3aHb6,volume,1,0.4950315037146171
T3aHb6,word_gap,0,0.4965257097478658
T3aHb6,word_gap,1,0.4741073947525156
T3aHb6,word_head_pos,0,0.5203389653406895
T3aHb6,word_head_pos,1,0.5275748931590442
T3aHb6,word_index,0,0.5424357293843955
T3aHb6,word_index,1,0.4913971256834473
T3aHb6,word_length,0,0.5084741335172356
T3aHb6,word_length,1,0.5074658056696237
T3aHb6,word_part_speech,0,0.5010170118343196
T3aHb6,word_part_speech,1,0.5524050018491125
T1cIf10,delta_volume,0,0.608988223984619
T1cIf10,delta_volume,1,0.5752379758210296
T1cIf10,face_num,0,0.5004597557025381
T1cIf10,face_num,1,0.5032391879042455
T1cIf10,frame_brightness,0,0.473114740394763
T1cIf10,frame_brightness,1,0.510605728138094
T1cIf10,global_flow,0,0.48114740394762956
T1cIf10,global_flow,1,0.5097489106924548
T1cIf10,gpt2_surprisal,0,0.5368222521760029
T1cIf10,gpt2_surprisal,1,0.49747656813266045
T1cIf10,local_flow,0,0.46058117300398105
T1cIf10,local_flow,1,0.48071115847988055
T1cIf10,onset,0,0.6105659100374844
T1cIf10,onset,1,0.6589702207413578
T1cIf10,pitch,0,0.5046393529983386
T1cIf10,pitch,1,0.47959834069987356
T1cIf10,speech,0,0.4841906732286344
T1cIf10,speech,1,0.5177319415274338
T1cIf10,volume,0,0.5283951391283449
T1cIf10,volume,1,0.49870432483830185
T1cIf10,word_gap,0,0.5239281945184582
T1cIf10,word_gap,1,0.499874612081126
T1cIf10,word_head_pos,0,0.4963402401178647
T1cIf10,word_head_pos,1,0.5131396089986731
T1cIf10,word_index,0,0.6135378656369198
T1cIf10,word_index,1,0.6019295945961904
T1cIf10,word_length,0,0.5248607671650837
T1cIf10,word_length,1,0.5335569417886586
T1cIf10,word_part_speech,0,0.4918465698964497
T1cIf10,word_part_speech,1,0.512071237056213
T3bOT1,delta_volume,0,0.5123036895395129
T3bOT1,delta_volume,1,0.513014221079799
T3bOT1,face_num,0,0.5164571643522147
T3bOT1,face_num,1,0.5135523442316332
T3bOT1,frame_brightness,0,0.5222877025798565
T3bOT1,frame_brightness,1,0.5109871163913356
T3bOT1,global_flow,0,0.4994253053718274
T3bOT1,global_flow,1,0.49832293658506
T3bOT1,gpt2_surprisal,0,0.5203598633271684
T3bOT1,gpt2_surprisal,1,0.5177580640105326
T3bOT1,local_flow,0,0.48252405880693394
T3bOT1,local_flow,1,0.5055484154101753
T3bOT1,onset,0,0.4883447001249479
T3bOT1,onset,1,0.535174146189088
T3bOT1,pitch,0,0.5119745462524685
T3bOT1,pitch,1,0.5195840255791355
T3bOT1,speech,0,0.49238268392840345
T3bOT1,speech,1,0.5138240180558603
T3bOT1,volume,0,0.4789243806359257
T3bOT1,volume,1,0.5280241998683427
T3bOT1,word_gap,0,0.47949907526409835
T3bOT1,word_gap,1,0.5205740676885782
T3bOT1,word_head_pos,0,0.48679769704189
T3bOT1,word_head_pos,1,0.5082651536524456
T3bOT1,word_index,0,0.48943682762366997
T3bOT1,word_index,1,0.49961620670516405
T3bOT1,word_length,0,0.5072124175835658
T3bOT1,word_length,1,0.5010422870756402
T3bOT1,word_part_speech,0,0.5144606370192307
T3bOT1,word_part_speech,1,0.5296782544378699
T2d3,delta_volume,0,0.5818887600179722
T2d3,delta_volume,1,0.5312529387793485
T2d3,face_num,0,0.5072881727845522
T2d3,face_num,1,0.5277629750373551
T2d3,frame_brightness,0,0.4672241204559941
T2d3,frame_brightness,1,0.49584130069067844
T2d3,global_flow,0,0.5293198750300409
T2d3,global_flow,1,0.5339801260148584
T2d3,gpt2_surprisal,0,0.5164205928758764
T2d3,gpt2_surprisal,1,0.4871320648255541
T2d3,local_flow,0,0.5170893284432045
T2d3,local_flow,1,0.5010396748273305
T2d3,onset,0,0.51998516243232
T2d3,onset,1,0.5816847147022074
T2d3,pitch,0,0.5168516138470058
T2d3,pitch,1,0.5056685788324295
T2d3,speech,0,0.5131239355088137
T2d3,speech,1,0.5064000083591946
T2d3,volume,0,0.48653124771428274
T2d3,volume,1,0.5037146170966427
T2d3,word_gap,0,0.5401868279991223
T2d3,word_gap,1,0.5444447927442191
T2d3,word_head_pos,0,0.513076915039236
T2d3,word_head_pos,1,0.5167131646865825
T2d3,word_index,0,0.4855280405285719
T2d3,word_index,1,0.49693555815354096
T2d3,word_length,0,0.48428993866440967
T2d3,word_length,1,0.518839534810821
T2d3,word_part_speech,0,0.5182310928254439
T2d3,word_part_speech,1,0.5539709689349113
F3aOFa10,delta_volume,0,0.5831086799786841
F3aOFa10,delta_volume,1,0.5691775597421188
F3aOFa10,face_num,0,0.5167236136798219
F3aOFa10,face_num,1,0.5351086172847246
F3aOFa10,frame_brightness,0,0.44160580128104654
F3aOFa10,frame_brightness,1,0.47320878133391847
F3aOFa10,global_flow,0,0.49343803224559313
F3aOFa10,global_flow,1,0.46663114008965234
F3aOFa10,gpt2_surprisal,0,0.526446401889178
F3aOFa10,gpt2_surprisal,1,0.4597243555583419
F3aOFa10,local_flow,0,0.4970220369267421
F3aOFa10,local_flow,1,0.49070562051346356
F3aOFa10,onset,0,0.5297141815910038
F3aOFa10,onset,1,0.5816066222407331
F3aOFa10,pitch,0,0.5276532606083404
F3aOFa10,pitch,1,0.5422296061774449
F3aOFa10,speech,0,0.5367804562030449
F3aOFa10,speech,1,0.5206367616480152
F3aOFa10,volume,0,0.49344848123883267
F3aOFa10,volume,1,0.49505762619771587
F3aOFa10,word_gap,0,0.4970377104166014
F3aOFa10,word_gap,1,0.49603460706560926
F3aOFa10,word_head_pos,0,0.5296699163035642
F3aOFa10,word_head_pos,1,0.5292101606010261
F3aOFa10,word_index,0,0.5099727211535054
F3aOFa10,word_index,1,0.5308156493192098
F3aOFa10,word_length,0,0.47967409590085996
F3aOFa10,word_length,1,0.5046445774949583
F3aOFa10,word_part_speech,0,0.4808472401997041
F3aOFa10,word_part_speech,1,0.5278464774408285
F3bIaOFb6,delta_volume,0,0.5800105534831719
F3bIaOFb6,delta_volume,1,0.5830329247776976
F3bIaOFb6,face_num,0,0.4972884862543494
F3bIaOFb6,face_num,1,0.5336980031973919
F3bIaOFb6,frame_brightness,0,0.4597974985110185
F3bIaOFb6,frame_brightness,1,0.4994618768481657
F3bIaOFb6,global_flow,0,0.5069616417458178
F3bIaOFb6,global_flow,1,0.5086151949259688
F3bIaOFb6,gpt2_surprisal,0,0.5186880244088482
F3bIaOFb6,gpt2_surprisal,1,0.49541289196785887
F3bIaOFb6,local_flow,0,0.48935770038556786
F3bIaOFb6,local_flow,1,0.5080509492910359
F3bIaOFb6,onset,0,0.5314582465639317
F3bIaOFb6,onset,1,0.6083728134110787
F3bIaOFb6,pitch,0,0.49304097050249207
F3bIaOFb6,pitch,1,0.5027846566983272
F3bIaOFb6,speech,0,0.5064156818490538
F3bIaOFb6,speech,1,0.5442462618726686
F3bIaOFb6,volume,0,0.5169482670344713
F3bIaOFb6,volume,1,0.5042161687721388
F3bIaOFb6,word_gap,0,0.4972780372611099
F3bIaOFb6,word_gap,1,0.49629583189659676
F3bIaOFb6,word_head_pos,0,0.5196310460487132
F3bIaOFb6,word_head_pos,1,0.524873828406633
F3bIaOFb6,word_index,0,0.5144778639836562
F3bIaOFb6,word_index,1,0.5248284739197695
F3bIaOFb6,word_length,0,0.5149943052986845
F3bIaOFb6,word_length,1,0.528144363290597
F3bIaOFb6,word_part_speech,0,0.5010921320266273
F3bIaOFb6,word_part_speech,1,0.5604890902366864
F3cId2,delta_volume,0,0.5982205364513129
F3cId2,delta_volume,1,0.5454583450884507
F3cId2,face_num,0,0.47411261924913534
F3cId2,face_num,1,0.4973041597442086
F3cId2,frame_brightness,0,0.464060687752735
F3cId2,frame_brightness,1,0.5134008338296605
F3cId2,global_flow,0,0.5118099746089464
F3cId2,global_flow,1,0.5153704690553065
F3cId2,gpt2_surprisal,0,0.5286563639593326
F3cId2,gpt2_surprisal,1,0.5023510234788878
F3cId2,local_flow,0,0.47638005078210716
F3cId2,local_flow,1,0.4929260315768576
F3cId2,onset,0,0.5475387859225322
F3cId2,onset,1,0.6176332778009163
F3cId2,pitch,0,0.4762703363530924
F3cId2,pitch,1,0.499393958392109
F3cId2,speech,0,0.5471145105169117
F3cId2,speech,1,0.5620461218561592
F3cId2,volume,0,0.47978119808156483
F3cId2,volume,1,0.5050729862177779
F3cId2,word_gap,0,0.5274181582604516
F3cId2,word_gap,1,0.47954087123705635
F3cId2,word_head_pos,0,0.5309655914652623
F3cId2,word_head_pos,1,0.5466913262907118
F3cId2,word_index,0,0.5311463020039915
F3cId2,word_index,1,0.5066543852812319
F3cId2,word_length,0,0.49728326175772963
F3cId2,word_length,1,0.5038765764918549
F3cId2,word_part_speech,0,0.47723569249260356
F3cId2,word_part_speech,1,0.5472679363905325
T1aIb5,delta_volume,0,0.5588278319383928
T1aIb5,delta_volume,1,0.5284421595979227
T1aIb5,face_num,0,0.4969175469943471
T1aIb5,face_num,1,0.5025495543504384
T1aIb5,frame_brightness,0,0.47032485919981615
T1aIb5,frame_brightness,1,0.48187099672946515
T1aIb5,global_flow,0,0.5107258915603481
T1aIb5,global_flow,1,0.5040960053498846
T1aIb5,gpt2_surprisal,0,0.5030981264955122
T1aIb5,gpt2_surprisal,1,0.49098774333093
T1aIb5,local_flow,0,0.49622791344054
T1aIb5,local_flow,1,0.48281663061764
T1aIb5,onset,0,0.5198485006247398
T1aIb5,onset,1,0.5538577675968346
T1aIb5,pitch,0,0.5120476892051451
T1aIb5,pitch,1,0.5148689173798104
T1aIb5,speech,0,0.49945665235154596
T1aIb5,speech,1,0.5572970544288057
T1aIb5,volume,0,0.47674315329717987
T1aIb5,volume,1,0.5032235144143861
T1aIb5,word_gap,0,0.5116192804823255
T1aIb5,word_gap,1,0.505407354001442
T1aIb5,word_head_pos,0,0.5254015025652279
T1aIb5,word_head_pos,1,0.4963689748492732
T1aIb5,word_index,0,0.5173533614388115
T1aIb5,word_index,1,0.48819688005573864
T1aIb5,word_length,0,0.49233566345882573
T1aIb5,word_length,1,0.5018390228101522
T1aIb5,word_part_speech,0,0.47397663184171596
T1aIb5,word_part_speech,1,0.5251074796597632
T2aA9,delta_volume,0,0.5367700072098054
T2aA9,delta_volume,1,0.5190380656823715
T2aA9,face_num,0,0.505741721785106
T2aA9,face_num,1,0.542349769599699
T2aA9,frame_brightness,0,0.4788198907035307
T2aA9,frame_brightness,1,0.5030354325360751
T2aA9,global_flow,0,0.5170423079736267
T2aA9,global_flow,1,0.5082756026456852
T2aA9,gpt2_surprisal,0,0.5216921099652049
T2aA9,gpt2_surprisal,1,0.4842742651745504
T2aA9,local_flow,0,0.4970690573963198
T2aA9,local_flow,1,0.49388733895489173
T2aA9,onset,0,0.5633460016659725
T2aA9,onset,1,0.5910948563098709
T2aA9,pitch,0,0.5179513703854633
T2aA9,pitch,1,0.5120842606814833
T2aA9,speech,0,0.5100153600200621
T2aA9,speech,1,0.5704000919511405
T2aA9,volume,0,0.48287932457707705
T2aA9,volume,1,0.45668369852564705
T2aA9,word_gap,0,0.5007471030166244
T2aA9,word_gap,1,0.4889501896492273
T2aA9,word_head_pos,0,0.5139624672162837
T2aA9,word_head_pos,1,0.515485407980941
T2aA9,word_index,0,0.4861775368736788
T2aA9,word_index,1,0.5018953484252666
T2aA9,word_length,0,0.505344660042005
T2aA9,word_length,1,0.522716111302676
T2aA9,word_part_speech,0,0.4778742141272189
T2aA9,word_part_speech,1,0.5469616771449703
T2bHa11,delta_volume,0,0.6139096998004242
T2bHa11,delta_volume,1,0.576444834540192
T2bHa11,face_num,0,0.5035892291777687
T2bHa11,face_num,1,0.516932593544612
T2bHa11,frame_brightness,0,0.46791636625811106
T2bHa11,frame_brightness,1,0.4922207245331912
T2bHa11,global_flow,0,0.49483036059475666
T2bHa11,global_flow,1,0.4874821060990774
T2bHa11,gpt2_surprisal,0,0.49497925874841964
T2bHa11,gpt2_surprisal,1,0.4728587400603952
T2bHa11,local_flow,0,0.513473976782337
T2bHa11,local_flow,1,0.5132545479243075
T2bHa11,onset,0,0.5924809975010412
T2bHa11,onset,1,0.619923990004165
T2bHa11,pitch,0,0.5281391387939772
T2bHa11,pitch,1,0.5203598633271684
T2bHa11,speech,0,0.5545646426966763
T2bHa11,speech,1,0.5313365307252647
T2bHa11,volume,0,0.5235886022381744
T2bHa11,volume,1,0.5259761971934004
T2bHa11,word_gap,0,0.5085316029800528
T2bHa11,word_gap,1,0.5259970951798794
T2bHa11,word_head_pos,0,0.5292362830841248
T2bHa11,word_head_pos,1,0.5563148490642926
T2bHa11,word_index,0,0.5185106458355475
T2bHa11,word_index,1,0.5539141011561035
T2bHa11,word_length,0,0.504318046456224
T2bHa11,word_length,1,0.5037877600493192
T2bHa11,word_part_speech,0,0.5013232710798816
T2bHa11,word_part_speech,1,0.5407844859467454
F3dIe1,delta_volume,0,0.5303595498573712
F3dIe1,delta_volume,1,0.5223712945257725
F3dIe1,face_num,0,0.4900107624630366
F3dIe1,face_num,1,0.5083539700949813
F3dIe1,frame_brightness,0,0.4435075180506358
F3dIe1,frame_brightness,1,0.48371001953961734
F3dIe1,global_flow,0,0.4883911685109139
F3dIe1,global_flow,1,0.48268079370552647
F3dIe1,gpt2_surprisal,0,0.5236408472043719
F3dIe1,gpt2_surprisal,1,0.5256000334367784
F3dIe1,local_flow,0,0.4998850610743655
F3dIe1,local_flow,1,0.4819650376686207
F3dIe1,onset,0,0.49398688046647227
F3dIe1,onset,1,0.5400614327363599
F3dIe1,pitch,0,0.4964316688087103
F3dIe1,pitch,1,0.49292603157685755
F3dIe1,speech,0,0.5175647576356018
F3dIe1,speech,1,0.5188604327973
F3dIe1,volume,0,0.4717877182533462
F3dIe1,volume,1,0.4715317179189785
F3dIe1,word_gap,0,0.5226063968736612
F3dIe1,word_gap,1,0.4933439913064376
F3dIe1,word_head_pos,0,0.5353384951359936
F3dIe1,word_head_pos,1,0.5591648119703667
F3dIe1,word_index,0,0.5264404057580803
F3dIe1,word_index,1,0.5287608790637806
F3dIe1,word_length,0,0.46053937703102305
F3dIe1,word_length,1,0.5030667795157936
F3dIe1,word_part_speech,0,0.4587070081360947
F3dIe1,word_part_speech,1,0.5054491031804733
T3aHb9,delta_volume,0,0.5872438690532167
T3aHb9,delta_volume,1,0.572547360061858
T3aHb9,face_num,0,0.5177528395139128
T3aHb9,face_num,1,0.5271882804091826
T3aHb9,frame_brightness,0,0.45253022371294527
T3aHb9,frame_brightness,1,0.5041639238059413
T3aHb9,global_flow,0,0.4724590660689843
T3aHb9,global_flow,1,0.482921120550035
T3aHb9,gpt2_surprisal,0,0.515046550264882
T3aHb9,gpt2_surprisal,1,0.49300962352277367
T3aHb9,local_flow,0,0.4839189994044074
T3aHb9,local_flow,1,0.4830830799452473
T3aHb9,onset,0,0.5556083402748855
T3aHb9,onset,1,0.5854136297376094
T3aHb9,pitch,0,0.5331964515218958
T3aHb9,pitch,1,0.5236095002246534
T3aHb9,speech,0,0.49902824362872633
T3aHb9,speech,1,0.5304431418032873
T3aHb9,volume,0,0.5289463235217287
T3aHb9,volume,1,0.49262301077291204
T3aHb9,word_gap,0,0.5051278434322852
T3aHb9,word_gap,1,0.4581648433173463
T3aHb9,word_head_pos,0,0.49554872887997237
T3aHb9,word_head_pos,1,0.5206890066142128
T3aHb9,word_index,0,0.5250941769700406
T3aHb9,word_index,1,0.5163968304578359
T3aHb9,word_length,0,0.5049632717887632
T3aHb9,word_length,1,0.5064313553389131
T3aHb9,word_part_speech,0,0.49589150332840237
T3aHb9,word_part_speech,1,0.5448005269970415
T1cIf11,delta_volume,0,0.682624891591695
T1cIf11,delta_volume,1,0.6440080248268079
T1cIf11,face_num,0,0.49412766579940026
T1cIf11,face_num,1,0.5162534089840445
T1cIf11,frame_brightness,0,0.46686624243754116
T1cIf11,frame_brightness,1,0.48584161416047567
T1cIf11,global_flow,0,0.4864894517413247
T1cIf11,global_flow,1,0.4817717312936899
T1cIf11,gpt2_surprisal,0,0.5450821813318286
T1cIf11,gpt2_surprisal,1,0.5303491008641318
T1cIf11,local_flow,0,0.4665109766673981
T1cIf11,local_flow,1,0.4798334430477623
T1cIf11,onset,0,0.6779857351103707
T1cIf11,onset,1,0.7186979383590171
T1cIf11,pitch,0,0.49121239668557937
T1cIf11,pitch,1,0.488537454416267
T1cIf11,speech,0,0.5079098878823025
T1cIf11,speech,1,0.5339749015182387
T1cIf11,volume,0,0.5345600451396507
T1cIf11,volume,1,0.5210965173505533
T1cIf11,word_gap,0,0.5473443883681808
T1cIf11,word_gap,1,0.51508834623784
T1cIf11,word_head_pos,0,0.5135784667147321
T1cIf11,word_head_pos,1,0.5119849952457081
T1cIf11,word_index,0,0.6713135177902954
T1cIf11,word_index,1,0.6957641029274572
T1cIf11,word_length,0,0.5238341535793026
T1cIf11,word_length,1,0.5326322058869628
T1cIf11,word_part_speech,0,0.4680276904585799
T1cIf11,word_part_speech,1,0.5059576090976331
T3bOT2,delta_volume,0,0.5408242165867319
T3bOT2,delta_volume,1,0.5390687857224957
T3bOT2,face_num,0,0.5106736465941507
T3bOT2,face_num,1,0.511796913367397
T3bOT2,frame_brightness,0,0.4936261141239041
T3bOT2,frame_brightness,1,0.5302341619384973
T3bOT2,global_flow,0,0.49411199230954095
T3bOT2,global_flow,1,0.507502377145962
T3bOT2,gpt2_surprisal,0,0.5217025589584443
T3bOT2,gpt2_surprisal,1,0.5138919365119171
T3bOT2,local_flow,0,0.49272227620868725
T3bOT2,local_flow,1,0.5065828657408858
T3bOT2,onset,0,0.5369312265722616
T3bOT2,onset,1,0.5352327155351937
T3bOT2,pitch,0,0.5340480444709153
T3bOT2,pitch,1,0.5276323626218614
T3bOT2,speech,0,0.5402338484687
T3bOT2,speech,1,0.5031242489786109
T3bOT2,volume,0,0.4983020385985811
T3bOT2,volume,1,0.494049298350104
T3bOT2,word_gap,0,0.48519377657962653
T3bOT2,word_gap,1,0.5102400133747113
T3bOT2,word_head_pos,0,0.5402860934348975
T3bOT2,word_head_pos,1,0.521728681441543
T3bOT2,word_index,0,0.46945595824328956
T3bOT2,word_index,1,0.5083076487051404
T3bOT2,word_length,0,0.5232594589511301
T3bOT2,word_length,1,0.5428460967785753
T3bOT2,word_part_speech,0,0.5247434356508875
T3bOT2,word_part_speech,1,0.520779400887574
T2d4,delta_volume,0,0.5680438439756329
T2d4,delta_volume,1,0.5078524184194853
T2d4,face_num,0,0.494676237944474
T2d4,face_num,1,0.5443559763016833
T2d4,frame_brightness,0,0.4737364554925133
T2d4,frame_brightness,1,0.4881247191833067
T2d4,global_flow,0,0.5231445200254955
T2d4,global_flow,1,0.5316917964954077
T2d4,gpt2_surprisal,0,0.5066873556732809
T2d4,gpt2_surprisal,1,0.4870171258999195
T2d4,local_flow,0,0.5201404344691389
T2d4,local_flow,1,0.5125126694043028
T2d4,onset,0,0.5121694085797585
T2d4,onset,1,0.5726715431070387
T2d4,pitch,0,0.5231915404950733
T2d4,pitch,1,0.5177580640105325
T2d4,speech,0,0.5099631150538646
T2d4,speech,1,0.5043729036707313
T2d4,volume,0,0.481118669216221
T2d4,volume,1,0.49945142785492613
T2d4,word_gap,0,0.5259761971934004
T2d4,word_gap,1,0.5131082620189545
T2d4,word_head_pos,0,0.5147278559710772
T2d4,word_head_pos,1,0.5221570901643627
T2d4,word_index,0,0.4699165101970926
T2d4,word_index,1,0.5044224796589554
T2d4,word_length,0,0.4816724658579146
T2d4,word_length,1,0.4955121574036342
T2d4,word_part_speech,0,0.5170349482248522
T2d4,word_part_speech,1,0.5316371579142012
F3aOFa11,delta_volume,0,0.5626652247055997
F3aOFa11,delta_volume,1,0.5664294745201299
F3aOFa11,face_num,0,0.5025077583774804
F3aOFa11,face_num,1,0.507000825470466
F3aOFa11,frame_brightness,0,0.4728796380468742
F3aOFa11,frame_brightness,1,0.4908205594390981
F3aOFa11,global_flow,0,0.49702726142336184
F3aOFa11,global_flow,1,0.49687575102138903
F3aOFa11,gpt2_surprisal,0,0.5110498103507727
F3aOFa11,gpt2_surprisal,1,0.48035589270973744
F3aOFa11,local_flow,0,0.48858969938246444
F3aOFa11,local_flow,1,0.4950158302247578
F3aOFa11,onset,0,0.5200111932528113
F3aOFa11,onset,1,0.5561484798000833
F3aOFa11,pitch,0,0.51739234924715
F3aOFa11,pitch,1,0.5365819253314943
F3aOFa11,speech,0,0.49262823526953176
F3aOFa11,speech,1,0.5273345663145356
F3aOFa11,volume,0,0.49448031932123343
F3aOFa11,volume,1,0.5018076758304337
F3aOFa11,word_gap,0,0.5002925718107061
F3aOFa11,word_gap,1,0.508508092745264
F3aOFa11,word_head_pos,0,0.5159530004284087
F3aOFa11,word_head_pos,1,0.5118387093403551
F3aOFa11,word_index,0,0.4933101876453986
F3aOFa11,word_index,1,0.4919993859307283
F3aOFa11,word_length,0,0.5059559261465159
F3aOFa11,word_length,1,0.5039131479681933
F3aOFa11,word_part_speech,0,0.4968565088757397
F3aOFa11,word_part_speech,1,0.5359247873520709
F3bIaOFb7,delta_volume,0,0.5866273784520861
F3bIaOFb7,delta_volume,1,0.5761836097092046
F3bIaOFb7,face_num,0,0.5023980439484657
F3bIaOFb7,face_num,1,0.5419892793329363
F3bIaOFb7,frame_brightness,0,0.4505135680177215
F3bIaOFb7,frame_brightness,1,0.492142357083895
F3bIaOFb7,global_flow,0,0.4839921423570839
F3bIaOFb7,global_flow,1,0.486526023217663
F3bIaOFb7,gpt2_surprisal,0,0.515464509994462
F3bIaOFb7,gpt2_surprisal,1,0.5013583691211352
F3bIaOFb7,local_flow,0,0.49341713425911415
F3bIaOFb7,local_flow,1,0.4969384449808261
F3bIaOFb7,onset,0,0.541024573094544
F3bIaOFb7,onset,1,0.615420658059142
F3bIaOFb7,pitch,0,0.506556743257787
F3bIaOFb7,pitch,1,0.5073090707710313
F3bIaOFb7,speech,0,0.5020871863995904
F3bIaOFb7,speech,1,0.5296176713373666
F3bIaOFb7,volume,0,0.4940910943230619
F3bIaOFb7,volume,1,0.496081627535187
F3bIaOFb7,word_gap,0,0.512429077458387
F3bIaOFb7,word_gap,1,0.4933962362726351
F3bIaOFb7,word_head_pos,0,0.5208744762442139
F3bIaOFb7,word_head_pos,1,0.5254798700145241
F3bIaOFb7,word_index,0,0.5064654408899281
F3bIaOFb7,word_index,1,0.49903756450679604
F3bIaOFb7,word_length,0,0.5069747029873671
F3bIaOFb7,word_length,1,0.5078733164059643
F3bIaOFb7,word_part_speech,0,0.4902806028106509
F3bIaOFb7,word_part_speech,1,0.5530753051035503
F3cId3,delta_volume,0,0.5839367626929145
F3cId3,delta_volume,1,0.5975204539042662
F3cId3,face_num,0,0.47465596689758943
F3cId3,face_num,1,0.5204957002392819
F3cId3,frame_brightness,0,0.47142722798658354
F3cId3,frame_brightness,1,0.5128783841676855
F3cId3,global_flow,0,0.5095242573378055
F3cId3,global_flow,1,0.4972623637712506
F3cId3,gpt2_surprisal,0,0.5221936616407009
F3cId3,gpt2_surprisal,1,0.5004649801991579
F3cId3,local_flow,0,0.5016300429453622
F3cId3,local_flow,1,0.49535019800842195
F3cId3,onset,0,0.5355971470220742
F3cId3,onset,1,0.5964767284464806
F3cId3,pitch,0,0.5330710636030218
F3cId3,pitch,1,0.5379037229762913
F3cId3,speech,0,0.504566210045662
F3cId3,speech,1,0.5270158720207307
F3cId3,volume,0,0.4972937107509692
F3cId3,volume,1,0.48165156787143565
F3cId3,word_gap,0,0.5277264035610169
F3cId3,word_gap,1,0.48704847287963804
F3cId3,word_head_pos,0,0.5133642623533223
F3cId3,word_head_pos,1,0.5273188928246764
F3cId3,word_index,0,0.5487299394197045
F3cId3,word_index,1,0.5375231752104958
F3cId3,word_length,0,0.49508113643250473
F3cId3,word_length,1,0.48438920410018493
F3cId3,word_part_speech,0,0.4585741031804734
F3cId3,word_part_speech,1,0.554126987795858
T1aIb6,delta_volume,0,0.5495230034586167
T1aIb6,delta_volume,1,0.48706414636949724
T1aIb6,face_num,0,0.5146233660386823
T1aIb6,face_num,1,0.5324493485052715
T1aIb6,frame_brightness,0,0.46086852031806735
T1aIb6,frame_brightness,1,0.4850971233921612
T1aIb6,global_flow,0,0.5108042590096444
T1aIb6,global_flow,1,0.5199262301077292
T1aIb6,gpt2_surprisal,0,0.5163892458961579
T1aIb6,gpt2_surprisal,1,0.5141688348327639
T1aIb6,local_flow,0,0.4886785158250003
T1aIb6,local_flow,1,0.4976855479974504
T1aIb6,onset,0,0.5495496668054977
T1aIb6,onset,1,0.6154141503540191
T1aIb6,pitch,0,0.5085054804969541
T1aIb6,pitch,1,0.5277943220170737
T1aIb6,speech,0,0.5272248518855207
T1aIb6,speech,1,0.5563305225541518
T1aIb6,volume,0,0.4913168866179743
T1aIb6,volume,1,0.496269709413498
T1aIb6,word_gap,0,0.49575770874476244
T1aIb6,word_gap,1,0.4889031691796495
T1aIb6,word_head_pos,0,0.5231706425085944
T1aIb6,word_head_pos,1,0.518609656959552
T1aIb6,word_index,0,0.493463704963333
T1aIb6,word_index,1,0.49348732301224596
T1aIb6,word_length,0,0.4897338641421899
T1aIb6,word_length,1,0.5031764939448085
T1aIb6,word_part_speech,0,0.4939614922337279
T1aIb6,word_part_speech,1,0.5445636094674556
T2aA10,delta_volume,0,0.547130184006771
T2aA10,delta_volume,1,0.5097541351890745
T2aA10,face_num,0,0.5015412265028265
T2aA10,face_num,1,0.5381022538478418
T2aA10,frame_brightness,0,0.47796307325789156
T2aA10,frame_brightness,1,0.48800455576105245
T2aA10,global_flow,0,0.5115722600127478
T2aA10,global_flow,1,0.5095294818344253
T2aA10,gpt2_surprisal,0,0.5119745462524685
T2aA10,gpt2_surprisal,1,0.474938089715056
T2aA10,local_flow,0,0.5073247442608904
T2aA10,local_flow,1,0.49436799264390874
T2aA10,onset,0,0.5607364119117035
T2aA10,onset,1,0.5978758850478967
T2aA10,pitch,0,0.519153004608006
T2aA10,pitch,1,0.5170997774364439
T2aA10,speech,0,0.4934223587557339
T2aA10,speech,1,0.5577568101313438
T2aA10,volume,0,0.49679215907547314
T2aA10,volume,1,0.4589772525417176
T2aA10,word_gap,0,0.5067813966124365
T2aA10,word_gap,1,0.4868865134844258
T2aA10,word_head_pos,0,0.5015046550264881
T2aA10,word_head_pos,1,0.5117133214214811
T2aA10,word_index,0,0.4773089595068552
T2aA10,word_index,1,0.5099136760312231
T2aA10,word_length,0,0.5126223838333176
T2aA10,word_length,1,0.5294661609353939
T2aA10,word_part_speech,0,0.4942099667159763
T2aA10,word_part_speech,1,0.5341854659763313
T2bHa12,delta_volume,0,0.5976144948434219
T2bHa12,delta_volume,1,0.5846472942332006
T2bHa12,face_num,0,0.49523003458616766
T2bHa12,face_num,1,0.5047542919239731
T2bHa12,frame_brightness,0,0.48222103800298843
T2bHa12,frame_brightness,1,0.5298109777122975
T2bHa12,global_flow,0,0.4705939207757333
T2bHa12,global_flow,1,0.4807477299562187
T2bHa12,gpt2_surprisal,0,0.4893368023990889
T2bHa12,gpt2_surprisal,1,0.4853505114782191
T2bHa12,local_flow,0,0.4835637336342643
T2bHa12,local_flow,1,0.49857371242280807
T2bHa12,onset,0,0.5702116305705955
T2bHa12,onset,1,0.6287419304456476
T2bHa12,pitch,0,0.5231915404950733
T2bHa12,pitch,1,0.5304379173066675
T2bHa12,speech,0,0.5114364231006342
T2bHa12,speech,1,0.5366341702976918
T2bHa12,volume,0,0.5118360970920453
T2bHa12,volume,1,0.5193306374930776
T2bHa12,word_gap,0,0.4961547704878635
T2bHa12,word_gap,1,0.5230557035829598
T2bHa12,word_head_pos,0,0.5324650219951308
T2bHa12,word_head_pos,1,0.5677094761919689
T2bHa12,word_index,0,0.5277157803993812
T2bHa12,word_index,1,0.5643650878000969
T2bHa12,word_length,0,0.5342700855772546
T2bHa12,word_length,1,0.5208248435263262
T2bHa12,word_part_speech,0,0.4827165772928994
T2bHa12,word_part_speech,1,0.5464993990384615
F3dIe2,delta_volume,0,0.5698776422891655
F3dIe2,delta_volume,1,0.5187454938716655
F3dIe2,face_num,0,0.5031085754887518
F3dIe2,face_num,1,0.5190328411857518
F3dIe2,frame_brightness,0,0.4748597222657596
F3dIe2,frame_brightness,1,0.485141531613429
F3dIe2,global_flow,0,0.4829524675297535
F3dIe2,global_flow,1,0.4910399882971276
F3dIe2,gpt2_surprisal,0,0.5064522533253921
F3dIe2,gpt2_surprisal,1,0.4958151782075797
F3dIe2,local_flow,0,0.49900212114562764
F3dIe2,local_flow,1,0.5044930670929856
F3dIe2,onset,0,0.5437187630154103
F3dIe2,onset,1,0.5790067940441482
F3dIe2,pitch,0,0.48613418597118174
F3dIe2,pitch,1,0.5326374303835826
F3dIe2,speech,0,0.5027219627388901
F3dIe2,speech,1,0.5166191237474269
F3dIe2,volume,0,0.46196044011159526
F3dIe2,volume,1,0.44772368682277464
F3dIe2,word_gap,0,0.5268382391356593
F3dIe2,word_gap,1,0.49709517987941865
F3dIe2,word_head_pos,0,0.5189100655151876
F3dIe2,word_head_pos,1,0.5448314054940807
F3dIe2,word_index,0,0.5494325763748658
F3dIe2,word_index,1,0.5251355085556383
F3dIe2,word_length,0,0.48666969687470607
F3dIe2,word_length,1,0.4834122232322916
F3dIe2,word_part_speech,0,0.47721546782544383
F3dIe2,word_part_speech,1,0.5416685928254438
T3aHb10,delta_volume,0,0.6043854424626187
T3aHb10,delta_volume,1,0.6017627451595039
T3aHb10,face_num,0,0.5061231100383479
T3aHb10,face_num,1,0.5297900797258184
T3aHb10,frame_brightness,0,0.46131260253074613
T3aHb10,frame_brightness,1,0.4976594255143517
T3aHb10,global_flow,0,0.46884893890473656
T3aHb10,global_flow,1,0.4853243889951203
T3aHb10,gpt2_surprisal,0,0.5014315120738118
T3aHb10,gpt2_surprisal,1,0.49563232082588843
T3aHb10,local_flow,0,0.4853975319477969
T3aHb10,local_flow,1,0.47849074741648645
T3aHb10,onset,0,0.5702051228654728
T3aHb10,onset,1,0.6245444606413995
T3aHb10,pitch,0,0.5324859199816098
T3aHb10,pitch,1,0.5181342277671546
T3aHb10,speech,0,0.5061910284944046
T3aHb10,speech,1,0.541931809870119
T3aHb10,volume,0,0.5255504007188907
T3aHb10,volume,1,0.49390823694137076
T3aHb10,word_gap,0,0.4952770550557454
T3aHb10,word_gap,1,0.4646719538572458
T3aHb10,word_head_pos,0,0.5239046842836693
T3aHb10,word_head_pos,1,0.5350877192982456
T3aHb10,word_index,0,0.5338092370189298
T3aHb10,word_index,1,0.5436638679278705
T3aHb10,word_length,0,0.504315434207914
T3aHb10,word_length,1,0.5019905332121251
T3aHb10,word_part_speech,0,0.5146946653106509
T3aHb10,word_part_speech,1,0.5550284301035503
T1cIf12,delta_volume,0,0.7312283836452358
T1cIf12,delta_volume,1,0.6855793444301641
T1cIf12,face_num,0,0.49697501645716435
T1cIf12,face_num,1,0.5178364314598289
T1cIf12,frame_brightness,0,0.45419161363802596
T1cIf12,frame_brightness,1,0.4953815449881404
T1cIf12,global_flow,0,0.4888587609583816
T1cIf12,global_flow,1,0.5008881644253577
T1cIf12,gpt2_surprisal,0,0.5307984075734303
T1cIf12,gpt2_surprisal,1,0.5290690991922928
T1cIf12,local_flow,0,0.48301516148919055
T1cIf12,local_flow,1,0.4960555050520883
T1cIf12,onset,0,0.6788382444814661
T1cIf12,onset,1,0.7415660141607664
T1cIf12,pitch,0,0.5045139650794646
T1cIf12,pitch,1,0.4969959144436433
T1cIf12,speech,0,0.5018912677763497
T1cIf12,speech,1,0.5471301840067708
T1cIf12,volume,0,0.49901257013886713
T1cIf12,volume,1,0.5259344012204424
T1cIf12,word_gap,0,0.5470674900473339
T1cIf12,word_gap,1,0.5163422254265801
T1cIf12,word_head_pos,0,0.5177998599834907
T1cIf12,word_head_pos,1,0.528227955236513
T1cIf12,word_index,0,0.6917785571733919
T1cIf12,word_index,1,0.7199253669654349
T1cIf12,word_length,0,0.5132310376895186
T1cIf12,word_length,1,0.5242312153224037
T1cIf12,word_part_speech,0,0.4773194803994083
T1cIf12,word_part_speech,1,0.5076911519970414
T3bOT3,delta_volume,0,0.55888530140121
T3bOT3,delta_volume,1,0.5375014367365705
T3bOT3,face_num,0,0.5146442640251612
T3bOT3,face_num,1,0.544888874956898
T3bOT3,frame_brightness,0,0.479274421909449
T3bOT3,frame_brightness,1,0.49818187517632684
T3bOT3,global_flow,0,0.5062955184267995
T3bOT3,global_flow,1,0.49112358024304364
T3bOT3,gpt2_surprisal,0,0.5349649436276815
T3bOT3,gpt2_surprisal,1,0.5182230442096903
T3bOT3,local_flow,0,0.5176222270984191
T3bOT3,local_flow,1,0.5135053237620555
T3bOT3,onset,0,0.5491852353186173
T3bOT3,onset,1,0.5688189816743023
T3bOT3,pitch,0,0.5303177538844132
T3bOT3,pitch,1,0.5365192313720573
T3bOT3,speech,0,0.5480810423915655
T3bOT3,speech,1,0.528332445168908
T3bOT3,volume,0,0.48852178092640774
T3bOT3,volume,1,0.48599834905906814
T3bOT3,word_gap,0,0.4831405494080645
T3bOT3,word_gap,1,0.4921580305737542
T3bOT3,word_head_pos,0,0.5271464844362246
T3bOT3,word_head_pos,1,0.5173401042809525
T3bOT3,word_index,0,0.4938415937459406
T3bOT3,word_index,1,0.5342402664115917
T3bOT3,word_length,0,0.5104280952530224
T3bOT3,word_length,1,0.5226063968736612
T3bOT3,word_part_speech,0,0.5147235576923077
T3bOT3,word_part_speech,1,0.5197508321005917
T2d5,delta_volume,0,0.5701493161133925
T2d5,delta_volume,1,0.5276532606083404
T2d5,face_num,0,0.4844048775900442
T2d5,face_num,1,0.5578586878154289
T2d5,frame_brightness,0,0.47976030009508586
T2d5,frame_brightness,1,0.49719444531519386
T2d5,global_flow,0,0.5192209230640628
T2d5,global_flow,1,0.4839398973908864
T2d5,gpt2_surprisal,0,0.5166086747541874
T2d5,gpt2_surprisal,1,0.48972863964557023
T2d5,local_flow,0,0.5005433476484541
T2d5,local_flow,1,0.5034324942791762
T2d5,onset,0,0.5331697730112452
T2d5,onset,1,0.5665217617659309
T2d5,pitch,0,0.5133956093330408
T2d5,pitch,1,0.5375118857298099
T2d5,speech,0,0.503688494613544
T2d5,speech,1,0.4993730604056299
T2d5,volume,0,0.4981818751763267
T2d5,volume,1,0.5144509576502304
T2d5,word_gap,0,0.5375327837162889
T2d5,word_gap,1,0.5291108951652508
T2d5,word_head_pos,0,0.49250284735065775
T2d5,word_head_pos,1,0.5207934965466078
T2d5,word_index,0,0.46377581747971797
T2d5,word_index,1,0.5272257058844368
T2d5,word_length,0,0.480805199419036
T2d5,word_length,1,0.4915467644692434
T2d5,word_part_speech,0,0.49006102071005914
T2d5,word_part_speech,1,0.5121059079142012
F3aOFa12,delta_volume,0,0.5499409631881969
F3aOFa12,delta_volume,1,0.5452545897202805
F3aOFa12,face_num,0,0.5008724909354983
F3aOFa12,face_num,1,0.5071993563420165
F3aOFa12,frame_brightness,0,0.4783758084908519
F3aOFa12,frame_brightness,1,0.4890651285748618
F3aOFa12,global_flow,0,0.48806463747217954
F3aOFa12,global_flow,1,0.5039732296793205
F3aOFa12,gpt2_surprisal,0,0.5086334806641379
F3aOFa12,gpt2_surprisal,1,0.4889528018975372
F3aOFa12,local_flow,0,0.5080091533180777
F3aOFa12,local_flow,1,0.5127373227589522
F3aOFa12,onset,0,0.5175382653061225
F3aOFa12,onset,1,0.545371720116618
F3aOFa12,pitch,0,0.5251820737071984
F3aOFa12,pitch,1,0.5408085430968727
F3aOFa12,speech,0,0.5107885855197851
F3aOFa12,speech,1,0.5176065536085598
F3aOFa12,volume,0,0.5107206670637284
F3aOFa12,volume,1,0.5062432734606022
F3aOFa12,word_gap,0,0.5079464593586408
F3aOFa12,word_gap,1,0.5102138908916126
F3aOFa12,word_head_pos,0,0.5113737291411973
F3aOFa12,word_head_pos,1,0.5330449411199231
F3aOFa12,word_index,0,0.48228055880303733
F3aOFa12,word_index,1,0.4995571615828816
F3aOFa12,word_length,0,0.4964969750164572
F3aOFa12,word_length,1,0.4854967973835721
F3aOFa12,word_part_speech,0,0.49715121116863903
F3aOFa12,word_part_speech,1,0.5562650240384615
F3bIaOFb8,delta_volume,0,0.5954646144843945
F3bIaOFb8,delta_volume,1,0.5682214768607046
F3bIaOFb8,face_num,0,0.5110811573304912
F3bIaOFb8,face_num,1,0.5254067270618475
F3bIaOFb8,frame_brightness,0,0.43455795534100294
F3bIaOFb8,frame_brightness,1,0.47515751857308547
F3bIaOFb8,global_flow,0,0.48664096214329744
F3bIaOFb8,global_flow,1,0.49525615706926635
F3bIaOFb8,gpt2_surprisal,0,0.5268904841018568
F3bIaOFb8,gpt2_surprisal,1,0.5241632968663469
F3bIaOFb8,local_flow,0,0.47706707208760435
F3bIaOFb8,local_flow,1,0.49602938256898943
F3bIaOFb8,onset,0,0.5379138900458142
F3bIaOFb8,onset,1,0.6012924302374011
F3bIaOFb8,pitch,0,0.5004127352329604
F3bIaOFb8,pitch,1,0.5123402610158512
F3bIaOFb8,speech,0,0.5122984650428931
F3bIaOFb8,speech,1,0.545035160862251
F3bIaOFb8,volume,0,0.5132597724209272
F3bIaOFb8,volume,1,0.5095242573378055
F3bIaOFb8,word_gap,0,0.5217809264077407
F3bIaOFb8,word_gap,1,0.4803036477435399
F3bIaOFb8,word_head_pos,0,0.5221100696947849
F3bIaOFb8,word_head_pos,1,0.5187611673615247
F3bIaOFb8,word_index,0,0.5036076569714576
F3bIaOFb8,word_index,1,0.5020252476942879
F3bIaOFb8,word_length,0,0.5108826264589407
F3bIaOFb8,word_length,1,0.5047281694408744
F3bIaOFb8,word_part_speech,0,0.49478781434911245
F3bIaOFb8,word_part_speech,1,0.5352313701923077
F3cId4,delta_volume,0,0.5882939928737865
F3cId4,delta_volume,1,0.5840464771219294
F3cId4,face_num,0,0.49451427854926183
F3cId4,face_num,1,0.5156421428795336
F3cId4,frame_brightness,0,0.47853776788606417
F3cId4,frame_brightness,1,0.5149211623460079
F3cId4,global_flow,0,0.49922938674858675
F3cId4,global_flow,1,0.5094458898885093
F3cId4,gpt2_surprisal,0,0.5154697344910818
F3cId4,gpt2_surprisal,1,0.47483882427928076
F3cId4,local_flow,0,0.49143705004022864
F3cId4,local_flow,1,0.5021315946208582
F3cId4,onset,0,0.5360461786755519
F3cId4,onset,1,0.5904505935027072
F3cId4,pitch,0,0.5280294243649625
F3cId4,pitch,1,0.5338338401095054
F3cId4,speech,0,0.5193410864863169
F3cId4,speech,1,0.5343092693019027
F3cId4,volume,0,0.4867271663375234
F3cId4,volume,1,0.4913064376247349
F3cId4,word_gap,0,0.5117237704147206
F3cId4,word_gap,1,0.4867715745587913
F3cId4,word_head_pos,0,0.506582865740886
F3cId4,word_head_pos,1,0.5252656656531143
F3cId4,word_index,0,0.5418098510882016
F3cId4,word_index,1,0.5820077703380924
F3cId4,word_length,0,0.5034873514936835
F3cId4,word_length,1,0.4897652111219084
F3cId4,word_part_speech,0,0.46368805473372776
F3cId4,word_part_speech,1,0.5468692215236686
T1aIb7,delta_volume,0,0.6024993991828889
T1aIb7,delta_volume,1,0.6033980126014858
T1aIb7,face_num,0,0.4941694617723582
T1aIb7,face_num,1,0.5105325851854174
T1aIb7,frame_brightness,0,0.4540610012225322
T1aIb7,frame_brightness,1,0.488370270524435
T1aIb7,global_flow,0,0.5177998599834907
T1aIb7,global_flow,1,0.5043049852146746
T1aIb7,gpt2_surprisal,0,0.5107467895468272
T1aIb7,gpt2_surprisal,1,0.5059977221194737
T1aIb7,local_flow,0,0.5055797623898938
T1aIb7,local_flow,1,0.5272666478584789
T1aIb7,onset,0,0.5777280299875052
T1aIb7,onset,1,0.6657968034152437
T1aIb7,pitch,0,0.5158354492544643
T1aIb7,pitch,1,0.4867872480486505
T1aIb7,speech,0,0.5282854246993303
T1aIb7,speech,1,0.5951537569355192
T1aIb7,volume,0,0.5011415525114156
T1aIb7,volume,1,0.514628590535302
T1aIb7,word_gap,0,0.47721074574464745
T1aIb7,word_gap,1,0.5083278476118827
T1aIb7,word_head_pos,0,0.522987785126903
T1aIb7,word_head_pos,1,0.5381910702903775
T1aIb7,word_index,0,0.5274441728368819
T1aIb7,word_index,1,0.5103506099361131
T1aIb7,word_length,0,0.5115905457509169
T1aIb7,word_length,1,0.5006008171112714
T1aIb7,word_part_speech,0,0.4884314903846154
T1aIb7,word_part_speech,1,0.5845506656804733
T2aA11,delta_volume,0,0.5646583701660346
T2aA11,delta_volume,1,0.5355631484906429
T2aA11,face_num,0,0.5190014942060333
T2aA11,face_num,1,0.5535876618287828
T2aA11,frame_brightness,0,0.4646353823809076
T2aA11,frame_brightness,1,0.47350135314462455
T2aA11,global_flow,0,0.50167706341494
T2aA11,global_flow,1,0.4974034251799839
T2aA11,gpt2_surprisal,0,0.5061335590315873
T2aA11,gpt2_surprisal,1,0.47469776287054744
T2aA11,local_flow,0,0.5002560003343678
T2aA11,local_flow,1,0.49964473422985695
T2aA11,onset,0,0.5527221730528946
T2aA11,onset,1,0.5982338088296544
T2aA11,pitch,0,0.5233639488835251
T2aA11,pitch,1,0.528729506912009
T2aA11,speech,0,0.48681859502836905
T2aA11,speech,1,0.5272770968517183
T2aA11,volume,0,0.4925786025516441
T2aA11,volume,1,0.46395619782034
T2aA11,word_gap,0,0.4980826097405515
T2aA11,word_gap,1,0.4833443047762348
T2aA11,word_head_pos,0,0.505091271955947
T2aA11,word_head_pos,1,0.5181446767603941
T2aA11,word_index,0,0.4929322988627909
T2aA11,word_index,1,0.5131493487323013
T2aA11,word_length,0,0.5165198583116517
T2aA11,word_length,1,0.528457833087782
T2aA11,word_part_speech,0,0.4893444896449704
T2aA11,word_part_speech,1,0.5458984375
T2bHa13,delta_volume,0,0.6079433246606689
T2bHa13,delta_volume,1,0.5788063070123194
T2bHa13,face_num,0,0.5044930670929856
T2bHa13,face_num,1,0.5125387918874017
T2bHa13,frame_brightness,0,0.4804133621725547
T2bHa13,frame_brightness,1,0.5170005120006687
T2bHa13,global_flow,0,0.4892166389768346
T2bHa13,global_flow,1,0.48581026718075704
T2bHa13,gpt2_surprisal,0,0.49430007418785205
T2bHa13,gpt2_surprisal,1,0.494300074187852
T2bHa13,local_flow,0,0.4889658631390866
T2bHa13,local_flow,1,0.49265958224925027
T2bHa13,onset,0,0.5575541441066223
T2bHa13,onset,1,0.6156744585589339
T2bHa13,pitch,0,0.5092264610304796
T2bHa13,pitch,1,0.5113737291411973
T2bHa13,speech,0,0.5299624881142702
T2bHa13,speech,1,0.5383634786788293
T2bHa13,volume,0,0.5031555959583294
T2bHa13,volume,1,0.5118282603471156
T2bHa13,word_gap,0,0.49087280440529557
T2bHa13,word_gap,1,0.5188656572939198
T2bHa13,word_head_pos,0,0.5428983417447728
T2bHa13,word_head_pos,1,0.5803736559982446
T2bHa13,word_index,0,0.523730234645316
T2bHa13,word_index,1,0.5551186216506654
T2bHa13,word_length,0,0.5307722850903316
T2bHa13,word_length,1,0.5241789703562062
T2bHa13,word_part_speech,0,0.5025569757766273
T2bHa13,word_part_speech,1,0.5480942585059172
F3dIe3,delta_volume,0,0.5763873650773749
F3dIe3,delta_volume,1,0.5309290199889241
F3dIe3,face_num,0,0.4855438178531498
F3dIe3,face_num,1,0.5195396173578676
F3dIe3,frame_brightness,0,0.44436433549627496
F3dIe3,frame_brightness,1,0.47008453235530745
F3dIe3,global_flow,0,0.47325841405180613
F3dIe3,global_flow,1,0.4792430749297305
F3dIe3,gpt2_surprisal,0,0.5049684962853829
F3dIe3,gpt2_surprisal,1,0.5011546137529649
F3dIe3,local_flow,0,0.4946239929782766
F3dIe3,local_flow,1,0.5103967482733038
F3dIe3,onset,0,0.5565844960433153
F3dIe3,onset,1,0.5724567888379841
F3dIe3,pitch,0,0.486526023217663
F3dIe3,pitch,1,0.5256209314232574
F3dIe3,speech,0,0.479337115868886
F3dIe3,speech,1,0.4950994221706738
F3dIe3,volume,0,0.48201728263481813
F3dIe3,volume,1,0.4580525166400217
F3dIe3,word_gap,0,0.5408503390698306
F3dIe3,word_gap,1,0.5006635110707084
F3dIe3,word_head_pos,0,0.5064992737949698
F3dIe3,word_head_pos,1,0.5320418377689309
F3dIe3,word_index,0,0.5337738099455603
F3dIe3,word_index,1,0.5044106706344988
F3dIe3,word_length,0,0.47518102880787433
F3dIe3,word_length,1,0.500752327513244
F3dIe3,word_part_speech,0,0.4676087509245562
F3dIe3,word_part_speech,1,0.5518271542159764
T3aHb12,delta_volume,0,0.6440001880818783
T3aHb12,delta_volume,1,0.6333108679978685
T3aHb12,face_num,0,0.481453036999885
T3aHb12,face_num,1,0.5159660616699581
T3aHb12,frame_brightness,0,0.46061774448031934
T3aHb12,frame_brightness,1,0.5107258915603482
T3aHb12,global_flow,0,0.47752421554183255
T3aHb12,global_flow,1,0.4879888822711932
T3aHb12,gpt2_surprisal,0,0.5206890066142127
T3aHb12,gpt2_surprisal,1,0.49364701211038314
T3aHb12,local_flow,0,0.5030197590462159
T3aHb12,local_flow,1,0.48331818229313606
T3aHb12,onset,0,0.6103381403581841
T3aHb12,onset,1,0.6977496355685132
T3aHb12,pitch,0,0.5010814708002884
T3aHb12,pitch,1,0.4967869345788533
T3aHb12,speech,0,0.5300774270399047
T3aHb12,speech,1,0.5639060426527904
T3aHb12,volume,0,0.5183588811218038
T3aHb12,volume,1,0.5007314295267651
T3aHb12,word_gap,0,0.5152346321431931
T3aHb12,word_gap,1,0.4873462691869639
T3aHb12,word_head_pos,0,0.5316787352538583
T3aHb12,word_head_pos,1,0.5452702632101396
T3aHb12,word_index,0,0.5524497821234988
T3aHb12,word_index,1,0.5728793944332258
T3aHb12,word_length,0,0.5183092484039162
T3aHb12,word_length,1,0.518902228770258
T3aHb12,word_part_speech,0,0.49229729105029585
T3aHb12,word_part_speech,1,0.5465456268491125
T1cIf13,delta_volume,0,0.7494644890964756
T1cIf13,delta_volume,1,0.7248623345140696
T1cIf13,face_num,0,0.4922363980230505
T1cIf13,face_num,1,0.5159294901936198
T1cIf13,frame_brightness,0,0.44548760226952133
T1cIf13,frame_brightness,1,0.49853191644985
T1cIf13,global_flow,0,0.5001619593952122
T1cIf13,global_flow,1,0.5137143036268456
T1cIf13,gpt2_surprisal,0,0.5332539209847131
T1cIf13,gpt2_surprisal,1,0.5291317931517299
T1cIf13,local_flow,0,0.4799901779463548
T1cIf13,local_flow,1,0.5087980523076602
T1cIf13,onset,0,0.7102574448146606
T1cIf13,onset,1,0.7553623490212411
T1cIf13,pitch,0,0.501802451333814
T1cIf13,pitch,1,0.4985214674566106
T1cIf13,speech,0,0.5205636186953387
T1cIf13,speech,1,0.5762828751449798
T1cIf13,volume,0,0.5277995465136933
T1cIf13,volume,1,0.505219272123131
T1cIf13,word_gap,0,0.5726048295246754
T1cIf13,word_gap,1,0.5332173495083748
T1cIf13,word_head_pos,0,0.5152450811364325
T1cIf13,word_head_pos,1,0.5430811991264641
T1cIf13,word_index,0,0.7146644465700689
T1cIf13,word_index,1,0.7202678286746732
T1cIf13,word_length,0,0.5255530129672006
T1cIf13,word_length,1,0.530469264286386
T1cIf13,word_part_speech,0,0.49304271449704135
T1cIf13,word_part_speech,1,0.5335036057692308
T3bOT4,delta_volume,0,0.5605675893127697
T3bOT4,delta_volume,1,0.5340793914506338
T3bOT4,face_num,0,0.5177214925341944
T3bOT4,face_num,1,0.5414041357115242
T3bOT4,frame_brightness,0,0.4690135105482587
T3bOT4,frame_brightness,1,0.49594579062307353
T3bOT4,global_flow,0,0.49917452953407937
T3bOT4,global_flow,1,0.4623522773580766
T3bOT4,gpt2_surprisal,0,0.5385254380740416
T3bOT4,gpt2_surprisal,1,0.497612405044774
T3bOT4,local_flow,0,0.5297326102630011
T3bOT4,local_flow,1,0.5121260566544413
T3bOT4,onset,0,0.5586018846314036
T3bOT4,onset,1,0.5802920658059142
T3bOT4,pitch,0,0.5261538300784719
T3bOT4,pitch,1,0.5343406162816212
T3bOT4,speech,0,0.5196937400081503
T3bOT4,speech,1,0.5396800518270065
T3bOT4,volume,0,0.5008751031838082
T3bOT4,volume,1,0.509576502304003
T3bOT4,word_gap,0,0.4898017825982467
T3bOT4,word_gap,1,0.5060029466160936
T3bOT4,word_head_pos,0,0.5474958987701535
T3bOT4,word_head_pos,1,0.5258769317576252
T3bOT4,word_index,0,0.4942194825285483
T3bOT4,word_index,1,0.5315596178599686
T3bOT4,word_length,0,0.5175438596491228
T3bOT4,word_length,1,0.5085525009665319
T3bOT4,word_part_speech,0,0.5229521079881657
T3bOT4,word_part_speech,1,0.5306837093195267
T2d6,delta_volume,0,0.6168563158939636
T2d6,delta_volume,1,0.6090038974744784
T2d6,face_num,0,0.47799964473422984
T2d6,face_num,1,0.5452493652236607
T2d6,frame_brightness,0,0.4410624536325925
T2d6,frame_brightness,1,0.48596177758272996
T2d6,global_flow,0,0.4836212030970816
T2d6,global_flow,1,0.475523233336468
T2d6,gpt2_surprisal,0,0.48111866921622104
T2d6,gpt2_surprisal,1,0.475606825282384
T2d6,local_flow,0,0.5038086580357983
T2d6,local_flow,1,0.5078524184194854
T2d6,onset,0,0.5541701374427321
T2d6,onset,1,0.6295684089962514
T2d6,pitch,0,0.535312372652895
T2d6,pitch,1,0.5301505699925811
T2d6,speech,0,0.5285675475167967
T2d6,speech,1,0.5130821395358558
T2d6,volume,0,0.5113449944097886
T2d6,volume,1,0.5181916972299718
T2d6,word_gap,0,0.536294578017408
T2d6,word_gap,1,0.5123245875259919
T2d6,word_head_pos,0,0.5450220996207016
T2d6,word_head_pos,1,0.5482430017867779
T2d6,word_index,0,0.5073038816263389
T2d6,word_index,1,0.5468877316044922
T2d6,word_length,0,0.507732254997231
T2d6,word_length,1,0.5001880818783111
T2d6,word_part_speech,0,0.4995377218934911
T2d6,word_part_speech,1,0.5469501201923077
F3aOFa13,delta_volume,0,0.5319451845814656
F3aOFa13,delta_volume,1,0.5433580974473109
F3aOFa13,face_num,0,0.5060708650721503
F3aOFa13,face_num,1,0.5231027240525374
F3aOFa13,frame_brightness,0,0.49202219366164074
F3aOFa13,frame_brightness,1,0.49867297785858333
F3aOFa13,global_flow,0,0.509973564047104
F3aOFa13,global_flow,1,0.5128156902082485
F3aOFa13,gpt2_surprisal,0,0.5069851519806068
F3aOFa13,gpt2_surprisal,1,0.5017136348912782
F3aOFa13,local_flow,0,0.48389287692130867
F3aOFa13,local_flow,1,0.5035944536743885
F3aOFa13,onset,0,0.5137637963348605
F3aOFa13,onset,1,0.5183256976259891
F3aOFa13,pitch,0,0.5314566941475188
F3aOFa13,pitch,1,0.5226481928466192
F3aOFa13,speech,0,0.48131720008777157
F3aOFa13,speech,1,0.49919542752055834
F3aOFa13,volume,0,0.5041012298465043
F3aOFa13,volume,1,0.4968731387730792
F3aOFa13,word_gap,0,0.49448815606616303
F3aOFa13,word_gap,1,0.46904485752797725
F3aOFa13,word_head_pos,0,0.49349550170841033
F3aOFa13,word_head_pos,1,0.49592489263659445
F3aOFa13,word_index,0,0.44227748845667864
F3aOFa13,word_index,1,0.4916923512948596
F3aOFa13,word_length,0,0.4978239971578738
F3aOFa13,word_length,1,0.4819598131720009
F3aOFa13,word_part_speech,0,0.4936436760355031
F3aOFa13,word_part_speech,1,0.5230676775147929
F3bIaOFb9,delta_volume,0,0.5636892260430707
F3bIaOFb9,delta_volume,1,0.5589584443538865
F3bIaOFb9,face_num,0,0.5015255530129672
F3bIaOFb9,face_num,1,0.5078994388890631
F3bIaOFb9,frame_brightness,0,0.45087928278110406
F3bIaOFb9,frame_brightness,1,0.5082547046592061
F3bIaOFb9,global_flow,0,0.5119980564872575
F3bIaOFb9,global_flow,1,0.4989028557098524
F3bIaOFb9,gpt2_surprisal,0,0.520597577923367
F3bIaOFb9,gpt2_surprisal,1,0.5118125868572563
F3bIaOFb9,local_flow,0,0.47111898268601826
F3bIaOFb9,local_flow,1,0.49291558258361806
F3bIaOFb9,onset,0,0.5293497501041233
F3bIaOFb9,onset,1,0.5512742086630571
F3bIaOFb9,pitch,0,0.5104437687428816
F3bIaOFb9,pitch,1,0.5210808438606941
F3bIaOFb9,speech,0,0.5237766841164854
F3bIaOFb9,speech,1,0.517308757301234
F3bIaOFb9,volume,0,0.490820559439098
F3bIaOFb9,volume,1,0.49866775336196356
F3bIaOFb9,word_gap,0,0.5217495794280221
F3bIaOFb9,word_gap,1,0.4939709309008077
F3bIaOFb9,word_head_pos,0,0.510289646092599
F3bIaOFb9,word_head_pos,1,0.5127582207454311
F3bIaOFb9,word_index,0,0.5033655719700996
F3bIaOFb9,word_index,1,0.511094578476872
F3bIaOFb9,word_length,0,0.48787394334555867
F3bIaOFb9,word_length,1,0.4974190986698432
F3bIaOFb9,word_part_speech,0,0.5056744637573964
F3bIaOFb9,word_part_speech,1,0.5290946283284024
F3cId5,delta_volume,0,0.570117969133674
F3cId5,delta_volume,1,0.5718211550317126
F3cId5,face_num,0,0.5042788627315758
F3cId5,face_num,1,0.5308297545531488
F3cId5,frame_brightness,0,0.4493746277546159
F3cId5,frame_brightness,1,0.4916512544016384
F3cId5,global_flow,0,0.4936652978485523
F3cId5,global_flow,1,0.5214099871477383
F3cId5,gpt2_surprisal,0,0.5135314462451543
F3cId5,gpt2_surprisal,1,0.5062589469504613
F3cId5,local_flow,0,0.5003448167769036
F3cId5,local_flow,1,0.5093622979425932
F3cId5,onset,0,0.5326816951270303
F3cId5,onset,1,0.5704784464806331
F3cId5,pitch,0,0.52451856263649
F3cId5,pitch,1,0.5456986719329593
F3cId5,speech,0,0.5077897244600483
F3cId5,speech,1,0.5144927536231885
F3cId5,volume,0,0.49167737688473717
F3cId5,volume,1,0.4752567840088608
F3cId5,word_gap,0,0.49672424061941634
F3cId5,word_gap,1,0.4752254370291422
F3cId5,word_head_pos,0,0.5265352183317137
F3cId5,word_head_pos,1,0.5455628350208457
F3cId5,word_index,0,0.5215691831697783
F3cId5,word_index,1,0.5639045358462937
F3cId5,word_length,0,0.49537632049152064
F3cId5,word_length,1,0.4870850443559763
F3cId5,word_part_speech,0,0.4681721523668639
F3cId5,word_part_speech,1,0.5237264238165681
T1aIb8,delta_volume,0,0.6604416789442338
T1aIb8,delta_volume,1,0.645076434385547
T1aIb8,face_num,0,0.4821583440435514
T1aIb8,face_num,1,0.5162586334806641
T1aIb8,frame_brightness,0,0.4654138323772504
T1aIb8,frame_brightness,1,0.5061387835282071
T1aIb8,global_flow,0,0.4971735473287149
T1aIb8,global_flow,1,0.4808365463987545
T1aIb8,gpt2_surprisal,0,0.49873567181802037
T1aIb8,gpt2_surprisal,1,0.49519346310982937
T1aIb8,local_flow,0,0.4984378755106946
T1aIb8,local_flow,1,0.4966981181363175
T1aIb8,onset,0,0.6097329237817576
T1aIb8,onset,1,0.7046998646397334
T1aIb8,pitch,0,0.5132284254412087
T1aIb8,pitch,1,0.5104594422327409
T1aIb8,speech,0,0.545850182334932
T1aIb8,speech,1,0.6153359873776163
T1aIb8,volume,0,0.5098116046518918
T1aIb8,volume,1,0.5099683395504843
T1aIb8,word_gap,0,0.4939918288872867
T1aIb8,word_gap,1,0.5026331462963544
T1aIb8,word_head_pos,0,0.538452295121365
T1aIb8,word_head_pos,1,0.5690991922928226
T1aIb8,word_index,0,0.5212621485339096
T1aIb8,word_index,1,0.5455887389142783
T1aIb8,word_length,0,0.5309446934787834
T1aIb8,word_length,1,0.5191895760843444
T1aIb8,word_part_speech,0,0.5025540865384616
T1aIb8,word_part_speech,1,0.5935650887573964
T2aA12,delta_volume,0,0.5583341170078263
T2aA12,delta_volume,1,0.5224078660021106
T2aA12,face_num,0,0.5025547788470581
T2aA12,face_num,1,0.5500872490935499
T2aA12,frame_brightness,0,0.4806954849900212
T2aA12,frame_brightness,1,0.4936156651306647
T2aA12,global_flow,0,0.5010344503307107
T2aA12,global_flow,1,0.4974922416225197
T2aA12,gpt2_surprisal,0,0.5100153600200621
T2aA12,gpt2_surprisal,1,0.47638005078210716
T2aA12,local_flow,0,0.5070896419130018
T2aA12,local_flow,1,0.4988297127571758
T2aA12,onset,0,0.5566040191586838
T2aA12,onset,1,0.5970884527280299
T2aA12,pitch,0,0.5268591371221383
T2aA12,pitch,1,0.5283899146317252
T2aA12,speech,0,0.4996604077197162
T2aA12,speech,1,0.5290429767091941
T2aA12,volume,0,0.49543117770602796
T2aA12,volume,1,0.45049789452786226
T2aA12,word_gap,0,0.5016404919386017
T2aA12,word_gap,1,0.4804969541184706
T2aA12,word_head_pos,0,0.501737145126067
T2aA12,word_head_pos,1,0.5191477801113863
T2aA12,word_index,0,0.4889644666454105
T2aA12,word_index,1,0.5103033738382872
T2aA12,word_length,0,0.5136411606741691
T2aA12,word_length,1,0.5198739851415316
T2aA12,word_part_speech,0,0.49434865014792895
T2aA12,word_part_speech,1,0.5548897466715976
T2bHa14,delta_volume,0,0.6038629928006437
T2bHa14,delta_volume,1,0.5821761073320586
T2bHa14,face_num,0,0.49936261141239047
T2bHa14,face_num,1,0.5056685788324295
T2bHa14,frame_brightness,0,0.46903440853473766
T2bHa14,frame_brightness,1,0.5127686697386707
T2bHa14,global_flow,0,0.4757922949123852
T2bHa14,global_flow,1,0.4724721273105337
T2bHa14,gpt2_surprisal,0,0.49163558091177906
T2bHa14,gpt2_surprisal,1,0.494237380228415
T2bHa14,local_flow,0,0.4923879084250232
T2bHa14,local_flow,1,0.4954390144509576
T2bHa14,onset,0,0.5624609537692628
T2bHa14,onset,1,0.6234837047063724
T2bHa14,pitch,0,0.5191477801113863
T2bHa14,pitch,1,0.5013949405974735
T2bHa14,speech,0,0.5306521216680773
T2bHa14,speech,1,0.5434207914067479
T2bHa14,volume,0,0.5193306374930775
T2bHa14,volume,1,0.5133590378567024
T2bHa14,word_gap,0,0.4995924892636594
T2bHa14,word_gap,1,0.5174863901863056
T2bHa14,word_head_pos,0,0.5314932656238571
T2bHa14,word_head_pos,1,0.5607034262248832
T2bHa14,word_index,0,0.5269245757607964
T2bHa14,word_index,1,0.5547053057946882
T2bHa14,word_length,0,0.5342021671211978
T2bHa14,word_length,1,0.5289698337565175
T2bHa14,word_part_speech,0,0.4920112564718935
T2bHa14,word_part_speech,1,0.5399119360207101
F3dIe4,delta_volume,0,0.5721372370772076
F3dIe4,delta_volume,1,0.5133015683938852
F3dIe4,face_num,0,0.47804666520380756
F3dIe4,face_num,1,0.527684607588059
F3dIe4,frame_brightness,0,0.4731251893880024
F3dIe4,frame_brightness,1,0.5044617201132671
F3dIe4,global_flow,0,0.5056006603763727
F3dIe4,global_flow,1,0.4859670020793496
F3dIe4,gpt2_surprisal,0,0.5218436203671776
F3dIe4,gpt2_surprisal,1,0.4962435869303993
F3dIe4,local_flow,0,0.4992581214799953
F3dIe4,local_flow,1,0.48869941381147924
F3dIe4,onset,0,0.5236490004164931
F3dIe4,onset,1,0.5676541024573094
F3dIe4,pitch,0,0.5078210714397667
F3dIe4,pitch,1,0.517852104949688
F3dIe4,speech,0,0.5123089140361327
F3dIe4,speech,1,0.5388911528374241
F3dIe4,volume,0,0.49388733895489173
F3dIe4,volume,1,0.5166974911967231
F3dIe4,word_gap,0,0.5181603502502534
F3dIe4,word_gap,1,0.4846452044345527
F3dIe4,word_head_pos,0,0.4963350156212449
F3dIe4,word_head_pos,1,0.5099631150538645
F3dIe4,word_index,0,0.5329885098192038
F3dIe4,word_index,1,0.4796235283003272
F3dIe4,word_length,0,0.5175673698839117
F3dIe4,word_length,1,0.501927839252688
F3dIe4,word_part_speech,0,0.4638382951183432
F3dIe4,word_part_speech,1,0.5352660410502958
T1cIf1,delta_volume,0,0.5967211059214445
T1cIf1,delta_volume,1,0.5663302090843547
T1cIf1,face_num,0,0.5014889815366289
T1cIf1,face_num,1,0.5193201884998381
T1cIf1,frame_brightness,0,0.47442086454970067
T1cIf1,frame_brightness,1,0.502199513076915
T1cIf1,global_flow,0,0.49664064867350033
T1cIf1,global_flow,1,0.5041169033363635
T1cIf1,gpt2_surprisal,0,0.5185469630001149
T1cIf1,gpt2_surprisal,1,0.5123977304786684
T1cIf1,local_flow,0,0.4875082285821761
T1cIf1,local_flow,1,0.5149211623460079
T1cIf1,onset,0,0.5632809246147439
T1cIf1,onset,1,0.628527176176593
T1cIf1,pitch,0,0.5250619102849441
T1cIf1,pitch,1,0.5312477142827289
T1cIf1,speech,0,0.5005120006687355
T1cIf1,speech,1,0.5284839555708807
T1cIf1,volume,0,0.4819075682058034
T1cIf1,volume,1,0.4846974494007502
T1cIf1,word_gap,0,0.5163892458961579
T1cIf1,word_gap,1,0.4986050594025266
T1cIf1,word_head_pos,0,0.5086909501269553
T1cIf1,word_head_pos,1,0.5343824122545792
T1cIf1,word_index,0,0.5453289403762356
T1cIf1,word_index,1,0.5448801974468889
T1cIf1,word_length,0,0.4785482168793037
T1cIf1,word_length,1,0.5032496368974849
T1cIf1,word_part_speech,0,0.494493112056213
T1cIf1,word_part_speech,1,0.5338156434911242
T1cIf14,delta_volume,0,0.7103277849179231
T1cIf14,delta_volume,1,0.6767656186326447
T1cIf14,face_num,0,0.5020166556952237
T1cIf14,face_num,1,0.5089809096893514
T1cIf14,frame_brightness,0,0.4412348620210442
T1cIf14,frame_brightness,1,0.5114311986040145
T1cIf14,global_flow,0,0.5019173902594485
T1cIf14,global_flow,1,0.5142158553023416
T1cIf14,gpt2_surprisal,0,0.54002486860391
T1cIf14,gpt2_surprisal,1,0.5220996207015455
T1cIf14,local_flow,0,0.4648077907693594
T1cIf14,local_flow,1,0.49387166546503247
T1cIf14,onset,0,0.6739119117034569
T1cIf14,onset,1,0.7146566534777177
T1cIf14,pitch,0,0.5011389402631057
T1cIf14,pitch,1,0.490277211790644
T1cIf14,speech,0,0.5410227474582824
T1cIf14,speech,1,0.5592980366341703
T1cIf14,volume,0,0.5060969875552491
T1cIf14,volume,1,0.5048013123935509
T1cIf14,word_gap,0,0.566492168479567
T1cIf14,word_gap,1,0.5332069005151353
T1cIf14,word_head_pos,0,0.5288810173139818
T1cIf14,word_head_pos,1,0.5294818344252531
T1cIf14,word_index,0,0.6441645705648256
T1cIf14,word_index,1,0.6514212160933385
T1cIf14,word_length,0,0.5156473673761532
T1cIf14,word_length,1,0.5329561246773873
T1cIf14,word_part_speech,0,0.4828234791050296
T1cIf14,word_part_speech,1,0.5326021634615384
T3bOT5,delta_volume,0,0.5719883389235447
T3bOT5,delta_volume,1,0.5499357386915771
T3bOT5,face_num,0,0.5086413174090676
T3bOT5,face_num,1,0.5385881320334786
T3bOT5,frame_brightness,0,0.4625873797059653
T3bOT5,frame_brightness,1,0.5029727385766382
T3bOT5,global_flow,0,0.4940388493568645
T3bOT5,global_flow,1,0.4656698327116182
T3bOT5,gpt2_surprisal,0,0.526300115983825
T3bOT5,gpt2_surprisal,1,0.4894778638078221
T3bOT5,local_flow,0,0.49617044397772275
T3bOT5,local_flow,1,0.501718859387898
T3bOT5,onset,0,0.5751965326947105
T3bOT5,onset,1,0.6063359017076219
T3bOT5,pitch,0,0.5355474750007836
T3bOT5,pitch,1,0.5190537391722307
T3bOT5,speech,0,0.5060865385620096
T3bOT5,speech,1,0.529716936773142
T3bOT5,volume,0,0.48872553629457804
T3bOT5,volume,1,0.5129828741000804
T3bOT5,word_gap,0,0.5046080060186201
T3bOT5,word_gap,1,0.5025182073707198
T3bOT5,word_head_pos,0,0.5322246951506222
T3bOT5,word_head_pos,1,0.5277995465136934
T3bOT5,word_index,0,0.5051900662486273
T3bOT5,word_index,1,0.5357045854441964
T3bOT5,word_length,0,0.5172721858248958
T3bOT5,word_length,1,0.5113632801479577
T3bOT5,word_part_speech,0,0.5042038415310651
T3bOT5,word_part_speech,1,0.5086099297337278
F3aOFa14,delta_volume,0,0.543462587379706
F3aOFa14,delta_volume,1,0.5366393947943116
F3aOFa14,face_num,0,0.5011964097259228
F3aOFa14,face_num,1,0.5144405086569909
F3aOFa14,frame_brightness,0,0.4867454520756925
F3aOFa14,frame_brightness,1,0.499832816108168
F3aOFa14,global_flow,0,0.5121678526273993
F3aOFa14,global_flow,1,0.5337868196399277
F3aOFa14,gpt2_surprisal,0,0.5152659791229115
F3aOFa14,gpt2_surprisal,1,0.5127791187319102
F3aOFa14,local_flow,0,0.5011650627462044
F3aOFa14,local_flow,1,0.4902719872940242
F3aOFa14,onset,0,0.5446949187838401
F3aOFa14,onset,1,0.5681877342773844
F3aOFa14,pitch,0,0.5155063059674201
F3aOFa14,pitch,1,0.5546691326290712
F3aOFa14,speech,0,0.5137299771167049
F3aOFa14,speech,1,0.4896345987064146
F3aOFa14,volume,0,0.49778742568153556
F3aOFa14,volume,1,0.5096757677397783
F3aOFa14,word_gap,0,0.49600326008589074
F3aOFa14,word_gap,1,0.47948340177423904
F3aOFa14,word_head_pos,0,0.4965048117613868
F3aOFa14,word_head_pos,1,0.46999049141615207
F3aOFa14,word_index,0,0.4918045370271962
F3aOFa14,word_index,1,0.5306030868789929
F3aOFa14,word_length,0,0.4855699403362486
F3aOFa14,word_length,1,0.4861707574475199
F3aOFa14,word_part_speech,0,0.4768629807692307
F3aOFa14,word_part_speech,1,0.5153071838017752
F3bIaOFb10,delta_volume,0,0.6165402338484688
F3bIaOFb10,delta_volume,1,0.5782786328537245
F3bIaOFb10,face_num,0,0.4925498678202355
F3bIaOFb10,face_num,1,0.4988715087301338
F3bIaOFb10,frame_brightness,0,0.4487476881602458
F3bIaOFb10,frame_brightness,1,0.471479472952781
F3bIaOFb10,global_flow,0,0.5198661483966021
F3bIaOFb10,global_flow,1,0.5067291516462389
F3bIaOFb10,gpt2_surprisal,0,0.498281140612102
F3bIaOFb10,gpt2_surprisal,1,0.4665579971369759
F3bIaOFb10,local_flow,0,0.5021681660971966
F3bIaOFb10,local_flow,1,0.503646698640586
F3bIaOFb10,onset,0,0.5641008954602249
F3bIaOFb10,onset,1,0.5949083715118701
F3bIaOFb10,pitch,0,0.5539429275989258
F3bIaOFb10,pitch,1,0.4993730604056299
F3bIaOFb10,speech,0,0.5325904099140047
F3bIaOFb10,speech,1,0.5828187204162878
F3bIaOFb10,volume,0,0.5180192888415202
F3bIaOFb10,volume,1,0.5215301505699926
F3bIaOFb10,word_gap,0,0.5252604411564946
F3bIaOFb10,word_gap,1,0.5235311327753571
F3bIaOFb10,word_head_pos,0,0.5433816076820998
F3bIaOFb10,word_head_pos,1,0.5536451312916001
F3bIaOFb10,word_index,0,0.5202229543817385
F3bIaOFb10,word_index,1,0.4908302925095358
F3bIaOFb10,word_length,0,0.5010919197935279
F3bIaOFb10,word_length,1,0.5077792754668088
F3bIaOFb10,word_part_speech,0,0.46285306490384615
F3bIaOFb10,word_part_speech,1,0.5413161057692307
F3cId6,delta_volume,0,0.5625894695046132
F3cId6,delta_volume,1,0.5459233252876086
F3cId6,face_num,0,0.4882083111292227
F3cId6,face_num,1,0.5238289290826829
F3cId6,frame_brightness,0,0.47803099171394836
F3cId6,frame_brightness,1,0.4871216158323145
F3cId6,global_flow,0,0.474266741899418
F3cId6,global_flow,1,0.4983751815512576
F3cId6,gpt2_surprisal,0,0.5444343437509795
F3cId6,gpt2_surprisal,1,0.509910870087667
F3cId6,local_flow,0,0.47842805345704936
F3cId6,local_flow,1,0.5319425723331557
F3cId6,onset,0,0.5393455851728446
F3cId6,onset,1,0.5827715014577259
F3cId6,pitch,0,0.51173421940796
F3cId6,pitch,1,0.5138814875186776
F3cId6,speech,0,0.5044930670929856
F3cId6,speech,1,0.49473893190391105
F3cId6,volume,0,0.487111166839075
F3cId6,volume,1,0.5173035328046143
F3cId6,word_gap,0,0.5199157811144897
F3cId6,word_gap,1,0.4789087071460664
F3cId6,word_head_pos,0,0.516723613679822
F3cId6,word_head_pos,1,0.5395546639081324
F3cId6,word_index,0,0.5126297516562157
F3cId6,word_index,1,0.543073416705046
F3cId6,word_length,0,0.48374136651933586
F3cId6,word_length,1,0.5026801667659321
F3cId6,word_part_speech,0,0.503553762943787
F3cId6,word_part_speech,1,0.5464069434171598
T2aA1,delta_volume,0,0.5325120424647085
T2aA1,delta_volume,1,0.5362214350647314
T2aA1,face_num,0,0.4739088638809651
T2aA1,face_num,1,0.52661358578101
T2aA1,frame_brightness,0,0.4633762786955477
T2aA1,frame_brightness,1,0.49737207820026536
T2aA1,global_flow,0,0.4953528102567318
T2aA1,global_flow,1,0.5046654754814374
T2aA1,gpt2_surprisal,0,0.5268068921559408
T2aA1,gpt2_surprisal,1,0.5183014116589867
T2aA1,local_flow,0,0.49446725807968406
T2aA1,local_flow,1,0.5021629416005768
T2aA1,onset,0,0.5336253123698459
T2aA1,onset,1,0.5876132340691379
T2aA1,pitch,0,0.49736162920702587
T2aA1,pitch,1,0.5321515521979457
T2aA1,speech,0,0.513035119066278
T2aA1,speech,1,0.5429558112075901
T2aA1,volume,0,0.48173515981735165
T2aA1,volume,1,0.4874403101261193
T2aA1,word_gap,0,0.4988558352402746
T2aA1,word_gap,1,0.47063832899700114
T2aA1,word_head_pos,0,0.525315298371002
T2aA1,word_head_pos,1,0.5400405420937693
T2aA1,word_index,0,0.5026156989171124
T2aA1,word_index,1,0.49106647299866557
T2aA1,word_length,0,0.5031164122336813
T2aA1,word_length,1,0.5087196848583639
T2aA1,word_part_speech,0,0.5014099482248521
T2aA1,word_part_speech,1,0.5392589681952663
T2bHa1,delta_volume,0,0.546330836023949
T2bHa1,delta_volume,1,0.5385463360605206
T2bHa1,face_num,0,0.5219063143266147
T2bHa1,face_num,1,0.49626448491687825
T2bHa1,frame_brightness,0,0.4852303480559648
T2bHa1,frame_brightness,1,0.5147592029507957
T2bHa1,global_flow,0,0.5077374794938507
T2bHa1,global_flow,1,0.4873253712004849
T2bHa1,gpt2_surprisal,0,0.5092107875406204
T2bHa1,gpt2_surprisal,1,0.5196702297733613
T2bHa1,local_flow,0,0.4839242239010272
T2bHa1,local_flow,1,0.4832607128303188
T2bHa1,onset,0,0.5453521970012495
T2bHa1,onset,1,0.5564738650562265
T2bHa1,pitch,0,0.5014942060332487
T2bHa1,pitch,1,0.4838510809483506
T2bHa1,speech,0,0.5158145512679855
T2bHa1,speech,1,0.5288914663072213
T2bHa1,volume,0,0.494490768314473
T2bHa1,volume,1,0.48658871717709995
T2bHa1,word_gap,0,0.517308757301234
T2bHa1,word_gap,1,0.50901225666907
T2bHa1,word_head_pos,0,0.5129672006102212
T2bHa1,word_head_pos,1,0.5392046226346092
T2bHa1,word_index,0,0.48649638053400407
T2bHa1,word_index,1,0.4728215302133891
T2bHa1,word_length,0,0.5061779672528552
T2bHa1,word_length,1,0.49975444865887175
T2bHa1,word_part_speech,0,0.4850857525887574
T2bHa1,word_part_speech,1,0.5221200073964497
T1bIc1,delta_volume,0,0.5877140737489943
T1bIc1,delta_volume,1,0.6032726246826119
T1bIc1,face_num,0,0.5042893117248153
T1bIc1,face_num,1,0.5324963689748493
T1bIc1,frame_brightness,0,0.4829289572949646
T1bIc1,frame_brightness,1,0.5010762463036686
T1bIc1,global_flow,0,0.4996499587264767
T1bIc1,global_flow,1,0.5097802576721733
T1bIc1,gpt2_surprisal,0,0.512742547255572
T1bIc1,gpt2_surprisal,1,0.4620179095744125
T1bIc1,local_flow,0,0.4910034168207893
T1bIc1,local_flow,1,0.4948016258633481
T1bIc1,onset,0,0.5655065597667639
T1bIc1,onset,1,0.6393625052061641
T1bIc1,pitch,0,0.5090174811656897
T1bIc1,pitch,1,0.532459797498511
T1bIc1,speech,0,0.5146024680522032
T1bIc1,speech,1,0.5678453131040824
T1bIc1,volume,0,0.5219951307691504
T1bIc1,volume,1,0.5431177706028024
T1bIc1,word_gap,0,0.5101355234423164
T1bIc1,word_gap,1,0.4998171426183087
T1bIc1,word_head_pos,0,0.5234370918362016
T1bIc1,word_head_pos,1,0.5365505783517759
T1bIc1,word_index,0,0.5219824990257556
T1bIc1,word_index,1,0.547797026487642
T1bIc1,word_length,0,0.5124525876931757
T1bIc1,word_length,1,0.527475627723269
T1bIc1,word_part_speech,0,0.5001502403846154
T1bIc1,word_part_speech,1,0.5499260355029585
F3dIe5,delta_volume,0,0.5389695202867204
F3dIe5,delta_volume,1,0.4948016258633481
F3dIe5,face_num,0,0.5107833610231653
F3dIe5,face_num,1,0.5145711210724846
F3dIe5,frame_brightness,0,0.4654399548603492
F3dIe5,frame_brightness,1,0.48737761616668235
F3dIe5,global_flow,0,0.490130925885291
F3dIe5,global_flow,1,0.47480747729956213
F3dIe5,gpt2_surprisal,0,0.5032313511593158
F3dIe5,gpt2_surprisal,1,0.48960325172669616
F3dIe5,local_flow,0,0.5010240013374712
F3dIe5,local_flow,1,0.4799901779463549
F3dIe5,onset,0,0.5217552582257392
F3dIe5,onset,1,0.538122136609746
F3dIe5,pitch,0,0.49311933795178836
F3dIe5,pitch,1,0.521415211644358
F3dIe5,speech,0,0.49013615038191066
F3dIe5,speech,1,0.5046027815220003
F3dIe5,volume,0,0.5026122483098754
F3dIe5,volume,1,0.4842376936982122
F3dIe5,word_gap,0,0.5097332372025956
F3dIe5,word_gap,1,0.5019226147560683
F3dIe5,word_head_pos,0,0.49189158124614696
F3dIe5,word_head_pos,1,0.5070948664096213
F3dIe5,word_index,0,0.5225375231752105
F3dIe5,word_index,1,0.46963309361013683
F3dIe5,word_length,0,0.5078106224465272
F3dIe5,word_length,1,0.49939395839210887
F3dIe5,word_part_speech,0,0.46597633136094674
F3dIe5,word_part_speech,1,0.5343472633136095
T1cIf2,delta_volume,0,0.5988918842669508
T1cIf2,delta_volume,1,0.5777718566816087
T1cIf2,face_num,0,0.506854539565113
T1cIf2,face_num,1,0.4894308433382443
T1cIf2,frame_brightness,0,0.49821322215604524
T1cIf2,frame_brightness,1,0.505490945947358
T1cIf2,global_flow,0,0.4948643198227851
T1cIf2,global_flow,1,0.4835114886680668
T1cIf2,gpt2_surprisal,0,0.5059611506431355
T1cIf2,gpt2_surprisal,1,0.5100597682413299
T1cIf2,local_flow,0,0.47676143903534896
T1cIf2,local_flow,1,0.45884402787791395
T1cIf2,onset,0,0.5983119012911287
T1cIf2,onset,1,0.6125670293627655
T1cIf2,pitch,0,0.47494853870829545
T1cIf2,pitch,1,0.5147905499305142
T1cIf2,speech,0,0.5004075107363406
T1cIf2,speech,1,0.5289855072463768
T1cIf2,volume,0,0.5037198415932624
T1cIf2,volume,1,0.519612760310544
T1cIf2,word_gap,0,0.5006844090571874
T1cIf2,word_gap,1,0.49645256679518934
T1cIf2,word_head_pos,0,0.5399360521613743
T1cIf2,word_head_pos,1,0.5520725578090551
T1cIf2,word_index,0,0.570517589541928
T1cIf2,word_index,1,0.5470176308735136
T1cIf2,word_length,0,0.5070713561748326
T1cIf2,word_length,1,0.496311505386456
T1cIf2,word_part_speech,0,0.5038773576183432
T1cIf2,word_part_speech,1,0.5443844767011834
T1cIf15,delta_volume,0,0.6610712307869135
T1cIf15,delta_volume,1,0.6389193651191708
T1cIf15,face_num,0,0.4945351765357408
T1cIf15,face_num,1,0.5267337492032642
T1cIf15,frame_brightness,0,0.4399339623627263
T1cIf15,frame_brightness,1,0.501844247306772
T1cIf15,global_flow,0,0.47686592896774394
T1cIf15,global_flow,1,0.498218446652665
T1cIf15,gpt2_surprisal,0,0.5184790445440581
T1cIf15,gpt2_surprisal,1,0.5218749673468961
T1cIf15,local_flow,0,0.4654660773434479
T1cIf15,local_flow,1,0.4989655496692893
T1cIf15,onset,0,0.6355750208246563
T1cIf15,onset,1,0.6770941795085381
T1cIf15,pitch,0,0.5310335099213191
T1cIf15,pitch,1,0.5128627106778262
T1cIf15,speech,0,0.5322377563921716
T1cIf15,speech,1,0.5462263460915541
T1cIf15,volume,0,0.5065358452713081
T1cIf15,volume,1,0.4889188426695088
T1cIf15,word_gap,0,0.5427677293292792
T1cIf15,word_gap,1,0.5260911361190349
T1cIf15,word_head_pos,0,0.5186357794426507
T1cIf15,word_head_pos,1,0.5233273774071868
T1cIf15,word_index,0,0.6067949126722642
T1cIf15,word_index,1,0.6194423778651644
T1cIf15,word_length,0,0.5085133172418838
T1cIf15,word_length,1,0.5191582291046257
T1cIf15,word_part_speech,0,0.4842189811390532
T1cIf15,word_part_speech,1,0.5170465051775148
T3bOT6,delta_volume,0,0.5986907411470905
T3bOT6,delta_volume,1,0.5762410791720218
T3bOT6,face_num,0,0.4875134530787959
T3bOT6,face_num,1,0.5146860599981192
T3bOT6,frame_brightness,0,0.4577442713394565
T3bOT6,frame_brightness,1,0.5163631234130591
T3bOT6,global_flow,0,0.5030511060259344
T3bOT6,global_flow,1,0.48170903733425285
T3bOT6,gpt2_surprisal,0,0.5356676384230379
T3bOT6,gpt2_surprisal,1,0.4896293742097949
T3bOT6,local_flow,0,0.4990021211456276
T3bOT6,local_flow,1,0.48081042391565576
T3bOT6,onset,0,0.5778777072053312
T3bOT6,onset,1,0.5972771761765931
T3bOT6,pitch,0,0.5292624055672236
T3bOT6,pitch,1,0.5257254213556524
T3bOT6,speech,0,0.497716894977169
T3bOT6,speech,1,0.5530652121668077
T3bOT6,volume,0,0.5035369842115712
T3bOT6,volume,1,0.5214622321139358
T3bOT6,word_gap,0,0.5244036237108554
T3bOT6,word_gap,1,0.5002455513411282
T3bOT6,word_head_pos,0,0.5163761846546084
T3bOT6,word_head_pos,1,0.5257149723624128
T3bOT6,word_index,0,0.5127596509252371
T3bOT6,word_index,1,0.525950331243136
T3bOT6,word_length,0,0.5033776370646688
T3bOT6,word_length,1,0.5078680919093446
T3bOT6,word_part_speech,0,0.4958510539940828
T3bOT6,word_part_speech,1,0.5034439718934911
F3aOFa15,delta_volume,0,0.5418429934275832
F3aOFa15,delta_volume,1,0.5223138250629551
F3aOFa15,face_num,0,0.5119484237693698
F3aOFa15,face_num,1,0.519215698567443
F3aOFa15,frame_brightness,0,0.48211654807059345
F3aOFa15,frame_brightness,1,0.5085838479462503
F3aOFa15,global_flow,0,0.4994566523515459
F3aOFa15,global_flow,1,0.49439933962362725
F3aOFa15,gpt2_surprisal,0,0.4897260273972603
F3aOFa15,gpt2_surprisal,1,0.4987565698044993
F3aOFa15,local_flow,0,0.5099004210944276
F3aOFa15,local_flow,1,0.49404407385348426
F3aOFa15,onset,0,0.5335537276134944
F3aOFa15,onset,1,0.5974919304456476
F3aOFa15,pitch,0,0.5286511394627128
F3aOFa15,pitch,1,0.550964964525668
F3aOFa15,speech,0,0.5113841781344368
F3aOFa15,speech,1,0.4879470862982352
F3aOFa15,volume,0,0.4890572918299322
F3aOFa15,volume,1,0.49982759161154827
F3aOFa15,word_gap,0,0.5126537308130361
F3aOFa15,word_gap,1,0.5094040939155513
F3aOFa15,word_head_pos,0,0.4966772201498386
F3aOFa15,word_head_pos,1,0.5006530620774688
F3aOFa15,word_index,0,0.5061288836929181
F3aOFa15,word_index,1,0.5097601587132887
F3aOFa15,word_length,0,0.49879836577745734
F3aOFa15,word_length,1,0.5029413915969196
F3aOFa15,word_part_speech,0,0.4889399963017751
F3aOFa15,word_part_speech,1,0.5425295857988166
F3bIaOFb11,delta_volume,0,0.580828187204163
F3bIaOFb11,delta_volume,1,0.593084856274098
F3bIaOFb11,face_num,0,0.5003448167769036
F3bIaOFb11,face_num,1,0.5204695777561832
F3bIaOFb11,frame_brightness,0,0.490695171520224
F3bIaOFb11,frame_brightness,1,0.5090227056623093
F3bIaOFb11,global_flow,0,0.49705860840308036
F3bIaOFb11,global_flow,1,0.48856357689936575
F3bIaOFb11,gpt2_surprisal,0,0.5224104782504205
F3bIaOFb11,gpt2_surprisal,1,0.5101198499524572
F3bIaOFb11,local_flow,0,0.4834017742390521
F3bIaOFb11,local_flow,1,0.5152816526127707
F3bIaOFb11,onset,0,0.5524781341107872
F3bIaOFb11,onset,1,0.5778256455643482
F3bIaOFb11,pitch,0,0.4896554966928936
F3bIaOFb11,pitch,1,0.5089965831792107
F3bIaOFb11,speech,0,0.5083226231152629
F3bIaOFb11,speech,1,0.5058148647377825
F3bIaOFb11,volume,0,0.5107467895468272
F3bIaOFb11,volume,1,0.48434218363060716
F3bIaOFb11,word_gap,0,0.505574537893274
F3bIaOFb11,word_gap,1,0.5210129254046373
F3bIaOFb11,word_head_pos,0,0.5029204936104407
F3bIaOFb11,word_head_pos,1,0.5231288465356363
F3bIaOFb11,word_index,0,0.5274855044224797
F3bIaOFb11,word_index,1,0.5038556464850439
F3bIaOFb11,word_length,0,0.498513630711681
F3bIaOFb11,word_length,1,0.509179440560902
F3bIaOFb11,word_part_speech,0,0.5024587416789941
F3bIaOFb11,word_part_speech,1,0.526095599112426
F3cId7,delta_volume,0,0.5714031953021327
F3cId7,delta_volume,1,0.5465607138752181
F3cId7,face_num,0,0.500668735567328
F3cId7,face_num,1,0.5219115388232344
F3cId7,frame_brightness,0,0.46620795586345254
F3cId7,frame_brightness,1,0.492309540975727
F3cId7,global_flow,0,0.5046445774949583
F3cId7,global_flow,1,0.5106422996144321
F3cId7,gpt2_surprisal,0,0.536649843787551
F3cId7,gpt2_surprisal,1,0.4982915896053415
F3cId7,local_flow,0,0.4798856880139598
F3cId7,local_flow,1,0.5075598466087793
F3cId7,onset,0,0.5557189712619741
F3cId7,onset,1,0.610390201999167
F3cId7,pitch,0,0.5125596898738807
F3cId7,pitch,1,0.5252865636395933
F3cId7,speech,0,0.5090331546555489
F3cId7,speech,1,0.5143412432212157
F3cId7,volume,0,0.4922964797341776
F3cId7,volume,1,0.5066873556732808
F3cId7,word_gap,0,0.5029936365631171
F3cId7,word_gap,1,0.5073822137237076
F3cId7,word_head_pos,0,0.5258769317576252
F3cId7,word_head_pos,1,0.5363050270106475
F3cId7,word_index,0,0.532775947378987
F3cId7,word_index,1,0.5587085650854382
F3cId7,word_length,0,0.4820251193797478
F3cId7,word_length,1,0.5209032109756224
F3cId7,word_part_speech,0,0.4900234606139054
F3cId7,word_part_speech,1,0.5393051960059172
T2aA2,delta_volume,0,0.526885259605237
T2aA2,delta_volume,1,0.5193254129964577
T2aA2,face_num,0,0.5041195155846735
T2aA2,face_num,1,0.5416862585289908
T2aA2,frame_brightness,0,0.4797498511018463
T2aA2,frame_brightness,1,0.4768972759474625
T2aA2,global_flow,0,0.4980146912844947
T2aA2,global_flow,1,0.5026488197862136
T2aA2,gpt2_surprisal,0,0.5047020469577757
T2aA2,gpt2_surprisal,1,0.5130351190662781
T2aA2,local_flow,0,0.4991222845678818
T2aA2,local_flow,1,0.5097123392161166
T2aA2,onset,0,0.5389160766347355
T2aA2,onset,1,0.5936914306538943
T2aA2,pitch,0,0.505470047960879
T2aA2,pitch,1,0.5203494143339289
T2aA2,speech,0,0.5088085013008996
T2aA2,speech,1,0.5533264369977953
T2aA2,volume,0,0.4836421010835606
T2aA2,volume,1,0.5089234402265342
T2aA2,word_gap,0,0.5008672664388787
T2aA2,word_gap,1,0.46832387699445155
T2aA2,word_head_pos,0,0.5222171718754898
T2aA2,word_head_pos,1,0.524476766663532
T2aA2,word_index,0,0.4994331668260885
T2aA2,word_index,1,0.4805918683057593
T2aA2,word_length,0,0.49801207903618483
T2aA2,word_length,1,0.5141636103361441
T2aA2,word_part_speech,0,0.4924070821005918
T2aA2,word_part_speech,1,0.5482502773668639
T2bHa3,delta_volume,0,0.547109286020292
T2bHa3,delta_volume,1,0.5516911695558133
T2bHa3,face_num,0,0.4999686530202815
T2bHa3,face_num,1,0.513014221079799
T2bHa3,frame_brightness,0,0.4869074114709047
T2bHa3,frame_brightness,1,0.4930148480193933
T2bHa3,global_flow,0,0.4624724407803308
T2bHa3,global_flow,1,0.4980146912844947
T2bHa3,gpt2_surprisal,0,0.5190563514205406
T2bHa3,gpt2_surprisal,1,0.5002403268445086
T2bHa3,local_flow,0,0.5019800842188855
T2bHa3,local_flow,1,0.5035213107217119
T2bHa3,onset,0,0.518332205331112
T2bHa3,onset,1,0.5397555705955851
T2bHa3,pitch,0,0.5242259908257839
T2bHa3,pitch,1,0.5027846566983272
T2bHa3,speech,0,0.5026540442828333
T2bHa3,speech,1,0.5425430759746299
T2bHa3,volume,0,0.5070896419130017
T2bHa3,volume,1,0.470157675307984
T2bHa3,word_gap,0,0.49679738357209285
T2bHa3,word_gap,1,0.49028766078388347
T2bHa3,word_head_pos,0,0.5099448293156954
T2bHa3,word_head_pos,1,0.5110445858541529
T2bHa3,word_index,0,0.5300067311439403
T2bHa3,word_index,1,0.5095239782241588
T2bHa3,word_length,0,0.5063294776548279
T2bHa3,word_length,1,0.4975862825616752
T2bHa3,word_part_speech,0,0.4844674556213017
T2bHa3,word_part_speech,1,0.5256853272928994
T1bIc2,delta_volume,0,0.6046336060520568
T1bIc2,delta_volume,1,0.6011828260347115
T1bIc2,face_num,0,0.4793684628486045
T1bIc2,face_num,1,0.5019853087155053
T1bIc2,frame_brightness,0,0.4504143025819462
T1bIc2,frame_brightness,1,0.47725776621422533
T1bIc2,global_flow,0,0.4997857956385902
T1bIc2,global_flow,1,0.5098638496180893
T1bIc2,gpt2_surprisal,0,0.5122932405462733
T1bIc2,gpt2_surprisal,1,0.47849074741648645
T1bIc2,local_flow,0,0.49253419433037626
T1bIc2,local_flow,1,0.492225949029811
T1bIc2,onset,0,0.5805979279466889
T1bIc2,onset,1,0.6076829966680549
T1bIc2,pitch,0,0.5361848635883932
T1bIc2,pitch,1,0.5609646510558708
T1bIc2,speech,0,0.4920953366143172
T1bIc2,speech,1,0.5412369518196922
T1bIc2,volume,0,0.5255190537391722
T1bIc2,volume,1,0.5520359863327169
T1bIc2,word_gap,0,0.5211121908404125
T1bIc2,word_gap,1,0.49762285403801343
T1bIc2,word_head_pos,0,0.5080431125461061
T1bIc2,word_head_pos,1,0.525819462294808
T1bIc2,word_index,0,0.5349606169034375
T1bIc2,word_index,1,0.5383498069224502
T1bIc2,word_length,0,0.4988845699716833
T1bIc2,word_length,1,0.5007366540233849
T1bIc2,word_part_speech,0,0.49431397928994086
T1bIc2,word_part_speech,1,0.5387966900887574
F3dIe6,delta_volume,0,0.5485721450738221
F3dIe6,delta_volume,1,0.4993887338954892
F3dIe6,face_num,0,0.4950471772044764
F3dIe6,face_num,1,0.5201299854758994
F3dIe6,frame_brightness,0,0.4820277316280577
F3dIe6,frame_brightness,1,0.4829315695432745
F3dIe6,global_flow,0,0.4971683228320951
F3dIe6,global_flow,1,0.49414856378587924
F3dIe6,gpt2_surprisal,0,0.4944986050594025
F3dIe6,gpt2_surprisal,1,0.4930357460058723
F3dIe6,local_flow,0,0.5077218060039915
F3dIe6,local_flow,1,0.49981714261830873
F3dIe6,onset,0,0.5412393273635985
F3dIe6,onset,1,0.5630726780508122
F3dIe6,pitch,0,0.49224684701628996
F3dIe6,pitch,1,0.5181028807874362
F3dIe6,speech,0,0.5198112911820946
F3dIe6,speech,1,0.5091951140507611
F3dIe6,volume,0,0.4921580305737542
F3dIe6,volume,1,0.48684471751146774
F3dIe6,word_gap,0,0.5179252479023646
F3dIe6,word_gap,1,0.4819859356550996
F3dIe6,word_head_pos,0,0.4952901162972947
F3dIe6,word_head_pos,1,0.5167236136798219
F3dIe6,word_index,0,0.5394362371724473
F3dIe6,word_index,1,0.48459512759650925
F3dIe6,word_length,0,0.5183170851488459
F3dIe6,word_length,1,0.49797289531153677
F3dIe6,word_part_speech,0,0.4757592917899408
F3dIe6,word_part_speech,1,0.526060928254438
T1cIf3,delta_volume,0,0.6685527099463966
T1cIf3,delta_volume,1,0.6452671285121678
T1cIf3,face_num,0,0.5142106308057219
T1cIf3,face_num,1,0.5156943878457311
T1cIf3,frame_brightness,0,0.47455147696519445
T1cIf3,frame_brightness,1,0.5266188102776297
T1cIf3,global_flow,0,0.4877459431783748
T1cIf3,global_flow,1,0.48059099505762615
T1cIf3,gpt2_surprisal,0,0.5225619886523933
T1cIf3,gpt2_surprisal,1,0.5200725160130821
T1cIf3,local_flow,0,0.4770278883629562
T1cIf3,local_flow,1,0.48773288193682535
T1cIf3,onset,0,0.6193317888379841
T1cIf3,onset,1,0.6531653477717617
T1cIf3,pitch,0,0.5214831301004148
T1cIf3,pitch,1,0.5226063968736612
T1cIf3,speech,0,0.4955905248529304
T1cIf3,speech,1,0.532041837768931
T1cIf3,volume,0,0.5292597933189137
T1cIf3,volume,1,0.5083278476118827
T1cIf3,word_gap,0,0.48874643428105696
T1cIf3,word_gap,1,0.4826024262562303
T1cIf3,word_head_pos,0,0.5180401868279991
T1cIf3,word_head_pos,1,0.5530129672006102
T1cIf3,word_index,0,0.5875816298815555
T1cIf3,word_index,1,0.5441480379305865
T1cIf3,word_length,0,0.4837465910159557
T1cIf3,word_length,1,0.4740238028065996
T1cIf3,word_part_speech,0,0.48675862148668636
T1cIf3,word_part_speech,1,0.5433327940088757
T1cIf16,delta_volume,0,0.6242959990804886
T1cIf16,delta_volume,1,0.5976458418231403
T1cIf16,face_num,0,0.5131343845020532
T1cIf16,face_num,1,0.5178050844801103
T1cIf16,frame_brightness,0,0.4375463674075003
T1cIf16,frame_brightness,1,0.5145972435555835
T1cIf16,global_flow,0,0.4773988276229585
T1cIf16,global_flow,1,0.5123507100090906
T1cIf16,gpt2_surprisal,0,0.5353437196326134
T1cIf16,gpt2_surprisal,1,0.5169221445513725
T1cIf16,local_flow,0,0.4592019058963669
T1cIf16,local_flow,1,0.5054752724574987
T1cIf16,onset,0,0.5998216888796335
T1cIf16,onset,1,0.66742372969596
T1cIf16,pitch,0,0.5277786485272145
T1cIf16,pitch,1,0.5108721774657012
T1cIf16,speech,0,0.5421616877213881
T1cIf16,speech,1,0.5309760404585019
T1cIf16,volume,0,0.4924088064115023
T1cIf16,volume,1,0.4933230933199586
T1cIf16,word_gap,0,0.5056241706111616
T1cIf16,word_gap,1,0.4936261141239041
T1cIf16,word_head_pos,0,0.5145502230860056
T1cIf16,word_head_pos,1,0.5187454938716655
T1cIf16,word_index,0,0.5895773550147022
T1cIf16,word_index,1,0.619572277134186
T1cIf16,word_length,0,0.5168960220682737
T1cIf16,word_length,1,0.5230191321066215
T1cIf16,word_part_speech,0,0.49000034670857995
T1cIf16,word_part_speech,1,0.5232179178994083
T3bOT8,delta_volume,0,0.5585248111344472
T3bOT8,delta_volume,1,0.5084114395577986
T3bOT8,face_num,0,0.5284526085911623
T3bOT8,face_num,1,0.5300408555635665
T3bOT8,frame_brightness,0,0.47784813433225704
T3bOT8,frame_brightness,1,0.5060238446025727
T3bOT8,global_flow,0,0.49264913325601073
T3bOT8,global_flow,1,0.49542334096109836
T3bOT8,gpt2_surprisal,0,0.5103967482733038
T3bOT8,gpt2_surprisal,1,0.47414919072547357
T3bOT8,local_flow,0,0.47468731387730795
T3bOT8,local_flow,1,0.4852460215458241
T3bOT8,onset,0,0.5533631820074969
T3bOT8,onset,1,0.5809558517284465
T3bOT8,pitch,0,0.5304953867694848
T3bOT8,pitch,1,0.5213629666781605
T3bOT8,speech,0,0.5121260566544414
T3bOT8,speech,1,0.5302393864351169
T3bOT8,volume,0,0.5055170684304567
T3bOT8,volume,1,0.5151040197276993
T3bOT8,word_gap,0,0.48348536618496807
T3bOT8,word_gap,1,0.501844247306772
T3bOT8,word_head_pos,0,0.527368525542564
T3bOT8,word_head_pos,1,0.5159712861665778
T3bOT8,word_index,0,0.5246395295284656
T3bOT8,word_index,1,0.5129840223899104
T3bOT8,word_length,0,0.5080352758011766
T3bOT8,word_length,1,0.513682956647127
T3bOT8,word_part_speech,0,0.5027447762573964
T3bOT8,word_part_speech,1,0.5029239090236687
