electrode,task,fold,test_auroc
LT2aA1,delta_volume,0,0.504085556356645
LT2aA1,delta_volume,1,0.4881247191833067
LT2aA1,face_num,0,0.5044564956166474
LT2aA1,face_num,1,0.5090697261318872
LT2aA1,frame_brightness,0,0.5019173902594485
LT2aA1,frame_brightness,1,0.49204831614473943
LT2aA1,global_flow,0,0.4902667627974044
LT2aA1,global_flow,1,0.4780884611767656
LT2aA1,gpt2_surprisal,0,0.5184842690406779
LT2aA1,gpt2_surprisal,1,0.5192313720573023
LT2aA1,local_flow,0,0.4730363729454667
LT2aA1,local_flow,1,0.45120842606814826
LT2aA1,onset,0,0.505220461774957
LT2aA1,onset,1,0.4843538346803038
LT2aA1,pitch,0,0.4948016258633481
LT2aA1,pitch,1,0.5026070238132556
LT2aA1,speech,0,0.5027167382422704
LT2aA1,speech,1,0.4925341943303763
LT2aA1,volume,0,0.5010135523442316
LT2aA1,volume,1,0.5146912844947389
LT2aA1,word_gap,0,0.5025649943483175
LT2aA1,word_gap,1,0.49076167289800887
LT2aA1,word_head_pos,0,0.5264725243722768
LT2aA1,word_head_pos,1,0.514563284327555
LT2aA1,word_index,0,0.4514792899408284
LT2aA1,word_index,1,0.47954142011834316
LT2aA1,word_length,0,0.4982027731628058
LT2aA1,word_length,1,0.5249469713593096
LT2aA1,word_part_speech,0,0.45912269390993854
LT2aA1,word_part_speech,1,0.49416038484427693
LT3Ha1,delta_volume,0,0.5027350239804395
LT3Ha1,delta_volume,1,0.4765211121908404
LT3Ha1,face_num,0,0.5267938309143915
LT3Ha1,face_num,1,0.5175595331389821
LT3Ha1,frame_brightness,0,0.5101982174017533
LT3Ha1,frame_brightness,1,0.4815105064627023
LT3Ha1,global_flow,0,0.4789661766088838
LT3Ha1,global_flow,1,0.502366696968747
LT3Ha1,gpt2_surprisal,0,0.5215980690260493
LT3Ha1,gpt2_surprisal,1,0.5094981348547067
LT3Ha1,local_flow,0,0.5156630408660126
LT3Ha1,local_flow,1,0.48485940879596257
LT3Ha1,onset,0,0.5250597385203111
LT3Ha1,onset,1,0.4951980883673501
LT3Ha1,pitch,0,0.4962540359236388
LT3Ha1,pitch,1,0.5142315287922009
LT3Ha1,speech,0,0.49284243963094154
LT3Ha1,speech,1,0.5028264526712851
LT3Ha1,volume,0,0.46488093372203587
LT3Ha1,volume,1,0.49090937588163386
LT3Ha1,word_gap,0,0.49382662377184594
LT3Ha1,word_gap,1,0.5046300321711155
LT3Ha1,word_head_pos,0,0.5075128261392016
LT3Ha1,word_head_pos,1,0.4824091198812995
LT3Ha1,word_index,0,0.49139792899408286
LT3Ha1,word_index,1,0.48894970414201183
LT3Ha1,word_length,0,0.5418534424208228
LT3Ha1,word_length,1,0.5309185709956845
LT3Ha1,word_part_speech,0,0.4966400515770681
LT3Ha1,word_part_speech,1,0.5177668121404483
LT3Ha14,delta_volume,0,0.5041743727991808
LT3Ha14,delta_volume,1,0.4648130152659791
LT3Ha14,face_num,0,0.5094876858614673
LT3Ha14,face_num,1,0.4887307607911978
LT3Ha14,frame_brightness,0,0.4711189826860182
LT3Ha14,frame_brightness,1,0.4949479117687011
LT3Ha14,global_flow,0,0.514712182481218
LT3Ha14,global_flow,1,0.48369434604975814
LT3Ha14,gpt2_surprisal,0,0.4896659456861332
LT3Ha14,gpt2_surprisal,1,0.4898697010543034
LT3Ha14,local_flow,0,0.5007993479828219
LT3Ha14,local_flow,1,0.4954076674712392
LT3Ha14,onset,0,0.5292680699511438
LT3Ha14,onset,1,0.4888970062249821
LT3Ha14,pitch,0,0.4709622477874257
LT3Ha14,pitch,1,0.5131500579919125
LT3Ha14,speech,0,0.5194612499085713
LT3Ha14,speech,1,0.5029936365631171
LT3Ha14,volume,0,0.5010344503307107
LT3Ha14,volume,1,0.5102870338442891
LT3Ha14,word_gap,0,0.49751470886589577
LT3Ha14,word_gap,1,0.5076732458047126
LT3Ha14,word_head_pos,0,0.5103288298172471
LT3Ha14,word_head_pos,1,0.5184215750812409
LT3Ha14,word_index,0,0.48819526627218934
LT3Ha14,word_index,1,0.4688313609467456
LT3Ha14,word_length,0,0.504566210045662
LT3Ha14,word_length,1,0.5201430467174488
LT3Ha14,word_part_speech,0,0.4923502281293394
LT3Ha14,word_part_speech,1,0.4926229914699465
LF3aOFa3,delta_volume,0,0.48630659435963347
LF3aOFa3,delta_volume,1,0.48328161081679777
LF3aOFa3,face_num,0,0.490110027898812
LF3aOFa3,face_num,1,0.4634180746685057
LF3aOFa3,frame_brightness,0,0.5012225322090216
LF3aOFa3,frame_brightness,1,0.5084009905645591
LF3aOFa3,global_flow,0,0.4660982414344378
LF3aOFa3,global_flow,1,0.44655339957995044
LF3aOFa3,gpt2_surprisal,0,0.46707522230233117
LF3aOFa3,gpt2_surprisal,1,0.4694053477947399
LF3aOFa3,local_flow,0,0.5103758502868249
LF3aOFa3,local_flow,1,0.48823443361232144
LF3aOFa3,onset,0,0.46847936928298556
LF3aOFa3,onset,1,0.48145442369450403
LF3aOFa3,pitch,0,0.49274317419516633
LF3aOFa3,pitch,1,0.5384313971348861
LF3aOFa3,speech,0,0.5401398075295445
LF3aOFa3,speech,1,0.5176535740781376
LF3aOFa3,volume,0,0.47278559710771867
LF3aOFa3,volume,1,0.4716727793277118
LF3aOFa3,word_gap,0,0.4866605802393995
LF3aOFa3,word_gap,1,0.4804292380372721
LF3aOFa3,word_head_pos,0,0.507251601308214
LF3aOFa3,word_head_pos,1,0.5259396257170621
LF3aOFa3,word_index,0,0.5051331360946745
LF3aOFa3,word_index,1,0.505931952662722
LF3aOFa3,word_length,0,0.4800737698922708
LF3aOFa3,word_length,1,0.4868969624776653
LF3aOFa3,word_part_speech,0,0.5156714937512399
LF3aOFa3,word_part_speech,1,0.4859898829597302
LF3aOFa15,delta_volume,0,0.5061910284944047
LF3aOFa15,delta_volume,1,0.4874298611328799
LF3aOFa15,face_num,0,0.5049423738022842
LF3aOFa15,face_num,1,0.4876701879773884
LF3aOFa15,frame_brightness,0,0.5128731596710656
LF3aOFa15,frame_brightness,1,0.5024659624045223
LF3aOFa15,global_flow,0,0.4912332946720584
LF3aOFa15,global_flow,1,0.4587421501938288
LF3aOFa15,gpt2_surprisal,0,0.5037511885729811
LF3aOFa15,gpt2_surprisal,1,0.5219350490580232
LF3aOFa15,local_flow,0,0.47765482795732633
LF3aOFa15,local_flow,1,0.48720520777823056
LF3aOFa15,onset,0,0.48106631356254664
LF3aOFa15,onset,1,0.5064456721915286
LF3aOFa15,pitch,0,0.5216764364753457
LF3aOFa15,pitch,1,0.5361639656019141
LF3aOFa15,speech,0,0.47407082327617733
LF3aOFa15,speech,1,0.48448846953596014
LF3aOFa15,volume,0,0.5043729036707314
LF3aOFa15,volume,1,0.5041795972958005
LF3aOFa15,word_gap,0,0.4893994725096369
LF3aOFa15,word_gap,1,0.5031663913282903
LF3aOFa15,word_head_pos,0,0.4958360761940587
LF3aOFa15,word_head_pos,1,0.5040960053498845
LF3aOFa15,word_index,0,0.5046153846153847
LF3aOFa15,word_index,1,0.5043047337278106
LF3aOFa15,word_length,0,0.5065515187611673
LF3aOFa15,word_length,1,0.5301192230128627
LF3aOFa15,word_part_speech,0,0.4751537393374331
LF3aOFa15,word_part_speech,1,0.4725128942670106
LF3bIa11,delta_volume,0,0.5110654838406319
LF3bIa11,delta_volume,1,0.4742484561612489
LF3bIa11,face_num,0,0.49253941882699603
LF3bIa11,face_num,1,0.46701775283951397
LF3bIa11,frame_brightness,0,0.5220630492252072
LF3bIa11,frame_brightness,1,0.4927745211748848
LF3bIa11,global_flow,0,0.49674513860589525
LF3bIa11,global_flow,1,0.4661609353938748
LF3bIa11,gpt2_surprisal,0,0.5086465419056875
LF3bIa11,gpt2_surprisal,1,0.5023457989822679
LF3bIa11,local_flow,0,0.4893890473652863
LF3bIa11,local_flow,1,0.512008505480497
LF3bIa11,onset,0,0.5185531863080833
LF3bIa11,onset,1,0.526406708978281
LF3bIa11,pitch,0,0.5083435211017419
LF3bIa11,pitch,1,0.5144457331536105
LF3bIa11,speech,0,0.5061387835282071
LF3bIa11,speech,1,0.4855699403362487
LF3bIa11,volume,0,0.4783026655381754
LF3bIa11,volume,1,0.5041116788397437
LF3bIa11,word_gap,0,0.4931310320841666
LF3bIa11,word_gap,1,0.4653580848042199
LF3bIa11,word_head_pos,0,0.5081658882166703
LF3bIa11,word_head_pos,1,0.4879366373049957
LF3bIa11,word_index,0,0.5030325443786983
LF3bIa11,word_index,1,0.5072337278106508
LF3bIa11,word_length,0,0.5042631892417166
LF3bIa11,word_length,1,0.4925237453371367
LF3bIa11,word_part_speech,0,0.4903045030747868
LF3bIa11,word_part_speech,1,0.5081333068835548
LT2bHb12,delta_volume,0,0.4811134447196012
LT2bHb12,delta_volume,1,0.47502429390928186
LT2bHb12,face_num,0,0.526467299875657
LT2bHb12,face_num,1,0.5195657398409663
LT2bHb12,frame_brightness,0,0.5072620503014534
LT2bHb12,frame_brightness,1,0.49179231581037164
LT2bHb12,global_flow,0,0.5062746204403206
LT2bHb12,global_flow,1,0.48901810810528407
LT2bHb12,gpt2_surprisal,0,0.5279824038953846
LT2bHb12,gpt2_surprisal,1,0.5238028065995841
LT2bHb12,local_flow,0,0.5182648401826484
LT2bHb12,local_flow,1,0.5388415201195366
LT2bHb12,onset,0,0.5127163143235468
LT2bHb12,onset,1,0.5074730225408277
LT2bHb12,pitch,0,0.504231842261998
LT2bHb12,pitch,1,0.5214413341274569
LT2bHb12,speech,0,0.4915781114489619
LT2bHb12,speech,1,0.49030333427374273
LT2bHb12,volume,0,0.48290544706017574
LT2bHb12,volume,1,0.4900368849461355
LT2bHb12,word_gap,0,0.45729356867518767
LT2bHb12,word_gap,1,0.4949786975045648
LT2bHb12,word_head_pos,0,0.4678902437750123
LT2bHb12,word_head_pos,1,0.4707297576878468
LT2bHb12,word_index,0,0.5035059171597633
LT2bHb12,word_index,1,0.5207396449704143
LT2bHb12,word_length,0,0.5201561079589982
LT2bHb12,word_length,1,0.5317858374345631
LT2bHb12,word_part_speech,0,0.4867585796468955
LT2bHb12,word_part_speech,1,0.5220070422535211
LT1cCd12,delta_volume,0,0.503542208708191
LT1cCd12,delta_volume,1,0.4615686028651139
LT1cCd12,face_num,0,0.4996395097332372
LT1cCd12,face_num,1,0.47085253335841093
LT1cCd12,frame_brightness,0,0.5088085013008997
LT1cCd12,frame_brightness,1,0.5086517664023071
LT1cCd12,global_flow,0,0.5003552657701431
LT1cCd12,global_flow,1,0.4762076423936554
LT1cCd12,gpt2_surprisal,0,0.5096862167330178
LT1cCd12,gpt2_surprisal,1,0.5146860599981192
LT1cCd12,local_flow,0,0.5083173986186431
LT1cCd12,local_flow,1,0.5061492325214466
LT1cCd12,onset,0,0.4647504680151592
LT1cCd12,onset,1,0.49331841772826196
LT1cCd12,pitch,0,0.5005172251653554
LT1cCd12,pitch,1,0.5168594505919355
LT1cCd12,speech,0,0.49234088795544545
LT1cCd12,speech,1,0.4776078074877486
LT1cCd12,volume,0,0.485057939667513
LT1cCd12,volume,1,0.5163787969029184
LT1cCd12,word_gap,0,0.48569689592209375
LT1cCd12,word_gap,1,0.5010796162652523
LT1cCd12,word_head_pos,0,0.5301244475094825
LT1cCd12,word_head_pos,1,0.5266579940022779
LT1cCd12,word_index,0,0.4558875739644971
LT1cCd12,word_index,1,0.4804881656804734
LT1cCd12,word_length,0,0.5061126610451083
LT1cCd12,word_length,1,0.4759046215897099
LT1cCd12,word_part_speech,0,0.47364114263043045
LT1cCd12,word_part_speech,1,0.4907632414203531
LT1bId10,delta_volume,0,0.5178677784395473
LT1bId10,delta_volume,1,0.4959823620994117
LT1bId10,face_num,0,0.49591966813997473
LT1bId10,face_num,1,0.47635392829900847
LT1bId10,frame_brightness,0,0.4924035819148824
LT1bId10,frame_brightness,1,0.48714773831541336
LT1bId10,global_flow,0,0.4918027648036112
LT1bId10,global_flow,1,0.46912322497727343
LT1bId10,gpt2_surprisal,0,0.4988035902740771
LT1bId10,gpt2_surprisal,1,0.524832032433675
LT1bId10,local_flow,0,0.5067396006394784
LT1bId10,local_flow,1,0.4958987701534957
LT1bId10,onset,0,0.5080666027426449
LT1bId10,onset,1,0.5128456843675326
LT1bId10,pitch,0,0.5313469797185041
LT1bId10,pitch,1,0.5122253220902167
LT1bId10,speech,0,0.5156003469065755
LT1bId10,speech,1,0.48675067657231225
LT1bId10,volume,0,0.4974034251799839
LT1bId10,volume,1,0.5141740593293835
LT1bId10,word_gap,0,0.47699475407935543
LT1bId10,word_gap,1,0.4988116975335478
LT1bId10,word_head_pos,0,0.4865573701973815
LT1bId10,word_head_pos,1,0.4958151782075797
LT1bId10,word_index,0,0.4826331360946746
LT1bId10,word_index,1,0.494008875739645
LT1bId10,word_length,0,0.5138919365119171
LT1bId10,word_length,1,0.5281548122838364
LT1bId10,word_part_speech,0,0.512857072009522
LT1bId10,word_part_speech,1,0.509745090259869
LF1aCaOF2,delta_volume,0,0.47508437562040895
LF1aCaOF2,delta_volume,1,0.5166138992508073
LF1aCaOF2,face_num,0,0.4902667627974045
LF1aCaOF2,face_num,1,0.49574203525490323
LF1aCaOF2,frame_brightness,0,0.540150256522784
LF1aCaOF2,frame_brightness,1,0.5170527569668661
LF1aCaOF2,global_flow,0,0.5153965915384053
LF1aCaOF2,global_flow,1,0.4775137665485931
LF1aCaOF2,gpt2_surprisal,0,0.5052297211163704
LF1aCaOF2,gpt2_surprisal,1,0.4970481594098408
LF1aCaOF2,local_flow,0,0.5188395348108209
LF1aCaOF2,local_flow,1,0.51718336938236
LF1aCaOF2,onset,0,0.48813600596624207
LF1aCaOF2,onset,1,0.4821164939196079
LF1aCaOF2,pitch,0,0.5276898320846787
LF1aCaOF2,pitch,1,0.5505417802994681
LF1aCaOF2,speech,0,0.5045609855490424
LF1aCaOF2,speech,1,0.5122618935665548
LF1aCaOF2,volume,0,0.48284797759735854
LF1aCaOF2,volume,1,0.48617075744752
LF1aCaOF2,word_gap,0,0.5146726371619859
LF1aCaOF2,word_gap,1,0.4934933194214996
LF1aCaOF2,word_head_pos,0,0.48451981651567866
LF1aCaOF2,word_head_pos,1,0.5052192721231309
LF1aCaOF2,word_index,0,0.49908284023668636
LF1aCaOF2,word_index,1,0.5209023668639053
LF1aCaOF2,word_length,0,0.5094876858614672
LF1aCaOF2,word_length,1,0.49403884935686443
LF1aCaOF2,word_part_speech,0,0.505281690140845
LF1aCaOF2,word_part_speech,1,0.5332151358857371
LF1aCaOF14,delta_volume,0,0.4882919030751387
LF1aCaOF14,delta_volume,1,0.5063268654065181
LF1aCaOF14,face_num,0,0.5108617284724617
LF1aCaOF14,face_num,1,0.4865939416737198
LF1aCaOF14,frame_brightness,0,0.5030093100529764
LF1aCaOF14,frame_brightness,1,0.4884277399872522
LF1aCaOF14,global_flow,0,0.4680365296803653
LF1aCaOF14,global_flow,1,0.460246805220317
LF1aCaOF14,gpt2_surprisal,0,0.4936156651306647
LF1aCaOF14,gpt2_surprisal,1,0.5295236303982112
LF1aCaOF14,local_flow,0,0.5040176379005883
LF1aCaOF14,local_flow,1,0.509889972101188
LF1aCaOF14,onset,0,0.48961995647078516
LF1aCaOF14,onset,1,0.49067774683043397
LF1aCaOF14,pitch,0,0.511420749610775
LF1aCaOF14,pitch,1,0.5194821478950503
LF1aCaOF14,speech,0,0.484869857789202
LF1aCaOF14,speech,1,0.49238529617671334
LF1aCaOF14,volume,0,0.5218383958705579
LF1aCaOF14,volume,1,0.5394762964588362
LF1aCaOF14,word_gap,0,0.5104990870359098
LF1aCaOF14,word_gap,1,0.49744949714517583
LF1aCaOF14,word_head_pos,0,0.542098993761951
LF1aCaOF14,word_head_pos,1,0.5379298454593899
LF1aCaOF14,word_index,0,0.4969526627218935
LF1aCaOF14,word_index,1,0.520103550295858
LF1aCaOF14,word_length,0,0.5070739684231425
LF1aCaOF14,word_length,1,0.5047281694408744
LF1aCaOF14,word_part_speech,0,0.49724756992660185
LF1aCaOF14,word_part_speech,1,0.5075753818686768
RF1aCaOF10,delta_volume,0,0.5510955769411617
RF1aCaOF10,delta_volume,1,0.5179147989091252
RF1aCaOF10,face_num,0,0.5205949656750573
RF1aCaOF10,face_num,1,0.501635267441982
RF1aCaOF10,frame_brightness,0,0.5010553483171896
RF1aCaOF10,frame_brightness,1,0.4517517737166024
RF1aCaOF10,global_flow,0,0.505428251987921
RF1aCaOF10,global_flow,1,0.48368912155313837
RF1aCaOF10,gpt2_surprisal,0,0.5318903273669582
RF1aCaOF10,gpt2_surprisal,1,0.5069329070144092
RF1aCaOF10,local_flow,0,0.5055640889000345
RF1aCaOF10,local_flow,1,0.4490533212125012
RF1aCaOF10,onset,0,0.504063741381672
RF1aCaOF10,onset,1,0.5346787817907858
RF1aCaOF10,pitch,0,0.538117927337701
RF1aCaOF10,pitch,1,0.5269479535646742
RF1aCaOF10,speech,0,0.5161175720719309
RF1aCaOF10,speech,1,0.4829890390060918
RF1aCaOF10,volume,0,0.5419004628904005
RF1aCaOF10,volume,1,0.5318903273669582
RF1aCaOF10,word_gap,0,0.5410761383068139
RF1aCaOF10,word_gap,1,0.5120206938527084
RF1aCaOF10,word_head_pos,0,0.46481823976259884
RF1aCaOF10,word_head_pos,1,0.4744678850192784
RF1aCaOF10,word_index,0,0.4439201183431953
RF1aCaOF10,word_index,1,0.4741568047337278
RF1aCaOF10,word_length,0,0.507439683186525
RF1aCaOF10,word_length,1,0.5025443298538187
RF1aCaOF10,word_part_speech,0,0.46549543741321164
RF1aCaOF10,word_part_speech,1,0.5300535608014283
LF1bCb6,delta_volume,0,0.5487654514487529
LF1bCb6,delta_volume,1,0.5397479702830632
LF1bCb6,face_num,0,0.5168803485784144
LF1bCb6,face_num,1,0.5118857298099327
LF1bCb6,frame_brightness,0,0.4947023604275729
LF1bCb6,frame_brightness,1,0.4537945518949249
LF1bCb6,global_flow,0,0.4782034001024001
LF1bCb6,global_flow,1,0.502053227171562
LF1bCb6,gpt2_surprisal,0,0.5159660616699582
LF1bCb6,gpt2_surprisal,1,0.5248477059235342
LF1bCb6,local_flow,0,0.508129316740332
LF1bCb6,local_flow,1,0.5014158385839524
LF1bCb6,onset,0,0.4966363788563688
LF1bCb6,onset,1,0.5546550385827131
LF1bCb6,pitch,0,0.5319060008568175
LF1bCb6,pitch,1,0.5351242907745839
LF1bCb6,speech,0,0.5228467237181698
LF1bCb6,speech,1,0.500585143621412
LF1bCb6,volume,0,0.5157936532815064
LF1bCb6,volume,1,0.5444839764688671
LF1bCb6,word_gap,0,0.4867330377068661
LF1bCb6,word_gap,1,0.49502941773179143
LF1bCb6,word_head_pos,0,0.5234579898226805
LF1bCb6,word_head_pos,1,0.5019591862324064
LF1bCb6,word_index,0,0.46076923076923076
LF1bCb6,word_index,1,0.5052071005917159
LF1bCb6,word_length,0,0.5177058190443351
LF1bCb6,word_length,1,0.47632258131928984
LF1bCb6,word_part_speech,0,0.49032310057528267
LF1bCb6,word_part_speech,1,0.5151755604046816
RF1bCb8,delta_volume,0,0.5358818427844477
RF1bCb8,delta_volume,1,0.4990491416152053
RF1bCb8,face_num,0,0.5292023238560964
RF1bCb8,face_num,1,0.5414825031608205
RF1bCb8,frame_brightness,0,0.48574234872470035
RF1bCb8,frame_brightness,1,0.4513912834498396
RF1bCb8,global_flow,0,0.5006321640909899
RF1bCb8,global_flow,1,0.4832084678641213
RF1bCb8,gpt2_surprisal,0,0.5241267253900087
RF1bCb8,gpt2_surprisal,1,0.5065253962780686
RF1bCb8,local_flow,0,0.49410154331630146
RF1bCb8,local_flow,1,0.4591810079098879
RF1bCb8,onset,0,0.5469917659772005
RF1bCb8,onset,1,0.5314521406937278
RF1bCb8,pitch,0,0.5042893117248153
RF1bCb8,pitch,1,0.5087249093549837
RF1bCb8,speech,0,0.5130769150392359
RF1bCb8,speech,1,0.5048326593732694
RF1bCb8,volume,0,0.49362088962728445
RF1bCb8,volume,1,0.47807801218352614
RF1bCb8,word_gap,0,0.5129481494362809
RF1bCb8,word_gap,1,0.501086862011999
RF1bCb8,word_head_pos,0,0.4778742568153559
RF1bCb8,word_head_pos,1,0.5152085096600942
RF1bCb8,word_index,0,0.5056213017751479
RF1bCb8,word_index,1,0.48094674556213013
RF1bCb8,word_length,0,0.5166347972372862
RF1bCb8,word_length,1,0.5125649143705004
RF1bCb8,word_part_speech,0,0.502244098393176
RF1bCb8,word_part_speech,1,0.5133530053560801
LF1cCc10,delta_volume,0,0.5457927128721147
LF1cCc10,delta_volume,1,0.5267650961829827
LF1cCc10,face_num,0,0.5262217485345286
LF1cCc10,face_num,1,0.5049423738022841
LF1cCc10,frame_brightness,0,0.5161227965685506
LF1cCc10,frame_brightness,1,0.466618078848103
LF1cCc10,global_flow,0,0.5186671264223692
LF1cCc10,global_flow,1,0.5350511478219073
LF1cCc10,gpt2_surprisal,0,0.5299415901277912
LF1cCc10,gpt2_surprisal,1,0.5096862167330178
LF1cCc10,local_flow,0,0.5036519231372056
LF1cCc10,local_flow,1,0.4869283094573838
LF1cCc10,onset,0,0.4900385066130923
LF1cCc10,onset,1,0.4870934356117681
LF1cCc10,pitch,0,0.5028577996510036
LF1cCc10,pitch,1,0.4857893691942782
LF1cCc10,speech,0,0.5037355150831218
LF1cCc10,speech,1,0.46327701325977244
LF1cCc10,volume,0,0.5159660616699582
LF1cCc10,volume,1,0.4944881560661631
LF1cCc10,word_gap,0,0.49239921166275397
LF1cCc10,word_gap,1,0.5131075558647075
LF1cCc10,word_head_pos,0,0.4856796547652633
LF1cCc10,word_head_pos,1,0.510647524111052
LF1cCc10,word_index,0,0.49392011834319527
LF1cCc10,word_index,1,0.4685355029585799
LF1cCc10,word_length,0,0.5523834153579303
LF1cCc10,word_length,1,0.5040228623972081
LF1cCc10,word_part_speech,0,0.5064719301725848
LF1cCc10,word_part_speech,1,0.5220566355881769
RF1cCc10,delta_volume,0,0.5620199993730605
RF1cCc10,delta_volume,1,0.4935163996948895
RF1cCc10,face_num,0,0.5097593596856942
RF1cCc10,face_num,1,0.5032862083738232
RF1cCc10,frame_brightness,0,0.49631672988307574
RF1cCc10,frame_brightness,1,0.5149681828155858
RF1cCc10,global_flow,0,0.5221100696947849
RF1cCc10,global_flow,1,0.5259814216900202
RF1cCc10,gpt2_surprisal,0,0.5080039288214581
RF1cCc10,gpt2_surprisal,1,0.5205113737291411
RF1cCc10,local_flow,0,0.5204016593001264
RF1cCc10,local_flow,1,0.5393300105534832
RF1cCc10,onset,0,0.5119477040622193
RF1cCc10,onset,1,0.5233931479536703
RF1cCc10,pitch,0,0.5007262050301453
RF1cCc10,pitch,1,0.5089129912332947
RF1cCc10,speech,0,0.5115513620262687
RF1cCc10,speech,1,0.5007993479828219
RF1cCc10,volume,0,0.5102034418983731
RF1cCc10,volume,1,0.503960168437771
RF1cCc10,word_gap,0,0.5310914992899168
RF1cCc10,word_gap,1,0.5462858302176622
RF1cCc10,word_head_pos,0,0.4835637336342644
RF1cCc10,word_head_pos,1,0.49885583524027455
RF1cCc10,word_index,0,0.539792899408284
RF1cCc10,word_index,1,0.5336538461538461
RF1cCc10,word_length,0,0.5130873640324755
RF1cCc10,word_length,1,0.4556074522219784
RF1cCc10,word_part_speech,0,0.5026284467367585
RF1cCc10,word_part_speech,1,0.507786153540964
LT2aA2,delta_volume,0,0.48797320878133393
LT2aA2,delta_volume,1,0.4738566189147675
LT2aA2,face_num,0,0.4939343594244694
LT2aA2,face_num,1,0.5190641881654703
LT2aA2,frame_brightness,0,0.5024084929417051
LT2aA2,frame_brightness,1,0.49112880473966336
LT2aA2,global_flow,0,0.4859095326165324
LT2aA2,global_flow,1,0.4816306698849565
LT2aA2,gpt2_surprisal,0,0.5189388002465962
LT2aA2,gpt2_surprisal,1,0.5320575112587902
LT2aA2,local_flow,0,0.47794739976803235
LT2aA2,local_flow,1,0.4802409537841029
LT2aA2,onset,0,0.5107833736663471
LT2aA2,onset,1,0.5100071534024321
LT2aA2,pitch,0,0.48326593732693857
LT2aA2,pitch,1,0.5121521791375401
LT2aA2,speech,0,0.4889554141458471
LT2aA2,speech,1,0.5014158385839524
LT2aA2,volume,0,0.5015151040197278
LT2aA2,volume,1,0.49910661107802257
LT2aA2,word_gap,0,0.48626206416833323
LT2aA2,word_gap,1,0.5045430832101557
LT2aA2,word_head_pos,0,0.5102191153882323
LT2aA2,word_head_pos,1,0.5091480935811834
LT2aA2,word_index,0,0.46031065088757395
LT2aA2,word_index,1,0.4792751479289941
LT2aA2,word_length,0,0.4856692057720239
LT2aA2,word_length,1,0.5017763288507152
LT2aA2,word_part_speech,0,0.4508778020234081
LT2aA2,word_part_speech,1,0.4920774647887324
LT3Ha2,delta_volume,0,0.4819650376686206
LT3Ha2,delta_volume,1,0.48240389538467965
LT3Ha2,face_num,0,0.5354847810413466
LT3Ha2,face_num,1,0.5155533264369978
LT3Ha2,frame_brightness,0,0.4895771292435974
LT3Ha2,frame_brightness,1,0.47078983939897384
LT3Ha2,global_flow,0,0.4996290607399977
LT3Ha2,global_flow,1,0.4630419109118837
LT3Ha2,gpt2_surprisal,0,0.4855072463768116
LT3Ha2,gpt2_surprisal,1,0.49892375369633135
LT3Ha2,local_flow,0,0.5241162763967692
LT3Ha2,local_flow,1,0.4753664984378755
LT3Ha2,onset,0,0.4946882181939942
LT3Ha2,onset,1,0.48773267582910984
LT3Ha2,pitch,0,0.4956793412954662
LT3Ha2,pitch,1,0.5279406079224267
LT3Ha2,speech,0,0.4793005443925478
LT3Ha2,speech,1,0.4880620252238697
LT3Ha2,volume,0,0.49912750906450154
LT3Ha2,volume,1,0.5171781448857403
LT3Ha2,word_gap,0,0.4809944062835116
LT3Ha2,word_gap,1,0.4844868562154016
LT3Ha2,word_head_pos,0,0.5076016425817372
LT3Ha2,word_head_pos,1,0.5016404919386017
LT3Ha2,word_index,0,0.5118047337278107
LT3Ha2,word_index,1,0.5044970414201184
LT3Ha2,word_length,0,0.5243879502209962
LT3Ha2,word_length,1,0.5239804394846557
LT3Ha2,word_part_speech,0,0.5030995834159889
LT3Ha2,word_part_speech,1,0.5242015473120413
LT1aIb1,delta_volume,0,0.5202396999049141
LT1aIb1,delta_volume,1,0.48416977524215543
LT1aIb1,face_num,0,0.4939500329143287
LT1aIb1,face_num,1,0.4789505031190245
LT1aIb1,frame_brightness,0,0.49514121814363193
LT1aIb1,frame_brightness,1,0.48544455241737455
LT1aIb1,global_flow,0,0.48014168834832766
LT1aIb1,global_flow,1,0.4504769965413832
LT1aIb1,gpt2_surprisal,0,0.518337983135325
LT1aIb1,gpt2_surprisal,1,0.527512199199607
LT1aIb1,local_flow,0,0.48360552960722236
LT1aIb1,local_flow,1,0.5033854738095984
LT1aIb1,onset,0,0.5465199458167815
LT1aIb1,onset,1,0.5028994109857997
LT1aIb1,pitch,0,0.46779620283585677
LT1aIb1,pitch,1,0.5238393780759223
LT1aIb1,speech,0,0.5391523776684116
LT1aIb1,speech,1,0.5001358369121135
LT1aIb1,volume,0,0.5109871163913356
LT1aIb1,volume,1,0.5089077667366748
LT1aIb1,word_gap,0,0.5179042402109961
LT1aIb1,word_gap,1,0.5209039793641133
LT1aIb1,word_head_pos,0,0.488746434281057
LT1aIb1,word_head_pos,1,0.5252552166598748
LT1aIb1,word_index,0,0.4944970414201183
LT1aIb1,word_index,1,0.48366863905325447
LT1aIb1,word_length,0,0.5035526577014304
LT1aIb1,word_length,1,0.5143255697313563
LT1aIb1,word_part_speech,0,0.4679131124776831
LT1aIb1,word_part_speech,1,0.4820100178536004
LF3aOFa4,delta_volume,0,0.5005276741585949
LF3aOFa4,delta_volume,1,0.49854758993970927
LF3aOFa4,face_num,0,0.47450968099223645
LF3aOFa4,face_num,1,0.4402474321599114
LF3aOFa4,frame_brightness,0,0.5226116213702809
LF3aOFa4,frame_brightness,1,0.5283742411418659
LF3aOFa4,global_flow,0,0.48270691618862527
LF3aOFa4,global_flow,1,0.49804603826421323
LF3aOFa4,gpt2_surprisal,0,0.5259709726967807
LF3aOFa4,gpt2_surprisal,1,0.5067761721158166
LF3aOFa4,local_flow,0,0.5069224580211698
LF3aOFa4,local_flow,1,0.5236095002246534
LF3aOFa4,onset,0,0.524527038339193
LF3aOFa4,onset,1,0.5434302847662968
LF3aOFa4,pitch,0,0.5015046550264882
LF3aOFa4,pitch,1,0.526300115983825
LF3aOFa4,speech,0,0.5263314629635435
LF3aOFa4,speech,1,0.5040751073634056
LF3aOFa4,volume,0,0.4939030124447509
LF3aOFa4,volume,1,0.5089129912332947
LF3aOFa4,word_gap,0,0.49502217198504483
LF3aOFa4,word_gap,1,0.5008332608758659
LF3aOFa4,word_head_pos,0,0.5022413090498731
LF3aOFa4,word_head_pos,1,0.5183536566251842
LF3aOFa4,word_index,0,0.5077366863905326
LF3aOFa4,word_index,1,0.5212278106508875
LF3aOFa4,word_length,0,0.4931506849315068
LF3aOFa4,word_length,1,0.5074501321797644
LF3aOFa4,word_part_speech,0,0.47835250942273355
LF3aOFa4,word_part_speech,1,0.4965904582424122
LF3aOFa16,delta_volume,0,0.5022726560295916
LF3aOFa16,delta_volume,1,0.4801860965695955
LF3aOFa16,face_num,0,0.5001776328850716
LF3aOFa16,face_num,1,0.4809253628412903
LF3aOFa16,frame_brightness,0,0.5090697261318872
LF3aOFa16,frame_brightness,1,0.4876440654942896
LF3aOFa16,global_flow,0,0.4931559094281266
LF3aOFa16,global_flow,1,0.4834174477289113
LF3aOFa16,gpt2_surprisal,0,0.5040542093769266
LF3aOFa16,gpt2_surprisal,1,0.5224705599615478
LF3aOFa16,local_flow,0,0.47838625748409136
LF3aOFa16,local_flow,1,0.5065933147341253
LF3aOFa16,onset,0,0.5224723376405948
LF3aOFa16,onset,1,0.5180889761502518
LF3aOFa16,pitch,0,0.5100519314964003
LF3aOFa16,pitch,1,0.5266031367877705
LF3aOFa16,speech,0,0.5067239271496191
LF3aOFa16,speech,1,0.4664221602248624
LF3aOFa16,volume,0,0.49211101010417646
LF3aOFa16,volume,1,0.500668735567328
LF3aOFa16,word_gap,0,0.488522737153291
LF3aOFa16,word_gap,1,0.4873706634205721
LF3aOFa16,word_head_pos,0,0.4924453778878405
LF3aOFa16,word_head_pos,1,0.4972205677982926
LF3aOFa16,word_index,0,0.5169674556213018
LF3aOFa16,word_index,1,0.512396449704142
LF3aOFa16,word_length,0,0.5016248184487424
LF3aOFa16,word_length,1,0.5054230274913012
LF3aOFa16,word_part_speech,0,0.4696488791906368
LF3aOFa16,word_part_speech,1,0.49572257488593535
LT2bHb1,delta_volume,0,0.5187925143412432
LT2bHb1,delta_volume,1,0.48038723968945596
LT2bHb1,face_num,0,0.4884434134771115
LT2bHb1,face_num,1,0.5022674315329718
LT2bHb1,frame_brightness,0,0.5177371660240536
LT2bHb1,frame_brightness,1,0.5178939009226461
LT2bHb1,global_flow,0,0.4910713352768461
LT2bHb1,global_flow,1,0.4820329561246774
LT2bHb1,gpt2_surprisal,0,0.515360020062067
LT2bHb1,gpt2_surprisal,1,0.49103476380050787
LT2bHb1,local_flow,0,0.5118700563200735
LT2bHb1,local_flow,1,0.477304786683803
LT2bHb1,onset,0,0.4656103983075355
LT2bHb1,onset,1,0.4760589318600368
LT2bHb1,pitch,0,0.4986520798721043
LT2bHb1,pitch,1,0.4905906815878291
LT2bHb1,speech,0,0.5092682570034377
LT2bHb1,speech,1,0.4931245624484081
LT2bHb1,volume,0,0.4692695108826265
LT2bHb1,volume,1,0.5049737207820026
LT2bHb1,word_gap,0,0.5179549604382228
LT2bHb1,word_gap,1,0.48400863693012197
LT2bHb1,word_head_pos,0,0.5051461291704544
LT2bHb1,word_head_pos,1,0.5369946605644547
LT2bHb1,word_index,0,0.48662721893491123
LT2bHb1,word_index,1,0.5051923076923077
LT2bHb1,word_length,0,0.4981818751763267
LT2bHb1,word_length,1,0.5147278559710772
LT2bHb1,word_part_speech,0,0.5377653243404087
LT2bHb1,word_part_speech,1,0.48437809958341604
LT1cCd1,delta_volume,0,0.5203755368170276
LT1cCd1,delta_volume,1,0.47693384742380074
LT1cCd1,face_num,0,0.5278883629562292
LT1cCd1,face_num,1,0.48443100007314294
LT1cCd1,frame_brightness,0,0.5013688181143747
LT1cCd1,frame_brightness,1,0.4958674231737773
LT1cCd1,global_flow,0,0.5091062976082255
LT1cCd1,global_flow,1,0.47410217025589585
LT1cCd1,gpt2_surprisal,0,0.49703248591998167
LT1cCd1,gpt2_surprisal,1,0.4828636510872178
LT1cCd1,local_flow,0,0.4895092107875406
LT1cCd1,local_flow,1,0.4968626897798397
LT1cCd1,onset,0,0.4750391915133251
LT1cCd1,onset,1,0.49493934827937835
LT1cCd1,pitch,0,0.4854079809410363
LT1cCd1,pitch,1,0.4853296134917401
LT1cCd1,speech,0,0.49324995036728214
LT1cCd1,speech,1,0.48072683196973975
LT1cCd1,volume,0,0.460142315287922
LT1cCd1,volume,1,0.4798752390207204
LT1cCd1,word_gap,0,0.46544503376517976
LT1cCd1,word_gap,1,0.4889647277048373
LT1cCd1,word_head_pos,0,0.5147383049643167
LT1cCd1,word_head_pos,1,0.4988871822199931
LT1cCd1,word_index,0,0.4869526627218936
LT1cCd1,word_index,1,0.4753846153846154
LT1cCd1,word_length,0,0.4768659289677439
LT1cCd1,word_length,1,0.5018546963000114
LT1cCd1,word_part_speech,0,0.4977682999404881
LT1cCd1,word_part_speech,1,0.4922014481253719
LT1cCd13,delta_volume,0,0.4862073289238582
LT1cCd13,delta_volume,1,0.4587473746904487
LT1cCd13,face_num,0,0.4909511718545918
LT1cCd13,face_num,1,0.4804290356624139
LT1cCd13,frame_brightness,0,0.48894496515260755
LT1cCd13,frame_brightness,1,0.5035004127352329
LT1cCd13,global_flow,0,0.48728357522752686
LT1cCd13,global_flow,1,0.4775816850046498
LT1cCd13,gpt2_surprisal,0,0.48231507894214387
LT1cCd13,gpt2_surprisal,1,0.514628590535302
LT1cCd13,local_flow,0,0.49230954097572693
LT1cCd13,local_flow,1,0.50167706341494
LT1cCd13,onset,0,0.44741488212105995
LT1cCd13,onset,1,0.4726953107164056
LT1cCd13,pitch,0,0.5165616542846098
LT1cCd13,pitch,1,0.5121156076612019
LT1cCd13,speech,0,0.472926658516452
LT1cCd13,speech,1,0.46941057229135974
LT1cCd13,volume,0,0.4739140883775848
LT1cCd13,volume,1,0.5026122483098754
LT1cCd13,word_gap,0,0.4681187143146973
LT1cCd13,word_gap,1,0.4712706141494942
LT1cCd13,word_head_pos,0,0.5315350615968151
LT1cCd13,word_head_pos,1,0.519215698567443
LT1cCd13,word_index,0,0.4706360946745562
LT1cCd13,word_index,1,0.4721597633136094
LT1cCd13,word_length,0,0.5079360103654014
LT1cCd13,word_length,1,0.5096548697532993
LT1cCd13,word_part_speech,0,0.5052073001388613
LT1cCd13,word_part_speech,1,0.49791707994445544
LF3cIc1,delta_volume,0,0.5126432818197967
LF3cIc1,delta_volume,1,0.5020897986479003
LF3cIc1,face_num,0,0.4884225154906325
LF3cIc1,face_num,1,0.49245582688108
LF3cIc1,frame_brightness,0,0.5166138992508071
LF3cIc1,frame_brightness,1,0.5162325109975653
LF3cIc1,global_flow,0,0.519173902594485
LF3cIc1,global_flow,1,0.47718984775816853
LF3cIc1,gpt2_surprisal,0,0.5119902197423278
LF3cIc1,gpt2_surprisal,1,0.4973355067239272
LF3cIc1,local_flow,0,0.4974034251799839
LF3cIc1,local_flow,1,0.473616292070259
LF3cIc1,onset,0,0.4809673835289104
LF3cIc1,onset,1,0.5038734913169871
LF3cIc1,pitch,0,0.47272812764490135
LF3cIc1,pitch,1,0.5030511060259345
LF3cIc1,speech,0,0.48070070948664095
LF3cIc1,speech,1,0.4536273680030929
LF3cIc1,volume,0,0.4892741084396518
LF3cIc1,volume,1,0.47641662225844544
LF3cIc1,word_gap,0,0.5009564385705592
LF3cIc1,word_gap,1,0.5099846390168971
LF3cIc1,word_head_pos,0,0.4725818417395484
LF3cIc1,word_head_pos,1,0.5045087405828448
LF3cIc1,word_index,0,0.4504733727810651
LF3cIc1,word_index,1,0.4385650887573964
LF3cIc1,word_length,0,0.48716863630189233
LF3cIc1,word_length,1,0.5053916805115827
LF3cIc1,word_part_speech,0,0.4716698075778616
LF3cIc1,word_part_speech,1,0.4696736758579647
LF1aCaOF3,delta_volume,0,0.5070530704366634
LF1aCaOF3,delta_volume,1,0.5059611506431355
LF1aCaOF3,face_num,0,0.4878112493861216
LF1aCaOF3,face_num,1,0.4860923899982237
LF1aCaOF3,frame_brightness,0,0.5013792671076143
LF1aCaOF3,frame_brightness,1,0.49773779296364795
LF1aCaOF3,global_flow,0,0.4835794071241236
LF1aCaOF3,global_flow,1,0.45697104583973336
LF1aCaOF3,gpt2_surprisal,0,0.5053211498072161
LF1aCaOF3,gpt2_surprisal,1,0.49376717553263744
LF1aCaOF3,local_flow,0,0.4871372893221737
LF1aCaOF3,local_flow,1,0.4838354074584914
LF1aCaOF3,onset,0,0.5096570932834118
LF1aCaOF3,onset,1,0.48299925421974643
LF1aCaOF3,pitch,0,0.49470758492419253
LF1aCaOF3,pitch,1,0.5213786401680198
LF1aCaOF3,speech,0,0.5220787227150664
LF1aCaOF3,speech,1,0.5110080143778147
LF1aCaOF3,volume,0,0.5048274348766496
LF1aCaOF3,volume,1,0.500146285905353
LF1aCaOF3,word_gap,0,0.4912036634495551
LF1aCaOF3,word_gap,1,0.48136393936759125
LF1aCaOF3,word_head_pos,0,0.5078106224465273
LF1aCaOF3,word_head_pos,1,0.49425305371827427
LF1aCaOF3,word_index,0,0.47628698224852073
LF1aCaOF3,word_index,1,0.4866272189349113
LF1aCaOF3,word_length,0,0.5019748597222659
LF1aCaOF3,word_length,1,0.48715818730865285
LF1aCaOF3,word_part_speech,0,0.4834978178932751
LF1aCaOF3,word_part_speech,1,0.5061867684983138
LF1aCaOF15,delta_volume,0,0.4886105973689435
LF1aCaOF15,delta_volume,1,0.49846922249041303
LF1aCaOF15,face_num,0,0.5126223838333177
LF1aCaOF15,face_num,1,0.4933910117760154
LF1aCaOF15,frame_brightness,0,0.49353729768136845
LF1aCaOF15,frame_brightness,1,0.49490611579574306
LF1aCaOF15,global_flow,0,0.4768345819880255
LF1aCaOF15,global_flow,1,0.4660982414344378
LF1aCaOF15,gpt2_surprisal,0,0.4850161436945551
LF1aCaOF15,gpt2_surprisal,1,0.5353593931224727
LF1aCaOF15,local_flow,0,0.5196963522564602
LF1aCaOF15,local_flow,1,0.5361587411052945
LF1aCaOF15,onset,0,0.4749859214952133
LF1aCaOF15,onset,1,0.48582256517967215
LF1aCaOF15,pitch,0,0.4921684795669937
LF1aCaOF15,pitch,1,0.49519868760644914
LF1aCaOF15,speech,0,0.48506316416413275
LF1aCaOF15,speech,1,0.48706937086611707
LF1aCaOF15,volume,0,0.5290899971787718
LF1aCaOF15,volume,1,0.5151040197276993
LF1aCaOF15,word_gap,0,0.5016085557777585
LF1aCaOF15,word_gap,1,0.4860809204996667
LF1aCaOF15,word_head_pos,0,0.5497946772828439
LF1aCaOF15,word_head_pos,1,0.5454687940816902
LF1aCaOF15,word_index,0,0.5035059171597633
LF1aCaOF15,word_index,1,0.4991715976331361
LF1aCaOF15,word_length,0,0.5028786976374827
LF1aCaOF15,word_length,1,0.5135418952383938
LF1aCaOF15,word_part_speech,0,0.49707399325530655
LF1aCaOF15,word_part_speech,1,0.48830837135488997
RF1aCaOF11,delta_volume,0,0.5732422181122848
RF1aCaOF11,delta_volume,1,0.5404480528301099
RF1aCaOF11,face_num,0,0.5139598549679739
RF1aCaOF11,face_num,1,0.5055170684304567
RF1aCaOF11,frame_brightness,0,0.46970314410206576
RF1aCaOF11,frame_brightness,1,0.46511081157330497
RF1aCaOF11,global_flow,0,0.48555426684638936
RF1aCaOF11,global_flow,1,0.4746664158908289
RF1aCaOF11,gpt2_surprisal,0,0.5233169284139473
RF1aCaOF11,gpt2_surprisal,1,0.50775315298371
RF1aCaOF11,local_flow,0,0.4923043164791072
RF1aCaOF11,local_flow,1,0.45028369016645253
RF1aCaOF11,onset,0,0.5298616501529609
RF1aCaOF11,onset,1,0.5116585239638981
RF1aCaOF11,pitch,0,0.4958099537109599
RF1aCaOF11,pitch,1,0.5450665078419694
RF1aCaOF11,speech,0,0.5177998599834905
RF1aCaOF11,speech,1,0.48632226784949273
RF1aCaOF11,volume,0,0.5435148323459035
RF1aCaOF11,volume,1,0.499728326175773
RF1aCaOF11,word_gap,0,0.4938048865316059
RF1aCaOF11,word_gap,1,0.49285569370779353
RF1aCaOF11,word_head_pos,0,0.49423215573179524
RF1aCaOF11,word_head_pos,1,0.5118543828302142
RF1aCaOF11,word_index,0,0.4887573964497042
RF1aCaOF11,word_index,1,0.5187130177514794
RF1aCaOF11,word_length,0,0.531602980052872
RF1aCaOF11,word_length,1,0.49136390708755207
RF1aCaOF11,word_part_speech,0,0.5043890101170403
RF1aCaOF11,word_part_speech,1,0.5431338028169014
LF1bCb7,delta_volume,0,0.5141740593293836
LF1bCb7,delta_volume,1,0.5284630575844017
LF1bCb7,face_num,0,0.507774050970189
LF1bCb7,face_num,1,0.5067761721158167
LF1bCb7,frame_brightness,0,0.47770184842690405
LF1bCb7,frame_brightness,1,0.4841436527590566
LF1bCb7,global_flow,0,0.4966406486735004
LF1bCb7,global_flow,1,0.5050625372245384
LF1bCb7,gpt2_surprisal,0,0.48950398629092096
LF1bCb7,gpt2_surprisal,1,0.5120267912186661
LF1bCb7,local_flow,0,0.5196597807801219
LF1bCb7,local_flow,1,0.5179252479023647
LF1bCb7,onset,0,0.4997184299042662
LF1bCb7,onset,1,0.5262240689161835
LF1bCb7,pitch,0,0.5234736633125399
LF1bCb7,pitch,1,0.50524017010961
LF1bCb7,speech,0,0.47797874674775087
LF1bCb7,speech,1,0.4834226722255311
LF1bCb7,volume,0,0.4899689664900787
LF1bCb7,volume,1,0.5282384042297524
LF1bCb7,word_gap,0,0.5183969509897689
LF1bCb7,word_gap,1,0.4983769527287482
LF1bCb7,word_head_pos,0,0.5251611757207193
LF1bCb7,word_head_pos,1,0.5028734731408628
LF1bCb7,word_index,0,0.4780769230769231
LF1bCb7,word_index,1,0.5052218934911242
LF1bCb7,word_length,0,0.5292206095942656
LF1bCb7,word_length,1,0.5024816358943816
LF1bCb7,word_part_speech,0,0.49698720491965886
LF1bCb7,word_part_speech,1,0.48832076968855387
RF1bCb9,delta_volume,0,0.5441208739537946
RF1bCb9,delta_volume,1,0.5203807613136474
RF1bCb9,face_num,0,0.5068231925853944
RF1bCb9,face_num,1,0.5056633543358098
RF1bCb9,frame_brightness,0,0.4797759735849451
RF1bCb9,frame_brightness,1,0.4552365129619761
RF1bCb9,global_flow,0,0.48683949301484797
RF1bCb9,global_flow,1,0.49145272353008784
RF1bCb9,gpt2_surprisal,0,0.5108930754521801
RF1bCb9,gpt2_surprisal,1,0.532877757228091
RF1bCb9,local_flow,0,0.4828688755838375
RF1bCb9,local_flow,1,0.47434772159702415
RF1bCb9,onset,0,0.5289256198347108
RF1bCb9,onset,1,0.5162245255163387
RF1bCb9,pitch,0,0.5354246993302196
RF1bCb9,pitch,1,0.5217077834550641
RF1bCb9,speech,0,0.5145711210724847
RF1bCb9,speech,1,0.48632488009780267
RF1bCb9,volume,0,0.5230243566032413
RF1bCb9,volume,1,0.5133877725881112
RF1bCb9,word_gap,0,0.5000289829869866
RF1bCb9,word_gap,1,0.504601049184129
RF1bCb9,word_head_pos,0,0.5068963355380709
RF1bCb9,word_head_pos,1,0.5156473673761534
RF1bCb9,word_index,0,0.497396449704142
RF1bCb9,word_index,1,0.4668047337278107
RF1bCb9,word_length,0,0.5200307200401242
RF1bCb9,word_length,1,0.5194090049423739
RF1bCb9,word_part_speech,0,0.4994668716524499
RF1bCb9,word_part_speech,1,0.5184735171592938
LF1cCc11,delta_volume,0,0.547464551790435
LF1cCc11,delta_volume,1,0.5241528478731075
LF1cCc11,face_num,0,0.534408534737678
LF1cCc11,face_num,1,0.49563232082588843
LF1cCc11,frame_brightness,0,0.5059402526566565
LF1cCc11,frame_brightness,1,0.4765629081637983
LF1cCc11,global_flow,0,0.5123977304786683
LF1cCc11,global_flow,1,0.5164414908623555
LF1cCc11,gpt2_surprisal,0,0.5275487706759454
LF1cCc11,gpt2_surprisal,1,0.5154227140215041
LF1cCc11,local_flow,0,0.5089234402265341
LF1cCc11,local_flow,1,0.5068911110414512
LF1cCc11,onset,0,0.4934097377593108
LF1cCc11,onset,1,0.49560902850706967
LF1cCc11,pitch,0,0.5115147905499305
LF1cCc11,pitch,1,0.48749255509231687
LF1cCc11,speech,0,0.4956479943157477
LF1cCc11,speech,1,0.48320846786412125
LF1cCc11,volume,0,0.5202188019184352
LF1cCc11,volume,1,0.5031137999853714
LF1cCc11,word_gap,0,0.5041807958728226
LF1cCc11,word_gap,1,0.4962974234124569
LF1cCc11,word_head_pos,0,0.4893785983720469
LF1cCc11,word_head_pos,1,0.5045662100456622
LF1cCc11,word_index,0,0.4773668639053254
LF1cCc11,word_index,1,0.45251479289940827
LF1cCc11,word_length,0,0.5237557861300064
LF1cCc11,word_length,1,0.5082233576794876
LF1cCc11,word_part_speech,0,0.49339168815711165
LF1cCc11,word_part_speech,1,0.5358435826224955
RF1cCc11,delta_volume,0,0.5550818678620315
RF1cCc11,delta_volume,1,0.4995245708076027
RF1cCc11,face_num,0,0.5005799191247924
RF1cCc11,face_num,1,0.49492701378222215
RF1cCc11,frame_brightness,0,0.4927536231884058
RF1cCc11,frame_brightness,1,0.48631704335287296
RF1cCc11,global_flow,0,0.5348996374199346
RF1cCc11,global_flow,1,0.5249521958559292
RF1cCc11,gpt2_surprisal,0,0.49315590942812665
RF1cCc11,gpt2_surprisal,1,0.5276898320846787
RF1cCc11,local_flow,0,0.5248450936752244
RF1cCc11,local_flow,1,0.5386560504895354
RF1cCc11,onset,0,0.5062021521087318
RF1cCc11,onset,1,0.4974164041215774
RF1cCc11,pitch,0,0.5133590378567026
RF1cCc11,pitch,1,0.49351639969488936
RF1cCc11,speech,0,0.5184999425305372
RF1cCc11,speech,1,0.4985319164498501
RF1cCc11,volume,0,0.5246570117969134
RF1cCc11,volume,1,0.5154331630147435
RF1cCc11,word_gap,0,0.5293090455902385
RF1cCc11,word_gap,1,0.5311494652638902
RF1cCc11,word_head_pos,0,0.5052088231298915
RF1cCc11,word_head_pos,1,0.5021838395870558
RF1cCc11,word_index,0,0.521819526627219
RF1cCc11,word_index,1,0.5275887573964497
RF1cCc11,word_length,0,0.513787446579522
RF1cCc11,word_length,1,0.454839451218875
RF1cCc11,word_part_speech,0,0.48374578456655426
RF1cCc11,word_part_speech,1,0.48324985121999603
LT2aA3,delta_volume,0,0.4976071805481542
LT2aA3,delta_volume,1,0.48692830945738375
LT2aA3,face_num,0,0.4997126526859137
LT2aA3,face_num,1,0.5024293909281841
LT2aA3,frame_brightness,0,0.5076538875479347
LT2aA3,frame_brightness,1,0.5023771459619866
LT2aA3,global_flow,0,0.4928006436579836
LT2aA3,global_flow,1,0.4819963846483391
LT2aA3,gpt2_surprisal,0,0.5069276825177894
LT2aA3,gpt2_surprisal,1,0.5275330971860861
LT2aA3,local_flow,0,0.4833443047762348
LT2aA3,local_flow,1,0.48785826985569936
LT2aA3,onset,0,0.49289225758336763
LT2aA3,onset,1,0.4973745491073467
LT2aA3,pitch,0,0.4886314953554225
LT2aA3,pitch,1,0.5253022371294527
LT2aA3,speech,0,0.5015986959656438
LT2aA3,speech,1,0.49582040270419947
LT2aA3,volume,0,0.4962226889439203
LT2aA3,volume,1,0.5030040855563567
LT2aA3,word_gap,0,0.48930527780193034
LT2aA3,word_gap,1,0.5139335709938266
LT2aA3,word_head_pos,0,0.5050782107143976
LT2aA3,word_head_pos,1,0.5106422996144322
LT2aA3,word_index,0,0.4444082840236686
LT2aA3,word_index,1,0.4865976331360946
LT2aA3,word_length,0,0.4930775419788303
LT2aA3,word_length,1,0.5061231100383479
LT2aA3,word_part_speech,0,0.45421295377901205
LT2aA3,word_part_speech,1,0.49228823646101966
LT3Ha3,delta_volume,0,0.4999059590608445
LT3Ha3,delta_volume,1,0.49246627587431957
LT3Ha3,face_num,0,0.5237296636469077
LT3Ha3,face_num,1,0.48976521112190835
LT3Ha3,frame_brightness,0,0.4926282352695318
LT3Ha3,frame_brightness,1,0.48682904402160854
LT3Ha3,global_flow,0,0.47652111219084037
LT3Ha3,global_flow,1,0.5048431083665088
LT3Ha3,gpt2_surprisal,0,0.4954964839137749
LT3Ha3,gpt2_surprisal,1,0.46417040218174976
LT3Ha3,local_flow,0,0.503625800654107
LT3Ha3,local_flow,1,0.4892114144802149
LT3Ha3,onset,0,0.5352267019770787
LT3Ha3,onset,1,0.5279058794879989
LT3Ha3,pitch,0,0.511650627462044
LT3Ha3,pitch,1,0.531456694147519
LT3Ha3,speech,0,0.5265143203452347
LT3Ha3,speech,1,0.5343562897714805
LT3Ha3,volume,0,0.46309415587808117
LT3Ha3,volume,1,0.49938873389548916
LT3Ha3,word_gap,0,0.4880590093615048
LT3Ha3,word_gap,1,0.48537083731849406
LT3Ha3,word_head_pos,0,0.5012695526785994
LT3Ha3,word_head_pos,1,0.49603460706560915
LT3Ha3,word_index,0,0.48094674556213013
LT3Ha3,word_index,1,0.4898224852071006
LT3Ha3,word_length,0,0.5093205019696352
LT3Ha3,word_length,1,0.5178259824665894
LT3Ha3,word_part_speech,0,0.4730584209482246
LT3Ha3,word_part_speech,1,0.48338623289029947
LT1aIb2,delta_volume,0,0.5276846075880589
LT1aIb2,delta_volume,1,0.4970899553827989
LT1aIb2,face_num,0,0.5129149556440237
LT1aIb2,face_num,1,0.4933021953334796
LT1aIb2,frame_brightness,0,0.4990386926219659
LT1aIb2,frame_brightness,1,0.49603983156222897
LT1aIb2,global_flow,0,0.5055797623898938
LT1aIb2,global_flow,1,0.5387814384084094
LT1aIb2,gpt2_surprisal,0,0.4923774594317838
LT1aIb2,gpt2_surprisal,1,0.5156369183829138
LT1aIb2,local_flow,0,0.49653615874110535
LT1aIb2,local_flow,1,0.5019983699570546
LT1aIb2,onset,0,0.4912180570141394
LT1aIb2,onset,1,0.5390240932681917
LT1aIb2,pitch,0,0.48834937253795596
LT1aIb2,pitch,1,0.52074647607703
LT1aIb2,speech,0,0.49666938340490896
LT1aIb2,speech,1,0.48529826651202157
LT1aIb2,volume,0,0.4681828155857183
LT1aIb2,volume,1,0.49405452284672374
LT1aIb2,word_gap,0,0.5123974726835347
LT1aIb2,word_gap,1,0.5092528185954844
LT1aIb2,word_head_pos,0,0.5235363572719769
LT1aIb2,word_head_pos,1,0.5074501321797645
LT1aIb2,word_index,0,0.4877958579881657
LT1aIb2,word_index,1,0.49553254437869826
LT1aIb2,word_length,0,0.48014691284494737
LT1aIb2,word_length,1,0.4918915812461469
LT1aIb2,word_part_speech,0,0.49427196984725263
LT1aIb2,word_part_speech,1,0.4982270382860544
LF3aOFa5,delta_volume,0,0.48286887558383745
LF3aOFa5,delta_volume,1,0.48952488427739993
LF3aOFa5,face_num,0,0.4938350939886942
LF3aOFa5,face_num,1,0.43992873786610664
LF3aOFa5,frame_brightness,0,0.5217286814415432
LF3aOFa5,frame_brightness,1,0.5305215092525835
LF3aOFa5,global_flow,0,0.4864476557683667
LF3aOFa5,global_flow,1,0.47481270179618196
LF3aOFa5,gpt2_surprisal,0,0.5000888164425358
LF3aOFa5,gpt2_surprisal,1,0.5009142869084564
LF3aOFa5,local_flow,0,0.4970690573963199
LF3aOFa5,local_flow,1,0.5030040855563567
LF3aOFa5,onset,0,0.4521939637459477
LF3aOFa5,onset,1,0.4594386862091533
LF3aOFa5,pitch,0,0.48674022757907276
LF3aOFa5,pitch,1,0.5043206587045337
LF3aOFa5,speech,0,0.5082808271423048
LF3aOFa5,speech,1,0.5265090958486149
LF3aOFa5,volume,0,0.5013061241549377
LF3aOFa5,volume,1,0.5217077834550641
LF3aOFa5,word_gap,0,0.4717053589542938
LF3aOFa5,word_gap,1,0.4992464423383474
LF3aOFa5,word_head_pos,0,0.5196859032632206
LF3aOFa5,word_head_pos,1,0.5130821395358557
LF3aOFa5,word_index,0,0.45840236686390534
LF3aOFa5,word_index,1,0.4805029585798816
LF3aOFa5,word_length,0,0.49806171175407254
LF3aOFa5,word_length,1,0.49072129400332276
LF3aOFa5,word_part_speech,0,0.44932181114858166
LF3aOFa5,word_part_speech,1,0.4594078555842095
LF3bIa1,delta_volume,0,0.499728326175773
LF3bIa1,delta_volume,1,0.5048692308496077
LF3bIa1,face_num,0,0.49063770205740675
LF3bIa1,face_num,1,0.5016875124081794
LF3bIa1,frame_brightness,0,0.49581517820757964
LF3bIa1,frame_brightness,1,0.49477550338024934
LF3bIa1,global_flow,0,0.501865145293251
LF3bIa1,global_flow,1,0.49495836076194055
LF3bIa1,gpt2_surprisal,0,0.4900368849461354
LF3bIa1,gpt2_surprisal,1,0.4604662340783465
LF3bIa1,local_flow,0,0.48812994367992646
LF3bIa1,local_flow,1,0.5210024764113977
LF3bIa1,onset,0,0.4982801394152474
LF3bIa1,onset,1,0.4921997473479141
LF3bIa1,pitch,0,0.5071523358724387
LF3bIa1,pitch,1,0.5025704523369173
LF3bIa1,speech,0,0.48212699706383294
LF3bIa1,speech,1,0.46110884716257594
LF3bIa1,volume,0,0.4945795847570086
LF3bIa1,volume,1,0.5160496536158741
LF3bIa1,word_gap,0,0.4984349187027215
LF3bIa1,word_gap,1,0.46941570298234936
LF3bIa1,word_head_pos,0,0.5043520056842523
LF3bIa1,word_head_pos,1,0.5004963271788763
LF3bIa1,word_index,0,0.49301775147928995
LF3bIa1,word_index,1,0.4544082840236686
LF3bIa1,word_length,0,0.49106611078022633
LF3bIa1,word_length,1,0.5018233493202929
LF3bIa1,word_part_speech,0,0.5334011108906962
LF3bIa1,word_part_speech,1,0.5048105534616149
LT2bHb2,delta_volume,0,0.49850579396675126
LT2bHb2,delta_volume,1,0.4648286887558384
LT2bHb2,face_num,0,0.49106088628360656
LT2bHb2,face_num,1,0.49659362820392255
LT2bHb2,frame_brightness,0,0.471604860871655
LT2bHb2,frame_brightness,1,0.4831614473945436
LT2bHb2,global_flow,0,0.48743508562949966
LT2bHb2,global_flow,1,0.4776861749370448
LT2bHb2,gpt2_surprisal,0,0.49563232082588843
LT2bHb2,gpt2_surprisal,1,0.5003918372464813
LT2bHb2,local_flow,0,0.4913795805774114
LT2bHb2,local_flow,1,0.5001201634222543
LT2bHb2,onset,0,0.47741351232059415
LT2bHb2,onset,1,0.49118761700378977
LT2bHb2,pitch,0,0.4781302571497237
LT2bHb2,pitch,1,0.5282958736925698
LT2bHb2,speech,0,0.47297367898602977
LT2bHb2,speech,1,0.47143245248320326
LT2bHb2,volume,0,0.4959039946501155
LT2bHb2,volume,1,0.5112431167257034
LT2bHb2,word_gap,0,0.5019563516215981
LT2bHb2,word_gap,1,0.45475755731385675
LT2bHb2,word_head_pos,0,0.5190119431992728
LT2bHb2,word_head_pos,1,0.5101094009592175
LT2bHb2,word_index,0,0.4256508875739645
LT2bHb2,word_index,1,0.4693934911242603
LT2bHb2,word_length,0,0.5124708734313449
LT2bHb2,word_length,1,0.5176796965612364
LT2bHb2,word_part_speech,0,0.5115676453084705
LT2bHb2,word_part_speech,1,0.5085796468954573
LT1cCd2,delta_volume,0,0.5210077009080175
LT1cCd2,delta_volume,1,0.48883525072359274
LT1cCd2,face_num,0,0.5178416559564486
LT1cCd2,face_num,1,0.4627179921214591
LT1cCd2,frame_brightness,0,0.49148929500642613
LT1cCd2,frame_brightness,1,0.4684126934369873
LT1cCd2,global_flow,0,0.4983438345715391
LT1cCd2,global_flow,1,0.4971526493422359
LT1cCd2,gpt2_surprisal,0,0.5176379005882783
LT1cCd2,gpt2_surprisal,1,0.5205009247359017
LT1cCd2,local_flow,0,0.484514592019059
LT1cCd2,local_flow,1,0.5099892375369632
LT1cCd2,onset,0,0.5050454317154468
LT1cCd2,onset,1,0.5154939652679482
LT1cCd2,pitch,0,0.5117028724282415
LT1cCd2,pitch,1,0.5193358619896973
LT1cCd2,speech,0,0.5099578905572448
LT1cCd2,speech,1,0.47959834069987356
LT1cCd2,volume,0,0.49777436443998624
LT1cCd2,volume,1,0.48726790173766754
LT1cCd2,word_gap,0,0.46693765759499173
LT1cCd2,word_gap,1,0.4546850998463902
LT1cCd2,word_head_pos,0,0.5107938100164049
LT1cCd2,word_head_pos,1,0.5036623721304453
LT1cCd2,word_index,0,0.4957692307692308
LT1cCd2,word_index,1,0.4962426035502958
LT1cCd2,word_length,0,0.49566366780560694
LT1cCd2,word_length,1,0.5027167382422703
LT1cCd2,word_part_speech,0,0.4878372346756596
LT1cCd2,word_part_speech,1,0.5065587185082325
LT1cCd14,delta_volume,0,0.5005172251653554
LT1cCd14,delta_volume,1,0.46641693572824255
LT1cCd14,face_num,0,0.5036466986405861
LT1cCd14,face_num,1,0.45638590221832126
LT1cCd14,frame_brightness,0,0.5007758377480329
LT1cCd14,frame_brightness,1,0.4892166389768346
LT1cCd14,global_flow,0,0.48170903733425285
LT1cCd14,global_flow,1,0.465319791438095
LT1cCd14,gpt2_surprisal,0,0.48791051482189696
LT1cCd14,gpt2_surprisal,1,0.5145188761062871
LT1cCd14,local_flow,0,0.5015568999926857
LT1cCd14,local_flow,1,0.4730468219387062
LT1cCd14,onset,0,0.43834375903687806
LT1cCd14,onset,1,0.4835852244189763
LT1cCd14,pitch,0,0.4942112577453162
LT1cCd14,pitch,1,0.510835605989363
LT1cCd14,speech,0,0.48292112055003505
LT1cCd14,speech,1,0.4688881226293846
LT1cCd14,volume,0,0.46994869544319406
LT1cCd14,volume,1,0.5204068837967462
LT1cCd14,word_gap,0,0.4891458713735038
LT1cCd14,word_gap,1,0.4867257919601194
LT1cCd14,word_head_pos,0,0.5164362663657357
LT1cCd14,word_head_pos,1,0.5250357878018453
LT1cCd14,word_index,0,0.47468934911242605
LT1cCd14,word_index,1,0.4735355029585799
LT1cCd14,word_length,0,0.5064783758084909
LT1cCd14,word_length,1,0.49051753863515246
LT1cCd14,word_part_speech,0,0.5160434437611585
LT1cCd14,word_part_speech,1,0.5082572902201945
LF3cIc2,delta_volume,0,0.5566126453716185
LF3cIc2,delta_volume,1,0.5017920023405745
LF3cIc2,face_num,0,0.49072129400332276
LF3cIc2,face_num,1,0.4824404668610179
LF3cIc2,frame_brightness,0,0.5068388660752536
LF3cIc2,frame_brightness,1,0.5019330637493078
LF3cIc2,global_flow,0,0.506264171447081
LF3cIc2,global_flow,1,0.47457759944829314
LF3cIc2,gpt2_surprisal,0,0.5197224747395588
LF3cIc2,gpt2_surprisal,1,0.4960711785419475
LF3cIc2,local_flow,0,0.5088346237839984
LF3cIc2,local_flow,1,0.4980982832304108
LF3cIc2,onset,0,0.5265741290352038
LF3cIc2,onset,1,0.5048704016559366
LF3cIc2,pitch,0,0.4581831290555155
LF3cIc2,pitch,1,0.49889763121323255
LF3cIc2,speech,0,0.4767091940691514
LF3cIc2,speech,1,0.4637785649352685
LF3cIc2,volume,0,0.5006217150977503
LF3cIc2,volume,1,0.5003030208039455
LF3cIc2,word_gap,0,0.49558734023128426
LF3cIc2,word_gap,1,0.47742225313740827
LF3cIc2,word_head_pos,0,0.4709465742975665
LF3cIc2,word_head_pos,1,0.48645810476160617
LF3cIc2,word_index,0,0.5043934911242604
LF3cIc2,word_index,1,0.47579881656804734
LF3cIc2,word_length,0,0.5081711127132901
LF3cIc2,word_length,1,0.4779735222511311
LF3cIc2,word_part_speech,0,0.4870437413211664
LF3cIc2,word_part_speech,1,0.5134893870263837
LF1aCaOF4,delta_volume,0,0.4846504289311725
LF1aCaOF4,delta_volume,1,0.48159409840861833
LF1aCaOF4,face_num,0,0.4779108282916941
LF1aCaOF4,face_num,1,0.46150590890567694
LF1aCaOF4,frame_brightness,0,0.4956793412954662
LF1aCaOF4,frame_brightness,1,0.492560316813475
LF1aCaOF4,global_flow,0,0.4804760561319916
LF1aCaOF4,global_flow,1,0.46632289478908706
LF1aCaOF4,gpt2_surprisal,0,0.49541289196785887
LF1aCaOF4,gpt2_surprisal,1,0.471228697115033
LF1aCaOF4,local_flow,0,0.4864110842920285
LF1aCaOF4,local_flow,1,0.5072098053352561
LF1aCaOF4,onset,0,0.5184542562744471
LF1aCaOF4,onset,1,0.49480997823539263
LF1aCaOF4,pitch,0,0.5256366049131166
LF1aCaOF4,pitch,1,0.5189910452127937
LF1aCaOF4,speech,0,0.510814708002884
LF1aCaOF4,speech,1,0.5063895593659551
LF1aCaOF4,volume,0,0.5061126610451083
LF1aCaOF4,volume,1,0.5107363405535876
LF1aCaOF4,word_gap,0,0.47844390342868737
LF1aCaOF4,word_gap,1,0.4631698692867287
LF1aCaOF4,word_head_pos,0,0.48905990407824207
LF1aCaOF4,word_head_pos,1,0.4902197423278268
LF1aCaOF4,word_index,0,0.5121449704142012
LF1aCaOF4,word_index,1,0.5137721893491124
LF1aCaOF4,word_length,0,0.4869753299269615
LF1aCaOF4,word_length,1,0.5048065368901706
LF1aCaOF4,word_part_speech,0,0.477955762745487
LF1aCaOF4,word_part_speech,1,0.5058768101567149
LF1aCaOF16,delta_volume,0,0.4973198332340679
LF1aCaOF16,delta_volume,1,0.49405974734334346
LF1aCaOF16,face_num,0,0.4959405661264537
LF1aCaOF16,face_num,1,0.47338641421899
LF1aCaOF16,frame_brightness,0,0.4987983657774573
LF1aCaOF16,frame_brightness,1,0.49756016007857645
LF1aCaOF16,global_flow,0,0.4897756601151479
LF1aCaOF16,global_flow,1,0.480679811500162
LF1aCaOF16,gpt2_surprisal,0,0.5031399224684703
LF1aCaOF16,gpt2_surprisal,1,0.5347063310450038
LF1aCaOF16,local_flow,0,0.5256418294097362
LF1aCaOF16,local_flow,1,0.5348578414469766
LF1aCaOF16,onset,0,0.4715157603153586
LF1aCaOF16,onset,1,0.49715385903231213
LF1aCaOF16,pitch,0,0.4926073372830528
LF1aCaOF16,pitch,1,0.5064104573524342
LF1aCaOF16,speech,0,0.493986604390667
LF1aCaOF16,speech,1,0.49266480674587004
LF1aCaOF16,volume,0,0.5193881069558948
LF1aCaOF16,volume,1,0.48856357689936575
LF1aCaOF16,word_gap,0,0.5017317334724517
LF1aCaOF16,word_gap,1,0.48453033069588153
LF1aCaOF16,word_head_pos,0,0.5240117864643742
LF1aCaOF16,word_head_pos,1,0.5259135032339634
LF1aCaOF16,word_index,0,0.5115532544378698
LF1aCaOF16,word_index,1,0.494689349112426
LF1aCaOF16,word_length,0,0.49704815940984093
LF1aCaOF16,word_length,1,0.5268800351086174
LF1aCaOF16,word_part_speech,0,0.4931561198174966
LF1aCaOF16,word_part_speech,1,0.4993304899821464
RF1aCaOF12,delta_volume,0,0.5501865145293251
RF1aCaOF12,delta_volume,1,0.5315402860934348
RF1aCaOF12,face_num,0,0.5246543995486035
RF1aCaOF12,face_num,1,0.5180767583043374
RF1aCaOF12,frame_brightness,0,0.4671379162617682
RF1aCaOF12,frame_brightness,1,0.4429641704021817
RF1aCaOF12,global_flow,0,0.48737239167006263
RF1aCaOF12,global_flow,1,0.47402902730321933
RF1aCaOF12,gpt2_surprisal,0,0.49258643929657375
RF1aCaOF12,gpt2_surprisal,1,0.5153443465722078
RF1aCaOF12,local_flow,0,0.49817665067970696
RF1aCaOF12,local_flow,1,0.4509315277473015
RF1aCaOF12,onset,0,0.5212927872395476
RF1aCaOF12,onset,1,0.5247020683987033
RF1aCaOF12,pitch,0,0.5114991170600712
RF1aCaOF12,pitch,1,0.5366811907672695
RF1aCaOF12,speech,0,0.5419213608768796
RF1aCaOF12,speech,1,0.5004911026822566
RF1aCaOF12,volume,0,0.5519367208969416
RF1aCaOF12,volume,1,0.5191895760843444
RF1aCaOF12,word_gap,0,0.5166942005043039
RF1aCaOF12,word_gap,1,0.49712343854157615
RF1aCaOF12,word_head_pos,0,0.4850736131573724
RF1aCaOF12,word_head_pos,1,0.5180715338077176
RF1aCaOF12,word_index,0,0.4646745562130178
RF1aCaOF12,word_index,1,0.5080769230769231
RF1aCaOF12,word_length,0,0.5462576930712726
RF1aCaOF12,word_length,1,0.4825136098136945
RF1aCaOF12,word_part_speech,0,0.4688057925014878
RF1aCaOF12,word_part_speech,1,0.5232468756199167
LF1bCb8,delta_volume,0,0.5047333939374942
LF1bCb8,delta_volume,1,0.5033645758231194
LF1bCb8,face_num,0,0.5244506441804332
LF1bCb8,face_num,1,0.5248372569302947
LF1bCb8,frame_brightness,0,0.4896293742097949
LF1bCb8,frame_brightness,1,0.4490559334608111
LF1bCb8,global_flow,0,0.4942687272081335
LF1bCb8,global_flow,1,0.47129139107447005
LF1bCb8,gpt2_surprisal,0,0.5162168375077061
LF1bCb8,gpt2_surprisal,1,0.49621223995068076
LF1bCb8,local_flow,0,0.49118104970586085
LF1bCb8,local_flow,1,0.46295831896596756
LF1bCb8,onset,0,0.47589151180311395
LF1bCb8,onset,1,0.5249455884815001
LF1bCb8,pitch,0,0.5417907484613858
LF1bCb8,pitch,1,0.5349309843996531
LF1bCb8,speech,0,0.49751313960899873
LF1bCb8,speech,1,0.48862104636218306
LF1bCb8,volume,0,0.5109505449149975
LF1bCb8,volume,1,0.5381753968005183
LF1bCb8,word_gap,0,0.5163681419007043
LF1bCb8,word_gap,1,0.4792409355708199
LF1bCb8,word_head_pos,0,0.4888979446830298
LF1bCb8,word_head_pos,1,0.49173484634755443
LF1bCb8,word_index,0,0.4522633136094675
LF1bCb8,word_index,1,0.4957248520710059
LF1bCb8,word_length,0,0.5377522125743185
LF1bCb8,word_length,1,0.5150987952310795
LF1bCb8,word_part_speech,0,0.4919286847847649
LF1bCb8,word_part_speech,1,0.5212693414005157
RF1bCb10,delta_volume,0,0.5348317189638778
RF1bCb10,delta_volume,1,0.5293564465063791
RF1bCb10,face_num,0,0.49135345809431263
RF1bCb10,face_num,1,0.4895771292435973
RF1bCb10,frame_brightness,0,0.49748701712589993
RF1bCb10,frame_brightness,1,0.4550902270566231
RF1bCb10,global_flow,0,0.4776705014471856
RF1bCb10,global_flow,1,0.4915049684962854
RF1bCb10,gpt2_surprisal,0,0.5141688348327639
RF1bCb10,gpt2_surprisal,1,0.52410060290691
RF1bCb10,local_flow,0,0.48797320878133393
RF1bCb10,local_flow,1,0.47025694074375934
RF1bCb10,onset,0,0.5281798395811454
RF1bCb10,onset,1,0.4976713392082553
RF1bCb10,pitch,0,0.5168960220682737
RF1bCb10,pitch,1,0.5106266261245729
RF1bCb10,speech,0,0.5142315287922009
RF1bCb10,speech,1,0.4955069329070144
RF1bCb10,volume,0,0.524017010960994
RF1bCb10,volume,1,0.501969635225646
RF1bCb10,word_gap,0,0.48813871257571806
RF1bCb10,word_gap,1,0.5066805785004203
RF1bCb10,word_head_pos,0,0.49507852418419485
RF1bCb10,word_head_pos,1,0.4862177779170977
RF1bCb10,word_index,0,0.4874260355029585
RF1bCb10,word_index,1,0.4826627218934912
RF1bCb10,word_length,0,0.5268173411491802
RF1bCb10,word_length,1,0.5050155167549607
RF1bCb10,word_part_speech,0,0.4916683197778219
RF1bCb10,word_part_speech,1,0.5165145804403888
LF1cCc12,delta_volume,0,0.5546586836358317
LF1cCc12,delta_volume,1,0.519968026080687
LF1cCc12,face_num,0,0.5149916930503746
LF1cCc12,face_num,1,0.5195814133308256
LF1cCc12,frame_brightness,0,0.47055473705108514
LF1cCc12,frame_brightness,1,0.4457331536106496
LF1cCc12,global_flow,0,0.49684962853829034
LF1cCc12,global_flow,1,0.530009508583848
LF1cCc12,gpt2_surprisal,0,0.5639217161426496
LF1cCc12,gpt2_surprisal,1,0.5183797791082829
LF1cCc12,local_flow,0,0.4964734647816683
LF1cCc12,local_flow,1,0.5227526827790142
LF1cCc12,onset,0,0.5109964537387942
LF1cCc12,onset,1,0.5057912119690121
LF1cCc12,pitch,0,0.5193776579626552
LF1cCc12,pitch,1,0.5113946271276762
LF1cCc12,speech,0,0.5018233493202929
LF1cCc12,speech,1,0.47878331922719247
LF1cCc12,volume,0,0.5078524184194853
LF1cCc12,volume,1,0.4831065901800362
LF1cCc12,word_gap,0,0.5022027070109846
LF1cCc12,word_gap,1,0.5177955540097963
LF1cCc12,word_head_pos,0,0.48102985277368526
LF1cCc12,word_head_pos,1,0.4948956668025036
LF1cCc12,word_index,0,0.47846153846153844
LF1cCc12,word_index,1,0.4780917159763314
LF1cCc12,word_length,0,0.5185208405170162
LF1cCc12,word_length,1,0.47588372360323083
LF1cCc12,word_part_speech,0,0.4904904780797461
LF1cCc12,word_part_speech,1,0.5020209283872248
RF1cCc12,delta_volume,0,0.5363886189565636
RF1cCc12,delta_volume,1,0.48650512523118394
RF1cCc12,face_num,0,0.49412244130278055
RF1cCc12,face_num,1,0.4804342601590337
RF1cCc12,frame_brightness,0,0.4683291014910713
RF1cCc12,frame_brightness,1,0.47782201184915835
RF1cCc12,global_flow,0,0.5154697344910818
RF1cCc12,global_flow,1,0.5085786234496307
RF1cCc12,gpt2_surprisal,0,0.5070635194299029
RF1cCc12,gpt2_surprisal,1,0.5198792096381514
RF1cCc12,local_flow,0,0.5281182408074983
RF1cCc12,local_flow,1,0.5290325277159545
RF1cCc12,onset,0,0.5248162184375144
RF1cCc12,onset,1,0.5145274949393484
RF1cCc12,pitch,0,0.4807059339832607
RF1cCc12,pitch,1,0.5063373143997576
RF1cCc12,speech,0,0.5354064135920504
RF1cCc12,speech,1,0.5201926794353364
RF1cCc12,volume,0,0.5008620419422588
RF1cCc12,volume,1,0.5075128261392015
RF1cCc12,word_gap,0,0.5218314349476857
RF1cCc12,word_gap,1,0.5314320493870098
RF1cCc12,word_head_pos,0,0.49425827821489404
RF1cCc12,word_head_pos,1,0.5008463684523996
RF1cCc12,word_index,0,0.49991124260355035
RF1cCc12,word_index,1,0.5165828402366864
RF1cCc12,word_length,0,0.5206681086277337
RF1cCc12,word_length,1,0.4589511300586189
RF1cCc12,word_part_speech,0,0.4872917079944456
RF1cCc12,word_part_speech,1,0.5032607617536203
LT2aA4,delta_volume,0,0.4991222845678819
LT2aA4,delta_volume,1,0.48957190474697765
LT2aA4,face_num,0,0.5049789452786224
LT2aA4,face_num,1,0.5051931496400321
LT2aA4,frame_brightness,0,0.5130873640324756
LT2aA4,frame_brightness,1,0.49938350939886944
LT2aA4,global_flow,0,0.48837549502105476
LT2aA4,global_flow,1,0.5015986959656437
LT2aA4,gpt2_surprisal,0,0.5074449076831448
LT2aA4,gpt2_surprisal,1,0.530845428043008
LT2aA4,local_flow,0,0.4939082369413707
LT2aA4,local_flow,1,0.5023510234788878
LT2aA4,onset,0,0.49730605908406006
LT2aA4,onset,1,0.5085155928953016
LT2aA4,pitch,0,0.48298381450947203
LT2aA4,pitch,1,0.524790236460717
LT2aA4,speech,0,0.4912959886314954
LT2aA4,speech,1,0.4895666802503579
LT2aA4,volume,0,0.5227317847925352
LT2aA4,volume,1,0.4958465251872982
LT2aA4,word_gap,0,0.4888705329971307
LT2aA4,word_gap,1,0.5143683157986262
LT2aA4,word_head_pos,0,0.4993730604056299
LT2aA4,word_head_pos,1,0.5079516838552606
LT2aA4,word_index,0,0.44363905325443787
LT2aA4,word_index,1,0.5049556213017752
LT2aA4,word_length,0,0.48128585310805305
LT2aA4,word_length,1,0.508845072777238
LT2aA4,word_part_speech,0,0.4683470541559214
LT2aA4,word_part_speech,1,0.5001115850029756
LT3Ha4,delta_volume,0,0.5161907150246073
LT3Ha4,delta_volume,1,0.4933596647962969
LT3Ha4,face_num,0,0.5055902113831332
LT3Ha4,face_num,1,0.5021524926073373
LT3Ha4,frame_brightness,0,0.5009195114050762
LT3Ha4,frame_brightness,1,0.4948172993532073
LT3Ha4,global_flow,0,0.4995454687940817
LT3Ha4,global_flow,1,0.4628015840673751
LT3Ha4,gpt2_surprisal,0,0.5072254788251152
LT3Ha4,gpt2_surprisal,1,0.5226429683499995
LT3Ha4,local_flow,0,0.4956479943157477
LT3Ha4,local_flow,1,0.478689278288037
LT3Ha4,onset,0,0.5128228543597706
LT3Ha4,onset,1,0.5395339634415476
LT3Ha4,pitch,0,0.4805648725745275
LT3Ha4,pitch,1,0.5433580974473109
LT3Ha4,speech,0,0.5011284912698661
LT3Ha4,speech,1,0.5098481761282301
LT3Ha4,volume,0,0.4718399632195438
LT3Ha4,volume,1,0.5034795147487539
LT3Ha4,word_gap,0,0.49904356142944095
LT3Ha4,word_gap,1,0.4777193287540214
LT3Ha4,word_head_pos,0,0.5019905332121251
LT3Ha4,word_head_pos,1,0.5315298371001954
LT3Ha4,word_index,0,0.46639053254437873
LT3Ha4,word_index,1,0.4795118343195266
LT3Ha4,word_length,0,0.5133799358431815
LT3Ha4,word_length,1,0.515589897913336
LT3Ha4,word_part_speech,0,0.47974112279309666
LT3Ha4,word_part_speech,1,0.501686173378298
LT1aIb3,delta_volume,0,0.534533922656552
LT1aIb3,delta_volume,1,0.5060499670856713
LT1aIb3,face_num,0,0.4925132963438973
LT1aIb3,face_num,1,0.48040291317931516
LT1aIb3,frame_brightness,0,0.5197747197057563
LT1aIb3,frame_brightness,1,0.4837309175260963
LT1aIb3,global_flow,0,0.5395755618946114
LT1aIb3,global_flow,1,0.5325590629342863
LT1aIb3,gpt2_surprisal,0,0.5109505449149974
LT1aIb3,gpt2_surprisal,1,0.5064679268152513
LT1aIb3,local_flow,0,0.5138605895321986
LT1aIb3,local_flow,1,0.5360281286898008
LT1aIb3,onset,0,0.4850159049054077
LT1aIb3,onset,1,0.5216732873689177
LT1aIb3,pitch,0,0.49123851916867806
LT1aIb3,pitch,1,0.5088764197569564
LT1aIb3,speech,0,0.46650052767415856
LT1aIb3,speech,1,0.5040280868938278
LT1aIb3,volume,0,0.48332863128637554
LT1aIb3,volume,1,0.48291067155679546
LT1aIb3,word_gap,0,0.48866765208822416
LT1aIb3,word_gap,1,0.5023113932121844
LT1aIb3,word_head_pos,0,0.5143516922144551
LT1aIb3,word_head_pos,1,0.4950732996875751
LT1aIb3,word_index,0,0.4948372781065089
LT1aIb3,word_index,1,0.4999260355029586
LT1aIb3,word_length,0,0.48724700375118857
LT1aIb3,word_length,1,0.4923565614453048
LT1aIb3,word_part_speech,0,0.5151507637373537
LT1aIb3,word_part_speech,1,0.5057404284864114
LF3aOFa6,delta_volume,0,0.4820016091449588
LF3aOFa6,delta_volume,1,0.5060604160789108
LF3aOFa6,face_num,0,0.4799379329801574
LF3aOFa6,face_num,1,0.4527444280743551
LF3aOFa6,frame_brightness,0,0.5243252562615592
LF3aOFa6,frame_brightness,1,0.5143255697313563
LF3aOFa6,global_flow,0,0.4954808104239157
LF3aOFa6,global_flow,1,0.5054491499744
LF3aOFa6,gpt2_surprisal,0,0.5001724083884518
LF3aOFa6,gpt2_surprisal,1,0.5118439338369749
LF3aOFa6,local_flow,0,0.4793998098283231
LF3aOFa6,local_flow,1,0.4875186775754156
LF3aOFa6,onset,0,0.46124986682495467
LF3aOFa6,onset,1,0.46423298783921585
LF3aOFa6,pitch,0,0.49003688494613545
LF3aOFa6,pitch,1,0.5143203452347367
LF3aOFa6,speech,0,0.5321515521979457
LF3aOFa6,speech,1,0.49446725807968406
LF3aOFa6,volume,0,0.48564830778554485
LF3aOFa6,volume,1,0.49985893859126673
LF3aOFa6,word_gap,0,0.46976349882618906
LF3aOFa6,word_gap,1,0.4518737501086862
LF3aOFa6,word_head_pos,0,0.5257672173286103
LF3aOFa6,word_head_pos,1,0.497800486923085
LF3aOFa6,word_index,0,0.47242603550295853
LF3aOFa6,word_index,1,0.5126775147928994
LF3aOFa6,word_length,0,0.5248686039100133
LF3aOFa6,word_length,1,0.5212271297660471
LF3aOFa6,word_part_speech,0,0.4561718904979171
LF3aOFa6,word_part_speech,1,0.46511108906962906
LF3bIa2,delta_volume,0,0.5141479368462849
LF3bIa2,delta_volume,1,0.48601402254892734
LF3bIa2,face_num,0,0.49363656311714366
LF3bIa2,face_num,1,0.5034690657555144
LF3bIa2,frame_brightness,0,0.5070269479535646
LF3bIa2,frame_brightness,1,0.5086099704293492
LF3bIa2,global_flow,0,0.505261068096089
LF3bIa2,global_flow,1,0.5282018327534141
LF3bIa2,gpt2_surprisal,0,0.48235165041848216
LF3bIa2,gpt2_surprisal,1,0.46541905687387025
LF3bIa2,local_flow,0,0.4474049925289698
LF3bIa2,local_flow,1,0.5051565781636939
LF3bIa2,onset,0,0.5085840829185881
LF3bIa2,onset,1,0.4587766159840494
LF3bIa2,pitch,0,0.47403425179983905
LF3bIa2,pitch,1,0.5018076758304337
LF3bIa2,speech,0,0.5129828741000804
LF3bIa2,speech,1,0.4755702538060458
LF3bIa2,volume,0,0.4879784332779537
LF3bIa2,volume,1,0.5012643281819796
LF3bIa2,word_gap,0,0.49509462945251137
LF3bIa2,word_gap,1,0.47181404515549374
LF3bIa2,word_head_pos,0,0.49341713425911415
LF3bIa2,word_head_pos,1,0.5134374053059987
LF3bIa2,word_index,0,0.48393491124260357
LF3bIa2,word_index,1,0.4856804733727811
LF3bIa2,word_length,0,0.5013479201278956
LF3bIa2,word_length,1,0.520850966009425
LF3bIa2,word_part_speech,0,0.5153863320769688
LF3bIa2,word_part_speech,1,0.5005951200158698
LT2bHb3,delta_volume,0,0.4897495376320491
LT2bHb3,delta_volume,1,0.4813198123360814
LT2bHb3,face_num,0,0.48343312121877063
LT2bHb3,face_num,1,0.46681399747134367
LT2bHb3,frame_brightness,0,0.4794416058012811
LT2bHb3,frame_brightness,1,0.4989812231591486
LT2bHb3,global_flow,0,0.4919699486954432
LT2bHb3,global_flow,1,0.5174654921998265
LT2bHb3,gpt2_surprisal,0,0.4986886513484426
LT2bHb3,gpt2_surprisal,1,0.5177789619970116
LT2bHb3,local_flow,0,0.4985998349059068
LT2bHb3,local_flow,1,0.5380029884120665
LT2bHb3,onset,0,0.49058642679938513
LT2bHb3,onset,1,0.507328432491667
LT2bHb3,pitch,0,0.48364732558018037
LT2bHb3,pitch,1,0.5136307116809296
LT2bHb3,speech,0,0.48747165710583784
LT2bHb3,speech,1,0.4951150956605331
LT2bHb3,volume,0,0.4774145011128178
LT2bHb3,volume,1,0.5250305633052256
LT2bHb3,word_gap,0,0.4833456511028027
LT2bHb3,word_gap,1,0.4744080224907979
LT2bHb3,word_head_pos,0,0.5148062234203734
LT2bHb3,word_head_pos,1,0.514544998589386
LT2bHb3,word_index,0,0.4704142011834319
LT2bHb3,word_index,1,0.48726331360946745
LT2bHb3,word_length,0,0.5253597065922698
LT2bHb3,word_length,1,0.5028264526712851
LT2bHb3,word_part_speech,0,0.48683296964887923
LT2bHb3,word_part_speech,1,0.5045625867883357
LT1cCd3,delta_volume,0,0.5326322058869628
LT1cCd3,delta_volume,1,0.4873410446903441
LT1cCd3,face_num,0,0.5230348055964807
LT1cCd3,face_num,1,0.471583962885176
LT1cCd3,frame_brightness,0,0.5011284912698661
LT1cCd3,frame_brightness,1,0.4902275790727564
LT1cCd3,global_flow,0,0.4978945278622404
LT1cCd3,global_flow,1,0.4809358118345297
LT1cCd3,gpt2_surprisal,0,0.5206524351378744
LT1cCd3,gpt2_surprisal,1,0.5338233911162659
LT1cCd3,local_flow,0,0.4959196681399747
LT1cCd3,local_flow,1,0.5274547297367899
LT1cCd3,onset,0,0.511940094059632
LT1cCd3,onset,1,0.5007914402690897
LT1cCd3,pitch,0,0.5238080310962039
LT1cCd3,pitch,1,0.5321306542114667
LT1cCd3,speech,0,0.5069956009738462
LT1cCd3,speech,1,0.49946187684816573
LT1cCd3,volume,0,0.5184006770947619
LT1cCd3,volume,1,0.4869701054303418
LT1cCd3,word_gap,0,0.5017607164594384
LT1cCd3,word_gap,1,0.46804625684723067
LT1cCd3,word_head_pos,0,0.5284787310742609
LT1cCd3,word_head_pos,1,0.5332382474948538
LT1cCd3,word_index,0,0.5107692307692308
LT1cCd3,word_index,1,0.5139497041420119
LT1cCd3,word_length,0,0.5156630408660126
LT1cCd3,word_length,1,0.5273815867841134
LT1cCd3,word_part_speech,0,0.47893523110493946
LT1cCd3,word_part_speech,1,0.49566058321761564
LT1cCd15,delta_volume,0,0.5058984566836986
LT1cCd15,delta_volume,1,0.4918184382934704
LT1cCd15,face_num,0,0.48105075076016424
LT1cCd15,face_num,1,0.46409203473245353
LT1cCd15,frame_brightness,0,0.4795356467404366
LT1cCd15,frame_brightness,1,0.47524633501562125
LT1cCd15,global_flow,0,0.50922123653386
LT1cCd15,global_flow,1,0.4731617608643407
LT1cCd15,gpt2_surprisal,0,0.49295476630826623
LT1cCd15,gpt2_surprisal,1,0.5242782357919815
LT1cCd15,local_flow,0,0.4994618768481657
LT1cCd15,local_flow,1,0.4781981756057804
LT1cCd15,onset,0,0.4518819536398643
LT1cCd15,onset,1,0.5040028613609728
LT1cCd15,pitch,0,0.45582688108000796
LT1cCd15,pitch,1,0.50775315298371
LT1cCd15,speech,0,0.5012852261684586
LT1cCd15,speech,1,0.4750739266271695
LT1cCd15,volume,0,0.4713279625508082
LT1cCd15,volume,1,0.5211174153370323
LT1cCd15,word_gap,0,0.4847839318320146
LT1cCd15,word_gap,1,0.5031881285685302
LT1cCd15,word_head_pos,0,0.49876179430111917
LT1cCd15,word_head_pos,1,0.5204695777561832
LT1cCd15,word_index,0,0.46781065088757395
LT1cCd15,word_index,1,0.48180473372781074
LT1cCd15,word_length,0,0.5035683311912896
LT1cCd15,word_length,1,0.5003030208039455
LT1cCd15,word_part_speech,0,0.5130554453481452
LT1cCd15,word_part_speech,1,0.5089887919063678
LF3cIc3,delta_volume,0,0.5300042840872282
LF3cIc3,delta_volume,1,0.490110027898812
LF3cIc3,face_num,0,0.49342758325235364
LF3cIc3,face_num,1,0.48455116349539723
LF3cIc3,frame_brightness,0,0.5031451469650899
LF3cIc3,frame_brightness,1,0.5202344754082944
LF3cIc3,global_flow,0,0.48598790006582865
LF3cIc3,global_flow,1,0.4488783005757395
LF3cIc3,gpt2_surprisal,0,0.5061335590315873
LF3cIc3,gpt2_surprisal,1,0.48205907860777614
LF3cIc3,local_flow,0,0.533572615278518
LF3cIc3,local_flow,1,0.5371043749934694
LF3cIc3,onset,0,0.510402873536977
LF3cIc3,onset,1,0.524298738261571
LF3cIc3,pitch,0,0.4712286971150329
LF3cIc3,pitch,1,0.5033071063603022
LF3cIc3,speech,0,0.4836525500768001
LF3cIc3,speech,1,0.4474520129985476
LF3cIc3,volume,0,0.4969645674639248
LF3cIc3,volume,1,0.4637524424521697
LF3cIc3,word_gap,0,0.508368837492392
LF3cIc3,word_gap,1,0.4686621453206967
LF3cIc3,word_head_pos,0,0.4885844748858448
LF3cIc3,word_head_pos,1,0.5096914412296376
LF3cIc3,word_index,0,0.5102514792899409
LF3cIc3,word_index,1,0.5215976331360948
LF3cIc3,word_length,0,0.5223921925122514
LF3cIc3,word_length,1,0.5031503714617096
LF3cIc3,word_part_speech,0,0.48858113469549697
LF3cIc3,word_part_speech,1,0.48990775639754014
LF1aCaOF5,delta_volume,0,0.5194716989018109
LF1aCaOF5,delta_volume,1,0.5003239187904246
LF1aCaOF5,face_num,0,0.46923816390290796
LF1aCaOF5,face_num,1,0.46027815220003554
LF1aCaOF5,frame_brightness,0,0.4848646332925823
LF1aCaOF5,frame_brightness,1,0.48221581350636866
LF1aCaOF5,global_flow,0,0.4940336248602447
LF1aCaOF5,global_flow,1,0.44829838145094714
LF1aCaOF5,gpt2_surprisal,0,0.48953533327063936
LF1aCaOF5,gpt2_surprisal,1,0.4844675715494812
LF1aCaOF5,local_flow,0,0.49792587484195894
LF1aCaOF5,local_flow,1,0.5203232918508303
LF1aCaOF5,onset,0,0.49368369785245725
LF1aCaOF5,onset,1,0.5041550614127209
LF1aCaOF5,pitch,0,0.516911695558133
LF1aCaOF5,pitch,1,0.541722830005329
LF1aCaOF5,speech,0,0.47341253670208877
LF1aCaOF5,speech,1,0.47523588602238176
LF1aCaOF5,volume,0,0.5045505365558028
LF1aCaOF5,volume,1,0.5188290858175816
LF1aCaOF5,word_gap,0,0.4970219980871229
LF1aCaOF5,word_gap,1,0.47884966524650024
LF1aCaOF5,word_head_pos,0,0.5150622237547411
LF1aCaOF5,word_head_pos,1,0.5264359528959385
LF1aCaOF5,word_index,0,0.5073372781065089
LF1aCaOF5,word_index,1,0.5212573964497041
LF1aCaOF5,word_length,0,0.5114729945769725
LF1aCaOF5,word_length,1,0.5008986134185971
LF1aCaOF5,word_part_speech,0,0.45307230708192825
LF1aCaOF5,word_part_speech,1,0.4917799047807974
RF1aCaOF1,delta_volume,0,0.5395729496463015
RF1aCaOF1,delta_volume,1,0.5229512136505647
RF1aCaOF1,face_num,0,0.4889188426695088
RF1aCaOF1,face_num,1,0.4816620168646751
RF1aCaOF1,frame_brightness,0,0.4879209638151364
RF1aCaOF1,frame_brightness,1,0.47820340010240014
RF1aCaOF1,global_flow,0,0.488746434281057
RF1aCaOF1,global_flow,1,0.4437687428816234
RF1aCaOF1,gpt2_surprisal,0,0.5141061408733268
RF1aCaOF1,gpt2_surprisal,1,0.48905990407824207
RF1aCaOF1,local_flow,0,0.5281600367804562
RF1aCaOF1,local_flow,1,0.46661024210317337
RF1aCaOF1,onset,0,0.5161408154878774
RF1aCaOF1,onset,1,0.5306987504375752
RF1aCaOF1,pitch,0,0.5308140810632895
RF1aCaOF1,pitch,1,0.49735118021378644
RF1aCaOF1,speech,0,0.5256261559198772
RF1aCaOF1,speech,1,0.4799222594902981
RF1aCaOF1,volume,0,0.5309551424720228
RF1aCaOF1,volume,1,0.5407876451103937
RF1aCaOF1,word_gap,0,0.5060139697997277
RF1aCaOF1,word_gap,1,0.4875880358229719
RF1aCaOF1,word_head_pos,0,0.4949322382788418
RF1aCaOF1,word_head_pos,1,0.4847967148365256
RF1aCaOF1,word_index,0,0.4795118343195266
RF1aCaOF1,word_index,1,0.5076331360946745
RF1aCaOF1,word_length,0,0.5115618110195084
RF1aCaOF1,word_length,1,0.5117446684011995
RF1aCaOF1,word_part_speech,0,0.516464987105733
RF1aCaOF1,word_part_speech,1,0.5264332473715533
RF1aCaOF13,delta_volume,0,0.554987826922876
RF1aCaOF13,delta_volume,1,0.5295340793914506
RF1aCaOF13,face_num,0,0.5292833035537027
RF1aCaOF13,face_num,1,0.5217234569449234
RF1aCaOF13,frame_brightness,0,0.4761449484342184
RF1aCaOF13,frame_brightness,1,0.44866932071094945
RF1aCaOF13,global_flow,0,0.49231998996896653
RF1aCaOF13,global_flow,1,0.4628590535301924
RF1aCaOF13,gpt2_surprisal,0,0.5032026164279072
RF1aCaOF13,gpt2_surprisal,1,0.5116976479316218
RF1aCaOF13,local_flow,0,0.5053655580284839
RF1aCaOF13,local_flow,1,0.43960481907568205
RF1aCaOF13,onset,0,0.5092765931540417
RF1aCaOF13,onset,1,0.5280809095475092
RF1aCaOF13,pitch,0,0.5221048451981651
RF1aCaOF13,pitch,1,0.5372663343886817
RF1aCaOF13,speech,0,0.5251664002173391
RF1aCaOF13,speech,1,0.4972675882678704
RF1aCaOF13,volume,0,0.5389956427698191
RF1aCaOF13,volume,1,0.5086465419056874
RF1aCaOF13,word_gap,0,0.5065646465524737
RF1aCaOF13,word_gap,1,0.48080601686809843
RF1aCaOF13,word_head_pos,0,0.494258278214894
RF1aCaOF13,word_head_pos,1,0.5204852512460424
RF1aCaOF13,word_index,0,0.47282544378698227
RF1aCaOF13,word_index,1,0.4984319526627219
RF1aCaOF13,word_length,0,0.554862439004002
RF1aCaOF13,word_length,1,0.4954024429746194
RF1aCaOF13,word_part_speech,0,0.46775193414005156
RF1aCaOF13,word_part_speech,1,0.5236808172981552
LF1bCb9,delta_volume,0,0.5119849952457081
LF1bCb9,delta_volume,1,0.5083382966051222
LF1bCb9,face_num,0,0.47859523734888143
LF1bCb9,face_num,1,0.49626970941349796
LF1bCb9,frame_brightness,0,0.4939343594244694
LF1bCb9,frame_brightness,1,0.4565321881236743
LF1bCb9,global_flow,0,0.5118073623606365
LF1bCb9,global_flow,1,0.46068827518468597
LF1bCb9,gpt2_surprisal,0,0.4994618768481657
LF1bCb9,gpt2_surprisal,1,0.5082390311693468
LF1bCb9,local_flow,0,0.5362266595613513
LF1bCb9,local_flow,1,0.4877433309300649
LF1bCb9,onset,0,0.4964385187890964
LF1bCb9,onset,1,0.5059205820129979
LF1bCb9,pitch,0,0.5398733582019373
LF1bCb9,pitch,1,0.5127477717521917
LF1bCb9,speech,0,0.47950429976071807
LF1bCb9,speech,1,0.46509513808344566
LF1bCb9,volume,0,0.49626448491687825
LF1bCb9,volume,1,0.515004754291924
LF1bCb9,word_gap,0,0.536793901979538
LF1bCb9,word_gap,1,0.5084811465669652
LF1bCb9,word_head_pos,0,0.47010543034178653
LF1bCb9,word_head_pos,1,0.46941579678797946
LF1bCb9,word_index,0,0.478801775147929
LF1bCb9,word_index,1,0.496198224852071
LF1bCb9,word_length,0,0.5298318756987763
LF1bCb9,word_length,1,0.5114520965904935
LF1bCb9,word_part_speech,0,0.4875892680023805
LF1bCb9,word_part_speech,1,0.5151755604046816
LF1cCc1,delta_volume,0,0.541242176316312
LF1cCc1,delta_volume,1,0.5028160036780456
LF1cCc1,face_num,0,0.5110184633710542
LF1cCc1,face_num,1,0.522820601235071
LF1cCc1,frame_brightness,0,0.4735588226074418
LF1cCc1,frame_brightness,1,0.4701681243012236
LF1cCc1,global_flow,0,0.4891225980376791
LF1cCc1,global_flow,1,0.48355850913764464
LF1cCc1,gpt2_surprisal,0,0.516744511666301
LF1cCc1,gpt2_surprisal,1,0.48683426851822825
LF1cCc1,local_flow,0,0.5075546221121595
LF1cCc1,local_flow,1,0.4699225729600953
LF1cCc1,onset,0,0.512510844253687
LF1cCc1,onset,1,0.5207220370454927
LF1cCc1,pitch,0,0.5291213441584903
LF1cCc1,pitch,1,0.49754971108533697
LF1cCc1,speech,0,0.5131657314817718
LF1cCc1,speech,1,0.4690553065212167
LF1cCc1,volume,0,0.5002246533546493
LF1cCc1,volume,1,0.5074083362068065
LF1cCc1,word_gap,0,0.497913224936962
LF1cCc1,word_gap,1,0.5211285975132598
LF1cCc1,word_head_pos,0,0.4863588393258309
LF1cCc1,word_head_pos,1,0.4914057030605101
LF1cCc1,word_index,0,0.45541420118343195
LF1cCc1,word_index,1,0.4922633136094674
LF1cCc1,word_length,0,0.5105952791448545
LF1cCc1,word_length,1,0.5022256355600138
LF1cCc1,word_part_speech,0,0.5235692322951795
LF1cCc1,word_part_speech,1,0.521207349732196
RF1cCc1,delta_volume,0,0.5590577097896617
RF1cCc1,delta_volume,1,0.5253962780686081
RF1cCc1,face_num,0,0.511044585854153
RF1cCc1,face_num,1,0.4984953449735118
RF1cCc1,frame_brightness,0,0.4950524017010961
RF1cCc1,frame_brightness,1,0.4687157142409329
RF1cCc1,global_flow,0,0.5075441731189201
RF1cCc1,global_flow,1,0.5145972435555835
RF1cCc1,gpt2_surprisal,0,0.540171154509263
RF1cCc1,gpt2_surprisal,1,0.48931590441260986
RF1cCc1,local_flow,0,0.49056978360135
RF1cCc1,local_flow,1,0.4793841363384638
RF1cCc1,onset,0,0.5503477771182441
RF1cCc1,onset,1,0.5352038719693164
RF1cCc1,pitch,0,0.5191686780978653
RF1cCc1,pitch,1,0.521248027752526
RF1cCc1,speech,0,0.5092943794865366
RF1cCc1,speech,1,0.4731304138846223
RF1cCc1,volume,0,0.5190276166891319
RF1cCc1,volume,1,0.5160810005955926
RF1cCc1,word_gap,0,0.4951743326667246
RF1cCc1,word_gap,1,0.5270048981248008
RF1cCc1,word_head_pos,0,0.5008515929490194
RF1cCc1,word_head_pos,1,0.4957733822346217
RF1cCc1,word_index,0,0.49948224852071005
RF1cCc1,word_index,1,0.5424408284023668
RF1cCc1,word_length,0,0.47441041555646113
RF1cCc1,word_length,1,0.4981244057135096
RF1cCc1,word_part_speech,0,0.5046617734576473
RF1cCc1,word_part_speech,1,0.5287889307677048
LT2aA5,delta_volume,0,0.5086883378786453
LT2aA5,delta_volume,1,0.48634839033259153
LT2aA5,face_num,0,0.4885426789128867
LT2aA5,face_num,1,0.4856483077855449
LT2aA5,frame_brightness,0,0.5182857381691274
LT2aA5,frame_brightness,1,0.5014680835501499
LT2aA5,global_flow,0,0.48840161750415345
LT2aA5,global_flow,1,0.48703279938977884
LT2aA5,gpt2_surprisal,0,0.5004022862397208
LT2aA5,gpt2_surprisal,1,0.5223033760697157
LT2aA5,local_flow,0,0.49712130236251734
LT2aA5,local_flow,1,0.5125649143705004
LT2aA5,onset,0,0.5194739966211588
LT2aA5,onset,1,0.5346255117726739
LT2aA5,pitch,0,0.4936731345934819
LT2aA5,pitch,1,0.518797738837863
LT2aA5,speech,0,0.4911183557464239
LT2aA5,speech,1,0.5003552657701431
LT2aA5,volume,0,0.5037459640763612
LT2aA5,volume,1,0.5155533264369978
LT2aA5,word_gap,0,0.5013549546416254
LT2aA5,word_gap,1,0.5090209546995914
LT2aA5,word_head_pos,0,0.5117603418910588
LT2aA5,word_head_pos,1,0.5139232834916356
LT2aA5,word_index,0,0.47375739644970416
LT2aA5,word_index,1,0.49526627218934915
LT2aA5,word_length,0,0.4820747520976354
LT2aA5,word_length,1,0.4995454687940817
LT2aA5,word_part_speech,0,0.4674295774647887
LT2aA5,word_part_speech,1,0.4833614362229717
LT3Ha5,delta_volume,0,0.5287922008714461
LT3Ha5,delta_volume,1,0.4824456913576377
LT3Ha5,face_num,0,0.5027585342152283
LT3Ha5,face_num,1,0.49892375369633135
LT3Ha5,frame_brightness,0,0.4876022695213316
LT3Ha5,frame_brightness,1,0.4745149054888561
LT3Ha5,global_flow,0,0.4918341117833297
LT3Ha5,global_flow,1,0.5071993563420164
LT3Ha5,gpt2_surprisal,0,0.5041378013228426
LT3Ha5,gpt2_surprisal,1,0.5274495052401701
LT3Ha5,local_flow,0,0.49089892688839426
LT3Ha5,local_flow,1,0.4985789369194279
LT3Ha5,onset,0,0.4897341065095962
LT3Ha5,onset,1,0.4945360181422462
LT3Ha5,pitch,0,0.4937070938215103
LT3Ha5,pitch,1,0.5433633219439307
LT3Ha5,speech,0,0.5141165898665664
LT3Ha5,speech,1,0.49594056612645376
LT3Ha5,volume,0,0.48692830945738375
LT3Ha5,volume,1,0.5245290116297295
LT3Ha5,word_gap,0,0.48952265020433006
LT3Ha5,word_gap,1,0.4806031359591919
LT3Ha5,word_head_pos,0,0.5122514445733154
LT3Ha5,word_head_pos,1,0.5165198583116517
LT3Ha5,word_index,0,0.4728994082840237
LT3Ha5,word_index,1,0.4938757396449704
LT3Ha5,word_length,0,0.5068388660752536
LT3Ha5,word_length,1,0.5254015025652279
LT3Ha5,word_part_speech,0,0.5056164451497719
LT3Ha5,word_part_speech,1,0.5349137075976989
LT1aIb4,delta_volume,0,0.48998463997993796
LT1aIb4,delta_volume,1,0.4802879742536807
LT1aIb4,face_num,0,0.48812994367992646
LT1aIb4,face_num,1,0.48157842491875913
LT1aIb4,frame_brightness,0,0.4969541184706853
LT1aIb4,frame_brightness,1,0.4867924725452703
LT1aIb4,global_flow,0,0.5008045724794417
LT1aIb4,global_flow,1,0.4807529544528385
LT1aIb4,gpt2_surprisal,0,0.5066925801699006
LT1aIb4,gpt2_surprisal,1,0.5224392129818292
LT1aIb4,local_flow,0,0.5220108042590097
LT1aIb4,local_flow,1,0.4954808104239156
LT1aIb4,onset,0,0.5247020683987033
LT1aIb4,onset,1,0.5049008416662861
LT1aIb4,pitch,0,0.5122880160496536
LT1aIb4,pitch,1,0.5132597724209272
LT1aIb4,speech,0,0.5162586334806643
LT1aIb4,speech,1,0.4578957817414292
LT1aIb4,volume,0,0.48737239167006263
LT1aIb4,volume,1,0.49304619499911184
LT1aIb4,word_gap,0,0.48769672202417175
LT1aIb4,word_gap,1,0.5061733762281541
LT1aIb4,word_head_pos,0,0.5171050019330639
LT1aIb4,word_head_pos,1,0.5244819911601517
LT1aIb4,word_index,0,0.46853550295857993
LT1aIb4,word_index,1,0.4861094674556213
LT1aIb4,word_length,0,0.4934014607692549
LT1aIb4,word_length,1,0.4732975977764542
LT1aIb4,word_part_speech,0,0.4599533822654235
LT1aIb4,word_part_speech,1,0.4958837532235667
LF3aOFa7,delta_volume,0,0.47909156452775775
LF3aOFa7,delta_volume,1,0.4973929761867444
LF3aOFa7,face_num,0,0.5005694701315528
LF3aOFa7,face_num,1,0.4672789776705014
LF3aOFa7,frame_brightness,0,0.5256209314232574
LF3aOFa7,frame_brightness,1,0.5158981432139014
LF3aOFa7,global_flow,0,0.4901831708514885
LF3aOFa7,global_flow,1,0.4991066110780226
LF3aOFa7,gpt2_surprisal,0,0.5027480852219888
LF3aOFa7,gpt2_surprisal,1,0.4982236711492848
LF3aOFa7,local_flow,0,0.45920713039298666
LF3aOFa7,local_flow,1,0.4825501812900327
LF3aOFa7,onset,0,0.49360759782658326
LF3aOFa7,onset,1,0.48852411609819946
LF3aOFa7,pitch,0,0.4995559177873212
LF3aOFa7,pitch,1,0.5501708410394658
LF3aOFa7,speech,0,0.5357982508385317
LF3aOFa7,speech,1,0.5082390311693468
LF3aOFa7,volume,0,0.49970220369267415
LF3aOFa7,volume,1,0.5086883378786454
LF3aOFa7,word_gap,0,0.47737153291018175
LF3aOFa7,word_gap,1,0.4677491812306176
LF3aOFa7,word_head_pos,0,0.49428440069799273
LF3aOFa7,word_head_pos,1,0.4909563963512115
LF3aOFa7,word_index,0,0.44928994082840235
LF3aOFa7,word_index,1,0.4912573964497042
LF3aOFa7,word_length,0,0.5158302247578446
LF3aOFa7,word_length,1,0.5270994639666469
LF3aOFa7,word_part_speech,0,0.48303907954770875
LF3aOFa7,word_part_speech,1,0.4885439396945051
LF3bIa3,delta_volume,0,0.494279176201373
LF3bIa3,delta_volume,1,0.49294170506671675
LF3bIa3,face_num,0,0.4890128836086643
LF3bIa3,face_num,1,0.4889815366289458
LF3bIa3,frame_brightness,0,0.490611579574308
LF3bIa3,frame_brightness,1,0.4912437436652979
LF3bIa3,global_flow,0,0.5018390228101522
LF3bIa3,global_flow,1,0.4830569574621485
LF3bIa3,gpt2_surprisal,0,0.4775033175553536
LF3bIa3,gpt2_surprisal,1,0.49783705839942327
LF3bIa3,local_flow,0,0.48094103633114954
LF3bIa3,local_flow,1,0.5002194288580296
LF3bIa3,onset,0,0.4725659406724198
LF3bIa3,onset,1,0.5101669634567676
LF3bIa3,pitch,0,0.5029779630732579
LF3bIa3,pitch,1,0.5195866378274454
LF3bIa3,speech,0,0.509618298276961
LF3bIa3,speech,1,0.4710406152367219
LF3bIa3,volume,0,0.4765629081637984
LF3bIa3,volume,1,0.48985925206106395
LF3bIa3,word_gap,0,0.5139553082340665
LF3bIa3,word_gap,1,0.49873199431933457
LF3bIa3,word_head_pos,0,0.48390855041116787
LF3bIa3,word_head_pos,1,0.506368661379476
LF3bIa3,word_index,0,0.47630177514792893
LF3bIa3,word_index,1,0.4970118343195266
LF3bIa3,word_length,0,0.5043938016572103
LF3bIa3,word_length,1,0.4999843265101408
LF3bIa3,word_part_speech,0,0.4847376512596707
LF3bIa3,word_part_speech,1,0.4743106526482841
LT2bHb4,delta_volume,0,0.4891539450173976
LT2bHb4,delta_volume,1,0.47455670146181417
LT2bHb4,face_num,0,0.49249239835741826
LT2bHb4,face_num,1,0.4628277065504739
LT2bHb4,frame_brightness,0,0.503792984545939
LT2bHb4,frame_brightness,1,0.47458282394491286
LT2bHb4,global_flow,0,0.4813224245843913
LT2bHb4,global_flow,1,0.48471834738722924
LT2bHb4,gpt2_surprisal,0,0.5086674398921665
LT2bHb4,gpt2_surprisal,1,0.5420676467822326
LT2bHb4,local_flow,0,0.5041169033363635
LT2bHb4,local_flow,1,0.5155742244234768
LT2bHb4,onset,0,0.48138973867251117
LT2bHb4,onset,1,0.5143829048901878
LT2bHb4,pitch,0,0.49329174634024014
LT2bHb4,pitch,1,0.5239490925049372
LT2bHb4,speech,0,0.49698546545040384
LT2bHb4,speech,1,0.4970847308861791
LT2bHb4,volume,0,0.48031932123339915
LT2bHb4,volume,1,0.5050155167549606
LT2bHb4,word_gap,0,0.47387908297829173
LT2bHb4,word_gap,1,0.48326957076196275
LT2bHb4,word_head_pos,0,0.5119954442389476
LT2bHb4,word_head_pos,1,0.524455868677053
LT2bHb4,word_index,0,0.47735207100591714
LT2bHb4,word_index,1,0.508180473372781
LT2bHb4,word_length,0,0.5130664660459965
LT2bHb4,word_length,1,0.5144196106705119
LT2bHb4,word_part_speech,0,0.4806462011505654
LT2bHb4,word_part_speech,1,0.5075009918666932
LT1cCd4,delta_volume,0,0.52849962906074
LT1cCd4,delta_volume,1,0.49145794802670767
LT1cCd4,face_num,0,0.5270158720207309
LT1cCd4,face_num,1,0.4686477957848761
LT1cCd4,frame_brightness,0,0.5043624546774919
LT1cCd4,frame_brightness,1,0.5003813882532417
LT1cCd4,global_flow,0,0.48472357188384896
LT1cCd4,global_flow,1,0.4395943700824426
LT1cCd4,gpt2_surprisal,0,0.5161750415347481
LT1cCd4,gpt2_surprisal,1,0.519361984472796
LT1cCd4,local_flow,0,0.49112880473966336
LT1cCd4,local_flow,1,0.5127582207454312
LT1cCd4,onset,0,0.5244052782977946
LT1cCd4,onset,1,0.5109660137284447
LT1cCd4,pitch,0,0.5096757677397783
LT1cCd4,pitch,1,0.5377260900912196
LT1cCd4,speech,0,0.4927692966782651
LT1cCd4,speech,1,0.5000104489932394
LT1cCd4,volume,0,0.5022674315329718
LT1cCd4,volume,1,0.4878843923387982
LT1cCd4,word_gap,0,0.48237109816537693
LT1cCd4,word_gap,1,0.4713503173637075
LT1cCd4,word_head_pos,0,0.5024764113977619
LT1cCd4,word_head_pos,1,0.5285518740269375
LT1cCd4,word_index,0,0.4987573964497041
LT1cCd4,word_index,1,0.517707100591716
LT1cCd4,word_length,0,0.5181916972299719
LT1cCd4,word_length,1,0.5271151374565061
LT1cCd4,word_part_speech,0,0.48023705613965484
LT1cCd4,word_part_speech,1,0.4941851815116048
LT1cCd16,delta_volume,0,0.5273868112807332
LT1cCd16,delta_volume,1,0.4843421836306072
LT1cCd16,face_num,0,0.4840234893368024
LT1cCd16,face_num,1,0.48051262760832997
LT1cCd16,frame_brightness,0,0.5230766015694388
LT1cCd16,frame_brightness,1,0.4917609688306532
LT1cCd16,global_flow,0,0.46170966427384724
LT1cCd16,global_flow,1,0.4136495198687606
LT1cCd16,gpt2_surprisal,0,0.49211623460079623
LT1cCd16,gpt2_surprisal,1,0.5162743069705233
LT1cCd16,local_flow,0,0.49304619499911184
LT1cCd16,local_flow,1,0.4673573451197977
LT1cCd16,onset,0,0.48750437575148775
LT1cCd16,onset,1,0.5259881588359739
LT1cCd16,pitch,0,0.5146233660386821
LT1cCd16,pitch,1,0.537386497810936
LT1cCd16,speech,0,0.515213734156714
LT1cCd16,speech,1,0.5149316113392475
LT1cCd16,volume,0,0.4881456171697856
LT1cCd16,volume,1,0.511671525448523
LT1cCd16,word_gap,0,0.48741413790105215
LT1cCd16,word_gap,1,0.5067385444743935
LT1cCd16,word_head_pos,0,0.5007680010031034
LT1cCd16,word_head_pos,1,0.5031555959583294
LT1cCd16,word_index,0,0.49695266272189353
LT1cCd16,word_index,1,0.4982396449704142
LT1cCd16,word_length,0,0.5087928278110405
LT1cCd16,word_length,1,0.5319216743466767
LT1cCd16,word_part_speech,0,0.4610816306288435
LT1cCd16,word_part_speech,1,0.5074142035310455
LF3cIc4,delta_volume,0,0.5283219961756684
LF3cIc4,delta_volume,1,0.4891905164937358
LF3cIc4,face_num,0,0.5101825439118941
LF3cIc4,face_num,1,0.4669393853902177
LF3cIc4,frame_brightness,0,0.511608831489086
LF3cIc4,frame_brightness,1,0.5091742160642821
LF3cIc4,global_flow,0,0.4691441229637524
LF3cIc4,global_flow,1,0.46208582803046927
LF3cIc4,gpt2_surprisal,0,0.5135000992654357
LF3cIc4,gpt2_surprisal,1,0.4873305956971046
LF3cIc4,local_flow,0,0.4823307524320032
LF3cIc4,local_flow,1,0.47923785043311073
LF3cIc4,onset,0,0.5117878940078839
LF3cIc4,onset,1,0.5247553384168151
LF3cIc4,pitch,0,0.5082390311693469
LF3cIc4,pitch,1,0.48750822858217613
LF3cIc4,speech,0,0.4958465251872982
LF3cIc4,speech,1,0.49245582688108
LF3cIc4,volume,0,0.486839493014848
LF3cIc4,volume,1,0.4790288705683208
LF3cIc4,word_gap,0,0.47507463119149057
LF3cIc4,word_gap,1,0.4844071530011883
LF3cIc4,word_head_pos,0,0.5052976395724272
LF3cIc4,word_head_pos,1,0.49575770874476244
LF3cIc4,word_index,0,0.48994082840236686
LF3cIc4,word_index,1,0.5228698224852071
LF3cIc4,word_length,0,0.46827424427656394
LF3cIc4,word_length,1,0.4886471688452818
LF3cIc4,word_part_speech,0,0.4864858163062885
LF3cIc4,word_part_speech,1,0.5010042650267804
LF1aCaOF6,delta_volume,0,0.5218436203671776
LF1aCaOF6,delta_volume,1,0.503730290586502
LF1aCaOF6,face_num,0,0.4819441396821416
LF1aCaOF6,face_num,1,0.4679424887412098
LF1aCaOF6,frame_brightness,0,0.49416423727573855
LF1aCaOF6,frame_brightness,1,0.48633794133935193
LF1aCaOF6,global_flow,0,0.48748210609907733
LF1aCaOF6,global_flow,1,0.44971422003489964
LF1aCaOF6,gpt2_surprisal,0,0.4948643198227851
LF1aCaOF6,gpt2_surprisal,1,0.48420112222187395
LF1aCaOF6,local_flow,0,0.506180579501165
LF1aCaOF6,local_flow,1,0.5210651703708349
LF1aCaOF6,onset,0,0.5014078504786692
LF1aCaOF6,onset,1,0.5024199808227935
LF1aCaOF6,pitch,0,0.4852773685255425
LF1aCaOF6,pitch,1,0.5292467320773643
LF1aCaOF6,speech,0,0.4864267577818877
LF1aCaOF6,speech,1,0.4671640387448669
LF1aCaOF6,volume,0,0.5058827831938393
LF1aCaOF6,volume,1,0.4994827748346446
LF1aCaOF6,word_gap,0,0.5087890908036983
LF1aCaOF6,word_gap,1,0.47758165956583487
LF1aCaOF6,word_head_pos,0,0.5048535573597484
LF1aCaOF6,word_head_pos,1,0.5145188761062871
LF1aCaOF6,word_index,0,0.4857100591715976
LF1aCaOF6,word_index,1,0.5284171597633137
LF1aCaOF6,word_length,0,0.5078027857015976
LF1aCaOF6,word_length,1,0.5069224580211696
LF1aCaOF6,word_part_speech,0,0.44372396349930565
LF1aCaOF6,word_part_speech,1,0.5022564967268399
RF1aCaOF2,delta_volume,0,0.5422034836943461
RF1aCaOF2,delta_volume,1,0.5362371085545907
RF1aCaOF2,face_num,0,0.49243492889460105
RF1aCaOF2,face_num,1,0.4791594829838145
RF1aCaOF2,frame_brightness,0,0.48868896481823976
RF1aCaOF2,frame_brightness,1,0.4440299677126109
RF1aCaOF2,global_flow,0,0.526529993835094
RF1aCaOF2,global_flow,1,0.4737887004587108
RF1aCaOF2,gpt2_surprisal,0,0.5201143119860401
RF1aCaOF2,gpt2_surprisal,1,0.5239543170015568
RF1aCaOF2,local_flow,0,0.49886105973689443
RF1aCaOF2,local_flow,1,0.46066476494989705
RF1aCaOF2,onset,0,0.5084318828668402
RF1aCaOF2,onset,1,0.5154559152550111
RF1aCaOF2,pitch,0,0.5214099871477383
RF1aCaOF2,pitch,1,0.5091376445879439
RF1aCaOF2,speech,0,0.4941067678129213
RF1aCaOF2,speech,1,0.46911800048065366
RF1aCaOF2,volume,0,0.5243252562615592
RF1aCaOF2,volume,1,0.518735044878426
RF1aCaOF2,word_gap,0,0.49548589977683105
RF1aCaOF2,word_gap,1,0.47460365765295776
RF1aCaOF2,word_head_pos,0,0.4700479608789693
RF1aCaOF2,word_head_pos,1,0.4937619510360177
RF1aCaOF2,word_index,0,0.4872485207100592
RF1aCaOF2,word_index,1,0.5259763313609467
RF1aCaOF2,word_length,0,0.5202396999049141
RF1aCaOF2,word_length,1,0.5064731513118711
RF1aCaOF2,word_part_speech,0,0.5031987700853006
RF1aCaOF2,word_part_speech,1,0.5339652350724063
RF1aCaOF14,delta_volume,0,0.5511634953972184
RF1aCaOF14,delta_volume,1,0.5171363489127823
RF1aCaOF14,face_num,0,0.522987785126903
RF1aCaOF14,face_num,1,0.507272499294693
RF1aCaOF14,frame_brightness,0,0.5078106224465273
RF1aCaOF14,frame_brightness,1,0.43909543065525636
RF1aCaOF14,global_flow,0,0.4875500245551341
RF1aCaOF14,global_flow,1,0.4705808595341839
RF1aCaOF14,gpt2_surprisal,0,0.5275696686624244
RF1aCaOF14,gpt2_surprisal,1,0.5190223921925123
RF1aCaOF14,local_flow,0,0.4894621903179629
RF1aCaOF14,local_flow,1,0.4434291506013396
RF1aCaOF14,onset,0,0.484795214830373
RF1aCaOF14,onset,1,0.5528362479643243
RF1aCaOF14,pitch,0,0.527324117321296
RF1aCaOF14,pitch,1,0.5502126370124238
RF1aCaOF14,speech,0,0.5207308025871706
RF1aCaOF14,speech,1,0.5130037720865595
RF1aCaOF14,volume,0,0.5231445200254956
RF1aCaOF14,volume,1,0.49138480507403104
RF1aCaOF14,word_gap,0,0.5053908355795148
RF1aCaOF14,word_gap,1,0.5057603686635945
RF1aCaOF14,word_head_pos,0,0.4937932980157361
RF1aCaOF14,word_head_pos,1,0.5073038462744115
RF1aCaOF14,word_index,0,0.4764940828402367
RF1aCaOF14,word_index,1,0.5209171597633135
RF1aCaOF14,word_length,0,0.5566910128209147
RF1aCaOF14,word_length,1,0.5004493067092985
RF1aCaOF14,word_part_speech,0,0.498313826621702
RF1aCaOF14,word_part_speech,1,0.5131422336837929
LF1bCb10,delta_volume,0,0.5045244140727041
LF1bCb10,delta_volume,1,0.5024659624045223
LF1bCb10,face_num,0,0.4891278225342988
LF1bCb10,face_num,1,0.5163004294536222
LF1bCb10,frame_brightness,0,0.4820329561246774
LF1bCb10,frame_brightness,1,0.47889825815282705
LF1bCb10,global_flow,0,0.49474938089715054
LF1bCb10,global_flow,1,0.49795722182167745
LF1bCb10,gpt2_surprisal,0,0.5028734731408628
LF1bCb10,gpt2_surprisal,1,0.5007836744929626
LF1bCb10,local_flow,0,0.5585352601276867
LF1bCb10,local_flow,1,0.5231288465356363
LF1bCb10,onset,0,0.4821164939196079
LF1bCb10,onset,1,0.5008751502975511
LF1bCb10,pitch,0,0.5215980690260493
LF1bCb10,pitch,1,0.517016185490528
LF1bCb10,speech,0,0.5083957660679393
LF1bCb10,speech,1,0.5088607462670971
LF1bCb10,volume,0,0.5318642048838594
LF1bCb10,volume,1,0.5440372820078785
LF1bCb10,word_gap,0,0.501746224965945
LF1bCb10,word_gap,1,0.48237109816537693
LF1bCb10,word_head_pos,0,0.4770069903764772
LF1bCb10,word_head_pos,1,0.47976030009508586
LF1bCb10,word_index,0,0.4763905325443787
LF1bCb10,word_index,1,0.49400887573964497
LF1bCb10,word_length,0,0.5341838813830287
LF1bCb10,word_length,1,0.5031921674346677
LF1bCb10,word_part_speech,0,0.4852955762745487
LF1bCb10,word_part_speech,1,0.5170477087879389
LF1cCc2,delta_volume,0,0.5667951892835125
LF1cCc2,delta_volume,1,0.5149316113392475
LF1cCc2,face_num,0,0.5033175553535416
LF1cCc2,face_num,1,0.5228049277452118
LF1cCc2,frame_brightness,0,0.48176128230045034
LF1cCc2,frame_brightness,1,0.42540986175981943
LF1cCc2,global_flow,0,0.5122044241037376
LF1cCc2,global_flow,1,0.5389120508239031
LF1cCc2,gpt2_surprisal,0,0.5272770968517183
LF1cCc2,gpt2_surprisal,1,0.49772734397040846
LF1cCc2,local_flow,0,0.5154488365046027
LF1cCc2,local_flow,1,0.49306186848897116
LF1cCc2,onset,0,0.554046238375721
LF1cCc2,onset,1,0.5420300442902151
LF1cCc2,pitch,0,0.5164258173724963
LF1cCc2,pitch,1,0.5216555384888666
LF1cCc2,speech,0,0.5390792347157352
LF1cCc2,speech,1,0.5027271872355098
LF1cCc2,volume,0,0.5323918790424542
LF1cCc2,volume,1,0.5235624797550756
LF1cCc2,word_gap,0,0.5054198185665014
LF1cCc2,word_gap,1,0.5177448337825697
LF1cCc2,word_head_pos,0,0.5067187026529993
LF1cCc2,word_head_pos,1,0.5119693217558489
LF1cCc2,word_index,0,0.4376775147928994
LF1cCc2,word_index,1,0.5034023668639053
LF1cCc2,word_length,0,0.5318537558906199
LF1cCc2,word_length,1,0.4910452127937473
LF1cCc2,word_part_speech,0,0.5068314818488395
LF1cCc2,word_part_speech,1,0.5377653243404087
RF1cCc2,delta_volume,0,0.5477466746079015
RF1cCc2,delta_volume,1,0.4980564872574528
RF1cCc2,face_num,0,0.516890797571654
RF1cCc2,face_num,1,0.5078315204330063
RF1cCc2,frame_brightness,0,0.4930200725160131
RF1cCc2,frame_brightness,1,0.4398869418931486
RF1cCc2,global_flow,0,0.49943052986844716
RF1cCc2,global_flow,1,0.48234642592186244
RF1cCc2,gpt2_surprisal,0,0.5347272290314828
RF1cCc2,gpt2_surprisal,1,0.5193985559491343
RF1cCc2,local_flow,0,0.5106161771313334
RF1cCc2,local_flow,1,0.49819754866618593
RF1cCc2,onset,0,0.5587948799902592
RF1cCc2,onset,1,0.549092126691323
RF1cCc2,pitch,0,0.492142357083895
RF1cCc2,pitch,1,0.5282122817466537
RF1cCc2,speech,0,0.5280137508751032
RF1cCc2,speech,1,0.46879930618684884
RF1cCc2,volume,0,0.542898341744773
RF1cCc2,volume,1,0.49990073456422474
RF1cCc2,word_gap,0,0.5112453989508159
RF1cCc2,word_gap,1,0.4938338695185926
RF1cCc2,word_head_pos,0,0.505929803663417
RF1cCc2,word_head_pos,1,0.5143621412076946
RF1cCc2,word_index,0,0.49653846153846154
RF1cCc2,word_index,1,0.5099260355029586
RF1cCc2,word_length,0,0.5295288548948309
RF1cCc2,word_length,1,0.4856326342956856
RF1cCc2,word_part_speech,0,0.51727087879389
RF1cCc2,word_part_speech,1,0.5151259670700258
LT2aA6,delta_volume,0,0.5094040939155513
LT2aA6,delta_volume,1,0.4693034701106549
LT2aA6,face_num,0,0.4952248100895479
LT2aA6,face_num,1,0.47968715714240934
LT2aA6,frame_brightness,0,0.5330240431334441
LT2aA6,frame_brightness,1,0.4825449567934129
LT2aA6,global_flow,0,0.4972362412881519
LT2aA6,global_flow,1,0.5126798532961349
LT2aA6,gpt2_surprisal,0,0.49278497016812434
LT2aA6,gpt2_surprisal,1,0.5071366623825795
LT2aA6,local_flow,0,0.511274463705422
LT2aA6,local_flow,1,0.5280033018818637
LT2aA6,onset,0,0.4922606273686132
LT2aA6,onset,1,0.538194602986165
LT2aA6,pitch,0,0.48291589605341523
LT2aA6,pitch,1,0.5373133548582594
LT2aA6,speech,0,0.5095817268006227
LT2aA6,speech,1,0.5004597557025381
LT2aA6,volume,0,0.49443068660334577
LT2aA6,volume,1,0.4848959802723008
LT2aA6,word_gap,0,0.4924281946497406
LT2aA6,word_gap,1,0.5080210416485523
LT2aA6,word_head_pos,0,0.5261068096088943
LT2aA6,word_head_pos,1,0.51529732610263
LT2aA6,word_index,0,0.4795562130177515
LT2aA6,word_index,1,0.515931952662722
LT2aA6,word_length,0,0.49270137822220833
LT2aA6,word_length,1,0.4984639979937934
LT2aA6,word_part_speech,0,0.4602757389406864
LT2aA6,word_part_speech,1,0.5034343384249157
LT3Ha6,delta_volume,0,0.5109766673980962
LT3Ha6,delta_volume,1,0.483088304441867
LT3Ha6,face_num,0,0.5043938016572104
LT3Ha6,face_num,1,0.4885270054230275
LT3Ha6,frame_brightness,0,0.49067949803036476
LT3Ha6,frame_brightness,1,0.486985778920201
LT3Ha6,global_flow,0,0.49449338056278275
LT3Ha6,global_flow,1,0.4808078116673459
LT3Ha6,gpt2_surprisal,0,0.5039079234715735
LT3Ha6,gpt2_surprisal,1,0.5256104824300178
LT3Ha6,local_flow,0,0.5045923325287609
LT3Ha6,local_flow,1,0.49740864967660364
LT3Ha6,onset,0,0.48940687639833796
LT3Ha6,onset,1,0.4950382783130146
LT3Ha6,pitch,0,0.4893942718619061
LT3Ha6,pitch,1,0.5445127112002759
LT3Ha6,speech,0,0.5272770968517183
LT3Ha6,speech,1,0.48857402589260535
LT3Ha6,volume,0,0.492518520840517
LT3Ha6,volume,1,0.5152398566398128
LT3Ha6,word_gap,0,0.48671854621337274
LT3Ha6,word_gap,1,0.49669593948352314
LT3Ha6,word_head_pos,0,0.5149786318088252
LT3Ha6,word_head_pos,1,0.5104019727699236
LT3Ha6,word_index,0,0.4787130177514793
LT3Ha6,word_index,1,0.48918639053254437
LT3Ha6,word_length,0,0.5229407646573252
LT3Ha6,word_length,1,0.5092160120372402
LT3Ha6,word_part_speech,0,0.4906516564173775
LT3Ha6,word_part_speech,1,0.5209407855584209
LT1aIb5,delta_volume,0,0.5130194455764188
LT1aIb5,delta_volume,1,0.5130873640324756
LT1aIb5,face_num,0,0.4765576836671787
LT1aIb5,face_num,1,0.4866043906669592
LT1aIb5,frame_brightness,0,0.48104030176692475
LT1aIb5,frame_brightness,1,0.4614327659530005
LT1aIb5,global_flow,0,0.5094458898885093
LT1aIb5,global_flow,1,0.5238968475387397
LT1aIb5,gpt2_surprisal,0,0.5131970784614902
LT1aIb5,gpt2_surprisal,1,0.5290743236889126
LT1aIb5,local_flow,0,0.50209502314452
LT1aIb5,local_flow,1,0.49652048525124604
LT1aIb5,onset,0,0.49849321948769465
LT1aIb5,onset,1,0.4982953594204222
LT1aIb5,pitch,0,0.5016875124081795
LT1aIb5,pitch,1,0.5211592113099903
LT1aIb5,speech,0,0.49468668693771356
LT1aIb5,speech,1,0.4891487205207778
LT1aIb5,volume,0,0.49070562051346345
LT1aIb5,volume,1,0.5320157152858321
LT1aIb5,word_gap,0,0.49855085065066806
LT1aIb5,word_gap,1,0.5120569225864418
LT1aIb5,word_head_pos,0,0.5379350699560097
LT1aIb5,word_head_pos,1,0.5246491750519837
LT1aIb5,word_index,0,0.4751627218934911
LT1aIb5,word_index,1,0.44800295857988165
LT1aIb5,word_length,0,0.4994775503380249
LT1aIb5,word_length,1,0.4975026906157592
LT1aIb5,word_part_speech,0,0.4864114263043047
LT1aIb5,word_part_speech,1,0.5054924618131323
LF3aOFa8,delta_volume,0,0.4987252228247808
LF3aOFa8,delta_volume,1,0.4894935372976813
LF3aOFa8,face_num,0,0.5015934714690239
LF3aOFa8,face_num,1,0.48116568968579876
LF3aOFa8,frame_brightness,0,0.5408033186002529
LF3aOFa8,frame_brightness,1,0.5149525093257266
LF3aOFa8,global_flow,0,0.48930023092275066
LF3aOFa8,global_flow,1,0.4753456004513965
LF3aOFa8,gpt2_surprisal,0,0.5120006687355674
LF3aOFa8,gpt2_surprisal,1,0.48816651515626475
LF3aOFa8,local_flow,0,0.5004963271788764
LF3aOFa8,local_flow,1,0.4976071805481542
LF3aOFa8,onset,0,0.5037365112704139
LF3aOFa8,onset,1,0.5036984612574769
LF3aOFa8,pitch,0,0.4800215249260734
LF3aOFa8,pitch,1,0.5038452295121366
LF3aOFa8,speech,0,0.5276375871184812
LF3aOFa8,speech,1,0.4814843839796035
LF3aOFa8,volume,0,0.5105012382056988
LF3aOFa8,volume,1,0.49800946678787494
LF3aOFa8,word_gap,0,0.5303886618554908
LF3aOFa8,word_gap,1,0.4709155725589079
LF3aOFa8,word_head_pos,0,0.49431574767771125
LF3aOFa8,word_head_pos,1,0.5028160036780456
LF3aOFa8,word_index,0,0.5050295857988165
LF3aOFa8,word_index,1,0.4800147928994083
LF3aOFa8,word_length,0,0.5135418952383938
LF3aOFa8,word_length,1,0.494383666133768
LF3aOFa8,word_part_speech,0,0.47225252926006744
LF3aOFa8,word_part_speech,1,0.49008133306883556
LF3bIa4,delta_volume,0,0.5050677617211581
LF3bIa4,delta_volume,1,0.47103016624348254
LF3bIa4,face_num,0,0.5054543744710197
LF3bIa4,face_num,1,0.5007262050301453
LF3bIa4,frame_brightness,0,0.52367741868071
LF3bIa4,frame_brightness,1,0.5357460058723341
LF3bIa4,global_flow,0,0.4984169775242155
LF3bIa4,global_flow,1,0.5001619593952124
LF3bIa4,gpt2_surprisal,0,0.5223660700291527
LF3bIa4,gpt2_surprisal,1,0.5052871905791877
LF3bIa4,local_flow,0,0.49745044564956165
LF3bIa4,local_flow,1,0.5226272948601401
LF3bIa4,onset,0,0.5003728901267827
LF3bIa4,onset,1,0.482839444165411
LF3bIa4,pitch,0,0.5158563472409433
LF3bIa4,pitch,1,0.5041221278329833
LF3bIa4,speech,0,0.5086778888854059
LF3bIa4,speech,1,0.44951568916334916
LF3bIa4,volume,0,0.4761501729308381
LF3bIa4,volume,1,0.5103654012935854
LF3bIa4,word_gap,0,0.5022534272382112
LF3bIa4,word_gap,1,0.4708358693446947
LF3bIa4,word_head_pos,0,0.5261747280649509
LF3bIa4,word_head_pos,1,0.505156578163694
LF3bIa4,word_index,0,0.48048816568047337
LF3bIa4,word_index,1,0.48335798816568054
LF3bIa4,word_length,0,0.5293773444928581
LF3bIa4,word_length,1,0.5112901371952813
LF3bIa4,word_part_speech,0,0.49270977980559416
LF3bIa4,word_part_speech,1,0.5093731402499504
LT2bHb5,delta_volume,0,0.5134008338296605
LT2bHb5,delta_volume,1,0.4723049434187016
LT2bHb5,face_num,0,0.48495344973511806
LT2bHb5,face_num,1,0.47456192595843394
LT2bHb5,frame_brightness,0,0.5068649885583525
LT2bHb5,frame_brightness,1,0.484660877924412
LT2bHb5,global_flow,0,0.47342821019194803
LT2bHb5,global_flow,1,0.4747395588435054
LT2bHb5,gpt2_surprisal,0,0.5154331630147435
LT2bHb5,gpt2_surprisal,1,0.5273293418179159
LT2bHb5,local_flow,0,0.49794154833181825
LT2bHb5,local_flow,1,0.5024189419349445
LT2bHb5,onset,0,0.5049084516688735
LT2bHb5,onset,1,0.5119248740544572
LT2bHb5,pitch,0,0.48664618663991727
LT2bHb5,pitch,1,0.5406413592050405
LT2bHb5,speech,0,0.5109453204183777
LT2bHb5,speech,1,0.4904130487027575
LT2bHb5,volume,0,0.48044993364889294
LT2bHb5,volume,1,0.5143098962414971
LT2bHb5,word_gap,0,0.47792220966292787
LT2bHb5,word_gap,1,0.4897545141002232
LT2bHb5,word_head_pos,0,0.50565812983919
LT2bHb5,word_head_pos,1,0.5161123475753111
LT2bHb5,word_index,0,0.48702662721893497
LT2bHb5,word_index,1,0.5015236686390533
LT2bHb5,word_length,0,0.5158824697240422
LT2bHb5,word_length,1,0.5136777321505073
LT2bHb5,word_part_speech,0,0.4822703828605435
LT2bHb5,word_part_speech,1,0.508096111882563
LT1cCd5,delta_volume,0,0.5280033018818636
LT1cCd5,delta_volume,1,0.4920848876210777
LT1cCd5,face_num,0,0.5149316113392475
LT1cCd5,face_num,1,0.46353823809076
LT1cCd5,frame_brightness,0,0.4988192637639363
LT1cCd5,frame_brightness,1,0.49471280942081236
LT1cCd5,global_flow,0,0.4725818417395484
LT1cCd5,global_flow,1,0.4587734971735473
LT1cCd5,gpt2_surprisal,0,0.5191895760843442
LT1cCd5,gpt2_surprisal,1,0.5240797049204309
LT1cCd5,local_flow,0,0.49079704920430917
LT1cCd5,local_flow,1,0.5240170109609938
LT1cCd5,onset,0,0.5217722174025539
LT1cCd5,onset,1,0.5188195363986423
LT1cCd5,pitch,0,0.4959666886095525
LT1cCd5,pitch,1,0.5386351525030563
LT1cCd5,speech,0,0.49831771208844033
LT1cCd5,speech,1,0.49583085169743896
LT1cCd5,volume,0,0.4910922332633251
LT1cCd5,volume,1,0.511274463705422
LT1cCd5,word_gap,0,0.47998724748572585
LT1cCd5,word_gap,1,0.4848418978059879
LT1cCd5,word_head_pos,0,0.4933230933199586
LT1cCd5,word_head_pos,1,0.513369486849942
LT1cCd5,word_index,0,0.49380177514792895
LT1cCd5,word_index,1,0.5231213017751479
LT1cCd5,word_length,0,0.5239072965319792
LT1cCd5,word_length,1,0.5224496619750687
LT1cCd5,word_part_speech,0,0.47470739932553063
LT1cCd5,word_part_speech,1,0.49690041658401113
LT1bId1,delta_volume,0,0.5001358369121136
LT1bId1,delta_volume,1,0.48323459034722005
LT1bId1,face_num,0,0.49149451950304585
LT1bId1,face_num,1,0.4667722014983856
LT1bId1,frame_brightness,0,0.49668766914307805
LT1bId1,frame_brightness,1,0.49249762285403803
LT1bId1,global_flow,0,0.5110236878676739
LT1bId1,global_flow,1,0.502199513076915
LT1bId1,gpt2_surprisal,0,0.5272979948381973
LT1bId1,gpt2_surprisal,1,0.5108199324995037
LT1bId1,local_flow,0,0.5062380489639824
LT1bId1,local_flow,1,0.5100258090133016
LT1bId1,onset,0,0.5115672039328494
LT1bId1,onset,1,0.5125032342510997
LT1bId1,pitch,0,0.473365516232511
LT1bId1,pitch,1,0.4984796714836526
LT1bId1,speech,0,0.4909459473579721
LT1bId1,speech,1,0.5109296469285184
LT1bId1,volume,0,0.48110822022298155
LT1bId1,volume,1,0.501656165428461
LT1bId1,word_gap,0,0.5026591890560241
LT1bId1,word_gap,1,0.4858997768310002
LT1bId1,word_head_pos,0,0.5409130330292676
LT1bId1,word_head_pos,1,0.5131552824885323
LT1bId1,word_index,0,0.4865384615384616
LT1bId1,word_index,1,0.49862426035502955
LT1bId1,word_length,0,0.5141636103361441
LT1bId1,word_length,1,0.5157466328119286
LT1bId1,word_part_speech,0,0.4840557429081531
LT1bId1,word_part_speech,1,0.47123586589962313
LF3cIc5,delta_volume,0,0.539481520955456
LF3cIc5,delta_volume,1,0.49652048525124604
LF3cIc5,face_num,0,0.5066664576868019
LF3cIc5,face_num,1,0.4638203609082265
LF3cIc5,frame_brightness,0,0.5104333197496421
LF3cIc5,frame_brightness,1,0.49664064867350033
LF3cIc5,global_flow,0,0.4690030615550192
LF3cIc5,global_flow,1,0.46458836191132985
LF3cIc5,gpt2_surprisal,0,0.5097489106924549
LF3cIc5,gpt2_surprisal,1,0.47274380113476067
LF3cIc5,local_flow,0,0.4962174644473005
LF3cIc5,local_flow,1,0.5031608204549491
LF3cIc5,onset,0,0.5186673363468943
LF3cIc5,onset,1,0.5219091974491271
LF3cIc5,pitch,0,0.48138511854382826
LF3cIc5,pitch,1,0.48177173129368983
LF3cIc5,speech,0,0.5293146505334211
LF3cIc5,speech,1,0.49911706007126216
LF3cIc5,volume,0,0.5034377187757959
LF3cIc5,volume,1,0.5024189419349445
LF3cIc5,word_gap,0,0.5176868678085964
LF3cIc5,word_gap,1,0.4975292003593891
LF3cIc5,word_head_pos,0,0.4793475648621256
LF3cIc5,word_head_pos,1,0.5079046633856829
LF3cIc5,word_index,0,0.5013905325443786
LF3cIc5,word_index,1,0.49979289940828403
LF3cIc5,word_length,0,0.4599281109265122
LF3cIc5,word_length,1,0.48750300408555636
LF3cIc5,word_part_speech,0,0.4654582424122198
LF3cIc5,word_part_speech,1,0.49016812140448324
LF1aCaOF7,delta_volume,0,0.5084950315037147
LF1aCaOF7,delta_volume,1,0.4897756601151479
LF1aCaOF7,face_num,0,0.4806693625069225
LF1aCaOF7,face_num,1,0.4837570400091951
LF1aCaOF7,frame_brightness,0,0.49263868426277124
LF1aCaOF7,frame_brightness,1,0.49016749736162923
LF1aCaOF7,global_flow,0,0.4845877349717355
LF1aCaOF7,global_flow,1,0.4610095817268006
LF1aCaOF7,gpt2_surprisal,0,0.5168960220682737
LF1aCaOF7,gpt2_surprisal,1,0.5034690657555144
LF1aCaOF7,local_flow,0,0.48429516316102944
LF1aCaOF7,local_flow,1,0.5108878509555606
LF1aCaOF7,onset,0,0.5009969103389496
LF1aCaOF7,onset,1,0.48958190645784816
LF1aCaOF7,pitch,0,0.5114782190735923
LF1aCaOF7,pitch,1,0.520370312320408
LF1aCaOF7,speech,0,0.4947807278768691
LF1aCaOF7,speech,1,0.4840757343029999
LF1aCaOF7,volume,0,0.5166086747541874
LF1aCaOF7,volume,1,0.5217548039246419
LF1aCaOF7,word_gap,0,0.49349331942149954
LF1aCaOF7,word_gap,1,0.472937135901226
LF1aCaOF7,word_head_pos,0,0.5168960220682737
LF1aCaOF7,word_head_pos,1,0.5125753633637399
LF1aCaOF7,word_index,0,0.45001479289940827
LF1aCaOF7,word_index,1,0.5124852071005918
LF1aCaOF7,word_length,0,0.505929803663417
LF1aCaOF7,word_length,1,0.48461908195145403
LF1aCaOF7,word_part_speech,0,0.4324166831977782
LF1aCaOF7,word_part_speech,1,0.4864486213052966
RF1aCaOF3,delta_volume,0,0.5618658767227777
RF1aCaOF3,delta_volume,1,0.5169587160277107
RF1aCaOF3,face_num,0,0.5047281694408743
RF1aCaOF3,face_num,1,0.4971004043760383
RF1aCaOF3,frame_brightness,0,0.49207443862783823
RF1aCaOF3,frame_brightness,1,0.44264025161175724
RF1aCaOF3,global_flow,0,0.518693248905468
RF1aCaOF3,global_flow,1,0.47673009205563044
RF1aCaOF3,gpt2_surprisal,0,0.5295236303982112
RF1aCaOF3,gpt2_surprisal,1,0.5342674733289448
RF1aCaOF3,local_flow,0,0.5304901622728649
RF1aCaOF3,local_flow,1,0.4789714011055035
RF1aCaOF3,onset,0,0.5193446265771731
RF1aCaOF3,onset,1,0.5077013226184497
RF1aCaOF3,pitch,0,0.5227944787519723
RF1aCaOF3,pitch,1,0.5138814875186776
RF1aCaOF3,speech,0,0.5100832784761188
RF1aCaOF3,speech,1,0.4785168698995851
RF1aCaOF3,volume,0,0.530782734083571
RF1aCaOF3,volume,1,0.5187925143412432
RF1aCaOF3,word_gap,0,0.49890589224125437
RF1aCaOF3,word_gap,1,0.49328319276584653
RF1aCaOF3,word_head_pos,0,0.5024293909281841
RF1aCaOF3,word_head_pos,1,0.5129724251068409
RF1aCaOF3,word_index,0,0.48784023668639054
RF1aCaOF3,word_index,1,0.4755621301775148
RF1aCaOF3,word_length,0,0.4994723258414052
RF1aCaOF3,word_length,1,0.5259761971934004
RF1aCaOF3,word_part_speech,0,0.47264927593731404
RF1aCaOF3,word_part_speech,1,0.47403788930767704
RF1aCaOF15,delta_volume,0,0.5306207746883588
RF1aCaOF15,delta_volume,1,0.49106088628360656
RF1aCaOF15,face_num,0,0.488223984619082
RF1aCaOF15,face_num,1,0.4744469870327994
RF1aCaOF15,frame_brightness,0,0.5309917139483611
RF1aCaOF15,frame_brightness,1,0.4572165971808617
RF1aCaOF15,global_flow,0,0.480784301432557
RF1aCaOF15,global_flow,1,0.5041795972958005
RF1aCaOF15,gpt2_surprisal,0,0.5539847235718839
RF1aCaOF15,gpt2_surprisal,1,0.5555363990679498
RF1aCaOF15,local_flow,0,0.4921005611109369
RF1aCaOF15,local_flow,1,0.4590190485146757
RF1aCaOF15,onset,0,0.47592195181346353
RF1aCaOF15,onset,1,0.5004794301630062
RF1aCaOF15,pitch,0,0.5115409130330293
RF1aCaOF15,pitch,1,0.5294295894590556
RF1aCaOF15,speech,0,0.543650669258017
RF1aCaOF15,speech,1,0.5085603377114616
RF1aCaOF15,volume,0,0.5017658798574758
RF1aCaOF15,volume,1,0.47938936083508354
RF1aCaOF15,word_gap,0,0.5052241834043417
RF1aCaOF15,word_gap,1,0.4975799205866156
RF1aCaOF15,word_head_pos,0,0.4888039037438743
RF1aCaOF15,word_head_pos,1,0.4998693875845062
RF1aCaOF15,word_index,0,0.47180473372781073
RF1aCaOF15,word_index,1,0.47976331360946745
RF1aCaOF15,word_length,0,0.5390217652529179
RF1aCaOF15,word_length,1,0.5140904673834676
RF1aCaOF15,word_part_speech,0,0.48197282285260856
RF1aCaOF15,word_part_speech,1,0.5009298750247968
RF1bCb1,delta_volume,0,0.5222720290899971
RF1bCb1,delta_volume,1,0.5108251569961235
RF1bCb1,face_num,0,0.5000783674492962
RF1bCb1,face_num,1,0.5202971693677314
RF1bCb1,frame_brightness,0,0.47379392495533057
RF1bCb1,frame_brightness,1,0.4656907306980972
RF1bCb1,global_flow,0,0.47518364105618427
RF1bCb1,global_flow,1,0.48049172962185094
RF1bCb1,gpt2_surprisal,0,0.5145711210724847
RF1bCb1,gpt2_surprisal,1,0.5446798950921079
RF1bCb1,local_flow,0,0.47993793298015736
RF1bCb1,local_flow,1,0.4689351430989624
RF1bCb1,onset,0,0.4975800191772065
RF1bCb1,onset,1,0.5222212075552105
RF1bCb1,pitch,0,0.5280555468480612
RF1bCb1,pitch,1,0.5404271548436308
RF1bCb1,speech,0,0.4959666886095525
RF1bCb1,speech,1,0.5009404093915552
RF1bCb1,volume,0,0.4952039121030689
RF1bCb1,volume,1,0.5157100613355903
RF1bCb1,word_gap,0,0.5266208735472278
RF1bCb1,word_gap,1,0.5330913253919949
RF1bCb1,word_head_pos,0,0.5275069747029875
RF1bCb1,word_head_pos,1,0.525041012298465
RF1bCb1,word_index,0,0.5063757396449704
RF1bCb1,word_index,1,0.5126183431952662
RF1bCb1,word_length,0,0.5245760320993073
RF1bCb1,word_length,1,0.47761303198436833
RF1bCb1,word_part_speech,0,0.5149523903987304
RF1bCb1,word_part_speech,1,0.5355832176155524
LF1cCc3,delta_volume,0,0.558906199387689
LF1cCc3,delta_volume,1,0.5124499754448659
LF1cCc3,face_num,0,0.49579950471772044
LF1cCc3,face_num,1,0.5156682653626323
LF1cCc3,frame_brightness,0,0.47220567798292634
LF1cCc3,frame_brightness,1,0.4211571215113424
LF1cCc3,global_flow,0,0.5202005161802661
LF1cCc3,global_flow,1,0.5169482670344713
LF1cCc3,gpt2_surprisal,0,0.5272927703415775
LF1cCc3,gpt2_surprisal,1,0.5002612248309876
LF1cCc3,local_flow,0,0.5166034502575676
LF1cCc3,local_flow,1,0.5155219794572793
LF1cCc3,onset,0,0.551009847343348
LF1cCc3,onset,1,0.5547996286318738
LF1cCc3,pitch,0,0.5079412348620211
LF1cCc3,pitch,1,0.518400677094762
LF1cCc3,speech,0,0.5247850119640973
LF1cCc3,speech,1,0.5013792671076143
LF1cCc3,volume,0,0.5373394773413581
LF1cCc3,volume,1,0.5208614150026645
LF1cCc3,word_gap,0,0.510774425412283
LF1cCc3,word_gap,1,0.5186614207460222
LF1cCc3,word_head_pos,0,0.5005381231518343
LF1cCc3,word_head_pos,1,0.5095660533107635
LF1cCc3,word_index,0,0.4525295857988166
LF1cCc3,word_index,1,0.49653846153846154
LF1cCc3,word_length,0,0.5410122984650428
LF1cCc3,word_length,1,0.48465565342779227
LF1cCc3,word_part_speech,0,0.5148408053957548
LF1cCc3,word_part_speech,1,0.5279830390795477
RF1cCc3,delta_volume,0,0.571121072484666
RF1cCc3,delta_volume,1,0.5205218227223807
RF1cCc3,face_num,0,0.4681462441093801
RF1cCc3,face_num,1,0.45960419213608766
RF1cCc3,frame_brightness,0,0.4627388901079381
RF1cCc3,frame_brightness,1,0.44382621234444064
RF1cCc3,global_flow,0,0.49088847789515483
RF1cCc3,global_flow,1,0.4789714011055035
RF1cCc3,gpt2_surprisal,0,0.5399726236377125
RF1cCc3,gpt2_surprisal,1,0.5242991337784605
RF1cCc3,local_flow,0,0.5010292258340909
RF1cCc3,local_flow,1,0.4988349372537956
RF1cCc3,onset,0,0.5512457574235576
RF1cCc3,onset,1,0.5231876778838105
RF1cCc3,pitch,0,0.49300439902615384
RF1cCc3,pitch,1,0.5141583858395243
RF1cCc3,speech,0,0.49810873222365026
RF1cCc3,speech,1,0.4726497601956051
RF1cCc3,volume,0,0.536085598152618
RF1cCc3,volume,1,0.5221048451981651
RF1cCc3,word_gap,0,0.4968770831521897
RF1cCc3,word_gap,1,0.4984421644494682
RF1cCc3,word_head_pos,0,0.5151823871769956
RF1cCc3,word_head_pos,1,0.5255112169942426
RF1cCc3,word_index,0,0.4676331360946746
RF1cCc3,word_index,1,0.5376775147928994
RF1cCc3,word_length,0,0.5399778481343323
RF1cCc3,word_length,1,0.5029518405901592
RF1cCc3,word_part_speech,0,0.5206680222178139
RF1cCc3,word_part_speech,1,0.5202588772069034
LT2aA7,delta_volume,0,0.5033175553535417
LT2aA7,delta_volume,1,0.4953606470016614
LT2aA7,face_num,0,0.49128553963825583
LT2aA7,face_num,1,0.496457791291809
LT2aA7,frame_brightness,0,0.5240953784102902
LT2aA7,frame_brightness,1,0.49333876680981786
LT2aA7,global_flow,0,0.5048378838698891
LT2aA7,global_flow,1,0.5055902113831332
LT2aA7,gpt2_surprisal,0,0.5208979864790029
LT2aA7,gpt2_surprisal,1,0.5204382307764647
LT2aA7,local_flow,0,0.5007888989895823
LT2aA7,local_flow,1,0.505992497622854
LT2aA7,onset,0,0.4898406465458198
LT2aA7,onset,1,0.5424714244402844
LT2aA7,pitch,0,0.49894987617943015
LT2aA7,pitch,1,0.5368744971422004
LT2aA7,speech,0,0.4863222678494927
LT2aA7,speech,1,0.49484864633292586
LT2aA7,volume,0,0.48445712255624174
LT2aA7,volume,1,0.4888039037438743
LT2aA7,word_gap,0,0.5066371040199403
LT2aA7,word_gap,1,0.5089122684983914
LT2aA7,word_head_pos,0,0.5313313062286449
LT2aA7,word_head_pos,1,0.5135784667147321
LT2aA7,word_index,0,0.4724408284023669
LT2aA7,word_index,1,0.5069378698224851
LT2aA7,word_length,0,0.4762651118564727
LT2aA7,word_length,1,0.4918184382934704
LT2aA7,word_part_speech,0,0.46343731402499505
LT2aA7,word_part_speech,1,0.49450753818686777
LT3Ha7,delta_volume,0,0.513703854633606
LT3Ha7,delta_volume,1,0.4814478125032653
LT3Ha7,face_num,0,0.5016613899250807
LT3Ha7,face_num,1,0.48131720008777157
LT3Ha7,frame_brightness,0,0.49056978360134995
LT3Ha7,frame_brightness,1,0.4935738691577067
LT3Ha7,global_flow,0,0.4991849785273189
LT3Ha7,global_flow,1,0.4877851269030229
LT3Ha7,gpt2_surprisal,0,0.5087510318380825
LT3Ha7,gpt2_surprisal,1,0.537470089756852
LT3Ha7,local_flow,0,0.49656228122420404
LT3Ha7,local_flow,1,0.5044669446098868
LT3Ha7,onset,0,0.48649985540995083
LT3Ha7,onset,1,0.4881588359740043
LT3Ha7,pitch,0,0.4818448742463664
LT3Ha7,pitch,1,0.5407354001441961
LT3Ha7,speech,0,0.5134060583262802
LT3Ha7,speech,1,0.505595435879753
LT3Ha7,volume,0,0.4900865176640231
LT3Ha7,volume,1,0.4924976228540381
LT3Ha7,word_gap,0,0.4954786540300843
LT3Ha7,word_gap,1,0.5047459641190621
LT3Ha7,word_head_pos,0,0.5184947180339174
LT3Ha7,word_head_pos,1,0.5282854246993303
LT3Ha7,word_index,0,0.48667159763313605
LT3Ha7,word_index,1,0.48474852071005925
LT3Ha7,word_length,0,0.5188761062871593
LT3Ha7,word_length,1,0.511190871759506
LT3Ha7,word_part_speech,0,0.48106774449513984
LT3Ha7,word_part_speech,1,0.5152995437413213
LT1aIb6,delta_volume,0,0.5412944212825094
LT1aIb6,delta_volume,1,0.5125753633637399
LT1aIb6,face_num,0,0.4848803067824415
LT1aIb6,face_num,1,0.467184936731346
LT1aIb6,frame_brightness,0,0.476907724940702
LT1aIb6,frame_brightness,1,0.4453099693844498
LT1aIb6,global_flow,0,0.49333354231319815
LT1aIb6,global_flow,1,0.5106788710907704
LT1aIb6,gpt2_surprisal,0,0.49279019466474405
LT1aIb6,gpt2_surprisal,1,0.5099474415640053
LT1aIb6,local_flow,0,0.4958987701534957
LT1aIb6,local_flow,1,0.48351148866806687
LT1aIb6,onset,0,0.5166050256457086
LT1aIb6,onset,1,0.5010121303441243
LT1aIb6,pitch,0,0.4820643031043959
LT1aIb6,pitch,1,0.500229877851269
LT1aIb6,speech,0,0.5121417301443006
LT1aIb6,speech,1,0.5140695693969887
LT1aIb6,volume,0,0.4956375453225082
LT1aIb6,volume,1,0.5163787969029184
LT1aIb6,word_gap,0,0.46716227574413816
LT1aIb6,word_gap,1,0.4905008260151291
LT1aIb6,word_head_pos,0,0.5366446192909313
LT1aIb6,word_head_pos,1,0.5126772410478251
LT1aIb6,word_index,0,0.49795857988165676
LT1aIb6,word_index,1,0.48131656804733725
LT1aIb6,word_length,0,0.5003866127498616
LT1aIb6,word_length,1,0.49783183390280344
LT1aIb6,word_part_speech,0,0.5063107518349534
LT1aIb6,word_part_speech,1,0.5067322951795279
LF3aOFa9,delta_volume,0,0.49195427520558394
LF3aOFa9,delta_volume,1,0.5020114311986039
LF3aOFa9,face_num,0,0.5051200066873557
LF3aOFa9,face_num,1,0.4848646332925822
LF3aOFa9,frame_brightness,0,0.4995768157738002
LF3aOFa9,frame_brightness,1,0.49812963021012924
LF3aOFa9,global_flow,0,0.48613941046780146
LF3aOFa9,global_flow,1,0.5124656489347251
LF3aOFa9,gpt2_surprisal,0,0.5049319248090447
LF3aOFa9,gpt2_surprisal,1,0.46993302195333475
LF3aOFa9,local_flow,0,0.4892114144802149
LF3aOFa9,local_flow,1,0.5016613899250807
LF3aOFa9,onset,0,0.4629697274097073
LF3aOFa9,onset,1,0.4990335296714
LF3aOFa9,pitch,0,0.5109296469285185
LF3aOFa9,pitch,1,0.522590723383802
LF3aOFa9,speech,0,0.5203337408440697
LF3aOFa9,speech,1,0.48855312790612626
LF3aOFa9,volume,0,0.5269531780612938
LF3aOFa9,volume,1,0.5300983250263837
LF3aOFa9,word_gap,0,0.5126800568066545
LF3aOFa9,word_gap,1,0.49432658029736554
LF3aOFa9,word_head_pos,0,0.5147174069778377
LF3aOFa9,word_head_pos,1,0.48210087458073414
LF3aOFa9,word_index,0,0.5002071005917159
LF3aOFa9,word_index,1,0.4593047337278106
LF3aOFa9,word_length,0,0.5210338233911163
LF3aOFa9,word_length,1,0.5049841697752422
LF3aOFa9,word_part_speech,0,0.5014754017060108
LF3aOFa9,word_part_speech,1,0.49707399325530655
LF3bIa5,delta_volume,0,0.49023019132106616
LF3bIa5,delta_volume,1,0.5014680835501499
LF3bIa5,face_num,0,0.5060186201059529
LF3bIa5,face_num,1,0.5059036811803184
LF3bIa5,frame_brightness,0,0.5159817351598174
LF3bIa5,frame_brightness,1,0.48533483798835986
LF3bIa5,global_flow,0,0.5110968308203505
LF3bIa5,global_flow,1,0.5157623063017879
LF3bIa5,gpt2_surprisal,0,0.5125910368535992
LF3bIa5,gpt2_surprisal,1,0.49113402923628313
LF3bIa5,local_flow,0,0.4946187684816568
LF3bIa5,local_flow,1,0.5312372652894894
LF3bIa5,onset,0,0.4808227934797497
LF3bIa5,onset,1,0.4955100984734335
LF3bIa5,pitch,0,0.5148218969102327
LF3bIa5,pitch,1,0.5320313887756914
LF3bIa5,speech,0,0.5005381231518343
LF3bIa5,speech,1,0.4646824028504854
LF3bIa5,volume,0,0.4863588393258309
LF3bIa5,volume,1,0.5004858781856368
LF3bIa5,word_gap,0,0.5149407297916123
LF3bIa5,word_gap,1,0.5200707184882475
LF3bIa5,word_head_pos,0,0.4933283178165784
LF3bIa5,word_head_pos,1,0.4980199157811145
LF3bIa5,word_index,0,0.456508875739645
LF3bIa5,word_index,1,0.47563609467455625
LF3bIa5,word_length,0,0.49042872219261674
LF3bIa5,word_length,1,0.5062171509775033
LF3bIa5,word_part_speech,0,0.5312066058321762
LF3bIa5,word_part_speech,1,0.5044510017853601
LT2bHb6,delta_volume,0,0.5165146338150319
LT2bHb6,delta_volume,1,0.4823150789421439
LT2bHb6,face_num,0,0.4923043164791072
LT2bHb6,face_num,1,0.4575091689915676
LT2bHb6,frame_brightness,0,0.49623313793715973
LT2bHb6,frame_brightness,1,0.49396570640418797
LT2bHb6,global_flow,0,0.46903440853473766
LT2bHb6,global_flow,1,0.49243492889460094
LT2bHb6,gpt2_surprisal,0,0.49680260806871257
LT2bHb6,gpt2_surprisal,1,0.5138658140288184
LT2bHb6,local_flow,0,0.4937044815732004
LT2bHb6,local_flow,1,0.4992215500036572
LT2bHb6,onset,0,0.4904798867631615
LT2bHb6,onset,1,0.49559380850189483
LT2bHb6,pitch,0,0.4754866618601298
LT2bHb6,pitch,1,0.5385411115639008
LT2bHb6,speech,0,0.4974713436360407
LT2bHb6,speech,1,0.48247703833735617
LT2bHb6,volume,0,0.4806641380103028
LT2bHb6,volume,1,0.5074292341932856
LT2bHb6,word_gap,0,0.47235747616149315
LT2bHb6,word_gap,1,0.49083413036547546
LT2bHb6,word_head_pos,0,0.5040594338735462
LT2bHb6,word_head_pos,1,0.5183275341420854
LT2bHb6,word_index,0,0.47994082840236685
LT2bHb6,word_index,1,0.5212573964497043
LT2bHb6,word_length,0,0.5134687522857173
LT2bHb6,word_length,1,0.5141688348327639
LT2bHb6,word_part_speech,0,0.49146994643919856
LT2bHb6,word_part_speech,1,0.5016241817099782
LT1cCd6,delta_volume,0,0.5232437854612708
LT1cCd6,delta_volume,1,0.4814478125032653
LT1cCd6,face_num,0,0.513432180809379
LT1cCd6,face_num,1,0.46690803841049916
LT1cCd6,frame_brightness,0,0.5057782932614443
LT1cCd6,frame_brightness,1,0.5005694701315528
LT1cCd6,global_flow,0,0.473741679989133
LT1cCd6,global_flow,1,0.44835062641714474
LT1cCd6,gpt2_surprisal,0,0.5171154509263033
LT1cCd6,gpt2_surprisal,1,0.5130246700730384
LT1cCd6,local_flow,0,0.4893733738754271
LT1cCd6,local_flow,1,0.5112222187392245
LT1cCd6,onset,0,0.5252347685798213
LT1cCd6,onset,1,0.5207144270429053
LT1cCd6,pitch,0,0.49020406883796747
LT1cCd6,pitch,1,0.5365662518416351
LT1cCd6,speech,0,0.5000470204695777
LT1cCd6,speech,1,0.4835689581308841
LT1cCd6,volume,0,0.4976594255143517
LT1cCd6,volume,1,0.5053185375589062
LT1cCd6,word_gap,0,0.49565979769875085
LT1cCd6,word_gap,1,0.4907326899110222
LT1cCd6,word_head_pos,0,0.49016749736162923
LT1cCd6,word_head_pos,1,0.5190537391722307
LT1cCd6,word_index,0,0.49147928994082846
LT1cCd6,word_index,1,0.5177514792899408
LT1cCd6,word_length,0,0.5198948831280107
LT1cCd6,word_length,1,0.5221309676812639
LT1cCd6,word_part_speech,0,0.47255008926800246
LT1cCd6,word_part_speech,1,0.49553659988097604
LT1bId2,delta_volume,0,0.4955435043833527
LT1bId2,delta_volume,1,0.4763278058159096
LT1bId2,face_num,0,0.4880045557610524
LT1bId2,face_num,1,0.4719601266417981
LT1bId2,frame_brightness,0,0.5145920190589637
LT1bId2,frame_brightness,1,0.5279301589291872
LT1bId2,global_flow,0,0.4666363645862721
LT1bId2,global_flow,1,0.49949322382788414
LT1bId2,gpt2_surprisal,0,0.5337136766872512
LT1bId2,gpt2_surprisal,1,0.5222093351305602
LT1bId2,local_flow,0,0.5158197757646051
LT1bId2,local_flow,1,0.496353301359414
LT1bId2,onset,0,0.49700165898056403
LT1bId2,onset,1,0.48659878544358703
LT1bId2,pitch,0,0.483088304441867
LT1bId2,pitch,1,0.49175574433403346
LT1bId2,speech,0,0.49255509231685524
LT1bId2,speech,1,0.471772044763487
LT1bId2,volume,0,0.49507329968757513
LT1bId2,volume,1,0.4975758335684357
LT1bId2,word_gap,0,0.5148972553111324
LT1bId2,word_gap,1,0.5125568791119612
LT1bId2,word_head_pos,0,0.5233012549240881
LT1bId2,word_head_pos,1,0.5126589553096559
LT1bId2,word_index,0,0.4720857988165681
LT1bId2,word_index,1,0.48992603550295855
LT1bId2,word_length,0,0.5199419035975884
LT1bId2,word_length,1,0.5069642539941277
LT1bId2,word_part_speech,0,0.5154359254116246
LT1bId2,word_part_speech,1,0.5079349335449316
LF3cIc6,delta_volume,0,0.519529168364628
LF3cIc6,delta_volume,1,0.4978893033656207
LF3cIc6,face_num,0,0.5208875374857633
LF3cIc6,face_num,1,0.498218446652665
LF3cIc6,frame_brightness,0,0.49967608120957546
LF3cIc6,frame_brightness,1,0.49362611412390417
LF3cIc6,global_flow,0,0.4756642947452013
LF3cIc6,global_flow,1,0.4676551414271235
LF3cIc6,gpt2_surprisal,0,0.5193463109829368
LF3cIc6,gpt2_surprisal,1,0.48821353562584235
LF3cIc6,local_flow,0,0.4855803893294881
LF3cIc6,local_flow,1,0.5183641056184236
LF3cIc6,onset,0,0.508751502975511
LF3cIc6,onset,1,0.5421974643471379
LF3cIc6,pitch,0,0.4660459964682403
LF3cIc6,pitch,1,0.48020960680438446
LF3cIc6,speech,0,0.5224705599615478
LF3cIc6,speech,1,0.5179774928685621
LF3cIc6,volume,0,0.48923753696331357
LF3cIc6,volume,1,0.4957577087447624
LF3cIc6,word_gap,0,0.4959206445816306
LF3cIc6,word_gap,1,0.4815885575167377
LF3cIc6,word_head_pos,0,0.4892897819295111
LF3cIc6,word_head_pos,1,0.5130089965831792
LF3cIc6,word_index,0,0.4811242603550295
LF3cIc6,word_index,1,0.5028402366863907
LF3cIc6,word_length,0,0.4871738607985121
LF3cIc6,word_length,1,0.5029988610597369
LF3cIc6,word_part_speech,0,0.4736659392977584
LF3cIc6,word_part_speech,1,0.48137770283673875
LF1aCaOF8,delta_volume,0,0.501342695631276
LF1aCaOF8,delta_volume,1,0.49163035641515934
LF1aCaOF8,face_num,0,0.5142263042955811
LF1aCaOF8,face_num,1,0.4844414490663824
LF1aCaOF8,frame_brightness,0,0.4795304222438168
LF1aCaOF8,frame_brightness,1,0.4777854403728201
LF1aCaOF8,global_flow,0,0.460455785085107
LF1aCaOF8,global_flow,1,0.4735640471040615
LF1aCaOF8,gpt2_surprisal,0,0.49832816108167977
LF1aCaOF8,gpt2_surprisal,1,0.5030354325360751
LF1aCaOF8,local_flow,0,0.5067396006394784
LF1aCaOF8,local_flow,1,0.4994148563785879
LF1aCaOF8,onset,0,0.49294552760147936
LF1aCaOF8,onset,1,0.48104348355478443
LF1aCaOF8,pitch,0,0.5000522449661975
LF1aCaOF8,pitch,1,0.5126537308130361
LF1aCaOF8,speech,0,0.5173557777708118
LF1aCaOF8,speech,1,0.47059130852742337
LF1aCaOF8,volume,0,0.4546827163202826
LF1aCaOF8,volume,1,0.486755901068932
LF1aCaOF8,word_gap,0,0.5116946352491087
LF1aCaOF8,word_gap,1,0.48499405848766775
LF1aCaOF8,word_head_pos,0,0.49483297284306654
LF1aCaOF8,word_head_pos,1,0.48647900274808525
LF1aCaOF8,word_index,0,0.45315088757396443
LF1aCaOF8,word_index,1,0.49215976331360944
LF1aCaOF8,word_length,0,0.4969593429673051
LF1aCaOF8,word_length,1,0.5088973177434354
LF1aCaOF8,word_part_speech,0,0.4789972227732593
LF1aCaOF8,word_part_speech,1,0.5154483237452886
RF1aCaOF4,delta_volume,0,0.5693238456474718
RF1aCaOF4,delta_volume,1,0.5255477884705808
RF1aCaOF4,face_num,0,0.4944150131134865
RF1aCaOF4,face_num,1,0.49655705672758427
RF1aCaOF4,frame_brightness,0,0.4696091031629103
RF1aCaOF4,frame_brightness,1,0.44222751637879687
RF1aCaOF4,global_flow,0,0.5014419610670512
RF1aCaOF4,global_flow,1,0.48793141280837593
RF1aCaOF4,gpt2_surprisal,0,0.5446433236157696
RF1aCaOF4,gpt2_surprisal,1,0.5350406988286679
RF1aCaOF4,local_flow,0,0.5022935540160706
RF1aCaOF4,local_flow,1,0.47655768366717866
RF1aCaOF4,onset,0,0.5098853933610338
RF1aCaOF4,onset,1,0.4998401899456646
RF1aCaOF4,pitch,0,0.5349884538624704
RF1aCaOF4,pitch,1,0.5216346405023875
RF1aCaOF4,speech,0,0.5300042840872282
RF1aCaOF4,speech,1,0.4913586825909324
RF1aCaOF4,volume,0,0.5177737375003919
RF1aCaOF4,volume,1,0.5104803402192198
RF1aCaOF4,word_gap,0,0.49023273338550266
RF1aCaOF4,word_gap,1,0.4973987769179492
RF1aCaOF4,word_head_pos,0,0.49763330303125297
RF1aCaOF4,word_head_pos,1,0.5133433643668432
RF1aCaOF4,word_index,0,0.4858431952662722
RF1aCaOF4,word_index,1,0.5210946745562131
RF1aCaOF4,word_length,0,0.5160862250922124
RF1aCaOF4,word_length,1,0.5164623888488344
RF1aCaOF4,word_part_speech,0,0.479927097798056
RF1aCaOF4,word_part_speech,1,0.48747768299940486
RF1aCaOF16,delta_volume,0,0.5635246543995486
RF1aCaOF16,delta_volume,1,0.5228153767384512
RF1aCaOF16,face_num,0,0.5126485063164163
RF1aCaOF16,face_num,1,0.5005485721450738
RF1aCaOF16,frame_brightness,0,0.4863901863055495
RF1aCaOF16,frame_brightness,1,0.4470392777655873
RF1aCaOF16,global_flow,0,0.4955800758596909
RF1aCaOF16,global_flow,1,0.5215719465429506
RF1aCaOF16,gpt2_surprisal,0,0.5492095336614318
RF1aCaOF16,gpt2_surprisal,1,0.5467540202501489
RF1aCaOF16,local_flow,0,0.4943314211675705
RF1aCaOF16,local_flow,1,0.477283888697324
RF1aCaOF16,onset,0,0.5087667229806858
RF1aCaOF16,onset,1,0.5166506856612331
RF1aCaOF16,pitch,0,0.49907526409830416
RF1aCaOF16,pitch,1,0.5323030625999186
RF1aCaOF16,speech,0,0.5273606887976343
RF1aCaOF16,speech,1,0.46787979478177283
RF1aCaOF16,volume,0,0.5304431418032873
RF1aCaOF16,volume,1,0.5040071889073487
RF1aCaOF16,word_gap,0,0.4906711010636756
RF1aCaOF16,word_gap,1,0.4973335651972292
RF1aCaOF16,word_head_pos,0,0.5032757593805837
RF1aCaOF16,word_head_pos,1,0.5071784583555374
RF1aCaOF16,word_index,0,0.4700887573964496
RF1aCaOF16,word_index,1,0.48997041420118337
RF1aCaOF16,word_length,0,0.5429871581873087
RF1aCaOF16,word_length,1,0.49676603659237434
RF1aCaOF16,word_part_speech,0,0.4846880579250149
RF1aCaOF16,word_part_speech,1,0.5387199960325333
RF1bCb2,delta_volume,0,0.5427416068461803
RF1bCb2,delta_volume,1,0.5135314462451543
RF1bCb2,face_num,0,0.5124081794719079
RF1bCb2,face_num,1,0.5020480026749423
RF1bCb2,frame_brightness,0,0.48636928831907045
RF1bCb2,frame_brightness,1,0.4529899794154833
RF1bCb2,global_flow,0,0.4834278967221508
RF1bCb2,global_flow,1,0.5067134781563796
RF1bCb2,gpt2_surprisal,0,0.5456464269667618
RF1bCb2,gpt2_surprisal,1,0.5328934307179504
RF1bCb2,local_flow,0,0.4858834101334336
RF1bCb2,local_flow,1,0.4637785649352685
RF1bCb2,onset,0,0.527297079281007
RF1bCb2,onset,1,0.5147329650092081
RF1bCb2,pitch,0,0.529424364962436
RF1bCb2,pitch,1,0.5242207663291641
RF1bCb2,speech,0,0.4938298694920744
RF1bCb2,speech,1,0.49265435775263056
RF1bCb2,volume,0,0.5184476975643397
RF1bCb2,volume,1,0.5083017251287838
RF1bCb2,word_gap,0,0.5143393328116396
RF1bCb2,word_gap,1,0.516418862127931
RF1bCb2,word_head_pos,0,0.4926648067458701
RF1bCb2,word_head_pos,1,0.5044721691065066
RF1bCb2,word_index,0,0.5001183431952663
RF1bCb2,word_index,1,0.5169230769230769
RF1bCb2,word_length,0,0.5152032851634746
RF1bCb2,word_length,1,0.49839869178604645
RF1bCb2,word_part_speech,0,0.4755876810156715
RF1bCb2,word_part_speech,1,0.5301527474707399
LF1cCc4,delta_volume,0,0.5461218561591591
LF1cCc4,delta_volume,1,0.48696488093372203
LF1cCc4,face_num,0,0.47123914610827244
LF1cCc4,face_num,1,0.5062484979572218
LF1cCc4,frame_brightness,0,0.4943366456641902
LF1cCc4,frame_brightness,1,0.4239835741826275
LF1cCc4,global_flow,0,0.5157675307984075
LF1cCc4,global_flow,1,0.5092107875406204
LF1cCc4,gpt2_surprisal,0,0.5043729036707314
LF1cCc4,gpt2_surprisal,1,0.5053394355453852
LF1cCc4,local_flow,0,0.4841436527590567
LF1cCc4,local_flow,1,0.4913795805774114
LF1cCc4,onset,0,0.5453175654079722
LF1cCc4,onset,1,0.539427423405324
LF1cCc4,pitch,0,0.5063268654065182
LF1cCc4,pitch,1,0.48465042893117255
LF1cCc4,speech,0,0.5216346405023876
LF1cCc4,speech,1,0.48886137320669154
LF1cCc4,volume,0,0.516995287504049
LF1cCc4,volume,1,0.5106997690772495
LF1cCc4,word_gap,0,0.5237732950757904
LF1cCc4,word_gap,1,0.5316494217894097
LF1cCc4,word_head_pos,0,0.5093100529763958
LF1cCc4,word_head_pos,1,0.5180349623313794
LF1cCc4,word_index,0,0.46738165680473376
LF1cCc4,word_index,1,0.47650887573964495
LF1cCc4,word_length,0,0.5160862250922124
LF1cCc4,word_length,1,0.4832711618235583
LF1cCc4,word_part_speech,0,0.5070298551874628
LF1cCc4,word_part_speech,1,0.5421915294584408
RF1cCc4,delta_volume,0,0.5796631244579584
RF1cCc4,delta_volume,1,0.5357460058723342
RF1cCc4,face_num,0,0.5343510652748608
RF1cCc4,face_num,1,0.5240849294170506
RF1cCc4,frame_brightness,0,0.48142169002016655
RF1cCc4,frame_brightness,1,0.433382443601559
RF1cCc4,global_flow,0,0.4998484895980272
RF1cCc4,global_flow,1,0.4707114719496776
RF1cCc4,gpt2_surprisal,0,0.5494394115127008
RF1cCc4,gpt2_surprisal,1,0.5343144937985225
RF1cCc4,local_flow,0,0.5179043499158856
RF1cCc4,local_flow,1,0.4747709058232239
RF1cCc4,onset,0,0.5242378582408718
RF1cCc4,onset,1,0.518149856170951
RF1cCc4,pitch,0,0.5122253220902167
RF1cCc4,pitch,1,0.538055233378264
RF1cCc4,speech,0,0.510835605989363
RF1cCc4,speech,1,0.4814269145167863
RF1cCc4,volume,0,0.4939970533839065
RF1cCc4,volume,1,0.5091951140507612
RF1cCc4,word_gap,0,0.5203822855983538
RF1cCc4,word_gap,1,0.4804292380372721
RF1cCc4,word_head_pos,0,0.49646824028504855
RF1cCc4,word_head_pos,1,0.4946971359309531
RF1cCc4,word_index,0,0.47285502958579884
RF1cCc4,word_index,1,0.5117603550295858
RF1cCc4,word_length,0,0.5279406079224267
RF1cCc4,word_length,1,0.48277483464468196
RF1cCc4,word_part_speech,0,0.4894242213846459
RF1cCc4,word_part_speech,1,0.49496627653243397
LT2aA8,delta_volume,0,0.4914318255436089
LT2aA8,delta_volume,1,0.49917452953407937
LT2aA8,face_num,0,0.4773727051398598
LT2aA8,face_num,1,0.4600691723352455
LT2aA8,frame_brightness,0,0.5106370751178124
LT2aA8,frame_brightness,1,0.48830235206837824
LT2aA8,global_flow,0,0.5018442473067719
LT2aA8,global_flow,1,0.4674304880724742
LT2aA8,gpt2_surprisal,0,0.4844466735630022
LT2aA8,gpt2_surprisal,1,0.5215928445294296
LT2aA8,local_flow,0,0.48594087959625093
LT2aA8,local_flow,1,0.478689278288037
LT2aA8,onset,0,0.495936258618328
LT2aA8,onset,1,0.5092613731488669
LT2aA8,pitch,0,0.48479149033990576
LT2aA8,pitch,1,0.5238237045860632
LT2aA8,speech,0,0.5025547788470581
LT2aA8,speech,1,0.4896450476996541
LT2aA8,volume,0,0.48036111720635716
LT2aA8,volume,1,0.4815261799525616
LT2aA8,word_gap,0,0.5084920151870852
LT2aA8,word_gap,1,0.492696287279367
LT2aA8,word_head_pos,0,0.5016039204622634
LT2aA8,word_head_pos,1,0.5145711210724847
LT2aA8,word_index,0,0.4953846153846154
LT2aA8,word_index,1,0.4649112426035503
LT2aA8,word_length,0,0.49796244631829717
LT2aA8,word_length,1,0.4974086496766037
LT2aA8,word_part_speech,0,0.4949042848641143
LT2aA8,word_part_speech,1,0.5140473120412616
LT3Ha8,delta_volume,0,0.5245551341128283
LT3Ha8,delta_volume,1,0.4739506598539231
LT3Ha8,face_num,0,0.4988767332267536
LT3Ha8,face_num,1,0.47503735515083123
LT3Ha8,frame_brightness,0,0.47808323668014585
LT3Ha8,frame_brightness,1,0.4605446015276428
LT3Ha8,global_flow,0,0.5121991996071179
LT3Ha8,global_flow,1,0.5326426548802022
LT3Ha8,gpt2_surprisal,0,0.5075337241256805
LT3Ha8,gpt2_surprisal,1,0.5360385776830403
LT3Ha8,local_flow,0,0.5010448993239501
LT3Ha8,local_flow,1,0.5246491750519837
LT3Ha8,onset,0,0.5057075019405506
LT3Ha8,onset,1,0.4786006727242287
LT3Ha8,pitch,0,0.4736110675736393
LT3Ha8,pitch,1,0.536357271976845
LT3Ha8,speech,0,0.531349591966814
LT3Ha8,speech,1,0.4955905248529304
LT3Ha8,volume,0,0.4863483903325915
LT3Ha8,volume,1,0.5015568999926857
LT3Ha8,word_gap,0,0.48655913978494625
LT3Ha8,word_gap,1,0.49783352172274875
LT3Ha8,word_head_pos,0,0.5306468971714575
LT3Ha8,word_head_pos,1,0.5317283679717459
LT3Ha8,word_index,0,0.49389053254437865
LT3Ha8,word_index,1,0.4811242603550296
LT3Ha8,word_length,0,0.5243148072683197
LT3Ha8,word_length,1,0.49844832450393395
LT3Ha8,word_part_speech,0,0.48351021622693907
LT3Ha8,word_part_speech,1,0.5058830093235469
LT1aIb7,delta_volume,0,0.5169064710615132
LT1aIb7,delta_volume,1,0.49963428523661746
LT1aIb7,face_num,0,0.484869857789202
LT1aIb7,face_num,1,0.47946250378776006
LT1aIb7,frame_brightness,0,0.48174038431397137
LT1aIb7,frame_brightness,1,0.4451558467341672
LT1aIb7,global_flow,0,0.5150152032851635
LT1aIb7,global_flow,1,0.5208196190297064
LT1aIb7,gpt2_surprisal,0,0.49668766914307805
LT1aIb7,gpt2_surprisal,1,0.49810873222365026
LT1aIb7,local_flow,0,0.497609792796464
LT1aIb7,local_flow,1,0.48677679905541094
LT1aIb7,onset,0,0.505372661826705
LT1aIb7,onset,1,0.5002815700957338
LT1aIb7,pitch,0,0.5005328986552146
LT1aIb7,pitch,1,0.5102713603544299
LT1aIb7,speech,0,0.49945142785492613
LT1aIb7,speech,1,0.5056215583628517
LT1aIb7,volume,0,0.4888352507235928
LT1aIb7,volume,1,0.511587933502607
LT1aIb7,word_gap,0,0.4650030432136336
LT1aIb7,word_gap,1,0.5130278526504941
LT1aIb7,word_head_pos,0,0.536106496139097
LT1aIb7,word_head_pos,1,0.5208770884925238
LT1aIb7,word_index,0,0.4922337278106509
LT1aIb7,word_index,1,0.4825887573964497
LT1aIb7,word_length,0,0.5158250002612248
LT1aIb7,word_length,1,0.5009456338881748
LT1aIb7,word_part_speech,0,0.5070174568537988
LT1aIb7,word_part_speech,1,0.5079225352112676
LF3aOFa10,delta_volume,0,0.5111543002831678
LF3aOFa10,delta_volume,1,0.5283219961756684
LF3aOFa10,face_num,0,0.5022360845532533
LF3aOFa10,face_num,1,0.4721743310032079
LF3aOFa10,frame_brightness,0,0.5122775670564141
LF3aOFa10,frame_brightness,1,0.5181812482367323
LF3aOFa10,global_flow,0,0.48328683531341754
LF3aOFa10,global_flow,1,0.4663072212992278
LF3aOFa10,gpt2_surprisal,0,0.4644368515093571
LF3aOFa10,gpt2_surprisal,1,0.4735379246209628
LF3aOFa10,local_flow,0,0.5044617201132671
LF3aOFa10,local_flow,1,0.5279510569156662
LF3aOFa10,onset,0,0.4991857297231481
LF3aOFa10,onset,1,0.4944446981111973
LF3aOFa10,pitch,0,0.5177214925341943
LF3aOFa10,pitch,1,0.5363468229836056
LF3aOFa10,speech,0,0.5265613408148124
LF3aOFa10,speech,1,0.45539847235718833
LF3aOFa10,volume,0,0.5100754417311892
LF3aOFa10,volume,1,0.49946187684816573
LF3aOFa10,word_gap,0,0.5012027939599455
LF3aOFa10,word_gap,1,0.46003246094542505
LF3aOFa10,word_head_pos,0,0.47922740143987125
LF3aOFa10,word_head_pos,1,0.5159817351598174
LF3aOFa10,word_index,0,0.4638017751479291
LF3aOFa10,word_index,1,0.4925295857988166
LF3aOFa10,word_length,0,0.5004022862397208
LF3aOFa10,word_length,1,0.5082494801625863
LF3aOFa10,word_part_speech,0,0.47437264431660386
LF3aOFa10,word_part_speech,1,0.47726145606030546
LF3bIa6,delta_volume,0,0.5106997690772495
LF3bIa6,delta_volume,1,0.498239344639144
LF3bIa6,face_num,0,0.515360020062067
LF3bIa6,face_num,1,0.5096026247871017
LF3bIa6,frame_brightness,0,0.49077876346614
LF3bIa6,frame_brightness,1,0.5022256355600139
LF3bIa6,global_flow,0,0.4838981014179284
LF3bIa6,global_flow,1,0.46130215353750664
LF3bIa6,gpt2_surprisal,0,0.5050468637346792
LF3bIa6,gpt2_surprisal,1,0.49269615372558856
LF3bIa6,local_flow,0,0.49726236377125066
LF3bIa6,local_flow,1,0.49982236711492845
LF3bIa6,onset,0,0.5010501803570613
LF3bIa6,onset,1,0.517579105976896
LF3bIa6,pitch,0,0.4852407970492043
LF3bIa6,pitch,1,0.4795513202302958
LF3bIa6,speech,0,0.49540244297461944
LF3bIa6,speech,1,0.48793663730499565
LF3bIa6,volume,0,0.48112389371284076
LF3bIa6,volume,1,0.4856692057720239
LF3bIa6,word_gap,0,0.5112381532040692
LF3bIa6,word_gap,1,0.4617207199373967
LF3bIa6,word_head_pos,0,0.4943366456641902
LF3bIa6,word_head_pos,1,0.4904966406486735
LF3bIa6,word_index,0,0.46230769230769236
LF3bIa6,word_index,1,0.47704142011834316
LF3bIa6,word_length,0,0.5050155167549606
LF3bIa6,word_length,1,0.5163631234130591
LF3bIa6,word_part_speech,0,0.4548204721285459
LF3bIa6,word_part_speech,1,0.4670948224558619
LT2bHb7,delta_volume,0,0.48252928330355366
LT2bHb7,delta_volume,1,0.4564694941642373
LT2bHb7,face_num,0,0.4981714261830873
LT2bHb7,face_num,1,0.48698055442358124
LT2bHb7,frame_brightness,0,0.49414333928925946
LT2bHb7,frame_brightness,1,0.4926595822492502
LT2bHb7,global_flow,0,0.4705756350375641
LT2bHb7,global_flow,1,0.5024398399214236
LT2bHb7,gpt2_surprisal,0,0.4999007345642248
LT2bHb7,gpt2_surprisal,1,0.5333270639373897
LT2bHb7,local_flow,0,0.4689037961192438
LT2bHb7,local_flow,1,0.4792065034533922
LT2bHb7,onset,0,0.47526749159094717
LT2bHb7,onset,1,0.48271768412401267
LT2bHb7,pitch,0,0.4829472430331338
LT2bHb7,pitch,1,0.5333584109171081
LT2bHb7,speech,0,0.49070039601684373
LT2bHb7,speech,1,0.48383018296187164
LT2bHb7,volume,0,0.4837570400091951
LT2bHb7,volume,1,0.5003082453005653
LT2bHb7,word_gap,0,0.48163203199721766
LT2bHb7,word_gap,1,0.4994710604874939
LT2bHb7,word_head_pos,0,0.5080509492910358
LT2bHb7,word_head_pos,1,0.5426266679205458
LT2bHb7,word_index,0,0.47356508875739645
LT2bHb7,word_index,1,0.5082100591715977
LT2bHb7,word_length,0,0.5162325109975653
LT2bHb7,word_length,1,0.5077792754668088
LT2bHb7,word_part_speech,0,0.48121652449910735
LT2bHb7,word_part_speech,1,0.49660285657607617
LT1cCd7,delta_volume,0,0.5214047626511186
LT1cCd7,delta_volume,1,0.4851101846337106
LT1cCd7,face_num,0,0.5005328986552146
LT1cCd7,face_num,1,0.4550170841039466
LT1cCd7,frame_brightness,0,0.4948120748565875
LT1cCd7,frame_brightness,1,0.49438889063038777
LT1cCd7,global_flow,0,0.4739611088471626
LT1cCd7,global_flow,1,0.4559339832607129
LT1cCd7,gpt2_surprisal,0,0.518505167027157
LT1cCd7,gpt2_surprisal,1,0.517789410990251
LT1cCd7,local_flow,0,0.48948308830444187
LT1cCd7,local_flow,1,0.5123402610158512
LT1cCd7,onset,0,0.5238725781166765
LT1cCd7,onset,1,0.5249303684763252
LT1cCd7,pitch,0,0.49618089297096224
LT1cCd7,pitch,1,0.5428617702684346
LT1cCd7,speech,0,0.5071105398994807
LT1cCd7,speech,1,0.5095399308276648
LT1cCd7,volume,0,0.494028400363625
LT1cCd7,volume,1,0.5156996123423508
LT1cCd7,word_gap,0,0.484052111410602
LT1cCd7,word_gap,1,0.4906167579630757
LT1cCd7,word_head_pos,0,0.49231998996896653
LT1cCd7,word_head_pos,1,0.5166765932102442
LT1cCd7,word_index,0,0.48215976331360944
LT1cCd7,word_index,1,0.5195562130177515
LT1cCd7,word_length,0,0.5286406904694733
LT1cCd7,word_length,1,0.5295549773779297
LT1cCd7,word_part_speech,0,0.4751165443364412
LT1cCd7,word_part_speech,1,0.4974087482642333
LT1bId3,delta_volume,0,0.4786213598319802
LT1bId3,delta_volume,1,0.4783131145314149
LT1bId3,face_num,0,0.4899846399799379
LT1bId3,face_num,1,0.47024649175051986
LT1bId3,frame_brightness,0,0.5327471448125973
LT1bId3,frame_brightness,1,0.5179461458888436
LT1bId3,global_flow,0,0.4937410530495387
LT1bId3,global_flow,1,0.48746120811259835
LT1bId3,gpt2_surprisal,0,0.5490110027898812
LT1bId3,gpt2_surprisal,1,0.5370730280137509
LT1bId3,local_flow,0,0.4810716487466432
LT1bId3,local_flow,1,0.4799170349936784
LT1bId3,onset,0,0.5587416099721474
LT1bId3,onset,1,0.519854496750529
LT1bId3,pitch,0,0.5548049695411847
LT1bId3,pitch,1,0.5292415075807446
LT1bId3,speech,0,0.5263314629635435
LT1bId3,speech,1,0.477722746413383
LT1bId3,volume,0,0.48216879303679094
LT1bId3,volume,1,0.4931350114416476
LT1bId3,word_gap,0,0.5564371214097326
LT1bId3,word_gap,1,0.514563950960786
LT1bId3,word_head_pos,0,0.5153338975789683
LT1bId3,word_head_pos,1,0.5271673824227036
LT1bId3,word_index,0,0.4608431952662722
LT1bId3,word_index,1,0.5184171597633136
LT1bId3,word_length,0,0.5786182251340083
LT1bId3,word_length,1,0.5424438105388546
LT1bId3,word_part_speech,0,0.47443463598492364
LT1bId3,word_part_speech,1,0.512001586986709
LF3cIc7,delta_volume,0,0.5221257431846442
LF3cIc7,delta_volume,1,0.48117091418241853
LF3cIc7,face_num,0,0.520474802252803
LF3cIc7,face_num,1,0.5029048201205815
LF3cIc7,frame_brightness,0,0.5115461375296491
LF3cIc7,frame_brightness,1,0.49815575269322804
LF3cIc7,global_flow,0,0.48465042893117244
LF3cIc7,global_flow,1,0.4581674555656562
LF3cIc7,gpt2_surprisal,0,0.5112796882020417
LF3cIc7,gpt2_surprisal,1,0.5204068837967462
LF3cIc7,local_flow,0,0.48098283230410754
LF3cIc7,local_flow,1,0.4763278058159096
LF3cIc7,onset,0,0.46955998965039647
LF3cIc7,onset,1,0.49818881938419857
LF3cIc7,pitch,0,0.4915467644692434
LF3cIc7,pitch,1,0.5076852345276532
LF3cIc7,speech,0,0.480575321567767
LF3cIc7,speech,1,0.4807947504257965
LF3cIc7,volume,0,0.5039026989749538
LF3cIc7,volume,1,0.48453549000553797
LF3cIc7,word_gap,0,0.5052604121380749
LF3cIc7,word_gap,1,0.49778280149552206
LF3cIc7,word_head_pos,0,0.5109923408879554
LF3cIc7,word_head_pos,1,0.5005955926146516
LF3cIc7,word_index,0,0.5048224852071006
LF3cIc7,word_index,1,0.5153550295857988
LF3cIc7,word_length,0,0.49202741815826045
LF3cIc7,word_length,1,0.5309185709956845
LF3cIc7,word_part_speech,0,0.4484105336242809
LF3cIc7,word_part_speech,1,0.509211961912319
LF1aCaOF9,delta_volume,0,0.5014106140873327
LF1aCaOF9,delta_volume,1,0.4727751481144791
LF1aCaOF9,face_num,0,0.49387688996165213
LF1aCaOF9,face_num,1,0.490486191655434
LF1aCaOF9,frame_brightness,0,0.4934589302320721
LF1aCaOF9,frame_brightness,1,0.49110790675318433
LF1aCaOF9,global_flow,0,0.4971160778658976
LF1aCaOF9,global_flow,1,0.4597086820684827
LF1aCaOF9,gpt2_surprisal,0,0.5014262875771919
LF1aCaOF9,gpt2_surprisal,1,0.5244401951871938
LF1aCaOF9,local_flow,0,0.49081533494247825
LF1aCaOF9,local_flow,1,0.4939134614379905
LF1aCaOF9,onset,0,0.4808912835030364
LF1aCaOF9,onset,1,0.4901450466493158
LF1aCaOF9,pitch,0,0.5095608288141438
LF1aCaOF9,pitch,1,0.5227422337857748
LF1aCaOF9,speech,0,0.4857998181875177
LF1aCaOF9,speech,1,0.47454625246857474
LF1aCaOF9,volume,0,0.49690709800110766
LF1aCaOF9,volume,1,0.4939657064041879
LF1aCaOF9,word_gap,0,0.4944352664985654
LF1aCaOF9,word_gap,1,0.47153870677912074
LF1aCaOF9,word_head_pos,0,0.5009978788543724
LF1aCaOF9,word_head_pos,1,0.4927588476850255
LF1aCaOF9,word_index,0,0.47569526627218933
LF1aCaOF9,word_index,1,0.49729289940828403
LF1aCaOF9,word_length,0,0.5060813140653898
LF1aCaOF9,word_length,1,0.49808783423717123
LF1aCaOF9,word_part_speech,0,0.4443686768498314
LF1aCaOF9,word_part_speech,1,0.5134397936917279
RF1aCaOF5,delta_volume,0,0.5698097238331087
RF1aCaOF5,delta_volume,1,0.5295497528813098
RF1aCaOF5,face_num,0,0.49217892856023326
RF1aCaOF5,face_num,1,0.47920127895677256
RF1aCaOF5,frame_brightness,0,0.4470131552824886
RF1aCaOF5,frame_brightness,1,0.420221936616407
RF1aCaOF5,global_flow,0,0.4964943627681473
RF1aCaOF5,global_flow,1,0.4861759819441397
RF1aCaOF5,gpt2_surprisal,0,0.5282122817466537
RF1aCaOF5,gpt2_surprisal,1,0.5428513212751952
RF1aCaOF5,local_flow,0,0.5034324942791761
RF1aCaOF5,local_flow,1,0.4729527809995507
RF1aCaOF5,onset,0,0.5147177450040333
RF1aCaOF5,onset,1,0.5108214236792841
RF1aCaOF5,pitch,0,0.5189179022601172
RF1aCaOF5,pitch,1,0.5207308025871707
RF1aCaOF5,speech,0,0.5136045891978307
RF1aCaOF5,speech,1,0.47729433769056345
RF1aCaOF5,volume,0,0.5168124301223578
RF1aCaOF5,volume,1,0.5183484321285644
RF1aCaOF5,word_gap,0,0.5101440454453237
RF1aCaOF5,word_gap,1,0.5040576181781294
RF1aCaOF5,word_head_pos,0,0.49867820235520305
RF1aCaOF5,word_head_pos,1,0.49628015840673756
RF1aCaOF5,word_index,0,0.49328402366863905
RF1aCaOF5,word_index,1,0.541612426035503
RF1aCaOF5,word_length,0,0.5213890891612594
RF1aCaOF5,word_length,1,0.502178615090436
RF1aCaOF5,word_part_speech,0,0.4881347946835945
RF1aCaOF5,word_part_speech,1,0.5000495933346558
LF1bCb1,delta_volume,0,0.5571089725504947
LF1bCb1,delta_volume,1,0.5178730029361671
LF1bCb1,face_num,0,0.5114991170600712
LF1bCb1,face_num,1,0.5084427865375172
LF1bCb1,frame_brightness,0,0.44496776485585615
LF1bCb1,frame_brightness,1,0.4471124207182638
LF1bCb1,global_flow,0,0.4898853745441627
LF1bCb1,global_flow,1,0.4881560661630252
LF1bCb1,gpt2_surprisal,0,0.519445576418712
LF1bCb1,gpt2_surprisal,1,0.5212166807728075
LF1bCb1,local_flow,0,0.47279604610095816
LF1bCb1,local_flow,1,0.46879930618684895
LF1bCb1,onset,0,0.5114758839018005
LF1bCb1,onset,1,0.5253032586031079
LF1bCb1,pitch,0,0.525252604411565
LF1bCb1,pitch,1,0.5373812733143162
LF1bCb1,speech,0,0.49547558592729585
LF1bCb1,speech,1,0.4864999007345643
LF1bCb1,volume,0,0.5236303982111323
LF1bCb1,volume,1,0.5125440163840215
LF1bCb1,word_gap,0,0.4883850679651045
LF1bCb1,word_gap,1,0.5178100455032896
LF1bCb1,word_head_pos,0,0.5064470288287723
LF1bCb1,word_head_pos,1,0.4979310993385787
LF1bCb1,word_index,0,0.45242603550295857
LF1bCb1,word_index,1,0.5060650887573965
LF1bCb1,word_length,0,0.5319268988432965
LF1bCb1,word_length,1,0.48396601987398513
LF1bCb1,word_part_speech,0,0.5075381868676849
LF1bCb1,word_part_speech,1,0.5134893870263837
RF1bCb3,delta_volume,0,0.5173192062944736
RF1bCb3,delta_volume,1,0.5024189419349445
RF1bCb3,face_num,0,0.5064888248017303
RF1bCb3,face_num,1,0.5037564130696007
RF1bCb3,frame_brightness,0,0.5042631892417165
RF1bCb3,frame_brightness,1,0.48005809640241165
RF1bCb3,global_flow,0,0.5163474499231999
RF1bCb3,global_flow,1,0.4543744710197173
RF1bCb3,gpt2_surprisal,0,0.5315664085765337
RF1bCb3,gpt2_surprisal,1,0.4946501154613753
RF1bCb3,local_flow,0,0.47947295278099955
RF1bCb3,local_flow,1,0.42262520506149226
RF1bCb3,onset,0,0.5174421259303228
RF1bCb3,onset,1,0.5102582834878164
RF1bCb3,pitch,0,0.5015046550264882
RF1bCb3,pitch,1,0.5133538133600828
RF1bCb3,speech,0,0.4652675464718974
RF1bCb3,speech,1,0.4682559585383948
RF1bCb3,volume,0,0.5291474666415891
RF1bCb3,volume,1,0.5010083278476118
RF1bCb3,word_gap,0,0.5263672724110946
RF1bCb3,word_gap,1,0.5226864330637916
RF1bCb3,word_head_pos,0,0.4692172659164289
RF1bCb3,word_head_pos,1,0.48799410676781296
RF1bCb3,word_index,0,0.5091568047337278
RF1bCb3,word_index,1,0.4960502958579882
RF1bCb3,word_length,0,0.5423393206064595
RF1bCb3,word_length,1,0.48473924537370827
RF1bCb3,word_part_speech,0,0.49589615155723066
RF1bCb3,word_part_speech,1,0.5129314620115056
LF1cCc5,delta_volume,0,0.536628945801072
LF1cCc5,delta_volume,1,0.4654765263366875
LF1cCc5,face_num,0,0.49416423727573855
LF1cCc5,face_num,1,0.5046602509848177
LF1cCc5,frame_brightness,0,0.5116036069924662
LF1cCc5,frame_brightness,1,0.4518301411658987
LF1cCc5,global_flow,0,0.5332225740049946
LF1cCc5,global_flow,1,0.4878164738827414
LF1cCc5,gpt2_surprisal,0,0.5143360187245959
LF1cCc5,gpt2_surprisal,1,0.5037198415932624
LF1cCc5,local_flow,0,0.48155230243566033
LF1cCc5,local_flow,1,0.46808877464656273
LF1cCc5,onset,0,0.5250749585254859
LF1cCc5,onset,1,0.5515882075399906
LF1cCc5,pitch,0,0.5075807445952583
LF1cCc5,pitch,1,0.5097959311620326
LF1cCc5,speech,0,0.5419265853734992
LF1cCc5,speech,1,0.5282227307398932
LF1cCc5,volume,0,0.5151144687209388
LF1cCc5,volume,1,0.4943784416371483
LF1cCc5,word_gap,0,0.5265194330927746
LF1cCc5,word_gap,1,0.5087673535634583
LF1cCc5,word_head_pos,0,0.526028442159598
LF1cCc5,word_head_pos,1,0.5073978872135669
LF1cCc5,word_index,0,0.4552218934911243
LF1cCc5,word_index,1,0.4740236686390532
LF1cCc5,word_length,0,0.48365777457341985
LF1cCc5,word_length,1,0.46268664514174057
LF1cCc5,word_part_speech,0,0.5007067050188454
LF1cCc5,word_part_speech,1,0.5587433048998214
RF1cCc5,delta_volume,0,0.5585404846243065
RF1cCc5,delta_volume,1,0.4905959060844487
RF1cCc5,face_num,0,0.5329979206503453
RF1cCc5,face_num,1,0.51906941266209
RF1cCc5,frame_brightness,0,0.494258278214894
RF1cCc5,frame_brightness,1,0.48416193849722583
RF1cCc5,global_flow,0,0.5072202543284955
RF1cCc5,global_flow,1,0.5028264526712851
RF1cCc5,gpt2_surprisal,0,0.5233534998902856
RF1cCc5,gpt2_surprisal,1,0.5165094093184123
RF1cCc5,local_flow,0,0.5111229533034493
RF1cCc5,local_flow,1,0.5164049193860171
RF1cCc5,onset,0,0.5376086327869352
RF1cCc5,onset,1,0.5106463936197738
RF1cCc5,pitch,0,0.5091115221048451
RF1cCc5,pitch,1,0.5153704690553065
RF1cCc5,speech,0,0.5555834195375275
RF1cCc5,speech,1,0.48203556837298733
RF1cCc5,volume,0,0.5470883880338129
RF1cCc5,volume,1,0.5123089140361325
RF1cCc5,word_gap,0,0.51032518911399
RF1cCc5,word_gap,1,0.49655102454858996
RF1cCc5,word_head_pos,0,0.469718817591925
RF1cCc5,word_head_pos,1,0.4670282018327534
RF1cCc5,word_index,0,0.48020710059171595
RF1cCc5,word_index,1,0.46377218934911246
RF1cCc5,word_length,0,0.5418429934275832
RF1cCc5,word_length,1,0.49398660439066694
RF1cCc5,word_part_speech,0,0.5699513985320374
RF1cCc5,word_part_speech,1,0.5594128149176751
LT2aA9,delta_volume,0,0.5204643532595634
LT2aA9,delta_volume,1,0.4896607211895134
LT2aA9,face_num,0,0.4937515020427782
LT2aA9,face_num,1,0.48470267389737
LT2aA9,frame_brightness,0,0.5069172335245499
LT2aA9,frame_brightness,1,0.4813485470674901
LT2aA9,global_flow,0,0.4950001567348986
LT2aA9,global_flow,1,0.488286678578519
LT2aA9,gpt2_surprisal,0,0.4882553315988004
LT2aA9,gpt2_surprisal,1,0.5248790529032528
LT2aA9,local_flow,0,0.5066978046665205
LT2aA9,local_flow,1,0.49609730102504623
LT2aA9,onset,0,0.5024960808486675
LT2aA9,onset,1,0.5312999406419798
LT2aA9,pitch,0,0.48222103800298843
LT2aA9,pitch,1,0.5201717814488573
LT2aA9,speech,0,0.4736006185803998
LT2aA9,speech,1,0.5084845825104751
LT2aA9,volume,0,0.4901570483683897
LT2aA9,volume,1,0.4999686530202815
LT2aA9,word_gap,0,0.48929803205518363
LT2aA9,word_gap,1,0.501724487725705
LT2aA9,word_head_pos,0,0.5352444541968381
LT2aA9,word_head_pos,1,0.516326551936721
LT2aA9,word_index,0,0.49025147928994084
LT2aA9,word_index,1,0.4849852071005917
LT2aA9,word_length,0,0.49288946010051926
LT2aA9,word_length,1,0.492560316813475
LT2aA9,word_part_speech,0,0.498611386629637
LT2aA9,word_part_speech,1,0.5216350922436024
LT3Ha9,delta_volume,0,0.5187507183682852
LT3Ha9,delta_volume,1,0.4724982497936324
LT3Ha9,face_num,0,0.49931559094281264
LT3Ha9,face_num,1,0.47735703165000054
LT3Ha9,frame_brightness,0,0.4848855312790612
LT3Ha9,frame_brightness,1,0.48471312289060947
LT3Ha9,global_flow,0,0.5067761721158166
LT3Ha9,global_flow,1,0.5356624139264181
LT3Ha9,gpt2_surprisal,0,0.5066142127206044
LT3Ha9,gpt2_surprisal,1,0.532877757228091
LT3Ha9,local_flow,0,0.5159347146902395
LT3Ha9,local_flow,1,0.5100258090133016
LT3Ha9,onset,0,0.5181346361657764
LT3Ha9,onset,1,0.46991004976941697
LT3Ha9,pitch,0,0.4669759568665559
LT3Ha9,pitch,1,0.505679027825669
LT3Ha9,speech,0,0.5368222521760028
LT3Ha9,speech,1,0.5208770884925237
LT3Ha9,volume,0,0.4802514027773424
LT3Ha9,volume,1,0.5008359194591601
LT3Ha9,word_gap,0,0.49140654435846154
LT3Ha9,word_gap,1,0.4697055328522157
LT3Ha9,word_head_pos,0,0.5334002068900661
LT3Ha9,word_head_pos,1,0.5097123392161165
LT3Ha9,word_index,0,0.49147928994082846
LT3Ha9,word_index,1,0.46149408284023663
LT3Ha9,word_length,0,0.5151249177141782
LT3Ha9,word_length,1,0.47931621788240697
LT3Ha9,word_part_speech,0,0.48957300138861337
LT3Ha9,word_part_speech,1,0.5003595516762547
LT1aIb8,delta_volume,0,0.5126694043028954
LT1aIb8,delta_volume,1,0.5015464509994463
LT1aIb8,face_num,0,0.4906586000438858
LT1aIb8,face_num,1,0.4846504289311725
LT1aIb8,frame_brightness,0,0.48317712088440284
LT1aIb8,frame_brightness,1,0.46172011326708673
LT1aIb8,global_flow,0,0.5193515354795565
LT1aIb8,global_flow,1,0.5202919448711117
LT1aIb8,gpt2_surprisal,0,0.49844832450393406
LT1aIb8,gpt2_surprisal,1,0.513369486849942
LT1aIb8,local_flow,0,0.501760655360856
LT1aIb8,local_flow,1,0.4897965581016269
LT1aIb8,onset,0,0.5250597385203111
LT1aIb8,onset,1,0.5112095338112416
LT1aIb8,pitch,0,0.49794154833181825
LT1aIb8,pitch,1,0.51446140664347
LT1aIb8,speech,0,0.5162534089840444
LT1aIb8,speech,1,0.4840443873232814
LT1aIb8,volume,0,0.4816829148511541
LT1aIb8,volume,1,0.5125753633637399
LT1aIb8,word_gap,0,0.47442975973103785
LT1aIb8,word_gap,1,0.4941273222618323
LT1aIb8,word_head_pos,0,0.530678244151176
LT1aIb8,word_head_pos,1,0.5206890066142127
LT1aIb8,word_index,0,0.49461538461538457
LT1aIb8,word_index,1,0.502603550295858
LT1aIb8,word_length,0,0.5281600367804562
LT1aIb8,word_length,1,0.516702715693343
LT1aIb8,word_part_speech,0,0.49409839317595716
LT1aIb8,word_part_speech,1,0.5154359254116248
LF3aOFa11,delta_volume,0,0.5157414083153088
LF3aOFa11,delta_volume,1,0.5247379914945195
LF3aOFa11,face_num,0,0.4828845490736967
LF3aOFa11,face_num,1,0.475606825282384
LF3aOFa11,frame_brightness,0,0.5109609939082369
LF3aOFa11,frame_brightness,1,0.5044042506504498
LF3aOFa11,global_flow,0,0.46735734511979765
LF3aOFa11,global_flow,1,0.47293188301307176
LF3aOFa11,gpt2_surprisal,0,0.49302007251601304
LF3aOFa11,gpt2_surprisal,1,0.46991212396685583
LF3aOFa11,local_flow,0,0.475376947431115
LF3aOFa11,local_flow,1,0.5219115388232344
LF3aOFa11,onset,0,0.4967200888848302
LF3aOFa11,onset,1,0.4842701246518424
LF3aOFa11,pitch,0,0.5224601109683081
LF3aOFa11,pitch,1,0.5287869763748263
LF3aOFa11,speech,0,0.4844989185291997
LF3aOFa11,speech,1,0.4941067678129213
LF3aOFa11,volume,0,0.5010605728138093
LF3aOFa11,volume,1,0.5110602593440121
LF3aOFa11,word_gap,0,0.487182274005159
LF3aOFa11,word_gap,1,0.48658087702518626
LF3aOFa11,word_head_pos,0,0.5157884287848866
LF3aOFa11,word_head_pos,1,0.5176326760916585
LF3aOFa11,word_index,0,0.4602662721893491
LF3aOFa11,word_index,1,0.48461538461538467
LF3aOFa11,word_length,0,0.4752463350156213
LF3aOFa11,word_length,1,0.5312790612624474
LF3aOFa11,word_part_speech,0,0.4710374925609998
LF3aOFa11,word_part_speech,1,0.5000247966673279
LF3bIa7,delta_volume,0,0.49851624295999086
LF3bIa7,delta_volume,1,0.4889240671661285
LF3bIa7,face_num,0,0.5241946438460654
LF3bIa7,face_num,1,0.5162952049570024
LF3bIa7,frame_brightness,0,0.47598821353562587
LF3bIa7,frame_brightness,1,0.5336300847413352
LF3bIa7,global_flow,0,0.5238498270691619
LF3bIa7,global_flow,1,0.48437875510694545
LF3bIa7,gpt2_surprisal,0,0.5054073540014419
LF3bIa7,gpt2_surprisal,1,0.4788721356697282
LF3bIa7,local_flow,0,0.5365819253314943
LF3bIa7,local_flow,1,0.5059611506431355
LF3bIa7,onset,0,0.49458928816035796
LF3bIa7,onset,1,0.5089950230583078
LF3bIa7,pitch,0,0.5022099620701546
LF3bIa7,pitch,1,0.5361874758367031
LF3bIa7,speech,0,0.4980617117540725
LF3bIa7,speech,1,0.4722109024795461
LF3bIa7,volume,0,0.5037198415932624
LF3bIa7,volume,1,0.4970533839064606
LF3bIa7,word_gap,0,0.4927035330261137
LF3bIa7,word_gap,1,0.462800336202649
LF3bIa7,word_head_pos,0,0.49490089129912335
LF3bIa7,word_head_pos,1,0.49209533661431726
LF3bIa7,word_index,0,0.4758875739644971
LF3bIa7,word_index,1,0.48266272189349113
LF3bIa7,word_length,0,0.49393435942446945
LF3bIa7,word_length,1,0.5059036811803184
LF3bIa7,word_part_speech,0,0.491618726443166
LF3bIa7,word_part_speech,1,0.5246230906566157
LT2bHb8,delta_volume,0,0.4981400792033687
LT2bHb8,delta_volume,1,0.47371033300941456
LT2bHb8,face_num,0,0.4856639812754041
LT2bHb8,face_num,1,0.4726863316719434
LT2bHb8,frame_brightness,0,0.5007366540233849
LT2bHb8,frame_brightness,1,0.49670334263293736
LT2bHb8,global_flow,0,0.4733184957629332
LT2bHb8,global_flow,1,0.5088973177434354
LT2bHb8,gpt2_surprisal,0,0.49238268392840356
LT2bHb8,gpt2_surprisal,1,0.5206158636615363
LT2bHb8,local_flow,0,0.4969332204842063
LT2bHb8,local_flow,1,0.4986311818856253
LT2bHb8,onset,0,0.4640427377745308
LT2bHb8,onset,1,0.46314475746921757
LT2bHb8,pitch,0,0.47508437562040895
LT2bHb8,pitch,1,0.4998850610743655
LT2bHb8,speech,0,0.4768084595049268
LT2bHb8,speech,1,0.47385139441814783
LT2bHb8,volume,0,0.48552291986667084
LT2bHb8,volume,1,0.49658840370730284
LT2bHb8,word_gap,0,0.4857693533895604
LT2bHb8,word_gap,1,0.5021230037967713
LT2bHb8,word_head_pos,0,0.5112169942426047
LT2bHb8,word_head_pos,1,0.5390374387427771
LT2bHb8,word_index,0,0.4920710059171598
LT2bHb8,word_index,1,0.5403994082840236
LT2bHb8,word_length,0,0.4843839796035652
LT2bHb8,word_length,1,0.48112389371284076
LT2bHb8,word_part_speech,0,0.4921146597897243
LT2bHb8,word_part_speech,1,0.5024176750644713
LT1cCd8,delta_volume,0,0.5217025589584444
LT1cCd8,delta_volume,1,0.4761553974274578
LT1cCd8,face_num,0,0.5051252311839755
LT1cCd8,face_num,1,0.4633553807090687
LT1cCd8,frame_brightness,0,0.49853714094646984
LT1cCd8,frame_brightness,1,0.5039497194445315
LT1cCd8,global_flow,0,0.4762076423936554
LT1cCd8,global_flow,1,0.44252008818950295
LT1cCd8,gpt2_surprisal,0,0.522298151573096
LT1cCd8,gpt2_surprisal,1,0.5101773194152743
LT1cCd8,local_flow,0,0.4910974577599448
LT1cCd8,local_flow,1,0.5030929019988924
LT1cCd8,onset,0,0.5150868301295223
LT1cCd8,onset,1,0.5159733954309543
LT1cCd8,pitch,0,0.4959092191467352
LT1cCd8,pitch,1,0.5391680511582709
LT1cCd8,speech,0,0.5023092275059298
LT1cCd8,speech,1,0.5124238529617671
LT1cCd8,volume,0,0.4932708483537611
LT1cCd8,volume,1,0.5042213932687586
LT1cCd8,word_gap,0,0.4839941454366287
LT1cCd8,word_gap,1,0.4924064574095006
LT1cCd8,word_head_pos,0,0.4914004785638904
LT1cCd8,word_head_pos,1,0.5199680260806872
LT1cCd8,word_index,0,0.4919526627218934
LT1cCd8,word_index,1,0.5163313609467455
LT1cCd8,word_length,0,0.513682956647127
LT1cCd8,word_length,1,0.515798877778126
LT1cCd8,word_part_speech,0,0.4708763142233684
LT1cCd8,word_part_speech,1,0.49880975996826027
LT1bId4,delta_volume,0,0.5850443559763017
LT1bId4,delta_volume,1,0.499749224162252
LT1bId4,face_num,0,0.5083487455983615
LT1bId4,face_num,1,0.48121271015537653
LT1bId4,frame_brightness,0,0.515443612007983
LT1bId4,frame_brightness,1,0.49844832450393406
LT1bId4,global_flow,0,0.5179513703854633
LT1bId4,global_flow,1,0.5197642707125169
LT1bId4,gpt2_surprisal,0,0.5382642132430541
LT1bId4,gpt2_surprisal,1,0.5394762964588362
LT1bId4,local_flow,0,0.48474969436694776
LT1bId4,local_flow,1,0.4994879993312644
LT1bId4,onset,0,0.5673865729114347
LT1bId4,onset,1,0.5025569608693667
LT1bId4,pitch,0,0.5026697177726926
LT1bId4,pitch,1,0.5062432734606022
LT1bId4,speech,0,0.48432651014074796
LT1bId4,speech,1,0.4504613230515239
LT1bId4,volume,0,0.499749224162252
LT1bId4,volume,1,0.5028369016645247
LT1bId4,word_gap,0,0.5273744312088804
LT1bId4,word_gap,1,0.5001014404544531
LT1bId4,word_head_pos,0,0.5177319415274338
LT1bId4,word_head_pos,1,0.516702715693343
LT1bId4,word_index,0,0.557707100591716
LT1bId4,word_index,1,0.5058136094674556
LT1bId4,word_length,0,0.5058566607107405
LT1bId4,word_length,1,0.48511018463371053
LT1bId4,word_part_speech,0,0.5004463400119025
LT1bId4,word_part_speech,1,0.47355435429478276
LF3cIc8,delta_volume,0,0.5025809013301569
LF3cIc8,delta_volume,1,0.475188865552804
LF3cIc8,face_num,0,0.5056163338662321
LF3cIc8,face_num,1,0.4832816108167978
LF3cIc8,frame_brightness,0,0.5206367616480152
LF3cIc8,frame_brightness,1,0.5111647492764072
LF3cIc8,global_flow,0,0.4881978621359832
LF3cIc8,global_flow,1,0.46415472869189056
LF3cIc8,gpt2_surprisal,0,0.5100153600200621
LF3cIc8,gpt2_surprisal,1,0.5296542428137049
LF3cIc8,local_flow,0,0.4862543493934359
LF3cIc8,local_flow,1,0.46269709413498006
LF3cIc8,onset,0,0.5047182016041885
LF3cIc8,onset,1,0.5303182503082051
LF3cIc8,pitch,0,0.4754344168939323
LF3cIc8,pitch,1,0.5134060583262803
LF3cIc8,speech,0,0.4729893524758889
LF3cIc8,speech,1,0.5024868603910013
LF3cIc8,volume,0,0.4853400624849796
LF3cIc8,volume,1,0.49519346310982937
LF3cIc8,word_gap,0,0.5032098658087703
LF3cIc8,word_gap,1,0.5071008318117266
LF3cIc8,word_head_pos,0,0.496102525521666
LF3cIc8,word_head_pos,1,0.4966145261904016
LF3cIc8,word_index,0,0.5152810650887574
LF3cIc8,word_index,1,0.5022781065088757
LF3cIc8,word_length,0,0.4879888822711932
LF3cIc8,word_length,1,0.5099892375369632
LF3cIc8,word_part_speech,0,0.4926477881372744
LF3cIc8,word_part_speech,1,0.5033227534219401
LF1aCaOF10,delta_volume,0,0.49784228289604293
LF1aCaOF10,delta_volume,1,0.5025809013301569
LF1aCaOF10,face_num,0,0.5207569250702695
LF1aCaOF10,face_num,1,0.4764688672246429
LF1aCaOF10,frame_brightness,0,0.4982079976594255
LF1aCaOF10,frame_brightness,1,0.4933805627827759
LF1aCaOF10,global_flow,0,0.4916094584286804
LF1aCaOF10,global_flow,1,0.47263408670574586
LF1aCaOF10,gpt2_surprisal,0,0.49667722014983856
LF1aCaOF10,gpt2_surprisal,1,0.5092996039831562
LF1aCaOF10,local_flow,0,0.4978631808825219
LF1aCaOF10,local_flow,1,0.5033854738095984
LF1aCaOF10,onset,0,0.48136310366345525
LF1aCaOF10,onset,1,0.4928694275756053
LF1aCaOF10,pitch,0,0.4963585258560338
LF1aCaOF10,pitch,1,0.5154279385181237
LF1aCaOF10,speech,0,0.49186023426642844
LF1aCaOF10,speech,1,0.4616103988380719
LF1aCaOF10,volume,0,0.5067082536597599
LF1aCaOF10,volume,1,0.4887490465293669
LF1aCaOF10,word_gap,0,0.49965944990290706
LF1aCaOF10,word_gap,1,0.462184447729183
LF1aCaOF10,word_head_pos,0,0.4903712527297995
LF1aCaOF10,word_head_pos,1,0.524832032433675
LF1aCaOF10,word_index,0,0.4919230769230769
LF1aCaOF10,word_index,1,0.5009319526627218
LF1aCaOF10,word_length,0,0.4913743560807916
LF1aCaOF10,word_length,1,0.5028995956239617
LF1aCaOF10,word_part_speech,0,0.4654210474112279
LF1aCaOF10,word_part_speech,1,0.5035707200952192
RF1aCaOF6,delta_volume,0,0.5698985402756445
RF1aCaOF6,delta_volume,1,0.5219167633198541
RF1aCaOF6,face_num,0,0.49282154164446257
RF1aCaOF6,face_num,1,0.4877015349571069
RF1aCaOF6,frame_brightness,0,0.4748179262928017
RF1aCaOF6,frame_brightness,1,0.4463914401847382
RF1aCaOF6,global_flow,0,0.4864476557683667
RF1aCaOF6,global_flow,1,0.4840600608131406
RF1aCaOF6,gpt2_surprisal,0,0.5345025756768336
RF1aCaOF6,gpt2_surprisal,1,0.5501917390259449
RF1aCaOF6,local_flow,0,0.5017345328777572
RF1aCaOF6,local_flow,1,0.47542396790069275
RF1aCaOF6,onset,0,0.5151971751670396
RF1aCaOF6,onset,1,0.5126554343028477
RF1aCaOF6,pitch,0,0.5405682162523642
RF1aCaOF6,pitch,1,0.5296960387866629
RF1aCaOF6,speech,0,0.5173139817978538
RF1aCaOF6,speech,1,0.4799588309666364
RF1aCaOF6,volume,0,0.5313417552218844
RF1aCaOF6,volume,1,0.5109244224318987
RF1aCaOF6,word_gap,0,0.5073182042141263
RF1aCaOF6,word_gap,1,0.4803785178100455
RF1aCaOF6,word_head_pos,0,0.48346969269510887
RF1aCaOF6,word_head_pos,1,0.4912019476923399
RF1aCaOF6,word_index,0,0.5052071005917159
RF1aCaOF6,word_index,1,0.5270118343195267
RF1aCaOF6,word_length,0,0.5191503923596961
RF1aCaOF6,word_length,1,0.48641630878864817
RF1aCaOF6,word_part_speech,0,0.45917228724459436
RF1aCaOF6,word_part_speech,1,0.5040418567744496
LF1bCb2,delta_volume,0,0.562929061784897
LF1bCb2,delta_volume,1,0.5087144603617442
LF1bCb2,face_num,0,0.5116871989383822
LF1bCb2,face_num,1,0.5033175553535417
LF1bCb2,frame_brightness,0,0.46874706122065135
LF1bCb2,frame_brightness,1,0.46157905185835346
LF1bCb2,global_flow,0,0.5292859158020125
LF1bCb2,global_flow,1,0.48718430979175154
LF1bCb2,gpt2_surprisal,0,0.518672350918989
LF1bCb2,gpt2_surprisal,1,0.5471824289729684
LF1bCb2,local_flow,0,0.518505167027157
LF1bCb2,local_flow,1,0.4614536639394794
LF1bCb2,onset,0,0.5492747667534208
LF1bCb2,onset,1,0.5395491834467223
LF1bCb2,pitch,0,0.5416026665830747
LF1bCb2,pitch,1,0.5219428858029529
LF1bCb2,speech,0,0.5062902939301798
LF1bCb2,speech,1,0.5066142127206044
LF1bCb2,volume,0,0.5296542428137049
LF1bCb2,volume,1,0.5117498928978192
LF1bCb2,word_gap,0,0.4862910471553198
LF1bCb2,word_gap,1,0.4782989884937542
LF1bCb2,word_head_pos,0,0.5099526660606251
LF1bCb2,word_head_pos,1,0.5227108868060563
LF1bCb2,word_index,0,0.5035798816568047
LF1bCb2,word_index,1,0.5047041420118343
LF1bCb2,word_length,0,0.509973564047104
LF1bCb2,word_length,1,0.4572427196639604
LF1bCb2,word_part_speech,0,0.5101914302717714
LF1bCb2,word_part_speech,1,0.512299146994644
RF1bCb4,delta_volume,0,0.5469630001149389
RF1bCb4,delta_volume,1,0.5073247442608905
RF1bCb4,face_num,0,0.49240358191488254
RF1bCb4,face_num,1,0.4815627514288998
RF1bCb4,frame_brightness,0,0.5087719298245614
RF1bCb4,frame_brightness,1,0.4947284829106716
RF1bCb4,global_flow,0,0.5107729120299258
RF1bCb4,global_flow,1,0.4747134363604067
RF1bCb4,gpt2_surprisal,0,0.5248372569302948
RF1bCb4,gpt2_surprisal,1,0.49094072286135226
RF1bCb4,local_flow,0,0.4940022778805262
RF1bCb4,local_flow,1,0.47912291150747627
RF1bCb4,onset,0,0.5572957094805412
RF1bCb4,onset,1,0.5425703544739205
RF1bCb4,pitch,0,0.4970377104166014
RF1bCb4,pitch,1,0.5001201634222543
RF1bCb4,speech,0,0.523113173045777
RF1bCb4,speech,1,0.4991379580577412
RF1bCb4,volume,0,0.5016666144217004
RF1bCb4,volume,1,0.5155324284505188
RF1bCb4,word_gap,0,0.47444425122453127
RF1bCb4,word_gap,1,0.4987682230530679
RF1bCb4,word_head_pos,0,0.47119735013531444
RF1bCb4,word_head_pos,1,0.48447279604610094
RF1bCb4,word_index,0,0.520991124260355
RF1bCb4,word_index,1,0.5347189349112427
RF1bCb4,word_length,0,0.5122932405462735
RF1bCb4,word_length,1,0.4790079725818418
RF1bCb4,word_part_speech,0,0.5218210672485618
RF1bCb4,word_part_speech,1,0.5372321959928585
LF1cCc6,delta_volume,0,0.5435618528154812
LF1cCc6,delta_volume,1,0.5150413257682622
LF1cCc6,face_num,0,0.49965518322309643
LF1cCc6,face_num,1,0.48222103800298843
LF1cCc6,frame_brightness,0,0.49070562051346356
LF1cCc6,frame_brightness,1,0.4398033499472326
LF1cCc6,global_flow,0,0.5049319248090447
LF1cCc6,global_flow,1,0.5017658798574758
LF1cCc6,gpt2_surprisal,0,0.5241946438460654
LF1cCc6,gpt2_surprisal,1,0.5354011890954307
LF1cCc6,local_flow,0,0.505804415744543
LF1cCc6,local_flow,1,0.45562312571183766
LF1cCc6,onset,0,0.544723985206155
LF1cCc6,onset,1,0.5396100634674217
LF1cCc6,pitch,0,0.5134217318161396
LF1cCc6,pitch,1,0.5321411032047062
LF1cCc6,speech,0,0.5336927787007721
LF1cCc6,speech,1,0.5066716821834216
LF1cCc6,volume,0,0.5283794656384857
LF1cCc6,volume,1,0.541513850140539
LF1cCc6,word_gap,0,0.48869663507521083
LF1cCc6,word_gap,1,0.49601483928933715
LF1cCc6,word_head_pos,0,0.4922390102713604
LF1cCc6,word_head_pos,1,0.47681368400154645
LF1cCc6,word_index,0,0.4791124260355029
LF1cCc6,word_index,1,0.4857396449704142
LF1cCc6,word_length,0,0.5450247118690115
LF1cCc6,word_length,1,0.49680260806871257
LF1cCc6,word_part_speech,0,0.4938132315016862
LF1cCc6,word_part_speech,1,0.5224409839317596
RF1cCc6,delta_volume,0,0.5572448094626083
RF1cCc6,delta_volume,1,0.5268121166525606
RF1cCc6,face_num,0,0.5229303156640858
RF1cCc6,face_num,1,0.5047229449442546
RF1cCc6,frame_brightness,0,0.48069548499002124
RF1cCc6,frame_brightness,1,0.4527496525709748
RF1cCc6,global_flow,0,0.5087562563347021
RF1cCc6,global_flow,1,0.5098168291485115
RF1cCc6,gpt2_surprisal,0,0.5128000167183892
RF1cCc6,gpt2_surprisal,1,0.5337032276940117
RF1cCc6,local_flow,0,0.4849482252384983
RF1cCc6,local_flow,1,0.4949818709967295
RF1cCc6,onset,0,0.5274644993379297
RF1cCc6,onset,1,0.549906396968175
RF1cCc6,pitch,0,0.5342309018526066
RF1cCc6,pitch,1,0.5178103089767301
RF1cCc6,speech,0,0.5264725243722768
RF1cCc6,speech,1,0.48642153328526794
RF1cCc6,volume,0,0.5479295319895928
RF1cCc6,volume,1,0.5149786318088252
RF1cCc6,word_gap,0,0.5488725618062198
RF1cCc6,word_gap,1,0.5349244993188998
RF1cCc6,word_head_pos,0,0.49761762954139366
RF1cCc6,word_head_pos,1,0.4817038128376331
RF1cCc6,word_index,0,0.5008875739644971
RF1cCc6,word_index,1,0.5043639053254438
RF1cCc6,word_length,0,0.5191059841384282
RF1cCc6,word_length,1,0.4918654587630482
RF1cCc6,word_part_speech,0,0.504475798452688
RF1cCc6,word_part_speech,1,0.5516018647093831
LT2aA10,delta_volume,0,0.5321541644462556
LT2aA10,delta_volume,1,0.49739820068336416
LT2aA10,face_num,0,0.5052088231298915
LT2aA10,face_num,1,0.48601924704554716
LT2aA10,frame_brightness,0,0.5046811489712966
LT2aA10,frame_brightness,1,0.4729057605299729
LT2aA10,global_flow,0,0.5162325109975654
LT2aA10,global_flow,1,0.4945978704951778
LT2aA10,gpt2_surprisal,0,0.49609207652842646
LT2aA10,gpt2_surprisal,1,0.5145554475826254
LT2aA10,local_flow,0,0.5122723425597944
LT2aA10,local_flow,1,0.4939291349278497
LT2aA10,onset,0,0.5114378338888635
LT2aA10,onset,1,0.5183553262408109
LT2aA10,pitch,0,0.48543671567244495
LT2aA10,pitch,1,0.5190537391722307
LT2aA10,speech,0,0.48029319875030047
LT2aA10,speech,1,0.5040228623972081
LT2aA10,volume,0,0.4841541017522961
LT2aA10,volume,1,0.498134854706749
LT2aA10,word_gap,0,0.4813349563806046
LT2aA10,word_gap,1,0.5068617221690868
LT2aA10,word_head_pos,0,0.5322194706540025
LT2aA10,word_head_pos,1,0.5140747938936083
LT2aA10,word_index,0,0.5012426035502958
LT2aA10,word_index,1,0.48529585798816566
LT2aA10,word_length,0,0.5043102097112944
LT2aA10,word_length,1,0.5040333113904476
LT2aA10,word_part_speech,0,0.48928783971434237
LT2aA10,word_part_speech,1,0.5077861535409641
LT3Ha11,delta_volume,0,0.5054752724574987
LT3Ha11,delta_volume,1,0.44975079151123787
LT3Ha11,face_num,0,0.49294170506671686
LT3Ha11,face_num,1,0.48078430143255696
LT3Ha11,frame_brightness,0,0.4942112577453162
LT3Ha11,frame_brightness,1,0.49998955100676057
LT3Ha11,global_flow,0,0.5247327669978997
LT3Ha11,global_flow,1,0.5429505867109704
LT3Ha11,gpt2_surprisal,0,0.5108303814927432
LT3Ha11,gpt2_surprisal,1,0.5118073623606365
LT3Ha11,local_flow,0,0.5062798449369403
LT3Ha11,local_flow,1,0.50775315298371
LT3Ha11,onset,0,0.5149917050971797
LT3Ha11,onset,1,0.4641036177952301
LT3Ha11,pitch,0,0.47501123266773243
LT3Ha11,pitch,1,0.499561142283941
LT3Ha11,speech,0,0.5353019236596553
LT3Ha11,speech,1,0.5104803402192198
LT3Ha11,volume,0,0.47654201017731945
LT3Ha11,volume,1,0.49833338557829954
LT3Ha11,word_gap,0,0.5025577486015709
LT3Ha11,word_gap,1,0.48660261426542617
LT3Ha11,word_head_pos,0,0.5193619844727961
LT3Ha11,word_head_pos,1,0.5081867862031494
LT3Ha11,word_index,0,0.4913461538461539
LT3Ha11,word_index,1,0.4598372781065089
LT3Ha11,word_length,0,0.5113685046445776
LT3Ha11,word_length,1,0.49137435608079166
LT3Ha11,word_part_speech,0,0.5026656417377504
LT3Ha11,word_part_speech,1,0.49342888315810346
LT1aIb9,delta_volume,0,0.4995245708076026
LT1aIb9,delta_volume,1,0.49777436443998624
LT1aIb9,face_num,0,0.4826128752494698
LT1aIb9,face_num,1,0.46402934077301655
LT1aIb9,frame_brightness,0,0.5087458073414626
LT1aIb9,frame_brightness,1,0.4771637252750698
LT1aIb9,global_flow,0,0.5049005778293262
LT1aIb9,global_flow,1,0.49539721847799967
LT1aIb9,gpt2_surprisal,0,0.5011232667732464
LT1aIb9,gpt2_surprisal,1,0.5239908884778952
LT1aIb9,local_flow,0,0.5029100446172012
LT1aIb9,local_flow,1,0.4947232584140518
LT1aIb9,onset,0,0.5429432446007032
LT1aIb9,onset,1,0.5440238649681141
LT1aIb9,pitch,0,0.4987931412808376
LT1aIb9,pitch,1,0.5100414825031608
LT1aIb9,speech,0,0.5070164989603252
LT1aIb9,speech,1,0.4950732996875751
LT1aIb9,volume,0,0.4982288956459045
LT1aIb9,volume,1,0.5123559345057104
LT1aIb9,word_gap,0,0.4721328580123467
LT1aIb9,word_gap,1,0.48647219082398635
LT1aIb9,word_head_pos,0,0.5259135032339635
LT1aIb9,word_head_pos,1,0.5098742986113288
LT1aIb9,word_index,0,0.4973372781065089
LT1aIb9,word_index,1,0.5081656804733727
LT1aIb9,word_length,0,0.515631693886294
LT1aIb9,word_length,1,0.5239543170015569
LT1aIb9,word_part_speech,0,0.49148234477286257
LT1aIb9,word_part_speech,1,0.5277722674072605
LF3aOFa12,delta_volume,0,0.5129933230933199
LF3aOFa12,delta_volume,1,0.5152712036195313
LF3aOFa12,face_num,0,0.46641171123162284
LF3aOFa12,face_num,1,0.47968715714240934
LF3aOFa12,frame_brightness,0,0.5151040197276993
LF3aOFa12,frame_brightness,1,0.49585958642884764
LF3aOFa12,global_flow,0,0.4797028306322686
LF3aOFa12,global_flow,1,0.46255080822962713
LF3aOFa12,gpt2_surprisal,0,0.5069903764772264
LF3aOFa12,gpt2_surprisal,1,0.4973146087374482
LF3aOFa12,local_flow,0,0.4810246282770655
LF3aOFa12,local_flow,1,0.5037146170966428
LF3aOFa12,onset,0,0.5055096418732783
LF3aOFa12,onset,1,0.5310335905514207
LF3aOFa12,pitch,0,0.5050364147414397
LF3aOFa12,pitch,1,0.5372976813684001
LF3aOFa12,speech,0,0.5012852261684586
LF3aOFa12,speech,1,0.4995036728211237
LF3aOFa12,volume,0,0.4788930336562073
LF3aOFa12,volume,1,0.5158876942206618
LF3aOFa12,word_gap,0,0.5129553951830276
LF3aOFa12,word_gap,1,0.47162565574008053
LF3aOFa12,word_head_pos,0,0.5085525009665319
LF3aOFa12,word_head_pos,1,0.5046863734679164
LF3aOFa12,word_index,0,0.45474852071005917
LF3aOFa12,word_index,1,0.4747855029585799
LF3aOFa12,word_length,0,0.5008045724794415
LF3aOFa12,word_length,1,0.48419067322863435
LF3aOFa12,word_part_speech,0,0.5151135687363618
LF3aOFa12,word_part_speech,1,0.493875223170006
LF3bIa8,delta_volume,0,0.5117707908842982
LF3bIa8,delta_volume,1,0.4642905656040041
LF3bIa8,face_num,0,0.524706644514801
LF3bIa8,face_num,1,0.5242991337784605
LF3bIa8,frame_brightness,0,0.5024659624045223
LF3bIa8,frame_brightness,1,0.5178416559564486
LF3bIa8,global_flow,0,0.49842742651745503
LF3bIa8,global_flow,1,0.48473924537370827
LF3bIa8,gpt2_surprisal,0,0.5017031858980388
LF3bIa8,gpt2_surprisal,1,0.4881665151562647
LF3bIa8,local_flow,0,0.5441469964368932
LF3bIa8,local_flow,1,0.5456359779735223
LF3bIa8,onset,0,0.4779081624887752
LF3bIa8,onset,1,0.4683195592286501
LF3bIa8,pitch,0,0.4912907641348756
LF3bIa8,pitch,1,0.49643689330533003
LF3bIa8,speech,0,0.4781093591632446
LF3bIa8,speech,1,0.4810194037804457
LF3bIa8,volume,0,0.5194978213849095
LF3bIa8,volume,1,0.5003500412735233
LF3bIa8,word_gap,0,0.48827638176390464
LF3bIa8,word_gap,1,0.4693794742486161
LF3bIa8,word_head_pos,0,0.501154613752965
LF3bIa8,word_head_pos,1,0.5188917797770185
LF3bIa8,word_index,0,0.4642307692307692
LF3bIa8,word_index,1,0.46600591715976336
LF3bIa8,word_length,0,0.4969279959875866
LF3bIa8,word_length,1,0.49776913994336647
LF3bIa8,word_part_speech,0,0.46802469748065856
LF3bIa8,word_part_speech,1,0.48305147788137276
LT2bHb9,delta_volume,0,0.5058984566836986
LT2bHb9,delta_volume,1,0.48822920911570167
LT2bHb9,face_num,0,0.4902301913210662
LT2bHb9,face_num,1,0.47757123601141027
LT2bHb9,frame_brightness,0,0.5107206670637284
LT2bHb9,frame_brightness,1,0.4931036644619291
LT2bHb9,global_flow,0,0.48031932123339915
LT2bHb9,global_flow,1,0.4939500329143287
LT2bHb9,gpt2_surprisal,0,0.4920953366143172
LT2bHb9,gpt2_surprisal,1,0.5147278559710773
LT2bHb9,local_flow,0,0.4957629332413822
LT2bHb9,local_flow,1,0.49080488594923877
LT2bHb9,onset,0,0.47029054989878694
LT2bHb9,onset,1,0.4882387410011719
LT2bHb9,pitch,0,0.4646510558707669
LT2bHb9,pitch,1,0.5071941318453966
LT2bHb9,speech,0,0.4978788543723812
LT2bHb9,speech,1,0.4903581914882501
LT2bHb9,volume,0,0.49175574433403335
LT2bHb9,volume,1,0.5057260482952467
LT2bHb9,word_gap,0,0.4908196388719821
LT2bHb9,word_gap,1,0.500470973538533
LT2bHb9,word_head_pos,0,0.5142576512752997
LT2bHb9,word_head_pos,1,0.517329655287713
LT2bHb9,word_index,0,0.4882100591715976
LT2bHb9,word_index,1,0.5145710059171598
LT2bHb9,word_length,0,0.4957995047177205
LT2bHb9,word_length,1,0.48957712924359736
LT2bHb9,word_part_speech,0,0.47826572108708587
LT2bHb9,word_part_speech,1,0.491618726443166
LT1cCd9,delta_volume,0,0.5286511394627128
LT1cCd9,delta_volume,1,0.4831196514215856
LT1cCd9,face_num,0,0.5027324117321296
LT1cCd9,face_num,1,0.45337659216534487
LT1cCd9,frame_brightness,0,0.4996604077197162
LT1cCd9,frame_brightness,1,0.49575248424814267
LT1cCd9,global_flow,0,0.4766935205792922
LT1cCd9,global_flow,1,0.4553514518876106
LT1cCd9,gpt2_surprisal,0,0.5128313636981077
LT1cCd9,gpt2_surprisal,1,0.513891936511917
LT1cCd9,local_flow,0,0.48504749067427355
LT1cCd9,local_flow,1,0.5145188761062871
LT1cCd9,onset,0,0.510250673485229
LT1cCd9,onset,1,0.5034168911617429
LT1cCd9,pitch,0,0.5024450644180434
LT1cCd9,pitch,1,0.5353541686258529
LT1cCd9,speech,0,0.5049789452786223
LT1cCd9,speech,1,0.5077061325141323
LT1cCd9,volume,0,0.4938977879481312
LT1cCd9,volume,1,0.5265404428283336
LT1cCd9,word_gap,0,0.4869793930962525
LT1cCd9,word_gap,1,0.4951308581862447
LT1cCd9,word_head_pos,0,0.49718399632195437
LT1cCd9,word_head_pos,1,0.517016185490528
LT1cCd9,word_index,0,0.481198224852071
LT1cCd9,word_index,1,0.5156065088757397
LT1cCd9,word_length,0,0.5143830391941736
LT1cCd9,word_length,1,0.509472012371608
LT1cCd9,word_part_speech,0,0.47224013092640343
LT1cCd9,word_part_speech,1,0.4984874032929974
LT1bId5,delta_volume,0,0.6511342382161479
LT1bId5,delta_volume,1,0.5211069663437928
LT1bId5,face_num,0,0.46827163202825406
LT1bId5,face_num,1,0.4894099453517654
LT1bId5,frame_brightness,0,0.4934014607692549
LT1bId5,frame_brightness,1,0.4757478866911173
LT1bId5,global_flow,0,0.5051879251434124
LT1bId5,global_flow,1,0.4808731178750927
LT1bId5,gpt2_surprisal,0,0.51508834623784
LT1bId5,gpt2_surprisal,1,0.5129776496034607
LT1bId5,local_flow,0,0.49973355067239267
LT1bId5,local_flow,1,0.46475554580316186
LT1bId5,onset,0,0.690097864633274
LT1bId5,onset,1,0.5404852137649727
LT1bId5,pitch,0,0.4890494550850026
LT1bId5,pitch,1,0.5146494885217809
LT1bId5,speech,0,0.5344451062140163
LT1bId5,speech,1,0.49448815606616303
LT1bId5,volume,0,0.4970742818929397
LT1bId5,volume,1,0.5240797049204309
LT1bId5,word_gap,0,0.5965713126394806
LT1bId5,word_gap,1,0.5250557922499492
LT1bId5,word_head_pos,0,0.5407745838688442
LT1bId5,word_head_pos,1,0.5302655089182157
LT1bId5,word_index,0,0.6020266272189349
LT1bId5,word_index,1,0.5334615384615384
LT1bId5,word_length,0,0.4803558927097374
LT1bId5,word_length,1,0.5135784667147321
LT1bId5,word_part_speech,0,0.5487874429676651
LT1bId5,word_part_speech,1,0.4402276334060702
LF3cIc9,delta_volume,0,0.5052715170893285
LF3cIc9,delta_volume,1,0.47385139441814783
LF3cIc9,face_num,0,0.4916826013813569
LF3cIc9,face_num,1,0.47377825146547137
LF3cIc9,frame_brightness,0,0.5280450978548217
LF3cIc9,frame_brightness,1,0.49268048023572925
LF3cIc9,global_flow,0,0.48750561633386624
LF3cIc9,global_flow,1,0.4547767572594381
LF3cIc9,gpt2_surprisal,0,0.5035944536743885
LF3cIc9,gpt2_surprisal,1,0.5286302414762337
LF3cIc9,local_flow,0,0.49568979028870563
LF3cIc9,local_flow,1,0.4905593346081105
LF3cIc9,onset,0,0.5100528134179565
LF3cIc9,onset,1,0.535348462018477
LF3cIc9,pitch,0,0.4905123141385328
LF3cIc9,pitch,1,0.5177267170308141
LF3cIc9,speech,0,0.5032862083738232
LF3cIc9,speech,1,0.49622268894392024
LF3cIc9,volume,0,0.4921946020500925
LF3cIc9,volume,1,0.5148271214068525
LF3cIc9,word_gap,0,0.4958554328609106
LF3cIc9,word_gap,1,0.47908877488914015
LF3cIc9,word_head_pos,0,0.5046341285017188
LF3cIc9,word_head_pos,1,0.4902876607838835
LF3cIc9,word_index,0,0.5126331360946745
LF3cIc9,word_index,1,0.5271597633136096
LF3cIc9,word_length,0,0.5008306949625403
LF3cIc9,word_length,1,0.5186566774291297
LF3cIc9,word_part_speech,0,0.49202787145407656
LF3cIc9,word_part_speech,1,0.49666484824439594
LF1aCaOF11,delta_volume,0,0.5125335673907819
LF1aCaOF11,delta_volume,1,0.4824509158542574
LF1aCaOF11,face_num,0,0.4887621077709162
LF1aCaOF11,face_num,1,0.46865824477811563
LF1aCaOF11,frame_brightness,0,0.4979728953115367
LF1aCaOF11,frame_brightness,1,0.5143621412076946
LF1aCaOF11,global_flow,0,0.492497622854038
LF1aCaOF11,global_flow,1,0.4736842105263158
LF1aCaOF11,gpt2_surprisal,0,0.49077876346614013
LF1aCaOF11,gpt2_surprisal,1,0.5234893368023991
LF1aCaOF11,local_flow,0,0.5139232834916355
LF1aCaOF11,local_flow,1,0.5163840213995381
LF1aCaOF11,onset,0,0.4721169505197631
LF1aCaOF11,onset,1,0.5084166628616654
LF1aCaOF11,pitch,0,0.5025391053571988
LF1aCaOF11,pitch,1,0.5379350699560097
LF1aCaOF11,speech,0,0.4648443622456976
LF1aCaOF11,speech,1,0.4700061649060113
LF1aCaOF11,volume,0,0.49734073122054695
LF1aCaOF11,volume,1,0.5168385526054564
LF1aCaOF11,word_gap,0,0.50347071269165
LF1aCaOF11,word_gap,1,0.4925151436107005
LF1aCaOF11,word_head_pos,0,0.4994200808752077
LF1aCaOF11,word_head_pos,1,0.510140747938936
LF1aCaOF11,word_index,0,0.48504437869822487
LF1aCaOF11,word_index,1,0.517603550295858
LF1aCaOF11,word_length,0,0.5107311160569679
LF1aCaOF11,word_length,1,0.5046498019915782
LF1aCaOF11,word_part_speech,0,0.449489188653045
LF1aCaOF11,word_part_speech,1,0.49200307478674865
RF1aCaOF7,delta_volume,0,0.5806453298224715
RF1aCaOF7,delta_volume,1,0.5281861592635549
RF1aCaOF7,face_num,0,0.5047542919239731
RF1aCaOF7,face_num,1,0.4987095493349216
RF1aCaOF7,frame_brightness,0,0.488621046362183
RF1aCaOF7,frame_brightness,1,0.4607640303856723
RF1aCaOF7,global_flow,0,0.4898383540745849
RF1aCaOF7,global_flow,1,0.46887244913952547
RF1aCaOF7,gpt2_surprisal,0,0.5368065786861436
RF1aCaOF7,gpt2_surprisal,1,0.5451292018014064
RF1aCaOF7,local_flow,0,0.5043676791741116
RF1aCaOF7,local_flow,1,0.44722213514727854
RF1aCaOF7,onset,0,0.4967505288951798
RF1aCaOF7,onset,1,0.5032190310944705
RF1aCaOF7,pitch,0,0.5197276992361787
RF1aCaOF7,pitch,1,0.524581256595927
RF1aCaOF7,speech,0,0.4959614641129328
RF1aCaOF7,speech,1,0.4750634776339299
RF1aCaOF7,volume,0,0.5226481928466192
RF1aCaOF7,volume,1,0.5109244224318987
RF1aCaOF7,word_gap,0,0.4956235689650175
RF1aCaOF7,word_gap,1,0.4886821435817176
RF1aCaOF7,word_head_pos,0,0.46991734846347555
RF1aCaOF7,word_head_pos,1,0.4833286312863756
RF1aCaOF7,word_index,0,0.5028698224852071
RF1aCaOF7,word_index,1,0.5306360946745563
RF1aCaOF7,word_length,0,0.5056973135638382
RF1aCaOF7,word_length,1,0.47558070279928527
RF1aCaOF7,word_part_speech,0,0.46822307081928183
RF1aCaOF7,word_part_speech,1,0.5282186074191628
LF1bCb3,delta_volume,0,0.5429610357042098
LF1bCb3,delta_volume,1,0.5140277734240306
LF1bCb3,face_num,0,0.5219428858029529
LF1bCb3,face_num,1,0.5233587243869053
LF1bCb3,frame_brightness,0,0.45321985726675235
LF1bCb3,frame_brightness,1,0.4300021942885803
LF1bCb3,global_flow,0,0.48566398127540406
LF1bCb3,global_flow,1,0.4973877516901246
LF1bCb3,gpt2_surprisal,0,0.5409757269887046
LF1bCb3,gpt2_surprisal,1,0.5417176055087092
LF1bCb3,local_flow,0,0.48255540578665246
LF1bCb3,local_flow,1,0.4904757426621945
LF1bCb3,onset,0,0.5182107361916504
LF1bCb3,onset,1,0.5278526094698872
LF1bCb3,pitch,0,0.5307513871038525
LF1bCb3,pitch,1,0.5296019978475074
LF1bCb3,speech,0,0.5031869429380479
LF1bCb3,speech,1,0.5074658056696237
LF1bCb3,volume,0,0.5030458815293146
LF1bCb3,volume,1,0.4998432651014075
LF1bCb3,word_gap,0,0.5216720285192592
LF1bCb3,word_gap,1,0.5120569225864418
LF1bCb3,word_head_pos,0,0.49428962519461245
LF1bCb3,word_head_pos,1,0.49577860673124136
LF1bCb3,word_index,0,0.4834467455621302
LF1bCb3,word_index,1,0.47974852071005913
LF1bCb3,word_length,0,0.5389695202867203
LF1bCb3,word_length,1,0.5263105649770644
LF1bCb3,word_part_speech,0,0.506149573497322
LF1bCb3,word_part_speech,1,0.5378273160087285
RF1bCb5,delta_volume,0,0.5748827100508866
RF1bCb5,delta_volume,1,0.5239856639812754
RF1bCb5,face_num,0,0.4863745128156901
RF1bCb5,face_num,1,0.49603460706560926
RF1bCb5,frame_brightness,0,0.4985632634295685
RF1bCb5,frame_brightness,1,0.4423633532909104
RF1bCb5,global_flow,0,0.5022099620701546
RF1bCb5,global_flow,1,0.5082599291558259
RF1bCb5,gpt2_surprisal,0,0.541931809870119
RF1bCb5,gpt2_surprisal,1,0.5181655747468732
RF1bCb5,local_flow,0,0.4881142701900672
RF1bCb5,local_flow,1,0.4569501478532543
RF1bCb5,onset,0,0.5398916335631554
RF1bCb5,onset,1,0.5057607719586624
RF1bCb5,pitch,0,0.5084218885510381
RF1bCb5,pitch,1,0.5408712370563096
RF1bCb5,speech,0,0.5430289541602666
RF1bCb5,speech,1,0.5301139985162429
RF1bCb5,volume,0,0.5035735556879095
RF1bCb5,volume,1,0.49939395839210887
RF1bCb5,word_gap,0,0.49176158594904795
RF1bCb5,word_gap,1,0.5077746862591659
RF1bCb5,word_head_pos,0,0.4999843265101408
RF1bCb5,word_head_pos,1,0.48257107927651166
RF1bCb5,word_index,0,0.4712573964497041
RF1bCb5,word_index,1,0.5164201183431952
RF1bCb5,word_length,0,0.5377678860641777
RF1bCb5,word_length,1,0.48951965978078016
RF1bCb5,word_part_speech,0,0.485493949613172
RF1bCb5,word_part_speech,1,0.5363023209680619
LF1cCc7,delta_volume,0,0.5626312654775713
LF1cCc7,delta_volume,1,0.5230557035829598
LF1cCc7,face_num,0,0.5147435294609364
LF1cCc7,face_num,1,0.5094824613648474
LF1cCc7,frame_brightness,0,0.48710071784583553
LF1cCc7,frame_brightness,1,0.4344743633950869
LF1cCc7,global_flow,0,0.5248947263931121
LF1cCc7,global_flow,1,0.5343197182951422
LF1cCc7,gpt2_surprisal,0,0.4990386926219659
LF1cCc7,gpt2_surprisal,1,0.4957315862616637
LF1cCc7,local_flow,0,0.49612864800476475
LF1cCc7,local_flow,1,0.4703666551727741
LF1cCc7,onset,0,0.5366878224738597
LF1cCc7,onset,1,0.538537053102598
LF1cCc7,pitch,0,0.5099004210944276
LF1cCc7,pitch,1,0.5143203452347367
LF1cCc7,speech,0,0.5389016018306636
LF1cCc7,speech,1,0.5005642456349331
LF1cCc7,volume,0,0.5144091616772724
LF1cCc7,volume,1,0.5390008672664389
LF1cCc7,word_gap,0,0.4860229545256934
LF1cCc7,word_gap,1,0.5131437845984407
LF1cCc7,word_head_pos,0,0.5092734815000575
LF1cCc7,word_head_pos,1,0.49658840370730284
LF1cCc7,word_index,0,0.4652218934911243
LF1cCc7,word_index,1,0.48535502958579885
LF1cCc7,word_length,0,0.505804415744543
LF1cCc7,word_length,1,0.4597713760279197
LF1cCc7,word_part_speech,0,0.47295923427891295
LF1cCc7,word_part_speech,1,0.5385216226939099
RF1cCc7,delta_volume,0,0.5499566366780562
RF1cCc7,delta_volume,1,0.5127059757792336
RF1cCc7,face_num,0,0.5272300763821406
RF1cCc7,face_num,1,0.5044042506504499
RF1cCc7,frame_brightness,0,0.48313532491144473
RF1cCc7,frame_brightness,1,0.4476662173599574
RF1cCc7,global_flow,0,0.5198739851415317
RF1cCc7,global_flow,1,0.5226116213702809
RF1cCc7,gpt2_surprisal,0,0.503458616762275
RF1cCc7,gpt2_surprisal,1,0.5424803820151928
RF1cCc7,local_flow,0,0.5024816358943816
RF1cCc7,local_flow,1,0.5059820486296146
RF1cCc7,onset,0,0.5276090893870903
RF1cCc7,onset,1,0.5191315465047257
RF1cCc7,pitch,0,0.5173453287775723
RF1cCc7,pitch,1,0.5097698086789337
RF1cCc7,speech,0,0.5029100446172011
RF1cCc7,speech,1,0.47730478668380305
RF1cCc7,volume,0,0.5236930921705694
RF1cCc7,volume,1,0.5073456422473694
RF1cCc7,word_gap,0,0.5324392081847956
RF1cCc7,word_gap,1,0.5515462423557371
RF1cCc7,word_head_pos,0,0.4918288872867099
RF1cCc7,word_head_pos,1,0.4869074114709048
RF1cCc7,word_index,0,0.49303254437869826
RF1cCc7,word_index,1,0.5306360946745562
RF1cCc7,word_length,0,0.5067082536597599
RF1cCc7,word_length,1,0.5052715170893285
RF1cCc7,word_part_speech,0,0.5010662566951002
RF1cCc7,word_part_speech,1,0.5628223566752628
LT2aA11,delta_volume,0,0.5018390228101522
LT2aA11,delta_volume,1,0.4872470037511886
LT2aA11,face_num,0,0.4949844832450393
LT2aA11,face_num,1,0.48351148866806687
LT2aA11,frame_brightness,0,0.5168803485784146
LT2aA11,frame_brightness,1,0.49207443862783823
LT2aA11,global_flow,0,0.5105116871989384
LT2aA11,global_flow,1,0.47853776788606417
LT2aA11,gpt2_surprisal,0,0.5057364972884861
LT2aA11,gpt2_surprisal,1,0.5174602677032069
LT2aA11,local_flow,0,0.4971160778658977
LT2aA11,local_flow,1,0.5142001818124824
LT2aA11,onset,0,0.49508393832853903
LT2aA11,onset,1,0.5120238040880933
LT2aA11,pitch,0,0.48546545040385364
LT2aA11,pitch,1,0.5120999341713426
LT2aA11,speech,0,0.5005903681180319
LT2aA11,speech,1,0.48619165543399895
LT2aA11,volume,0,0.47445743602603885
LT2aA11,volume,1,0.4955905248529304
LT2aA11,word_gap,0,0.4851136133089876
LT2aA11,word_gap,1,0.48253775034055013
LT2aA11,word_head_pos,0,0.5035265352183317
LT2aA11,word_head_pos,1,0.4931715829179859
LT2aA11,word_index,0,0.5102218934911242
LT2aA11,word_index,1,0.5032692307692307
LT2aA11,word_length,0,0.48740896314640086
LT2aA11,word_length,1,0.5116767499451428
LT2aA11,word_part_speech,0,0.4879860146796271
LT2aA11,word_part_speech,1,0.4932181114858163
LT3Ha12,delta_volume,0,0.5063007429234193
LT3Ha12,delta_volume,1,0.45671504550536557
LT3Ha12,face_num,0,0.4932603993605216
LT3Ha12,face_num,1,0.49119149869910034
LT3Ha12,frame_brightness,0,0.4968705265247693
LT3Ha12,frame_brightness,1,0.4928894601005193
LT3Ha12,global_flow,0,0.522381743519012
LT3Ha12,global_flow,1,0.5184529220609594
LT3Ha12,gpt2_surprisal,0,0.48995851749683916
LT3Ha12,gpt2_surprisal,1,0.4974608946428012
LT3Ha12,local_flow,0,0.5053551090352444
LT3Ha12,local_flow,1,0.4901936198447279
LT3Ha12,onset,0,0.5247248984064654
LT3Ha12,onset,1,0.5003881101319575
LT3Ha12,pitch,0,0.470074083362068
LT3Ha12,pitch,1,0.5165930012643282
LT3Ha12,speech,0,0.5324023280356938
LT3Ha12,speech,1,0.49926334597661515
LT3Ha12,volume,0,0.4878843923387982
LT3Ha12,volume,1,0.5113267086716194
LT3Ha12,word_gap,0,0.5123395067095615
LT3Ha12,word_gap,1,0.5045648204503956
LT3Ha12,word_head_pos,0,0.5171781448857402
LT3Ha12,word_head_pos,1,0.5171885938789798
LT3Ha12,word_index,0,0.4803846153846154
LT3Ha12,word_index,1,0.4736686390532544
LT3Ha12,word_length,0,0.5088711952603368
LT3Ha12,word_length,1,0.5108565039758419
LT3Ha12,word_part_speech,0,0.49996280499900814
LT3Ha12,word_part_speech,1,0.4902921047411228
LF3aOFa1,delta_volume,0,0.503813882532418
LF3aOFa1,delta_volume,1,0.4951307691503924
LF3aOFa1,face_num,0,0.5088346237839985
LF3aOFa1,face_num,1,0.5011441647597255
LF3aOFa1,frame_brightness,0,0.5206524351378745
LF3aOFa1,frame_brightness,1,0.4625717062161061
LF3aOFa1,global_flow,0,0.465152607546263
LF3aOFa1,global_flow,1,0.4560306364481782
LF3aOFa1,gpt2_surprisal,0,0.47827654305507666
LF3aOFa1,gpt2_surprisal,1,0.5163631234130592
LF3aOFa1,local_flow,0,0.511065483840632
LF3aOFa1,local_flow,1,0.48440487759004425
LF3aOFa1,onset,0,0.5231420178682861
LF3aOFa1,onset,1,0.5012252104165715
LF3aOFa1,pitch,0,0.50356310669467
LF3aOFa1,pitch,1,0.5008515929490194
LF3aOFa1,speech,0,0.5165877767677085
LF3aOFa1,speech,1,0.48230462994890444
LF3aOFa1,volume,0,0.4854550014106141
LF3aOFa1,volume,1,0.48497957221821675
LF3aOFa1,word_gap,0,0.48712430803118567
LF3aOFa1,word_gap,1,0.48051618699823206
LF3aOFa1,word_head_pos,0,0.48614985946104095
LF3aOFa1,word_head_pos,1,0.4868760644911862
LF3aOFa1,word_index,0,0.513284023668639
LF3aOFa1,word_index,1,0.4761390532544379
LF3aOFa1,word_length,0,0.5099160945842868
LF3aOFa1,word_length,1,0.5049946187684816
LF3aOFa1,word_part_speech,0,0.47062834755008925
LF3aOFa1,word_part_speech,1,0.4822951795278715
LF3aOFa13,delta_volume,0,0.5203546388305487
LF3aOFa13,delta_volume,1,0.4951203201571528
LF3aOFa13,face_num,0,0.514121814363186
LF3aOFa13,face_num,1,0.4889606386424668
LF3aOFa13,frame_brightness,0,0.5341629833965497
LF3aOFa13,frame_brightness,1,0.5519471698901811
LF3aOFa13,global_flow,0,0.5018337983135325
LF3aOFa13,global_flow,1,0.4816202208917171
LF3aOFa13,gpt2_surprisal,0,0.48121793465199625
LF3aOFa13,gpt2_surprisal,1,0.47080551288883316
LF3aOFa13,local_flow,0,0.4662706498228896
LF3aOFa13,local_flow,1,0.4751575185730855
LF3aOFa13,onset,0,0.4782353926000335
LF3aOFa13,onset,1,0.4837222044655496
LF3aOFa13,pitch,0,0.5063007429234193
LF3aOFa13,pitch,1,0.5192052495742034
LF3aOFa13,speech,0,0.5103183808240076
LF3aOFa13,speech,1,0.45554998275916114
LF3aOFa13,volume,0,0.5012564914370501
LF3aOFa13,volume,1,0.5075076016425817
LF3aOFa13,word_gap,0,0.5098179868417239
LF3aOFa13,word_gap,1,0.5054053270730081
LF3aOFa13,word_head_pos,0,0.5193045150099788
LF3aOFa13,word_head_pos,1,0.5118125868572563
LF3aOFa13,word_index,0,0.48606508875739646
LF3aOFa13,word_index,1,0.5194674556213017
LF3aOFa13,word_length,0,0.4964473422985695
LF3aOFa13,word_length,1,0.4797603000950858
LF3aOFa13,word_part_speech,0,0.5105881769490181
LF3aOFa13,word_part_speech,1,0.47960474112279305
LF3bIa9,delta_volume,0,0.4931350114416476
LF3bIa9,delta_volume,1,0.44902458648109256
LF3bIa9,face_num,0,0.5065097227882094
LF3bIa9,face_num,1,0.5108826264589407
LF3bIa9,frame_brightness,0,0.5090436036487884
LF3bIa9,frame_brightness,1,0.5114311986040145
LF3bIa9,global_flow,0,0.48039246418607573
LF3bIa9,global_flow,1,0.505992497622854
LF3bIa9,gpt2_surprisal,0,0.5092787059966772
LF3bIa9,gpt2_surprisal,1,0.5150935707344598
LF3bIa9,local_flow,0,0.5218958653333751
LF3bIa9,local_flow,1,0.545160548781125
LF3bIa9,onset,0,0.48856216611113645
LF3bIa9,onset,1,0.5062402021216688
LF3bIa9,pitch,0,0.5166504707271454
LF3bIa9,pitch,1,0.5148271214068525
LF3bIa9,speech,0,0.4904548446757155
LF3bIa9,speech,1,0.5042788627315758
LF3bIa9,volume,0,0.5119118522930315
LF3bIa9,volume,1,0.49050186514529326
LF3bIa9,word_gap,0,0.501427412109092
LF3bIa9,word_gap,1,0.4815305915427644
LF3bIa9,word_head_pos,0,0.5019539617357868
LF3bIa9,word_head_pos,1,0.48217924203003043
LF3bIa9,word_index,0,0.44569526627218925
LF3bIa9,word_index,1,0.44727810650887573
LF3bIa9,word_length,0,0.5150204277817833
LF3bIa9,word_length,1,0.5096130737803413
LF3bIa9,word_part_speech,0,0.4529235270779607
LF3bIa9,word_part_speech,1,0.47815413608411034
LT2bHb10,delta_volume,0,0.5008724909354985
LT2bHb10,delta_volume,1,0.5090488281454082
LT2bHb10,face_num,0,0.4895666802503578
LT2bHb10,face_num,1,0.4833443047762348
LT2bHb10,frame_brightness,0,0.5049580472921434
LT2bHb10,frame_brightness,1,0.4791856054669133
LT2bHb10,global_flow,0,0.4804447091522732
LT2bHb10,global_flow,1,0.48081042391565576
LT2bHb10,gpt2_surprisal,0,0.4990648151050646
LT2bHb10,gpt2_surprisal,1,0.5053707825251037
LT2bHb10,local_flow,0,0.5003970617431011
LT2bHb10,local_flow,1,0.48408095879961965
LT2bHb10,onset,0,0.4653059982040394
LT2bHb10,onset,1,0.4989574296455261
LT2bHb10,pitch,0,0.4699904914161521
LT2bHb10,pitch,1,0.49577860673124147
LT2bHb10,speech,0,0.48767541247400814
LT2bHb10,speech,1,0.47985434103424135
LT2bHb10,volume,0,0.4993678359090102
LT2bHb10,volume,1,0.5220473757353479
LT2bHb10,word_gap,0,0.48266817378199
LT2bHb10,word_gap,1,0.5019780888618381
LT2bHb10,word_head_pos,0,0.5108408304859826
LT2bHb10,word_head_pos,1,0.4967190161227966
LT2bHb10,word_index,0,0.48245562130177516
LT2bHb10,word_index,1,0.5007544378698225
LT2bHb10,word_length,0,0.5176170026017992
LT2bHb10,word_length,1,0.49460831948841727
LT2bHb10,word_part_speech,0,0.4794063677841698
LT2bHb10,word_part_speech,1,0.49499107319976193
LT1cCd10,delta_volume,0,0.5376842941182617
LT1cCd10,delta_volume,1,0.48717908529513176
LT1cCd10,face_num,0,0.4831718963877831
LT1cCd10,face_num,1,0.4482043405117917
LT1cCd10,frame_brightness,0,0.5028316771679049
LT1cCd10,frame_brightness,1,0.49646824028504855
LT1cCd10,global_flow,0,0.47584192763027283
LT1cCd10,global_flow,1,0.4774667460790153
LT1cCd10,gpt2_surprisal,0,0.5072411523149745
LT1cCd10,gpt2_surprisal,1,0.5195970868206848
LT1cCd10,local_flow,0,0.4958360761940587
LT1cCd10,local_flow,1,0.5117551173944391
LT1cCd10,onset,0,0.5002815700957338
LT1cCd10,onset,1,0.4890948662922545
LT1cCd10,pitch,0,0.48950398629092085
LT1cCd10,pitch,1,0.5275644441658046
LT1cCd10,speech,0,0.5105221361921779
LT1cCd10,speech,1,0.49980669362506924
LT1cCd10,volume,0,0.48864194434866204
LT1cCd10,volume,1,0.5136254871843098
LT1cCd10,word_gap,0,0.4884285424455844
LT1cCd10,word_gap,1,0.4994130945135205
LT1cCd10,word_head_pos,0,0.5051670271569335
LT1cCd10,word_head_pos,1,0.5189701472263147
LT1cCd10,word_index,0,0.46584319526627216
LT1cCd10,word_index,1,0.5030917159763314
LT1cCd10,word_length,0,0.5160235311327754
LT1cCd10,word_length,1,0.5104542177361211
LT1cCd10,word_part_speech,0,0.4724633009323548
LT1cCd10,word_part_speech,1,0.49437115651656416
LT1bId6,delta_volume,0,0.6493474603721933
LT1bId6,delta_volume,1,0.49738252719350495
LT1bId6,face_num,0,0.4889397406559878
LT1bId6,face_num,1,0.48296291652299306
LT1bId6,frame_brightness,0,0.4781380938946533
LT1bId6,frame_brightness,1,0.45218018243942193
LT1bId6,global_flow,0,0.5135836912113517
LT1bId6,global_flow,1,0.46507424009696663
LT1bId6,gpt2_surprisal,0,0.5302707334148355
LT1bId6,gpt2_surprisal,1,0.5542563973961109
LT1bId6,local_flow,0,0.479295319895928
LT1bId6,local_flow,1,0.45782002654044285
LT1bId6,onset,0,0.6917187951843903
LT1bId6,onset,1,0.5486203065309041
LT1bId6,pitch,0,0.5220160287556295
LT1bId6,pitch,1,0.5275644441658047
LT1bId6,speech,0,0.49484342183630603
LT1bId6,speech,1,0.4815679759255196
LT1bId6,volume,0,0.5136516096674085
LT1bId6,volume,1,0.5231079485491572
LT1bId6,word_gap,0,0.5712764107468915
LT1bId6,word_gap,1,0.5073834159348463
LT1bId6,word_head_pos,0,0.5016404919386017
LT1bId6,word_head_pos,1,0.5285570985235573
LT1bId6,word_index,0,0.6254733727810651
LT1bId6,word_index,1,0.5355917159763314
LT1bId6,word_length,0,0.5097541351890745
LT1bId6,word_length,1,0.49980669362506924
LT1bId6,word_part_speech,0,0.5210151755604047
LT1bId6,word_part_speech,1,0.5019837333862329
LF3cIc10,delta_volume,0,0.5133851603398012
LF3cIc10,delta_volume,1,0.46744616156233343
LF3cIc10,face_num,0,0.49253941882699603
LF3cIc10,face_num,1,0.4718190652330648
LF3cIc10,frame_brightness,0,0.5167131646865825
LF3cIc10,frame_brightness,1,0.48843818898049174
LF3cIc10,global_flow,0,0.4780884611767656
LF3cIc10,global_flow,1,0.49811395672027
LF3cIc10,gpt2_surprisal,0,0.5089652361994921
LF3cIc10,gpt2_surprisal,1,0.5344712286971149
LF3cIc10,local_flow,0,0.4960868520318067
LF3cIc10,local_flow,1,0.5077897244600483
LF3cIc10,onset,0,0.5168637657336803
LF3cIc10,onset,1,0.5030211710271981
LF3cIc10,pitch,0,0.48443100007314294
LF3cIc10,pitch,1,0.5027167382422704
LF3cIc10,speech,0,0.5016509409318413
LF3cIc10,speech,1,0.45295340793914507
LF3cIc10,volume,0,0.4931402359382674
LF3cIc10,volume,1,0.5057991912479232
LF3cIc10,word_gap,0,0.49501492623829807
LF3cIc10,word_gap,1,0.48952989595107677
LF3cIc10,word_head_pos,0,0.5056111093696123
LF3cIc10,word_head_pos,1,0.4838197339686321
LF3cIc10,word_index,0,0.5145562130177515
LF3cIc10,word_index,1,0.5063017751479291
LF3cIc10,word_length,0,0.5004702046957775
LF3cIc10,word_length,1,0.5276323626218613
LF3cIc10,word_part_speech,0,0.49352806982741526
LF3cIc10,word_part_speech,1,0.5019465383852411
LF1aCaOF12,delta_volume,0,0.5258769317576251
LF1aCaOF12,delta_volume,1,0.5083539700949813
LF1aCaOF12,face_num,0,0.483109202428346
LF1aCaOF12,face_num,1,0.48396079537736536
LF1aCaOF12,frame_brightness,0,0.5144561821468501
LF1aCaOF12,frame_brightness,1,0.5049528227955237
LF1aCaOF12,global_flow,0,0.4718556367094031
LF1aCaOF12,global_flow,1,0.458068190129881
LF1aCaOF12,gpt2_surprisal,0,0.48616030845428043
LF1aCaOF12,gpt2_surprisal,1,0.5277316280576366
LF1aCaOF12,local_flow,0,0.4914579480267076
LF1aCaOF12,local_flow,1,0.5139598549679738
LF1aCaOF12,onset,0,0.5047410316119507
LF1aCaOF12,onset,1,0.5251586685539473
LF1aCaOF12,pitch,0,0.498072160747312
LF1aCaOF12,pitch,1,0.536399067949803
LF1aCaOF12,speech,0,0.4872261057647096
LF1aCaOF12,speech,1,0.4867715745587913
LF1aCaOF12,volume,0,0.5254746455179043
LF1aCaOF12,volume,1,0.5448575279771793
LF1aCaOF12,word_gap,0,0.4946743761412051
LF1aCaOF12,word_gap,1,0.49047184302814256
LF1aCaOF12,word_head_pos,0,0.512047689205145
LF1aCaOF12,word_head_pos,1,0.5140538959071295
LF1aCaOF12,word_index,0,0.4958136094674556
LF1aCaOF12,word_index,1,0.5368934911242603
LF1aCaOF12,word_length,0,0.5053342110487655
LF1aCaOF12,word_length,1,0.5024555134112828
LF1aCaOF12,word_part_speech,0,0.48844475302519347
LF1aCaOF12,word_part_speech,1,0.49394961317198965
RF1aCaOF8,delta_volume,0,0.5566962373175344
RF1aCaOF8,delta_volume,1,0.5211278643302718
RF1aCaOF8,face_num,0,0.503897474478334
RF1aCaOF8,face_num,1,0.5187350448784259
RF1aCaOF8,frame_brightness,0,0.5005328986552146
RF1aCaOF8,frame_brightness,1,0.48353761115116567
RF1aCaOF8,global_flow,0,0.49219982654671224
RF1aCaOF8,global_flow,1,0.45586867705296585
RF1aCaOF8,gpt2_surprisal,0,0.527893587452849
RF1aCaOF8,gpt2_surprisal,1,0.5195500663511071
RF1aCaOF8,local_flow,0,0.5331076350793601
RF1aCaOF8,local_flow,1,0.4847340208770885
RF1aCaOF8,onset,0,0.5095962132627125
RF1aCaOF8,onset,1,0.5426388444972071
RF1aCaOF8,pitch,0,0.524852930420154
RF1aCaOF8,pitch,1,0.492497622854038
RF1aCaOF8,speech,0,0.511796913367397
RF1aCaOF8,speech,1,0.4971056288726581
RF1aCaOF8,volume,0,0.5215301505699925
RF1aCaOF8,volume,1,0.5380395598884048
RF1aCaOF8,word_gap,0,0.5004492362982929
RF1aCaOF8,word_gap,1,0.457670347506014
RF1aCaOF8,word_head_pos,0,0.5079360103654013
RF1aCaOF8,word_head_pos,1,0.5086883378786454
RF1aCaOF8,word_index,0,0.44322485207100587
RF1aCaOF8,word_index,1,0.5050147928994082
RF1aCaOF8,word_length,0,0.5179827173651819
RF1aCaOF8,word_length,1,0.49583085169743896
RF1aCaOF8,word_part_speech,0,0.5069306685181512
RF1aCaOF8,word_part_speech,1,0.5449687561991668
LF1bCb4,delta_volume,0,0.557187339999791
LF1bCb4,delta_volume,1,0.5264829733655162
LF1bCb4,face_num,0,0.4750582531373102
LF1bCb4,face_num,1,0.47918560546691324
LF1bCb4,frame_brightness,0,0.48001630042945365
LF1bCb4,frame_brightness,1,0.4116694356498751
LF1bCb4,global_flow,0,0.5119693217558489
LF1bCb4,global_flow,1,0.5026383707929741
LF1bCb4,gpt2_surprisal,0,0.5210338233911163
LF1bCb4,gpt2_surprisal,1,0.49302529701263287
LF1bCb4,local_flow,0,0.511253565718943
LF1bCb4,local_flow,1,0.49389256345151145
LF1bCb4,onset,0,0.5136447346392098
LF1bCb4,onset,1,0.5406982938374199
LF1bCb4,pitch,0,0.5119066277964118
LF1bCb4,pitch,1,0.5159399391868593
LF1bCb4,speech,0,0.4964421178019498
LF1bCb4,speech,1,0.4716153098648945
LF1bCb4,volume,0,0.5439066695923848
LF1bCb4,volume,1,0.5266240347742495
LF1bCb4,word_gap,0,0.509281801582471
LF1bCb4,word_gap,1,0.5111439584963626
LF1bCb4,word_head_pos,0,0.4919647241988234
LF1bCb4,word_head_pos,1,0.4995977137602792
LF1bCb4,word_index,0,0.5132248520710059
LF1bCb4,word_index,1,0.5225
LF1bCb4,word_length,0,0.5031346979718504
LF1bCb4,word_length,1,0.47942593231142183
LF1bCb4,word_part_speech,0,0.49718557825828213
LF1bCb4,word_part_speech,1,0.5169857171196192
RF1bCb6,delta_volume,0,0.5520725578090552
RF1bCb6,delta_volume,1,0.5105952791448545
RF1bCb6,face_num,0,0.5080666227808951
RF1bCb6,face_num,1,0.5029988610597368
RF1bCb6,frame_brightness,0,0.49087280440529557
RF1bCb6,frame_brightness,1,0.46666771156599063
RF1bCb6,global_flow,0,0.4738095984451899
RF1bCb6,global_flow,1,0.4906481510506463
RF1bCb6,gpt2_surprisal,0,0.5227317847925353
RF1bCb6,gpt2_surprisal,1,0.5328464102483725
RF1bCb6,local_flow,0,0.48226805847256615
RF1bCb6,local_flow,1,0.47017334879784334
RF1bCb6,onset,0,0.5190782764866141
RF1bCb6,onset,1,0.5131881344839657
RF1bCb6,pitch,0,0.5005067761721158
RF1bCb6,pitch,1,0.528436935101303
RF1bCb6,speech,0,0.5629969802409538
RF1bCb6,speech,1,0.5270785659801678
RF1bCb6,volume,0,0.5191425556147665
RF1bCb6,volume,1,0.4917348463475544
RF1bCb6,word_gap,0,0.5022316899979712
RF1bCb6,word_gap,1,0.5148610265773991
RF1bCb6,word_head_pos,0,0.490256313804165
RF1bCb6,word_head_pos,1,0.4825292833035537
RF1bCb6,word_index,0,0.4769674556213017
RF1bCb6,word_index,1,0.5125443786982249
RF1bCb6,word_length,0,0.51320230295811
RF1bCb6,word_length,1,0.473114740394763
RF1bCb6,word_part_speech,0,0.4873908946637571
RF1bCb6,word_part_speech,1,0.542389902797064
LF1cCc8,delta_volume,0,0.5716121751669228
LF1cCc8,delta_volume,1,0.5289384867767991
LF1cCc8,face_num,0,0.5114311986040144
LF1cCc8,face_num,1,0.4912176211821991
LF1cCc8,frame_brightness,0,0.48772765744020563
LF1cCc8,frame_brightness,1,0.4362036717762244
LF1cCc8,global_flow,0,0.5399256031681348
LF1cCc8,global_flow,1,0.5441522209335131
LF1cCc8,gpt2_surprisal,0,0.5085107049935738
LF1cCc8,gpt2_surprisal,1,0.490966845344451
LF1cCc8,local_flow,0,0.5249260733728305
LF1cCc8,local_flow,1,0.4749119672319572
LF1cCc8,onset,0,0.5109888437362069
LF1cCc8,onset,1,0.5157222653455702
LF1cCc8,pitch,0,0.5164310418691159
LF1cCc8,pitch,1,0.5199836995705465
LF1cCc8,speech,0,0.503228738911006
LF1cCc8,speech,1,0.48945174132472336
LF1cCc8,volume,0,0.515318224089109
LF1cCc8,volume,1,0.530678244151176
LF1cCc8,word_gap,0,0.4938338695185926
LF1cCc8,word_gap,1,0.505557487754688
LF1cCc8,word_head_pos,0,0.5011389402631056
LF1cCc8,word_head_pos,1,0.505825313731022
LF1cCc8,word_index,0,0.48081360946745566
LF1cCc8,word_index,1,0.4870118343195266
LF1cCc8,word_length,0,0.5240222354576136
LF1cCc8,word_length,1,0.49690709800110755
LF1cCc8,word_part_speech,0,0.4833614362229717
LF1cCc8,word_part_speech,1,0.5235692322951795
RF1cCc8,delta_volume,0,0.5420728712788523
RF1cCc8,delta_volume,1,0.4998693875845062
RF1cCc8,face_num,0,0.5348421679571174
RF1cCc8,face_num,1,0.5108669529690815
RF1cCc8,frame_brightness,0,0.4810611997534038
RF1cCc8,frame_brightness,1,0.4544110424960556
RF1cCc8,global_flow,0,0.5079725818417395
RF1cCc8,global_flow,1,0.5140382224172702
RF1cCc8,gpt2_surprisal,0,0.5142785492617786
RF1cCc8,gpt2_surprisal,1,0.5370782525103706
RF1cCc8,local_flow,0,0.5086622153955467
RF1cCc8,local_flow,1,0.4959875865960315
RF1cCc8,onset,0,0.5013317504527952
RF1cCc8,onset,1,0.5126021642847358
RF1cCc8,pitch,0,0.5066716821834216
RF1cCc8,pitch,1,0.5154906324775608
RF1cCc8,speech,0,0.4919281527224852
RF1cCc8,speech,1,0.4782242980888791
RF1cCc8,volume,0,0.5191843515877245
RF1cCc8,volume,1,0.5052297211163704
RF1cCc8,word_gap,0,0.5214763933570994
RF1cCc8,word_gap,1,0.5439816827522245
RF1cCc8,word_head_pos,0,0.5024555134112829
RF1cCc8,word_head_pos,1,0.48463475544131324
RF1cCc8,word_index,0,0.5110355029585799
RF1cCc8,word_index,1,0.5354585798816568
RF1cCc8,word_length,0,0.5099422170673855
RF1cCc8,word_length,1,0.49406497183996323
RF1cCc8,word_part_speech,0,0.49321811148581635
RF1cCc8,word_part_speech,1,0.549928089664749
LT2aA12,delta_volume,0,0.5181237787739151
LT2aA12,delta_volume,1,0.4875918205280921
LT2aA12,face_num,0,0.4943732171405285
LT2aA12,face_num,1,0.4619813380980742
LT2aA12,frame_brightness,0,0.5158354492544643
LT2aA12,frame_brightness,1,0.488244882605561
LT2aA12,global_flow,0,0.5027689832084679
LT2aA12,global_flow,1,0.48083132190213473
LT2aA12,gpt2_surprisal,0,0.4973903639384345
LT2aA12,gpt2_surprisal,1,0.5172826348181352
LT2aA12,local_flow,0,0.5094824613648474
LT2aA12,local_flow,1,0.5010762463036686
LT2aA12,onset,0,0.5169246457543795
LT2aA12,onset,1,0.5267948191102384
LT2aA12,pitch,0,0.49747656813266045
LT2aA12,pitch,1,0.5230034586167622
LT2aA12,speech,0,0.4871581873086529
LT2aA12,speech,1,0.5026435952895938
LT2aA12,volume,0,0.48277483464468207
LT2aA12,volume,1,0.4924662758743195
LT2aA12,word_gap,0,0.4799365272584992
LT2aA12,word_gap,1,0.4714372663246674
LT2aA12,word_head_pos,0,0.5196441072902626
LT2aA12,word_head_pos,1,0.500313469797185
LT2aA12,word_index,0,0.49596153846153845
LT2aA12,word_index,1,0.4999556213017752
LT2aA12,word_length,0,0.5019539617357868
LT2aA12,word_length,1,0.5010657973104291
LT2aA12,word_part_speech,0,0.4986237849633009
LT2aA12,word_part_speech,1,0.518969450505852
LT3Ha13,delta_volume,0,0.5019017167695893
LT3Ha13,delta_volume,1,0.46033039716623314
LT3Ha13,face_num,0,0.5028316771679049
LT3Ha13,face_num,1,0.49101386581402884
LT3Ha13,frame_brightness,0,0.4736737615330763
LT3Ha13,frame_brightness,1,0.49570023928194523
LT3Ha13,global_flow,0,0.5248686039100132
LT3Ha13,global_flow,1,0.5075493976155397
LT3Ha13,gpt2_surprisal,0,0.5009195114050762
LT3Ha13,gpt2_surprisal,1,0.49437844163714817
LT3Ha13,local_flow,0,0.4925132963438973
LT3Ha13,local_flow,1,0.49702203692674213
LT3Ha13,onset,0,0.5239334581373758
LT3Ha13,onset,1,0.49078428686665754
LT3Ha13,pitch,0,0.46517873002936166
LT3Ha13,pitch,1,0.515903367710521
LT3Ha13,speech,0,0.5343406162816213
LT3Ha13,speech,1,0.5066769066800414
LT3Ha13,volume,0,0.49469713593095305
LT3Ha13,volume,1,0.5022987785126903
LT3Ha13,word_gap,0,0.5037460510680231
LT3Ha13,word_gap,1,0.5085427354143117
LT3Ha13,word_head_pos,0,0.5077897244600482
LT3Ha13,word_head_pos,1,0.51801928884152
LT3Ha13,word_index,0,0.4843343195266272
LT3Ha13,word_index,1,0.4679881656804734
LT3Ha13,word_length,0,0.5088293992873787
LT3Ha13,word_length,1,0.5180401868279991
LT3Ha13,word_part_speech,0,0.4971111882562984
LT3Ha13,word_part_speech,1,0.493590061495735
LF3aOFa2,delta_volume,0,0.5101041764625979
LF3aOFa2,delta_volume,1,0.48775900441992415
LF3aOFa2,face_num,0,0.5200045975570253
LF3aOFa2,face_num,1,0.47922217694325153
LF3aOFa2,frame_brightness,0,0.5155115304640399
LF3aOFa2,frame_brightness,1,0.5188081878311025
LF3aOFa2,global_flow,0,0.48145303699988495
LF3aOFa2,global_flow,1,0.4411094741021703
LF3aOFa2,gpt2_surprisal,0,0.4748440487759005
LF3aOFa2,gpt2_surprisal,1,0.48885092421345205
LF3aOFa2,local_flow,0,0.5006635110707083
LF3aOFa2,local_flow,1,0.49437321714052845
LF3aOFa2,onset,0,0.43814589896960565
LF3aOFa2,onset,1,0.4759143418108762
LF3aOFa2,pitch,0,0.48575802221455966
LF3aOFa2,pitch,1,0.5210756193640742
LF3aOFa2,speech,0,0.49933648892929167
LF3aOFa2,speech,1,0.5298475491886356
LF3aOFa2,volume,0,0.4988506107436548
LF3aOFa2,volume,1,0.4999320815439433
LF3aOFa2,word_gap,0,0.4753282323276238
LF3aOFa2,word_gap,1,0.4771686520012753
LF3aOFa2,word_head_pos,0,0.5038609030019958
LF3aOFa2,word_head_pos,1,0.5092160120372402
LF3aOFa2,word_index,0,0.4938461538461539
LF3aOFa2,word_index,1,0.5
LF3aOFa2,word_length,0,0.49203786715149994
LF3aOFa2,word_length,1,0.5088241747907589
LF3aOFa2,word_part_speech,0,0.4842913112477683
LF3aOFa2,word_part_speech,1,0.4851839912715731
LF3aOFa14,delta_volume,0,0.5179095744125053
LF3aOFa14,delta_volume,1,0.5085316029800528
LF3aOFa14,face_num,0,0.5239125210285989
LF3aOFa14,face_num,1,0.4836003051106026
LF3aOFa14,frame_brightness,0,0.49625403592363876
LF3aOFa14,frame_brightness,1,0.503312330856922
LF3aOFa14,global_flow,0,0.4967764855856138
LF3aOFa14,global_flow,1,0.45114573210871134
LF3aOFa14,gpt2_surprisal,0,0.49980669362506924
LF3aOFa14,gpt2_surprisal,1,0.5071993563420165
LF3aOFa14,local_flow,0,0.492267745002769
LF3aOFa14,local_flow,1,0.4837936114855333
LF3aOFa14,onset,0,0.4915757271357472
LF3aOFa14,onset,1,0.48155335372814023
LF3aOFa14,pitch,0,0.5086256439192084
LF3aOFa14,pitch,1,0.509597400290482
LF3aOFa14,speech,0,0.4807947504257965
LF3aOFa14,speech,1,0.46949938873389546
LF3aOFa14,volume,0,0.5174027982403895
LF3aOFa14,volume,1,0.528123465304118
LF3aOFa14,word_gap,0,0.4902472248789961
LF3aOFa14,word_gap,1,0.48587803959076026
LF3aOFa14,word_head_pos,0,0.511587933502607
LF3aOFa14,word_head_pos,1,0.5060551915822911
LF3aOFa14,word_index,0,0.511508875739645
LF3aOFa14,word_index,1,0.48079881656804735
LF3aOFa14,word_length,0,0.4764009487685862
LF3aOFa14,word_length,1,0.520558394198719
LF3aOFa14,word_part_speech,0,0.4345615949216426
LF3aOFa14,word_part_speech,1,0.46552023408053955
LF3bIa10,delta_volume,0,0.5009665318746539
LF3bIa10,delta_volume,1,0.46994869544319406
LF3bIa10,face_num,0,0.5012773894235291
LF3bIa10,face_num,1,0.462195542459484
LF3bIa10,frame_brightness,0,0.5144091616772724
LF3bIa10,frame_brightness,1,0.49283721513432177
LF3bIa10,global_flow,0,0.490841457425577
LF3bIa10,global_flow,1,0.4875970450247119
LF3bIa10,gpt2_surprisal,0,0.5126746287995152
LF3bIa10,gpt2_surprisal,1,0.5049267003124249
LF3bIa10,local_flow,0,0.4899167215238812
LF3bIa10,local_flow,1,0.5241894193494456
LF3bIa10,onset,0,0.5092537631462795
LF3bIa10,onset,1,0.5146492549807468
LF3bIa10,pitch,0,0.5073090707710313
LF3bIa10,pitch,1,0.5105273606887976
LF3bIa10,speech,0,0.5004702046957776
LF3bIa10,speech,1,0.4890755775681013
LF3bIa10,volume,0,0.4783967064773309
LF3bIa10,volume,1,0.49647868927828803
LF3bIa10,word_gap,0,0.4970944555545895
LF3bIa10,word_gap,1,0.4712198939222676
LF3bIa10,word_head_pos,0,0.5063529878896169
LF3bIa10,word_head_pos,1,0.4860296960387867
LF3bIa10,word_index,0,0.48754437869822487
LF3bIa10,word_index,1,0.49653846153846154
LF3bIa10,word_length,0,0.5094249919020303
LF3bIa10,word_length,1,0.494697135930953
LF3bIa10,word_part_speech,0,0.49423477484626066
LF3bIa10,word_part_speech,1,0.4939992065066455
LT2bHb11,delta_volume,0,0.4774458480925362
LT2bHb11,delta_volume,1,0.4791960544601528
LT2bHb11,face_num,0,0.49736162920702587
LT2bHb11,face_num,1,0.5022099620701546
LT2bHb11,frame_brightness,0,0.49861028389914636
LT2bHb11,frame_brightness,1,0.5166556952237652
LT2bHb11,global_flow,0,0.4962958318965968
LT2bHb11,global_flow,1,0.4993208154394324
LT2bHb11,gpt2_surprisal,0,0.5113528311547182
LT2bHb11,gpt2_surprisal,1,0.5060186201059528
LT2bHb11,local_flow,0,0.4983699570546378
LT2bHb11,local_flow,1,0.48273826316834373
LT2bHb11,onset,0,0.47359329102171893
LT2bHb11,onset,1,0.4898178165380576
LT2bHb11,pitch,0,0.46663114008965234
LT2bHb11,pitch,1,0.5084427865375172
LT2bHb11,speech,0,0.47832095127634455
LT2bHb11,speech,1,0.4657429756642948
LT2bHb11,volume,0,0.511420749610775
LT2bHb11,volume,1,0.5058409872208812
LT2bHb11,word_gap,0,0.4349549314552358
LT2bHb11,word_gap,1,0.473980523432745
LT2bHb11,word_head_pos,0,0.5200829650063217
LT2bHb11,word_head_pos,1,0.5039862909208698
LT2bHb11,word_index,0,0.4830473372781065
LT2bHb11,word_index,1,0.5052958579881657
LT2bHb11,word_length,0,0.5324493485052715
LT2bHb11,word_length,1,0.5083017251287839
LT2bHb11,word_part_speech,0,0.5041286451100973
LT2bHb11,word_part_speech,1,0.533227534219401
LT1cCd11,delta_volume,0,0.520997251914778
LT1cCd11,delta_volume,1,0.47438951756998216
LT1cCd11,face_num,0,0.5076538875479347
LT1cCd11,face_num,1,0.4623731753445556
LT1cCd11,frame_brightness,0,0.4814791594829838
LT1cCd11,frame_brightness,1,0.486735003082453
LT1cCd11,global_flow,0,0.4616783172941288
LT1cCd11,global_flow,1,0.4692642863860067
LT1cCd11,gpt2_surprisal,0,0.5042004952822796
LT1cCd11,gpt2_surprisal,1,0.5197485972226576
LT1cCd11,local_flow,0,0.4776443789640868
LT1cCd11,local_flow,1,0.48462430644807375
LT1cCd11,onset,0,0.4458243915802931
LT1cCd11,onset,1,0.4401929896656165
LT1cCd11,pitch,0,0.4870536973762578
LT1cCd11,pitch,1,0.5201352099725192
LT1cCd11,speech,0,0.45753006697804666
LT1cCd11,speech,1,0.45387291934422125
LT1cCd11,volume,0,0.5020427781783225
LT1cCd11,volume,1,0.5407458491374355
LT1cCd11,word_gap,0,0.4741037011274382
LT1cCd11,word_gap,1,0.49494246877083153
LT1cCd11,word_head_pos,0,0.5016300429453622
LT1cCd11,word_head_pos,1,0.5177423905206733
LT1cCd11,word_index,0,0.4761686390532545
LT1cCd11,word_index,1,0.48736686390532546
LT1cCd11,word_length,0,0.5390844592123549
LT1cCd11,word_length,1,0.5175307984075734
LT1cCd11,word_part_speech,0,0.4846384645903591
LT1cCd11,word_part_speech,1,0.4920774647887324
LT1bId7,delta_volume,0,0.5953209408273512
LT1bId7,delta_volume,1,0.5187872898446235
LT1bId7,face_num,0,0.4874455346227391
LT1bId7,face_num,1,0.474708211863787
LT1bId7,frame_brightness,0,0.4628015840673751
LT1bId7,frame_brightness,1,0.45033593513264997
LT1bId7,global_flow,0,0.5112169942426048
LT1bId7,global_flow,1,0.4801416883483276
LT1bId7,gpt2_surprisal,0,0.518186472733352
LT1bId7,gpt2_surprisal,1,0.5297691817393394
LT1bId7,local_flow,0,0.47189220818574135
LT1bId7,local_flow,1,0.46328223775639216
LT1bId7,onset,0,0.6441562790131349
LT1bId7,onset,1,0.5477451562333531
LT1bId7,pitch,0,0.5066037637273648
LT1bId7,pitch,1,0.5160966740854518
LT1bId7,speech,0,0.5163787969029183
LT1bId7,speech,1,0.4871843097917516
LT1bId7,volume,0,0.4807268319697397
LT1bId7,volume,1,0.5080718472775148
LT1bId7,word_gap,0,0.5738631423354492
LT1bId7,word_gap,1,0.5315842100686897
LT1bId7,word_head_pos,0,0.5095033593513265
LT1bId7,word_head_pos,1,0.5253858290753686
LT1bId7,word_index,0,0.5987721893491125
LT1bId7,word_index,1,0.5343934911242604
LT1bId7,word_length,0,0.4956793412954662
LT1bId7,word_length,1,0.5198478626584329
LT1bId7,word_part_speech,0,0.4998388216623686
LT1bId7,word_part_speech,1,0.4973591549295775
LF1aCaOF1,delta_volume,0,0.4873828406633022
LF1aCaOF1,delta_volume,1,0.4642017491614683
LF1aCaOF1,face_num,0,0.46825595853839486
LF1aCaOF1,face_num,1,0.4800424229125524
LF1aCaOF1,frame_brightness,0,0.5000365714763383
LF1aCaOF1,frame_brightness,1,0.5058096402411628
LF1aCaOF1,global_flow,0,0.4821740175334107
LF1aCaOF1,global_flow,1,0.45598884047522026
LF1aCaOF1,gpt2_surprisal,0,0.49717877182533465
LF1aCaOF1,gpt2_surprisal,1,0.511692423435002
LF1aCaOF1,local_flow,0,0.494174686268978
LF1aCaOF1,local_flow,1,0.4883023520683783
LF1aCaOF1,onset,0,0.48495502488470843
LF1aCaOF1,onset,1,0.4623076571846034
LF1aCaOF1,pitch,0,0.5153861425451658
LF1aCaOF1,pitch,1,0.5255895844435389
LF1aCaOF1,speech,0,0.5086204194225886
LF1aCaOF1,speech,1,0.5230766015694388
LF1aCaOF1,volume,0,0.5005381231518343
LF1aCaOF1,volume,1,0.521477905603795
LF1aCaOF1,word_gap,0,0.5127597600208678
LF1aCaOF1,word_gap,1,0.4955366200040576
LF1aCaOF1,word_head_pos,0,0.5017084103946584
LF1aCaOF1,word_head_pos,1,0.5090853996217465
LF1aCaOF1,word_index,0,0.4857544378698225
LF1aCaOF1,word_index,1,0.49905325443786974
LF1aCaOF1,word_length,0,0.5093649101909031
LF1aCaOF1,word_length,1,0.5183588811218038
LF1aCaOF1,word_part_speech,0,0.4843657012497521
LF1aCaOF1,word_part_speech,1,0.48181164451497716
LF1aCaOF13,delta_volume,0,0.5094876858614672
LF1aCaOF13,delta_volume,1,0.5091637670710427
LF1aCaOF13,face_num,0,0.4968862000146286
LF1aCaOF13,face_num,1,0.483171896387783
LF1aCaOF13,frame_brightness,0,0.4992894684597139
LF1aCaOF13,frame_brightness,1,0.48920096548697534
LF1aCaOF13,global_flow,0,0.45958329414960875
LF1aCaOF13,global_flow,1,0.4672058347178249
LF1aCaOF13,gpt2_surprisal,0,0.4771480517852105
LF1aCaOF13,gpt2_surprisal,1,0.5321306542114668
LF1aCaOF13,local_flow,0,0.49919542752055845
LF1aCaOF13,local_flow,1,0.5044303731335487
LF1aCaOF13,onset,0,0.5078611326727851
LF1aCaOF13,onset,1,0.510478973562851
LF1aCaOF13,pitch,0,0.4957159127718045
LF1aCaOF13,pitch,1,0.5246282770655047
LF1aCaOF13,speech,0,0.49312978694502785
LF1aCaOF13,speech,1,0.4931506849315068
LF1aCaOF13,volume,0,0.5250148898153664
LF1aCaOF13,volume,1,0.547422755817477
LF1aCaOF13,word_gap,0,0.5039706692171695
LF1aCaOF13,word_gap,1,0.49360925136944617
LF1aCaOF13,word_head_pos,0,0.517120675422923
LF1aCaOF13,word_head_pos,1,0.5223974170088712
LF1aCaOF13,word_index,0,0.4955621301775148
LF1aCaOF13,word_index,1,0.5343343195266272
LF1aCaOF13,word_length,0,0.5077061325141323
LF1aCaOF13,word_length,1,0.5057730687648245
LF1aCaOF13,word_part_speech,0,0.49987601666336046
LF1aCaOF13,word_part_speech,1,0.4986981749652847
RF1aCaOF9,delta_volume,0,0.5483056957462149
RF1aCaOF9,delta_volume,1,0.5279040364460884
RF1aCaOF9,face_num,0,0.5132702214141668
RF1aCaOF9,face_num,1,0.5013583691211352
RF1aCaOF9,frame_brightness,0,0.4820068336415786
RF1aCaOF9,frame_brightness,1,0.43743665297848555
RF1aCaOF9,global_flow,0,0.4959666886095525
RF1aCaOF9,global_flow,1,0.46688191592740047
RF1aCaOF9,gpt2_surprisal,0,0.5361430676154353
RF1aCaOF9,gpt2_surprisal,1,0.5655831060677303
RF1aCaOF9,local_flow,0,0.48662528865343824
RF1aCaOF9,local_flow,1,0.4683604484707899
RF1aCaOF9,onset,0,0.5002815700957338
RF1aCaOF9,onset,1,0.5268861391412873
RF1aCaOF9,pitch,0,0.49509419767405405
RF1aCaOF9,pitch,1,0.5121103831645821
RF1aCaOF9,speech,0,0.5110654838406319
RF1aCaOF9,speech,1,0.48971819065233063
RF1aCaOF9,volume,0,0.5195396173578676
RF1aCaOF9,volume,1,0.5327001243430196
RF1aCaOF9,word_gap,0,0.5386125844129496
RF1aCaOF9,word_gap,1,0.4684085441845637
RF1aCaOF9,word_head_pos,0,0.48945174132472336
RF1aCaOF9,word_head_pos,1,0.4680939991431826
RF1aCaOF9,word_index,0,0.45680473372781066
RF1aCaOF9,word_index,1,0.4841863905325443
RF1aCaOF9,word_length,0,0.5088189502941391
RF1aCaOF9,word_length,1,0.5087876033144206
RF1aCaOF9,word_part_speech,0,0.464590359055743
RF1aCaOF9,word_part_speech,1,0.5042154334457449
LF1bCb5,delta_volume,0,0.5558759913482336
LF1bCb5,delta_volume,1,0.5323709810559754
LF1bCb5,face_num,0,0.5173244307910932
LF1bCb5,face_num,1,0.4921789285602332
LF1bCb5,frame_brightness,0,0.479107238017617
LF1bCb5,frame_brightness,1,0.43960481907568205
LF1bCb5,global_flow,0,0.48214789505031186
LF1bCb5,global_flow,1,0.4990021211456276
LF1bCb5,gpt2_surprisal,0,0.5257306458522721
LF1bCb5,gpt2_surprisal,1,0.5170527569668663
LF1bCb5,local_flow,0,0.5063425388963774
LF1bCb5,local_flow,1,0.4853296134917401
LF1bCb5,onset,0,0.5214906473068202
LF1bCb5,onset,1,0.5597917903292087
LF1bCb5,pitch,0,0.5169796140141897
LF1bCb5,pitch,1,0.5275435461793256
LF1bCb5,speech,0,0.5072411523149745
LF1bCb5,speech,1,0.4812597306249543
LF1bCb5,volume,0,0.5174707166964463
LF1bCb5,volume,1,0.5369528645914966
LF1bCb5,word_gap,0,0.49719589600904274
LF1bCb5,word_gap,1,0.49076167289800887
LF1bCb5,word_head_pos,0,0.5078158469431471
LF1bCb5,word_head_pos,1,0.5226481928466193
LF1bCb5,word_index,0,0.4832692307692308
LF1bCb5,word_index,1,0.5351627218934911
LF1bCb5,word_length,0,0.5035160862250923
LF1bCb5,word_length,1,0.46844404041670584
LF1bCb5,word_part_speech,0,0.49182949811545335
LF1bCb5,word_part_speech,1,0.534058222574886
RF1bCb7,delta_volume,0,0.5568059517465492
RF1bCb7,delta_volume,1,0.498302038598581
RF1bCb7,face_num,0,0.5141009163767071
RF1bCb7,face_num,1,0.5179748806202522
RF1bCb7,frame_brightness,0,0.47724731722098573
RF1bCb7,frame_brightness,1,0.4521462232113935
RF1bCb7,global_flow,0,0.48556471583962885
RF1bCb7,global_flow,1,0.47132273805418856
RF1bCb7,gpt2_surprisal,0,0.5145032026164279
RF1bCb7,gpt2_surprisal,1,0.5246596240452233
RF1bCb7,local_flow,0,0.4913900295706509
RF1bCb7,local_flow,1,0.4856430832889251
RF1bCb7,onset,0,0.5475549061686681
RF1bCb7,onset,1,0.5281570095733833
RF1bCb7,pitch,0,0.5032966573670627
RF1bCb7,pitch,1,0.5370573545238916
RF1bCb7,speech,0,0.541639238059413
RF1bCb7,speech,1,0.5082599291558259
RF1bCb7,volume,0,0.5221414166745033
RF1bCb7,volume,1,0.4979310993385787
RF1bCb7,word_gap,0,0.5157522534272382
RF1bCb7,word_gap,1,0.5086296843752718
RF1bCb7,word_head_pos,0,0.49766987450759115
RF1bCb7,word_head_pos,1,0.48783214737260067
RF1bCb7,word_index,0,0.4752366863905325
RF1bCb7,word_index,1,0.5077958579881657
RF1bCb7,word_length,0,0.5121835261172586
RF1bCb7,word_length,1,0.5040228623972081
RF1bCb7,word_part_speech,0,0.4961937115651656
RF1bCb7,word_part_speech,1,0.5107121602856577
LF1cCc9,delta_volume,0,0.5515553326436997
LF1cCc9,delta_volume,1,0.5180819828009572
LF1cCc9,face_num,0,0.5019017167695893
LF1cCc9,face_num,1,0.5044826180997461
LF1cCc9,frame_brightness,0,0.4873932896565416
LF1cCc9,frame_brightness,1,0.4328495449463444
LF1cCc9,global_flow,0,0.5125962613502189
LF1cCc9,global_flow,1,0.52410060290691
LF1cCc9,gpt2_surprisal,0,0.5152555301296721
LF1cCc9,gpt2_surprisal,1,0.5093518489493538
LF1cCc9,local_flow,0,0.5217757019111209
LF1cCc9,local_flow,1,0.4864267577818877
LF1cCc9,onset,0,0.5073132124864922
LF1cCc9,onset,1,0.5025950108823036
LF1cCc9,pitch,0,0.5003448167769036
LF1cCc9,pitch,1,0.4864110842920285
LF1cCc9,speech,0,0.4888874956897903
LF1cCc9,speech,1,0.462195542459484
LF1cCc9,volume,0,0.503834780518897
LF1cCc9,volume,1,0.5168698995851749
LF1cCc9,word_gap,0,0.4921021360461409
LF1cCc9,word_gap,1,0.497848013216242
LF1cCc9,word_head_pos,0,0.4891017000512001
LF1cCc9,word_head_pos,1,0.5072254788251152
LF1cCc9,word_index,0,0.495887573964497
LF1cCc9,word_index,1,0.4809615384615385
LF1cCc9,word_length,0,0.5330135941402047
LF1cCc9,word_length,1,0.5012225322090217
LF1cCc9,word_part_speech,0,0.49368924816504656
LF1cCc9,word_part_speech,1,0.5172584804602262
RF1cCc9,delta_volume,0,0.5484467571549482
RF1cCc9,delta_volume,1,0.4977848134332257
RF1cCc9,face_num,0,0.5239490925049372
RF1cCc9,face_num,1,0.5031555959583295
RF1cCc9,frame_brightness,0,0.5046811489712967
RF1cCc9,frame_brightness,1,0.4738775169012466
RF1cCc9,global_flow,0,0.5302237129452578
RF1cCc9,global_flow,1,0.5176248393467289
RF1cCc9,gpt2_surprisal,0,0.5086204194225885
RF1cCc9,gpt2_surprisal,1,0.5359497612405044
RF1cCc9,local_flow,0,0.5097541351890745
RF1cCc9,local_flow,1,0.5349675558759913
RF1cCc9,onset,0,0.5167876657078063
RF1cCc9,onset,1,0.5325632010714884
RF1cCc9,pitch,0,0.515401816035025
RF1cCc9,pitch,1,0.5151196932175585
RF1cCc9,speech,0,0.5333897578968266
RF1cCc9,speech,1,0.4874977795889366
RF1cCc9,volume,0,0.5196859032632206
RF1cCc9,volume,1,0.5137352016133245
RF1cCc9,word_gap,0,0.5218821551749123
RF1cCc9,word_gap,1,0.5403588093788946
RF1cCc9,word_head_pos,0,0.4872313302613293
RF1cCc9,word_head_pos,1,0.48701190140329975
RF1cCc9,word_index,0,0.5399556213017751
RF1cCc9,word_index,1,0.5420710059171598
RF1cCc9,word_length,0,0.5064522533253921
RF1cCc9,word_length,1,0.46427489211414474
RF1cCc9,word_part_speech,0,0.5095839119222377
RF1cCc9,word_part_speech,1,0.5390671493751239
