test_subject,test_trial,task,fold,rung,n_features,auroc_1e-03,iter_1e-03,auroc_1e-06,iter_1e-06
1,1,delta_volume,0,L1,120,0.6298235165041848,21,0.6285069433560077,80
1,1,delta_volume,0,L2,480,0.6112556555175909,118,0.6129222699392913,559
1,1,delta_volume,0,L3,600,0.6436997795262427,140,0.6461187214611872,532
1,1,delta_volume,0,L4,77520,0.8215364199659363,9,0.8223357679487582,27
1,1,delta_volume,0,L5,77520,0.8324556179012153,4,0.8251831186065222,25
1,1,delta_volume,1,L1,120,0.6161614578435368,20,0.6135701075201405,79
1,1,delta_volume,1,L2,480,0.61420749610775,132,0.6125983511488668,535
1,1,delta_volume,1,L3,600,0.6259730624954286,138,0.625711837664441,554
1,1,delta_volume,1,L4,77520,0.7889251120654526,8,0.7891536837925666,31
1,1,delta_volume,1,L5,77520,0.8321173317450864,6,0.8301463903952853,26
1,1,face_num,0,L1,120,0.5351033927881048,27,0.5350041273523296,82
1,1,face_num,0,L2,480,0.5634567359434919,116,0.5635612258758869,552
1,1,face_num,0,L3,600,0.5444134457645007,134,0.543943241068723,587
1,1,face_num,0,L4,77520,0.5659958413006907,10,0.5802900640523285,33
1,1,face_num,0,L5,77520,0.623345140695694,6,0.6125252081961903,25
1,1,face_num,1,L1,120,0.5260179931663584,23,0.5268748106119976,78
1,1,face_num,1,L2,480,0.5369528645914965,119,0.5368222521760029,562
1,1,face_num,1,L3,600,0.5493192480904465,134,0.5481594098408619,561
1,1,face_num,1,L4,77520,0.5712307869136808,9,0.5688013959854967,31
1,1,face_num,1,L5,77520,0.5855459076517977,5,0.5940722861352309,44
1,1,frame_brightness,0,L1,120,0.533572615278518,27,0.5324493485052715,89
1,1,frame_brightness,0,L2,480,0.534053268967535,130,0.5346906575551447,568
1,1,frame_brightness,0,L3,600,0.5491207172188959,128,0.5505313313062288,504
1,1,frame_brightness,0,L4,77520,0.5006112661045108,10,0.5011833484843735,29
1,1,frame_brightness,0,L5,77520,0.543755159190412,5,0.5415007888989896,23
1,1,frame_brightness,1,L1,120,0.5106370751178124,24,0.5111751982696467,74
1,1,frame_brightness,1,L2,480,0.5047438429307336,128,0.502972738576638,548
1,1,frame_brightness,1,L3,600,0.5352810256731764,132,0.5338651870892239,544
1,1,frame_brightness,1,L4,77520,0.5392829900839053,9,0.5388702548509451,62
1,1,frame_brightness,1,L5,77520,0.6086342643386311,5,0.5763089976280785,25
1,1,global_flow,0,L1,120,0.5901434646771784,28,0.5898613418597118,82
1,1,global_flow,0,L2,480,0.6468553754845721,134,0.6458261496504811,553
1,1,global_flow,0,L3,600,0.6525761992831991,147,0.650585666071074,553
1,1,global_flow,0,L4,77520,0.5881320334785742,9,0.5750080979697606,35
1,1,global_flow,0,L5,77520,0.6683071586052683,6,0.6629050291004461,20
1,1,global_flow,1,L1,120,0.5692350292049362,25,0.5683416402829587,81
1,1,global_flow,1,L2,480,0.5753790372297629,120,0.5735556879094699,502
1,1,global_flow,1,L3,600,0.5977398827622958,119,0.59723310659018,475
1,1,global_flow,1,L4,77520,0.621856159159065,9,0.6190401554810194,30
1,1,global_flow,1,L5,77520,0.6203515041325769,4,0.629692904088691,30
1,1,gpt2_surprisal,0,L1,120,0.4943679926439088,24,0.49560619834278963,78
1,1,gpt2_surprisal,0,L2,480,0.5176065536085598,126,0.5203807613136475,573
1,1,gpt2_surprisal,0,L3,600,0.5160966740854519,141,0.5197694952091366,591
1,1,gpt2_surprisal,0,L4,77520,0.5582322393237411,9,0.5552647252437228,31
1,1,gpt2_surprisal,0,L5,77520,0.5690469473266251,5,0.5697470298736717,22
1,1,gpt2_surprisal,1,L1,120,0.5571716665099318,22,0.5575687282530328,78
1,1,gpt2_surprisal,1,L2,480,0.5016457164352215,134,0.5010866952969082,591
1,1,gpt2_surprisal,1,L3,600,0.5442567108659081,147,0.5448418544873201,609
1,1,gpt2_surprisal,1,L4,77520,0.5741512805241216,9,0.5695902949750791,34
1,1,gpt2_surprisal,1,L5,77520,0.6389089161259313,7,0.6251789390092264,28
1,1,local_flow,0,L1,120,0.5496692893639697,24,0.5486661860129777,79
1,1,local_flow,0,L2,480,0.5818887600179723,122,0.5816170861937453,568
1,1,local_flow,0,L3,600,0.559198771198395,130,0.5579135450299364,533
1,1,local_flow,0,L4,77520,0.5951067364659415,9,0.576716508364419,29
1,1,local_flow,0,L5,77520,0.604338421993041,4,0.6128595759798543,23
1,1,local_flow,1,L1,120,0.5456882229397197,28,0.545745692402537,77
1,1,local_flow,1,L2,480,0.5200463935299834,120,0.5191843515877245,571
1,1,local_flow,1,L3,600,0.5373394773413582,135,0.5371200484833286,551
1,1,local_flow,1,L4,77520,0.5747938936083508,10,0.5766067939354043,33
1,1,local_flow,1,L5,77520,0.5802639415692299,4,0.5745013217976448,23
1,1,onset,0,L1,120,0.846268481882549,27,0.8458910349854227,84
1,1,onset,0,L2,480,0.9022347459391922,97,0.9035297792586423,407
1,1,onset,0,L3,600,0.919799042065806,70,0.9203456892961266,334
1,1,onset,0,L4,77520,0.9329576218242399,9,0.934838348604748,57
1,1,onset,0,L5,77520,0.9555100739275302,5,0.9727717617659308,44
1,1,onset,1,L1,120,0.7409542898792171,25,0.7412536443148687,75
1,1,onset,1,L2,480,0.7715144731361931,82,0.7721457205331113,306
1,1,onset,1,L3,600,0.7960094752186588,50,0.8029597042898793,216
1,1,onset,1,L4,77520,0.8979852144939608,9,0.8941196376509788,49
1,1,onset,1,L5,77520,0.8907486463973344,4,0.8945849385672635,37
1,1,pitch,0,L1,120,0.47401857830997984,20,0.4749746611913942,85
1,1,pitch,0,L2,480,0.5031503714617096,133,0.5054491499744,567
1,1,pitch,0,L3,600,0.5157414083153089,135,0.5141061408733268,516
1,1,pitch,0,L4,77520,0.540359236387574,9,0.5452650387135201,27
1,1,pitch,0,L5,77520,0.6203449735118021,5,0.615926355495648,24
1,1,pitch,1,L1,120,0.5743863828720103,26,0.5736497288486254,78
1,1,pitch,1,L2,480,0.597045024711869,124,0.595493349215803,533
1,1,pitch,1,L3,600,0.62405567223598,121,0.621438199429485,535
1,1,pitch,1,L4,77520,0.5619468564203839,10,0.5712778073832586,67
1,1,pitch,1,L5,77520,0.7205756350375642,5,0.7177779170976876,28
1,1,speech,0,L1,120,0.8886085075702956,24,0.889669080384105,88
1,1,speech,0,L2,480,0.9196785889679528,95,0.9214131218457102,400
1,1,speech,0,L3,600,0.930070112744637,82,0.9302059496567505,341
1,1,speech,0,L4,77520,0.9267734553775744,10,0.9235656144530474,58
1,1,speech,0,L5,77520,0.9771219293021118,7,0.9775869095012696,42
1,1,speech,1,L1,120,0.753435106527486,24,0.7554256397396111,72
1,1,speech,1,L2,480,0.8194831927943743,57,0.8184487424636637,289
1,1,speech,1,L3,600,0.8246136484749693,44,0.8272311212814645,199
1,1,speech,1,L4,77520,0.8714460361744145,9,0.8730630178782275,46
1,1,speech,1,L5,77520,0.8742920807080238,5,0.8782744532564286,40
1,1,volume,0,L1,120,0.6635737646677743,24,0.6651881341232773,84
1,1,volume,0,L2,480,0.6678787498824488,116,0.6681922196796338,446
1,1,volume,0,L3,600,0.6639290304379173,113,0.6620795586345256,428
1,1,volume,0,L4,77520,0.6973840945424907,9,0.7001974859722265,51
1,1,volume,0,L5,77520,0.7741541539972623,5,0.7707961087949176,23
1,1,volume,1,L1,120,0.6809347669352058,23,0.6807310115670355,81
1,1,volume,1,L2,480,0.6993197705401084,116,0.7002654044282832,498
1,1,volume,1,L3,600,0.7046853285685923,105,0.7101658255227108,416
1,1,volume,1,L4,77520,0.7444437478448951,9,0.7421541122012894,30
1,1,volume,1,L5,77520,0.8539909929678277,6,0.8498218446652666,32
1,1,word_gap,0,L1,120,0.51026613585781,25,0.5106214016279531,77
1,1,word_gap,0,L2,480,0.5112744637054221,129,0.5142001818124824,592
1,1,word_gap,0,L3,600,0.5272457498719998,126,0.5297691817393393,590
1,1,word_gap,0,L4,77520,0.6329843369591339,9,0.6246930608235897,33
1,1,word_gap,0,L5,77520,0.6680145867945624,4,0.6441908822084992,24
1,1,word_gap,1,L1,120,0.5352078827204998,23,0.5348839639300753,83
1,1,word_gap,1,L2,480,0.535688536409517,125,0.5370207830475533,581
1,1,word_gap,1,L3,600,0.5402860934348975,141,0.5384366216315057,597
1,1,word_gap,1,L4,77520,0.5582740352966993,9,0.55679027825669,36
1,1,word_gap,1,L5,77520,0.5614975497110852,6,0.5685401711545093,28
1,1,word_head_pos,0,L1,120,0.5339696770216189,21,0.5350511478219073,83
1,1,word_head_pos,0,L2,480,0.5242207663291643,119,0.5251977471970576,599
1,1,word_head_pos,0,L3,600,0.547652633668746,136,0.5462158970983146,621
1,1,word_head_pos,0,L4,77520,0.6240661212292196,9,0.6121803914192867,41
1,1,word_head_pos,0,L5,77520,0.6322659686739183,5,0.6167779484446674,27
1,1,word_head_pos,1,L1,120,0.5599667722014984,22,0.5587703624755754,74
1,1,word_head_pos,1,L2,480,0.5397009498134855,125,0.5431177706028025,588
1,1,word_head_pos,1,L3,600,0.5635507768826473,137,0.5675475167967567,633
1,1,word_head_pos,1,L4,77520,0.6070656092285509,12,0.6022277253586616,38
1,1,word_head_pos,1,L5,77520,0.6339613178270274,8,0.6170443977722746,35
1,1,word_index,0,L1,120,0.6239652342320001,23,0.624496640332542,77
1,1,word_index,0,L2,480,0.5849245993788454,120,0.585255252063627,502
1,1,word_index,0,L3,600,0.6082828497537819,132,0.6093456619548661,479
1,1,word_index,0,L4,77520,0.7774766476541373,6,0.7934837803049091,49
1,1,word_index,0,L5,77520,0.8110792267450786,4,0.8151769582314805,25
1,1,word_index,1,L1,120,0.6180725310282118,20,0.6185921281042973,72
1,1,word_index,1,L2,480,0.5845230925473246,122,0.5844286203516729,500
1,1,word_index,1,L3,600,0.5992135189711978,130,0.59907181067772,496
1,1,word_index,1,L4,77520,0.7823714882913522,5,0.8027302464543404,35
1,1,word_index,1,L5,77520,0.8366693827422917,7,0.832406324913499,31
1,1,word_length,0,L1,120,0.5253074616260723,21,0.5239752149880359,81
1,1,word_length,0,L2,480,0.5512418628465148,131,0.5491781866817131,583
1,1,word_length,0,L3,600,0.5650763298956145,135,0.5649927379496985,600
1,1,word_length,0,L4,77520,0.5716957671128386,11,0.5682632728336625,43
1,1,word_length,0,L5,77520,0.6189408900452442,5,0.6061147508437561,28
1,1,word_length,1,L1,120,0.5172983083079945,27,0.5167967566324985,81
1,1,word_length,1,L2,480,0.5344869021869743,132,0.5335203703123204,598
1,1,word_length,1,L3,600,0.5470883880338129,143,0.5463883054867664,611
1,1,word_length,1,L4,77520,0.60876095838166,9,0.6047616062192407,33
1,1,word_length,1,L5,77520,0.618588236523411,4,0.607797038755316,27
1,1,word_part_speech,0,L1,120,0.5053450906065089,22,0.504258737056213,77
1,1,word_part_speech,0,L2,480,0.5080609744822485,129,0.5087890625,572
1,1,word_part_speech,0,L3,600,0.514295950443787,129,0.5153534116124261,580
1,1,word_part_speech,0,L4,77520,0.5713872965976331,8,0.5723407451923077,27
1,1,word_part_speech,0,L5,77520,0.6193284254807693,4,0.5982861039201184,23
1,1,word_part_speech,1,L1,120,0.5494753143491125,21,0.5482618343195267,78
1,1,word_part_speech,1,L2,480,0.5354336168639053,125,0.5344686113165681,563
1,1,word_part_speech,1,L3,600,0.5404435558431953,147,0.5410040680473374,604
1,1,word_part_speech,1,L4,77520,0.5615292159763314,9,0.5596627681213018,37
1,1,word_part_speech,1,L5,77520,0.5978064903846154,5,0.5985519138313609,25
1,2,delta_volume,0,L1,120,0.670287242824154,29,0.6706320596010574,86
1,2,delta_volume,0,L2,480,0.6002685391262552,122,0.6007439683186524,562
1,2,delta_volume,0,L3,600,0.6756893723289761,139,0.6766088837340523,546
1,2,delta_volume,0,L4,77520,0.7526775545176223,9,0.7507915112378922,35
1,2,delta_volume,0,L5,77520,0.7833989007659112,6,0.7818354701524508,26
1,2,delta_volume,1,L1,120,0.650188604327973,25,0.6501311348651557,92
1,2,delta_volume,1,L2,480,0.5941036331149494,122,0.5927870599667722,529
1,2,delta_volume,1,L3,600,0.6490078680919094,131,0.6482868875583837,516
1,2,delta_volume,1,L4,77520,0.7589626239511822,7,0.7615853212542971,30
1,2,delta_volume,1,L5,77520,0.7890060917630586,4,0.79861655329509,47
1,2,face_num,0,L1,120,0.477242092724366,27,0.4784750739266272,74
1,2,face_num,0,L2,480,0.5106684220975308,123,0.5078733164059643,549
1,2,face_num,0,L3,600,0.4754448658871718,130,0.4739611088471626,537
1,2,face_num,0,L4,77520,0.5203650878237882,10,0.5210181499012569,38
1,2,face_num,0,L5,77520,0.4985606511812587,5,0.4889188426695088,25
1,2,face_num,1,L1,120,0.5045505365558028,26,0.5029257181070603,86
1,2,face_num,1,L2,480,0.5062119264808835,123,0.5069956009738461,542
1,2,face_num,1,L3,600,0.48605059402526574,144,0.48596177758272985,536
1,2,face_num,1,L4,77520,0.5238341535793026,9,0.5181916972299719,29
1,2,face_num,1,L5,77520,0.4906755796579,5,0.5146703865082599,25
1,2,frame_brightness,0,L1,120,0.4858154916773769,29,0.486943982947243,88
1,2,frame_brightness,0,L2,480,0.48060666854748546,128,0.48069026049340147,526
1,2,frame_brightness,0,L3,600,0.5035892291777687,122,0.5057521707783454,493
1,2,frame_brightness,0,L4,77520,0.4099662497518364,10,0.4045379977639154,32
1,2,frame_brightness,0,L5,77520,0.4469387062056571,5,0.44011681974441763,25
1,2,frame_brightness,1,L1,120,0.5162011640178468,26,0.5170057364972884,82
1,2,frame_brightness,1,L2,480,0.4288423560389957,117,0.4297043979812545,494
1,2,frame_brightness,1,L3,600,0.486943982947243,116,0.4876963104604871,466
1,2,frame_brightness,1,L4,77520,0.500334367783664,10,0.49943575436506693,57
1,2,frame_brightness,1,L5,77520,0.5205962717992122,4,0.5329469818083028,41
1,2,global_flow,0,L1,120,0.5034899637419934,31,0.5040489848803067,81
1,2,global_flow,0,L2,480,0.5109714429014764,121,0.5104489932395013,507
1,2,global_flow,0,L3,600,0.5224496619750687,134,0.5250514612917045,481
1,2,global_flow,0,L4,77520,0.5835005172251653,9,0.579569083518803,31
1,2,global_flow,0,L5,77520,0.6478075399935217,5,0.6356227077521082,25
1,2,global_flow,1,L1,120,0.5472816944087437,27,0.5465136934056403,81
1,2,global_flow,1,L2,480,0.5595070164989602,118,0.5633731439975758,543
1,2,global_flow,1,L3,600,0.5611736309206607,130,0.5654890651285749,518
1,2,global_flow,1,L4,77520,0.6088706728106745,10,0.5931527747301548,27
1,2,global_flow,1,L5,77520,0.6989671170182754,5,0.6625288653438242,23
1,2,gpt2_surprisal,0,L1,120,0.5672497204894309,28,0.5666280053916806,83
1,2,gpt2_surprisal,0,L2,480,0.5793444301641537,123,0.5795638590221832,590
1,2,gpt2_surprisal,0,L3,600,0.5798982268058472,146,0.5798668798261287,605
1,2,gpt2_surprisal,0,L4,77520,0.5779860610430185,9,0.5713509503359351,34
1,2,gpt2_surprisal,0,L5,77520,0.6231518343207632,5,0.5966218404856694,26
1,2,gpt2_surprisal,1,L1,120,0.5763560180976564,26,0.5758178949458219,82
1,2,gpt2_surprisal,1,L2,480,0.5653166567401231,121,0.5676729047156306,570
1,2,gpt2_surprisal,1,L3,600,0.5638433486933534,148,0.5645747782201185,616
1,2,gpt2_surprisal,1,L4,77520,0.579904757426622,6,0.5661669435649875,33
1,2,gpt2_surprisal,1,L5,77520,0.5988265780592039,6,0.5832314556492482,26
1,2,local_flow,0,L1,120,0.5289907317429965,30,0.5281077918142587,89
1,2,local_flow,0,L2,480,0.551884475930744,121,0.5533264369977953,514
1,2,local_flow,0,L3,600,0.5494028400363624,131,0.5514403937180652,494
1,2,local_flow,0,L4,77520,0.562929061784897,9,0.5568790946992257,36
1,2,local_flow,0,L5,77520,0.6165898665663564,5,0.6042391565572657,26
1,2,local_flow,1,L1,120,0.49680783256533234,27,0.49625403592363876,86
1,2,local_flow,1,L2,480,0.5986437206775128,138,0.5981003730290586,545
1,2,local_flow,1,L3,600,0.5947148992194602,132,0.5938633062704408,517
1,2,local_flow,1,L4,77520,0.5913033029267629,9,0.591261506953805,31
1,2,local_flow,1,L5,77520,0.6414663072212992,5,0.6295649039215071,24
1,2,onset,0,L1,120,0.8563600782778865,23,0.8564052385970194,72
1,2,onset,0,L2,480,0.8939936775553213,51,0.8936098148426915,210
1,2,onset,0,L3,600,0.9093406593406594,28,0.9074740328164985,134
1,2,onset,0,L4,77520,0.8924808068643685,9,0.8904297757037483,44
1,2,onset,0,L5,77520,0.9074194640975464,4,0.9232425109137438,38
1,2,onset,1,L1,120,0.9192307692307693,25,0.9194264639470119,73
1,2,onset,1,L2,480,0.947109739575493,64,0.9492398012945957,280
1,2,onset,1,L3,600,0.9435119674845702,40,0.9454087008881529,210
1,2,onset,1,L4,77520,0.9633900346229114,9,0.9671684479903659,49
1,2,onset,1,L5,77520,0.9657364895378595,4,0.9758768628631642,41
1,2,pitch,0,L1,120,0.560896732599814,26,0.5608862836065744,82
1,2,pitch,0,L2,480,0.5246335015621244,142,0.5237087656604287,581
1,2,pitch,0,L3,600,0.5277577505407354,140,0.5271882804091825,583
1,2,pitch,0,L4,77520,0.5458972028045098,9,0.5418429934275832,56
1,2,pitch,0,L5,77520,0.5970763716915874,8,0.5974786579313083,26
1,2,pitch,1,L1,120,0.5508813725797519,27,0.5508604745932729,79
1,2,pitch,1,L2,480,0.5584934641547287,123,0.5595592614651579,557
1,2,pitch,1,L3,600,0.5567380332904924,136,0.5570149316113393,543
1,2,pitch,1,L4,77520,0.6120184320240745,10,0.6209679947337075,29
1,2,pitch,1,L5,77520,0.6750363102515073,7,0.6726774500276899,26
1,2,speech,0,L1,120,0.8698159932290523,23,0.870119014032998,80
1,2,speech,0,L2,480,0.9036341598486985,50,0.9037073028013751,234
1,2,speech,0,L3,600,0.9183881383028745,30,0.9205615288966909,149
1,2,speech,0,L4,77520,0.9078346551309782,9,0.9142346634901728,48
1,2,speech,0,L5,77520,0.9263672507653887,4,0.9370239177455253,41
1,2,speech,1,L1,120,0.9310105221361922,27,0.9306082358964713,75
1,2,speech,1,L2,480,0.9452159284452943,74,0.9459369089788199,309
1,2,speech,1,L3,600,0.9508009153318078,50,0.9506441804332153,224
1,2,speech,1,L4,77520,0.9664639561978203,10,0.9651121176974599,52
1,2,speech,1,L5,77520,0.9521618967012528,5,0.9748597222657597,40
1,2,volume,0,L1,120,0.6277128198698055,24,0.6270440843024774,83
1,2,volume,0,L2,480,0.6796234182836485,108,0.6795293773444928,482
1,2,volume,0,L3,600,0.6879512658955309,122,0.6893305330031452,422
1,2,volume,0,L4,77520,0.7552480068545396,9,0.7560055588644035,63
1,2,volume,0,L5,77520,0.8271893253085065,7,0.8224507068743927,42
1,2,volume,1,L1,120,0.6617504153474814,24,0.6614369455502962,80
1,2,volume,1,L2,480,0.7170046915979645,114,0.7196117154112202,487
1,2,volume,1,L3,600,0.7029351222009759,120,0.704565165146338,456
1,2,volume,1,L4,77520,0.7593858081773821,9,0.7567108659080697,54
1,2,volume,1,L5,77520,0.8463893503860903,4,0.8522303376069715,45
1,2,word_gap,0,L1,120,0.5392103003376199,23,0.5375622036492806,84
1,2,word_gap,0,L2,480,0.5032188555061897,126,0.5015814261103317,568
1,2,word_gap,0,L3,600,0.511422003424201,137,0.5119500344020183,569
1,2,word_gap,0,L4,77520,0.5145848556448646,10,0.5175663638933484,62
1,2,word_gap,0,L5,77520,0.5639370843089462,8,0.5657931932006678,25
1,2,word_gap,1,L1,120,0.5402076921846082,28,0.540666385761298,85
1,2,word_gap,1,L2,480,0.5422078095248255,131,0.5409277344270864,575
1,2,word_gap,1,L3,600,0.5481121559131469,134,0.5505389649526106,554
1,2,word_gap,1,L4,77520,0.5743483617705571,9,0.5652704958690911,33
1,2,word_gap,1,L5,77520,0.6201910512083375,5,0.6093530820474801,25
1,2,word_head_pos,0,L1,120,0.5665444134457644,20,0.5671556795502752,80
1,2,word_head_pos,0,L2,480,0.5134321808093791,132,0.51362026268769,601
1,2,word_head_pos,0,L3,600,0.5117916888707773,140,0.511483443570212,618
1,2,word_head_pos,0,L4,77520,0.6369183829138063,10,0.6396978151155136,40
1,2,word_head_pos,0,L5,77520,0.6391662225844539,5,0.6500527674158594,28
1,2,word_head_pos,1,L1,120,0.5796265529816202,25,0.5795847570086622,77
1,2,word_head_pos,1,L2,480,0.5407510736340553,120,0.5424333615456152,594
1,2,word_head_pos,1,L3,600,0.5553378681963992,131,0.5599040782420615,594
1,2,word_head_pos,1,L4,77520,0.6372997711670481,10,0.6372423017042308,33
1,2,word_head_pos,1,L5,77520,0.6652665015725734,8,0.6623616814519921,38
1,2,word_index,0,L1,120,0.6319876970396002,25,0.6319876970396001,82
1,2,word_index,0,L2,480,0.5692118415993848,110,0.5717185697808536,458
1,2,word_index,0,L3,600,0.6232525951557093,122,0.6232372164552096,444
1,2,word_index,0,L4,77520,0.6007535563244906,6,0.6145636293733179,28
1,2,word_index,0,L5,77520,0.6287581699346405,3,0.6297885428681276,20
1,2,word_index,1,L1,120,0.5784544405997692,26,0.577439446366782,82
1,2,word_index,1,L2,480,0.5699500192233756,105,0.5682737408688966,458
1,2,word_index,1,L3,600,0.5780392156862746,134,0.5796386005382546,445
1,2,word_index,1,L4,77520,0.6489119569396387,8,0.65359477124183,26
1,2,word_index,1,L5,77520,0.6580392156862744,4,0.6642829680891964,31
1,2,word_length,0,L1,120,0.5838165992706603,20,0.584218885510381,68
1,2,word_length,0,L2,480,0.5678662110905615,131,0.5654577181488564,597
1,2,word_length,0,L3,600,0.575943282864696,143,0.5766590389016018,612
1,2,word_length,0,L4,77520,0.6166159890494551,9,0.6113679821949156,44
1,2,word_length,0,L5,77520,0.6459254150862564,7,0.64208018557412,28
1,2,word_length,1,L1,120,0.5583367292561361,24,0.5594965675057209,78
1,2,word_length,1,L2,480,0.5718420530181917,122,0.5720980533525595,545
1,2,word_length,1,L3,600,0.5869669707323699,135,0.5876095838165993,582
1,2,word_length,1,L4,77520,0.6350636866137948,9,0.6325350302498354,40
1,2,word_length,1,L5,77520,0.6667920545855408,8,0.6643208676843986,25
1,2,word_part_speech,0,L1,120,0.5245950077722537,26,0.5245693143716037,79
1,2,word_part_speech,0,L2,480,0.5355147030485219,125,0.5320460939607663,503
1,2,word_part_speech,0,L3,600,0.5280507701596845,141,0.5282948574658599,494
1,2,word_part_speech,0,L4,77520,0.587492452563559,8,0.5825978597397259,49
1,2,word_part_speech,0,L5,77520,0.6314891895016765,3,0.6231805860664688,27
1,2,word_part_speech,1,L1,120,0.5230277103326011,24,0.5245307742706286,77
1,2,word_part_speech,1,L2,480,0.5051579501804961,117,0.5058773653986973,481
1,2,word_part_speech,1,L3,600,0.517657789596742,113,0.5170925347824411,448
1,2,word_part_speech,1,L4,77520,0.6437866933878034,8,0.6267134286558498,24
1,2,word_part_speech,1,L5,77520,0.6337405737336366,3,0.6199175241839133,23
2,0,delta_volume,0,L1,119,0.6153150893911372,34,0.617122765221571,144
2,0,delta_volume,0,L2,476,0.619719340041587,135,0.6210724846661024,538
2,0,delta_volume,0,L3,595,0.590148689173798,134,0.5866430519419454,555
2,0,delta_volume,0,L4,76874,0.7920911570170215,9,0.8087729747238853,61
2,0,delta_volume,0,L5,76874,0.8422933450362058,4,0.8337539053112233,45
2,0,delta_volume,1,L1,119,0.5940722861352309,33,0.5951642059287587,147
2,0,delta_volume,1,L2,476,0.5932363666760707,131,0.5920608549366269,535
2,0,delta_volume,1,L3,595,0.5910159556126767,133,0.5891351368295665,529
2,0,delta_volume,1,L4,76874,0.8278763466140038,10,0.8325313731022017,33
2,0,delta_volume,1,L5,76874,0.843735306103257,9,0.8429673051001536,49
2,0,face_num,0,L1,119,0.5613199168260137,25,0.5601705275696687,123
2,0,face_num,0,L2,476,0.5178103089767301,111,0.5148323459034723,497
2,0,face_num,0,L3,595,0.5388441323678463,125,0.5353384951359936,523
2,0,face_num,0,L4,76874,0.551424720228206,10,0.549956636678056,35
2,0,face_num,0,L5,76874,0.5711811541957932,6,0.5577568101313438,24
2,0,face_num,1,L1,119,0.6106339404198404,34,0.609892061899836,114
2,0,face_num,1,L2,476,0.5272927703415776,132,0.5263784834331213,545
2,0,face_num,1,L3,595,0.5495595749349551,123,0.5495909219146735,506
2,0,face_num,1,L4,76874,0.5644911862742024,10,0.5526746810444814,71
2,0,face_num,1,L5,76874,0.590486975329927,9,0.5807733299896556,29
2,0,frame_brightness,0,L1,119,0.47150037093926,37,0.4735013531446245,151
2,0,frame_brightness,0,L2,476,0.4950158302247578,115,0.4947232584140518,463
2,0,frame_brightness,0,L3,595,0.49114447822952256,95,0.49269092922896873,417
2,0,frame_brightness,0,L4,76874,0.5337554726602092,9,0.5211513745650607,60
2,0,frame_brightness,0,L5,76874,0.5488176964149505,8,0.5467958162231068,45
2,0,frame_brightness,1,L1,119,0.5843338244360157,24,0.5864288475805356,123
2,0,frame_brightness,1,L2,476,0.5662309436485795,120,0.56475241110519,471
2,0,frame_brightness,1,L3,595,0.5004597557025381,112,0.5009717563712737,459
2,0,frame_brightness,1,L4,76874,0.5899449338056278,10,0.5813819838458565,68
2,0,frame_brightness,1,L5,76874,0.6349827069161886,9,0.6459515375693552,28
2,0,global_flow,0,L1,119,0.5626312654775714,28,0.5621819587682726,141
2,0,global_flow,0,L2,476,0.5335203703123205,123,0.5345339226565521,485
2,0,global_flow,0,L3,595,0.5554946030949918,124,0.5545541937034366,493
2,0,global_flow,0,L4,76874,0.5411899313501145,10,0.51844247306772,36
2,0,global_flow,0,L5,76874,0.5639204100184947,6,0.5559386853076705,26
2,0,global_flow,1,L1,119,0.5449829158960535,35,0.5471563064898697,151
2,0,global_flow,1,L2,476,0.5483370427259333,105,0.5478093685673385,457
2,0,global_flow,1,L3,595,0.5587808114688151,127,0.560875834613335,494
2,0,global_flow,1,L4,76874,0.6504811761386791,9,0.6510872177465701,64
2,0,global_flow,1,L5,76874,0.5476369601788867,9,0.5535928863254025,27
2,0,gpt2_surprisal,0,L1,119,0.5584203212020522,30,0.5586449745567015,144
2,0,gpt2_surprisal,0,L2,476,0.5323605320627358,114,0.5325799609207653,538
2,0,gpt2_surprisal,0,L3,595,0.5347794739976803,129,0.5328098387720344,571
2,0,gpt2_surprisal,0,L4,76874,0.6061043018505168,11,0.6084553253294045,67
2,0,gpt2_surprisal,0,L5,76874,0.6765043938016573,5,0.6595718002570452,32
2,0,gpt2_surprisal,1,L1,119,0.5436036487884393,23,0.5423340961098397,133
2,0,gpt2_surprisal,1,L2,476,0.5445545071732338,110,0.5430237296636469,538
2,0,gpt2_surprisal,1,L3,595,0.5354429850683886,129,0.537637273648684,559
2,0,gpt2_surprisal,1,L4,76874,0.615320313887757,12,0.6076376916084135,42
2,0,gpt2_surprisal,1,L5,76874,0.656938653960691,8,0.6419338996687669,36
2,0,local_flow,0,L1,119,0.4872365547579491,24,0.4882187601224622,145
2,0,local_flow,0,L2,476,0.5509910870087666,132,0.5520464353259562,535
2,0,local_flow,0,L3,595,0.5500297796307325,122,0.5473130413884622,511
2,0,local_flow,0,L4,76874,0.4826128752494697,10,0.48679247254527025,34
2,0,local_flow,0,L5,76874,0.5339122075588016,8,0.545578508510705,28
2,0,local_flow,1,L1,119,0.5013949405974734,26,0.5005537966416935,142
2,0,local_flow,1,L2,476,0.5396225823641891,127,0.538828458877987,517
2,0,local_flow,1,L3,595,0.5281339142973576,120,0.5292101606010262,512
2,0,local_flow,1,L4,76874,0.5636604913116621,11,0.5533603962258236,38
2,0,local_flow,1,L5,76874,0.5709747865793131,9,0.5783465513097814,27
2,0,onset,0,L1,119,0.8373259670549977,36,0.8383329791853364,129
2,0,onset,0,L2,476,0.8687558318936446,77,0.868330854297355,308
2,0,onset,0,L3,595,0.8869744366737189,57,0.8869559593869236,248
2,0,onset,0,L4,76874,0.9312090612614443,9,0.9319897266285418,49
2,0,onset,0,L5,76874,0.9469979028279488,8,0.9481896878262395,41
2,0,onset,1,L1,119,0.7976182777320979,24,0.7982557441265326,113
2,0,onset,1,L2,476,0.8618915198492252,82,0.8634528505834203,318
2,0,onset,1,L3,595,0.8695780711560315,66,0.8713056974713833,271
2,0,onset,1,L4,76874,0.950277621234098,9,0.9528898476547704,55
2,0,onset,1,L5,76874,0.9285414029803863,4,0.913092081558744,44
2,0,pitch,0,L1,119,0.5584777906648695,29,0.5618214685015099,134
2,0,pitch,0,L2,476,0.6168145199210056,122,0.6150956605331077,547
2,0,pitch,0,L3,595,0.6106705118961788,130,0.6066580984922103,530
2,0,pitch,0,L4,76874,0.633151520850966,10,0.6254349393435943,53
2,0,pitch,0,L5,76874,0.6633125398367867,8,0.6656426653291956,26
2,0,pitch,1,L1,119,0.6218300366759664,42,0.6224099558007585,160
2,0,pitch,1,L2,476,0.60268225656458,114,0.6019821740175335,479
2,0,pitch,1,L3,595,0.6117781051795659,115,0.6105346749840652,496
2,0,pitch,1,L4,76874,0.6181990115252396,11,0.6298391899940441,74
2,0,pitch,1,L5,76874,0.643023207213985,10,0.6384674461615623,41
2,0,speech,0,L1,119,0.882584662967723,29,0.8828249898122316,134
2,0,speech,0,L2,476,0.908174247411262,58,0.9097363719005674,269
2,0,speech,0,L3,595,0.9192710782316125,48,0.9190777718566816,254
2,0,speech,0,L4,76874,0.9314441553556314,10,0.9329305246439505,26
2,0,speech,0,L5,76874,0.9520208352925195,8,0.9515898143213901,44
2,0,speech,1,L1,119,0.8642675778188771,29,0.8639802305047908,124
2,0,speech,1,L2,476,0.9293282342246325,69,0.9301119087175951,305
2,0,speech,1,L3,595,0.9151593993918685,62,0.9186180161541436,296
2,0,speech,1,L4,76874,0.9687731837037502,10,0.9690200411690333,26
2,0,speech,1,L5,76874,0.9745044564956167,8,0.9742144969332205,40
2,0,volume,0,L1,119,0.5943544089526973,27,0.5936125304326929,124
2,0,volume,0,L2,476,0.7612248309875344,110,0.7618622195751439,439
2,0,volume,0,L3,595,0.7390834143130309,106,0.7379131270702068,396
2,0,volume,0,L4,76874,0.7039330010553484,9,0.7033073675851332,32
2,0,volume,0,L5,76874,0.8780471876534697,5,0.8788334743947419,23
2,0,volume,1,L1,119,0.6702088753748576,34,0.669843160611475,137
2,0,volume,1,L2,476,0.6921569856744303,89,0.6910755148741419,385
2,0,volume,1,L3,595,0.6952551121699424,65,0.694152743383175,311
2,0,volume,1,L4,76874,0.6734794102588215,9,0.6747881466620691,57
2,0,volume,1,L5,76874,0.7879938455429819,4,0.8032950900180766,43
2,0,word_gap,0,L1,119,0.5336829492227011,23,0.5357215107141191,111
2,0,word_gap,0,L2,476,0.4998599461570782,124,0.4988717884875741,498
2,0,word_gap,0,L3,595,0.5134996343038546,129,0.5136941535301349,523
2,0,word_gap,0,L4,76874,0.6501143773050528,9,0.6428393582421685,28
2,0,word_gap,0,L5,76874,0.6995747809713513,5,0.6966200339241531,25
2,0,word_gap,1,L1,119,0.5262912186240489,34,0.5271237609125285,136
2,0,word_gap,1,L2,476,0.5198331803115419,123,0.5198409610805932,497
2,0,word_gap,1,L3,595,0.5490655296369493,119,0.5460076873998225,491
2,0,word_gap,1,L4,76874,0.6506201272933818,9,0.6580896655825461,62
2,0,word_gap,1,L5,76874,0.6827799909743079,6,0.6819844073388213,25
2,0,word_head_pos,0,L1,119,0.56475241110519,25,0.5640732265446224,131
2,0,word_head_pos,0,L2,476,0.5307304891173736,125,0.5306207746883588,536
2,0,word_head_pos,0,L3,595,0.5479556544726916,129,0.5469891225980377,575
2,0,word_head_pos,0,L4,76874,0.6420174916146828,11,0.6268403289343072,44
2,0,word_head_pos,0,L5,76874,0.6442731680302604,6,0.625502857799651,28
2,0,word_head_pos,1,L1,119,0.5694910295393039,21,0.5704732349038171,135
2,0,word_head_pos,1,L2,476,0.5353384951359936,116,0.5355735974838824,552
2,0,word_head_pos,1,L3,595,0.5425744229543483,132,0.5434103424135084,546
2,0,word_head_pos,1,L4,76874,0.6030740938110613,9,0.5986907411470905,34
2,0,word_head_pos,1,L5,76874,0.6050176065536086,8,0.6012481322424584,27
2,0,word_index,0,L1,119,0.609530645471893,26,0.6121566499185939,128
2,0,word_index,0,L2,476,0.563838168099298,111,0.5633479806025805,423
2,0,word_index,0,L3,595,0.5700880586824459,133,0.568897603333275,425
2,0,word_index,0,L4,76874,0.7908081091017314,5,0.8082491553019029,59
2,0,word_index,0,L5,76874,0.8236200346632587,3,0.82363754135957,40
2,0,word_index,1,L1,119,0.6010048843682708,21,0.5975210518023144,122
2,0,word_index,1,L2,476,0.5669893734353391,99,0.5671994537910752,421
2,0,word_index,1,L3,595,0.571891248402514,115,0.5740270653524973,442
2,0,word_index,1,L4,76874,0.7968172826105986,10,0.7970798830552688,27
2,0,word_index,1,L5,76874,0.79709738975158,4,0.7924668685772308,24
2,0,word_length,0,L1,119,0.5276689340981996,20,0.5278204445001724,122
2,0,word_length,0,L2,476,0.5485721450738221,119,0.5463778564935269,553
2,0,word_length,0,L3,595,0.5518792514341243,137,0.5511112504310209,570
2,0,word_length,0,L4,76874,0.6609615163578989,9,0.6539920378671515,34
2,0,word_length,0,L5,76874,0.6910755148741419,6,0.6876639185814446,28
2,0,word_length,1,L1,119,0.5557819504090781,30,0.5556670114834434,137
2,0,word_length,1,L2,476,0.5791197768095044,114,0.5787958580190797,534
2,0,word_length,1,L3,595,0.6010104176462598,134,0.6011149075786548,584
2,0,word_length,1,L4,76874,0.6601569438784574,11,0.6656896857987733,36
2,0,word_length,1,L5,76874,0.7300371984159326,6,0.7298856880139597,31
2,0,word_part_speech,0,L1,119,0.48263796616175036,32,0.48536185667463905,120
2,0,word_part_speech,0,L2,476,0.5966648950305606,102,0.5954468952077243,363
2,0,word_part_speech,0,L3,595,0.5570909735140402,108,0.5575781734431747,361
2,0,word_part_speech,0,L4,76874,0.5150589069005227,8,0.5061785809194792,28
2,0,word_part_speech,0,L5,76874,0.5905084595624059,3,0.5777969705022589,25
2,0,word_part_speech,1,L1,119,0.5399725396403579,32,0.5405040304721409,129
2,0,word_part_speech,1,L2,476,0.5768447160953141,105,0.5817831517406324,373
2,0,word_part_speech,1,L3,595,0.5924351138276198,114,0.5933652227832403,391
2,0,word_part_speech,1,L4,76874,0.598835149260342,8,0.6012711489060147,25
2,0,word_part_speech,1,L5,76874,0.6596687040481886,6,0.6519842324386571,23
2,4,delta_volume,0,L1,119,0.6540704053164477,34,0.6530464039789766,132
2,4,delta_volume,0,L2,476,0.6022329498552814,123,0.598450414302582,534
2,4,delta_volume,0,L3,595,0.6433445137560996,129,0.6426183087259543,541
2,4,delta_volume,0,L4,76874,0.8288663887234464,11,0.8344409266167205,36
2,4,delta_volume,0,L5,76874,0.8618747583670314,8,0.8688128898780603,49
2,4,delta_volume,1,L1,119,0.6465262321975278,34,0.6473099066904904,149
2,4,delta_volume,1,L2,476,0.5745901382401806,130,0.5765232019894884,572
2,4,delta_volume,1,L3,595,0.6099756538457519,138,0.6103622665956135,591
2,4,delta_volume,1,L4,76874,0.769636270545333,9,0.7733926836149336,39
2,4,delta_volume,1,L5,76874,0.8075164832868353,9,0.80071157643961,49
2,4,face_num,0,L1,119,0.5628611433288402,21,0.5598413842826244,137
2,4,face_num,0,L2,476,0.5236721941840903,131,0.5216659874821061,550
2,4,face_num,0,L3,595,0.552328558143423,133,0.5504947598298904,541
2,4,face_num,0,L4,76874,0.522883295194508,10,0.5377874779265017,35
2,4,face_num,0,L5,76874,0.5290416705850391,6,0.5302890191530046,31
2,4,face_num,1,L1,119,0.5500350041273523,26,0.5508604745932729,139
2,4,face_num,1,L2,476,0.5404167058503913,134,0.5371357219731878,585
2,4,face_num,1,L3,595,0.5728294828793246,137,0.5745065462942645,559
2,4,face_num,1,L4,76874,0.5164310418691159,10,0.5247197057563504,40
2,4,face_num,1,L5,76874,0.5551184393383697,7,0.5450926303250683,32
2,4,frame_brightness,0,L1,119,0.48787394334555867,29,0.48630136986301364,131
2,4,frame_brightness,0,L2,476,0.4406810653793507,118,0.4420237610106266,494
2,4,frame_brightness,0,L3,595,0.46153725588539546,106,0.4618246031994817,422
2,4,frame_brightness,0,L4,76874,0.44616156233346915,10,0.4443369068890213,30
2,4,frame_brightness,0,L5,76874,0.520433006279845,8,0.5340480444709153,41
2,4,frame_brightness,1,L1,119,0.5237975821029645,32,0.5237453371367669,134
2,4,frame_brightness,1,L2,476,0.4696404501426288,133,0.47342298569532826,503
2,4,frame_brightness,1,L3,595,0.5128836086643052,124,0.5129672006102213,443
2,4,frame_brightness,1,L4,76874,0.41519335861989703,10,0.4182091992936481,65
2,4,frame_brightness,1,L5,76874,0.44668270587128933,8,0.43337199460831943,48
2,4,global_flow,0,L1,119,0.5604213034074167,33,0.5605780383060093,148
2,4,global_flow,0,L2,476,0.5048640063529879,99,0.5035056372318527,435
2,4,global_flow,0,L3,595,0.506180579501165,83,0.5078628674127248,384
2,4,global_flow,0,L4,76874,0.4298337042725933,10,0.4441083351619071,70
2,4,global_flow,0,L5,76874,0.4895614557537381,8,0.501759349236701,39
2,4,global_flow,1,L1,119,0.618899094072286,40,0.6174728064950942,171
2,4,global_flow,1,L2,476,0.6468867224642906,114,0.6455231288465356,491
2,4,global_flow,1,L3,595,0.6625967837998809,108,0.6631976009111522,470
2,4,global_flow,1,L4,76874,0.48591475711315213,10,0.4974399966563221,76
2,4,global_flow,1,L5,76874,0.740002925718107,9,0.7348150005746946,48
2,4,gpt2_surprisal,0,L1,119,0.5673803329049245,25,0.5655047386184341,146
2,4,gpt2_surprisal,0,L2,476,0.5210024764113977,124,0.5228362747249302,594
2,4,gpt2_surprisal,0,L3,595,0.5144039371806526,138,0.5165616542846097,594
2,4,gpt2_surprisal,0,L4,76874,0.5915802012476098,9,0.5884507277723792,38
2,4,gpt2_surprisal,0,L5,76874,0.6285004127352329,8,0.6305588644034147,50
2,4,gpt2_surprisal,1,L1,119,0.5966218404856691,31,0.5952373488814353,158
2,4,gpt2_surprisal,1,L2,476,0.5494707584924192,121,0.5458972028045097,590
2,4,gpt2_surprisal,1,L3,595,0.5619259584339049,135,0.5618789379643272,572
2,4,gpt2_surprisal,1,L4,76874,0.641954797655246,10,0.6394052433048076,77
2,4,gpt2_surprisal,1,L5,76874,0.6558989791333605,6,0.6507228091073425,30
2,4,local_flow,0,L1,119,0.5418429934275832,34,0.5421982591977264,135
2,4,local_flow,0,L2,476,0.5156996123423507,114,0.5141740593293836,476
2,4,local_flow,0,L3,595,0.5022778805262114,121,0.5005955926146517,456
2,4,local_flow,0,L4,76874,0.5247667262259281,10,0.5381218457101659,70
2,4,local_flow,0,L5,76874,0.5647902887056833,8,0.5646453089244852,43
2,4,local_flow,1,L1,119,0.6051743414522011,32,0.6083665088868687,139
2,4,local_flow,1,L2,476,0.5687282530328203,124,0.5692716006812744,521
2,4,local_flow,1,L3,595,0.5554423581287944,131,0.5544235812879429,492
2,4,local_flow,1,L4,76874,0.5705881738294515,11,0.5786652456035861,72
2,4,local_flow,1,L5,76874,0.7070938215102975,8,0.7014931611339248,28
2,4,onset,0,L1,119,0.6648245588950212,32,0.6644027567273871,126
2,4,onset,0,L2,476,0.6808172953187108,79,0.6811890531613715,339
2,4,onset,0,L3,595,0.7085847464897481,69,0.7068689410620836,297
2,4,onset,0,L4,76874,0.8282478766907833,9,0.8203194257771169,27
2,4,onset,0,L5,76874,0.813120192170208,8,0.8127001772998941,41
2,4,onset,1,L1,119,0.7849595355886643,27,0.7860676599273643,129
2,4,onset,1,L2,476,0.802589436357917,115,0.8001015184878035,449
2,4,onset,1,L3,595,0.8512825645571793,99,0.8534201721524779,395
2,4,onset,1,L4,76874,0.9641611141296578,9,0.9701449855586377,70
2,4,onset,1,L5,76874,0.9558609053733307,9,0.9615802567988792,51
2,4,pitch,0,L1,119,0.5406413592050405,22,0.5422505041639238,138
2,4,pitch,0,L2,476,0.5080091533180778,143,0.5079725818417395,553
2,4,pitch,0,L3,595,0.4973877516901247,123,0.4979363238351985,549
2,4,pitch,0,L4,76874,0.6051273209826233,10,0.6003469065755515,76
2,4,pitch,0,L5,76874,0.5770404271548436,9,0.5759067113883578,26
2,4,pitch,1,L1,119,0.6122639833652028,24,0.6123736977942176,129
2,4,pitch,1,L2,476,0.5604735483736143,122,0.5613042433361546,552
2,4,pitch,1,L3,595,0.5963344931715829,141,0.5975413518907453,562
2,4,pitch,1,L4,76874,0.5904099140047857,9,0.5990669049037125,63
2,4,pitch,1,L5,76874,0.7026895708598477,6,0.6920211487623167,33
2,4,speech,0,L1,119,0.7297733613366353,28,0.7294703405326897,134
2,4,speech,0,L2,476,0.7669717772692601,60,0.7692914537684294,300
2,4,speech,0,L3,595,0.791370176483496,64,0.7926554026519543,274
2,4,speech,0,L4,76874,0.78122420404794,10,0.78080363207005,60
2,4,speech,0,L5,76874,0.8142482471813841,8,0.8184356812221142,40
2,4,speech,1,L1,119,0.7489681619175993,37,0.7472127310533629,143
2,4,speech,1,L2,476,0.8605216137425159,97,0.8624337795053447,436
2,4,speech,1,L3,595,0.8511070708337252,96,0.8521937661306331,411
2,4,speech,1,L4,76874,0.9268518228268706,11,0.9326066058535261,70
2,4,speech,1,L5,76874,0.9257794948956668,9,0.9288005600660376,25
2,4,volume,0,L1,119,0.6507058294933283,33,0.649770644598393,141
2,4,volume,0,L2,476,0.647884601318663,120,0.6494258278214894,470
2,4,volume,0,L3,595,0.6850098742986113,107,0.6874862856963732,423
2,4,volume,0,L4,76874,0.6868488971087636,9,0.7003907923471575,34
2,4,volume,0,L5,76874,0.8246397709580682,8,0.8276856524873828,39
2,4,volume,1,L1,119,0.6581455126798533,40,0.6571946542950586,135
2,4,volume,1,L2,476,0.6449745567014618,112,0.6416047563817227,495
2,4,volume,1,L3,595,0.6817654618977462,96,0.6839493014848019,414
2,4,volume,1,L4,76874,0.694570703112755,10,0.6928831907045756,70
2,4,volume,1,L5,76874,0.8327834550641046,8,0.8129656332612352,26
2,4,word_gap,0,L1,119,0.5039483129935391,21,0.5064797672573393,131
2,4,word_gap,0,L2,476,0.5006549035906349,123,0.5022543796677623,569
2,4,word_gap,0,L3,595,0.4869460082366721,155,0.48852659286406963,598
2,4,word_gap,0,L4,76874,0.597561743554867,10,0.5928010982229444,43
2,4,word_gap,0,L5,76874,0.5756885933426531,5,0.5776249669399629,30
2,4,word_gap,1,L1,119,0.5273296306091864,28,0.5270462588632385,153
2,4,word_gap,1,L2,476,0.5465800178839058,121,0.5478583393156258,523
2,4,word_gap,1,L3,595,0.5486139973048199,125,0.54602586869183,562
2,4,word_gap,1,L4,76874,0.5854838100275814,10,0.5876689210463344,37
2,4,word_gap,1,L5,76874,0.638296432034861,6,0.62243705998665,28
2,4,word_head_pos,0,L1,119,0.539230745117708,31,0.5369528645914966,123
2,4,word_head_pos,0,L2,476,0.5005276741585949,127,0.49993730604056297,600
2,4,word_head_pos,0,L3,595,0.4978997523588602,136,0.5008097969760613,590
2,4,word_head_pos,0,L4,76874,0.6199387688996165,9,0.617391826797488,65
2,4,word_head_pos,0,L5,76874,0.619320972174331,8,0.6348625434939343,31
2,4,word_head_pos,1,L1,119,0.552767415859482,24,0.5489169618507257,133
2,4,word_head_pos,1,L2,476,0.5145084271130476,114,0.5141636103361442,585
2,4,word_head_pos,1,L3,595,0.5401450320261643,142,0.5418847894005412,625
2,4,word_head_pos,1,L4,76874,0.6547913858499734,10,0.6438251674451165,38
2,4,word_head_pos,1,L5,76874,0.6598643720677513,9,0.6642581737249618,29
2,4,word_index,0,L1,119,0.6573152806829103,28,0.6563118322121093,132
2,4,word_index,0,L2,476,0.6546723952738991,114,0.6551811860478264,439
2,4,word_index,0,L3,595,0.6516055175532816,108,0.6535134829555092,430
2,4,word_index,0,L4,76874,0.793501611170784,9,0.7878907795805303,30
2,4,word_index,0,L5,76874,0.7954025100344848,5,0.7860676126406241,24
2,4,word_index,1,L1,119,0.677610379331788,21,0.6782181016450901,131
2,4,word_index,1,L2,476,0.6576968737633557,117,0.660127763016564,465
2,4,word_index,1,L3,595,0.6565662275990729,129,0.6576403414551416,480
2,4,word_index,1,L4,76874,0.8382610661993328,9,0.8323675730680082,34
2,4,word_index,1,L5,76874,0.8530336649895415,5,0.8577187800327887,28
2,4,word_length,0,L1,119,0.570953888592834,40,0.5684670282018327,154
2,4,word_length,0,L2,476,0.5536085598152618,121,0.5560170527569668,610
2,4,word_length,0,L3,595,0.5862668881853235,146,0.5881006864988558,602
2,4,word_length,0,L4,76874,0.6145418638914141,11,0.6220076695610377,56
2,4,word_length,0,L5,76874,0.6758670052140476,6,0.6791140298632227,30
2,4,word_length,1,L1,119,0.565358452713081,33,0.5629447352747563,135
2,4,word_length,1,L2,476,0.533065839106402,127,0.5364251904329018,571
2,4,word_length,1,L3,595,0.5604735483736142,128,0.5638485731899732,575
2,4,word_length,1,L4,76874,0.625419265853735,10,0.6304452316019351,35
2,4,word_length,1,L5,76874,0.7088897422233369,8,0.7132717887631526,33
2,4,word_part_speech,0,L1,119,0.5746168638191247,21,0.575796864984558,110
2,4,word_part_speech,0,L2,476,0.5739176038692384,120,0.5763067420313501,456
2,4,word_part_speech,0,L3,595,0.5924479925412272,117,0.5914719421945108,436
2,4,word_part_speech,0,L4,76874,0.623390245323699,8,0.611138628285065,33
2,4,word_part_speech,0,L5,76874,0.6718431326845755,3,0.6444408833984034,26
2,4,word_part_speech,1,L1,119,0.5520074587727988,21,0.5499242468387623,127
2,4,word_part_speech,1,L2,476,0.6112406036944233,113,0.609754676300915,431
2,4,word_part_speech,1,L3,595,0.5966435522405454,108,0.5959151564594138,429
2,4,word_part_speech,1,L4,76874,0.6093322067478585,9,0.6056465240953324,34
2,4,word_part_speech,1,L5,76874,0.6502971854787017,5,0.6433045859798379,29
3,0,delta_volume,0,L1,109,0.5329456756841479,24,0.5337920441365474,99
3,0,delta_volume,0,L2,436,0.5109662184048567,122,0.5114520965904935,524
3,0,delta_volume,0,L3,545,0.534763800507821,130,0.5347899229909199,574
3,0,delta_volume,0,L4,70414,0.7007826295936386,7,0.6984224632456663,35
3,0,delta_volume,0,L5,70414,0.7254109066591434,5,0.7276469912123966,26
3,0,delta_volume,1,L1,109,0.5942290210338235,26,0.5949238790842502,85
3,0,delta_volume,1,L2,436,0.509973564047104,103,0.5096235227735808,539
3,0,delta_volume,1,L3,545,0.5684252322288748,130,0.5703165000052245,555
3,0,delta_volume,1,L4,70414,0.7628600984295164,7,0.7571915195970869,57
3,0,delta_volume,1,L5,70414,0.7760362789045275,4,0.7692078618225133,43
3,0,face_num,0,L1,109,0.4933753382861561,22,0.49312978694502785,92
3,0,face_num,0,L2,436,0.48357940712412356,110,0.4809358118345297,542
3,0,face_num,0,L3,545,0.46142231695976094,135,0.45894068106537933,570
3,0,face_num,0,L4,70414,0.5123872814854289,8,0.5104280952530225,29
3,0,face_num,0,L5,70414,0.497946772828438,4,0.527287545844958,23
3,0,face_num,1,L1,109,0.5406361347084208,21,0.5394083780027794,98
3,0,face_num,1,L2,436,0.5682946198133809,111,0.5664869439829472,535
3,0,face_num,1,L3,545,0.557145544026833,119,0.5560170527569668,546
3,0,face_num,1,L4,70414,0.5283115471824289,8,0.5185469630001149,27
3,0,face_num,1,L5,70414,0.5672444959928111,5,0.5561842366487988,24
3,0,frame_brightness,0,L1,109,0.475293355485199,30,0.47547621286689035,96
3,0,frame_brightness,0,L2,436,0.5400039706174311,112,0.5392411941109474,491
3,0,frame_brightness,0,L3,545,0.5335412682987994,115,0.5345548206430311,488
3,0,frame_brightness,0,L4,70414,0.5194925968882897,9,0.5282723634577808,55
3,0,frame_brightness,0,L5,70414,0.5697692339843057,5,0.5809013301568393,23
3,0,frame_brightness,1,L1,109,0.4035714658892615,29,0.40395285414250337,100
3,0,frame_brightness,1,L2,436,0.49343803224559313,113,0.4941172168061607,509
3,0,frame_brightness,1,L3,545,0.4503202616427907,126,0.45124499754448655,493
3,0,frame_brightness,1,L4,70414,0.3871874444897234,8,0.3950921078754063,60
3,0,frame_brightness,1,L5,70414,0.46026247871017634,5,0.4712966155710897,45
3,0,global_flow,0,L1,109,0.6094479796871572,26,0.6067834864110844,99
3,0,global_flow,0,L2,436,0.6325193567599763,109,0.631453559449547,481
3,0,global_flow,0,L3,545,0.6424772473172209,121,0.6425294922834185,494
3,0,global_flow,0,L4,70414,0.6969321755848824,9,0.6946908665350093,29
3,0,global_flow,0,L5,70414,0.7230389851937765,7,0.7378608821040092,26
3,0,global_flow,1,L1,109,0.6546242019581414,27,0.6533285267964432,100
3,0,global_flow,1,L2,436,0.6065640575530548,110,0.6050594025265665,479
3,0,global_flow,1,L3,545,0.6529628120330606,115,0.65507350866744,489
3,0,global_flow,1,L4,70414,0.7273387459118315,9,0.7236868227746257,57
3,0,global_flow,1,L5,70414,0.7499921632550703,7,0.7511885729809933,45
3,0,gpt2_surprisal,0,L1,109,0.5626103674910923,23,0.564459839294484,91
3,0,gpt2_surprisal,0,L2,436,0.5701022956438148,104,0.5680647419621119,529
3,0,gpt2_surprisal,0,L3,545,0.5723488291903075,123,0.5726466254976333,546
3,0,gpt2_surprisal,0,L4,70414,0.6117676561863263,9,0.6148710071784584,31
3,0,gpt2_surprisal,0,L5,70414,0.6765488020229251,5,0.6474770905823224,25
3,0,gpt2_surprisal,1,L1,109,0.5732108711325663,24,0.574349811395672,88
3,0,gpt2_surprisal,1,L2,436,0.5804520234475408,97,0.5811677794844466,532
3,0,gpt2_surprisal,1,L3,545,0.5909114656802816,124,0.5902479546095734,573
3,0,gpt2_surprisal,1,L4,70414,0.6442274536848375,7,0.6321066215270159,29
3,0,gpt2_surprisal,1,L5,70414,0.6849210578560756,4,0.6608805366602928,22
3,0,local_flow,0,L1,109,0.5513568017721493,20,0.552662925927087,91
3,0,local_flow,0,L2,436,0.6113862679330846,117,0.6150747625466286,502
3,0,local_flow,0,L3,545,0.601151479054993,124,0.6033091961589501,529
3,0,local_flow,0,L4,70414,0.6218300366759663,10,0.627138125241633,30
3,0,local_flow,0,L5,70414,0.6761465157832043,4,0.6592269834801416,39
3,0,local_flow,1,L1,109,0.5587755869721952,29,0.5588487299248718,102
3,0,local_flow,1,L2,436,0.562929061784897,114,0.5615341211874236,520
3,0,local_flow,1,L3,545,0.5846211717501019,128,0.5845898247703835,520
3,0,local_flow,1,L4,70414,0.6308318443517967,9,0.6251946124990857,28
3,0,local_flow,1,L5,70414,0.6396586313908654,4,0.6239773047866839,26
3,0,onset,0,L1,109,0.8804164968705264,27,0.8808919260629239,95
3,0,onset,0,L2,436,0.8360761940587024,75,0.8363269698964505,289
3,0,onset,0,L3,545,0.8751449797811981,42,0.8786401680198113,200
3,0,onset,0,L4,70414,0.902892281328694,9,0.9050865699089892,48
3,0,onset,0,L5,70414,0.9184651996280158,5,0.9324759934380322,43
3,0,onset,1,L1,109,0.8618643093737919,23,0.864356394261413,94
3,0,onset,1,L2,436,0.8201676018515616,77,0.8232918508301725,335
3,0,onset,1,L3,545,0.8649467623794447,66,0.866326029487059,300
3,0,onset,1,L4,70414,0.9279594161102578,9,0.9301288883316092,21
3,0,onset,1,L5,70414,0.9144279698651034,8,0.9188531185020323,28
3,0,pitch,0,L1,109,0.5363207005005068,27,0.5356101689602206,93
3,0,pitch,0,L2,436,0.5597212208603701,111,0.5574590138240181,500
3,0,pitch,0,L3,545,0.5657555144561821,124,0.564438941308005,533
3,0,pitch,0,L4,70414,0.5408973595394084,8,0.5582701169242343,28
3,0,pitch,0,L5,70414,0.5965800445127112,4,0.5877819922050509,25
3,0,pitch,1,L1,109,0.5827769244433298,24,0.5843390489326354,92
3,0,pitch,1,L2,436,0.5937274693583273,114,0.5950649404929835,527
3,0,pitch,1,L3,545,0.6197663605111647,118,0.622509221236534,541
3,0,pitch,1,L4,70414,0.5806244318359925,8,0.5777770811782285,31
3,0,pitch,1,L5,70414,0.5879726863316719,4,0.5792869607013365,26
3,0,speech,0,L1,109,0.8900765911204456,23,0.8894235290429766,92
3,0,speech,0,L2,436,0.8584474885844748,50,0.8611328798470267,236
3,0,speech,0,L3,545,0.8917693280252448,34,0.8948308830444186,159
3,0,speech,0,L4,70414,0.891367041785524,8,0.897296845448941,22
3,0,speech,0,L5,70414,0.9167868300889208,5,0.929879418618016,44
3,0,speech,1,L1,109,0.8575958956354555,24,0.8585989989864475,88
3,0,speech,1,L2,436,0.8609030019957576,72,0.8624076570222459,308
3,0,speech,1,L3,545,0.8389810141792838,68,0.8383175031085754,301
3,0,speech,1,L4,70414,0.9187590775628769,9,0.9224266741899418,23
3,0,speech,1,L5,70414,0.9299708473088618,8,0.9224475721764207,42
3,0,volume,0,L1,109,0.6489974190986698,30,0.6489712966155711,97
3,0,volume,0,L2,436,0.7229606177444804,98,0.7226262499608163,450
3,0,volume,0,L3,545,0.6955111125043102,107,0.6973814822941811,449
3,0,volume,0,L4,70414,0.6848544455241738,9,0.6930960889418304,56
3,0,volume,0,L5,70414,0.7802054272070886,8,0.7845678818845805,24
3,0,volume,1,L1,109,0.7293031566408577,33,0.7289217683876158,91
3,0,volume,1,L2,436,0.7133318704742798,101,0.712428032559063,449
3,0,volume,1,L3,545,0.7142566063759757,116,0.7149880359027407,434
3,0,volume,1,L4,70414,0.6946438460654316,9,0.709469661348129,55
3,0,volume,1,L5,70414,0.8378316249229387,5,0.812571183766444,26
3,0,word_gap,0,L1,109,0.488579250389225,22,0.4853139400018809,92
3,0,word_gap,0,L2,436,0.5460225907233838,105,0.5451605487811249,527
3,0,word_gap,0,L3,545,0.5395233169284139,128,0.5409130330292675,555
3,0,word_gap,0,L4,70414,0.6438617389214549,8,0.6345360124552,29
3,0,word_gap,0,L5,70414,0.6560086935623752,5,0.6410143882636907,22
3,0,word_gap,1,L1,109,0.4916094584286804,23,0.4904287221926167,86
3,0,word_gap,1,L2,436,0.5469995715912772,108,0.5466965507873316,528
3,0,word_gap,1,L3,545,0.5376424981453036,124,0.5379350699560097,570
3,0,word_gap,1,L4,70414,0.6564580002716738,8,0.6554496724240619,29
3,0,word_gap,1,L5,70414,0.6674607901528686,4,0.6657576042548301,28
3,0,word_head_pos,0,L1,109,0.531185020323292,25,0.5310857548875165,99
3,0,word_head_pos,0,L2,436,0.5089286647231539,114,0.5108982999487999,546
3,0,word_head_pos,0,L3,545,0.5181655747468732,126,0.5194037804457541,574
3,0,word_head_pos,0,L4,70414,0.6046257693071273,9,0.6068932008400991,30
3,0,word_head_pos,0,L5,70414,0.6191185229303157,5,0.5932311421794509,26
3,0,word_head_pos,1,L1,109,0.5431438930859012,30,0.5425691984577286,95
3,0,word_head_pos,1,L2,436,0.5392516431041869,103,0.5417750749715264,539
3,0,word_head_pos,1,L3,545,0.5389747447833402,124,0.5418586669174426,578
3,0,word_head_pos,1,L4,70414,0.6469023959541499,7,0.6441438617389215,29
3,0,word_head_pos,1,L5,70414,0.6397291620952321,4,0.6266574715526159,24
3,0,word_index,0,L1,109,0.6020181741335588,20,0.6002822726723827,92
3,0,word_index,0,L2,436,0.5716172563700037,116,0.573413537012438,499
3,0,word_index,0,L3,545,0.5690737833594977,126,0.5708474218089603,525
3,0,word_index,0,L4,70414,0.793669242845067,8,0.792455998671658,30
3,0,word_index,0,L5,70414,0.7985052378939742,3,0.7990354425793986,21
3,0,word_index,1,L1,109,0.6197621060258423,25,0.6201696654993358,93
3,0,word_index,1,L2,436,0.5686284868977176,112,0.5675265668397536,480
3,0,word_index,1,L3,545,0.5675190194420964,113,0.5677831783601015,514
3,0,word_index,1,L4,70414,0.7825745682888541,7,0.7815707644004347,47
3,0,word_index,1,L5,70414,0.7951560801835528,4,0.7946730467334862,44
3,0,word_length,0,L1,109,0.5356780874162774,25,0.5352601276866973,94
3,0,word_length,0,L2,436,0.524602154582406,110,0.5285153025505993,538
3,0,word_length,0,L3,545,0.5440216085180193,108,0.5467801427332477,558
3,0,word_length,0,L4,70414,0.5916428952070469,8,0.5917944056090196,30
3,0,word_length,0,L5,70414,0.6325924997126527,4,0.635204748022528,26
3,0,word_length,1,L1,109,0.5560954202062631,22,0.5579762389893734,90
3,0,word_length,1,L2,436,0.5144823046299489,109,0.5153547955654473,538
3,0,word_length,1,L3,545,0.5349414333928926,119,0.5320940827351285,574
3,0,word_length,1,L4,70414,0.6106496139096997,7,0.6039883807195177,28
3,0,word_length,1,L5,70414,0.6564945717480122,5,0.6477487644065494,23
3,0,word_part_speech,0,L1,109,0.5499704898681881,22,0.5511902419830808,89
3,0,word_part_speech,0,L2,436,0.5157846416158436,119,0.5162764771460423,534
3,0,word_part_speech,0,L3,545,0.5438651714866549,125,0.5429667519181587,534
3,0,word_part_speech,0,L4,70414,0.6273591710931865,8,0.6142107679192079,26
3,0,word_part_speech,0,L5,70414,0.6682208669420946,3,0.656298773690078,21
3,0,word_part_speech,1,L1,109,0.550967276542724,24,0.5481998819594728,85
3,0,word_part_speech,1,L2,436,0.5313922224408159,112,0.5326709948193323,527
3,0,word_part_speech,1,L3,545,0.5538658272673619,121,0.5555118368417602,546
3,0,word_part_speech,1,L4,70414,0.6519378319889829,7,0.6472162108990753,27
3,0,word_part_speech,1,L5,70414,0.6592104400288543,3,0.6594530788904192,23
3,1,delta_volume,0,L1,109,0.6739339414647398,26,0.675375902531791,108
3,1,delta_volume,0,L2,436,0.6698901810810529,121,0.6697700176587986,536
3,1,delta_volume,0,L3,545,0.6965507873316406,128,0.6985151980606669,544
3,1,delta_volume,0,L4,70414,0.863201780508448,9,0.8521493579093653,63
3,1,delta_volume,0,L5,70414,0.8587870808647586,8,0.8618146766559043,42
3,1,delta_volume,1,L1,109,0.7109495000156735,28,0.7089641913001683,120
3,1,delta_volume,1,L2,436,0.6488093372203589,128,0.6505281966082568,567
3,1,delta_volume,1,L3,545,0.7040897359539409,131,0.7041263074302793,565
3,1,delta_volume,1,L4,70414,0.8404987304473215,10,0.8445581643208676,65
3,1,delta_volume,1,L5,70414,0.8565314044491813,6,0.8583782640042631,49
3,1,face_num,0,L1,109,0.4938194204988349,29,0.494446360093205,124
3,1,face_num,0,L2,436,0.5206315371513954,129,0.5197538217192773,569
3,1,face_num,0,L3,545,0.5160078576429161,148,0.5144457331536106,579
3,1,face_num,0,L4,70414,0.49702726142336184,9,0.5112274432358442,37
3,1,face_num,0,L5,70414,0.543147811458366,5,0.544805283010982,26
3,1,face_num,1,L1,109,0.4975497110853369,30,0.4967503631025151,116
3,1,face_num,1,L2,436,0.4887986792472545,126,0.48861582186556324,567
3,1,face_num,1,L3,545,0.4837518155125754,144,0.48438920410018493,565
3,1,face_num,1,L4,70414,0.4939918288872867,9,0.4902458648109254,55
3,1,face_num,1,L5,70414,0.5181812482367323,7,0.5127529962488114,30
3,1,frame_brightness,0,L1,109,0.4845981839649749,31,0.4856692057720239,114
3,1,frame_brightness,0,L2,436,0.4901048034021922,133,0.48864716884528175,557
3,1,frame_brightness,0,L3,545,0.5179670438753226,142,0.5172983083079945,559
3,1,frame_brightness,0,L4,70414,0.5111438512899282,9,0.4875500245551341,34
3,1,frame_brightness,0,L5,70414,0.5319895928027334,8,0.5286354659728535,46
3,1,frame_brightness,1,L1,109,0.4178186681713217,25,0.41806421951245,114
3,1,frame_brightness,1,L2,436,0.4840548363165209,123,0.4826285487393289,515
3,1,frame_brightness,1,L3,545,0.5173139817978538,132,0.5147592029507957,502
3,1,frame_brightness,1,L4,70414,0.4172178510600504,9,0.40665391889491453,67
3,1,frame_brightness,1,L5,70414,0.43021639864999006,7,0.4358484060060813,44
3,1,global_flow,0,L1,109,0.6066476494989708,35,0.6051691169555813,120
3,1,global_flow,0,L2,436,0.5615550191739026,122,0.5581016269082474,516
3,1,global_flow,0,L3,545,0.5714554402683302,132,0.569464907056205,504
3,1,global_flow,0,L4,70414,0.6306881706947536,9,0.6309415587808115,69
3,1,global_flow,0,L5,70414,0.6464060687752735,8,0.6367929949949322,43
3,1,global_flow,1,L1,109,0.6227495480810423,31,0.6216785262739934,112
3,1,global_flow,1,L2,436,0.5959060844487634,125,0.5968517183369382,516
3,1,global_flow,1,L3,545,0.5987116391335694,134,0.5994221706738556,517
3,1,global_flow,1,L4,70414,0.6325402547464551,10,0.6463485993124563,66
3,1,global_flow,1,L5,70414,0.631056497706446,7,0.6365748722610576,41
3,1,gpt2_surprisal,0,L1,109,0.5724480946260828,24,0.5717218895959375,102
3,1,gpt2_surprisal,0,L2,436,0.536294578017408,128,0.5388284588779871,602
3,1,gpt2_surprisal,0,L3,545,0.5645643292268789,141,0.5683416402829587,614
3,1,gpt2_surprisal,0,L4,70414,0.6695767112838678,10,0.6686363018923127,47
3,1,gpt2_surprisal,0,L5,70414,0.7167630586293011,5,0.7071721889595937,29
3,1,gpt2_surprisal,1,L1,109,0.5744386278382079,26,0.574140831530882,109
3,1,gpt2_surprisal,1,L2,436,0.568336415786339,130,0.5699664587317013,583
3,1,gpt2_surprisal,1,L3,545,0.5802325945895113,144,0.5831739861864309,628
3,1,gpt2_surprisal,1,L4,70414,0.6470957023290806,9,0.644049820799766,43
3,1,gpt2_surprisal,1,L5,70414,0.7071068827518467,6,0.6863238351984786,35
3,1,local_flow,0,L1,109,0.7232949855281443,34,0.7234203734470184,114
3,1,local_flow,0,L2,436,0.7084417416381932,121,0.7103121114280638,497
3,1,local_flow,0,L3,545,0.7266177653783059,118,0.7298465042893116,476
3,1,local_flow,0,L4,70414,0.722589678484478,9,0.7326625079673574,62
3,1,local_flow,0,L5,70414,0.771940273554643,7,0.7795628141228592,42
3,1,local_flow,1,L1,109,0.6556482032956126,34,0.6544308955832105,116
3,1,local_flow,1,L2,436,0.6728524706644514,111,0.6710656928204968,456
3,1,local_flow,1,L3,545,0.6708671619489461,113,0.6693938539021764,439
3,1,local_flow,1,L4,70414,0.7190683677627661,9,0.7176682026686728,63
3,1,local_flow,1,L5,70414,0.743231664629113,7,0.7491875907756287,42
3,1,onset,0,L1,109,0.8164209456024403,26,0.8149211997966446,106
3,1,onset,0,L2,436,0.8135739705134722,76,0.8107015760040671,294
3,1,onset,0,L3,545,0.8540671072699543,57,0.8533934926283682,223
3,1,onset,0,L4,70414,0.9024656837824098,9,0.9014489069649212,48
3,1,onset,0,L5,70414,0.9227122521606508,7,0.9240594814438231,40
3,1,onset,1,L1,109,0.8396670055922726,28,0.8392475851550585,112
3,1,onset,1,L2,436,0.8889552618200306,96,0.8896797153024911,349
3,1,onset,1,L3,545,0.9034189120488052,80,0.9044483985765125,290
3,1,onset,1,L4,70414,0.9555541433655312,9,0.9558591764107778,23
3,1,onset,1,L5,70414,0.9625953228266395,7,0.9629448398576512,36
3,1,pitch,0,L1,109,0.5302080394553985,32,0.5287504048984881,116
3,1,pitch,0,L2,436,0.543546179325622,122,0.5406622571915196,578
3,1,pitch,0,L3,545,0.5575321567766947,137,0.5569417886586627,612
3,1,pitch,0,L4,70414,0.503918372464813,9,0.5113267086716196,69
3,1,pitch,0,L5,70414,0.5563723185271099,5,0.5613512638057323,29
3,1,pitch,1,L1,109,0.5441365474436538,37,0.5447739360312633,112
3,1,pitch,1,L2,436,0.5142419777854403,125,0.5149734073122054,577
3,1,pitch,1,L3,545,0.5388127853881278,149,0.538535887067281,591
3,1,pitch,1,L4,70414,0.5441783434166118,9,0.5493636563117144,32
3,1,pitch,1,L5,70414,0.5420650345339226,7,0.5277290158093267,39
3,1,speech,0,L1,109,0.7849440456412025,26,0.7854299238268393,103
3,1,speech,0,L2,436,0.8031879878373718,75,0.8026446401889178,305
3,1,speech,0,L3,545,0.8257055682684973,58,0.8229313605634097,267
3,1,speech,0,L4,70414,0.844863797373123,9,0.8448115524069256,27
3,1,speech,0,L5,70414,0.857669038588132,7,0.8575175281861591,44
3,1,speech,1,L1,109,0.8903064689717146,31,0.8903639384345319,111
3,1,speech,1,L2,436,0.9243179419662916,91,0.9249344325674221,391
3,1,speech,1,L3,545,0.9187799755493559,88,0.920430916481197,359
3,1,speech,1,L4,70414,0.9451584589824771,9,0.9471842575467854,61
3,1,speech,1,L5,70414,0.9641077082223128,8,0.9657743226440132,45
3,1,volume,0,L1,109,0.6486317043352874,34,0.6481249281631714,120
3,1,volume,0,L2,436,0.7267065818208415,126,0.7272447049726759,493
3,1,volume,0,L3,545,0.7189638778303711,119,0.7209230640627775,481
3,1,volume,0,L4,70414,0.7669299812963022,9,0.7764751366205865,70
3,1,volume,0,L5,70414,0.8542313198123361,7,0.8579798961370071,40
3,1,volume,1,L1,109,0.6374669550588801,28,0.6374460570724011,116
3,1,volume,1,L2,436,0.6772462723216619,114,0.6803287253273147,523
3,1,volume,1,L3,545,0.7123653385996258,127,0.7099150496849629,485
3,1,volume,1,L4,70414,0.7763131772253743,10,0.7739582353740218,62
3,1,volume,1,L5,70414,0.8156066163025193,7,0.8166110257776663,41
3,1,word_gap,0,L1,109,0.5205689019346895,41,0.5188400569648199,121
3,1,word_gap,0,L2,436,0.5053948669473449,124,0.5045117878620158,556
3,1,word_gap,0,L3,545,0.5218002375607117,143,0.5238027126696974,602
3,1,word_gap,0,L4,70414,0.6187834652769573,9,0.6150117225639145,39
3,1,word_gap,0,L5,70414,0.6406303443386545,4,0.6386154314960728,25
3,1,word_gap,1,L1,109,0.5352951785125715,32,0.5380687931045205,115
3,1,word_gap,1,L2,436,0.5449592975168065,138,0.5440637806978812,547
3,1,word_gap,1,L3,545,0.5324096243182568,136,0.5305750586128195,585
3,1,word_gap,1,L4,70414,0.6670169961629591,10,0.6650891474555507,64
3,1,word_gap,1,L5,70414,0.6836649025814516,7,0.682613914092574,43
3,1,word_head_pos,0,L1,109,0.5664817194863274,27,0.5654577181488563,114
3,1,word_head_pos,0,L2,436,0.5436140977816788,127,0.5426893618799828,597
3,1,word_head_pos,0,L3,545,0.5422087081909658,149,0.5414198092013834,619
3,1,word_head_pos,0,L4,70414,0.6588246972404208,10,0.6568916334911132,70
3,1,word_head_pos,0,L5,70414,0.6668495240483578,7,0.6703394877903515,45
3,1,word_head_pos,1,L1,109,0.5657973104291402,29,0.5659018003615353,114
3,1,word_head_pos,1,L2,436,0.5897673009205564,124,0.5877976656949102,580
3,1,word_head_pos,1,L3,545,0.5868102358337774,150,0.5860944797968717,619
3,1,word_head_pos,1,L4,70414,0.6280419631568498,10,0.6317043352872951,65
3,1,word_head_pos,1,L5,70414,0.6411084292028464,8,0.6476965194403519,47
3,1,word_index,0,L1,109,0.6558213716108454,28,0.6559580770107085,110
3,1,word_index,0,L2,436,0.6532695374800637,110,0.6521075415812259,390
3,1,word_index,0,L3,545,0.6730462519936204,121,0.6757347915242653,402
3,1,word_index,0,L4,70414,0.8533378901799955,8,0.8520164046479837,53
3,1,word_index,0,L5,70414,0.8704431533378901,3,0.8668261562998405,46
3,1,word_index,1,L1,109,0.7126224652540443,26,0.7105491000227844,108
3,1,word_index,1,L2,436,0.6614718614718615,113,0.6616769195716565,396
3,1,word_index,1,L3,545,0.6875825928457506,128,0.6854180906812486,403
3,1,word_index,1,L4,70414,0.846183640920483,8,0.8463203463203464,42
3,1,word_index,1,L5,70414,0.8435520619731145,3,0.8600136705399863,22
3,1,word_length,0,L1,109,0.5100676049862596,28,0.5105169116955581,108
3,1,word_length,0,L2,436,0.5437865061701305,138,0.543838751136328,595
3,1,word_length,0,L3,545,0.5450299363656312,145,0.5461741011253566,624
3,1,word_length,0,L4,70414,0.6450529241507581,9,0.6436997795262427,36
3,1,word_length,0,L5,70414,0.661588455952269,7,0.6662643804269459,24
3,1,word_length,1,L1,109,0.5322455931371013,38,0.532167225687805,122
3,1,word_length,1,L2,436,0.573492993950033,137,0.5750237714596199,583
3,1,word_length,1,L3,545,0.5656562490204069,151,0.5675893127697147,617
3,1,word_length,1,L4,70414,0.6805651337993583,10,0.6762013729977117,42
3,1,word_length,1,L5,70414,0.689941799107656,8,0.6892103695808909,28
3,1,word_part_speech,0,L1,109,0.5578874538745388,28,0.5572498372042545,112
3,1,word_part_speech,0,L2,436,0.5568292815281094,130,0.5595696765791187,481
3,1,word_part_speech,0,L3,545,0.5525694595181245,125,0.5534919687432169,481
3,1,word_part_speech,0,L4,70414,0.6276454308660733,8,0.6348491426090732,33
3,1,word_part_speech,0,L5,70414,0.64195110701107,3,0.6539505100933363,23
3,1,word_part_speech,1,L1,109,0.5878418710657696,33,0.5879911004992403,113
3,1,word_part_speech,1,L2,436,0.5695002170609942,120,0.5683606468417626,476
3,1,word_part_speech,1,L3,545,0.5980844367267202,130,0.5988441502062078,472
3,1,word_part_speech,1,L4,70414,0.6172536357716518,8,0.6217033861515087,26
3,1,word_part_speech,1,L5,70414,0.6651766333839808,3,0.6838506620360321,24
4,0,delta_volume,0,L1,120,0.512295918367347,26,0.5113832199546485,89
4,0,delta_volume,0,L2,480,0.5362528344671202,109,0.5380725623582767,499
4,0,delta_volume,0,L3,600,0.5337244897959184,120,0.5308333333333333,490
4,0,delta_volume,0,L4,77520,0.7504138321995466,12,0.7413095238095238,103
4,0,delta_volume,0,L5,77520,0.7477947845804989,5,0.6977196712018141,28
4,0,delta_volume,1,L1,120,0.5259693877551019,21,0.5266156462585034,77
4,0,delta_volume,1,L2,480,0.4809807256235828,99,0.4804251700680272,505
4,0,delta_volume,1,L3,600,0.5314909297052154,118,0.5316156462585033,489
4,0,delta_volume,1,L4,77520,0.7222448979591837,9,0.7163095238095238,85
4,0,delta_volume,1,L5,77520,0.7768424036281179,7,0.7782681405895691,51
4,0,face_num,0,L1,120,0.42651366015268644,20,0.4281941710279925,76
4,0,face_num,0,L2,480,0.492357676733727,107,0.49081320721499333,421
4,0,face_num,0,L3,600,0.4794897648885261,110,0.4770410204702229,406
4,0,face_num,0,L4,77520,0.47264568428802356,11,0.4603599494246251,92
4,0,face_num,0,L5,77520,0.45022086714361165,5,0.46026392023175045,29
4,0,face_num,1,L1,120,0.41510219106608404,29,0.41661465085385957,82
4,0,face_num,1,L2,480,0.4806981322321986,108,0.4777292296858245,439
4,0,face_num,1,L3,600,0.45933963925033217,119,0.45975576575278887,432
4,0,face_num,1,L4,77520,0.4929418543237144,10,0.48834845793121107,79
4,0,face_num,1,L5,77520,0.4856056241097294,8,0.5067780605304013,24
4,0,frame_brightness,0,L1,120,0.6935714285714286,22,0.6944557823129252,79
4,0,frame_brightness,0,L2,480,0.7195521541950114,96,0.7176247165532881,388
4,0,frame_brightness,0,L3,600,0.7220379818594105,84,0.7213832199546486,337
4,0,frame_brightness,0,L4,77520,0.4993168934240363,11,0.48990362811791377,80
4,0,frame_brightness,0,L5,77520,0.7664824263038549,8,0.813047052154195,20
4,0,frame_brightness,1,L1,120,0.4262585034013605,20,0.4245238095238095,81
4,0,frame_brightness,1,L2,480,0.3853174603174603,102,0.38619614512471656,399
4,0,frame_brightness,1,L3,600,0.46617346938775506,74,0.45356575963718826,293
4,0,frame_brightness,1,L4,77520,0.5636607142857143,12,0.5302196712018141,70
4,0,frame_brightness,1,L5,77520,0.5830782312925171,8,0.5737372448979592,40
4,0,global_flow,0,L1,120,0.6266950113378684,20,0.6276417233560091,63
4,0,global_flow,0,L2,480,0.7514625850340136,105,0.7484693877551021,423
4,0,global_flow,0,L3,600,0.7247845804988662,106,0.7242006802721088,405
4,0,global_flow,0,L4,77520,0.756454081632653,13,0.724406179138322,100
4,0,global_flow,0,L5,77520,0.7469331065759637,8,0.840984977324263,29
4,0,global_flow,1,L1,120,0.5008106575963719,35,0.5089002267573697,98
4,0,global_flow,1,L2,480,0.5683049886621315,95,0.5662981859410432,394
4,0,global_flow,1,L3,600,0.5388208616780046,93,0.5380952380952382,357
4,0,global_flow,1,L4,77520,0.5380045351473923,12,0.5348639455782314,37
4,0,global_flow,1,L5,77520,0.6115589569160997,8,0.6155385487528344,33
4,0,gpt2_surprisal,0,L1,120,0.5171371882086169,26,0.5168083900226756,85
4,0,gpt2_surprisal,0,L2,480,0.5274489795918367,109,0.5261791383219954,503
4,0,gpt2_surprisal,0,L3,600,0.534109977324263,117,0.5346768707482994,505
4,0,gpt2_surprisal,0,L4,77520,0.5803514739229025,13,0.5663265306122449,57
4,0,gpt2_surprisal,0,L5,77520,0.5667545351473923,8,0.5615136054421768,28
4,0,gpt2_surprisal,1,L1,120,0.5613321995464853,16,0.5604251700680272,72
4,0,gpt2_surprisal,1,L2,480,0.5534410430839003,106,0.553826530612245,492
4,0,gpt2_surprisal,1,L3,600,0.5489739229024944,117,0.5512925170068027,495
4,0,gpt2_surprisal,1,L4,77520,0.5659580498866212,10,0.5647378117913833,86
4,0,gpt2_surprisal,1,L5,77520,0.59562641723356,7,0.5716156462585034,36
4,0,local_flow,0,L1,120,0.5623752834467121,19,0.5631292517006803,85
4,0,local_flow,0,L2,480,0.6410884353741497,112,0.63968820861678,456
4,0,local_flow,0,L3,600,0.6313435374149661,116,0.6297562358276644,462
4,0,local_flow,0,L4,77520,0.5405994897959183,12,0.5539115646258503,98
4,0,local_flow,0,L5,77520,0.6735983560090703,7,0.7372094671201814,25
4,0,local_flow,1,L1,120,0.5185600907029478,22,0.5174433106575964,104
4,0,local_flow,1,L2,480,0.6074263038548753,98,0.6109580498866213,435
4,0,local_flow,1,L3,600,0.5533333333333333,107,0.555107709750567,407
4,0,local_flow,1,L4,77520,0.5470068027210885,10,0.5508928571428571,35
4,0,local_flow,1,L5,77520,0.5857284580498866,9,0.5866156462585035,47
4,0,onset,0,L1,120,0.7471590909090909,17,0.743973829201102,75
4,0,onset,0,L2,480,0.7782512626262628,70,0.7802599862258952,281
4,0,onset,0,L3,600,0.8243084251606978,57,0.8242366850321396,221
4,0,onset,0,L4,77520,0.8327020202020202,10,0.8412139864554637,41
4,0,onset,0,L5,77520,0.6919981060606061,4,0.885743084251607,49
4,0,onset,1,L1,120,0.6487029384756657,26,0.6416150137741046,81
4,0,onset,1,L2,480,0.7712494260789715,74,0.7746786042240588,308
4,0,onset,1,L3,600,0.7742912075298439,66,0.7750086088154271,246
4,0,onset,1,L4,77520,0.7654635847107438,9,0.7841841712580349,60
4,0,onset,1,L5,77520,0.9043201905417815,4,0.9140409779614325,25
4,0,pitch,0,L1,120,0.5007086167800454,25,0.4992403628117914,90
4,0,pitch,0,L2,480,0.4867006802721089,101,0.4885147392290249,468
4,0,pitch,0,L3,600,0.48422902494331066,108,0.4869954648526077,470
4,0,pitch,0,L4,77520,0.5430215419501134,12,0.5610955215419501,54
4,0,pitch,0,L5,77520,0.6394444444444445,8,0.6191184807256236,32
4,0,pitch,1,L1,120,0.5310544217687074,18,0.5300340136054422,72
4,0,pitch,1,L2,480,0.5477154195011338,112,0.5469671201814059,468
4,0,pitch,1,L3,600,0.5299433106575964,108,0.5317800453514739,472
4,0,pitch,1,L4,77520,0.5283333333333333,10,0.5170975056689342,39
4,0,pitch,1,L5,77520,0.5201473922902494,9,0.523891723356009,27
4,0,speech,0,L1,120,0.6559407751063187,21,0.6556116318192742,71
4,0,speech,0,L2,480,0.8225029518405902,89,0.8231560139180589,363
4,0,speech,0,L3,600,0.7913336050071575,71,0.7941443841885834,326
4,0,speech,0,L4,77520,0.7766815042370667,12,0.7948144258800665,46
4,0,speech,0,L5,77520,0.8220523390071366,9,0.846209105252709,28
4,0,speech,1,L1,120,0.651782075796997,30,0.6560504895353332,71
4,0,speech,1,L2,480,0.821541644462556,88,0.8212542971484698,392
4,0,speech,1,L3,600,0.7890452754877066,78,0.7858269855699404,337
4,0,speech,1,L4,77520,0.7184074689403677,9,0.7272316437311265,70
4,0,speech,1,L5,77520,0.8387615853212543,8,0.8491060886283608,23
4,0,volume,0,L1,120,0.4535600907029479,20,0.4528174603174603,76
4,0,volume,0,L2,480,0.6238775510204082,103,0.6234920634920634,447
4,0,volume,0,L3,600,0.5134637188208617,102,0.5100850340136054,421
4,0,volume,0,L4,77520,0.5795422335600906,11,0.5930881519274376,96
4,0,volume,0,L5,77520,0.5323667800453515,6,0.49853741496598647,27
4,0,volume,1,L1,120,0.5611394557823131,27,0.5626020408163265,70
4,0,volume,1,L2,480,0.6466043083900226,98,0.6476417233560091,428
4,0,volume,1,L3,600,0.6026303854875283,110,0.6044331065759637,403
4,0,volume,1,L4,77520,0.486218820861678,12,0.4945833333333333,82
4,0,volume,1,L5,77520,0.6005952380952381,8,0.6196626984126985,50
4,0,word_gap,0,L1,120,0.5852391183257739,21,0.5873398583591948,79
4,0,word_gap,0,L2,480,0.622057770350919,103,0.6221532585342564,434
4,0,word_gap,0,L3,600,0.6220179836078619,107,0.6205299594175221,432
4,0,word_gap,0,L4,77520,0.6241127556298242,11,0.6091509509031591,91
4,0,word_gap,0,L5,77520,0.6832398344871489,9,0.6953210790164718,51
4,0,word_gap,1,L1,120,0.5226068274051086,33,0.5226068274051087,82
4,0,word_gap,1,L2,480,0.5137264263547385,107,0.5109015675976765,444
4,0,word_gap,1,L3,600,0.5243494867510146,111,0.5244290602371289,451
4,0,word_gap,1,L4,77520,0.6143669929179598,11,0.6117171958303493,82
4,0,word_gap,1,L5,77520,0.6091350362059362,8,0.6040184610487785,51
4,0,word_head_pos,0,L1,120,0.4930566439923514,18,0.49421648224193604,72
4,0,word_head_pos,0,L2,480,0.5157361838186891,108,0.5148009989237536,513
4,0,word_head_pos,0,L3,600,0.5155272039538991,110,0.5114729945769725,516
4,0,word_head_pos,0,L4,77520,0.569950785241842,12,0.5658874329958309,55
4,0,word_head_pos,0,L5,77520,0.5575347690250045,5,0.5629473475230661,28
4,0,word_head_pos,1,L1,120,0.5109923408879555,18,0.5093936449223118,69
4,0,word_head_pos,1,L2,480,0.5095660533107635,113,0.5063895593659551,521
4,0,word_head_pos,1,L3,600,0.5145763455691045,120,0.5100780539794991,553
4,0,word_head_pos,1,L4,77520,0.5676049862595739,12,0.5582949332831781,47
4,0,word_head_pos,1,L5,77520,0.5747416486421533,7,0.5633391847695475,28
4,0,word_index,0,L1,120,0.579435066207553,20,0.5774474398813023,80
4,0,word_index,0,L2,480,0.5408583186360965,96,0.5453654712913971,323
4,0,word_index,0,L3,600,0.5852299767643683,97,0.5800509504213208,325
4,0,word_index,0,L4,77520,0.7040396405475771,9,0.7203325774754346,70
4,0,word_index,0,L5,77520,0.7351697880798409,3,0.736933456510176,43
4,0,word_index,1,L1,120,0.5557235239774923,21,0.5553036029226506,73
4,0,word_index,1,L2,480,0.5414182133758854,94,0.5410262870580331,326
4,0,word_index,1,L3,600,0.5449175554995661,85,0.5447495870776294,321
4,0,word_index,1,L4,77520,0.7415525881134346,6,0.7464516670865877,31
4,0,word_index,1,L5,77520,0.7488942078889169,3,0.7571806500377929,24
4,0,word_length,0,L1,120,0.5405386975792703,11,0.5432094556199569,70
4,0,word_length,0,L2,480,0.5511308103193544,111,0.5513467439481758,492
4,0,word_length,0,L3,600,0.5610808046368905,115,0.5648823729969314,496
4,0,word_length,0,L4,77520,0.5429764745993864,10,0.5675360836458689,52
4,0,word_length,0,L5,77520,0.634370382998068,6,0.6408455506307535,32
4,0,word_length,1,L1,120,0.5090635299465849,28,0.5066087055347199,80
4,0,word_length,1,L2,480,0.567297420161382,102,0.5677122400272758,470
4,0,word_length,1,L3,600,0.5073076485964314,115,0.5085123309466986,491
4,0,word_length,1,L4,77520,0.5476588248664621,10,0.5536836572337767,72
4,0,word_length,1,L5,77520,0.5778156608705535,8,0.5849428912376406,29
4,0,word_part_speech,0,L1,120,0.47194702704533525,24,0.4699656217717489,81
4,0,word_part_speech,0,L2,480,0.45169266202645264,107,0.4564006164371962,377
4,0,word_part_speech,0,L3,600,0.4339616250910261,95,0.4292706057680909,356
4,0,word_part_speech,0,L4,77520,0.42590052329421324,10,0.42412233907432817,43
4,0,word_part_speech,0,L5,77520,0.4407864654778235,3,0.41695879693136206,44
4,0,word_part_speech,1,L1,120,0.5038019272129926,30,0.5051906044132838,83
4,0,word_part_speech,1,L2,480,0.5400430151230333,95,0.5459194905925587,375
4,0,word_part_speech,1,L3,600,0.5204321834408712,107,0.5202628325627869,375
4,0,word_part_speech,1,L4,77520,0.43536723737912586,10,0.4355535233450185,67
4,0,word_part_speech,1,L5,77520,0.46322545682399363,6,0.47179461125505934,32
4,1,delta_volume,0,L1,120,0.5680699664587316,22,0.5671452305570357,75
4,1,delta_volume,0,L2,480,0.5314619186441387,108,0.5293930179827173,501
4,1,delta_volume,0,L3,600,0.554256397396111,109,0.5540996624975183,504
4,1,delta_volume,0,L4,77520,0.6880505313313063,13,0.6757259438053143,97
4,1,delta_volume,0,L5,77520,0.7204855124708733,6,0.6991473621516566,32
4,1,delta_volume,1,L1,120,0.5066560086935623,19,0.5084323375442776,62
4,1,delta_volume,1,L2,480,0.48999508897317745,102,0.48865761783852124,507
4,1,delta_volume,1,L3,600,0.48941516984838507,117,0.48902855709852355,488
4,1,delta_volume,1,L4,77520,0.5475716539711399,12,0.5500963919626344,63
4,1,delta_volume,1,L5,77520,0.5591974650742401,6,0.5633888174874351,58
4,1,face_num,0,L1,120,0.49695411847068527,18,0.49846399799379326,74
4,1,face_num,0,L2,480,0.486296145366394,112,0.48770675945372666,513
4,1,face_num,0,L3,600,0.4779212772849336,114,0.47677188802858844,560
4,1,face_num,0,L4,77520,0.5138344670490997,14,0.5217286814415432,62
4,1,face_num,0,L5,77520,0.5584359946919114,6,0.5334158803799254,32
4,1,face_num,1,L1,120,0.5163631234130591,21,0.517496839179545,67
4,1,face_num,1,L2,480,0.49169305037459643,111,0.49236701043854425,491
4,1,face_num,1,L3,600,0.5302864069046946,114,0.5307252646207539,500
4,1,face_num,1,L4,77520,0.558801709455294,14,0.5568581967127466,103
4,1,face_num,1,L5,77520,0.5209450069485806,9,0.5148584683865709,36
4,1,frame_brightness,0,L1,120,0.48689173798104557,24,0.48630659435963347,85
4,1,frame_brightness,0,L2,480,0.556241706111616,110,0.5584777906648695,453
4,1,frame_brightness,0,L3,600,0.5395337659216535,110,0.5422923001368818,420
4,1,frame_brightness,0,L4,77520,0.5241215008933889,12,0.5538737030187142,104
4,1,frame_brightness,0,L5,77520,0.48387459118313947,8,0.4971265268591371,46
4,1,frame_brightness,1,L1,120,0.5195396173578676,21,0.5199366791009686,66
4,1,frame_brightness,1,L2,480,0.4696926951088263,107,0.4706122065139024,451
4,1,frame_brightness,1,L3,600,0.5004545312059183,101,0.49977012214873096,419
4,1,frame_brightness,1,L4,77520,0.5103810747834446,13,0.48657304368724075,100
4,1,frame_brightness,1,L5,77520,0.43435419997283264,9,0.4395708598476537,32
4,1,global_flow,0,L1,120,0.5753529147466641,21,0.5750342204528593,68
4,1,global_flow,0,L2,480,0.6074731199648913,115,0.6082724679477132,474
4,1,global_flow,0,L3,600,0.598951965978078,98,0.6001588246972405,429
4,1,global_flow,0,L4,77520,0.6474979885688014,11,0.6489660721189514,53
4,1,global_flow,0,L5,77520,0.655364774353991,8,0.6587332685495753,46
4,1,global_flow,1,L1,120,0.4982654671222428,22,0.4966928936396978,69
4,1,global_flow,1,L2,480,0.531456694147519,115,0.532626981390343,462
4,1,global_flow,1,L3,600,0.5319164498500569,104,0.5334263293731649,438
4,1,global_flow,1,L4,77520,0.5356101689602207,12,0.5520412108293367,105
4,1,global_flow,1,L5,77520,0.5519132106621527,9,0.5431804645622395,54
4,1,gpt2_surprisal,0,L1,120,0.48091491384805074,16,0.48079475042579645,69
4,1,gpt2_surprisal,0,L2,480,0.48345401920524955,108,0.4840757343029999,494
4,1,gpt2_surprisal,0,L3,600,0.4794050343249428,115,0.47875719674409367,530
4,1,gpt2_surprisal,0,L4,77520,0.5526864361618757,12,0.5436167100299886,55
4,1,gpt2_surprisal,0,L5,77520,0.5301453454959615,8,0.5158145512679853,32
4,1,gpt2_surprisal,1,L1,120,0.5041169033363635,19,0.503646698640586,64
4,1,gpt2_surprisal,1,L2,480,0.47276469912123964,97,0.4720959635539116,486
4,1,gpt2_surprisal,1,L3,600,0.48285842659059797,108,0.48157320042213936,511
4,1,gpt2_surprisal,1,L4,77520,0.4843774489827905,13,0.48226544622425627,56
4,1,gpt2_surprisal,1,L5,77520,0.5162481844874247,6,0.5154409997596732,58
4,1,local_flow,0,L1,120,0.563179837622645,22,0.5623073466871467,83
4,1,local_flow,0,L2,480,0.5761209157497675,109,0.5771292435973794,455
4,1,local_flow,0,L3,600,0.5824477811562856,110,0.5848040291317932,445
4,1,local_flow,0,L4,77520,0.5732317691190454,13,0.5693120905300774,110
4,1,local_flow,0,L5,77520,0.6161222741188885,8,0.6115795743080155,50
4,1,local_flow,1,L1,120,0.5096757677397783,25,0.5101511969321756,68
4,1,local_flow,1,L2,480,0.5274338317503109,112,0.5312633877725881,469
4,1,local_flow,1,L3,600,0.513035119066278,114,0.5108460549826024,441
4,1,local_flow,1,L4,77520,0.5258403602812869,12,0.5366602927807905,109
4,1,local_flow,1,L5,77520,0.5882469724042088,9,0.609241612070677,38
4,1,onset,0,L1,120,0.7656728003287521,20,0.7657869503675632,76
4,1,onset,0,L2,480,0.7711824422020304,98,0.7736556930429357,388
4,1,onset,0,L3,600,0.8217813494056587,86,0.826096220872715,339
4,1,onset,0,L4,77520,0.6853416130161484,11,0.6806500464210158,45
4,1,onset,0,L5,77520,0.861231602818745,8,0.8698841757606197,47
4,1,onset,1,L1,120,0.7234296759660899,18,0.7223338355935041,59
4,1,onset,1,L2,480,0.7335814194176826,88,0.733741229472018,374
4,1,onset,1,L3,600,0.7557569669573687,78,0.7573170174877859,312
4,1,onset,1,L4,77520,0.6202779933945177,11,0.6369819490738627,91
4,1,onset,1,L5,77520,0.8166522076617506,8,0.8215682693332116,49
4,1,pitch,0,L1,120,0.5559230118178113,24,0.5560849712130236,81
4,1,pitch,0,L2,480,0.5219063143266146,110,0.5229982341201425,498
4,1,pitch,0,L3,600,0.5473914088377585,117,0.5463308360239492,499
4,1,pitch,0,L4,77520,0.47450445649561657,12,0.48010511687198937,54
4,1,pitch,0,L5,77520,0.5326740018599208,8,0.545202344754083,30
4,1,pitch,1,L1,120,0.5077583774803297,20,0.5075755200986385,65
4,1,pitch,1,L2,480,0.5008359194591601,103,0.5027324117321297,467
4,1,pitch,1,L3,600,0.49735118021378644,104,0.49824456913576376,461
4,1,pitch,1,L4,77520,0.46210672601694824,13,0.4535751230368954,60
4,1,pitch,1,L5,77520,0.5572134624828897,10,0.5600660376372737,54
4,1,speech,0,L1,120,0.7051085127947923,21,0.7059392077573325,84
4,1,speech,0,L2,480,0.7779797916470749,102,0.7792650178155335,415
4,1,speech,0,L3,600,0.8017982717365182,85,0.8064115022517581,366
4,1,speech,0,L4,77520,0.6770399047051816,11,0.6652011953648265,97
4,1,speech,0,L5,77520,0.8515877245227423,9,0.8595603063644819,51
4,1,speech,1,L1,120,0.6987032799389779,21,0.6985935655099631,64
4,1,speech,1,L2,480,0.7317482210589009,92,0.7323908341431302,379
4,1,speech,1,L3,600,0.7779484446673564,86,0.7785179147989092,328
4,1,speech,1,L4,77520,0.624665632216336,12,0.6361138104343647,102
4,1,speech,1,L5,77520,0.8218916857360794,9,0.8163354335809745,20
4,1,volume,0,L1,120,0.5250305633052255,20,0.5220421512387281,81
4,1,volume,0,L2,480,0.5293094260368013,111,0.5304797132796255,468
4,1,volume,0,L3,600,0.5388180098847475,106,0.5410593189346207,449
4,1,volume,0,L4,77520,0.585812356979405,13,0.5956291861279166,108
4,1,volume,0,L5,77520,0.6041816870944485,8,0.6093591632446214,51
4,1,volume,1,L1,120,0.5889888509242134,20,0.5887119526033666,60
4,1,volume,1,L2,480,0.608632958214476,110,0.6075253649310889,449
4,1,volume,1,L3,600,0.6111145941088576,107,0.6078283857350344,449
4,1,volume,1,L4,77520,0.5874815836494154,12,0.5955390635612259,109
4,1,volume,1,L5,77520,0.6134199032423227,8,0.6099756538457519,49
4,1,word_gap,0,L1,120,0.5286424368895458,20,0.5287945975712257,74
4,1,word_gap,0,L2,480,0.47503840245775725,108,0.4721618409993334,472
4,1,word_gap,0,L3,600,0.4774584818711416,106,0.47687157638466227,472
4,1,word_gap,0,L4,77520,0.5741058748514621,12,0.5673637075036952,100
4,1,word_gap,0,L5,77520,0.6123887777874387,6,0.6009839724081963,24
4,1,word_gap,1,L1,120,0.5188099585543287,21,0.5187302553401154,66
4,1,word_gap,1,L2,480,0.46992290525461555,97,0.47424137031562474,471
4,1,word_gap,1,L3,600,0.47042286178013504,110,0.47323421151783907,474
4,1,word_gap,1,L4,77520,0.5491841289163262,13,0.5337923513897342,60
4,1,word_gap,1,L5,77520,0.5568120888038721,6,0.543032489928412,28
4,1,word_head_pos,0,L1,120,0.5205113737291411,16,0.5191843515877245,73
4,1,word_head_pos,0,L2,480,0.5164885113319331,106,0.5152346321431931,526
4,1,word_head_pos,0,L3,600,0.517016185490528,117,0.5168542260953157,517
4,1,word_head_pos,0,L4,77520,0.5659801678108314,11,0.5479974504456495,96
4,1,word_head_pos,0,L5,77520,0.5465567955027533,6,0.532754981557527,32
4,1,word_head_pos,1,L1,120,0.5201247609792796,17,0.518902228770258,63
4,1,word_head_pos,1,L2,480,0.5101668704220348,120,0.5093570734459735,514
4,1,word_head_pos,1,L3,600,0.5110132388744344,112,0.5142054063091022,527
4,1,word_head_pos,1,L4,77520,0.5229995402442974,12,0.5126589553096559,71
4,1,word_head_pos,1,L5,77520,0.5165525114155252,6,0.5110119327502796,32
4,1,word_index,0,L1,120,0.5302366863905326,18,0.5297189349112427,72
4,1,word_index,0,L2,480,0.5191124260355029,97,0.5196745562130177,411
4,1,word_index,0,L3,600,0.5156656804733728,114,0.5170266272189349,421
4,1,word_index,0,L4,77520,0.6385798816568047,10,0.6495857988165681,48
4,1,word_index,0,L5,77520,0.7219748520710059,5,0.7020414201183431,32
4,1,word_index,1,L1,120,0.5508284023668639,20,0.5509467455621302,71
4,1,word_index,1,L2,480,0.5517011834319527,98,0.5504733727810651,409
4,1,word_index,1,L3,600,0.5548372781065088,99,0.5555473372781066,411
4,1,word_index,1,L4,77520,0.6124556213017751,10,0.6106360946745562,44
4,1,word_index,1,L5,77520,0.6140902366863905,3,0.6220562130177514,25
4,1,word_length,0,L1,120,0.5185992079663124,20,0.5174445942133474,81
4,1,word_length,0,L2,480,0.5127477717521917,111,0.5131239355088137,543
4,1,word_length,0,L3,600,0.5005642456349331,120,0.5010553483171896,533
4,1,word_length,0,L4,77520,0.5296542428137049,11,0.5293459975131396,91
4,1,word_length,0,L5,77520,0.5567119108073937,6,0.5500611266104511,59
4,1,word_length,1,L1,120,0.5057782932614443,21,0.5045557610524225,71
4,1,word_length,1,L2,480,0.5399256031681348,95,0.5395651129013719,503
4,1,word_length,1,L3,600,0.5331651045421774,114,0.5321776746810445,500
4,1,word_length,1,L4,77520,0.5378305800236147,11,0.5250671347815639,57
4,1,word_length,1,L5,77520,0.5322769401168197,6,0.5249887673322675,32
4,1,word_part_speech,0,L1,120,0.5220938305891688,18,0.5218210672485618,79
4,1,word_part_speech,0,L2,480,0.4911971830985915,103,0.4898333663955564,423
4,1,word_part_speech,0,L3,600,0.5099806585994843,116,0.5077985518746281,397
4,1,word_part_speech,0,L4,77520,0.47900962110692324,10,0.4772986510612973,88
4,1,word_part_speech,0,L5,77520,0.5615453283078755,3,0.5139853203729419,34
4,1,word_part_speech,1,L1,120,0.4848740329299742,21,0.4855311446141639,64
4,1,word_part_speech,1,L2,480,0.45917228724459436,104,0.45635786550287644,417
4,1,word_part_speech,1,L3,600,0.452291212061099,104,0.4514729220392779,397
4,1,word_part_speech,1,L4,77520,0.5030003967466772,11,0.5067198968458639,96
4,1,word_part_speech,1,L5,77520,0.5423403094624082,4,0.5508827613568736,40
7,0,delta_volume,0,L1,119,0.48394512188750616,19,0.48698055442358124,77
7,0,delta_volume,0,L2,476,0.51571528583221,111,0.5182491666927891,475
7,0,delta_volume,0,L3,595,0.5130873640324755,114,0.5129776496034607,486
7,0,delta_volume,0,L4,76874,0.48178740478354914,10,0.4894138637242302,44
7,0,delta_volume,0,L5,76874,0.48500830694962543,5,0.5134583032924778,25
7,0,delta_volume,1,L1,119,0.4882762295852794,28,0.48977566011514795,90
7,0,delta_volume,1,L2,476,0.5221988861373207,100,0.5240117864643742,474
7,0,delta_volume,1,L3,595,0.49078398796275985,107,0.49231476547234676,482
7,0,delta_volume,1,L4,76874,0.5498416977524215,10,0.551905373917223,44
7,0,delta_volume,1,L5,76874,0.5680229459891539,5,0.5675422923001369,25
7,0,face_num,0,L1,119,0.43850767478553443,29,0.43798000062693954,81
7,0,face_num,0,L2,476,0.4356185281548123,99,0.43173672716633754,448
7,0,face_num,0,L3,595,0.4477916052788314,107,0.4445576418712057,472
7,0,face_num,0,L4,76874,0.3751763267609166,10,0.36520406883796747,83
7,0,face_num,0,L5,76874,0.37350971233921615,6,0.39645047699654135,23
7,0,face_num,1,L1,119,0.5034690657555144,32,0.503667596627065,92
7,0,face_num,1,L2,476,0.44980303647743536,100,0.4514435284160372,451
7,0,face_num,1,L3,595,0.4564851676540965,106,0.4570807602687481,477
7,0,face_num,1,L4,76874,0.4846661024210317,11,0.4856012873159671,83
7,0,face_num,1,L5,76874,0.44126098450414303,7,0.4635748095670982,24
7,0,frame_brightness,0,L1,119,0.4028086893827779,23,0.4075002873473141,83
7,0,frame_brightness,0,L2,476,0.38452295121365054,103,0.38923022266804597,428
7,0,frame_brightness,0,L3,595,0.45051879251434124,106,0.45297430592562404,405
7,0,frame_brightness,0,L4,76874,0.4906181101950827,13,0.46808224402578813,79
7,0,frame_brightness,0,L5,76874,0.3112467738733373,5,0.4332870965382485,39
7,0,frame_brightness,1,L1,119,0.42931256073477325,26,0.4286333761742056,87
7,0,frame_brightness,1,L2,476,0.3072683196973972,78,0.3065891351368296,322
7,0,frame_brightness,1,L3,595,0.3612478187726612,65,0.36532815063268653,296
7,0,frame_brightness,1,L4,76874,0.35081972351963886,11,0.3393728514257651,65
7,0,frame_brightness,1,L5,76874,0.4127247839670648,8,0.4372929793214424,38
7,0,global_flow,0,L1,119,0.4330219533347962,20,0.4311045630753477,79
7,0,global_flow,0,L2,476,0.4919594997022037,98,0.49503672821123684,435
7,0,global_flow,0,L3,595,0.4749955591778732,100,0.4769965413832377,428
7,0,global_flow,0,L4,76874,0.46092337753257473,11,0.44985005694701313,86
7,0,global_flow,0,L5,76874,0.5557048890839368,5,0.5858071324827854,23
7,0,global_flow,1,L1,119,0.5764343855469525,21,0.576382140580755,83
7,0,global_flow,1,L2,476,0.5264620753790372,109,0.5301035495230035,440
7,0,global_flow,1,L3,595,0.5817529231058587,106,0.5836650888686874,422
7,0,global_flow,1,L4,76874,0.5450456098554903,11,0.5448157320042214,80
7,0,global_flow,1,L5,76874,0.5925728556053624,8,0.5808386361974024,41
7,0,gpt2_surprisal,0,L1,119,0.4823255279353834,26,0.4826337732359487,86
7,0,gpt2_surprisal,0,L2,476,0.5044199241403091,105,0.5030197590462159,464
7,0,gpt2_surprisal,0,L3,595,0.5025443298538186,109,0.501091919793528,503
7,0,gpt2_surprisal,0,L4,76874,0.5014733080467697,10,0.4870432483830183,40
7,0,gpt2_surprisal,0,L5,76874,0.4878164738827414,4,0.48535051147821906,23
7,0,gpt2_surprisal,1,L1,119,0.5270158720207307,28,0.5273502398043949,94
7,0,gpt2_surprisal,1,L2,476,0.5378828249898122,109,0.5362005370782525,490
7,0,gpt2_surprisal,1,L3,595,0.5496379423842512,120,0.5503484739245375,505
7,0,gpt2_surprisal,1,L4,76874,0.5579971369758524,10,0.5532114980721607,44
7,0,gpt2_surprisal,1,L5,76874,0.5544914997439996,5,0.5472137759526869,23
7,0,local_flow,0,L1,119,0.480345443716498,22,0.4850683886607525,86
7,0,local_flow,0,L2,476,0.523280356937609,107,0.5231915404950733,464
7,0,local_flow,0,L3,595,0.5301923659655392,112,0.529591548854268,445
7,0,local_flow,0,L4,76874,0.4702517162471396,11,0.4702673897369988,89
7,0,local_flow,0,L5,76874,0.522778805262113,5,0.5186410039392705,23
7,0,local_flow,1,L1,119,0.5187663918581444,29,0.5175490841457426,91
7,0,local_flow,1,L2,476,0.5284682820810215,104,0.532794165282175,465
7,0,local_flow,1,L3,595,0.5319112253534372,114,0.533233022998234,437
7,0,local_flow,1,L4,76874,0.4942426047250348,10,0.48772243294358586,63
7,0,local_flow,1,L5,76874,0.5797245122932405,5,0.5820925153861426,23
7,0,onset,0,L1,119,0.7216962895625008,26,0.7192825721241758,79
7,0,onset,0,L2,476,0.6074365484885531,96,0.608465774322644,402
7,0,onset,0,L3,595,0.7124228080624433,86,0.7143663208049904,360
7,0,onset,0,L4,76874,0.5769516107123078,10,0.5824334137905813,43
7,0,onset,0,L5,76874,0.8127684085138397,6,0.8222391147612926,42
7,0,onset,1,L1,119,0.7870338442891027,29,0.7873943345558656,90
7,0,onset,1,L2,476,0.6818804008233808,84,0.6844665266501573,355
7,0,onset,1,L3,595,0.7630429558112076,79,0.7657649185500977,320
7,0,onset,1,L4,76874,0.6022486233451407,11,0.6112765535040698,76
7,0,onset,1,L5,76874,0.894570964337586,5,0.9163453601245519,45
7,0,pitch,0,L1,119,0.4877433309300649,19,0.4871268403289343,79
7,0,pitch,0,L2,476,0.5006582865740886,97,0.5010031033509921,429
7,0,pitch,0,L3,595,0.5279562814122859,106,0.5308506525396277,460
7,0,pitch,0,L4,76874,0.5425900964442076,10,0.5389577651693259,81
7,0,pitch,0,L5,76874,0.5246700730384628,8,0.5228571727114093,36
7,0,pitch,1,L1,119,0.4741491907254736,16,0.4732296793203975,88
7,0,pitch,1,L2,476,0.513557568728253,106,0.5124238529617671,474
7,0,pitch,1,L3,595,0.48815084166640543,114,0.4874664326092181,478
7,0,pitch,1,L4,76874,0.4668035484781041,11,0.4737051085127948,37
7,0,pitch,1,L5,76874,0.5404010323605322,4,0.533656207224434,23
7,0,speech,0,L1,119,0.6756005558864404,30,0.6745661055557297,87
7,0,speech,0,L2,476,0.6017784186493631,99,0.600482743487665,405
7,0,speech,0,L3,595,0.6771470068858865,77,0.6795554998275917,342
7,0,speech,0,L4,76874,0.5559491343009101,11,0.5436820162377355,45
7,0,speech,0,L5,76874,0.7621991996071179,5,0.7785362005370783,43
7,0,speech,1,L1,119,0.7699340668526586,25,0.7710468846326657,78
7,0,speech,1,L2,476,0.6770111699737731,95,0.6775388441323678,373
7,0,speech,1,L3,595,0.7622279343385265,85,0.7623324242709215,333
7,0,speech,1,L4,76874,0.6058091177915008,11,0.616639499284244,82
7,0,speech,1,L5,76874,0.8930754521801825,5,0.9098617598194414,44
7,0,volume,0,L1,119,0.47756078701817084,21,0.48154707793904056,77
7,0,volume,0,L2,476,0.4994618768481657,91,0.5018546963000114,392
7,0,volume,0,L3,595,0.5466129588414156,88,0.5488594923879084,363
7,0,volume,0,L4,76874,0.48383018296187164,11,0.4559810037302906,74
7,0,volume,0,L5,76874,0.49350595070164993,7,0.48636928831907045,43
7,0,volume,1,L1,119,0.5336718807142933,29,0.5339383300419005,78
7,0,volume,1,L2,476,0.531895551863578,91,0.5341420854100707,425
7,0,volume,1,L3,595,0.5365923743247338,94,0.5366550682841709,374
7,0,volume,1,L4,76874,0.5792582259699278,11,0.5809117791500789,82
7,0,volume,1,L5,76874,0.6884789400541258,8,0.7039983072630952,20
7,0,word_gap,0,L1,119,0.5369476400948769,18,0.530469264286386,78
7,0,word_gap,0,L2,476,0.5201717814488573,100,0.5218958653333752,498
7,0,word_gap,0,L3,595,0.5251350532376204,118,0.5264516263857977,517
7,0,word_gap,0,L4,76874,0.4907474164864215,10,0.49913795805774114,40
7,0,word_gap,0,L5,76874,0.5157779797916471,4,0.4977116704805492,23
7,0,word_gap,1,L1,119,0.5159608371733384,15,0.5155585509336176,84
7,0,word_gap,1,L2,476,0.5107885855197851,112,0.5113058106851405,500
7,0,word_gap,1,L3,595,0.4947546053937703,114,0.4933439913064376,516
7,0,word_gap,1,L4,76874,0.48918006750049636,12,0.48548634839033267,74
7,0,word_gap,1,L5,76874,0.49564799431574763,8,0.4942112577453162,24
7,0,word_head_pos,0,L1,119,0.4933230933199586,20,0.4900003134697972,91
7,0,word_head_pos,0,L2,476,0.4714846974494007,105,0.47309384240828395,472
7,0,word_head_pos,0,L3,595,0.46894559209220193,105,0.47016812430122357,495
7,0,word_head_pos,0,L4,76874,0.5060290690991923,10,0.5007471030166243,62
7,0,word_head_pos,0,L5,76874,0.5255477884705808,5,0.5160339801260149,26
7,0,word_head_pos,1,L1,119,0.5328620837382319,29,0.5365610273450153,98
7,0,word_head_pos,1,L2,476,0.4964473422985695,97,0.49863640638224505,497
7,0,word_head_pos,1,L3,595,0.496541383237725,108,0.4988976312132326,515
7,0,word_head_pos,1,L4,76874,0.501760655360856,10,0.5079725818417395,82
7,0,word_head_pos,1,L5,76874,0.5557088074564016,7,0.5452859366999989,23
7,0,word_index,0,L1,119,0.519064726482309,16,0.5186798092017872,74
7,0,word_index,0,L2,476,0.4948979591836735,92,0.49562250935877306,446
7,0,word_index,0,L3,595,0.4976376645332689,105,0.49878486897717667,479
7,0,word_index,0,L4,76874,0.5472919937205651,8,0.5439183069677576,45
7,0,word_index,0,L5,76874,0.5583640260838063,3,0.5549827919333414,29
7,0,word_index,1,L1,119,0.5165967274483758,13,0.5168835285593527,84
7,0,word_index,1,L2,476,0.4994263977780461,100,0.49860373143340175,451
7,0,word_index,1,L3,595,0.49387906049993957,116,0.49233184398019564,488
7,0,word_index,1,L4,76874,0.5817760536167129,10,0.5839044197560681,35
7,0,word_index,1,L5,76874,0.6048031638690979,4,0.5998822605965464,25
7,0,word_length,0,L1,119,0.5147801009372748,20,0.5128940576575447,80
7,0,word_length,0,L2,476,0.47940503432494275,105,0.4806536890170633,499
7,0,word_length,0,L3,595,0.4861759819441397,106,0.4880045557610524,527
7,0,word_length,0,L4,76874,0.5016195939521226,11,0.5080979697606136,43
7,0,word_length,0,L5,76874,0.4818553232396058,6,0.4942008087520767,25
7,0,word_length,1,L1,119,0.5147278559710772,25,0.5143098962414971,79
7,0,word_length,1,L2,476,0.5079725818417395,99,0.5087719298245614,491
7,0,word_length,1,L3,595,0.5204382307764647,112,0.521310721711963,498
7,0,word_length,1,L4,76874,0.5317179189785064,10,0.5350354743320481,40
7,0,word_length,1,L5,76874,0.5363102515072673,5,0.5508813725797519,24
7,0,word_part_speech,0,L1,119,0.519529149452423,19,0.5225391828972392,75
7,0,word_part_speech,0,L2,476,0.5383959603908453,97,0.5387763132008656,444
7,0,word_part_speech,0,L3,595,0.5313987802478851,105,0.5287494261918814,465
7,0,word_part_speech,0,L4,76874,0.4809561282707063,11,0.48416289592760187,47
7,0,word_part_speech,0,L5,76874,0.5553937963145124,3,0.5721817824119615,22
7,0,word_part_speech,1,L1,119,0.5144337333595645,15,0.5142042101121385,61
7,0,word_part_speech,1,L2,476,0.5276870614466522,100,0.5258115286248278,455
7,0,word_part_speech,1,L3,595,0.5472358843202833,108,0.5470588235294118,483
7,0,word_part_speech,1,L4,76874,0.5217588038559905,9,0.5296675191815857,61
7,0,word_part_speech,1,L5,76874,0.5968588104137977,3,0.596078431372549,20
7,1,delta_volume,0,L1,119,0.515318224089109,17,0.5156160203964348,79
7,1,delta_volume,0,L2,476,0.5232228874747917,92,0.5235990512314139,448
7,1,delta_volume,0,L3,595,0.5317962864278027,105,0.5312581632759683,450
7,1,delta_volume,0,L4,76874,0.6415995318851029,9,0.6312759265644755,39
7,1,delta_volume,0,L5,76874,0.702517162471396,3,0.6800831739861863,20
7,1,delta_volume,1,L1,119,0.566554862439004,22,0.5685715181342278,69
7,1,delta_volume,1,L2,476,0.5433371994608319,97,0.5444918132137968,469
7,1,delta_volume,1,L3,595,0.5721555228153767,112,0.5739161781762327,487
7,1,delta_volume,1,L4,76874,0.6577327774468931,12,0.6435900650972279,41
7,1,delta_volume,1,L5,76874,0.706012350710009,4,0.6904381262865322,22
7,1,face_num,0,L1,119,0.5357878018452922,19,0.5374282937838939,68
7,1,face_num,0,L2,476,0.5360699246627587,86,0.5392568676008067,431
7,1,face_num,0,L3,595,0.5742609949531362,99,0.5784405922489368,449
7,1,face_num,0,L4,76874,0.5582949332831781,10,0.5644023698316667,77
7,1,face_num,0,L5,76874,0.5730959322069318,5,0.5582531373102202,22
7,1,face_num,1,L1,119,0.5302028149587787,16,0.5277211790643972,72
7,1,face_num,1,L2,476,0.5841770895374231,102,0.5842345590002403,433
7,1,face_num,1,L3,595,0.5622446527277096,109,0.564250859429694,447
7,1,face_num,1,L4,76874,0.586188520736027,10,0.5866430519419454,72
7,1,face_num,1,L5,76874,0.6189983595080613,6,0.6042496055505052,25
7,1,frame_brightness,0,L1,119,0.4726236377125064,20,0.4732766997899752,69
7,1,frame_brightness,0,L2,476,0.5563200735609124,89,0.5570149316113393,432
7,1,frame_brightness,0,L3,595,0.5642613084229334,102,0.5660010657973105,406
7,1,frame_brightness,0,L4,76874,0.4519346310982937,10,0.4683748158364941,32
7,1,frame_brightness,0,L5,76874,0.5498390855041118,5,0.5554214601423153,26
7,1,frame_brightness,1,L1,119,0.49331264432671906,27,0.4935686446610869,71
7,1,frame_brightness,1,L2,476,0.4854184299342758,94,0.48383018296187164,367
7,1,frame_brightness,1,L3,595,0.504127352329603,93,0.5032600858907244,353
7,1,frame_brightness,1,L4,76874,0.5598270169169202,10,0.555783256533233,68
7,1,frame_brightness,1,L5,76874,0.4975849764375203,5,0.5005616333866232,49
7,1,global_flow,0,L1,119,0.48595655308611013,16,0.4823307524320032,77
7,1,global_flow,0,L2,476,0.5493192480904465,95,0.5481959813172002,404
7,1,global_flow,0,L3,595,0.5036519231372056,100,0.5013270221414166,408
7,1,global_flow,0,L4,76874,0.46744616156233343,10,0.47481792629280173,39
7,1,global_flow,0,L5,76874,0.5994482931569542,5,0.5997460894642801,22
7,1,global_flow,1,L1,119,0.5124656489347251,24,0.5142994472482576,75
7,1,global_flow,1,L2,476,0.5867632153641997,101,0.5881738294515323,416
7,1,global_flow,1,L3,595,0.5967629018944025,100,0.5962822482053853,421
7,1,global_flow,1,L4,76874,0.5995318851028704,10,0.6002672330021002,40
7,1,global_flow,1,L5,76874,0.6281490653375547,4,0.6306489869701053,23
7,1,gpt2_surprisal,0,L1,119,0.5005120006687356,19,0.49959771376027917,72
7,1,gpt2_surprisal,0,L2,476,0.4986416308788648,94,0.4985632634295686,459
7,1,gpt2_surprisal,0,L3,595,0.5009299603983156,106,0.5028160036780456,471
7,1,gpt2_surprisal,0,L4,76874,0.49812440571350947,11,0.4900943544089527,35
7,1,gpt2_surprisal,0,L5,76874,0.5258769317576251,4,0.5155376529471386,23
7,1,gpt2_surprisal,1,L1,119,0.5476787561518448,14,0.5479661034659311,71
7,1,gpt2_surprisal,1,L2,476,0.5003709392600023,95,0.5006478375808491,429
7,1,gpt2_surprisal,1,L3,595,0.5142315287922008,111,0.5150987952310795,489
7,1,gpt2_surprisal,1,L4,76874,0.5071053154028609,9,0.512847037187967,42
7,1,gpt2_surprisal,1,L5,76874,0.5214988035902741,5,0.5332643699779527,23
7,1,local_flow,0,L1,119,0.5205949656750573,17,0.5230139076100018,73
7,1,local_flow,0,L2,476,0.5475376947431114,92,0.5464980199157812,402
7,1,local_flow,0,L3,595,0.5545855406831551,94,0.551403822241727,400
7,1,local_flow,0,L4,76874,0.49026676279740444,10,0.4964473422985695,35
7,1,local_flow,0,L5,76874,0.5496170443977721,8,0.5591935467017752,41
7,1,local_flow,1,L1,119,0.49541811646447864,16,0.4977952624264652,73
7,1,local_flow,1,L2,476,0.5515971286166578,93,0.5530338651870892,416
7,1,local_flow,1,L3,595,0.5832680271255865,104,0.5814864737782515,434
7,1,local_flow,1,L4,76874,0.4928946845971391,11,0.5002755921966919,67
7,1,local_flow,1,L5,76874,0.5983158835146234,5,0.5801072066706372,26
7,1,onset,0,L1,119,0.7339086495289409,26,0.7335357594021582,73
7,1,onset,0,L2,476,0.6110679877631158,91,0.6109614477268923,382
7,1,onset,0,L3,595,0.7218163554175607,81,0.7231937658858805,314
7,1,onset,0,L4,76874,0.5321180159201254,11,0.5124461592316941,73
7,1,onset,0,L5,76874,0.7807710454621555,7,0.7699039617673469,27
7,1,onset,1,L1,119,0.7212836552364428,17,0.721572835334764,71
7,1,onset,1,L2,476,0.588610870127696,89,0.589638220476995,342
7,1,onset,1,L3,595,0.6689192274325373,79,0.6723969986149796,305
7,1,onset,1,L4,76874,0.5476424211984232,10,0.5461622756951737,63
7,1,onset,1,L5,76874,0.7145792429569426,7,0.71966652968662,37
7,1,pitch,0,L1,119,0.5441104249605551,19,0.5447843850245029,69
7,1,pitch,0,L2,476,0.5071836828521572,95,0.5086674398921665,450
7,1,pitch,0,L3,595,0.5127738942352904,105,0.5132702214141667,444
7,1,pitch,0,L4,76874,0.5342413508458459,10,0.5406622571915196,35
7,1,pitch,0,L5,76874,0.5772912029925916,8,0.5834717824937568,28
7,1,pitch,1,L1,119,0.5613146923293941,22,0.5605571403195302,77
7,1,pitch,1,L2,476,0.5114520965904935,90,0.5112274432358443,419
7,1,pitch,1,L3,595,0.5148741418764302,99,0.5166609197203849,451
7,1,pitch,1,L4,76874,0.5503014534549596,10,0.5610691409882658,40
7,1,pitch,1,L5,76874,0.5330566962373176,6,0.5327784917923158,31
7,1,speech,0,L1,119,0.7487146529562982,21,0.7491121829698142,81
7,1,speech,0,L2,476,0.646503060981104,99,0.6481594360374208,378
7,1,speech,0,L3,595,0.745037500331275,90,0.7472769194074154,325
7,1,speech,0,L4,76874,0.5002484562584475,10,0.4841286142103729,71
7,1,speech,0,L5,76874,0.8004531842154083,7,0.7840153181565208,37
7,1,speech,1,L1,119,0.6859910423236955,20,0.6861169268279755,68
7,1,speech,1,L2,476,0.6178212705059232,89,0.6175960034982642,379
7,1,speech,1,L3,595,0.6685394747303421,87,0.6678570482071398,306
7,1,speech,1,L4,76874,0.5215163119815546,10,0.5183294463732012,61
7,1,speech,1,L5,76874,0.7511760262899849,7,0.745262767338934,38
7,1,volume,0,L1,119,0.5840151301422107,16,0.5845846002737636,71
7,1,volume,0,L2,476,0.5375066612331901,95,0.5389172753205229,437
7,1,volume,0,L3,595,0.5570985235572552,101,0.5587442399924767,418
7,1,volume,0,L4,76874,0.5917526096360616,10,0.5935550609698755,38
7,1,volume,0,L5,76874,0.5902531791061931,5,0.6078545082181332,22
7,1,volume,1,L1,119,0.5593868530767061,26,0.5609646510558708,85
7,1,volume,1,L2,476,0.5881111354920954,90,0.5899188113225291,425
7,1,volume,1,L3,595,0.5811050855250097,106,0.5808543096872616,416
7,1,volume,1,L4,76874,0.5977895154801836,11,0.5832784761188259,38
7,1,volume,1,L5,76874,0.6341598486985779,8,0.6255394292759893,42
7,1,word_gap,0,L1,119,0.5064269773642871,22,0.5046662609048489,79
7,1,word_gap,0,L2,476,0.5023186389589311,88,0.5012824971741587,403
7,1,word_gap,0,L3,595,0.5214981305973394,100,0.5219401211488857,429
7,1,word_gap,0,L4,76874,0.4211010636756224,9,0.4507579051097006,32
7,1,word_gap,0,L5,76874,0.567052140393589,3,0.5210706315392866,22
7,1,word_gap,1,L1,119,0.5178825029707561,17,0.5193026693331015,72
7,1,word_gap,1,L2,476,0.5021157580500246,94,0.5044778714894356,410
7,1,word_gap,1,L3,595,0.48774744225139843,107,0.4886386691012376,416
7,1,word_gap,1,L4,76874,0.49504390922528474,11,0.5036011361330899,40
7,1,word_gap,1,L5,76874,0.5314936382343565,4,0.5244036750427499,24
7,1,word_head_pos,0,L1,119,0.529210160601026,22,0.5304013458303292,67
7,1,word_head_pos,0,L2,476,0.5578926470434573,89,0.557667993688808,442
7,1,word_head_pos,0,L3,595,0.5400196441072902,102,0.5395546639081324,483
7,1,word_head_pos,0,L4,76874,0.5669153527057668,10,0.559219669184874,38
7,1,word_head_pos,0,L5,76874,0.5771814885635769,5,0.5680229459891539,24
7,1,word_head_pos,1,L1,119,0.5309290199889241,17,0.5309028975058254,69
7,1,word_head_pos,1,L2,476,0.5211487623167508,97,0.5196911277598403,468
7,1,word_head_pos,1,L3,595,0.5054021295048222,110,0.5044303731335487,496
7,1,word_head_pos,1,L4,76874,0.5746528321996176,9,0.5774845093675225,38
7,1,word_head_pos,1,L5,76874,0.608006018620106,6,0.5912928539335235,24
7,1,word_index,0,L1,119,0.5231360946745562,16,0.5203994082840236,74
7,1,word_index,0,L2,476,0.5031213017751479,90,0.5025295857988166,371
7,1,word_index,0,L3,595,0.5206360946745562,97,0.5198224852071005,380
7,1,word_index,0,L4,76874,0.5165384615384616,10,0.5158579881656805,34
7,1,word_index,0,L5,76874,0.5191420118343195,4,0.5403550295857988,39
7,1,word_index,1,L1,119,0.508121301775148,16,0.5089792899408283,68
7,1,word_index,1,L2,476,0.49667159763313606,92,0.49528106508875747,356
7,1,word_index,1,L3,595,0.494792899408284,99,0.4929437869822485,376
7,1,word_index,1,L4,76874,0.5319526627218936,7,0.5183431952662721,35
7,1,word_index,1,L5,76874,0.5371005917159763,2,0.5284467455621302,33
7,1,word_length,0,L1,119,0.5023719214653668,22,0.504336332194393,76
7,1,word_length,0,L2,476,0.508970460696112,89,0.5086622153955467,447
7,1,word_length,0,L3,595,0.5046445774949584,94,0.5044146996436893,452
7,1,word_length,0,L4,76874,0.5435200568425231,12,0.5463256115273294,39
7,1,word_length,0,L5,76874,0.5871237056309624,4,0.5922646103047972,26
7,1,word_length,1,L1,119,0.49848489598027235,18,0.4987617943011191,78
7,1,word_length,1,L2,476,0.5211330888268915,102,0.5202501488981537,469
7,1,word_length,1,L3,595,0.5136307116809296,101,0.5124656489347251,486
7,1,word_length,1,L4,76874,0.526780769672842,11,0.5322821646134395,44
7,1,word_length,1,L5,76874,0.5920399569501479,5,0.5803109620388075,25
7,1,word_part_speech,0,L1,119,0.5425014878000396,15,0.5436545328307876,57
7,1,word_part_speech,0,L2,476,0.5265572307081928,92,0.5251810156714938,372
7,1,word_part_speech,0,L3,595,0.5369222376512597,95,0.5378397143423924,361
7,1,word_part_speech,0,L4,76874,0.541001289426701,10,0.5453902995437414,53
7,1,word_part_speech,0,L5,76874,0.5928139258083713,3,0.5918964491172387,31
7,1,word_part_speech,1,L1,119,0.5350500892680023,18,0.5338722475699267,72
7,1,word_part_speech,1,L2,476,0.477955762745487,92,0.4795923427891291,374
7,1,word_part_speech,1,L3,595,0.4806585994842293,102,0.47953035112080933,378
7,1,word_part_speech,1,L4,76874,0.5372197976591946,10,0.5405177544138068,31
7,1,word_part_speech,1,L5,76874,0.5686123784963301,2,0.5839863122396349,19
10,0,delta_volume,0,L1,120,0.5731063812001713,20,0.5689424573942301,107
10,0,delta_volume,0,L2,480,0.567390781898164,98,0.5643449003688494,488
10,0,delta_volume,0,L3,600,0.5719047469776286,108,0.5731690751596084,500
10,0,delta_volume,0,L4,77520,0.6781605592301182,8,0.6708985089286648,28
10,0,delta_volume,0,L5,77520,0.713222156045265,3,0.6977054010846055,23
10,0,delta_volume,1,L1,120,0.5732578916021441,33,0.5701336426235333,108
10,0,delta_volume,1,L2,480,0.5208561905060447,115,0.5185208405170161,481
10,0,delta_volume,1,L3,600,0.5257254213556524,119,0.5254380740415661,501
10,0,delta_volume,1,L4,77520,0.6709821008745807,8,0.6622362935331181,34
10,0,delta_volume,1,L5,77520,0.7122608486672308,4,0.6980240953784103,25
10,0,face_num,0,L1,120,0.41522209335130555,21,0.41444886785158247,80
10,0,face_num,0,L2,480,0.5674639248508406,114,0.569255927191415,486
10,0,face_num,0,L3,600,0.5317074699852669,112,0.5322194706540024,510
10,0,face_num,0,L4,77520,0.41008641317409067,10,0.40353489441292334,63
10,0,face_num,0,L5,77520,0.486042757280336,5,0.4066042861770269,22
10,0,face_num,1,L1,120,0.5117655663876786,20,0.5136098136944506,87
10,0,face_num,1,L2,480,0.5267285247066444,104,0.5254850945111438,497
10,0,face_num,1,L3,600,0.5301401209993417,112,0.5306625706613168,498
10,0,face_num,1,L4,77520,0.5135523442316332,9,0.5163291641850307,55
10,0,face_num,1,L5,77520,0.4268727208133496,7,0.43593199795199733,26
10,0,frame_brightness,0,L1,120,0.4095744125053551,24,0.40905196284337997,90
10,0,frame_brightness,0,L2,480,0.5893597901842158,96,0.5899867297785859,398
10,0,frame_brightness,0,L3,600,0.4798073205646636,85,0.4841279792691974,351
10,0,frame_brightness,0,L4,77520,0.5476487152962812,9,0.5478276543055076,58
10,0,frame_brightness,0,L5,77520,0.5291709768763779,8,0.5169900630074293,38
10,0,frame_brightness,1,L1,120,0.4910817842700856,23,0.4924662758743195,93
10,0,frame_brightness,1,L2,480,0.4902197423278267,109,0.4917609688306531,450
10,0,frame_brightness,1,L3,600,0.45119275257828906,113,0.45097854821687927,435
10,0,frame_brightness,1,L4,77520,0.4069922050510433,9,0.4134718869836891,27
10,0,frame_brightness,1,L5,77520,0.40850469682246116,4,0.4034891800675005,25
10,0,global_flow,0,L1,120,0.5059611506431356,24,0.5044460466234078,109
10,0,global_flow,0,L2,480,0.5745117707908842,105,0.5734825449567934,454
10,0,global_flow,0,L3,600,0.5227422337857748,116,0.5201822304420969,460
10,0,global_flow,0,L4,77520,0.5222615800967576,10,0.5230739893211289,38
10,0,global_flow,0,L5,77520,0.5134765890306469,3,0.541597442086455,25
10,0,global_flow,1,L1,120,0.5505052088231299,22,0.5521352517684921,93
10,0,global_flow,1,L2,480,0.5618737134677074,101,0.5629133882950377,462
10,0,global_flow,1,L3,600,0.5284108126182042,107,0.5333740844069674,468
10,0,global_flow,1,L4,77520,0.5632791030584203,9,0.5637767363614515,62
10,0,global_flow,1,L5,77520,0.638266303041702,5,0.6156337836849419,27
10,0,gpt2_surprisal,0,L1,120,0.515757081805168,19,0.5160392046226346,108
10,0,gpt2_surprisal,0,L2,480,0.5218906408367554,104,0.5178259824665894,498
10,0,gpt2_surprisal,0,L3,600,0.5145502230860057,110,0.5133433643668432,530
10,0,gpt2_surprisal,0,L4,77520,0.5818521885416339,8,0.5809849221027554,41
10,0,gpt2_surprisal,0,L5,77520,0.5790126746287996,5,0.5985575164832868,25
10,0,gpt2_surprisal,1,L1,120,0.5077218060039915,20,0.507899438889063,85
10,0,gpt2_surprisal,1,L2,480,0.5138710385254381,111,0.5133120173871247,486
10,0,gpt2_surprisal,1,L3,600,0.509722788209356,118,0.5107258915603481,511
10,0,gpt2_surprisal,1,L4,77520,0.5780069590294975,8,0.5765179774928686,33
10,0,gpt2_surprisal,1,L5,77520,0.6153621098607149,5,0.5991922928225866,26
10,0,local_flow,0,L1,120,0.5879230536137843,41,0.5879961965664608,112
10,0,local_flow,0,L2,480,0.585561581141657,107,0.5821552093455795,469
10,0,local_flow,0,L3,600,0.5582165658338819,106,0.561022120518688,483
10,0,local_flow,0,L4,77520,0.530448366299907,9,0.5332121250117552,35
10,0,local_flow,0,L5,77520,0.6240021211456276,3,0.6003704168103403,21
10,0,local_flow,1,L1,120,0.52451856263649,21,0.5281913837601747,113
10,0,local_flow,1,L2,480,0.5149943052986845,102,0.5140695693969886,464
10,0,local_flow,1,L3,600,0.5399256031681348,115,0.5374857632467112,441
10,0,local_flow,1,L4,77520,0.47164012622383833,9,0.4710001253879189,52
10,0,local_flow,1,L5,77520,0.5291579156348285,8,0.5189126777634976,27
10,0,onset,0,L1,120,0.710499970898085,22,0.7106396600896339,91
10,0,onset,0,L2,480,0.7261102380536639,77,0.7256678889470927,297
10,0,onset,0,L3,600,0.7128979686863395,66,0.7142599383039403,262
10,0,onset,0,L4,77520,0.749607124148769,9,0.7602322332809499,26
10,0,onset,0,L5,77520,0.7951443454979337,4,0.8334526511844478,38
10,0,onset,1,L1,120,0.8343926430359119,23,0.8327978580990629,89
10,0,onset,1,L2,480,0.8498166579360922,90,0.8493626680635585,348
10,0,onset,1,L3,600,0.827478028054246,86,0.8306443163960189,335
10,0,onset,1,L4,77520,0.898137477446016,9,0.9028345265118445,60
10,0,onset,1,L5,77520,0.9286479250334673,4,0.9379197951225191,24
10,0,pitch,0,L1,120,0.5253231351159315,23,0.5252552166598747,89
10,0,pitch,0,L2,480,0.5598361597860047,101,0.5624536325924998,488
10,0,pitch,0,L3,600,0.5353698421157121,106,0.5344607797038755,501
10,0,pitch,0,L4,77520,0.5149054888561487,9,0.5199471280942081,29
10,0,pitch,0,L5,77520,0.570409234820225,4,0.5708650721502984,23
10,0,pitch,1,L1,120,0.5142942227516378,19,0.5150308767750227,85
10,0,pitch,1,L2,480,0.5017293083811375,103,0.5038243315256574,474
10,0,pitch,1,L3,600,0.5024346154248038,108,0.5032391879042455,498
10,0,pitch,1,L4,77520,0.49993208154394325,10,0.49663281192857067,66
10,0,pitch,1,L5,77520,0.5029283303553702,7,0.5027742077050876,26
10,0,speech,0,L1,120,0.7312048734104469,22,0.7299091982487487,89
10,0,speech,0,L2,480,0.7389580263941569,86,0.739919333772191,336
10,0,speech,0,L3,600,0.7324326301160883,64,0.7331222636698954,293
10,0,speech,0,L4,77520,0.6967858896795294,9,0.6955502962289584,26
10,0,speech,0,L5,77520,0.7942488741209784,7,0.7857015976510663,36
10,0,speech,1,L1,120,0.8449003688494613,22,0.8438920410018496,85
10,0,speech,1,L2,480,0.8142795941611025,85,0.8162126579104103,354
10,0,speech,1,L3,600,0.7998965549669289,83,0.7994785952373489,346
10,0,speech,1,L4,77520,0.8281741429213296,9,0.8293000219428857,29
10,0,speech,1,L5,77520,0.8709484028713834,5,0.8854215646322477,30
10,0,volume,0,L1,120,0.5271569334294641,21,0.522402641505491,90
10,0,volume,0,L2,480,0.5826254140413571,91,0.5832889251120654,428
10,0,volume,0,L3,600,0.48233597692862296,96,0.4831196514215855,413
10,0,volume,0,L4,77520,0.3787655559386853,8,0.393462064930044,27
10,0,volume,0,L5,77520,0.4171590754730782,4,0.4885034951882386,33
10,0,volume,1,L1,120,0.5579657899961339,25,0.5581695453643041,85
10,0,volume,1,L2,480,0.5974525354482096,93,0.600482743487665,407
10,0,volume,1,L3,600,0.585310805303909,96,0.5888268915290011,363
10,0,volume,1,L4,77520,0.518672350918989,9,0.5270315455105901,32
10,0,volume,1,L5,77520,0.5536399067949802,8,0.5541989279332937,44
10,0,word_gap,0,L1,120,0.48751345307879584,18,0.48843296448387197,88
10,0,word_gap,0,L2,480,0.561293794342915,103,0.558759913482336,532
10,0,word_gap,0,L3,600,0.54589197830789,107,0.542835647785336,513
10,0,word_gap,0,L4,77520,0.6017888676426026,7,0.6110388389078711,32
10,0,word_gap,0,L5,77520,0.635352340052036,3,0.646144843944286,21
10,0,word_gap,1,L1,120,0.5190694126620901,20,0.5202762713812523,81
10,0,word_gap,1,L2,480,0.5125753633637399,99,0.5114782190735923,489
10,0,word_gap,1,L3,600,0.5094302163986499,118,0.5080196023113173,534
10,0,word_gap,1,L4,77520,0.6613794760874789,8,0.6566304086601256,40
10,0,word_gap,1,L5,77520,0.6801563169388629,6,0.6732064303104395,24
10,0,word_head_pos,0,L1,120,0.5179252479023646,15,0.5179983908550411,101
10,0,word_head_pos,0,L2,480,0.5267859941694617,101,0.5267912186660815,511
10,0,word_head_pos,0,L3,600,0.5223086005663354,114,0.5234214183463424,526
10,0,word_head_pos,0,L4,77520,0.5796265529816202,6,0.5633365725212376,32
10,0,word_head_pos,0,L5,77520,0.600187559428649,4,0.585143621412077,27
10,0,word_head_pos,1,L1,120,0.5129567516169817,19,0.5125335673907818,104
10,0,word_head_pos,1,L2,480,0.5184006770947619,94,0.5204695777561832,485
10,0,word_head_pos,1,L3,600,0.5270106475241111,114,0.5291108951652508,540
10,0,word_head_pos,1,L4,77520,0.5427207088597013,9,0.5375850286824864,31
10,0,word_head_pos,1,L5,77520,0.5938646123945958,5,0.5849503150371462,28
10,0,word_index,0,L1,120,0.5720742096581023,19,0.5724244683976227,83
10,0,word_index,0,L2,480,0.5285404379364111,97,0.529026280704133,423
10,0,word_index,0,L3,600,0.5424265021580457,116,0.5417146860099881,444
10,0,word_index,0,L4,77520,0.7795855648204641,6,0.7878109958646871,29
10,0,word_index,0,L5,77520,0.8311187942060425,3,0.8195489571328497,18
10,0,word_index,1,L1,120,0.5648656588253904,24,0.5637470905927282,108
10,0,word_index,1,L2,480,0.5306080943664837,100,0.5307436783946851,424
10,0,word_index,1,L3,600,0.5225408446884956,114,0.5213205884346823,441
10,0,word_index,1,L4,77520,0.7560108919169322,6,0.7732470115020451,40
10,0,word_index,1,L5,77520,0.7852800940049263,5,0.7845485051860891,40
10,0,word_length,0,L1,120,0.5573806463747217,16,0.5563252980575322,82
10,0,word_length,0,L2,480,0.536566251841635,106,0.5344973511802138,497
10,0,word_length,0,L3,600,0.5666123319018213,116,0.5661839231790018,523
10,0,word_length,0,L4,77520,0.5173923492471499,7,0.5153756935519263,29
10,0,word_length,0,L5,77520,0.5542354994096318,4,0.5451030793183077,24
10,0,word_length,1,L1,120,0.56663845438492,18,0.5709068681232563,104
10,0,word_length,1,L2,480,0.5002664493276072,107,0.4995350198008422,517
10,0,word_length,1,L3,600,0.5453225081763373,110,0.5452754877067595,520
10,0,word_length,1,L4,77520,0.5040751073634056,9,0.4951568916334912,34
10,0,word_length,1,L5,77520,0.5205453329571696,6,0.5141949573158626,26
10,0,word_part_speech,0,L1,120,0.4977926843251921,19,0.5000859993120055,104
10,0,word_part_speech,0,L2,480,0.533902839888392,102,0.5343328364484196,428
10,0,word_part_speech,0,L3,600,0.5121163475136643,106,0.5125750105110269,445
10,0,word_part_speech,0,L4,77520,0.5801704697473531,7,0.5795111416886443,24
10,0,word_part_speech,0,L5,77520,0.5972819439666706,3,0.5970836677751022,20
10,0,word_part_speech,1,L1,120,0.5004873294346979,20,0.5025035355272713,86
10,0,word_part_speech,1,L2,480,0.5546095631234951,95,0.5543802316248136,433
10,0,word_part_speech,1,L3,600,0.5339315063257272,104,0.5343519474066429,444
10,0,word_part_speech,1,L4,77520,0.5749627336314642,8,0.5712074303405573,32
10,0,word_part_speech,1,L5,77520,0.609429346787448,5,0.5886461797194511,28
10,1,delta_volume,0,L1,120,0.6474457436026039,19,0.6469755389068264,70
10,1,delta_volume,0,L2,480,0.6108690427677294,88,0.6143642310063425,422
10,1,delta_volume,0,L3,600,0.6326029487058922,96,0.6379423842512775,429
10,1,delta_volume,0,L4,77520,0.8214267055369215,8,0.8162805763664671,57
10,1,delta_volume,0,L5,77520,0.8502894371127342,3,0.8482544956793412,34
10,1,delta_volume,1,L1,120,0.6131939437635183,25,0.6115795743080155,87
10,1,delta_volume,1,L2,480,0.5374178447906545,96,0.5387396424354514,432
10,1,delta_volume,1,L3,600,0.5780957754720333,100,0.5802273700928916,430
10,1,delta_volume,1,L4,77520,0.7533201676018515,8,0.7519147780111386,56
10,1,delta_volume,1,L5,77520,0.7897401335381335,5,0.790946992257296,38
10,1,face_num,0,L1,120,0.513662058660648,13,0.5155846734167162,72
10,1,face_num,0,L2,480,0.5342047793695078,91,0.5333636354137279,446
10,1,face_num,0,L3,600,0.5237975821029643,101,0.52451856263649,454
10,1,face_num,0,L4,77520,0.5381022538478417,8,0.5403148281663062,26
10,1,face_num,0,L5,77520,0.4380113476066581,3,0.4614536639394794,18
10,1,face_num,1,L1,120,0.537992539418827,22,0.5379455189492492,75
10,1,face_num,1,L2,480,0.5392620920974265,93,0.5387082954557328,442
10,1,face_num,1,L3,600,0.5531488041127237,103,0.5527360688797635,453
10,1,face_num,1,L4,77520,0.5542041524299133,9,0.5556983584631621,28
10,1,face_num,1,L5,77520,0.5024450644180434,7,0.501718859387898,25
10,1,frame_brightness,0,L1,120,0.6618287827967775,17,0.6619332727291726,74
10,1,frame_brightness,0,L2,480,0.42669508792827815,97,0.42770341577589,406
10,1,frame_brightness,0,L3,600,0.5778449996342852,55,0.5733519325412997,246
10,1,frame_brightness,0,L4,77520,0.5133067928905051,9,0.5150556931339665,45
10,1,frame_brightness,0,L5,77520,0.5628467759631359,3,0.5116140559857059,27
10,1,frame_brightness,1,L1,120,0.7275163787969029,17,0.7251444573315362,72
10,1,frame_brightness,1,L2,480,0.4941799107655977,92,0.49410676781292123,409
10,1,frame_brightness,1,L3,600,0.7245854361932227,95,0.7262207036352047,353
10,1,frame_brightness,1,L4,77520,0.6652325423445451,9,0.6662643804269459,53
10,1,frame_brightness,1,L5,77520,0.8371054198927934,7,0.8313454123695183,39
10,1,global_flow,0,L1,120,0.5983093528938487,18,0.5973480455158146,75
10,1,global_flow,0,L2,480,0.5801855741199335,91,0.5839785586658726,414
10,1,global_flow,0,L3,600,0.579903451302467,99,0.5808647586805011,405
10,1,global_flow,0,L4,77520,0.5254485230348056,9,0.5305528562323021,56
10,1,global_flow,0,L5,77520,0.5979514748753958,3,0.5858593774489829,25
10,1,global_flow,1,L1,120,0.6577536754333719,17,0.6566669801364637,89
10,1,global_flow,1,L2,480,0.5992027418158261,102,0.5998662528865344,431
10,1,global_flow,1,L3,600,0.6378483433121218,97,0.6386058953219858,406
10,1,global_flow,1,L4,77520,0.617895990721294,9,0.6082437332163046,56
10,1,global_flow,1,L5,77520,0.6953622143506473,5,0.6812534612290106,23
10,1,gpt2_surprisal,0,L1,120,0.5503536984211572,26,0.5501708410394659,71
10,1,gpt2_surprisal,0,L2,480,0.5090488281454082,105,0.505553639906795,487
10,1,gpt2_surprisal,0,L3,600,0.4954285654577182,105,0.4934223587557339,492
10,1,gpt2_surprisal,0,L4,77520,0.6025568686457059,8,0.5994848646332926,26
10,1,gpt2_surprisal,0,L5,77520,0.6302884967033426,4,0.6170130507925561,22
10,1,gpt2_surprisal,1,L1,120,0.5441940169064711,15,0.54421491489295,73
10,1,gpt2_surprisal,1,L2,480,0.500752327513244,96,0.5021315946208582,457
10,1,gpt2_surprisal,1,L3,600,0.5345495961464113,97,0.5346122901058483,469
10,1,gpt2_surprisal,1,L4,77520,0.5959844518980596,7,0.5944327764019937,34
10,1,gpt2_surprisal,1,L5,77520,0.6246355913607724,6,0.6130372088649259,25
10,1,local_flow,0,L1,120,0.6521843620367178,33,0.6527486076716509,80
10,1,local_flow,0,L2,480,0.5665496379423842,91,0.567375108408305,452
10,1,local_flow,0,L3,600,0.6273105336300848,105,0.6273784520861414,387
10,1,local_flow,0,L4,77520,0.5546012141730144,9,0.5454008756256334,54
10,1,local_flow,0,L5,77520,0.5477114092557183,4,0.5518949249239835,37
10,1,local_flow,1,L1,120,0.6472628862209127,15,0.6470904778324609,70
10,1,local_flow,1,L2,480,0.5873274609991328,89,0.5886126871675914,423
10,1,local_flow,1,L3,600,0.6499012570138867,98,0.6487623167507811,414
10,1,local_flow,1,L4,77520,0.5412682987994106,9,0.5491912479232626,27
10,1,local_flow,1,L5,77520,0.6353562584245007,5,0.6373494038849357,25
10,1,onset,0,L1,120,0.793250995266606,17,0.7936689549961862,75
10,1,onset,0,L2,480,0.8500464980199158,75,0.8518385003604902,329
10,1,onset,0,L3,600,0.8476745765545489,68,0.8497330282227307,289
10,1,onset,0,L4,77520,0.9344952613815658,9,0.9306657053592886,49
10,1,onset,0,L5,77520,0.954421491489295,4,0.9691075514874141,37
10,1,onset,1,L1,120,0.8621203097081596,20,0.8624807999749224,72
10,1,onset,1,L2,480,0.8759965727302175,88,0.8758973072944422,338
10,1,onset,1,L3,600,0.8886137320669153,74,0.8901654075629812,299
10,1,onset,1,L4,77520,0.921355652382893,9,0.9221184288893765,55
10,1,onset,1,L5,77520,0.9715787383885564,5,0.9807895259291768,22
10,1,pitch,0,L1,120,0.5542146014231528,17,0.5553692151761178,68
10,1,pitch,0,L2,480,0.5420624222856127,98,0.5439954860349205,430
10,1,pitch,0,L3,600,0.5388389078712266,103,0.542940137717731,395
10,1,pitch,0,L4,77520,0.4081690229146422,9,0.3881539763643773,27
10,1,pitch,0,L5,77520,0.4290186827999123,3,0.4325830956187372,22
10,1,pitch,1,L1,120,0.6051220964860036,15,0.606412547151082,67
10,1,pitch,1,L2,480,0.5885499932081544,87,0.5872020730802587,420
10,1,pitch,1,L3,600,0.6446454134144175,96,0.6425294922834184,408
10,1,pitch,1,L4,77520,0.5318171844142816,9,0.5314096736779411,57
10,1,pitch,1,L5,77520,0.6137738628883107,7,0.6178489702517163,21
10,1,speech,0,L1,120,0.8255488333699048,17,0.8245823014952509,68
10,1,speech,0,L2,480,0.8865134844257756,66,0.88830548676635,268
10,1,speech,0,L3,600,0.8991463172523328,49,0.8981745608810592,243
10,1,speech,0,L4,77520,0.8556262604098095,8,0.8626989227087971,22
10,1,speech,0,L5,77520,0.912906335224601,3,0.9470967472284046,21
10,1,speech,1,L1,120,0.8687763184017219,21,0.8680762358546754,77
10,1,speech,1,L2,480,0.9206503453392265,75,0.9215541832544435,335
10,1,speech,1,L3,600,0.9098878823025401,62,0.9104573524340929,293
10,1,speech,1,L4,77520,0.8869941381147927,9,0.8965353750666124,29
10,1,speech,1,L5,77520,0.9809619343176286,4,0.9849221027553996,40
10,1,volume,0,L1,120,0.6863943659028453,19,0.686441386372423,72
10,1,volume,0,L2,480,0.623177956803862,88,0.626406695714868,370
10,1,volume,0,L3,600,0.7058033708452192,76,0.7064094124531102,309
10,1,volume,0,L4,77520,0.6296001692736903,8,0.6479734177611987,43
10,1,volume,0,L5,77520,0.7550599249762285,3,0.804609050917944,19
10,1,volume,1,L1,120,0.7066027188280408,18,0.706644514800999,77
10,1,volume,1,L2,480,0.7055212480277525,83,0.7062108815815595,352
10,1,volume,1,L3,600,0.6908195145397741,72,0.6974337272603786,318
10,1,volume,1,L4,77520,0.7003725066089883,9,0.696587358807979,56
10,1,volume,1,L5,77520,0.8078273408357104,7,0.8095017920023406,21
10,1,word_gap,0,L1,120,0.4397458804844153,19,0.4426611495982362,71
10,1,word_gap,0,L2,480,0.4424521697334462,90,0.443021639864999,461
10,1,word_gap,0,L3,600,0.4055358766182878,112,0.4054052642027941,492
10,1,word_gap,0,L4,77520,0.5042527402484771,9,0.49596146411293274,46
10,1,word_gap,0,L5,77520,0.5222459066068983,5,0.5186357794426507,23
10,1,word_gap,1,L1,120,0.5420676467822325,15,0.541618340072934,72
10,1,word_gap,1,L2,480,0.5621506117885542,97,0.5598884047522021,431
10,1,word_gap,1,L3,600,0.5550139494059747,100,0.5524487215656773,444
10,1,word_gap,1,L4,77520,0.571941318453967,9,0.5677303741784478,30
10,1,word_gap,1,L5,77520,0.6282927389945978,9,0.6253095514247202,32
10,1,word_head_pos,0,L1,120,0.5142472022820601,16,0.5172094918654588,70
10,1,word_head_pos,0,L2,480,0.5089182157299144,89,0.5107990345130247,497
10,1,word_head_pos,0,L3,600,0.5105325851854174,108,0.5100362580065411,506
10,1,word_head_pos,0,L4,77520,0.5095608288141438,8,0.5086517664023071,29
10,1,word_head_pos,0,L5,77520,0.5564820329561246,4,0.5487393289656541,23
10,1,word_head_pos,1,L1,120,0.5239699904914161,16,0.5254119515584674,88
10,1,word_head_pos,1,L2,480,0.5018912677763497,104,0.5016822879115597,494
10,1,word_head_pos,1,L3,600,0.522799703248592,97,0.5241685213629667,510
10,1,word_head_pos,1,L4,77520,0.5378567025067135,9,0.5365714763382549,28
10,1,word_head_pos,1,L5,77520,0.5860213368441951,5,0.5654263711691379,25
10,1,word_index,0,L1,120,0.577701804368471,15,0.577673314339981,67
10,1,word_index,0,L2,480,0.5348622981956315,90,0.5345584045584046,421
10,1,word_index,0,L3,600,0.5444539411206077,98,0.5444919278252611,431
10,1,word_index,0,L4,77520,0.7597910731244065,6,0.7678822412155746,33
10,1,word_index,0,L5,77520,0.7972934472934472,4,0.782326685660019,21
10,1,word_index,1,L1,120,0.5839221272554606,18,0.5828300094966761,71
10,1,word_index,1,L2,480,0.5339411206077873,82,0.5333428300094967,416
10,1,word_index,1,L3,600,0.5350712250712251,102,0.5335232668566001,421
10,1,word_index,1,L4,77520,0.741358024691358,6,0.7511870845204178,31
10,1,word_index,1,L5,77520,0.7891547958214624,4,0.779002849002849,22
10,1,word_length,0,L1,120,0.5079673573451198,22,0.5091533180778032,69
10,1,word_length,0,L2,480,0.5107102180704889,97,0.5119693217558487,476
10,1,word_length,0,L3,600,0.5161802660313679,102,0.5156682653626323,494
10,1,word_length,0,L4,77520,0.5691801719904288,6,0.5768418962832931,30
10,1,word_length,0,L5,77520,0.6110963083706884,3,0.608632958214476,21
10,1,word_length,1,L1,120,0.5148584683865709,26,0.5164623888488344,87
10,1,word_length,1,L2,480,0.532167225687805,105,0.5323187360897778,457
10,1,word_length,1,L3,600,0.5433006279844936,107,0.5407145021577171,485
10,1,word_length,1,L4,77520,0.6083560598936293,7,0.5997199669811814,34
10,1,word_length,1,L5,77520,0.6303982111323574,4,0.6272008192010698,24
10,1,word_part_speech,0,L1,120,0.5144754711981185,16,0.5136639173208785,67
10,1,word_part_speech,0,L2,480,0.5585064096193977,96,0.5567093974626519,430
10,1,word_part_speech,0,L3,600,0.5418529928119513,98,0.5380270959621054,437
10,1,word_part_speech,0,L4,77520,0.5828364636125742,7,0.5805508628970817,24
10,1,word_part_speech,0,L5,77520,0.618033472456855,2,0.616259233495644,21
10,1,word_part_speech,1,L1,120,0.5382010003643711,15,0.5375964755374474,75
10,1,word_part_speech,1,L2,480,0.5258289443174666,92,0.5279157971446553,428
10,1,word_part_speech,1,L3,600,0.5266073735466561,108,0.527924078306668,432
10,1,word_part_speech,1,L4,77520,0.5493391632713902,7,0.5494219748915168,26
10,1,word_part_speech,1,L5,77520,0.5909478618039683,3,0.5800953989863857,21
